family,anchor,issue,end,lag_hours,fit_id,y,outcome,feature_status,train_n,train_positives,forecast_status,p0,p1,p2
downside,2018-01-08 09:00:00,2018-01-08 16:00:00,2018-01-09 11:00:00,1,downside|1|2018-01-01,0.0,upper_first,price_unknown,60,12,features_unavailable,,,
downside,2018-01-10 08:00:00,2018-01-10 15:00:00,2018-01-11 10:00:00,1,downside|1|2018-01-01,0.0,upper_first,price_unknown,60,12,features_unavailable,,,
downside,2018-01-16 01:00:00,2018-01-16 08:00:00,2018-01-17 03:00:00,1,downside|1|2018-01-01,1.0,lower_first,ok,60,12,insufficient_training,,,
downside,2018-01-17 14:00:00,2018-01-17 21:00:00,2018-01-18 16:00:00,1,downside|1|2018-01-01,1.0,lower_first,ok,60,12,insufficient_training,,,
downside,2018-01-22 13:00:00,2018-01-22 20:00:00,2018-01-23 15:00:00,1,downside|1|2018-01-01,0.0,upper_first,ok,60,12,insufficient_training,,,
downside,2018-01-30 13:00:00,2018-01-30 20:00:00,2018-01-31 15:00:00,1,downside|1|2018-01-01,0.0,upper_first,ok,60,12,insufficient_training,,,
downside,2018-02-05 14:00:00,2018-02-05 21:00:00,2018-02-06 16:00:00,1,downside|1|2018-01-01,1.0,lower_first,price_unknown,60,12,features_unavailable,,,
downside,2018-02-22 10:00:00,2018-02-22 17:00:00,2018-02-23 12:00:00,1,downside|1|2018-01-01,0.0,upper_first,price_unknown,60,12,features_unavailable,,,
downside,2018-02-24 20:00:00,2018-02-25 03:00:00,2018-02-25 22:00:00,1,downside|1|2018-01-01,0.0,neither,price_unknown,60,12,features_unavailable,,,
downside,2018-03-06 10:00:00,2018-03-06 17:00:00,2018-03-07 12:00:00,1,downside|1|2018-01-01,0.0,neither,ok,60,12,insufficient_training,,,
downside,2018-03-07 16:00:00,2018-03-07 23:00:00,2018-03-08 18:00:00,1,downside|1|2018-01-01,1.0,lower_first,ok,60,12,insufficient_training,,,
downside,2018-03-08 17:00:00,2018-03-09 00:00:00,2018-03-09 19:00:00,1,downside|1|2018-01-01,1.0,lower_first,ok,60,12,insufficient_training,,,
downside,2018-03-14 16:00:00,2018-03-14 23:00:00,2018-03-15 18:00:00,1,downside|1|2018-01-01,1.0,lower_first,ok,60,12,insufficient_training,,,
downside,2018-03-18 02:00:00,2018-03-18 09:00:00,2018-03-19 04:00:00,1,downside|1|2018-01-01,1.0,lower_first,ok,60,12,insufficient_training,,,
downside,2018-03-23 12:00:00,2018-03-23 19:00:00,2018-03-24 14:00:00,1,downside|1|2018-01-01,0.0,upper_first,ok,60,12,insufficient_training,,,
downside,2018-03-26 10:00:00,2018-03-26 17:00:00,2018-03-27 12:00:00,1,downside|1|2018-01-01,0.0,upper_first,ok,60,12,insufficient_training,,,
downside,2018-03-29 04:00:00,2018-03-29 11:00:00,2018-03-30 06:00:00,1,downside|1|2018-01-01,1.0,lower_first,ok,60,12,insufficient_training,,,
downside,2018-04-01 13:00:00,2018-04-01 20:00:00,2018-04-02 15:00:00,1,downside|1|2018-04-01,0.0,upper_first,ok,72,19,insufficient_training,,,
downside,2018-04-05 00:00:00,2018-04-05 07:00:00,2018-04-06 02:00:00,1,downside|1|2018-04-01,0.0,neither,ok,72,19,insufficient_training,,,
downside,2018-04-06 10:00:00,2018-04-06 17:00:00,2018-04-07 12:00:00,1,downside|1|2018-04-01,0.0,upper_first,ok,72,19,insufficient_training,,,
downside,2018-04-17 19:00:00,2018-04-18 02:00:00,2018-04-18 21:00:00,1,downside|1|2018-04-01,0.0,upper_first,ok,72,19,insufficient_training,,,
downside,2018-04-25 14:00:00,2018-04-25 21:00:00,2018-04-26 16:00:00,1,downside|1|2018-04-01,1.0,lower_first,ok,72,19,insufficient_training,,,
downside,2018-05-07 01:00:00,2018-05-07 08:00:00,2018-05-08 03:00:00,1,downside|1|2018-04-01,0.0,neither,ok,72,19,insufficient_training,,,
downside,2018-05-08 12:00:00,2018-05-08 19:00:00,2018-05-09 14:00:00,1,downside|1|2018-04-01,0.0,neither,ok,72,19,insufficient_training,,,
downside,2018-05-16 02:00:00,2018-05-16 09:00:00,2018-05-17 04:00:00,1,downside|1|2018-04-01,0.0,upper_first,price_unknown,72,19,features_unavailable,,,
downside,2018-05-17 22:00:00,2018-05-18 05:00:00,2018-05-19 00:00:00,1,downside|1|2018-04-01,0.0,neither,price_unknown,72,19,features_unavailable,,,
downside,2018-05-22 12:00:00,2018-05-22 19:00:00,2018-05-23 14:00:00,1,downside|1|2018-04-01,0.0,neither,price_unknown,72,19,features_unavailable,,,
downside,2018-05-23 15:00:00,2018-05-23 22:00:00,2018-05-24 17:00:00,1,downside|1|2018-04-01,0.0,neither,price_unknown,72,19,features_unavailable,,,
downside,2018-05-27 00:00:00,2018-05-27 07:00:00,2018-05-28 02:00:00,1,downside|1|2018-04-01,0.0,neither,price_unknown,72,19,features_unavailable,,,
downside,2018-05-28 05:00:00,2018-05-28 12:00:00,2018-05-29 07:00:00,1,downside|1|2018-04-01,0.0,neither,price_unknown,72,19,features_unavailable,,,
downside,2018-06-09 23:00:00,2018-06-10 06:00:00,2018-06-11 01:00:00,1,downside|1|2018-04-01,1.0,lower_first,price_unknown,72,19,features_unavailable,,,
downside,2018-06-12 19:00:00,2018-06-13 02:00:00,2018-06-13 21:00:00,1,downside|1|2018-04-01,1.0,lower_first,price_unknown,72,19,features_unavailable,,,
downside,2018-06-22 07:00:00,2018-06-22 14:00:00,2018-06-23 09:00:00,1,downside|1|2018-04-01,0.0,neither,price_unknown,72,19,features_unavailable,,,
downside,2018-06-24 04:00:00,2018-06-24 11:00:00,2018-06-25 06:00:00,1,downside|1|2018-04-01,0.0,upper_first,price_unknown,72,19,features_unavailable,,,
downside,2018-06-28 21:00:00,2018-06-29 04:00:00,2018-06-29 23:00:00,1,downside|1|2018-04-01,0.0,upper_first,price_unknown,72,19,features_unavailable,,,
downside,2018-07-10 09:00:00,2018-07-10 16:00:00,2018-07-11 11:00:00,1,downside|1|2018-07-01,0.0,neither,ok,79,20,insufficient_training,,,
downside,2018-07-12 06:00:00,2018-07-12 13:00:00,2018-07-13 08:00:00,1,downside|1|2018-07-01,0.0,neither,ok,79,20,insufficient_training,,,
downside,2018-07-27 12:00:00,2018-07-27 19:00:00,2018-07-28 14:00:00,1,downside|1|2018-07-01,0.0,neither,ok,79,20,insufficient_training,,,
downside,2018-07-30 17:00:00,2018-07-31 00:00:00,2018-07-31 19:00:00,1,downside|1|2018-07-01,1.0,lower_first,ok,79,20,insufficient_training,,,
downside,2018-08-01 01:00:00,2018-08-01 08:00:00,2018-08-02 03:00:00,1,downside|1|2018-07-01,0.0,neither,ok,79,20,insufficient_training,,,
downside,2018-08-03 00:00:00,2018-08-03 07:00:00,2018-08-04 02:00:00,1,downside|1|2018-07-01,0.0,neither,ok,79,20,insufficient_training,,,
downside,2018-08-04 12:00:00,2018-08-04 19:00:00,2018-08-05 14:00:00,1,downside|1|2018-07-01,0.0,neither,ok,79,20,insufficient_training,,,
downside,2018-08-06 21:00:00,2018-08-07 04:00:00,2018-08-07 23:00:00,1,downside|1|2018-07-01,0.0,neither,ok,79,20,insufficient_training,,,
downside,2018-08-08 00:00:00,2018-08-08 07:00:00,2018-08-09 02:00:00,1,downside|1|2018-07-01,1.0,lower_first,ok,79,20,insufficient_training,,,
downside,2018-08-14 02:00:00,2018-08-14 09:00:00,2018-08-15 04:00:00,1,downside|1|2018-07-01,0.0,upper_first,price_unknown,79,20,features_unavailable,,,
downside,2018-08-20 22:00:00,2018-08-21 05:00:00,2018-08-22 00:00:00,1,downside|1|2018-07-01,0.0,neither,price_unknown,79,20,features_unavailable,,,
downside,2018-09-05 09:00:00,2018-09-05 16:00:00,2018-09-06 11:00:00,1,downside|1|2018-07-01,1.0,lower_first,price_unknown,79,20,features_unavailable,,,
downside,2018-09-08 17:00:00,2018-09-09 00:00:00,2018-09-09 19:00:00,1,downside|1|2018-07-01,0.0,upper_first,price_unknown,79,20,features_unavailable,,,
downside,2018-09-17 15:00:00,2018-09-17 22:00:00,2018-09-18 17:00:00,1,downside|1|2018-07-01,0.0,neither,ok,79,20,insufficient_training,,,
downside,2018-09-19 18:00:00,2018-09-20 01:00:00,2018-09-20 20:00:00,1,downside|1|2018-07-01,0.0,neither,ok,79,20,insufficient_training,,,
downside,2018-09-24 09:00:00,2018-09-24 16:00:00,2018-09-25 11:00:00,1,downside|1|2018-07-01,0.0,neither,ok,79,20,insufficient_training,,,
downside,2018-09-25 18:00:00,2018-09-26 01:00:00,2018-09-26 20:00:00,1,downside|1|2018-07-01,0.0,neither,ok,79,20,insufficient_training,,,
downside,2018-10-03 03:00:00,2018-10-03 10:00:00,2018-10-04 05:00:00,1,downside|1|2018-10-01,0.0,neither,ok,92,22,ok,0.24468085106382978,0.10236011438665181,0.06531567639325885
downside,2018-10-10 05:00:00,2018-10-10 12:00:00,2018-10-11 07:00:00,1,downside|1|2018-10-01,1.0,lower_first,ok,92,22,ok,0.24468085106382978,0.06116689553230691,0.03663465236938088
downside,2018-10-23 10:00:00,2018-10-23 17:00:00,2018-10-24 12:00:00,1,downside|1|2018-10-01,0.0,neither,ok,92,22,ok,0.24468085106382978,0.024280825623242797,0.028539737849353222
downside,2018-10-29 11:00:00,2018-10-29 18:00:00,2018-10-30 13:00:00,1,downside|1|2018-10-01,0.0,neither,ok,92,22,ok,0.24468085106382978,0.20842935069113228,0.2043426970564072
downside,2018-11-09 09:00:00,2018-11-09 16:00:00,2018-11-10 11:00:00,1,downside|1|2018-10-01,0.0,neither,ok,92,22,ok,0.24468085106382978,0.0713657123922172,0.034798036059278996
downside,2018-11-14 10:00:00,2018-11-14 17:00:00,2018-11-15 12:00:00,1,downside|1|2018-10-01,1.0,lower_first,ok,92,22,ok,0.24468085106382978,0.19645468994271104,0.5609257998011203
downside,2018-11-15 14:00:00,2018-11-15 21:00:00,2018-11-16 16:00:00,1,downside|1|2018-10-01,0.0,neither,ok,92,22,ok,0.24468085106382978,0.3033853854339684,0.6128805050022739
downside,2018-11-19 08:00:00,2018-11-19 15:00:00,2018-11-20 10:00:00,1,downside|1|2018-10-01,1.0,lower_first,ok,92,22,ok,0.24468085106382978,0.25434043800795075,0.5040161733553723
downside,2018-11-24 21:00:00,2018-11-25 04:00:00,2018-11-25 23:00:00,1,downside|1|2018-10-01,0.0,upper_first,ok,92,22,ok,0.24468085106382978,0.5696234268778521,0.7215270304051276
downside,2018-12-03 15:00:00,2018-12-03 22:00:00,2018-12-04 17:00:00,1,downside|1|2018-10-01,0.0,upper_first,ok,92,22,ok,0.24468085106382978,0.33070617827781323,0.3193591354930954
downside,2018-12-05 16:00:00,2018-12-05 23:00:00,2018-12-06 18:00:00,1,downside|1|2018-10-01,0.0,upper_first,ok,92,22,ok,0.24468085106382978,0.3296776114555784,0.27380597672393503
downside,2018-12-06 23:00:00,2018-12-07 06:00:00,2018-12-08 01:00:00,1,downside|1|2018-10-01,0.0,upper_first,ok,92,22,ok,0.24468085106382978,0.43510032690419476,0.5814758101067923
downside,2018-12-13 20:00:00,2018-12-14 03:00:00,2018-12-14 22:00:00,1,downside|1|2018-10-01,0.0,neither,ok,92,22,ok,0.24468085106382978,0.22941591149864166,0.28257243259764214
downside,2018-12-25 03:00:00,2018-12-25 10:00:00,2018-12-26 05:00:00,1,downside|1|2018-10-01,,censored,ok,92,22,ok,0.24468085106382978,0.3946029861899129,0.19508988614406678
downside,2019-01-10 06:00:00,2019-01-10 13:00:00,2019-01-11 08:00:00,1,downside|1|2019-01-01,1.0,lower_first,price_unknown,105,25,features_unavailable,,,
downside,2019-01-13 16:00:00,2019-01-13 23:00:00,2019-01-14 18:00:00,1,downside|1|2019-01-01,0.0,upper_first,price_unknown,105,25,features_unavailable,,,
downside,2019-01-20 12:00:00,2019-01-20 19:00:00,2019-01-21 14:00:00,1,downside|1|2019-01-01,0.0,neither,price_unknown,105,25,features_unavailable,,,
downside,2019-01-28 03:00:00,2019-01-28 10:00:00,2019-01-29 05:00:00,1,downside|1|2019-01-01,0.0,neither,ok,105,25,ok,0.24299065420560748,0.14129171232045978,0.21345576146132514
downside,2019-01-29 07:00:00,2019-01-29 14:00:00,2019-01-30 09:00:00,1,downside|1|2019-01-01,0.0,neither,ok,105,25,ok,0.24299065420560748,0.09759188723767626,0.07422155417861233
downside,2019-02-06 01:00:00,2019-02-06 08:00:00,2019-02-07 03:00:00,1,downside|1|2019-01-01,0.0,neither,ok,105,25,ok,0.24299065420560748,0.0632622948785933,0.04578887771350664
downside,2019-02-12 00:00:00,2019-02-12 07:00:00,2019-02-13 02:00:00,1,downside|1|2019-01-01,0.0,neither,ok,105,25,ok,0.24299065420560748,0.09034058550710697,0.07335432848501702
downside,2019-02-24 14:00:00,2019-02-24 21:00:00,2019-02-25 16:00:00,1,downside|1|2019-01-01,0.0,neither,ok,105,25,ok,0.24299065420560748,0.29588555648995946,0.2861811432335353
downside,2019-02-27 20:00:00,2019-02-28 03:00:00,2019-02-28 22:00:00,1,downside|1|2019-01-01,0.0,neither,ok,105,25,ok,0.24299065420560748,0.09069912255473195,0.09756041502046825
downside,2019-03-04 04:00:00,2019-03-04 11:00:00,2019-03-05 06:00:00,1,downside|1|2019-01-01,0.0,neither,ok,105,25,ok,0.24299065420560748,0.20311710666316993,0.17500159526243556
downside,2019-03-12 02:00:00,2019-03-12 09:00:00,2019-03-13 04:00:00,1,downside|1|2019-01-01,0.0,neither,ok,105,25,ok,0.24299065420560748,0.0899701309169418,0.07939572638038381
downside,2019-03-21 14:00:00,2019-03-21 21:00:00,2019-03-22 16:00:00,1,downside|1|2019-01-01,0.0,neither,ok,105,25,ok,0.24299065420560748,0.07482528521530774,0.09274841951242682
downside,2019-03-25 18:00:00,2019-03-26 01:00:00,2019-03-26 20:00:00,1,downside|1|2019-01-01,0.0,neither,ok,105,25,ok,0.24299065420560748,0.07956618585099466,0.10797792229604579
downside,2019-04-11 09:00:00,2019-04-11 16:00:00,2019-04-12 11:00:00,1,downside|1|2019-04-01,0.0,neither,price_unknown,115,25,features_unavailable,,,
downside,2019-04-25 22:00:00,2019-04-26 05:00:00,2019-04-27 00:00:00,1,downside|1|2019-04-01,0.0,neither,price_unknown,115,25,features_unavailable,,,
downside,2019-05-17 02:00:00,2019-05-17 09:00:00,2019-05-18 04:00:00,1,downside|1|2019-04-01,1.0,lower_first,ok,115,25,ok,0.2222222222222222,0.39776167866503187,0.44609284074861266
downside,2019-05-30 21:00:00,2019-05-31 04:00:00,2019-05-31 23:00:00,1,downside|1|2019-04-01,0.0,upper_first,ok,115,25,ok,0.2222222222222222,0.2729503030537966,0.2746554797469626
downside,2019-06-03 23:00:00,2019-06-04 06:00:00,2019-06-05 01:00:00,1,downside|1|2019-04-01,1.0,lower_first,ok,115,25,ok,0.2222222222222222,0.3339270308093215,0.4677220212371132
downside,2019-06-09 22:00:00,2019-06-10 05:00:00,2019-06-11 00:00:00,1,downside|1|2019-04-01,0.0,upper_first,ok,115,25,ok,0.2222222222222222,0.2007167332408434,0.1607025228358275
downside,2019-07-01 14:00:00,2019-07-01 21:00:00,2019-07-02 16:00:00,1,downside|1|2019-07-01,1.0,lower_first,price_unknown,119,27,features_unavailable,,,
downside,2019-07-11 04:00:00,2019-07-11 11:00:00,2019-07-12 06:00:00,1,downside|1|2019-07-01,1.0,lower_first,price_unknown,119,27,features_unavailable,,,
downside,2019-07-13 20:00:00,2019-07-14 03:00:00,2019-07-14 22:00:00,1,downside|1|2019-07-01,1.0,lower_first,price_unknown,119,27,features_unavailable,,,
downside,2019-07-14 23:00:00,2019-07-15 06:00:00,2019-07-16 01:00:00,1,downside|1|2019-07-01,0.0,upper_first,price_unknown,119,27,features_unavailable,,,
downside,2019-07-16 17:00:00,2019-07-17 00:00:00,2019-07-17 19:00:00,1,downside|1|2019-07-01,0.0,upper_first,price_unknown,119,27,features_unavailable,,,
downside,2019-07-22 14:00:00,2019-07-22 21:00:00,2019-07-23 16:00:00,1,downside|1|2019-07-01,0.0,neither,ok,119,27,ok,0.23140495867768596,0.18375778568944973,0.23585412654501736
downside,2019-07-23 23:00:00,2019-07-24 06:00:00,2019-07-25 01:00:00,1,downside|1|2019-07-01,0.0,upper_first,ok,119,27,ok,0.23140495867768596,0.2656190099994508,0.25006005254556996
downside,2019-07-27 10:00:00,2019-07-27 17:00:00,2019-07-28 12:00:00,1,downside|1|2019-07-01,0.0,neither,ok,119,27,ok,0.23140495867768596,0.26073053698351445,0.26042368323716547
downside,2019-08-10 11:00:00,2019-08-10 18:00:00,2019-08-11 13:00:00,1,downside|1|2019-07-01,0.0,neither,ok,119,27,ok,0.23140495867768596,0.2312292003100179,0.17631027393393087
downside,2019-08-13 14:00:00,2019-08-13 21:00:00,2019-08-14 16:00:00,1,downside|1|2019-07-01,0.0,neither,ok,119,27,ok,0.23140495867768596,0.20593055134885124,0.2067815690551798
downside,2019-08-14 16:00:00,2019-08-14 23:00:00,2019-08-15 18:00:00,1,downside|1|2019-07-01,1.0,lower_first,ok,119,27,ok,0.23140495867768596,0.22399417432255467,0.31755874149369184
downside,2019-08-21 12:00:00,2019-08-21 19:00:00,2019-08-22 14:00:00,1,downside|1|2019-07-01,0.0,neither,ok,119,27,ok,0.23140495867768596,0.23154645510569907,0.21856150411830708
downside,2019-08-28 18:00:00,2019-08-29 01:00:00,2019-08-29 20:00:00,1,downside|1|2019-07-01,0.0,neither,ok,119,27,ok,0.23140495867768596,0.23803053955502032,0.24619625267481113
downside,2019-09-09 07:00:00,2019-09-09 14:00:00,2019-09-10 09:00:00,1,downside|1|2019-07-01,0.0,neither,ok,119,27,ok,0.23140495867768596,0.15112081874262343,0.2287135094169658
downside,2019-09-10 19:00:00,2019-09-11 02:00:00,2019-09-11 21:00:00,1,downside|1|2019-07-01,0.0,neither,ok,119,27,ok,0.23140495867768596,0.13049007494886983,0.14972791451618833
downside,2019-09-16 12:00:00,2019-09-16 19:00:00,2019-09-17 14:00:00,1,downside|1|2019-07-01,0.0,neither,ok,119,27,ok,0.23140495867768596,0.10244211740350295,0.11792731064901432
downside,2019-09-19 03:00:00,2019-09-19 10:00:00,2019-09-20 05:00:00,1,downside|1|2019-07-01,0.0,upper_first,ok,119,27,ok,0.23140495867768596,0.14049777050696705,0.09060667682474569
downside,2019-09-24 14:00:00,2019-09-24 21:00:00,2019-09-25 16:00:00,1,downside|1|2019-07-01,0.0,neither,ok,119,27,ok,0.23140495867768596,0.7078793873031796,0.8223548243100142
downside,2019-09-26 15:00:00,2019-09-26 22:00:00,2019-09-27 17:00:00,1,downside|1|2019-07-01,0.0,neither,ok,119,27,ok,0.23140495867768596,0.32748000446397485,0.4397802166748908
downside,2019-09-30 04:00:00,2019-09-30 11:00:00,2019-10-01 06:00:00,1,downside|1|2019-07-01,0.0,upper_first,ok,119,27,ok,0.23140495867768596,0.09485762561821773,0.10335792518863024
downside,2019-10-06 06:00:00,2019-10-06 13:00:00,2019-10-07 08:00:00,1,downside|1|2019-10-01,0.0,neither,ok,133,28,ok,0.21481481481481482,0.10096367606294024,0.06734318504901991
downside,2019-10-16 11:00:00,2019-10-16 18:00:00,2019-10-17 13:00:00,1,downside|1|2019-10-01,0.0,neither,ok,133,28,ok,0.21481481481481482,0.12959578948740794,0.21443109110772607
downside,2019-10-18 05:00:00,2019-10-18 12:00:00,2019-10-19 07:00:00,1,downside|1|2019-10-01,0.0,neither,ok,133,28,ok,0.21481481481481482,0.09628854547702058,0.08626379245969949
downside,2019-10-23 12:00:00,2019-10-23 19:00:00,2019-10-24 14:00:00,1,downside|1|2019-10-01,0.0,neither,ok,133,28,ok,0.21481481481481482,0.21854788166736117,0.30661452055587124
downside,2019-11-08 08:00:00,2019-11-08 15:00:00,2019-11-09 10:00:00,1,downside|1|2019-10-01,0.0,neither,price_unknown,133,28,features_unavailable,,,
downside,2019-11-11 09:00:00,2019-11-11 16:00:00,2019-11-12 11:00:00,1,downside|1|2019-10-01,0.0,neither,price_unknown,133,28,features_unavailable,,,
downside,2019-11-15 01:00:00,2019-11-15 08:00:00,2019-11-16 03:00:00,1,downside|1|2019-10-01,0.0,neither,price_unknown,133,28,features_unavailable,,,
downside,2019-11-18 17:00:00,2019-11-19 00:00:00,2019-11-19 19:00:00,1,downside|1|2019-10-01,0.0,neither,price_unknown,133,28,features_unavailable,,,
downside,2019-11-21 08:00:00,2019-11-21 15:00:00,2019-11-22 10:00:00,1,downside|1|2019-10-01,0.0,neither,price_unknown,133,28,features_unavailable,,,
downside,2019-11-22 10:00:00,2019-11-22 17:00:00,2019-11-23 12:00:00,1,downside|1|2019-10-01,0.0,upper_first,price_unknown,133,28,features_unavailable,,,
downside,2019-11-25 01:00:00,2019-11-25 08:00:00,2019-11-26 03:00:00,1,downside|1|2019-10-01,0.0,upper_first,price_unknown,133,28,features_unavailable,,,
downside,2019-12-01 02:00:00,2019-12-01 09:00:00,2019-12-02 04:00:00,1,downside|1|2019-10-01,0.0,neither,ok,133,28,ok,0.21481481481481482,0.20522908388058725,0.16132762221695426
downside,2019-12-04 00:00:00,2019-12-04 07:00:00,2019-12-05 02:00:00,1,downside|1|2019-10-01,0.0,upper_first,ok,133,28,ok,0.21481481481481482,0.13071787616679376,0.0810096319313939
downside,2019-12-09 19:00:00,2019-12-10 02:00:00,2019-12-10 21:00:00,1,downside|1|2019-10-01,0.0,neither,ok,133,28,ok,0.21481481481481482,0.10656882899463098,0.11715048212881685
downside,2019-12-14 15:00:00,2019-12-14 22:00:00,2019-12-15 17:00:00,1,downside|1|2019-10-01,0.0,neither,ok,133,28,ok,0.21481481481481482,0.08230508074659258,0.05517310019167511
downside,2019-12-16 18:00:00,2019-12-17 01:00:00,2019-12-17 20:00:00,1,downside|1|2019-10-01,0.0,neither,ok,133,28,ok,0.21481481481481482,0.12294342527128338,0.18215808379152126
downside,2019-12-17 19:00:00,2019-12-18 02:00:00,2019-12-18 21:00:00,1,downside|1|2019-10-01,0.0,upper_first,ok,133,28,ok,0.21481481481481482,0.13240927779018635,0.1943132842644158
downside,2019-12-25 16:00:00,2019-12-25 23:00:00,2019-12-26 18:00:00,1,downside|1|2019-10-01,0.0,neither,ok,133,28,ok,0.21481481481481482,0.14862260342927966,0.09520701866192098
downside,2019-12-27 11:00:00,2019-12-27 18:00:00,2019-12-28 13:00:00,1,downside|1|2019-10-01,0.0,neither,ok,133,28,ok,0.21481481481481482,0.11820958019195796,0.1918746061421163
downside,2019-12-31 15:00:00,2019-12-31 22:00:00,2020-01-01 17:00:00,1,downside|1|2019-10-01,0.0,neither,ok,133,28,ok,0.21481481481481482,0.0961526153990626,0.09978931421218795
downside,2020-01-02 03:00:00,2020-01-02 10:00:00,2020-01-03 05:00:00,1,downside|1|2020-01-01,0.0,neither,ok,146,28,ok,0.19594594594594594,0.06439916758055785,0.043810063810404754
downside,2020-01-10 08:00:00,2020-01-10 15:00:00,2020-01-11 10:00:00,1,downside|1|2020-01-01,0.0,neither,ok,146,28,ok,0.19594594594594594,0.17487931423990127,0.1497935675577857
downside,2020-01-23 09:00:00,2020-01-23 16:00:00,2020-01-24 11:00:00,1,downside|1|2020-01-01,0.0,neither,ok,146,28,ok,0.19594594594594594,0.1913312534780733,0.21740736661029314
downside,2020-02-15 15:00:00,2020-02-15 22:00:00,2020-02-16 17:00:00,1,downside|1|2020-01-01,0.0,neither,price_unknown,146,28,features_unavailable,,,
downside,2020-02-16 16:00:00,2020-02-16 23:00:00,2020-02-17 18:00:00,1,downside|1|2020-01-01,0.0,neither,price_unknown,146,28,features_unavailable,,,
downside,2020-02-25 14:00:00,2020-02-25 21:00:00,2020-02-26 16:00:00,1,downside|1|2020-01-01,0.0,neither,price_unknown,146,28,features_unavailable,,,
downside,2020-02-26 16:00:00,2020-02-26 23:00:00,2020-02-27 18:00:00,1,downside|1|2020-01-01,0.0,neither,price_unknown,146,28,features_unavailable,,,
downside,2020-02-28 12:00:00,2020-02-28 19:00:00,2020-02-29 14:00:00,1,downside|1|2020-01-01,0.0,neither,price_unknown,146,28,features_unavailable,,,
downside,2020-03-08 12:00:00,2020-03-08 19:00:00,2020-03-09 14:00:00,1,downside|1|2020-01-01,1.0,lower_first,ok,146,28,ok,0.19594594594594594,0.23075044339532438,0.3121482667574719
downside,2020-03-12 06:00:00,2020-03-12 13:00:00,2020-03-13 08:00:00,1,downside|1|2020-01-01,0.0,upper_first,ok,146,28,ok,0.19594594594594594,0.5718649627696991,0.6101178845578163
downside,2020-03-16 07:00:00,2020-03-16 14:00:00,2020-03-17 09:00:00,1,downside|1|2020-01-01,0.0,upper_first,ok,146,28,ok,0.19594594594594594,0.47264941792433596,0.5217352639253757
downside,2020-03-27 23:00:00,2020-03-28 06:00:00,2020-03-29 01:00:00,1,downside|1|2020-01-01,0.0,neither,ok,146,28,ok,0.19594594594594594,0.24850889497223091,0.1982340649042375
downside,2020-03-29 19:00:00,2020-03-30 02:00:00,2020-03-30 21:00:00,1,downside|1|2020-01-01,0.0,upper_first,ok,146,28,ok,0.19594594594594594,0.20539493522320593,0.16295643237158225
downside,2020-04-10 05:00:00,2020-04-10 12:00:00,2020-04-11 07:00:00,1,downside|1|2020-04-01,0.0,neither,ok,155,29,ok,0.1910828025477707,0.19037383439485492,0.13149131181712592
downside,2020-04-13 00:00:00,2020-04-13 07:00:00,2020-04-14 02:00:00,1,downside|1|2020-04-01,0.0,neither,ok,155,29,ok,0.1910828025477707,0.19415773776328135,0.16808784500827564
downside,2020-04-20 11:00:00,2020-04-20 18:00:00,2020-04-21 13:00:00,1,downside|1|2020-04-01,0.0,neither,ok,155,29,ok,0.1910828025477707,0.19581386168757306,0.22108861475973499
downside,2020-05-04 05:00:00,2020-05-04 12:00:00,2020-05-05 07:00:00,1,downside|1|2020-04-01,0.0,upper_first,ok,155,29,ok,0.1910828025477707,0.21517307542155867,0.13503121687544725
downside,2020-05-10 00:00:00,2020-05-10 07:00:00,2020-05-11 02:00:00,1,downside|1|2020-04-01,1.0,lower_first,ok,155,29,ok,0.1910828025477707,0.3814098668052819,0.3261606456097972
downside,2020-05-20 15:00:00,2020-05-20 22:00:00,2020-05-21 17:00:00,1,downside|1|2020-04-01,1.0,lower_first,ok,155,29,ok,0.1910828025477707,0.19982089401709857,0.19686318413832257
downside,2020-05-21 18:00:00,2020-05-22 01:00:00,2020-05-22 20:00:00,1,downside|1|2020-04-01,0.0,neither,ok,155,29,ok,0.1910828025477707,0.24583645276863947,0.2690136907998221
downside,2020-05-24 23:00:00,2020-05-25 06:00:00,2020-05-26 01:00:00,1,downside|1|2020-04-01,0.0,neither,ok,155,29,ok,0.1910828025477707,0.2081438271762541,0.1847197324188271
downside,2020-06-07 12:00:00,2020-06-07 19:00:00,2020-06-08 14:00:00,1,downside|1|2020-04-01,0.0,neither,ok,155,29,ok,0.1910828025477707,0.10597155767359207,0.11598891863846585
downside,2020-06-11 15:00:00,2020-06-11 22:00:00,2020-06-12 17:00:00,1,downside|1|2020-04-01,0.0,neither,ok,155,29,ok,0.1910828025477707,0.264376335265279,0.3759081465419516
downside,2020-06-15 01:00:00,2020-06-15 08:00:00,2020-06-16 03:00:00,1,downside|1|2020-04-01,0.0,upper_first,ok,155,29,ok,0.1910828025477707,0.12467916275901031,0.22093218828582012
downside,2020-06-24 15:00:00,2020-06-24 22:00:00,2020-06-25 17:00:00,1,downside|1|2020-04-01,0.0,neither,ok,155,29,ok,0.1910828025477707,0.15130869697738666,0.14648927412193163
downside,2020-06-27 19:00:00,2020-06-28 02:00:00,2020-06-28 21:00:00,1,downside|1|2020-04-01,0.0,neither,ok,155,29,ok,0.1910828025477707,0.11814630246764084,0.09506349479456774
downside,2020-07-02 15:00:00,2020-07-02 22:00:00,2020-07-03 17:00:00,1,downside|1|2020-07-01,0.0,neither,ok,168,31,ok,0.18823529411764706,0.061398784875742456,0.07763978164733583
downside,2020-07-10 04:00:00,2020-07-10 11:00:00,2020-07-11 06:00:00,1,downside|1|2020-07-01,0.0,neither,ok,168,31,ok,0.18823529411764706,0.0859550814572469,0.05543901639040214
downside,2020-07-16 09:00:00,2020-07-16 16:00:00,2020-07-17 11:00:00,1,downside|1|2020-07-01,0.0,neither,ok,168,31,ok,0.18823529411764706,0.0540419266702121,0.04816243686014486
downside,2020-08-11 20:00:00,2020-08-12 03:00:00,2020-08-12 22:00:00,1,downside|1|2020-07-01,0.0,neither,ok,168,31,ok,0.18823529411764706,0.22329692794229386,0.16255131952817117
downside,2020-08-21 21:00:00,2020-08-22 04:00:00,2020-08-22 23:00:00,1,downside|1|2020-07-01,0.0,neither,ok,168,31,ok,0.18823529411764706,0.18397739540818184,0.13890768948261673
downside,2020-08-25 12:00:00,2020-08-25 19:00:00,2020-08-26 14:00:00,1,downside|1|2020-07-01,0.0,neither,ok,168,31,ok,0.18823529411764706,0.18062756382757342,0.23397768732894958
downside,2020-09-02 11:00:00,2020-09-02 18:00:00,2020-09-03 13:00:00,1,downside|1|2020-07-01,1.0,lower_first,ok,168,31,ok,0.18823529411764706,0.17173803749700517,0.1736083615880366
downside,2020-09-03 12:00:00,2020-09-03 19:00:00,2020-09-04 14:00:00,1,downside|1|2020-07-01,1.0,lower_first,ok,168,31,ok,0.18823529411764706,0.24622737767015915,0.2485323675724389
downside,2020-09-21 09:00:00,2020-09-21 16:00:00,2020-09-22 11:00:00,1,downside|1|2020-07-01,0.0,neither,price_unknown,168,31,features_unavailable,,,
downside,2020-10-01 16:00:00,2020-10-01 23:00:00,2020-10-02 18:00:00,1,downside|1|2020-10-01,0.0,neither,price_unknown,176,33,features_unavailable,,,
downside,2020-11-26 03:00:00,2020-11-26 10:00:00,2020-11-27 05:00:00,1,downside|1|2020-10-01,1.0,lower_first,ok,176,33,ok,0.19101123595505617,0.3342738795736221,0.3114447162687138
downside,2020-12-08 09:00:00,2020-12-08 16:00:00,2020-12-09 11:00:00,1,downside|1|2020-10-01,1.0,lower_first,ok,176,33,ok,0.19101123595505617,0.16948010654413423,0.18657923226654866
downside,2021-01-11 06:00:00,2021-01-11 13:00:00,2021-01-12 08:00:00,1,downside|1|2021-01-01,,ambiguous,ok,178,35,ok,0.2,0.4259412689849038,0.3732763850045359
downside,2021-01-17 09:00:00,2021-01-17 16:00:00,2021-01-18 11:00:00,1,downside|1|2021-01-01,0.0,neither,ok,178,35,ok,0.2,0.2990237911298851,0.20580620838772176
downside,2021-01-21 08:00:00,2021-01-21 15:00:00,2021-01-22 10:00:00,1,downside|1|2021-01-01,0.0,upper_first,ok,178,35,ok,0.2,0.43857462055083135,0.46059753690012534
downside,2021-01-27 11:00:00,2021-01-27 18:00:00,2021-01-28 13:00:00,1,downside|1|2021-01-01,0.0,upper_first,ok,178,35,ok,0.2,0.2925308528550381,0.3626435164141744
downside,2021-02-22 13:00:00,2021-02-22 20:00:00,2021-02-23 15:00:00,1,downside|1|2021-01-01,1.0,lower_first,ok,178,35,ok,0.2,0.3948712028089154,0.5613798023567574
downside,2021-02-28 15:00:00,2021-02-28 22:00:00,2021-03-01 17:00:00,1,downside|1|2021-01-01,0.0,upper_first,ok,178,35,ok,0.2,0.26413160263599544,0.21771013431771205
downside,2021-03-05 00:00:00,2021-03-05 07:00:00,2021-03-06 02:00:00,1,downside|1|2021-01-01,0.0,upper_first,ok,178,35,ok,0.2,0.2773496338397898,0.22450003718767167
downside,2021-03-16 00:00:00,2021-03-16 07:00:00,2021-03-17 02:00:00,1,downside|1|2021-01-01,0.0,upper_first,ok,178,35,ok,0.2,0.253518197139948,0.24350679030157485
downside,2021-03-21 09:00:00,2021-03-21 16:00:00,2021-03-22 11:00:00,1,downside|1|2021-01-01,0.0,neither,ok,178,35,ok,0.2,0.18740230007863162,0.12792081566529573
downside,2021-03-22 20:00:00,2021-03-23 03:00:00,2021-03-23 22:00:00,1,downside|1|2021-01-01,0.0,neither,ok,178,35,ok,0.2,0.2039897002251444,0.24620025944481422
downside,2021-03-24 22:00:00,2021-03-25 05:00:00,2021-03-26 00:00:00,1,downside|1|2021-01-01,0.0,neither,ok,178,35,ok,0.2,0.22802390096604971,0.20357462511530516
downside,2021-04-03 21:00:00,2021-04-04 04:00:00,2021-04-04 23:00:00,1,downside|1|2021-04-01,0.0,neither,ok,188,36,ok,0.19473684210526315,0.1831460743127558,0.17525519628917907
downside,2021-04-07 11:00:00,2021-04-07 18:00:00,2021-04-08 13:00:00,1,downside|1|2021-04-01,0.0,upper_first,ok,188,36,ok,0.19473684210526315,0.19821661688452427,0.23019970065493078
downside,2021-04-16 09:00:00,2021-04-16 16:00:00,2021-04-17 11:00:00,1,downside|1|2021-04-01,0.0,neither,ok,188,36,ok,0.19473684210526315,0.1502171063940937,0.14347722584263406
downside,2021-04-17 17:00:00,2021-04-18 00:00:00,2021-04-18 19:00:00,1,downside|1|2021-04-01,1.0,lower_first,ok,188,36,ok,0.19473684210526315,0.1553619199432378,0.08937086724595658
downside,2021-04-23 07:00:00,2021-04-23 14:00:00,2021-04-24 09:00:00,1,downside|1|2021-04-01,0.0,upper_first,ok,188,36,ok,0.19473684210526315,0.24770811539796547,0.2196304234035827
downside,2021-05-04 00:00:00,2021-05-04 07:00:00,2021-05-05 02:00:00,1,downside|1|2021-04-01,1.0,lower_first,ok,188,36,ok,0.19473684210526315,0.1448768246070108,0.12817069541947074
downside,2021-05-10 19:00:00,2021-05-11 02:00:00,2021-05-11 21:00:00,1,downside|1|2021-04-01,0.0,upper_first,ok,188,36,ok,0.19473684210526315,0.2304304284311288,0.21434781131990738
downside,2021-05-12 22:00:00,2021-05-13 05:00:00,2021-05-14 00:00:00,1,downside|1|2021-04-01,1.0,lower_first,ok,188,36,ok,0.19473684210526315,0.4311625469328403,0.43151168677473434
downside,2021-05-16 18:00:00,2021-05-17 01:00:00,2021-05-17 20:00:00,1,downside|1|2021-04-01,1.0,lower_first,ok,188,36,ok,0.19473684210526315,0.21230763790890306,0.2971622950340964
downside,2021-05-19 01:00:00,2021-05-19 08:00:00,2021-05-20 03:00:00,1,downside|1|2021-04-01,1.0,lower_first,ok,188,36,ok,0.19473684210526315,0.31129269912072455,0.3447265913460139
downside,2021-05-23 16:00:00,2021-05-23 23:00:00,2021-05-24 18:00:00,1,downside|1|2021-04-01,0.0,upper_first,ok,188,36,ok,0.19473684210526315,0.3052752668236594,0.27459779011449803
downside,2021-05-28 08:00:00,2021-05-28 15:00:00,2021-05-29 10:00:00,1,downside|1|2021-04-01,1.0,lower_first,ok,188,36,ok,0.19473684210526315,0.22718496055012136,0.21020898272961241
downside,2021-06-05 21:00:00,2021-06-06 04:00:00,2021-06-06 23:00:00,1,downside|1|2021-04-01,0.0,neither,ok,188,36,ok,0.19473684210526315,0.1499234699679064,0.10568034219328293
downside,2021-06-07 20:00:00,2021-06-08 03:00:00,2021-06-08 22:00:00,1,downside|1|2021-04-01,1.0,lower_first,ok,188,36,ok,0.19473684210526315,0.24103793299252232,0.28988924881898864
downside,2021-06-17 17:00:00,2021-06-18 00:00:00,2021-06-18 19:00:00,1,downside|1|2021-04-01,1.0,lower_first,ok,188,36,ok,0.19473684210526315,0.13258727195007752,0.11797674867423587
downside,2021-06-19 03:00:00,2021-06-19 10:00:00,2021-06-20 05:00:00,1,downside|1|2021-04-01,0.0,neither,ok,188,36,ok,0.19473684210526315,0.17956966494389773,0.11707247680607746
downside,2021-06-20 10:00:00,2021-06-20 17:00:00,2021-06-21 12:00:00,1,downside|1|2021-04-01,0.0,upper_first,ok,188,36,ok,0.19473684210526315,0.18639954444436596,0.1686699430397298
downside,2021-06-21 21:00:00,2021-06-22 04:00:00,2021-06-22 23:00:00,1,downside|1|2021-04-01,1.0,lower_first,ok,188,36,ok,0.19473684210526315,0.1928043804339924,0.20694936659363208
downside,2021-06-25 22:00:00,2021-06-26 05:00:00,2021-06-27 00:00:00,1,downside|1|2021-04-01,1.0,lower_first,ok,188,36,ok,0.19473684210526315,0.2026981469195246,0.1279693888585225
downside,2021-07-01 06:00:00,2021-07-01 13:00:00,2021-07-02 08:00:00,1,downside|1|2021-07-01,0.0,neither,ok,207,46,ok,0.22488038277511962,0.22395175138089488,0.1520067478491048
downside,2021-07-08 05:00:00,2021-07-08 12:00:00,2021-07-09 07:00:00,1,downside|1|2021-07-01,0.0,neither,ok,207,46,ok,0.22488038277511962,0.2590774469159308,0.2391836743849153
downside,2021-07-12 18:00:00,2021-07-13 01:00:00,2021-07-13 20:00:00,1,downside|1|2021-07-01,0.0,neither,ok,207,46,ok,0.22488038277511962,0.16540200420663853,0.17951915905519847
downside,2021-07-13 19:00:00,2021-07-14 02:00:00,2021-07-14 21:00:00,1,downside|1|2021-07-01,0.0,neither,ok,207,46,ok,0.22488038277511962,0.14128856707031084,0.11807562192194687
downside,2021-07-15 17:00:00,2021-07-16 00:00:00,2021-07-16 19:00:00,1,downside|1|2021-07-01,0.0,neither,ok,207,46,ok,0.22488038277511962,0.15944724394430418,0.12302366803174528
downside,2021-07-19 12:00:00,2021-07-19 19:00:00,2021-07-20 14:00:00,1,downside|1|2021-07-01,0.0,neither,ok,207,46,ok,0.22488038277511962,0.1757026492594925,0.24282544284623048
downside,2021-08-02 20:00:00,2021-08-03 03:00:00,2021-08-03 22:00:00,1,downside|1|2021-07-01,0.0,neither,ok,207,46,ok,0.22488038277511962,0.21153667067168438,0.17792890383783064
downside,2021-08-12 12:00:00,2021-08-12 19:00:00,2021-08-13 14:00:00,1,downside|1|2021-07-01,0.0,upper_first,ok,207,46,ok,0.22488038277511962,0.24096117085383387,0.19479052286199233
downside,2021-08-17 20:00:00,2021-08-18 03:00:00,2021-08-18 22:00:00,1,downside|1|2021-07-01,0.0,neither,ok,207,46,ok,0.22488038277511962,0.24069827091135057,0.22636324107871894
downside,2021-08-19 03:00:00,2021-08-19 10:00:00,2021-08-20 05:00:00,1,downside|1|2021-07-01,0.0,upper_first,ok,207,46,ok,0.22488038277511962,0.20710267152817782,0.14613357158110568
downside,2021-08-24 16:00:00,2021-08-24 23:00:00,2021-08-25 18:00:00,1,downside|1|2021-07-01,0.0,neither,ok,207,46,ok,0.22488038277511962,0.20067465235282722,0.1723922153229484
downside,2021-08-26 05:00:00,2021-08-26 12:00:00,2021-08-27 07:00:00,1,downside|1|2021-07-01,0.0,neither,ok,207,46,ok,0.22488038277511962,0.20419087813219525,0.16440414385709246
downside,2021-08-30 23:00:00,2021-08-31 06:00:00,2021-09-01 01:00:00,1,downside|1|2021-07-01,0.0,neither,ok,207,46,ok,0.22488038277511962,0.1742172872421625,0.16518453351078446
downside,2021-09-07 14:00:00,2021-09-07 21:00:00,2021-09-08 16:00:00,1,downside|1|2021-07-01,0.0,neither,ok,207,46,ok,0.22488038277511962,0.539690710874813,0.6490668769535267
downside,2021-09-13 14:00:00,2021-09-13 21:00:00,2021-09-14 16:00:00,1,downside|1|2021-07-01,0.0,upper_first,ok,207,46,ok,0.22488038277511962,0.15789892745028553,0.1739419853731573
downside,2021-09-20 02:00:00,2021-09-20 09:00:00,2021-09-21 04:00:00,1,downside|1|2021-07-01,1.0,lower_first,ok,207,46,ok,0.22488038277511962,0.2520428398284965,0.2300441783979786
downside,2021-10-22 15:00:00,2021-10-22 22:00:00,2021-10-23 17:00:00,1,downside|1|2021-10-01,0.0,neither,ok,223,47,ok,0.21333333333333335,0.24368622994168895,0.2080025418614436
downside,2021-10-27 08:00:00,2021-10-27 15:00:00,2021-10-28 10:00:00,1,downside|1|2021-10-01,0.0,upper_first,ok,223,47,ok,0.21333333333333335,0.22504572951083562,0.20989253856993592
downside,2021-11-01 03:00:00,2021-11-01 10:00:00,2021-11-02 05:00:00,1,downside|1|2021-10-01,0.0,neither,ok,223,47,ok,0.21333333333333335,0.09589385597735163,0.11357837430209605
downside,2021-11-16 00:00:00,2021-11-16 07:00:00,2021-11-17 02:00:00,1,downside|1|2021-10-01,0.0,neither,ok,223,47,ok,0.21333333333333335,0.30091055954672136,0.35199559237123157
downside,2021-11-18 15:00:00,2021-11-18 22:00:00,2021-11-19 17:00:00,1,downside|1|2021-10-01,0.0,neither,ok,223,47,ok,0.21333333333333335,0.22728259302382434,0.2232092874220981
downside,2021-11-22 18:00:00,2021-11-23 01:00:00,2021-11-23 20:00:00,1,downside|1|2021-10-01,0.0,neither,ok,223,47,ok,0.21333333333333335,0.18279641902752378,0.24063704862640592
downside,2021-11-26 08:00:00,2021-11-26 15:00:00,2021-11-27 10:00:00,1,downside|1|2021-10-01,0.0,neither,ok,223,47,ok,0.21333333333333335,0.23530172888222742,0.2479581422788496
downside,2021-12-03 16:00:00,2021-12-03 23:00:00,2021-12-04 18:00:00,1,downside|1|2021-10-01,1.0,lower_first,ok,223,47,ok,0.21333333333333335,0.22564122076982163,0.22488241367425815
downside,2021-12-09 18:00:00,2021-12-10 01:00:00,2021-12-10 20:00:00,1,downside|1|2021-10-01,0.0,upper_first,ok,223,47,ok,0.21333333333333335,0.2041229291139596,0.18463843657005224
downside,2021-12-10 23:00:00,2021-12-11 06:00:00,2021-12-12 01:00:00,1,downside|1|2021-10-01,0.0,upper_first,ok,223,47,ok,0.21333333333333335,0.16120558817259634,0.15237016082397126
downside,2021-12-17 14:00:00,2021-12-17 21:00:00,2021-12-18 16:00:00,1,downside|1|2021-10-01,0.0,neither,ok,223,47,ok,0.21333333333333335,0.18628573371546742,0.19667353102232665
downside,2021-12-28 04:00:00,2021-12-28 11:00:00,2021-12-29 06:00:00,1,downside|1|2021-10-01,0.0,neither,ok,223,47,ok,0.21333333333333335,0.1424652525462692,0.1114516405413794
downside,2021-12-29 12:00:00,2021-12-29 19:00:00,2021-12-30 14:00:00,1,downside|1|2021-10-01,0.0,neither,ok,223,47,ok,0.21333333333333335,0.10942036110110805,0.12449929250734112
downside,2021-12-31 19:00:00,2022-01-01 02:00:00,2022-01-01 21:00:00,1,downside|1|2022-01-01,0.0,neither,ok,236,48,ok,0.20588235294117646,0.12725518067323485,0.1093279597654482
downside,2022-01-05 19:00:00,2022-01-06 02:00:00,2022-01-06 21:00:00,1,downside|1|2022-01-01,0.0,neither,ok,236,48,ok,0.20588235294117646,0.2628223113634244,0.31104710714505074
downside,2022-01-07 03:00:00,2022-01-07 10:00:00,2022-01-08 05:00:00,1,downside|1|2022-01-01,0.0,neither,ok,236,48,ok,0.20588235294117646,0.14279639126859617,0.15369421666008112
downside,2022-01-17 16:00:00,2022-01-17 23:00:00,2022-01-18 18:00:00,1,downside|1|2022-01-01,0.0,neither,ok,236,48,ok,0.20588235294117646,0.10824044152138888,0.09863897420364637
downside,2022-01-19 07:00:00,2022-01-19 14:00:00,2022-01-20 09:00:00,1,downside|1|2022-01-01,0.0,neither,ok,236,48,ok,0.20588235294117646,0.07160745119221909,0.0842123392127341
downside,2022-01-20 23:00:00,2022-01-21 06:00:00,2022-01-22 01:00:00,1,downside|1|2022-01-01,1.0,lower_first,ok,236,48,ok,0.20588235294117646,0.2657252556791115,0.32529568277067417
downside,2022-01-22 07:00:00,2022-01-22 14:00:00,2022-01-23 09:00:00,1,downside|1|2022-01-01,0.0,neither,ok,236,48,ok,0.20588235294117646,0.27641410732072086,0.23972637421216852
downside,2022-01-24 10:00:00,2022-01-24 17:00:00,2022-01-25 12:00:00,1,downside|1|2022-01-01,0.0,upper_first,ok,236,48,ok,0.20588235294117646,0.20217940048180946,0.2514168328405197
downside,2022-02-03 10:00:00,2022-02-03 17:00:00,2022-02-04 12:00:00,1,downside|1|2022-01-01,0.0,upper_first,ok,236,48,ok,0.20588235294117646,0.13547769855604824,0.12218563646074718
downside,2022-02-14 01:00:00,2022-02-14 08:00:00,2022-02-15 03:00:00,1,downside|1|2022-01-01,0.0,upper_first,ok,236,48,ok,0.20588235294117646,0.11825966550423268,0.09896252712250443
downside,2022-02-17 18:00:00,2022-02-18 01:00:00,2022-02-18 20:00:00,1,downside|1|2022-01-01,0.0,neither,ok,236,48,ok,0.20588235294117646,0.27862165597398464,0.23280653861221184
downside,2022-02-20 05:00:00,2022-02-20 12:00:00,2022-02-21 07:00:00,1,downside|1|2022-01-01,0.0,upper_first,ok,236,48,ok,0.20588235294117646,0.20886995695824614,0.17404229338654242
downside,2022-02-21 11:00:00,2022-02-21 18:00:00,2022-02-22 13:00:00,1,downside|1|2022-01-01,0.0,neither,ok,236,48,ok,0.20588235294117646,0.13823694452446478,0.20527238812991985
downside,2022-02-24 02:00:00,2022-02-24 09:00:00,2022-02-25 04:00:00,1,downside|1|2022-01-01,0.0,upper_first,ok,236,48,ok,0.20588235294117646,0.2982180219635451,0.32704112721568623
downside,2022-03-04 00:00:00,2022-03-04 07:00:00,2022-03-05 02:00:00,1,downside|1|2022-01-01,1.0,lower_first,ok,236,48,ok,0.20588235294117646,0.23481199846397185,0.19211322679618875
downside,2022-03-06 10:00:00,2022-03-06 17:00:00,2022-03-07 12:00:00,1,downside|1|2022-01-01,0.0,neither,ok,236,48,ok,0.20588235294117646,0.1280239114675635,0.09903420086542801
downside,2022-03-07 19:00:00,2022-03-08 02:00:00,2022-03-08 21:00:00,1,downside|1|2022-01-01,0.0,neither,ok,236,48,ok,0.20588235294117646,0.12914608472188716,0.19005310389963032
downside,2022-03-13 22:00:00,2022-03-14 05:00:00,2022-03-15 00:00:00,1,downside|1|2022-01-01,0.0,upper_first,ok,236,48,ok,0.20588235294117646,0.13727466209140274,0.15917961695821778
downside,2022-03-31 16:00:00,2022-03-31 23:00:00,2022-04-01 18:00:00,1,downside|1|2022-01-01,0.0,neither,ok,236,48,ok,0.20588235294117646,0.1481622241081111,0.13664080129859638
downside,2022-04-04 17:00:00,2022-04-05 00:00:00,2022-04-05 19:00:00,1,downside|1|2022-04-01,0.0,neither,ok,254,50,ok,0.19921875,0.09864041325335976,0.1275784007209469
downside,2022-04-06 00:00:00,2022-04-06 07:00:00,2022-04-07 02:00:00,1,downside|1|2022-04-01,1.0,lower_first,ok,254,50,ok,0.19921875,0.13766407675789724,0.1176503431467177
downside,2022-04-08 22:00:00,2022-04-09 05:00:00,2022-04-10 00:00:00,1,downside|1|2022-04-01,0.0,neither,ok,254,50,ok,0.19921875,0.15092886446546394,0.0969784312347741
downside,2022-04-11 09:00:00,2022-04-11 16:00:00,2022-04-12 11:00:00,1,downside|1|2022-04-01,0.0,neither,ok,254,50,ok,0.19921875,0.22288403137404944,0.2764299104282457
downside,2022-04-17 23:00:00,2022-04-18 06:00:00,2022-04-19 01:00:00,1,downside|1|2022-04-01,0.0,upper_first,ok,254,50,ok,0.19921875,0.1328768049549777,0.1221952824527589
downside,2022-04-21 22:00:00,2022-04-22 05:00:00,2022-04-23 00:00:00,1,downside|1|2022-04-01,0.0,neither,ok,254,50,ok,0.19921875,0.13129751564553388,0.09183261789746741
downside,2022-04-25 00:00:00,2022-04-25 07:00:00,2022-04-26 02:00:00,1,downside|1|2022-04-01,0.0,upper_first,ok,254,50,ok,0.19921875,0.11059795103853445,0.09532951232499269
downside,2022-04-30 23:00:00,2022-05-01 06:00:00,2022-05-02 01:00:00,1,downside|1|2022-04-01,0.0,neither,ok,254,50,ok,0.19921875,0.11028707509375058,0.08422565075249581
downside,2022-05-05 15:00:00,2022-05-05 22:00:00,2022-05-06 17:00:00,1,downside|1|2022-04-01,0.0,neither,ok,254,50,ok,0.19921875,0.2355128394303544,0.2234751491091419
downside,2022-05-07 21:00:00,2022-05-08 04:00:00,2022-05-08 23:00:00,1,downside|1|2022-04-01,0.0,neither,ok,254,50,ok,0.19921875,0.17550903239608018,0.19216787732758583
downside,2022-05-09 02:00:00,2022-05-09 09:00:00,2022-05-10 04:00:00,1,downside|1|2022-04-01,1.0,lower_first,ok,254,50,ok,0.19921875,0.132255197954179,0.10581541279317366
downside,2022-05-11 12:00:00,2022-05-11 19:00:00,2022-05-12 14:00:00,1,downside|1|2022-04-01,1.0,lower_first,ok,254,50,ok,0.19921875,0.2603302735626188,0.26141554919291254
downside,2022-05-18 15:00:00,2022-05-18 22:00:00,2022-05-19 17:00:00,1,downside|1|2022-04-01,0.0,upper_first,ok,254,50,ok,0.19921875,0.18953157054798384,0.18302978623921104
downside,2022-06-10 13:00:00,2022-06-10 20:00:00,2022-06-11 15:00:00,1,downside|1|2022-04-01,0.0,neither,ok,254,50,ok,0.19921875,0.21479611144560673,0.24936597668380162
downside,2022-06-12 02:00:00,2022-06-12 09:00:00,2022-06-13 04:00:00,1,downside|1|2022-04-01,0.0,upper_first,ok,254,50,ok,0.19921875,0.18443188250245163,0.14579750913537953
downside,2022-06-13 07:00:00,2022-06-13 14:00:00,2022-06-14 09:00:00,1,downside|1|2022-04-01,0.0,upper_first,ok,254,50,ok,0.19921875,0.38566171619652945,0.5034827446418437
downside,2022-06-15 07:00:00,2022-06-15 14:00:00,2022-06-16 09:00:00,1,downside|1|2022-04-01,0.0,upper_first,ok,254,50,ok,0.19921875,0.26066275433063363,0.24252215302936964
downside,2022-06-18 06:00:00,2022-06-18 13:00:00,2022-06-19 08:00:00,1,downside|1|2022-04-01,1.0,lower_first,ok,254,50,ok,0.19921875,0.30880493681648435,0.23562990112225393
downside,2022-06-27 13:00:00,2022-06-27 20:00:00,2022-06-28 15:00:00,1,downside|1|2022-04-01,0.0,neither,ok,254,50,ok,0.19921875,0.10871038548702261,0.11325871598933221
downside,2022-06-28 18:00:00,2022-06-29 01:00:00,2022-06-29 20:00:00,1,downside|1|2022-04-01,0.0,neither,ok,254,50,ok,0.19921875,0.13227032182253612,0.11567442812605475
downside,2022-06-30 06:00:00,2022-06-30 13:00:00,2022-07-01 08:00:00,1,downside|1|2022-04-01,0.0,upper_first,ok,254,50,ok,0.19921875,0.16218393369309878,0.12668698739071202
downside,2022-07-11 01:00:00,2022-07-11 08:00:00,2022-07-12 03:00:00,1,downside|1|2022-07-01,0.0,neither,ok,275,54,ok,0.19855595667870035,0.16879159720331363,0.12533428214679135
downside,2022-07-12 07:00:00,2022-07-12 14:00:00,2022-07-13 09:00:00,1,downside|1|2022-07-01,0.0,neither,ok,275,54,ok,0.19855595667870035,0.12190095442290967,0.11425846121331606
downside,2022-07-13 12:00:00,2022-07-13 19:00:00,2022-07-14 14:00:00,1,downside|1|2022-07-01,0.0,upper_first,ok,275,54,ok,0.19855595667870035,0.08524087604788376,0.1282004520988191
downside,2022-07-23 11:00:00,2022-07-23 18:00:00,2022-07-24 13:00:00,1,downside|1|2022-07-01,0.0,upper_first,ok,275,54,ok,0.19855595667870035,0.23851692500363172,0.17725564000498426
downside,2022-07-25 23:00:00,2022-07-26 06:00:00,2022-07-27 01:00:00,1,downside|1|2022-07-01,0.0,neither,ok,275,54,ok,0.19855595667870035,0.18355710115558954,0.16238460254145273
downside,2022-08-01 06:00:00,2022-08-01 13:00:00,2022-08-02 08:00:00,1,downside|1|2022-07-01,0.0,neither,ok,275,54,ok,0.19855595667870035,0.18101009526866024,0.1454468982885281
downside,2022-08-02 09:00:00,2022-08-02 16:00:00,2022-08-03 11:00:00,1,downside|1|2022-07-01,0.0,neither,ok,275,54,ok,0.19855595667870035,0.14950923105373773,0.1557267744726764
downside,2022-08-04 16:00:00,2022-08-04 23:00:00,2022-08-05 18:00:00,1,downside|1|2022-07-01,0.0,upper_first,ok,275,54,ok,0.19855595667870035,0.15175931275157337,0.12804312087951067
downside,2022-08-10 00:00:00,2022-08-10 07:00:00,2022-08-11 02:00:00,1,downside|1|2022-07-01,0.0,upper_first,ok,275,54,ok,0.19855595667870035,0.1481703424337539,0.11250388370331191
downside,2022-08-16 14:00:00,2022-08-16 21:00:00,2022-08-17 16:00:00,1,downside|1|2022-07-01,0.0,neither,ok,275,54,ok,0.19855595667870035,0.12745397361292077,0.12555595191850163
downside,2022-08-17 19:00:00,2022-08-18 02:00:00,2022-08-18 21:00:00,1,downside|1|2022-07-01,0.0,neither,ok,275,54,ok,0.19855595667870035,0.159778247162343,0.11456615218715942
downside,2022-08-19 00:00:00,2022-08-19 07:00:00,2022-08-20 02:00:00,1,downside|1|2022-07-01,1.0,lower_first,ok,275,54,ok,0.19855595667870035,0.23101769040695316,0.17271847869156967
downside,2022-08-26 15:00:00,2022-08-26 22:00:00,2022-08-27 17:00:00,1,downside|1|2022-07-01,0.0,neither,ok,275,54,ok,0.19855595667870035,0.19190417321863423,0.1765596628498842
downside,2022-08-28 23:00:00,2022-08-29 06:00:00,2022-08-30 01:00:00,1,downside|1|2022-07-01,0.0,neither,ok,275,54,ok,0.19855595667870035,0.13704655076085576,0.1401058308600166
downside,2022-09-06 17:00:00,2022-09-07 00:00:00,2022-09-07 19:00:00,1,downside|1|2022-07-01,0.0,neither,ok,275,54,ok,0.19855595667870035,0.20551034983501007,0.18939184250777444
downside,2022-09-13 14:00:00,2022-09-13 21:00:00,2022-09-14 16:00:00,1,downside|1|2022-07-01,0.0,neither,ok,275,54,ok,0.19855595667870035,0.3030379430977701,0.27272374126723464
downside,2022-09-14 18:00:00,2022-09-15 01:00:00,2022-09-15 20:00:00,1,downside|1|2022-07-01,0.0,neither,ok,275,54,ok,0.19855595667870035,0.17328985705569366,0.14436262055457222
downside,2022-09-16 17:00:00,2022-09-17 00:00:00,2022-09-17 19:00:00,1,downside|1|2022-07-01,0.0,neither,ok,275,54,ok,0.19855595667870035,0.11196991300160165,0.1071016456193803
downside,2022-09-19 02:00:00,2022-09-19 09:00:00,2022-09-20 04:00:00,1,downside|1|2022-07-01,0.0,upper_first,ok,275,54,ok,0.19855595667870035,0.2771060306390944,0.21958107645438735
downside,2022-10-07 12:00:00,2022-10-07 19:00:00,2022-10-08 14:00:00,1,downside|1|2022-10-01,0.0,neither,ok,295,55,ok,0.18855218855218855,0.13797579006795577,0.11792928501265894
downside,2022-10-08 21:00:00,2022-10-09 04:00:00,2022-10-09 23:00:00,1,downside|1|2022-10-01,0.0,neither,ok,295,55,ok,0.18855218855218855,0.08887242078034295,0.06115404025727066
downside,2022-10-10 08:00:00,2022-10-10 15:00:00,2022-10-11 10:00:00,1,downside|1|2022-10-01,0.0,neither,ok,295,55,ok,0.18855218855218855,0.07722910509688131,0.09534278324631741
downside,2022-10-13 10:00:00,2022-10-13 17:00:00,2022-10-14 12:00:00,1,downside|1|2022-10-01,0.0,upper_first,ok,295,55,ok,0.18855218855218855,0.047943480425976515,0.08870109043846226
downside,2022-10-20 00:00:00,2022-10-20 07:00:00,2022-10-21 02:00:00,1,downside|1|2022-10-01,0.0,neither,ok,295,55,ok,0.18855218855218855,0.06865842844488121,0.061439819184389545
downside,2022-10-21 12:00:00,2022-10-21 19:00:00,2022-10-22 14:00:00,1,downside|1|2022-10-01,0.0,neither,ok,295,55,ok,0.18855218855218855,0.05886548473210287,0.07468182143825267
downside,2022-11-07 22:00:00,2022-11-08 05:00:00,2022-11-09 00:00:00,1,downside|1|2022-10-01,0.0,upper_first,ok,295,55,ok,0.18855218855218855,0.25188743907809535,0.23851641799148904
downside,2022-11-09 15:00:00,2022-11-09 22:00:00,2022-11-10 17:00:00,1,downside|1|2022-10-01,0.0,upper_first,ok,295,55,ok,0.18855218855218855,0.44607140971103854,0.491543509676769
downside,2022-11-14 01:00:00,2022-11-14 08:00:00,2022-11-15 03:00:00,1,downside|1|2022-10-01,0.0,neither,ok,295,55,ok,0.18855218855218855,0.07726431540786288,0.10097997757003575
downside,2022-11-20 21:00:00,2022-11-21 04:00:00,2022-11-21 23:00:00,1,downside|1|2022-10-01,0.0,neither,ok,295,55,ok,0.18855218855218855,0.11928990006695794,0.14557243815768312
downside,2022-11-28 01:00:00,2022-11-28 08:00:00,2022-11-29 03:00:00,1,downside|1|2022-10-01,0.0,neither,ok,295,55,ok,0.18855218855218855,0.05244250501112214,0.050296575371691604
downside,2022-12-07 07:00:00,2022-12-07 14:00:00,2022-12-08 09:00:00,1,downside|1|2022-10-01,0.0,neither,ok,295,55,ok,0.18855218855218855,0.048273495989388876,0.0408756921855617
downside,2022-12-12 00:00:00,2022-12-12 07:00:00,2022-12-13 02:00:00,1,downside|1|2022-10-01,0.0,neither,ok,295,55,ok,0.18855218855218855,0.06322788174921076,0.06337464564548978
downside,2022-12-16 09:00:00,2022-12-16 16:00:00,2022-12-17 11:00:00,1,downside|1|2022-10-01,0.0,neither,ok,295,55,ok,0.18855218855218855,0.17027206287437016,0.15795124211414577
downside,2022-12-19 22:00:00,2022-12-20 05:00:00,2022-12-21 00:00:00,1,downside|1|2022-10-01,0.0,neither,ok,295,55,ok,0.18855218855218855,0.027464744413454922,0.04949361705047724
downside,2022-12-27 17:00:00,2022-12-28 00:00:00,2022-12-28 19:00:00,1,downside|1|2022-10-01,0.0,neither,ok,295,55,ok,0.18855218855218855,0.05226739954241614,0.06352227975330284
downside,2022-12-28 21:00:00,2022-12-29 04:00:00,2022-12-29 23:00:00,1,downside|1|2022-10-01,0.0,neither,ok,295,55,ok,0.18855218855218855,0.05818737727414127,0.06525981142930229
downside,2022-12-30 14:00:00,2022-12-30 21:00:00,2022-12-31 16:00:00,1,downside|1|2022-10-01,0.0,neither,ok,295,55,ok,0.18855218855218855,0.041918919057542706,0.0508707166394382
downside,2023-01-30 19:00:00,2023-01-31 02:00:00,2023-01-31 21:00:00,1,downside|1|2023-01-01,0.0,neither,ok,312,55,ok,0.17834394904458598,0.17609435653647104,0.18512382502090088
downside,2023-02-05 12:00:00,2023-02-05 19:00:00,2023-02-06 14:00:00,1,downside|1|2023-01-01,0.0,neither,ok,312,55,ok,0.17834394904458598,0.17376701695515137,0.15677152265437178
downside,2023-02-09 03:00:00,2023-02-09 10:00:00,2023-02-10 05:00:00,1,downside|1|2023-01-01,0.0,neither,ok,312,55,ok,0.17834394904458598,0.13158413048235423,0.13433983356280768
downside,2023-02-22 15:00:00,2023-02-22 22:00:00,2023-02-23 17:00:00,1,downside|1|2023-01-01,0.0,neither,ok,312,55,ok,0.17834394904458598,0.13070010426092055,0.12223922840773452
downside,2023-02-24 15:00:00,2023-02-24 22:00:00,2023-02-25 17:00:00,1,downside|1|2023-01-01,0.0,neither,ok,312,55,ok,0.17834394904458598,0.15582173876598593,0.17020556926246266
downside,2023-03-03 01:00:00,2023-03-03 08:00:00,2023-03-04 03:00:00,1,downside|1|2023-01-01,0.0,neither,ok,312,55,ok,0.17834394904458598,0.16264320060212653,0.16142583708580394
downside,2023-03-08 22:00:00,2023-03-09 05:00:00,2023-03-10 00:00:00,1,downside|1|2023-01-01,1.0,lower_first,price_unknown,312,55,features_unavailable,,,
downside,2023-03-10 10:00:00,2023-03-10 17:00:00,2023-03-11 12:00:00,1,downside|1|2023-01-01,0.0,upper_first,price_unknown,312,55,features_unavailable,,,
downside,2023-03-22 19:00:00,2023-03-23 02:00:00,2023-03-23 21:00:00,1,downside|1|2023-01-01,0.0,upper_first,price_unknown,312,55,features_unavailable,,,
downside,2023-03-27 14:00:00,2023-03-27 21:00:00,2023-03-28 16:00:00,1,downside|1|2023-01-01,0.0,neither,price_unknown,312,55,features_unavailable,,,
downside,2023-04-17 00:00:00,2023-04-17 07:00:00,2023-04-18 02:00:00,1,downside|1|2023-04-01,0.0,neither,ok,319,55,ok,0.17445482866043613,0.09179034567261475,0.08719655494815534
downside,2023-04-19 23:00:00,2023-04-20 06:00:00,2023-04-21 01:00:00,1,downside|1|2023-04-01,0.0,neither,ok,319,55,ok,0.17445482866043613,0.15273995890286557,0.11645728544004727
downside,2023-04-21 06:00:00,2023-04-21 13:00:00,2023-04-22 08:00:00,1,downside|1|2023-04-01,0.0,neither,ok,319,55,ok,0.17445482866043613,0.12584813853287735,0.09908918859912626
downside,2023-04-24 16:00:00,2023-04-24 23:00:00,2023-04-25 18:00:00,1,downside|1|2023-04-01,0.0,neither,ok,319,55,ok,0.17445482866043613,0.0829112528712698,0.08970712077857954
downside,2023-05-01 01:00:00,2023-05-01 08:00:00,2023-05-02 03:00:00,1,downside|1|2023-04-01,0.0,neither,ok,319,55,ok,0.17445482866043613,0.08386665559654502,0.08904509139592884
downside,2023-05-08 01:00:00,2023-05-08 08:00:00,2023-05-09 03:00:00,1,downside|1|2023-04-01,0.0,neither,ok,319,55,ok,0.17445482866043613,0.13124958489581062,0.1160694604895932
downside,2023-05-12 02:00:00,2023-05-12 09:00:00,2023-05-13 04:00:00,1,downside|1|2023-04-01,0.0,neither,ok,319,55,ok,0.17445482866043613,0.15762632535982668,0.14332388811579866
downside,2023-05-17 11:00:00,2023-05-17 18:00:00,2023-05-18 13:00:00,1,downside|1|2023-04-01,0.0,neither,ok,319,55,ok,0.17445482866043613,0.04982461052642512,0.05751903280265701
downside,2023-05-18 17:00:00,2023-05-19 00:00:00,2023-05-19 19:00:00,1,downside|1|2023-04-01,0.0,neither,ok,319,55,ok,0.17445482866043613,0.0718344394555139,0.06099698471223287
downside,2023-05-24 13:00:00,2023-05-24 20:00:00,2023-05-25 15:00:00,1,downside|1|2023-04-01,0.0,neither,ok,319,55,ok,0.17445482866043613,0.12042930130300392,0.14843697647394496
downside,2023-05-31 05:00:00,2023-05-31 12:00:00,2023-06-01 07:00:00,1,downside|1|2023-04-01,0.0,neither,ok,319,55,ok,0.17445482866043613,0.10619707717872194,0.0836074071885048
downside,2023-06-05 03:00:00,2023-06-05 10:00:00,2023-06-06 05:00:00,1,downside|1|2023-04-01,0.0,neither,ok,319,55,ok,0.17445482866043613,0.060832926080987684,0.05098023661257438
downside,2023-06-10 04:00:00,2023-06-10 11:00:00,2023-06-11 06:00:00,1,downside|1|2023-04-01,0.0,neither,ok,319,55,ok,0.17445482866043613,0.13132371803267118,0.11847711086571006
downside,2023-06-14 20:00:00,2023-06-15 03:00:00,2023-06-15 22:00:00,1,downside|1|2023-04-01,0.0,neither,ok,319,55,ok,0.17445482866043613,0.11892786091988697,0.10764581984381341
downside,2023-07-14 18:00:00,2023-07-15 01:00:00,2023-07-15 20:00:00,1,downside|1|2023-07-01,0.0,neither,ok,333,55,ok,0.16716417910447762,0.13368832755951415,0.12165400840831819
downside,2023-07-17 18:00:00,2023-07-18 01:00:00,2023-07-18 20:00:00,1,downside|1|2023-07-01,0.0,neither,ok,333,55,ok,0.16716417910447762,0.05880038526875266,0.08471949003191019
downside,2023-07-24 09:00:00,2023-07-24 16:00:00,2023-07-25 11:00:00,1,downside|1|2023-07-01,0.0,neither,ok,333,55,ok,0.16716417910447762,0.08716035507002866,0.12967030631086043
downside,2023-08-01 02:00:00,2023-08-01 09:00:00,2023-08-02 04:00:00,1,downside|1|2023-07-01,0.0,upper_first,ok,333,55,ok,0.16716417910447762,0.049308273812046124,0.06005149845699833
downside,2023-08-16 23:00:00,2023-08-17 06:00:00,2023-08-18 01:00:00,1,downside|1|2023-07-01,1.0,lower_first,ok,333,55,ok,0.16716417910447762,0.06173068106962865,0.06915984675078744
downside,2023-08-22 21:00:00,2023-08-23 04:00:00,2023-08-23 23:00:00,1,downside|1|2023-07-01,0.0,neither,ok,333,55,ok,0.16716417910447762,0.03221822591079705,0.04307940575637659
downside,2023-09-01 17:00:00,2023-09-02 00:00:00,2023-09-02 19:00:00,1,downside|1|2023-07-01,0.0,neither,ok,333,55,ok,0.16716417910447762,0.07802398708726431,0.07945669818460545
downside,2023-09-04 21:00:00,2023-09-05 04:00:00,2023-09-05 23:00:00,1,downside|1|2023-07-01,0.0,neither,ok,333,55,ok,0.16716417910447762,0.026216641130851658,0.02399952526141083
downside,2023-09-11 14:00:00,2023-09-11 21:00:00,2023-09-12 16:00:00,1,downside|1|2023-07-01,0.0,upper_first,ok,333,55,ok,0.16716417910447762,0.07173517036299627,0.10329060719274837
downside,2023-09-21 13:00:00,2023-09-21 20:00:00,2023-09-22 15:00:00,1,downside|1|2023-07-01,0.0,neither,ok,333,55,ok,0.16716417910447762,0.09596664909102122,0.08732977005777366
downside,2023-09-24 23:00:00,2023-09-25 06:00:00,2023-09-26 01:00:00,1,downside|1|2023-07-01,0.0,neither,ok,333,55,ok,0.16716417910447762,0.06682197446047901,0.08153292025677013
downside,2023-10-11 02:00:00,2023-10-11 09:00:00,2023-10-12 04:00:00,1,downside|1|2023-10-01,0.0,neither,ok,344,56,ok,0.16473988439306358,0.08394587894921521,0.07831812245838853
downside,2023-11-13 21:00:00,2023-11-14 04:00:00,2023-11-14 23:00:00,1,downside|1|2023-10-01,0.0,neither,ok,344,56,ok,0.16473988439306358,0.10224129816034877,0.10225240046670592
downside,2023-11-21 23:00:00,2023-11-22 06:00:00,2023-11-23 01:00:00,1,downside|1|2023-10-01,0.0,upper_first,ok,344,56,ok,0.16473988439306358,0.11884119193330671,0.14003964886137962
downside,2023-12-11 02:00:00,2023-12-11 09:00:00,2023-12-12 04:00:00,1,downside|1|2023-10-01,1.0,lower_first,ok,344,56,ok,0.16473988439306358,0.1393307534402662,0.15224512376818977
downside,2023-12-17 14:00:00,2023-12-17 21:00:00,2023-12-18 16:00:00,1,downside|1|2023-10-01,0.0,neither,ok,344,56,ok,0.16473988439306358,0.07573138746543877,0.07249969229399679
downside,2023-12-24 22:00:00,2023-12-25 05:00:00,2023-12-26 00:00:00,1,downside|1|2023-10-01,0.0,neither,ok,344,56,ok,0.16473988439306358,0.09134787519330062,0.0738770405249861
downside,2023-12-26 09:00:00,2023-12-26 16:00:00,2023-12-27 11:00:00,1,downside|1|2023-10-01,0.0,neither,ok,344,56,ok,0.16473988439306358,0.11558599906835419,0.12857191002721055
downside,2024-01-12 16:00:00,2024-01-12 23:00:00,2024-01-13 18:00:00,1,downside|1|2024-01-01,0.0,neither,ok,351,57,ok,0.1643059490084986,0.2796851020505501,0.35021496831715876
downside,2024-01-18 16:00:00,2024-01-18 23:00:00,2024-01-19 18:00:00,1,downside|1|2024-01-01,0.0,neither,ok,351,57,ok,0.1643059490084986,0.13398559058426782,0.20698548194138072
downside,2024-01-22 18:00:00,2024-01-23 01:00:00,2024-01-23 20:00:00,1,downside|1|2024-01-01,0.0,neither,ok,351,57,ok,0.1643059490084986,0.1347041929133462,0.24903256436218485
downside,2024-02-17 13:00:00,2024-02-17 20:00:00,2024-02-18 15:00:00,1,downside|1|2024-01-01,0.0,neither,ok,351,57,ok,0.1643059490084986,0.10757145407038994,0.08592783459401498
downside,2024-03-16 23:00:00,2024-03-17 06:00:00,2024-03-18 01:00:00,1,downside|1|2024-01-01,0.0,upper_first,ok,351,57,ok,0.1643059490084986,0.2172047677174292,0.15921274589759205
downside,2024-03-19 08:00:00,2024-03-19 15:00:00,2024-03-20 10:00:00,1,downside|1|2024-01-01,0.0,neither,ok,351,57,ok,0.1643059490084986,0.2284829633944518,0.2510209126574141
downside,2024-04-01 14:00:00,2024-04-01 21:00:00,2024-04-02 16:00:00,1,downside|1|2024-04-01,1.0,lower_first,ok,357,57,ok,0.1615598885793872,0.08113601214537072,0.13032386972567114
downside,2024-04-10 12:00:00,2024-04-10 19:00:00,2024-04-11 14:00:00,1,downside|1|2024-04-01,0.0,neither,ok,357,57,ok,0.1615598885793872,0.06963627831092176,0.0987846062319592
downside,2024-04-12 18:00:00,2024-04-13 01:00:00,2024-04-13 20:00:00,1,downside|1|2024-04-01,0.0,upper_first,ok,357,57,ok,0.1615598885793872,0.1492166203837471,0.14536396280548952
downside,2024-04-13 19:00:00,2024-04-14 02:00:00,2024-04-14 21:00:00,1,downside|1|2024-04-01,0.0,neither,ok,357,57,ok,0.1615598885793872,0.18319588528919242,0.26862374238581394
downside,2024-04-17 14:00:00,2024-04-17 21:00:00,2024-04-18 16:00:00,1,downside|1|2024-04-01,0.0,upper_first,ok,357,57,ok,0.1615598885793872,0.1861170514756002,0.21867786951341447
downside,2024-04-24 18:00:00,2024-04-25 01:00:00,2024-04-25 20:00:00,1,downside|1|2024-04-01,0.0,neither,ok,357,57,ok,0.1615598885793872,0.1063221892852443,0.11387858001066271
downside,2024-04-27 01:00:00,2024-04-27 08:00:00,2024-04-28 03:00:00,1,downside|1|2024-04-01,0.0,neither,ok,357,57,ok,0.1615598885793872,0.10035150173089542,0.07439144264742506
downside,2024-04-29 03:00:00,2024-04-29 10:00:00,2024-04-30 05:00:00,1,downside|1|2024-04-01,0.0,upper_first,ok,357,57,ok,0.1615598885793872,0.08244183243833761,0.07907738079742846
downside,2024-04-30 09:00:00,2024-04-30 16:00:00,2024-05-01 11:00:00,1,downside|1|2024-04-01,1.0,lower_first,ok,357,57,ok,0.1615598885793872,0.14674900751284697,0.20685642288675207
downside,2024-05-07 23:00:00,2024-05-08 06:00:00,2024-05-09 01:00:00,1,downside|1|2024-04-01,0.0,neither,ok,357,57,ok,0.1615598885793872,0.10473032919487094,0.08335194088452422
downside,2024-05-09 10:00:00,2024-05-09 17:00:00,2024-05-10 12:00:00,1,downside|1|2024-04-01,0.0,neither,ok,357,57,ok,0.1615598885793872,0.08462671960174524,0.09628629791224692
downside,2024-05-23 18:00:00,2024-05-24 01:00:00,2024-05-24 20:00:00,1,downside|1|2024-04-01,0.0,neither,ok,357,57,ok,0.1615598885793872,0.1400898837186341,0.14219258722608796
downside,2024-05-28 03:00:00,2024-05-28 10:00:00,2024-05-29 05:00:00,1,downside|1|2024-04-01,0.0,neither,ok,357,57,ok,0.1615598885793872,0.07576400756652708,0.096553308060527
downside,2024-06-07 17:00:00,2024-06-08 00:00:00,2024-06-08 19:00:00,1,downside|1|2024-04-01,0.0,neither,ok,357,57,ok,0.1615598885793872,0.12204934368534946,0.14053547389547666
downside,2024-06-11 01:00:00,2024-06-11 08:00:00,2024-06-12 03:00:00,1,downside|1|2024-04-01,0.0,neither,ok,357,57,ok,0.1615598885793872,0.1602664153225817,0.20664829346231664
downside,2024-06-14 16:00:00,2024-06-14 23:00:00,2024-06-15 18:00:00,1,downside|1|2024-04-01,0.0,neither,ok,357,57,ok,0.1615598885793872,0.11910690437461505,0.12963119048206
downside,2024-06-21 08:00:00,2024-06-21 15:00:00,2024-06-22 10:00:00,1,downside|1|2024-04-01,0.0,neither,ok,357,57,ok,0.1615598885793872,0.062480507782138046,0.06946472111059211
downside,2024-06-23 23:00:00,2024-06-24 06:00:00,2024-06-25 01:00:00,1,downside|1|2024-04-01,1.0,lower_first,ok,357,57,ok,0.1615598885793872,0.11301259131971873,0.14556669968135277
downside,2024-06-28 19:00:00,2024-06-29 02:00:00,2024-06-29 21:00:00,1,downside|1|2024-04-01,0.0,neither,ok,357,57,ok,0.1615598885793872,0.07054321503970522,0.05717414975254157
downside,2024-07-03 08:00:00,2024-07-03 15:00:00,2024-07-04 10:00:00,1,downside|1|2024-07-01,1.0,lower_first,ok,376,60,ok,0.16137566137566137,0.10979140486946713,0.10632683985065647
downside,2024-07-05 02:00:00,2024-07-05 09:00:00,2024-07-06 04:00:00,1,downside|1|2024-07-01,0.0,upper_first,ok,376,60,ok,0.16137566137566137,0.22844503746309874,0.21524136265402405
downside,2024-07-23 19:00:00,2024-07-24 02:00:00,2024-07-24 21:00:00,1,downside|1|2024-07-01,0.0,neither,ok,376,60,ok,0.16137566137566137,0.13081621258371173,0.09736682930893088
downside,2024-07-25 01:00:00,2024-07-25 08:00:00,2024-07-26 03:00:00,1,downside|1|2024-07-01,0.0,upper_first,ok,376,60,ok,0.16137566137566137,0.15388647729233385,0.12058336584109028
downside,2024-07-30 14:00:00,2024-07-30 21:00:00,2024-07-31 16:00:00,1,downside|1|2024-07-01,0.0,neither,ok,376,60,ok,0.16137566137566137,0.1164039402352349,0.1375240849573408
downside,2024-07-31 19:00:00,2024-08-01 02:00:00,2024-08-01 21:00:00,1,downside|1|2024-07-01,0.0,neither,ok,376,60,ok,0.16137566137566137,0.15401453951789892,0.1303242719608138
downside,2024-08-02 21:00:00,2024-08-03 04:00:00,2024-08-03 23:00:00,1,downside|1|2024-07-01,0.0,neither,ok,376,60,ok,0.16137566137566137,0.17303037561160467,0.14898474426898373
downside,2024-08-04 14:00:00,2024-08-04 21:00:00,2024-08-05 16:00:00,1,downside|1|2024-07-01,1.0,lower_first,ok,376,60,ok,0.16137566137566137,0.17008967616802034,0.19951434393285755
downside,2024-08-11 20:00:00,2024-08-12 03:00:00,2024-08-12 22:00:00,1,downside|1|2024-07-01,0.0,upper_first,ok,376,60,ok,0.16137566137566137,0.15388182572298287,0.15102008586974566
downside,2024-08-15 19:00:00,2024-08-16 02:00:00,2024-08-16 21:00:00,1,downside|1|2024-07-01,0.0,neither,ok,376,60,ok,0.16137566137566137,0.13406679270914298,0.13207577224304864
downside,2024-08-26 23:00:00,2024-08-27 06:00:00,2024-08-28 01:00:00,1,downside|1|2024-07-01,1.0,lower_first,ok,376,60,ok,0.16137566137566137,0.058427255348176624,0.051275572944129204
downside,2024-09-04 01:00:00,2024-09-04 08:00:00,2024-09-05 03:00:00,1,downside|1|2024-07-01,0.0,upper_first,ok,376,60,ok,0.16137566137566137,0.1492599554766403,0.1359292518438802
downside,2024-09-06 14:00:00,2024-09-06 21:00:00,2024-09-07 16:00:00,1,downside|1|2024-07-01,0.0,neither,ok,376,60,ok,0.16137566137566137,0.22756534025152958,0.2827802015761414
downside,2024-09-16 14:00:00,2024-09-16 21:00:00,2024-09-17 16:00:00,1,downside|1|2024-07-01,0.0,upper_first,ok,376,60,ok,0.16137566137566137,0.12123566167283938,0.14487003937145748
downside,2024-09-30 01:00:00,2024-09-30 08:00:00,2024-10-01 03:00:00,1,downside|1|2024-07-01,0.0,neither,ok,376,60,ok,0.16137566137566137,0.08723919686384532,0.09095040783586453
downside,2024-10-01 20:00:00,2024-10-02 03:00:00,2024-10-02 22:00:00,1,downside|1|2024-10-01,0.0,neither,ok,390,63,ok,0.16326530612244897,0.09149870683722706,0.08269865518504639
downside,2024-10-09 18:00:00,2024-10-10 01:00:00,2024-10-10 20:00:00,1,downside|1|2024-10-01,0.0,neither,ok,390,63,ok,0.16326530612244897,0.160545118725711,0.18639293997572265
downside,2024-10-21 13:00:00,2024-10-21 20:00:00,2024-10-22 15:00:00,1,downside|1|2024-10-01,0.0,neither,ok,390,63,ok,0.16326530612244897,0.06971546925596783,0.1508661394546225
downside,2024-10-23 08:00:00,2024-10-23 15:00:00,2024-10-24 10:00:00,1,downside|1|2024-10-01,0.0,neither,ok,390,63,ok,0.16326530612244897,0.09946583485448793,0.0960564841228934
downside,2024-11-01 01:00:00,2024-11-01 08:00:00,2024-11-02 03:00:00,1,downside|1|2024-10-01,0.0,upper_first,ok,390,63,ok,0.16326530612244897,0.1637518386020685,0.11177619757078813
downside,2024-11-03 02:00:00,2024-11-03 09:00:00,2024-11-04 04:00:00,1,downside|1|2024-10-01,0.0,neither,ok,390,63,ok,0.16326530612244897,0.13098522402788862,0.10430222437353366
downside,2024-11-04 21:00:00,2024-11-05 04:00:00,2024-11-05 23:00:00,1,downside|1|2024-10-01,0.0,upper_first,ok,390,63,ok,0.16326530612244897,0.08475940235965693,0.09889453727126458
downside,2024-11-25 14:00:00,2024-11-25 21:00:00,2024-11-26 16:00:00,1,downside|1|2024-10-01,0.0,neither,ok,390,63,ok,0.16326530612244897,0.1418135909784994,0.18034401540808506
downside,2024-11-26 20:00:00,2024-11-27 03:00:00,2024-11-27 22:00:00,1,downside|1|2024-10-01,0.0,upper_first,ok,390,63,ok,0.16326530612244897,0.14529244812217984,0.11996630606204216
downside,2024-12-02 08:00:00,2024-12-02 15:00:00,2024-12-03 10:00:00,1,downside|1|2024-10-01,0.0,neither,ok,390,63,ok,0.16326530612244897,0.09657603394986539,0.1149325910294441
downside,2024-12-03 13:00:00,2024-12-03 20:00:00,2024-12-04 15:00:00,1,downside|1|2024-10-01,0.0,neither,ok,390,63,ok,0.16326530612244897,0.10842952122448202,0.20861921269752565
downside,2024-12-09 15:00:00,2024-12-09 22:00:00,2024-12-10 17:00:00,1,downside|1|2024-10-01,0.0,neither,ok,390,63,ok,0.16326530612244897,0.1482894225846087,0.25604170697886064
downside,2024-12-18 20:00:00,2024-12-19 03:00:00,2024-12-19 22:00:00,1,downside|1|2024-10-01,1.0,lower_first,ok,390,63,ok,0.16326530612244897,0.18063521619936257,0.17804346492566564
downside,2024-12-20 08:00:00,2024-12-20 15:00:00,2024-12-21 10:00:00,1,downside|1|2024-10-01,0.0,neither,ok,390,63,ok,0.16326530612244897,0.18824970884159165,0.21522832193621005
downside,2024-12-23 15:00:00,2024-12-23 22:00:00,2024-12-24 17:00:00,1,downside|1|2024-10-01,0.0,upper_first,ok,390,63,ok,0.16326530612244897,0.12228158483052763,0.17606111256966234
downside,2024-12-27 15:00:00,2024-12-27 22:00:00,2024-12-28 17:00:00,1,downside|1|2024-10-01,0.0,neither,ok,390,63,ok,0.16326530612244897,0.12483146711223984,0.15878304520184033
downside,2024-12-29 22:00:00,2024-12-30 05:00:00,2024-12-31 00:00:00,1,downside|1|2024-10-01,0.0,neither,ok,390,63,ok,0.16326530612244897,0.09935051008625417,0.10404924798835102
downside,2025-01-07 19:00:00,2025-01-08 02:00:00,2025-01-08 21:00:00,1,downside|1|2025-01-01,0.0,neither,ok,407,64,ok,0.15892420537897312,0.1399042233152234,0.15860733762049162
downside,2025-01-09 13:00:00,2025-01-09 20:00:00,2025-01-10 15:00:00,1,downside|1|2025-01-01,0.0,upper_first,ok,407,64,ok,0.15892420537897312,0.1337869104194945,0.11787951155775377
downside,2025-01-13 10:00:00,2025-01-13 17:00:00,2025-01-14 12:00:00,1,downside|1|2025-01-01,0.0,upper_first,ok,407,64,ok,0.15892420537897312,0.1362806974853894,0.26233499447636704
downside,2025-01-26 23:00:00,2025-01-27 06:00:00,2025-01-28 01:00:00,1,downside|1|2025-01-01,0.0,upper_first,ok,407,64,ok,0.15892420537897312,0.18005392027498734,0.21476494610032326
downside,2025-02-01 20:00:00,2025-02-02 03:00:00,2025-02-02 22:00:00,1,downside|1|2025-01-01,0.0,neither,ok,407,64,ok,0.15892420537897312,0.12201695671448169,0.08881088672243272
downside,2025-02-03 01:00:00,2025-02-03 08:00:00,2025-02-04 03:00:00,1,downside|1|2025-01-01,0.0,upper_first,ok,407,64,ok,0.15892420537897312,0.14295402501212734,0.22648307569989126
downside,2025-02-09 21:00:00,2025-02-10 04:00:00,2025-02-10 23:00:00,1,downside|1|2025-01-01,0.0,neither,ok,407,64,ok,0.15892420537897312,0.07770771775388326,0.08263721002254266
downside,2025-02-16 23:00:00,2025-02-17 06:00:00,2025-02-18 01:00:00,1,downside|1|2025-01-01,0.0,neither,ok,407,64,ok,0.15892420537897312,0.06882647779223432,0.05861663497075154
downside,2025-02-18 16:00:00,2025-02-18 23:00:00,2025-02-19 18:00:00,1,downside|1|2025-01-01,0.0,neither,ok,407,64,ok,0.15892420537897312,0.06707385971906848,0.15369577553675473
downside,2025-02-24 14:00:00,2025-02-24 21:00:00,2025-02-25 16:00:00,1,downside|1|2025-01-01,1.0,lower_first,ok,407,64,ok,0.15892420537897312,0.09581118144731322,0.11917028532518839
downside,2025-02-26 18:00:00,2025-02-27 01:00:00,2025-02-27 20:00:00,1,downside|1|2025-01-01,0.0,neither,ok,407,64,ok,0.15892420537897312,0.15992844781958424,0.19987732729871127
downside,2025-02-28 01:00:00,2025-02-28 08:00:00,2025-03-01 03:00:00,1,downside|1|2025-01-01,0.0,upper_first,ok,407,64,ok,0.15892420537897312,0.25175020061148295,0.2439777733223479
downside,2025-03-04 01:00:00,2025-03-04 08:00:00,2025-03-05 03:00:00,1,downside|1|2025-01-01,0.0,upper_first,ok,407,64,ok,0.15892420537897312,0.28003121301003603,0.249498833426396
downside,2025-03-09 12:00:00,2025-03-09 19:00:00,2025-03-10 14:00:00,1,downside|1|2025-01-01,0.0,neither,ok,407,64,ok,0.15892420537897312,0.21788219322412997,0.20804150880123512
downside,2025-03-10 14:00:00,2025-03-10 21:00:00,2025-03-11 16:00:00,1,downside|1|2025-01-01,0.0,upper_first,ok,407,64,ok,0.15892420537897312,0.1777652123474702,0.2890370274610237
downside,2025-03-18 13:00:00,2025-03-18 20:00:00,2025-03-19 15:00:00,1,downside|1|2025-01-01,0.0,neither,ok,407,64,ok,0.15892420537897312,0.09906262000936183,0.11995974639111182
downside,2025-03-28 06:00:00,2025-03-28 13:00:00,2025-03-29 08:00:00,1,downside|1|2025-01-01,0.0,neither,ok,407,64,ok,0.15892420537897312,0.10731309782786964,0.09414098649737578
downside,2025-03-29 09:00:00,2025-03-29 16:00:00,2025-03-30 11:00:00,1,downside|1|2025-01-01,0.0,neither,ok,407,64,ok,0.15892420537897312,0.11810039509920824,0.08041861222275751
downside,2025-04-03 14:00:00,2025-04-03 21:00:00,2025-04-04 16:00:00,1,downside|1|2025-04-01,0.0,neither,ok,426,65,ok,0.1542056074766355,0.14063914626943272,0.153631753520932
downside,2025-04-06 17:00:00,2025-04-07 00:00:00,2025-04-07 19:00:00,1,downside|1|2025-04-01,0.0,upper_first,ok,426,65,ok,0.1542056074766355,0.21250047843638586,0.29822890451052736
downside,2025-05-04 10:00:00,2025-05-04 17:00:00,2025-05-05 12:00:00,1,downside|1|2025-04-01,0.0,neither,ok,426,65,ok,0.1542056074766355,0.08182513088465396,0.0594875034042543
downside,2025-05-12 18:00:00,2025-05-13 01:00:00,2025-05-13 20:00:00,1,downside|1|2025-04-01,0.0,neither,ok,426,65,ok,0.1542056074766355,0.10805901916090634,0.11807924098612585
downside,2025-05-19 06:00:00,2025-05-19 13:00:00,2025-05-20 08:00:00,1,downside|1|2025-04-01,0.0,upper_first,ok,426,65,ok,0.1542056074766355,0.10466607962562131,0.09901221247727174
downside,2025-05-28 19:00:00,2025-05-29 02:00:00,2025-05-29 21:00:00,1,downside|1|2025-04-01,0.0,neither,ok,426,65,ok,0.1542056074766355,0.07349098582243986,0.07451257188564873
downside,2025-05-29 23:00:00,2025-05-30 06:00:00,2025-05-31 01:00:00,1,downside|1|2025-04-01,0.0,neither,ok,426,65,ok,0.1542056074766355,0.09122737982540223,0.07663907562246311
downside,2025-05-31 01:00:00,2025-05-31 08:00:00,2025-06-01 03:00:00,1,downside|1|2025-04-01,0.0,neither,ok,426,65,ok,0.1542056074766355,0.09591912081093147,0.06537579527683995
downside,2025-06-05 16:00:00,2025-06-05 23:00:00,2025-06-06 18:00:00,1,downside|1|2025-04-01,0.0,upper_first,ok,426,65,ok,0.1542056074766355,0.14196199070991133,0.17676202748620787
downside,2025-06-12 20:00:00,2025-06-13 03:00:00,2025-06-13 22:00:00,1,downside|1|2025-04-01,0.0,neither,ok,426,65,ok,0.1542056074766355,0.15793165047140187,0.14048266723148384
downside,2025-06-17 15:00:00,2025-06-17 22:00:00,2025-06-18 17:00:00,1,downside|1|2025-04-01,0.0,neither,ok,426,65,ok,0.1542056074766355,0.10857681948468029,0.14694732952124417
downside,2025-06-20 17:00:00,2025-06-21 00:00:00,2025-06-21 19:00:00,1,downside|1|2025-04-01,0.0,neither,ok,426,65,ok,0.1542056074766355,0.08777648236602036,0.08631568540357527
downside,2025-06-21 19:00:00,2025-06-22 02:00:00,2025-06-22 21:00:00,1,downside|1|2025-04-01,0.0,neither,ok,426,65,ok,0.1542056074766355,0.07754094518870562,0.10430783548643692
downside,2025-07-01 09:00:00,2025-07-01 16:00:00,2025-07-02 11:00:00,1,downside|1|2025-07-01,0.0,neither,ok,439,65,ok,0.14965986394557823,0.072731866081652,0.09270621268567684
downside,2025-07-15 14:00:00,2025-07-15 21:00:00,2025-07-16 16:00:00,1,downside|1|2025-07-01,0.0,neither,ok,439,65,ok,0.14965986394557823,0.1072503002687214,0.15009796562265215
downside,2025-07-25 02:00:00,2025-07-25 09:00:00,2025-07-26 04:00:00,1,downside|1|2025-07-01,0.0,neither,ok,439,65,ok,0.14965986394557823,0.13000102774381564,0.17049682901732008
downside,2025-07-29 15:00:00,2025-07-29 22:00:00,2025-07-30 17:00:00,1,downside|1|2025-07-01,0.0,neither,ok,439,65,ok,0.14965986394557823,0.05377232341728289,0.056056702109023006
downside,2025-07-30 18:00:00,2025-07-31 01:00:00,2025-07-31 20:00:00,1,downside|1|2025-07-01,0.0,neither,ok,439,65,ok,0.14965986394557823,0.0433630465329413,0.04699421444978258
downside,2025-08-01 00:00:00,2025-08-01 07:00:00,2025-08-02 02:00:00,1,downside|1|2025-07-01,0.0,neither,ok,439,65,ok,0.14965986394557823,0.1095268066438678,0.08915712466197258
downside,2025-08-02 18:00:00,2025-08-03 01:00:00,2025-08-03 20:00:00,1,downside|1|2025-07-01,0.0,neither,ok,439,65,ok,0.14965986394557823,0.08133648403546097,0.06964464915107761
downside,2025-08-18 01:00:00,2025-08-18 08:00:00,2025-08-19 03:00:00,1,downside|1|2025-07-01,0.0,neither,ok,439,65,ok,0.14965986394557823,0.09883027140871439,0.10362363394824484
downside,2025-08-19 14:00:00,2025-08-19 21:00:00,2025-08-20 16:00:00,1,downside|1|2025-07-01,0.0,neither,ok,439,65,ok,0.14965986394557823,0.0926569598919155,0.11529547409358888
downside,2025-08-25 20:00:00,2025-08-26 03:00:00,2025-08-26 22:00:00,1,downside|1|2025-07-01,0.0,neither,ok,439,65,ok,0.14965986394557823,0.10781225793749451,0.11968450262768751
downside,2025-08-29 13:00:00,2025-08-29 20:00:00,2025-08-30 15:00:00,1,downside|1|2025-07-01,0.0,neither,ok,439,65,ok,0.14965986394557823,0.11620450635307977,0.1221894895088789
downside,2025-09-15 08:00:00,2025-09-15 15:00:00,2025-09-16 10:00:00,1,downside|1|2025-07-01,0.0,neither,ok,439,65,ok,0.14965986394557823,0.05125805627174832,0.056754904084949084
downside,2025-09-22 00:00:00,2025-09-22 07:00:00,2025-09-23 02:00:00,1,downside|1|2025-07-01,0.0,neither,ok,439,65,ok,0.14965986394557823,0.09687941737247148,0.08875070366924306
downside,2025-09-25 13:00:00,2025-09-25 20:00:00,2025-09-26 15:00:00,1,downside|1|2025-07-01,0.0,neither,ok,439,65,ok,0.14965986394557823,0.1168276876441559,0.12562058883994784
downside,2025-10-09 16:00:00,2025-10-09 23:00:00,2025-10-10 18:00:00,1,downside|1|2025-10-01,0.0,neither,ok,453,65,ok,0.14505494505494507,0.08418634922209632,0.07641489131100503
downside,2025-10-17 06:00:00,2025-10-17 13:00:00,2025-10-18 08:00:00,1,downside|1|2025-10-01,0.0,neither,ok,453,65,ok,0.14505494505494507,0.16404712907587074,0.15896394070557224
downside,2025-10-29 15:00:00,2025-10-29 22:00:00,2025-10-30 17:00:00,1,downside|1|2025-10-01,0.0,neither,price_unknown,453,65,features_unavailable,,,
downside,2025-10-30 19:00:00,2025-10-31 02:00:00,2025-10-31 21:00:00,1,downside|1|2025-10-01,0.0,neither,price_unknown,453,65,features_unavailable,,,
downside,2025-11-03 03:00:00,2025-11-03 10:00:00,2025-11-04 05:00:00,1,downside|1|2025-10-01,0.0,neither,price_unknown,453,65,features_unavailable,,,
downside,2025-11-04 05:00:00,2025-11-04 12:00:00,2025-11-05 07:00:00,1,downside|1|2025-10-01,0.0,neither,price_unknown,453,65,features_unavailable,,,
downside,2025-11-12 15:00:00,2025-11-12 22:00:00,2025-11-13 17:00:00,1,downside|1|2025-10-01,0.0,neither,price_unknown,453,65,features_unavailable,,,
downside,2025-11-13 16:00:00,2025-11-13 23:00:00,2025-11-14 18:00:00,1,downside|1|2025-10-01,1.0,lower_first,price_unknown,453,65,features_unavailable,,,
downside,2025-11-14 20:00:00,2025-11-15 03:00:00,2025-11-15 22:00:00,1,downside|1|2025-10-01,0.0,neither,price_unknown,453,65,features_unavailable,,,
downside,2025-11-16 21:00:00,2025-11-17 04:00:00,2025-11-17 23:00:00,1,downside|1|2025-10-01,0.0,neither,price_unknown,453,65,features_unavailable,,,
downside,2025-11-18 02:00:00,2025-11-18 09:00:00,2025-11-19 04:00:00,1,downside|1|2025-10-01,0.0,neither,price_unknown,453,65,features_unavailable,,,
downside,2025-11-20 16:00:00,2025-11-20 23:00:00,2025-11-21 18:00:00,1,downside|1|2025-10-01,1.0,lower_first,price_unknown,453,65,features_unavailable,,,
downside,2025-12-01 00:00:00,2025-12-01 07:00:00,2025-12-02 02:00:00,1,downside|1|2025-10-01,0.0,neither,ok,453,65,ok,0.14505494505494507,0.17226934815708103,0.1694131821233747
downside,2025-12-15 15:00:00,2025-12-15 22:00:00,2025-12-16 17:00:00,1,downside|1|2025-10-01,0.0,neither,ok,453,65,ok,0.14505494505494507,0.12236459495743815,0.17817938736529504
downside,2025-12-18 19:00:00,2025-12-19 02:00:00,2025-12-19 21:00:00,1,downside|1|2025-10-01,0.0,upper_first,ok,453,65,ok,0.14505494505494507,0.1248025123962357,0.1181461479537579
downside,2025-12-23 06:00:00,2025-12-23 13:00:00,2025-12-24 08:00:00,1,downside|1|2025-10-01,0.0,neither,ok,453,65,ok,0.14505494505494507,0.08377206221614888,0.07020437012890933
downside,2026-01-07 18:00:00,2026-01-08 01:00:00,2026-01-08 20:00:00,1,downside|1|2026-01-01,0.0,neither,ok,459,65,ok,0.14316702819956617,0.08783301839489911,0.07862203038082292
downside,2026-01-18 23:00:00,2026-01-19 06:00:00,2026-01-20 01:00:00,1,downside|1|2026-01-01,0.0,neither,ok,459,65,ok,0.14316702819956617,0.13261344449188175,0.13375202414132636
downside,2026-01-20 05:00:00,2026-01-20 12:00:00,2026-01-21 07:00:00,1,downside|1|2026-01-01,0.0,neither,ok,459,65,ok,0.14316702819956617,0.09442357867109966,0.09042144610856516
downside,2026-01-21 16:00:00,2026-01-21 23:00:00,2026-01-22 18:00:00,1,downside|1|2026-01-01,0.0,neither,ok,459,65,ok,0.14316702819956617,0.05880542140710181,0.0874275897139008
downside,2026-01-25 08:00:00,2026-01-25 15:00:00,2026-01-26 10:00:00,1,downside|1|2026-01-01,0.0,neither,ok,459,65,ok,0.14316702819956617,0.05842058720064856,0.045656968344709045
downside,2026-01-29 14:00:00,2026-01-29 21:00:00,2026-01-30 16:00:00,1,downside|1|2026-01-01,0.0,neither,ok,459,65,ok,0.14316702819956617,0.19850964893445783,0.2459171003128127
downside,2026-01-31 16:00:00,2026-01-31 23:00:00,2026-02-01 18:00:00,1,downside|1|2026-01-01,0.0,neither,ok,459,65,ok,0.14316702819956617,0.23195922668311947,0.2501324507149246
downside,2026-02-03 18:00:00,2026-02-04 01:00:00,2026-02-04 20:00:00,1,downside|1|2026-01-01,1.0,lower_first,ok,459,65,ok,0.14316702819956617,0.13935719356821744,0.14674988373152267
downside,2026-02-05 02:00:00,2026-02-05 09:00:00,2026-02-06 04:00:00,1,downside|1|2026-01-01,1.0,lower_first,ok,459,65,ok,0.14316702819956617,0.21422435721307292,0.19876148810383193
downside,2026-02-11 04:00:00,2026-02-11 11:00:00,2026-02-12 06:00:00,1,downside|1|2026-01-01,0.0,neither,ok,459,65,ok,0.14316702819956617,0.15307727187896727,0.12109595781607288
downside,2026-02-16 15:00:00,2026-02-16 22:00:00,2026-02-17 17:00:00,1,downside|1|2026-01-01,0.0,neither,ok,459,65,ok,0.14316702819956617,0.07419472822747084,0.06977173195338118
downside,2026-02-18 18:00:00,2026-02-19 01:00:00,2026-02-19 20:00:00,1,downside|1|2026-01-01,0.0,neither,ok,459,65,ok,0.14316702819956617,0.10608808213636166,0.10335422191351443
downside,2026-02-23 01:00:00,2026-02-23 08:00:00,2026-02-24 03:00:00,1,downside|1|2026-01-01,0.0,neither,ok,459,65,ok,0.14316702819956617,0.08261402249456883,0.0847132611945614
downside,2026-02-28 06:00:00,2026-02-28 13:00:00,2026-03-01 08:00:00,1,downside|1|2026-01-01,0.0,upper_first,ok,459,65,ok,0.14316702819956617,0.11351937812253,0.09127945184323916
downside,2026-03-07 06:00:00,2026-03-07 13:00:00,2026-03-08 08:00:00,1,downside|1|2026-01-01,0.0,neither,ok,459,65,ok,0.14316702819956617,0.1353380454211659,0.09271436203768867
downside,2026-03-08 22:00:00,2026-03-09 05:00:00,2026-03-10 00:00:00,1,downside|1|2026-01-01,0.0,neither,ok,459,65,ok,0.14316702819956617,0.056229052257271456,0.06678548972801246
downside,2026-03-18 14:00:00,2026-03-18 21:00:00,2026-03-19 16:00:00,1,downside|1|2026-01-01,0.0,neither,ok,459,65,ok,0.14316702819956617,0.13288812901492664,0.12344994367574726
downside,2026-03-22 11:00:00,2026-03-22 18:00:00,2026-03-23 13:00:00,1,downside|1|2026-01-01,0.0,upper_first,ok,459,65,ok,0.14316702819956617,0.09414260439844825,0.07275492166764268
downside,2026-03-26 17:00:00,2026-03-27 00:00:00,2026-03-27 19:00:00,1,downside|1|2026-01-01,0.0,neither,ok,459,65,ok,0.14316702819956617,0.11567821088396225,0.10382475151125743
downside,2026-04-19 21:00:00,2026-04-20 04:00:00,2026-04-20 23:00:00,1,downside|1|2026-04-01,0.0,neither,ok,478,67,ok,0.14166666666666666,0.08226657164305075,0.08138406185686799
downside,2026-04-27 15:00:00,2026-04-27 22:00:00,2026-04-28 17:00:00,1,downside|1|2026-04-01,0.0,neither,ok,478,67,ok,0.14166666666666666,0.08265196457199232,0.0871740561685766
downside,2026-04-29 18:00:00,2026-04-30 01:00:00,2026-04-30 20:00:00,1,downside|1|2026-04-01,0.0,neither,ok,478,67,ok,0.14166666666666666,0.0711932641933307,0.06522628311051541
downside,2026-05-12 16:00:00,2026-05-12 23:00:00,2026-05-13 18:00:00,1,downside|1|2026-04-01,0.0,neither,price_unknown,478,67,features_unavailable,,,
downside,2026-05-16 07:00:00,2026-05-16 14:00:00,2026-05-17 09:00:00,1,downside|1|2026-04-01,0.0,neither,price_unknown,478,67,features_unavailable,,,
downside,2026-05-17 23:00:00,2026-05-18 06:00:00,2026-05-19 01:00:00,1,downside|1|2026-04-01,0.0,neither,price_unknown,478,67,features_unavailable,,,
downside,2026-05-22 19:00:00,2026-05-23 02:00:00,2026-05-23 21:00:00,1,downside|1|2026-04-01,0.0,neither,price_unknown,478,67,features_unavailable,,,
downside,2026-05-26 22:00:00,2026-05-27 05:00:00,2026-05-28 00:00:00,1,downside|1|2026-04-01,0.0,neither,price_unknown,478,67,features_unavailable,,,
downside,2026-05-28 03:00:00,2026-05-28 10:00:00,2026-05-29 05:00:00,1,downside|1|2026-04-01,0.0,neither,price_unknown,478,67,features_unavailable,,,
downside,2026-06-01 12:00:00,2026-06-01 19:00:00,2026-06-02 14:00:00,1,downside|1|2026-04-01,0.0,neither,price_unknown,478,67,features_unavailable,,,
downside,2026-06-02 22:00:00,2026-06-03 05:00:00,2026-06-04 00:00:00,1,downside|1|2026-04-01,0.0,neither,price_unknown,478,67,features_unavailable,,,
downside,2026-06-03 23:00:00,2026-06-04 06:00:00,2026-06-05 01:00:00,1,downside|1|2026-04-01,0.0,neither,price_unknown,478,67,features_unavailable,,,
downside,2026-06-05 13:00:00,2026-06-05 20:00:00,2026-06-06 15:00:00,1,downside|1|2026-04-01,0.0,neither,price_unknown,478,67,features_unavailable,,,
downside,2026-06-18 04:00:00,2026-06-18 11:00:00,2026-06-19 06:00:00,1,downside|1|2026-04-01,0.0,neither,ok,478,67,ok,0.14166666666666666,0.08783094119992794,0.07114218593539891
downside,2026-06-23 06:00:00,2026-06-23 13:00:00,2026-06-24 08:00:00,1,downside|1|2026-04-01,0.0,neither,ok,478,67,ok,0.14166666666666666,0.13375099845912275,0.11468275888196373
downside,2026-06-24 13:00:00,2026-06-24 20:00:00,2026-06-25 15:00:00,1,downside|1|2026-04-01,0.0,neither,ok,478,67,ok,0.14166666666666666,0.1430239154574676,0.18211933930149646
downside,2026-06-30 12:00:00,2026-06-30 19:00:00,2026-07-01 14:00:00,1,downside|1|2026-04-01,0.0,neither,ok,478,67,ok,0.14166666666666666,0.08321359363692216,0.10074413607324162
downside,2026-07-13 02:00:00,2026-07-13 09:00:00,2026-07-14 04:00:00,1,downside|1|2026-07-01,0.0,neither,ok,484,67,ok,0.13991769547325103,0.06765832289864082,0.06553080260576698
downside,2026-07-23 17:00:00,2026-07-24 00:00:00,2026-07-24 19:00:00,1,downside|1|2026-07-01,0.0,neither,ok,484,67,ok,0.13991769547325103,0.06473698043138636,0.06474505351977208
downside,2026-07-27 23:00:00,2026-07-28 06:00:00,2026-07-29 01:00:00,1,downside|1|2026-07-01,0.0,neither,ok,484,67,ok,0.13991769547325103,0.09995638122959577,0.08957091500042032
downside,2026-07-31 14:00:00,2026-07-31 21:00:00,2026-08-01 16:00:00,1,downside|1|2026-07-01,0.0,neither,ok,484,67,ok,0.13991769547325103,0.10278499842141865,0.09100369873509827
downside,2026-08-10 15:00:00,2026-08-10 22:00:00,2026-08-11 17:00:00,1,downside|1|2026-07-01,0.0,neither,ok,484,67,ok,0.13991769547325103,0.06563762208470134,0.06446222459360706
downside,2026-08-11 18:00:00,2026-08-12 01:00:00,2026-08-12 20:00:00,1,downside|1|2026-07-01,0.0,neither,ok,484,67,ok,0.13991769547325103,0.03993787703132266,0.039400112190634586
downside,2026-08-13 16:00:00,2026-08-13 23:00:00,2026-08-14 18:00:00,1,downside|1|2026-07-01,0.0,neither,ok,484,67,ok,0.13991769547325103,0.04180135895243072,0.03956372469181281
downside,2026-09-08 04:00:00,2026-09-08 11:00:00,2026-09-09 06:00:00,1,downside|1|2026-07-01,0.0,neither,ok,484,67,ok,0.13991769547325103,0.05829323428255677,0.0531655309606391
downside,2026-09-10 12:00:00,2026-09-10 19:00:00,2026-09-11 14:00:00,1,downside|1|2026-07-01,0.0,neither,ok,484,67,ok,0.13991769547325103,0.08342903087245396,0.0939576266059583
downside,2026-09-15 14:00:00,2026-09-15 21:00:00,2026-09-16 16:00:00,1,downside|1|2026-07-01,0.0,neither,ok,484,67,ok,0.13991769547325103,0.10402246607840504,0.12651995407893865
downside,2026-09-24 09:00:00,2026-09-24 16:00:00,2026-09-25 11:00:00,1,downside|1|2026-07-01,0.0,neither,ok,484,67,ok,0.13991769547325103,0.06350731384224823,0.06029548472594412
downside,2018-01-08 09:00:00,2018-01-08 16:00:00,2018-01-09 16:00:00,6,downside|6|2018-01-01,0.0,neither,price_unknown,61,12,features_unavailable,,,
downside,2018-01-10 08:00:00,2018-01-10 15:00:00,2018-01-11 15:00:00,6,downside|6|2018-01-01,0.0,upper_first,price_unknown,61,12,features_unavailable,,,
downside,2018-01-16 01:00:00,2018-01-16 08:00:00,2018-01-17 08:00:00,6,downside|6|2018-01-01,0.0,upper_first,ok,61,12,insufficient_training,,,
downside,2018-01-17 14:00:00,2018-01-17 21:00:00,2018-01-18 21:00:00,6,downside|6|2018-01-01,1.0,lower_first,ok,61,12,insufficient_training,,,
downside,2018-01-22 13:00:00,2018-01-22 20:00:00,2018-01-23 20:00:00,6,downside|6|2018-01-01,1.0,lower_first,ok,61,12,insufficient_training,,,
downside,2018-01-30 13:00:00,2018-01-30 20:00:00,2018-01-31 20:00:00,6,downside|6|2018-01-01,0.0,upper_first,ok,61,12,insufficient_training,,,
downside,2018-02-05 14:00:00,2018-02-05 21:00:00,2018-02-06 21:00:00,6,downside|6|2018-01-01,1.0,lower_first,price_unknown,61,12,features_unavailable,,,
downside,2018-02-22 10:00:00,2018-02-22 17:00:00,2018-02-23 17:00:00,6,downside|6|2018-01-01,0.0,upper_first,price_unknown,61,12,features_unavailable,,,
downside,2018-02-24 20:00:00,2018-02-25 03:00:00,2018-02-26 03:00:00,6,downside|6|2018-01-01,0.0,neither,price_unknown,61,12,features_unavailable,,,
downside,2018-03-06 10:00:00,2018-03-06 17:00:00,2018-03-07 17:00:00,6,downside|6|2018-01-01,1.0,lower_first,ok,61,12,insufficient_training,,,
downside,2018-03-07 16:00:00,2018-03-07 23:00:00,2018-03-08 23:00:00,6,downside|6|2018-01-01,0.0,upper_first,ok,61,12,insufficient_training,,,
downside,2018-03-08 17:00:00,2018-03-09 00:00:00,2018-03-10 00:00:00,6,downside|6|2018-01-01,0.0,upper_first,ok,61,12,insufficient_training,,,
downside,2018-03-14 16:00:00,2018-03-14 23:00:00,2018-03-15 23:00:00,6,downside|6|2018-01-01,0.0,upper_first,ok,61,12,insufficient_training,,,
downside,2018-03-18 02:00:00,2018-03-18 09:00:00,2018-03-19 09:00:00,6,downside|6|2018-01-01,0.0,upper_first,ok,61,12,insufficient_training,,,
downside,2018-03-23 12:00:00,2018-03-23 19:00:00,2018-03-24 19:00:00,6,downside|6|2018-01-01,0.0,neither,ok,61,12,insufficient_training,,,
downside,2018-03-26 10:00:00,2018-03-26 17:00:00,2018-03-27 17:00:00,6,downside|6|2018-01-01,1.0,lower_first,ok,61,12,insufficient_training,,,
downside,2018-03-29 04:00:00,2018-03-29 11:00:00,2018-03-30 11:00:00,6,downside|6|2018-01-01,1.0,lower_first,ok,61,12,insufficient_training,,,
downside,2018-04-01 13:00:00,2018-04-01 20:00:00,2018-04-02 20:00:00,6,downside|6|2018-04-01,0.0,neither,ok,73,17,insufficient_training,,,
downside,2018-04-05 00:00:00,2018-04-05 07:00:00,2018-04-06 07:00:00,6,downside|6|2018-04-01,0.0,upper_first,ok,73,17,insufficient_training,,,
downside,2018-04-06 10:00:00,2018-04-06 17:00:00,2018-04-07 17:00:00,6,downside|6|2018-04-01,0.0,upper_first,ok,73,17,insufficient_training,,,
downside,2018-04-17 19:00:00,2018-04-18 02:00:00,2018-04-19 02:00:00,6,downside|6|2018-04-01,0.0,neither,ok,73,17,insufficient_training,,,
downside,2018-04-25 14:00:00,2018-04-25 21:00:00,2018-04-26 21:00:00,6,downside|6|2018-04-01,0.0,upper_first,ok,73,17,insufficient_training,,,
downside,2018-05-07 01:00:00,2018-05-07 08:00:00,2018-05-08 08:00:00,6,downside|6|2018-04-01,0.0,neither,ok,73,17,insufficient_training,,,
downside,2018-05-08 12:00:00,2018-05-08 19:00:00,2018-05-09 19:00:00,6,downside|6|2018-04-01,0.0,neither,ok,73,17,insufficient_training,,,
downside,2018-05-16 02:00:00,2018-05-16 09:00:00,2018-05-17 09:00:00,6,downside|6|2018-04-01,0.0,upper_first,price_unknown,73,17,features_unavailable,,,
downside,2018-05-17 22:00:00,2018-05-18 05:00:00,2018-05-19 05:00:00,6,downside|6|2018-04-01,0.0,neither,price_unknown,73,17,features_unavailable,,,
downside,2018-05-22 12:00:00,2018-05-22 19:00:00,2018-05-23 19:00:00,6,downside|6|2018-04-01,1.0,lower_first,price_unknown,73,17,features_unavailable,,,
downside,2018-05-23 15:00:00,2018-05-23 22:00:00,2018-05-24 22:00:00,6,downside|6|2018-04-01,0.0,neither,price_unknown,73,17,features_unavailable,,,
downside,2018-05-27 00:00:00,2018-05-27 07:00:00,2018-05-28 07:00:00,6,downside|6|2018-04-01,0.0,neither,price_unknown,73,17,features_unavailable,,,
downside,2018-05-28 05:00:00,2018-05-28 12:00:00,2018-05-29 12:00:00,6,downside|6|2018-04-01,0.0,upper_first,price_unknown,73,17,features_unavailable,,,
downside,2018-06-09 23:00:00,2018-06-10 06:00:00,2018-06-11 06:00:00,6,downside|6|2018-04-01,1.0,lower_first,price_unknown,73,17,features_unavailable,,,
downside,2018-06-12 19:00:00,2018-06-13 02:00:00,2018-06-14 02:00:00,6,downside|6|2018-04-01,1.0,lower_first,price_unknown,73,17,features_unavailable,,,
downside,2018-06-22 07:00:00,2018-06-22 14:00:00,2018-06-23 14:00:00,6,downside|6|2018-04-01,0.0,neither,price_unknown,73,17,features_unavailable,,,
downside,2018-06-24 04:00:00,2018-06-24 11:00:00,2018-06-25 11:00:00,6,downside|6|2018-04-01,0.0,neither,price_unknown,73,17,features_unavailable,,,
downside,2018-06-28 21:00:00,2018-06-29 04:00:00,2018-06-30 04:00:00,6,downside|6|2018-04-01,0.0,upper_first,price_unknown,73,17,features_unavailable,,,
downside,2018-07-10 09:00:00,2018-07-10 16:00:00,2018-07-11 16:00:00,6,downside|6|2018-07-01,0.0,neither,ok,80,17,ok,0.21951219512195122,0.10807621939648658,0.12813028965423812
downside,2018-07-12 06:00:00,2018-07-12 13:00:00,2018-07-13 13:00:00,6,downside|6|2018-07-01,0.0,neither,ok,80,17,ok,0.21951219512195122,0.1402617526835305,0.09738940038485643
downside,2018-07-27 12:00:00,2018-07-27 19:00:00,2018-07-28 19:00:00,6,downside|6|2018-07-01,0.0,neither,ok,80,17,ok,0.21951219512195122,0.1585520279677955,0.2464004193143581
downside,2018-07-30 17:00:00,2018-07-31 00:00:00,2018-08-01 00:00:00,6,downside|6|2018-07-01,1.0,lower_first,ok,80,17,ok,0.21951219512195122,0.10858183980657737,0.2103636755013574
downside,2018-08-01 01:00:00,2018-08-01 08:00:00,2018-08-02 08:00:00,6,downside|6|2018-07-01,0.0,neither,ok,80,17,ok,0.21951219512195122,0.18627006586707157,0.17919815855401477
downside,2018-08-03 00:00:00,2018-08-03 07:00:00,2018-08-04 07:00:00,6,downside|6|2018-07-01,0.0,neither,ok,80,17,ok,0.21951219512195122,0.20100498204766673,0.1569909792268685
downside,2018-08-04 12:00:00,2018-08-04 19:00:00,2018-08-05 19:00:00,6,downside|6|2018-07-01,0.0,neither,ok,80,17,ok,0.21951219512195122,0.22803352342246344,0.23033257586175307
downside,2018-08-06 21:00:00,2018-08-07 04:00:00,2018-08-08 04:00:00,6,downside|6|2018-07-01,1.0,lower_first,ok,80,17,ok,0.21951219512195122,0.18915062030730212,0.16430263136334355
downside,2018-08-08 00:00:00,2018-08-08 07:00:00,2018-08-09 07:00:00,6,downside|6|2018-07-01,1.0,lower_first,ok,80,17,ok,0.21951219512195122,0.18196124077536224,0.21788550895301387
downside,2018-08-14 02:00:00,2018-08-14 09:00:00,2018-08-15 09:00:00,6,downside|6|2018-07-01,0.0,upper_first,price_unknown,80,17,features_unavailable,,,
downside,2018-08-20 22:00:00,2018-08-21 05:00:00,2018-08-22 05:00:00,6,downside|6|2018-07-01,0.0,upper_first,price_unknown,80,17,features_unavailable,,,
downside,2018-09-05 09:00:00,2018-09-05 16:00:00,2018-09-06 16:00:00,6,downside|6|2018-07-01,1.0,lower_first,price_unknown,80,17,features_unavailable,,,
downside,2018-09-08 17:00:00,2018-09-09 00:00:00,2018-09-10 00:00:00,6,downside|6|2018-07-01,0.0,upper_first,price_unknown,80,17,features_unavailable,,,
downside,2018-09-17 15:00:00,2018-09-17 22:00:00,2018-09-18 22:00:00,6,downside|6|2018-07-01,0.0,neither,ok,80,17,ok,0.21951219512195122,0.08139957300350736,0.10484888140676846
downside,2018-09-19 18:00:00,2018-09-20 01:00:00,2018-09-21 01:00:00,6,downside|6|2018-07-01,0.0,neither,ok,80,17,ok,0.21951219512195122,0.0734537483713263,0.19000767504727198
downside,2018-09-24 09:00:00,2018-09-24 16:00:00,2018-09-25 16:00:00,6,downside|6|2018-07-01,0.0,neither,ok,80,17,ok,0.21951219512195122,0.10774978467145416,0.09556088938671568
downside,2018-09-25 18:00:00,2018-09-26 01:00:00,2018-09-27 01:00:00,6,downside|6|2018-07-01,0.0,neither,ok,80,17,ok,0.21951219512195122,0.09324917233237799,0.10464476598022183
downside,2018-10-03 03:00:00,2018-10-03 10:00:00,2018-10-04 10:00:00,6,downside|6|2018-10-01,0.0,neither,ok,93,20,ok,0.22105263157894736,0.06638622970090535,0.045929905392917234
downside,2018-10-10 05:00:00,2018-10-10 12:00:00,2018-10-11 12:00:00,6,downside|6|2018-10-01,1.0,lower_first,ok,93,20,ok,0.22105263157894736,0.05618494422307396,0.037576770297768916
downside,2018-10-23 10:00:00,2018-10-23 17:00:00,2018-10-24 17:00:00,6,downside|6|2018-10-01,0.0,neither,ok,93,20,ok,0.22105263157894736,0.023477108837406755,0.025537029825379448
downside,2018-10-29 11:00:00,2018-10-29 18:00:00,2018-10-30 18:00:00,6,downside|6|2018-10-01,0.0,neither,ok,93,20,ok,0.22105263157894736,0.0159957204742099,0.011582646541962009
downside,2018-11-09 09:00:00,2018-11-09 16:00:00,2018-11-10 16:00:00,6,downside|6|2018-10-01,0.0,neither,ok,93,20,ok,0.22105263157894736,0.05737310374255592,0.034972581525768175
downside,2018-11-14 10:00:00,2018-11-14 17:00:00,2018-11-15 17:00:00,6,downside|6|2018-10-01,1.0,lower_first,ok,93,20,ok,0.22105263157894736,0.050455004433485676,0.1601530205011249
downside,2018-11-15 14:00:00,2018-11-15 21:00:00,2018-11-16 21:00:00,6,downside|6|2018-10-01,0.0,neither,ok,93,20,ok,0.22105263157894736,0.3032751752838191,0.5068439817143566
downside,2018-11-19 08:00:00,2018-11-19 15:00:00,2018-11-20 15:00:00,6,downside|6|2018-10-01,1.0,lower_first,ok,93,20,ok,0.22105263157894736,0.10023352829296778,0.19360377282757346
downside,2018-11-24 21:00:00,2018-11-25 04:00:00,2018-11-26 04:00:00,6,downside|6|2018-10-01,0.0,upper_first,ok,93,20,ok,0.22105263157894736,0.1975900648071552,0.26796262328065196
downside,2018-12-03 15:00:00,2018-12-03 22:00:00,2018-12-04 22:00:00,6,downside|6|2018-10-01,0.0,upper_first,ok,93,20,ok,0.22105263157894736,0.1948930241947794,0.18048525168234777
downside,2018-12-05 16:00:00,2018-12-05 23:00:00,2018-12-06 23:00:00,6,downside|6|2018-10-01,0.0,upper_first,ok,93,20,ok,0.22105263157894736,0.2149081671556314,0.17779988259726034
downside,2018-12-06 23:00:00,2018-12-07 06:00:00,2018-12-08 06:00:00,6,downside|6|2018-10-01,0.0,upper_first,ok,93,20,ok,0.22105263157894736,0.2090028060558737,0.27351071610830774
downside,2018-12-13 20:00:00,2018-12-14 03:00:00,2018-12-15 03:00:00,6,downside|6|2018-10-01,0.0,neither,ok,93,20,ok,0.22105263157894736,0.08932194868050958,0.10137041190814544
downside,2018-12-25 03:00:00,2018-12-25 10:00:00,2018-12-26 10:00:00,6,downside|6|2018-10-01,,censored,ok,93,20,ok,0.22105263157894736,0.34396396202882,0.2055069466097878
downside,2019-01-10 06:00:00,2019-01-10 13:00:00,2019-01-11 13:00:00,6,downside|6|2019-01-01,0.0,neither,price_unknown,106,23,features_unavailable,,,
downside,2019-01-13 16:00:00,2019-01-13 23:00:00,2019-01-14 23:00:00,6,downside|6|2019-01-01,0.0,upper_first,price_unknown,106,23,features_unavailable,,,
downside,2019-01-20 12:00:00,2019-01-20 19:00:00,2019-01-21 19:00:00,6,downside|6|2019-01-01,0.0,neither,price_unknown,106,23,features_unavailable,,,
downside,2019-01-28 03:00:00,2019-01-28 10:00:00,2019-01-29 10:00:00,6,downside|6|2019-01-01,0.0,neither,ok,106,23,ok,0.2222222222222222,0.0986955096283509,0.1360809466891397
downside,2019-01-29 07:00:00,2019-01-29 14:00:00,2019-01-30 14:00:00,6,downside|6|2019-01-01,0.0,neither,ok,106,23,ok,0.2222222222222222,0.09154216202077423,0.07292042799952878
downside,2019-02-06 01:00:00,2019-02-06 08:00:00,2019-02-07 08:00:00,6,downside|6|2019-01-01,0.0,neither,ok,106,23,ok,0.2222222222222222,0.04165146572563906,0.030854459441463755
downside,2019-02-12 00:00:00,2019-02-12 07:00:00,2019-02-13 07:00:00,6,downside|6|2019-01-01,0.0,neither,ok,106,23,ok,0.2222222222222222,0.09622131792948584,0.081231701813357
downside,2019-02-24 14:00:00,2019-02-24 21:00:00,2019-02-25 21:00:00,6,downside|6|2019-01-01,0.0,neither,ok,106,23,ok,0.2222222222222222,0.2222687252125567,0.21123569845484233
downside,2019-02-27 20:00:00,2019-02-28 03:00:00,2019-03-01 03:00:00,6,downside|6|2019-01-01,0.0,neither,ok,106,23,ok,0.2222222222222222,0.10439860045754741,0.11010147054486162
downside,2019-03-04 04:00:00,2019-03-04 11:00:00,2019-03-05 11:00:00,6,downside|6|2019-01-01,0.0,neither,ok,106,23,ok,0.2222222222222222,0.19474546300570741,0.17122856756223898
downside,2019-03-12 02:00:00,2019-03-12 09:00:00,2019-03-13 09:00:00,6,downside|6|2019-01-01,0.0,neither,ok,106,23,ok,0.2222222222222222,0.10942920447077358,0.09996848411062004
downside,2019-03-21 14:00:00,2019-03-21 21:00:00,2019-03-22 21:00:00,6,downside|6|2019-01-01,0.0,neither,ok,106,23,ok,0.2222222222222222,0.07562595175868729,0.08947917041734674
downside,2019-03-25 18:00:00,2019-03-26 01:00:00,2019-03-27 01:00:00,6,downside|6|2019-01-01,0.0,neither,ok,106,23,ok,0.2222222222222222,0.057375108751430134,0.07189936716878802
downside,2019-04-11 09:00:00,2019-04-11 16:00:00,2019-04-12 16:00:00,6,downside|6|2019-04-01,0.0,neither,price_unknown,116,23,features_unavailable,,,
downside,2019-04-25 22:00:00,2019-04-26 05:00:00,2019-04-27 05:00:00,6,downside|6|2019-04-01,0.0,neither,price_unknown,116,23,features_unavailable,,,
downside,2019-05-17 02:00:00,2019-05-17 09:00:00,2019-05-18 09:00:00,6,downside|6|2019-04-01,0.0,upper_first,ok,116,23,ok,0.2033898305084746,0.35716211616501287,0.388530205666843
downside,2019-05-30 21:00:00,2019-05-31 04:00:00,2019-06-01 04:00:00,6,downside|6|2019-04-01,0.0,upper_first,ok,116,23,ok,0.2033898305084746,0.3039616680346882,0.3073286626167417
downside,2019-06-03 23:00:00,2019-06-04 06:00:00,2019-06-05 06:00:00,6,downside|6|2019-04-01,1.0,lower_first,ok,116,23,ok,0.2033898305084746,0.2981377234221216,0.39671146869726703
downside,2019-06-09 22:00:00,2019-06-10 05:00:00,2019-06-11 05:00:00,6,downside|6|2019-04-01,0.0,upper_first,ok,116,23,ok,0.2033898305084746,0.20597986415407574,0.171767642436408
downside,2019-07-01 14:00:00,2019-07-01 21:00:00,2019-07-02 21:00:00,6,downside|6|2019-07-01,1.0,lower_first,price_unknown,120,24,features_unavailable,,,
downside,2019-07-11 04:00:00,2019-07-11 11:00:00,2019-07-12 11:00:00,6,downside|6|2019-07-01,1.0,lower_first,price_unknown,120,24,features_unavailable,,,
downside,2019-07-13 20:00:00,2019-07-14 03:00:00,2019-07-15 03:00:00,6,downside|6|2019-07-01,1.0,lower_first,price_unknown,120,24,features_unavailable,,,
downside,2019-07-14 23:00:00,2019-07-15 06:00:00,2019-07-16 06:00:00,6,downside|6|2019-07-01,0.0,upper_first,price_unknown,120,24,features_unavailable,,,
downside,2019-07-16 17:00:00,2019-07-17 00:00:00,2019-07-18 00:00:00,6,downside|6|2019-07-01,1.0,lower_first,price_unknown,120,24,features_unavailable,,,
downside,2019-07-22 14:00:00,2019-07-22 21:00:00,2019-07-23 21:00:00,6,downside|6|2019-07-01,0.0,neither,ok,120,24,ok,0.20491803278688525,0.19039312145999143,0.23510585006599574
downside,2019-07-23 23:00:00,2019-07-24 06:00:00,2019-07-25 06:00:00,6,downside|6|2019-07-01,0.0,upper_first,ok,120,24,ok,0.20491803278688525,0.23154446713687546,0.21834141661913326
downside,2019-07-27 10:00:00,2019-07-27 17:00:00,2019-07-28 17:00:00,6,downside|6|2019-07-01,0.0,neither,ok,120,24,ok,0.20491803278688525,0.23513534055070784,0.2340590448048165
downside,2019-08-10 11:00:00,2019-08-10 18:00:00,2019-08-11 18:00:00,6,downside|6|2019-07-01,0.0,neither,ok,120,24,ok,0.20491803278688525,0.215492591394741,0.1723187392859309
downside,2019-08-13 14:00:00,2019-08-13 21:00:00,2019-08-14 21:00:00,6,downside|6|2019-07-01,1.0,lower_first,ok,120,24,ok,0.20491803278688525,0.15862957487614618,0.15607267207813103
downside,2019-08-14 16:00:00,2019-08-14 23:00:00,2019-08-15 23:00:00,6,downside|6|2019-07-01,0.0,upper_first,ok,120,24,ok,0.20491803278688525,0.17041297385400797,0.2276194530747445
downside,2019-08-21 12:00:00,2019-08-21 19:00:00,2019-08-22 19:00:00,6,downside|6|2019-07-01,0.0,neither,ok,120,24,ok,0.20491803278688525,0.20849649477757143,0.19879377748216887
downside,2019-08-28 18:00:00,2019-08-29 01:00:00,2019-08-30 01:00:00,6,downside|6|2019-07-01,0.0,neither,ok,120,24,ok,0.20491803278688525,0.20890684345354998,0.2137942582627122
downside,2019-09-09 07:00:00,2019-09-09 14:00:00,2019-09-10 14:00:00,6,downside|6|2019-07-01,0.0,neither,ok,120,24,ok,0.20491803278688525,0.14169433823855537,0.19879772960427725
downside,2019-09-10 19:00:00,2019-09-11 02:00:00,2019-09-12 02:00:00,6,downside|6|2019-07-01,0.0,neither,ok,120,24,ok,0.20491803278688525,0.11206061480787548,0.12435959999813995
downside,2019-09-16 12:00:00,2019-09-16 19:00:00,2019-09-17 19:00:00,6,downside|6|2019-07-01,0.0,neither,ok,120,24,ok,0.20491803278688525,0.108633392647015,0.12244231163673991
downside,2019-09-19 03:00:00,2019-09-19 10:00:00,2019-09-20 10:00:00,6,downside|6|2019-07-01,0.0,upper_first,ok,120,24,ok,0.20491803278688525,0.10559787861875318,0.07205394806345211
downside,2019-09-24 14:00:00,2019-09-24 21:00:00,2019-09-25 21:00:00,6,downside|6|2019-07-01,0.0,neither,ok,120,24,ok,0.20491803278688525,0.6186694811593982,0.7371331890523859
downside,2019-09-26 15:00:00,2019-09-26 22:00:00,2019-09-27 22:00:00,6,downside|6|2019-07-01,0.0,upper_first,ok,120,24,ok,0.20491803278688525,0.26530257236574206,0.34294640929378045
downside,2019-09-30 04:00:00,2019-09-30 11:00:00,2019-10-01 11:00:00,6,downside|6|2019-07-01,0.0,neither,ok,120,24,ok,0.20491803278688525,0.09378314470941357,0.10094267050498565
downside,2019-10-06 06:00:00,2019-10-06 13:00:00,2019-10-07 13:00:00,6,downside|6|2019-10-01,0.0,upper_first,ok,134,25,ok,0.19117647058823528,0.07440186273062262,0.05464335142529331
downside,2019-10-16 11:00:00,2019-10-16 18:00:00,2019-10-17 18:00:00,6,downside|6|2019-10-01,0.0,neither,ok,134,25,ok,0.19117647058823528,0.10105401975007432,0.1472417002139526
downside,2019-10-18 05:00:00,2019-10-18 12:00:00,2019-10-19 12:00:00,6,downside|6|2019-10-01,0.0,neither,ok,134,25,ok,0.19117647058823528,0.07143783414330437,0.06512299471076334
downside,2019-10-23 12:00:00,2019-10-23 19:00:00,2019-10-24 19:00:00,6,downside|6|2019-10-01,0.0,neither,ok,134,25,ok,0.19117647058823528,0.13151917011680042,0.1724236994307362
downside,2019-11-08 08:00:00,2019-11-08 15:00:00,2019-11-09 15:00:00,6,downside|6|2019-10-01,0.0,neither,price_unknown,134,25,features_unavailable,,,
downside,2019-11-11 09:00:00,2019-11-11 16:00:00,2019-11-12 16:00:00,6,downside|6|2019-10-01,0.0,neither,price_unknown,134,25,features_unavailable,,,
downside,2019-11-15 01:00:00,2019-11-15 08:00:00,2019-11-16 08:00:00,6,downside|6|2019-10-01,0.0,neither,price_unknown,134,25,features_unavailable,,,
downside,2019-11-18 17:00:00,2019-11-19 00:00:00,2019-11-20 00:00:00,6,downside|6|2019-10-01,0.0,neither,price_unknown,134,25,features_unavailable,,,
downside,2019-11-21 08:00:00,2019-11-21 15:00:00,2019-11-22 15:00:00,6,downside|6|2019-10-01,1.0,lower_first,price_unknown,134,25,features_unavailable,,,
downside,2019-11-22 10:00:00,2019-11-22 17:00:00,2019-11-23 17:00:00,6,downside|6|2019-10-01,0.0,neither,price_unknown,134,25,features_unavailable,,,
downside,2019-11-25 01:00:00,2019-11-25 08:00:00,2019-11-26 08:00:00,6,downside|6|2019-10-01,0.0,upper_first,price_unknown,134,25,features_unavailable,,,
downside,2019-12-01 02:00:00,2019-12-01 09:00:00,2019-12-02 09:00:00,6,downside|6|2019-10-01,0.0,neither,ok,134,25,ok,0.19117647058823528,0.1570005450610832,0.12980150201824306
downside,2019-12-04 00:00:00,2019-12-04 07:00:00,2019-12-05 07:00:00,6,downside|6|2019-10-01,0.0,upper_first,ok,134,25,ok,0.19117647058823528,0.10369544963151149,0.07246169307183158
downside,2019-12-09 19:00:00,2019-12-10 02:00:00,2019-12-11 02:00:00,6,downside|6|2019-10-01,0.0,neither,ok,134,25,ok,0.19117647058823528,0.08487849601087392,0.09027716371716503
downside,2019-12-14 15:00:00,2019-12-14 22:00:00,2019-12-15 22:00:00,6,downside|6|2019-10-01,0.0,neither,ok,134,25,ok,0.19117647058823528,0.05917667901257643,0.043567765556597124
downside,2019-12-16 18:00:00,2019-12-17 01:00:00,2019-12-18 01:00:00,6,downside|6|2019-10-01,0.0,neither,ok,134,25,ok,0.19117647058823528,0.08898763564471765,0.11871640323387284
downside,2019-12-17 19:00:00,2019-12-18 02:00:00,2019-12-19 02:00:00,6,downside|6|2019-10-01,0.0,upper_first,ok,134,25,ok,0.19117647058823528,0.10715201096026926,0.1425937520730173
downside,2019-12-25 16:00:00,2019-12-25 23:00:00,2019-12-26 23:00:00,6,downside|6|2019-10-01,0.0,upper_first,ok,134,25,ok,0.19117647058823528,0.14889522371707273,0.10865791278893283
downside,2019-12-27 11:00:00,2019-12-27 18:00:00,2019-12-28 18:00:00,6,downside|6|2019-10-01,0.0,neither,ok,134,25,ok,0.19117647058823528,0.10443736306301493,0.1492735571985554
downside,2019-12-31 15:00:00,2019-12-31 22:00:00,2020-01-01 22:00:00,6,downside|6|2019-10-01,0.0,neither,ok,134,25,ok,0.19117647058823528,0.09435644320712533,0.09702794944950562
downside,2020-01-02 03:00:00,2020-01-02 10:00:00,2020-01-03 10:00:00,6,downside|6|2020-01-01,0.0,upper_first,ok,147,25,ok,0.174496644295302,0.07328131330397097,0.055999959068257686
downside,2020-01-10 08:00:00,2020-01-10 15:00:00,2020-01-11 15:00:00,6,downside|6|2020-01-01,0.0,neither,ok,147,25,ok,0.174496644295302,0.17983847169424866,0.16132324126898068
downside,2020-01-23 09:00:00,2020-01-23 16:00:00,2020-01-24 16:00:00,6,downside|6|2020-01-01,0.0,neither,ok,147,25,ok,0.174496644295302,0.2016716913044639,0.2226041049576012
downside,2020-02-15 15:00:00,2020-02-15 22:00:00,2020-02-16 22:00:00,6,downside|6|2020-01-01,0.0,neither,price_unknown,147,25,features_unavailable,,,
downside,2020-02-16 16:00:00,2020-02-16 23:00:00,2020-02-17 23:00:00,6,downside|6|2020-01-01,0.0,neither,price_unknown,147,25,features_unavailable,,,
downside,2020-02-25 14:00:00,2020-02-25 21:00:00,2020-02-26 21:00:00,6,downside|6|2020-01-01,1.0,lower_first,price_unknown,147,25,features_unavailable,,,
downside,2020-02-26 16:00:00,2020-02-26 23:00:00,2020-02-27 23:00:00,6,downside|6|2020-01-01,0.0,upper_first,price_unknown,147,25,features_unavailable,,,
downside,2020-02-28 12:00:00,2020-02-28 19:00:00,2020-02-29 19:00:00,6,downside|6|2020-01-01,0.0,neither,price_unknown,147,25,features_unavailable,,,
downside,2020-03-08 12:00:00,2020-03-08 19:00:00,2020-03-09 19:00:00,6,downside|6|2020-01-01,1.0,lower_first,ok,147,25,ok,0.174496644295302,0.16658567839793928,0.21154747731694704
downside,2020-03-12 06:00:00,2020-03-12 13:00:00,2020-03-13 13:00:00,6,downside|6|2020-01-01,1.0,lower_first,ok,147,25,ok,0.174496644295302,0.5269222399748759,0.5623160267166374
downside,2020-03-16 07:00:00,2020-03-16 14:00:00,2020-03-17 14:00:00,6,downside|6|2020-01-01,0.0,upper_first,ok,147,25,ok,0.174496644295302,0.38206686012214197,0.4148802508905212
downside,2020-03-27 23:00:00,2020-03-28 06:00:00,2020-03-29 06:00:00,6,downside|6|2020-01-01,0.0,neither,ok,147,25,ok,0.174496644295302,0.19101834726017486,0.15954825272224984
downside,2020-03-29 19:00:00,2020-03-30 02:00:00,2020-03-31 02:00:00,6,downside|6|2020-01-01,0.0,upper_first,ok,147,25,ok,0.174496644295302,0.16427327108699766,0.1373869523389191
downside,2020-04-10 05:00:00,2020-04-10 12:00:00,2020-04-11 12:00:00,6,downside|6|2020-04-01,0.0,neither,ok,155,27,ok,0.17834394904458598,0.17551228346952372,0.13085539817673864
downside,2020-04-13 00:00:00,2020-04-13 07:00:00,2020-04-14 07:00:00,6,downside|6|2020-04-01,0.0,upper_first,ok,155,27,ok,0.17834394904458598,0.2095702448115566,0.18926800005561464
downside,2020-04-20 11:00:00,2020-04-20 18:00:00,2020-04-21 18:00:00,6,downside|6|2020-04-01,0.0,neither,ok,155,27,ok,0.17834394904458598,0.21174755928849265,0.23397749270943524
downside,2020-05-04 05:00:00,2020-05-04 12:00:00,2020-05-05 12:00:00,6,downside|6|2020-04-01,0.0,upper_first,ok,155,27,ok,0.17834394904458598,0.22077780508054723,0.15576671056728922
downside,2020-05-10 00:00:00,2020-05-10 07:00:00,2020-05-11 07:00:00,6,downside|6|2020-04-01,1.0,lower_first,ok,155,27,ok,0.17834394904458598,0.3162208997827337,0.2754146084585067
downside,2020-05-20 15:00:00,2020-05-20 22:00:00,2020-05-21 22:00:00,6,downside|6|2020-04-01,1.0,lower_first,ok,155,27,ok,0.17834394904458598,0.2070624088636669,0.20663168958351402
downside,2020-05-21 18:00:00,2020-05-22 01:00:00,2020-05-23 01:00:00,6,downside|6|2020-04-01,0.0,neither,ok,155,27,ok,0.17834394904458598,0.22623353004497318,0.24424661803277126
downside,2020-05-24 23:00:00,2020-05-25 06:00:00,2020-05-26 06:00:00,6,downside|6|2020-04-01,0.0,neither,ok,155,27,ok,0.17834394904458598,0.18614685018232766,0.16971391650893475
downside,2020-06-07 12:00:00,2020-06-07 19:00:00,2020-06-08 19:00:00,6,downside|6|2020-04-01,0.0,neither,ok,155,27,ok,0.17834394904458598,0.09810346461349011,0.1054354698995298
downside,2020-06-11 15:00:00,2020-06-11 22:00:00,2020-06-12 22:00:00,6,downside|6|2020-04-01,0.0,neither,ok,155,27,ok,0.17834394904458598,0.19259368866056503,0.2594086923976407
downside,2020-06-15 01:00:00,2020-06-15 08:00:00,2020-06-16 08:00:00,6,downside|6|2020-04-01,0.0,upper_first,ok,155,27,ok,0.17834394904458598,0.1500249017367112,0.23416170479757834
downside,2020-06-24 15:00:00,2020-06-24 22:00:00,2020-06-25 22:00:00,6,downside|6|2020-04-01,0.0,neither,ok,155,27,ok,0.17834394904458598,0.14486482173840318,0.1419384813358873
downside,2020-06-27 19:00:00,2020-06-28 02:00:00,2020-06-29 02:00:00,6,downside|6|2020-04-01,0.0,neither,ok,155,27,ok,0.17834394904458598,0.10874346288842063,0.09179395719223105
downside,2020-07-02 15:00:00,2020-07-02 22:00:00,2020-07-03 22:00:00,6,downside|6|2020-07-01,0.0,neither,ok,169,29,ok,0.17543859649122806,0.0512284623347395,0.06183405431566863
downside,2020-07-10 04:00:00,2020-07-10 11:00:00,2020-07-11 11:00:00,6,downside|6|2020-07-01,0.0,neither,ok,169,29,ok,0.17543859649122806,0.07788208765681529,0.05540197919709847
downside,2020-07-16 09:00:00,2020-07-16 16:00:00,2020-07-17 16:00:00,6,downside|6|2020-07-01,0.0,neither,ok,169,29,ok,0.17543859649122806,0.048206822374746446,0.04423158863640585
downside,2020-08-11 20:00:00,2020-08-12 03:00:00,2020-08-13 03:00:00,6,downside|6|2020-07-01,0.0,neither,ok,169,29,ok,0.17543859649122806,0.21066814668704156,0.1648563984582624
downside,2020-08-21 21:00:00,2020-08-22 04:00:00,2020-08-23 04:00:00,6,downside|6|2020-07-01,0.0,neither,ok,169,29,ok,0.17543859649122806,0.20275890368616756,0.1652393797515991
downside,2020-08-25 12:00:00,2020-08-25 19:00:00,2020-08-26 19:00:00,6,downside|6|2020-07-01,0.0,neither,ok,169,29,ok,0.17543859649122806,0.2454550184517987,0.29889506666264576
downside,2020-09-02 11:00:00,2020-09-02 18:00:00,2020-09-03 18:00:00,6,downside|6|2020-07-01,1.0,lower_first,ok,169,29,ok,0.17543859649122806,0.1471232875250468,0.14816924060613568
downside,2020-09-03 12:00:00,2020-09-03 19:00:00,2020-09-04 19:00:00,6,downside|6|2020-07-01,0.0,neither,ok,169,29,ok,0.17543859649122806,0.1966291684922523,0.19668047390218285
downside,2020-09-21 09:00:00,2020-09-21 16:00:00,2020-09-22 16:00:00,6,downside|6|2020-07-01,0.0,neither,price_unknown,169,29,features_unavailable,,,
downside,2020-10-01 16:00:00,2020-10-01 23:00:00,2020-10-02 23:00:00,6,downside|6|2020-10-01,0.0,neither,price_unknown,177,30,features_unavailable,,,
downside,2020-11-26 03:00:00,2020-11-26 10:00:00,2020-11-27 10:00:00,6,downside|6|2020-10-01,0.0,upper_first,ok,177,30,ok,0.17318435754189945,0.42031425111113163,0.40364715278114677
downside,2020-12-08 09:00:00,2020-12-08 16:00:00,2020-12-09 16:00:00,6,downside|6|2020-10-01,1.0,lower_first,ok,177,30,ok,0.17318435754189945,0.17389177673150646,0.18835160575453636
downside,2021-01-11 06:00:00,2021-01-11 13:00:00,2021-01-12 13:00:00,6,downside|6|2021-01-01,0.0,upper_first,ok,179,31,ok,0.17679558011049723,0.356338082190063,0.31702205868367384
downside,2021-01-17 09:00:00,2021-01-17 16:00:00,2021-01-18 16:00:00,6,downside|6|2021-01-01,0.0,neither,ok,179,31,ok,0.17679558011049723,0.26974310038946064,0.19879270904932303
downside,2021-01-21 08:00:00,2021-01-21 15:00:00,2021-01-22 15:00:00,6,downside|6|2021-01-01,1.0,lower_first,ok,179,31,ok,0.17679558011049723,0.4119148185308654,0.42831057673352235
downside,2021-01-27 11:00:00,2021-01-27 18:00:00,2021-01-28 18:00:00,6,downside|6|2021-01-01,0.0,upper_first,ok,179,31,ok,0.17679558011049723,0.26025622109517704,0.3120925767327768
downside,2021-02-22 13:00:00,2021-02-22 20:00:00,2021-02-23 20:00:00,6,downside|6|2021-01-01,1.0,lower_first,ok,179,31,ok,0.17679558011049723,0.27499389872738106,0.39165713377211686
downside,2021-02-28 15:00:00,2021-02-28 22:00:00,2021-03-01 22:00:00,6,downside|6|2021-01-01,0.0,upper_first,ok,179,31,ok,0.17679558011049723,0.24289222415683814,0.20780942428785457
downside,2021-03-05 00:00:00,2021-03-05 07:00:00,2021-03-06 07:00:00,6,downside|6|2021-01-01,0.0,upper_first,ok,179,31,ok,0.17679558011049723,0.2542964462735169,0.21384266690341583
downside,2021-03-16 00:00:00,2021-03-16 07:00:00,2021-03-17 07:00:00,6,downside|6|2021-01-01,0.0,upper_first,ok,179,31,ok,0.17679558011049723,0.22003146880838556,0.21285828634693382
downside,2021-03-21 09:00:00,2021-03-21 16:00:00,2021-03-22 16:00:00,6,downside|6|2021-01-01,0.0,neither,ok,179,31,ok,0.17679558011049723,0.16606180102039633,0.12168272557497901
downside,2021-03-22 20:00:00,2021-03-23 03:00:00,2021-03-24 03:00:00,6,downside|6|2021-01-01,0.0,neither,ok,179,31,ok,0.17679558011049723,0.17801386295528376,0.2081264730956548
downside,2021-03-24 22:00:00,2021-03-25 05:00:00,2021-03-26 05:00:00,6,downside|6|2021-01-01,1.0,lower_first,ok,179,31,ok,0.17679558011049723,0.21162864847890478,0.19274258453615217
downside,2021-04-03 21:00:00,2021-04-04 04:00:00,2021-04-05 04:00:00,6,downside|6|2021-04-01,0.0,neither,ok,190,34,ok,0.18229166666666666,0.19554129882088792,0.190283833599314
downside,2021-04-07 11:00:00,2021-04-07 18:00:00,2021-04-08 18:00:00,6,downside|6|2021-04-01,0.0,upper_first,ok,190,34,ok,0.18229166666666666,0.1865414573944959,0.21204667239355435
downside,2021-04-16 09:00:00,2021-04-16 16:00:00,2021-04-17 16:00:00,6,downside|6|2021-04-01,0.0,neither,ok,190,34,ok,0.18229166666666666,0.15226913902519626,0.14783344686042316
downside,2021-04-17 17:00:00,2021-04-18 00:00:00,2021-04-19 00:00:00,6,downside|6|2021-04-01,0.0,neither,ok,190,34,ok,0.18229166666666666,0.15359264541632459,0.09715030592430234
downside,2021-04-23 07:00:00,2021-04-23 14:00:00,2021-04-24 14:00:00,6,downside|6|2021-04-01,0.0,neither,ok,190,34,ok,0.18229166666666666,0.1895892388387647,0.17028090822876515
downside,2021-05-04 00:00:00,2021-05-04 07:00:00,2021-05-05 07:00:00,6,downside|6|2021-04-01,1.0,lower_first,ok,190,34,ok,0.18229166666666666,0.1347103261970025,0.12212009654538128
downside,2021-05-10 19:00:00,2021-05-11 02:00:00,2021-05-12 02:00:00,6,downside|6|2021-04-01,0.0,neither,ok,190,34,ok,0.18229166666666666,0.19018923898821435,0.1772902024767655
downside,2021-05-12 22:00:00,2021-05-13 05:00:00,2021-05-14 05:00:00,6,downside|6|2021-04-01,0.0,upper_first,ok,190,34,ok,0.18229166666666666,0.28955443359069016,0.2827769971207691
downside,2021-05-16 18:00:00,2021-05-17 01:00:00,2021-05-18 01:00:00,6,downside|6|2021-04-01,0.0,upper_first,ok,190,34,ok,0.18229166666666666,0.18178432556093854,0.24303591384658452
downside,2021-05-19 01:00:00,2021-05-19 08:00:00,2021-05-20 08:00:00,6,downside|6|2021-04-01,,ambiguous,ok,190,34,ok,0.18229166666666666,0.2692842930207317,0.29407185599795704
downside,2021-05-23 16:00:00,2021-05-23 23:00:00,2021-05-24 23:00:00,6,downside|6|2021-04-01,0.0,upper_first,ok,190,34,ok,0.18229166666666666,0.2523273381180683,0.2295058230622717
downside,2021-05-28 08:00:00,2021-05-28 15:00:00,2021-05-29 15:00:00,6,downside|6|2021-04-01,0.0,upper_first,ok,190,34,ok,0.18229166666666666,0.1883343073638457,0.1758101920034459
downside,2021-06-05 21:00:00,2021-06-06 04:00:00,2021-06-07 04:00:00,6,downside|6|2021-04-01,0.0,neither,ok,190,34,ok,0.18229166666666666,0.12082377393533128,0.08919458354212376
downside,2021-06-07 20:00:00,2021-06-08 03:00:00,2021-06-09 03:00:00,6,downside|6|2021-04-01,1.0,lower_first,ok,190,34,ok,0.18229166666666666,0.20307533087549046,0.2363991905629964
downside,2021-06-17 17:00:00,2021-06-18 00:00:00,2021-06-19 00:00:00,6,downside|6|2021-04-01,1.0,lower_first,ok,190,34,ok,0.18229166666666666,0.1317607111464673,0.11963053594202326
downside,2021-06-19 03:00:00,2021-06-19 10:00:00,2021-06-20 10:00:00,6,downside|6|2021-04-01,0.0,neither,ok,190,34,ok,0.18229166666666666,0.1521120586255776,0.10552142578565184
downside,2021-06-20 10:00:00,2021-06-20 17:00:00,2021-06-21 17:00:00,6,downside|6|2021-04-01,1.0,lower_first,ok,190,34,ok,0.18229166666666666,0.16686833277217597,0.1533313163554676
downside,2021-06-21 21:00:00,2021-06-22 04:00:00,2021-06-23 04:00:00,6,downside|6|2021-04-01,1.0,lower_first,ok,190,34,ok,0.18229166666666666,0.16529194367261874,0.1766577372596954
downside,2021-06-25 22:00:00,2021-06-26 05:00:00,2021-06-27 05:00:00,6,downside|6|2021-04-01,0.0,upper_first,ok,190,34,ok,0.18229166666666666,0.16776836617407193,0.11327404601865203
downside,2021-07-01 06:00:00,2021-07-01 13:00:00,2021-07-02 13:00:00,6,downside|6|2021-07-01,0.0,neither,ok,208,39,ok,0.19047619047619047,0.19881857933940014,0.13641006617933235
downside,2021-07-08 05:00:00,2021-07-08 12:00:00,2021-07-09 12:00:00,6,downside|6|2021-07-01,0.0,neither,ok,208,39,ok,0.19047619047619047,0.21606996833464873,0.19917095698330373
downside,2021-07-12 18:00:00,2021-07-13 01:00:00,2021-07-14 01:00:00,6,downside|6|2021-07-01,0.0,neither,ok,208,39,ok,0.19047619047619047,0.13295922151919307,0.1432970754035789
downside,2021-07-13 19:00:00,2021-07-14 02:00:00,2021-07-15 02:00:00,6,downside|6|2021-07-01,0.0,upper_first,ok,208,39,ok,0.19047619047619047,0.11314453227345891,0.09423197163001358
downside,2021-07-15 17:00:00,2021-07-16 00:00:00,2021-07-17 00:00:00,6,downside|6|2021-07-01,0.0,neither,ok,208,39,ok,0.19047619047619047,0.1169455950426556,0.09002441135399034
downside,2021-07-19 12:00:00,2021-07-19 19:00:00,2021-07-20 19:00:00,6,downside|6|2021-07-01,0.0,neither,ok,208,39,ok,0.19047619047619047,0.13928689043520887,0.19072974574658053
downside,2021-08-02 20:00:00,2021-08-03 03:00:00,2021-08-04 03:00:00,6,downside|6|2021-07-01,0.0,neither,ok,208,39,ok,0.19047619047619047,0.2069364049572079,0.17581101366390867
downside,2021-08-12 12:00:00,2021-08-12 19:00:00,2021-08-13 19:00:00,6,downside|6|2021-07-01,0.0,upper_first,ok,208,39,ok,0.19047619047619047,0.25460282022875796,0.21032650379942514
downside,2021-08-17 20:00:00,2021-08-18 03:00:00,2021-08-19 03:00:00,6,downside|6|2021-07-01,0.0,neither,ok,208,39,ok,0.19047619047619047,0.2637861631121715,0.25110629262807177
downside,2021-08-19 03:00:00,2021-08-19 10:00:00,2021-08-20 10:00:00,6,downside|6|2021-07-01,0.0,upper_first,ok,208,39,ok,0.19047619047619047,0.23248980178468126,0.17059954792391466
downside,2021-08-24 16:00:00,2021-08-24 23:00:00,2021-08-25 23:00:00,6,downside|6|2021-07-01,0.0,neither,ok,208,39,ok,0.19047619047619047,0.2203403966013292,0.19332061937558148
downside,2021-08-26 05:00:00,2021-08-26 12:00:00,2021-08-27 12:00:00,6,downside|6|2021-07-01,0.0,neither,ok,208,39,ok,0.19047619047619047,0.21707732911794844,0.1777264302449771
downside,2021-08-30 23:00:00,2021-08-31 06:00:00,2021-09-01 06:00:00,6,downside|6|2021-07-01,0.0,neither,ok,208,39,ok,0.19047619047619047,0.17250159068076376,0.16411576884637696
downside,2021-09-07 14:00:00,2021-09-07 21:00:00,2021-09-08 21:00:00,6,downside|6|2021-07-01,1.0,lower_first,ok,208,39,ok,0.19047619047619047,0.2696673014346475,0.355066521235071
downside,2021-09-13 14:00:00,2021-09-13 21:00:00,2021-09-14 21:00:00,6,downside|6|2021-07-01,0.0,upper_first,ok,208,39,ok,0.19047619047619047,0.14301647628200387,0.1570582603795084
downside,2021-09-20 02:00:00,2021-09-20 09:00:00,2021-09-21 09:00:00,6,downside|6|2021-07-01,1.0,lower_first,ok,208,39,ok,0.19047619047619047,0.20911857565000977,0.18991555491117507
downside,2021-10-22 15:00:00,2021-10-22 22:00:00,2021-10-23 22:00:00,6,downside|6|2021-10-01,0.0,neither,ok,224,41,ok,0.18584070796460178,0.24702861765260348,0.21001239091780488
downside,2021-10-27 08:00:00,2021-10-27 15:00:00,2021-10-28 15:00:00,6,downside|6|2021-10-01,0.0,upper_first,ok,224,41,ok,0.18584070796460178,0.23075758010119418,0.21568387416123178
downside,2021-11-01 03:00:00,2021-11-01 10:00:00,2021-11-02 10:00:00,6,downside|6|2021-10-01,0.0,neither,ok,224,41,ok,0.18584070796460178,0.09836923208036337,0.11786616068168147
downside,2021-11-16 00:00:00,2021-11-16 07:00:00,2021-11-17 07:00:00,6,downside|6|2021-10-01,0.0,neither,ok,224,41,ok,0.18584070796460178,0.26964919594891806,0.31784169126923734
downside,2021-11-18 15:00:00,2021-11-18 22:00:00,2021-11-19 22:00:00,6,downside|6|2021-10-01,0.0,upper_first,ok,224,41,ok,0.18584070796460178,0.18315382037388975,0.1774708548580364
downside,2021-11-22 18:00:00,2021-11-23 01:00:00,2021-11-24 01:00:00,6,downside|6|2021-10-01,0.0,neither,ok,224,41,ok,0.18584070796460178,0.151983515552122,0.2034139118717149
downside,2021-11-26 08:00:00,2021-11-26 15:00:00,2021-11-27 15:00:00,6,downside|6|2021-10-01,0.0,neither,ok,224,41,ok,0.18584070796460178,0.1888857419763318,0.19875093295949844
downside,2021-12-03 16:00:00,2021-12-03 23:00:00,2021-12-04 23:00:00,6,downside|6|2021-10-01,1.0,lower_first,ok,224,41,ok,0.18584070796460178,0.21165102048291415,0.21004660260835736
downside,2021-12-09 18:00:00,2021-12-10 01:00:00,2021-12-11 01:00:00,6,downside|6|2021-10-01,0.0,upper_first,ok,224,41,ok,0.18584070796460178,0.14712280220017646,0.1298967105993273
downside,2021-12-10 23:00:00,2021-12-11 06:00:00,2021-12-12 06:00:00,6,downside|6|2021-10-01,0.0,upper_first,ok,224,41,ok,0.18584070796460178,0.11510918637540224,0.10659559883321373
downside,2021-12-17 14:00:00,2021-12-17 21:00:00,2021-12-18 21:00:00,6,downside|6|2021-10-01,0.0,upper_first,ok,224,41,ok,0.18584070796460178,0.13402388184618175,0.14023009643178014
downside,2021-12-28 04:00:00,2021-12-28 11:00:00,2021-12-29 11:00:00,6,downside|6|2021-10-01,0.0,neither,ok,224,41,ok,0.18584070796460178,0.11806443532936627,0.08998208241868623
downside,2021-12-29 12:00:00,2021-12-29 19:00:00,2021-12-30 19:00:00,6,downside|6|2021-10-01,0.0,neither,ok,224,41,ok,0.18584070796460178,0.08028125830658166,0.09081589840451113
downside,2021-12-31 19:00:00,2022-01-01 02:00:00,2022-01-02 02:00:00,6,downside|6|2022-01-01,0.0,neither,ok,237,42,ok,0.1799163179916318,0.09728881353809453,0.0817612270179121
downside,2022-01-05 19:00:00,2022-01-06 02:00:00,2022-01-07 02:00:00,6,downside|6|2022-01-01,0.0,neither,ok,237,42,ok,0.1799163179916318,0.21245849996015698,0.2529208988652047
downside,2022-01-07 03:00:00,2022-01-07 10:00:00,2022-01-08 10:00:00,6,downside|6|2022-01-01,0.0,neither,ok,237,42,ok,0.1799163179916318,0.11887168715656574,0.12766566608850005
downside,2022-01-17 16:00:00,2022-01-17 23:00:00,2022-01-18 23:00:00,6,downside|6|2022-01-01,0.0,neither,ok,237,42,ok,0.1799163179916318,0.09559559291892586,0.08589196537892844
downside,2022-01-19 07:00:00,2022-01-19 14:00:00,2022-01-20 14:00:00,6,downside|6|2022-01-01,0.0,neither,ok,237,42,ok,0.1799163179916318,0.061406290120807755,0.07238639254814035
downside,2022-01-20 23:00:00,2022-01-21 06:00:00,2022-01-22 06:00:00,6,downside|6|2022-01-01,1.0,lower_first,ok,237,42,ok,0.1799163179916318,0.23334378214560114,0.28874807068758607
downside,2022-01-22 07:00:00,2022-01-22 14:00:00,2022-01-23 14:00:00,6,downside|6|2022-01-01,0.0,upper_first,ok,237,42,ok,0.1799163179916318,0.19610384723604962,0.16442926945753425
downside,2022-01-24 10:00:00,2022-01-24 17:00:00,2022-01-25 17:00:00,6,downside|6|2022-01-01,0.0,neither,ok,237,42,ok,0.1799163179916318,0.14884491257760563,0.18880412430781646
downside,2022-02-03 10:00:00,2022-02-03 17:00:00,2022-02-04 17:00:00,6,downside|6|2022-01-01,0.0,upper_first,ok,237,42,ok,0.1799163179916318,0.10406233320969166,0.0918835161283027
downside,2022-02-14 01:00:00,2022-02-14 08:00:00,2022-02-15 08:00:00,6,downside|6|2022-01-01,0.0,upper_first,ok,237,42,ok,0.1799163179916318,0.10573841662930142,0.08715496618318026
downside,2022-02-17 18:00:00,2022-02-18 01:00:00,2022-02-19 01:00:00,6,downside|6|2022-01-01,0.0,neither,ok,237,42,ok,0.1799163179916318,0.22604009144000178,0.1833600957913252
downside,2022-02-20 05:00:00,2022-02-20 12:00:00,2022-02-21 12:00:00,6,downside|6|2022-01-01,0.0,upper_first,ok,237,42,ok,0.1799163179916318,0.19884574716889977,0.16247103124297604
downside,2022-02-21 11:00:00,2022-02-21 18:00:00,2022-02-22 18:00:00,6,downside|6|2022-01-01,0.0,upper_first,ok,237,42,ok,0.1799163179916318,0.12006216566799427,0.18252617325261689
downside,2022-02-24 02:00:00,2022-02-24 09:00:00,2022-02-25 09:00:00,6,downside|6|2022-01-01,0.0,upper_first,ok,237,42,ok,0.1799163179916318,0.24663274802439358,0.2724065973806112
downside,2022-03-04 00:00:00,2022-03-04 07:00:00,2022-03-05 07:00:00,6,downside|6|2022-01-01,1.0,lower_first,ok,237,42,ok,0.1799163179916318,0.2075110650595083,0.16639285941736562
downside,2022-03-06 10:00:00,2022-03-06 17:00:00,2022-03-07 17:00:00,6,downside|6|2022-01-01,0.0,neither,ok,237,42,ok,0.1799163179916318,0.10726659452740565,0.08108230638980925
downside,2022-03-07 19:00:00,2022-03-08 02:00:00,2022-03-09 02:00:00,6,downside|6|2022-01-01,0.0,neither,ok,237,42,ok,0.1799163179916318,0.10351977433560793,0.15623437675139748
downside,2022-03-13 22:00:00,2022-03-14 05:00:00,2022-03-15 05:00:00,6,downside|6|2022-01-01,0.0,neither,ok,237,42,ok,0.1799163179916318,0.11059874742426719,0.12900311255881725
downside,2022-03-31 16:00:00,2022-03-31 23:00:00,2022-04-01 23:00:00,6,downside|6|2022-01-01,0.0,upper_first,ok,237,42,ok,0.1799163179916318,0.13938405874179313,0.12768895024980617
downside,2022-04-04 17:00:00,2022-04-05 00:00:00,2022-04-06 00:00:00,6,downside|6|2022-04-01,0.0,neither,ok,255,44,ok,0.17509727626459143,0.09180425173194685,0.12059497827603516
downside,2022-04-06 00:00:00,2022-04-06 07:00:00,2022-04-07 07:00:00,6,downside|6|2022-04-01,0.0,neither,ok,255,44,ok,0.17509727626459143,0.1353378738929676,0.11499464742931555
downside,2022-04-08 22:00:00,2022-04-09 05:00:00,2022-04-10 05:00:00,6,downside|6|2022-04-01,0.0,neither,ok,255,44,ok,0.17509727626459143,0.1422841852120659,0.08877135043306254
downside,2022-04-11 09:00:00,2022-04-11 16:00:00,2022-04-12 16:00:00,6,downside|6|2022-04-01,0.0,upper_first,ok,255,44,ok,0.17509727626459143,0.21918226517349024,0.27456751890861075
downside,2022-04-17 23:00:00,2022-04-18 06:00:00,2022-04-19 06:00:00,6,downside|6|2022-04-01,0.0,upper_first,ok,255,44,ok,0.17509727626459143,0.14581214679501395,0.13358205518476912
downside,2022-04-21 22:00:00,2022-04-22 05:00:00,2022-04-23 05:00:00,6,downside|6|2022-04-01,0.0,neither,ok,255,44,ok,0.17509727626459143,0.11392334026717633,0.07721873681185049
downside,2022-04-25 00:00:00,2022-04-25 07:00:00,2022-04-26 07:00:00,6,downside|6|2022-04-01,0.0,upper_first,ok,255,44,ok,0.17509727626459143,0.09423270358433278,0.07952242356021186
downside,2022-04-30 23:00:00,2022-05-01 06:00:00,2022-05-02 06:00:00,6,downside|6|2022-04-01,0.0,upper_first,ok,255,44,ok,0.17509727626459143,0.08701340757042109,0.06439222493071817
downside,2022-05-05 15:00:00,2022-05-05 22:00:00,2022-05-06 22:00:00,6,downside|6|2022-04-01,0.0,neither,ok,255,44,ok,0.17509727626459143,0.17877199529061058,0.1671426792035777
downside,2022-05-07 21:00:00,2022-05-08 04:00:00,2022-05-09 04:00:00,6,downside|6|2022-04-01,0.0,neither,ok,255,44,ok,0.17509727626459143,0.15238008699325592,0.1668591596545802
downside,2022-05-09 02:00:00,2022-05-09 09:00:00,2022-05-10 09:00:00,6,downside|6|2022-04-01,1.0,lower_first,ok,255,44,ok,0.17509727626459143,0.1061536072051829,0.08271866766912583
downside,2022-05-11 12:00:00,2022-05-11 19:00:00,2022-05-12 19:00:00,6,downside|6|2022-04-01,1.0,lower_first,ok,255,44,ok,0.17509727626459143,0.1967317448877771,0.19644018753009349
downside,2022-05-18 15:00:00,2022-05-18 22:00:00,2022-05-19 22:00:00,6,downside|6|2022-04-01,0.0,upper_first,ok,255,44,ok,0.17509727626459143,0.1386725629317626,0.13196657651402702
downside,2022-06-10 13:00:00,2022-06-10 20:00:00,2022-06-11 20:00:00,6,downside|6|2022-04-01,0.0,neither,ok,255,44,ok,0.17509727626459143,0.19289869386465694,0.22557428728033269
downside,2022-06-12 02:00:00,2022-06-12 09:00:00,2022-06-13 09:00:00,6,downside|6|2022-04-01,1.0,lower_first,ok,255,44,ok,0.17509727626459143,0.15145983509401184,0.11662059835621665
downside,2022-06-13 07:00:00,2022-06-13 14:00:00,2022-06-14 14:00:00,6,downside|6|2022-04-01,1.0,lower_first,ok,255,44,ok,0.17509727626459143,0.3121055222679157,0.4266686060312347
downside,2022-06-15 07:00:00,2022-06-15 14:00:00,2022-06-16 14:00:00,6,downside|6|2022-04-01,0.0,upper_first,ok,255,44,ok,0.17509727626459143,0.19342938167026907,0.17702017762739672
downside,2022-06-18 06:00:00,2022-06-18 13:00:00,2022-06-19 13:00:00,6,downside|6|2022-04-01,0.0,upper_first,ok,255,44,ok,0.17509727626459143,0.23576255338137242,0.17084160515605254
downside,2022-06-27 13:00:00,2022-06-27 20:00:00,2022-06-28 20:00:00,6,downside|6|2022-04-01,0.0,neither,ok,255,44,ok,0.17509727626459143,0.08138268607204885,0.08400254202139454
downside,2022-06-28 18:00:00,2022-06-29 01:00:00,2022-06-30 01:00:00,6,downside|6|2022-04-01,0.0,neither,ok,255,44,ok,0.17509727626459143,0.10082400461789218,0.0858949982310792
downside,2022-06-30 06:00:00,2022-06-30 13:00:00,2022-07-01 13:00:00,6,downside|6|2022-04-01,0.0,upper_first,ok,255,44,ok,0.17509727626459143,0.11388143086067673,0.08495094825188984
downside,2022-07-11 01:00:00,2022-07-11 08:00:00,2022-07-12 08:00:00,6,downside|6|2022-07-01,0.0,neither,ok,275,48,ok,0.17689530685920576,0.13470238823415803,0.09026710185676634
downside,2022-07-12 07:00:00,2022-07-12 14:00:00,2022-07-13 14:00:00,6,downside|6|2022-07-01,0.0,upper_first,ok,275,48,ok,0.17689530685920576,0.09459059996841643,0.0856409236277418
downside,2022-07-13 12:00:00,2022-07-13 19:00:00,2022-07-14 19:00:00,6,downside|6|2022-07-01,0.0,neither,ok,275,48,ok,0.17689530685920576,0.06409611517480394,0.10673333034276104
downside,2022-07-23 11:00:00,2022-07-23 18:00:00,2022-07-24 18:00:00,6,downside|6|2022-07-01,0.0,neither,ok,275,48,ok,0.17689530685920576,0.21525854597835267,0.1461846072390986
downside,2022-07-25 23:00:00,2022-07-26 06:00:00,2022-07-27 06:00:00,6,downside|6|2022-07-01,0.0,neither,ok,275,48,ok,0.17689530685920576,0.17005026447562077,0.14475144539631224
downside,2022-08-01 06:00:00,2022-08-01 13:00:00,2022-08-02 13:00:00,6,downside|6|2022-07-01,0.0,neither,ok,275,48,ok,0.17689530685920576,0.1773300736860615,0.13464525067373304
downside,2022-08-02 09:00:00,2022-08-02 16:00:00,2022-08-03 16:00:00,6,downside|6|2022-07-01,0.0,neither,ok,275,48,ok,0.17689530685920576,0.14064082968623612,0.14800802317772666
downside,2022-08-04 16:00:00,2022-08-04 23:00:00,2022-08-05 23:00:00,6,downside|6|2022-07-01,0.0,neither,ok,275,48,ok,0.17689530685920576,0.14262905273479806,0.11465730613984634
downside,2022-08-10 00:00:00,2022-08-10 07:00:00,2022-08-11 07:00:00,6,downside|6|2022-07-01,0.0,neither,ok,275,48,ok,0.17689530685920576,0.1371843943218584,0.09676984163723844
downside,2022-08-16 14:00:00,2022-08-16 21:00:00,2022-08-17 21:00:00,6,downside|6|2022-07-01,0.0,neither,ok,275,48,ok,0.17689530685920576,0.12051681748773756,0.11806444068213254
downside,2022-08-17 19:00:00,2022-08-18 02:00:00,2022-08-19 02:00:00,6,downside|6|2022-07-01,0.0,neither,ok,275,48,ok,0.17689530685920576,0.14151378445197313,0.09214139489997192
downside,2022-08-19 00:00:00,2022-08-19 07:00:00,2022-08-20 07:00:00,6,downside|6|2022-07-01,0.0,neither,ok,275,48,ok,0.17689530685920576,0.27035347222588313,0.19056554984506804
downside,2022-08-26 15:00:00,2022-08-26 22:00:00,2022-08-27 22:00:00,6,downside|6|2022-07-01,0.0,neither,ok,275,48,ok,0.17689530685920576,0.16845074884458905,0.15009761974559133
downside,2022-08-28 23:00:00,2022-08-29 06:00:00,2022-08-30 06:00:00,6,downside|6|2022-07-01,0.0,upper_first,ok,275,48,ok,0.17689530685920576,0.11131878065117372,0.11321149058579394
downside,2022-09-06 17:00:00,2022-09-07 00:00:00,2022-09-08 00:00:00,6,downside|6|2022-07-01,0.0,upper_first,ok,275,48,ok,0.17689530685920576,0.17737804451645706,0.15726739945292062
downside,2022-09-13 14:00:00,2022-09-13 21:00:00,2022-09-14 21:00:00,6,downside|6|2022-07-01,0.0,neither,ok,275,48,ok,0.17689530685920576,0.2732362617661974,0.23674597697891472
downside,2022-09-14 18:00:00,2022-09-15 01:00:00,2022-09-16 01:00:00,6,downside|6|2022-07-01,0.0,neither,ok,275,48,ok,0.17689530685920576,0.13564280312315286,0.10576642181402296
downside,2022-09-16 17:00:00,2022-09-17 00:00:00,2022-09-18 00:00:00,6,downside|6|2022-07-01,0.0,neither,ok,275,48,ok,0.17689530685920576,0.08819946345151129,0.08227782413637111
downside,2022-09-19 02:00:00,2022-09-19 09:00:00,2022-09-20 09:00:00,6,downside|6|2022-07-01,0.0,neither,ok,275,48,ok,0.17689530685920576,0.2529120703695882,0.18578060723843712
downside,2022-10-07 12:00:00,2022-10-07 19:00:00,2022-10-08 19:00:00,6,downside|6|2022-10-01,0.0,neither,ok,296,48,ok,0.1644295302013423,0.13237955367972276,0.10646563925547409
downside,2022-10-08 21:00:00,2022-10-09 04:00:00,2022-10-10 04:00:00,6,downside|6|2022-10-01,0.0,neither,ok,296,48,ok,0.1644295302013423,0.07914779088330604,0.04716633989485148
downside,2022-10-10 08:00:00,2022-10-10 15:00:00,2022-10-11 15:00:00,6,downside|6|2022-10-01,0.0,neither,ok,296,48,ok,0.1644295302013423,0.06721974275101458,0.08791761671704905
downside,2022-10-13 10:00:00,2022-10-13 17:00:00,2022-10-14 17:00:00,6,downside|6|2022-10-01,0.0,neither,ok,296,48,ok,0.1644295302013423,0.03825293087172117,0.08589170464270163
downside,2022-10-20 00:00:00,2022-10-20 07:00:00,2022-10-21 07:00:00,6,downside|6|2022-10-01,0.0,neither,ok,296,48,ok,0.1644295302013423,0.06171386165101404,0.052482144475122734
downside,2022-10-21 12:00:00,2022-10-21 19:00:00,2022-10-22 19:00:00,6,downside|6|2022-10-01,0.0,neither,ok,296,48,ok,0.1644295302013423,0.050288260916819844,0.06814511426603038
downside,2022-11-07 22:00:00,2022-11-08 05:00:00,2022-11-09 05:00:00,6,downside|6|2022-10-01,0.0,upper_first,ok,296,48,ok,0.1644295302013423,0.28383657776426136,0.2652690021243169
downside,2022-11-09 15:00:00,2022-11-09 22:00:00,2022-11-10 22:00:00,6,downside|6|2022-10-01,0.0,upper_first,ok,296,48,ok,0.1644295302013423,0.3949936164798399,0.45232754737639247
downside,2022-11-14 01:00:00,2022-11-14 08:00:00,2022-11-15 08:00:00,6,downside|6|2022-10-01,0.0,neither,ok,296,48,ok,0.1644295302013423,0.0600629086980676,0.085624007426326
downside,2022-11-20 21:00:00,2022-11-21 04:00:00,2022-11-22 04:00:00,6,downside|6|2022-10-01,0.0,neither,ok,296,48,ok,0.1644295302013423,0.10825424985120297,0.13971970248130963
downside,2022-11-28 01:00:00,2022-11-28 08:00:00,2022-11-29 08:00:00,6,downside|6|2022-10-01,0.0,neither,ok,296,48,ok,0.1644295302013423,0.03805751967630112,0.03500015124874197
downside,2022-12-07 07:00:00,2022-12-07 14:00:00,2022-12-08 14:00:00,6,downside|6|2022-10-01,0.0,neither,ok,296,48,ok,0.1644295302013423,0.037507604892972085,0.029254381707290226
downside,2022-12-12 00:00:00,2022-12-12 07:00:00,2022-12-13 07:00:00,6,downside|6|2022-10-01,0.0,neither,ok,296,48,ok,0.1644295302013423,0.06668196456848052,0.06618395336357967
downside,2022-12-16 09:00:00,2022-12-16 16:00:00,2022-12-17 16:00:00,6,downside|6|2022-10-01,0.0,neither,ok,296,48,ok,0.1644295302013423,0.15180700140258882,0.13590048430954177
downside,2022-12-19 22:00:00,2022-12-20 05:00:00,2022-12-21 05:00:00,6,downside|6|2022-10-01,0.0,neither,ok,296,48,ok,0.1644295302013423,0.02381269666868811,0.05163866036345426
downside,2022-12-27 17:00:00,2022-12-28 00:00:00,2022-12-29 00:00:00,6,downside|6|2022-10-01,0.0,neither,ok,296,48,ok,0.1644295302013423,0.053141838887431715,0.0680269550329517
downside,2022-12-28 21:00:00,2022-12-29 04:00:00,2022-12-30 04:00:00,6,downside|6|2022-10-01,0.0,neither,ok,296,48,ok,0.1644295302013423,0.05777182174043961,0.06657793686266464
downside,2022-12-30 14:00:00,2022-12-30 21:00:00,2022-12-31 21:00:00,6,downside|6|2022-10-01,0.0,neither,ok,296,48,ok,0.1644295302013423,0.037046984126963084,0.04721975263224877
downside,2023-01-30 19:00:00,2023-01-31 02:00:00,2023-02-01 02:00:00,6,downside|6|2023-01-01,0.0,neither,ok,313,48,ok,0.15555555555555556,0.1817990695388802,0.19426903253096944
downside,2023-02-05 12:00:00,2023-02-05 19:00:00,2023-02-06 19:00:00,6,downside|6|2023-01-01,0.0,neither,ok,313,48,ok,0.15555555555555556,0.19445217046559912,0.16994690160979858
downside,2023-02-09 03:00:00,2023-02-09 10:00:00,2023-02-10 10:00:00,6,downside|6|2023-01-01,0.0,neither,ok,313,48,ok,0.15555555555555556,0.13112946231757797,0.1345131762190156
downside,2023-02-22 15:00:00,2023-02-22 22:00:00,2023-02-23 22:00:00,6,downside|6|2023-01-01,0.0,neither,ok,313,48,ok,0.15555555555555556,0.1157756539550426,0.10466825880601333
downside,2023-02-24 15:00:00,2023-02-24 22:00:00,2023-02-25 22:00:00,6,downside|6|2023-01-01,0.0,neither,ok,313,48,ok,0.15555555555555556,0.14456072019105007,0.16211501938045975
downside,2023-03-03 01:00:00,2023-03-03 08:00:00,2023-03-04 08:00:00,6,downside|6|2023-01-01,0.0,neither,ok,313,48,ok,0.15555555555555556,0.14218324820374387,0.13959851622871183
downside,2023-03-08 22:00:00,2023-03-09 05:00:00,2023-03-10 05:00:00,6,downside|6|2023-01-01,1.0,lower_first,price_unknown,313,48,features_unavailable,,,
downside,2023-03-10 10:00:00,2023-03-10 17:00:00,2023-03-11 17:00:00,6,downside|6|2023-01-01,0.0,upper_first,price_unknown,313,48,features_unavailable,,,
downside,2023-03-22 19:00:00,2023-03-23 02:00:00,2023-03-24 02:00:00,6,downside|6|2023-01-01,0.0,upper_first,price_unknown,313,48,features_unavailable,,,
downside,2023-03-27 14:00:00,2023-03-27 21:00:00,2023-03-28 21:00:00,6,downside|6|2023-01-01,0.0,neither,price_unknown,313,48,features_unavailable,,,
downside,2023-04-17 00:00:00,2023-04-17 07:00:00,2023-04-18 07:00:00,6,downside|6|2023-04-01,0.0,neither,ok,320,48,ok,0.15217391304347827,0.08808013075247811,0.08146634867221705
downside,2023-04-19 23:00:00,2023-04-20 06:00:00,2023-04-21 06:00:00,6,downside|6|2023-04-01,0.0,neither,ok,320,48,ok,0.15217391304347827,0.1340726766074986,0.09151759455503458
downside,2023-04-21 06:00:00,2023-04-21 13:00:00,2023-04-22 13:00:00,6,downside|6|2023-04-01,0.0,neither,ok,320,48,ok,0.15217391304347827,0.10709937827905432,0.07627469816280269
downside,2023-04-24 16:00:00,2023-04-24 23:00:00,2023-04-25 23:00:00,6,downside|6|2023-04-01,0.0,upper_first,ok,320,48,ok,0.15217391304347827,0.07046481445434474,0.07748928687818284
downside,2023-05-01 01:00:00,2023-05-01 08:00:00,2023-05-02 08:00:00,6,downside|6|2023-04-01,0.0,neither,ok,320,48,ok,0.15217391304347827,0.0816098360237001,0.08809258781947972
downside,2023-05-08 01:00:00,2023-05-08 08:00:00,2023-05-09 08:00:00,6,downside|6|2023-04-01,0.0,neither,ok,320,48,ok,0.15217391304347827,0.12286801273299358,0.10299673660254598
downside,2023-05-12 02:00:00,2023-05-12 09:00:00,2023-05-13 09:00:00,6,downside|6|2023-04-01,0.0,neither,ok,320,48,ok,0.15217391304347827,0.13450049537449085,0.11630326000088509
downside,2023-05-17 11:00:00,2023-05-17 18:00:00,2023-05-18 18:00:00,6,downside|6|2023-04-01,0.0,neither,ok,320,48,ok,0.15217391304347827,0.041457778541847456,0.049714078903735796
downside,2023-05-18 17:00:00,2023-05-19 00:00:00,2023-05-20 00:00:00,6,downside|6|2023-04-01,0.0,neither,ok,320,48,ok,0.15217391304347827,0.056458175318555175,0.04432894562311304
downside,2023-05-24 13:00:00,2023-05-24 20:00:00,2023-05-25 20:00:00,6,downside|6|2023-04-01,0.0,neither,ok,320,48,ok,0.15217391304347827,0.1084934588102058,0.14241169800123332
downside,2023-05-31 05:00:00,2023-05-31 12:00:00,2023-06-01 12:00:00,6,downside|6|2023-04-01,0.0,neither,ok,320,48,ok,0.15217391304347827,0.09243082418348018,0.06576936577529098
downside,2023-06-05 03:00:00,2023-06-05 10:00:00,2023-06-06 10:00:00,6,downside|6|2023-04-01,0.0,neither,ok,320,48,ok,0.15217391304347827,0.0545783703423221,0.042208046204687086
downside,2023-06-10 04:00:00,2023-06-10 11:00:00,2023-06-11 11:00:00,6,downside|6|2023-04-01,0.0,neither,ok,320,48,ok,0.15217391304347827,0.1149182417548978,0.09852312172226863
downside,2023-06-14 20:00:00,2023-06-15 03:00:00,2023-06-16 03:00:00,6,downside|6|2023-04-01,0.0,upper_first,ok,320,48,ok,0.15217391304347827,0.10319329546893131,0.0889353231707359
downside,2023-07-14 18:00:00,2023-07-15 01:00:00,2023-07-16 01:00:00,6,downside|6|2023-07-01,0.0,neither,ok,334,48,ok,0.14583333333333334,0.12405691932414512,0.10864174695126483
downside,2023-07-17 18:00:00,2023-07-18 01:00:00,2023-07-19 01:00:00,6,downside|6|2023-07-01,0.0,neither,ok,334,48,ok,0.14583333333333334,0.0573229197834033,0.09242703999409575
downside,2023-07-24 09:00:00,2023-07-24 16:00:00,2023-07-25 16:00:00,6,downside|6|2023-07-01,0.0,neither,ok,334,48,ok,0.14583333333333334,0.08821103403086043,0.14806972936602242
downside,2023-08-01 02:00:00,2023-08-01 09:00:00,2023-08-02 09:00:00,6,downside|6|2023-07-01,0.0,upper_first,ok,334,48,ok,0.14583333333333334,0.04153417917726046,0.05274669274671961
downside,2023-08-16 23:00:00,2023-08-17 06:00:00,2023-08-18 06:00:00,6,downside|6|2023-07-01,1.0,lower_first,ok,334,48,ok,0.14583333333333334,0.05563290634320809,0.06351045089905707
downside,2023-08-22 21:00:00,2023-08-23 04:00:00,2023-08-24 04:00:00,6,downside|6|2023-07-01,0.0,upper_first,ok,334,48,ok,0.14583333333333334,0.024812458366220355,0.035776411207102767
downside,2023-09-01 17:00:00,2023-09-02 00:00:00,2023-09-03 00:00:00,6,downside|6|2023-07-01,0.0,neither,ok,334,48,ok,0.14583333333333334,0.06278347308441068,0.0633494573269487
downside,2023-09-04 21:00:00,2023-09-05 04:00:00,2023-09-06 04:00:00,6,downside|6|2023-07-01,0.0,neither,ok,334,48,ok,0.14583333333333334,0.022780309743027718,0.019812165609239166
downside,2023-09-11 14:00:00,2023-09-11 21:00:00,2023-09-12 21:00:00,6,downside|6|2023-07-01,0.0,upper_first,ok,334,48,ok,0.14583333333333334,0.06195960009346943,0.09927773651123617
downside,2023-09-21 13:00:00,2023-09-21 20:00:00,2023-09-22 20:00:00,6,downside|6|2023-07-01,0.0,neither,ok,334,48,ok,0.14583333333333334,0.0853437814986117,0.0743905278673914
downside,2023-09-24 23:00:00,2023-09-25 06:00:00,2023-09-26 06:00:00,6,downside|6|2023-07-01,0.0,neither,ok,334,48,ok,0.14583333333333334,0.06905999786817671,0.088552254562794
downside,2023-10-11 02:00:00,2023-10-11 09:00:00,2023-10-12 09:00:00,6,downside|6|2023-10-01,0.0,neither,ok,345,49,ok,0.1440922190201729,0.08475162475871517,0.07670296299230304
downside,2023-11-13 21:00:00,2023-11-14 04:00:00,2023-11-15 04:00:00,6,downside|6|2023-10-01,0.0,neither,ok,345,49,ok,0.1440922190201729,0.12487535613599413,0.12539318951272316
downside,2023-11-21 23:00:00,2023-11-22 06:00:00,2023-11-23 06:00:00,6,downside|6|2023-10-01,0.0,upper_first,ok,345,49,ok,0.1440922190201729,0.10811509837471156,0.1339251033306753
downside,2023-12-11 02:00:00,2023-12-11 09:00:00,2023-12-12 09:00:00,6,downside|6|2023-10-01,0.0,neither,ok,345,49,ok,0.1440922190201729,0.139396049669244,0.15655591376084138
downside,2023-12-17 14:00:00,2023-12-17 21:00:00,2023-12-18 21:00:00,6,downside|6|2023-10-01,0.0,neither,ok,345,49,ok,0.1440922190201729,0.07260661406116502,0.06813234982426243
downside,2023-12-24 22:00:00,2023-12-25 05:00:00,2023-12-26 05:00:00,6,downside|6|2023-10-01,0.0,neither,ok,345,49,ok,0.1440922190201729,0.09448710206502602,0.07099876784687882
downside,2023-12-26 09:00:00,2023-12-26 16:00:00,2023-12-27 16:00:00,6,downside|6|2023-10-01,0.0,neither,ok,345,49,ok,0.1440922190201729,0.11548439912188543,0.13243420569206138
downside,2024-01-12 16:00:00,2024-01-12 23:00:00,2024-01-13 23:00:00,6,downside|6|2024-01-01,0.0,neither,ok,352,49,ok,0.14124293785310735,0.2426757690259029,0.32765022699789936
downside,2024-01-18 16:00:00,2024-01-18 23:00:00,2024-01-19 23:00:00,6,downside|6|2024-01-01,0.0,neither,ok,352,49,ok,0.14124293785310735,0.12271914326032994,0.21381399494190104
downside,2024-01-22 18:00:00,2024-01-23 01:00:00,2024-01-24 01:00:00,6,downside|6|2024-01-01,0.0,neither,ok,352,49,ok,0.14124293785310735,0.11672595694486955,0.2572042229618176
downside,2024-02-17 13:00:00,2024-02-17 20:00:00,2024-02-18 20:00:00,6,downside|6|2024-01-01,0.0,neither,ok,352,49,ok,0.14124293785310735,0.09975025391132784,0.07394094424448992
downside,2024-03-16 23:00:00,2024-03-17 06:00:00,2024-03-18 06:00:00,6,downside|6|2024-01-01,0.0,upper_first,ok,352,49,ok,0.14124293785310735,0.17982680262432615,0.11721347759865543
downside,2024-03-19 08:00:00,2024-03-19 15:00:00,2024-03-20 15:00:00,6,downside|6|2024-01-01,0.0,neither,ok,352,49,ok,0.14124293785310735,0.1997825582518667,0.22546185273617664
downside,2024-04-01 14:00:00,2024-04-01 21:00:00,2024-04-02 21:00:00,6,downside|6|2024-04-01,0.0,neither,ok,358,49,ok,0.1388888888888889,0.07143572834378648,0.1331327851836633
downside,2024-04-10 12:00:00,2024-04-10 19:00:00,2024-04-11 19:00:00,6,downside|6|2024-04-01,0.0,neither,ok,358,49,ok,0.1388888888888889,0.05622543544305533,0.08865447603107705
downside,2024-04-12 18:00:00,2024-04-13 01:00:00,2024-04-14 01:00:00,6,downside|6|2024-04-01,1.0,lower_first,ok,358,49,ok,0.1388888888888889,0.12120491018386947,0.11593633636509833
downside,2024-04-13 19:00:00,2024-04-14 02:00:00,2024-04-15 02:00:00,6,downside|6|2024-04-01,0.0,neither,ok,358,49,ok,0.1388888888888889,0.1489970528684606,0.24766601917220943
downside,2024-04-17 14:00:00,2024-04-17 21:00:00,2024-04-18 21:00:00,6,downside|6|2024-04-01,0.0,upper_first,ok,358,49,ok,0.1388888888888889,0.15202385094433368,0.1875664470338817
downside,2024-04-24 18:00:00,2024-04-25 01:00:00,2024-04-26 01:00:00,6,downside|6|2024-04-01,0.0,neither,ok,358,49,ok,0.1388888888888889,0.08759237625054123,0.0951308029959799
downside,2024-04-27 01:00:00,2024-04-27 08:00:00,2024-04-28 08:00:00,6,downside|6|2024-04-01,0.0,neither,ok,358,49,ok,0.1388888888888889,0.08271968397007735,0.05465666958586713
downside,2024-04-29 03:00:00,2024-04-29 10:00:00,2024-04-30 10:00:00,6,downside|6|2024-04-01,0.0,neither,ok,358,49,ok,0.1388888888888889,0.06936664464215522,0.06485278803466304
downside,2024-04-30 09:00:00,2024-04-30 16:00:00,2024-05-01 16:00:00,6,downside|6|2024-04-01,1.0,lower_first,ok,358,49,ok,0.1388888888888889,0.12598654220304772,0.1975591532721619
downside,2024-05-07 23:00:00,2024-05-08 06:00:00,2024-05-09 06:00:00,6,downside|6|2024-04-01,0.0,neither,ok,358,49,ok,0.1388888888888889,0.08713107582902284,0.06336916814822967
downside,2024-05-09 10:00:00,2024-05-09 17:00:00,2024-05-10 17:00:00,6,downside|6|2024-04-01,0.0,neither,ok,358,49,ok,0.1388888888888889,0.06799949258228674,0.07999490970502421
downside,2024-05-23 18:00:00,2024-05-24 01:00:00,2024-05-25 01:00:00,6,downside|6|2024-04-01,0.0,upper_first,ok,358,49,ok,0.1388888888888889,0.11512173822392167,0.11631160062757652
downside,2024-05-28 03:00:00,2024-05-28 10:00:00,2024-05-29 10:00:00,6,downside|6|2024-04-01,0.0,neither,ok,358,49,ok,0.1388888888888889,0.06937051518875496,0.09490901630129188
downside,2024-06-07 17:00:00,2024-06-08 00:00:00,2024-06-09 00:00:00,6,downside|6|2024-04-01,0.0,neither,ok,358,49,ok,0.1388888888888889,0.1125641857254345,0.13457844698893276
downside,2024-06-11 01:00:00,2024-06-11 08:00:00,2024-06-12 08:00:00,6,downside|6|2024-04-01,0.0,neither,ok,358,49,ok,0.1388888888888889,0.18123905657206185,0.2490324546909397
downside,2024-06-14 16:00:00,2024-06-14 23:00:00,2024-06-15 23:00:00,6,downside|6|2024-04-01,0.0,neither,ok,358,49,ok,0.1388888888888889,0.09968240284453156,0.11082916629632543
downside,2024-06-21 08:00:00,2024-06-21 15:00:00,2024-06-22 15:00:00,6,downside|6|2024-04-01,0.0,neither,ok,358,49,ok,0.1388888888888889,0.053486878355984556,0.06101458424463848
downside,2024-06-23 23:00:00,2024-06-24 06:00:00,2024-06-25 06:00:00,6,downside|6|2024-04-01,0.0,neither,ok,358,49,ok,0.1388888888888889,0.10372178587983412,0.14338271237536784
downside,2024-06-28 19:00:00,2024-06-29 02:00:00,2024-06-30 02:00:00,6,downside|6|2024-04-01,0.0,neither,ok,358,49,ok,0.1388888888888889,0.05669056055746573,0.04232584846802276
downside,2024-07-03 08:00:00,2024-07-03 15:00:00,2024-07-04 15:00:00,6,downside|6|2024-07-01,0.0,neither,ok,376,51,ok,0.13756613756613756,0.09011217910908592,0.08631264656842652
downside,2024-07-05 02:00:00,2024-07-05 09:00:00,2024-07-06 09:00:00,6,downside|6|2024-07-01,0.0,neither,ok,376,51,ok,0.13756613756613756,0.1923775952147572,0.17842613026945828
downside,2024-07-23 19:00:00,2024-07-24 02:00:00,2024-07-25 02:00:00,6,downside|6|2024-07-01,0.0,neither,ok,376,51,ok,0.13756613756613756,0.10974473685203924,0.07973267099134254
downside,2024-07-25 01:00:00,2024-07-25 08:00:00,2024-07-26 08:00:00,6,downside|6|2024-07-01,0.0,upper_first,ok,376,51,ok,0.13756613756613756,0.13172438234004086,0.10100185271832202
downside,2024-07-30 14:00:00,2024-07-30 21:00:00,2024-07-31 21:00:00,6,downside|6|2024-07-01,0.0,neither,ok,376,51,ok,0.13756613756613756,0.09823780724880908,0.11701411940417453
downside,2024-07-31 19:00:00,2024-08-01 02:00:00,2024-08-02 02:00:00,6,downside|6|2024-07-01,0.0,neither,ok,376,51,ok,0.13756613756613756,0.1353147775618086,0.11262168987771057
downside,2024-08-02 21:00:00,2024-08-03 04:00:00,2024-08-04 04:00:00,6,downside|6|2024-07-01,0.0,neither,ok,376,51,ok,0.13756613756613756,0.1462211373391041,0.12408165231870422
downside,2024-08-04 14:00:00,2024-08-04 21:00:00,2024-08-05 21:00:00,6,downside|6|2024-07-01,1.0,lower_first,ok,376,51,ok,0.13756613756613756,0.1427316796199589,0.16865173197301928
downside,2024-08-11 20:00:00,2024-08-12 03:00:00,2024-08-13 03:00:00,6,downside|6|2024-07-01,0.0,upper_first,ok,376,51,ok,0.13756613756613756,0.1296995068066211,0.1266988772731966
downside,2024-08-15 19:00:00,2024-08-16 02:00:00,2024-08-17 02:00:00,6,downside|6|2024-07-01,0.0,neither,ok,376,51,ok,0.13756613756613756,0.10681427540400758,0.10431512826587987
downside,2024-08-26 23:00:00,2024-08-27 06:00:00,2024-08-28 06:00:00,6,downside|6|2024-07-01,1.0,lower_first,ok,376,51,ok,0.13756613756613756,0.04794086388058308,0.04146558980414309
downside,2024-09-04 01:00:00,2024-09-04 08:00:00,2024-09-05 08:00:00,6,downside|6|2024-07-01,0.0,upper_first,ok,376,51,ok,0.13756613756613756,0.12832698541490067,0.11582106761591639
downside,2024-09-06 14:00:00,2024-09-06 21:00:00,2024-09-07 21:00:00,6,downside|6|2024-07-01,0.0,neither,ok,376,51,ok,0.13756613756613756,0.20386213078418441,0.25642850116806554
downside,2024-09-16 14:00:00,2024-09-16 21:00:00,2024-09-17 21:00:00,6,downside|6|2024-07-01,0.0,upper_first,ok,376,51,ok,0.13756613756613756,0.10069586960983869,0.12116481756324936
downside,2024-09-30 01:00:00,2024-09-30 08:00:00,2024-10-01 08:00:00,6,downside|6|2024-07-01,0.0,neither,ok,376,51,ok,0.13756613756613756,0.07779233392463292,0.08093958238183523
downside,2024-10-01 20:00:00,2024-10-02 03:00:00,2024-10-03 03:00:00,6,downside|6|2024-10-01,0.0,neither,ok,391,53,ok,0.13740458015267176,0.07425663225718326,0.06658132135176166
downside,2024-10-09 18:00:00,2024-10-10 01:00:00,2024-10-11 01:00:00,6,downside|6|2024-10-01,0.0,neither,ok,391,53,ok,0.13740458015267176,0.13885267025477913,0.16240466190544223
downside,2024-10-21 13:00:00,2024-10-21 20:00:00,2024-10-22 20:00:00,6,downside|6|2024-10-01,0.0,neither,ok,391,53,ok,0.13740458015267176,0.059019614283879085,0.13467174735682128
downside,2024-10-23 08:00:00,2024-10-23 15:00:00,2024-10-24 15:00:00,6,downside|6|2024-10-01,0.0,neither,ok,391,53,ok,0.13740458015267176,0.08466289026161121,0.08122639206330524
downside,2024-11-01 01:00:00,2024-11-01 08:00:00,2024-11-02 08:00:00,6,downside|6|2024-10-01,0.0,neither,ok,391,53,ok,0.13740458015267176,0.13878518883652982,0.09148892529893539
downside,2024-11-03 02:00:00,2024-11-03 09:00:00,2024-11-04 09:00:00,6,downside|6|2024-10-01,0.0,neither,ok,391,53,ok,0.13740458015267176,0.1106568263909532,0.08629277739665525
downside,2024-11-04 21:00:00,2024-11-05 04:00:00,2024-11-06 04:00:00,6,downside|6|2024-10-01,0.0,upper_first,ok,391,53,ok,0.13740458015267176,0.06876237532947671,0.08103129867696324
downside,2024-11-25 14:00:00,2024-11-25 21:00:00,2024-11-26 21:00:00,6,downside|6|2024-10-01,0.0,neither,ok,391,53,ok,0.13740458015267176,0.13325021009264912,0.1723822632670188
downside,2024-11-26 20:00:00,2024-11-27 03:00:00,2024-11-28 03:00:00,6,downside|6|2024-10-01,0.0,upper_first,ok,391,53,ok,0.13740458015267176,0.1219199030065147,0.09910411035039103
downside,2024-12-02 08:00:00,2024-12-02 15:00:00,2024-12-03 15:00:00,6,downside|6|2024-10-01,0.0,neither,ok,391,53,ok,0.13740458015267176,0.08766500672303663,0.10602721597991416
downside,2024-12-03 13:00:00,2024-12-03 20:00:00,2024-12-04 20:00:00,6,downside|6|2024-10-01,0.0,neither,ok,391,53,ok,0.13740458015267176,0.09308527769183356,0.18860154358311162
downside,2024-12-09 15:00:00,2024-12-09 22:00:00,2024-12-10 22:00:00,6,downside|6|2024-10-01,0.0,neither,ok,391,53,ok,0.13740458015267176,0.13892393111662618,0.24925990699145406
downside,2024-12-18 20:00:00,2024-12-19 03:00:00,2024-12-20 03:00:00,6,downside|6|2024-10-01,1.0,lower_first,ok,391,53,ok,0.13740458015267176,0.15734675700919726,0.15469709913103682
downside,2024-12-20 08:00:00,2024-12-20 15:00:00,2024-12-21 15:00:00,6,downside|6|2024-10-01,0.0,upper_first,ok,391,53,ok,0.13740458015267176,0.15508705592166078,0.17908614330914624
downside,2024-12-23 15:00:00,2024-12-23 22:00:00,2024-12-24 22:00:00,6,downside|6|2024-10-01,0.0,upper_first,ok,391,53,ok,0.13740458015267176,0.09938282343549265,0.14706552935147005
downside,2024-12-27 15:00:00,2024-12-27 22:00:00,2024-12-28 22:00:00,6,downside|6|2024-10-01,0.0,neither,ok,391,53,ok,0.13740458015267176,0.10156374145957969,0.13102728133258684
downside,2024-12-29 22:00:00,2024-12-30 05:00:00,2024-12-31 05:00:00,6,downside|6|2024-10-01,0.0,neither,ok,391,53,ok,0.13740458015267176,0.08057534116390504,0.08415788865874355
downside,2025-01-07 19:00:00,2025-01-08 02:00:00,2025-01-09 02:00:00,6,downside|6|2025-01-01,0.0,neither,ok,408,54,ok,0.13414634146341464,0.11195741721782183,0.12793274138587904
downside,2025-01-09 13:00:00,2025-01-09 20:00:00,2025-01-10 20:00:00,6,downside|6|2025-01-01,0.0,neither,ok,408,54,ok,0.13414634146341464,0.11006846515659283,0.09537789506613072
downside,2025-01-13 10:00:00,2025-01-13 17:00:00,2025-01-14 17:00:00,6,downside|6|2025-01-01,0.0,upper_first,ok,408,54,ok,0.13414634146341464,0.11325143013375798,0.2318217053616828
downside,2025-01-26 23:00:00,2025-01-27 06:00:00,2025-01-28 06:00:00,6,downside|6|2025-01-01,0.0,upper_first,ok,408,54,ok,0.13414634146341464,0.16747499466125793,0.20183782629861666
downside,2025-02-01 20:00:00,2025-02-02 03:00:00,2025-02-03 03:00:00,6,downside|6|2025-01-01,1.0,lower_first,ok,408,54,ok,0.13414634146341464,0.1044716617805887,0.07365829869144427
downside,2025-02-03 01:00:00,2025-02-03 08:00:00,2025-02-04 08:00:00,6,downside|6|2025-01-01,0.0,upper_first,ok,408,54,ok,0.13414634146341464,0.11215972409230968,0.18625164426196897
downside,2025-02-09 21:00:00,2025-02-10 04:00:00,2025-02-11 04:00:00,6,downside|6|2025-01-01,0.0,neither,ok,408,54,ok,0.13414634146341464,0.06247588965591151,0.06657733967750097
downside,2025-02-16 23:00:00,2025-02-17 06:00:00,2025-02-18 06:00:00,6,downside|6|2025-01-01,0.0,neither,ok,408,54,ok,0.13414634146341464,0.05616422671701675,0.046957907257487
downside,2025-02-18 16:00:00,2025-02-18 23:00:00,2025-02-19 23:00:00,6,downside|6|2025-01-01,0.0,neither,ok,408,54,ok,0.13414634146341464,0.053162773612032255,0.13002385784251733
downside,2025-02-24 14:00:00,2025-02-24 21:00:00,2025-02-25 21:00:00,6,downside|6|2025-01-01,1.0,lower_first,ok,408,54,ok,0.13414634146341464,0.078609589190518,0.09883998574597336
downside,2025-02-26 18:00:00,2025-02-27 01:00:00,2025-02-28 01:00:00,6,downside|6|2025-01-01,0.0,neither,ok,408,54,ok,0.13414634146341464,0.12441929937729684,0.1583475688304545
downside,2025-02-28 01:00:00,2025-02-28 08:00:00,2025-03-01 08:00:00,6,downside|6|2025-01-01,0.0,upper_first,ok,408,54,ok,0.13414634146341464,0.2097135626628099,0.20107662131710677
downside,2025-03-04 01:00:00,2025-03-04 08:00:00,2025-03-05 08:00:00,6,downside|6|2025-01-01,0.0,upper_first,ok,408,54,ok,0.13414634146341464,0.22696716076010948,0.1980875944064936
downside,2025-03-09 12:00:00,2025-03-09 19:00:00,2025-03-10 19:00:00,6,downside|6|2025-01-01,0.0,upper_first,ok,408,54,ok,0.13414634146341464,0.18101241074792382,0.17097626726622245
downside,2025-03-10 14:00:00,2025-03-10 21:00:00,2025-03-11 21:00:00,6,downside|6|2025-01-01,0.0,upper_first,ok,408,54,ok,0.13414634146341464,0.14457053249817334,0.24744857625298242
downside,2025-03-18 13:00:00,2025-03-18 20:00:00,2025-03-19 20:00:00,6,downside|6|2025-01-01,0.0,upper_first,ok,408,54,ok,0.13414634146341464,0.07653555722777262,0.09380713306701333
downside,2025-03-28 06:00:00,2025-03-28 13:00:00,2025-03-29 13:00:00,6,downside|6|2025-01-01,0.0,neither,ok,408,54,ok,0.13414634146341464,0.09092043796437749,0.07841482160679834
downside,2025-03-29 09:00:00,2025-03-29 16:00:00,2025-03-30 16:00:00,6,downside|6|2025-01-01,0.0,neither,ok,408,54,ok,0.13414634146341464,0.09986967729333676,0.06530415780401143
downside,2025-04-03 14:00:00,2025-04-03 21:00:00,2025-04-04 21:00:00,6,downside|6|2025-04-01,0.0,neither,ok,427,56,ok,0.13286713286713286,0.11459083632176792,0.1251136630184837
downside,2025-04-06 17:00:00,2025-04-07 00:00:00,2025-04-08 00:00:00,6,downside|6|2025-04-01,0.0,upper_first,ok,427,56,ok,0.13286713286713286,0.1928762553222491,0.2710438059799773
downside,2025-05-04 10:00:00,2025-05-04 17:00:00,2025-05-05 17:00:00,6,downside|6|2025-04-01,0.0,neither,ok,427,56,ok,0.13286713286713286,0.07688507516886708,0.05614345798183749
downside,2025-05-12 18:00:00,2025-05-13 01:00:00,2025-05-14 01:00:00,6,downside|6|2025-04-01,0.0,neither,ok,427,56,ok,0.13286713286713286,0.09694777076610393,0.10595173083698378
downside,2025-05-19 06:00:00,2025-05-19 13:00:00,2025-05-20 13:00:00,6,downside|6|2025-04-01,0.0,neither,ok,427,56,ok,0.13286713286713286,0.09610554872611661,0.09101476430310801
downside,2025-05-28 19:00:00,2025-05-29 02:00:00,2025-05-30 02:00:00,6,downside|6|2025-04-01,0.0,neither,ok,427,56,ok,0.13286713286713286,0.06455343887763085,0.0654702093626097
downside,2025-05-29 23:00:00,2025-05-30 06:00:00,2025-05-31 06:00:00,6,downside|6|2025-04-01,0.0,neither,ok,427,56,ok,0.13286713286713286,0.07933064711034135,0.06662081741330068
downside,2025-05-31 01:00:00,2025-05-31 08:00:00,2025-06-01 08:00:00,6,downside|6|2025-04-01,0.0,neither,ok,427,56,ok,0.13286713286713286,0.08465859917691688,0.05782113255017803
downside,2025-06-05 16:00:00,2025-06-05 23:00:00,2025-06-06 23:00:00,6,downside|6|2025-04-01,0.0,neither,ok,427,56,ok,0.13286713286713286,0.13635272824268788,0.16917739489500397
downside,2025-06-12 20:00:00,2025-06-13 03:00:00,2025-06-14 03:00:00,6,downside|6|2025-04-01,0.0,neither,ok,427,56,ok,0.13286713286713286,0.15467796729898722,0.13782395370485578
downside,2025-06-17 15:00:00,2025-06-17 22:00:00,2025-06-18 22:00:00,6,downside|6|2025-04-01,0.0,neither,ok,427,56,ok,0.13286713286713286,0.08895489508773095,0.12038472138082541
downside,2025-06-20 17:00:00,2025-06-21 00:00:00,2025-06-22 00:00:00,6,downside|6|2025-04-01,0.0,neither,ok,427,56,ok,0.13286713286713286,0.07486588166543977,0.07342238949466726
downside,2025-06-21 19:00:00,2025-06-22 02:00:00,2025-06-23 02:00:00,6,downside|6|2025-04-01,0.0,neither,ok,427,56,ok,0.13286713286713286,0.06571613021418485,0.08807292633651657
downside,2025-07-01 09:00:00,2025-07-01 16:00:00,2025-07-02 16:00:00,6,downside|6|2025-07-01,0.0,neither,ok,440,56,ok,0.12895927601809956,0.06803785681801408,0.0864259806934565
downside,2025-07-15 14:00:00,2025-07-15 21:00:00,2025-07-16 21:00:00,6,downside|6|2025-07-01,0.0,neither,ok,440,56,ok,0.12895927601809956,0.09380550146036758,0.13143505445842135
downside,2025-07-25 02:00:00,2025-07-25 09:00:00,2025-07-26 09:00:00,6,downside|6|2025-07-01,0.0,neither,ok,440,56,ok,0.12895927601809956,0.11869053745839132,0.155442911678616
downside,2025-07-29 15:00:00,2025-07-29 22:00:00,2025-07-30 22:00:00,6,downside|6|2025-07-01,0.0,neither,ok,440,56,ok,0.12895927601809956,0.05049821110127223,0.05261132355375751
downside,2025-07-30 18:00:00,2025-07-31 01:00:00,2025-08-01 01:00:00,6,downside|6|2025-07-01,0.0,neither,ok,440,56,ok,0.12895927601809956,0.03715982194904583,0.04024176414565987
downside,2025-08-01 00:00:00,2025-08-01 07:00:00,2025-08-02 07:00:00,6,downside|6|2025-07-01,0.0,neither,ok,440,56,ok,0.12895927601809956,0.09667514016049146,0.07862417122570697
downside,2025-08-02 18:00:00,2025-08-03 01:00:00,2025-08-04 01:00:00,6,downside|6|2025-07-01,0.0,neither,ok,440,56,ok,0.12895927601809956,0.07096331696128888,0.06074788341457254
downside,2025-08-18 01:00:00,2025-08-18 08:00:00,2025-08-19 08:00:00,6,downside|6|2025-07-01,0.0,neither,ok,440,56,ok,0.12895927601809956,0.09022996178586626,0.09426448566021897
downside,2025-08-19 14:00:00,2025-08-19 21:00:00,2025-08-20 21:00:00,6,downside|6|2025-07-01,0.0,neither,ok,440,56,ok,0.12895927601809956,0.08089003936003687,0.10046129447242114
downside,2025-08-25 20:00:00,2025-08-26 03:00:00,2025-08-27 03:00:00,6,downside|6|2025-07-01,0.0,neither,ok,440,56,ok,0.12895927601809956,0.09122724070390202,0.1011949807328938
downside,2025-08-29 13:00:00,2025-08-29 20:00:00,2025-08-30 20:00:00,6,downside|6|2025-07-01,0.0,neither,ok,440,56,ok,0.12895927601809956,0.09976978454752719,0.10459311769253327
downside,2025-09-15 08:00:00,2025-09-15 15:00:00,2025-09-16 15:00:00,6,downside|6|2025-07-01,0.0,neither,ok,440,56,ok,0.12895927601809956,0.04575982924878199,0.05050734297388375
downside,2025-09-22 00:00:00,2025-09-22 07:00:00,2025-09-23 07:00:00,6,downside|6|2025-07-01,0.0,neither,ok,440,56,ok,0.12895927601809956,0.1038207942307951,0.09542971485043866
downside,2025-09-25 13:00:00,2025-09-25 20:00:00,2025-09-26 20:00:00,6,downside|6|2025-07-01,0.0,neither,ok,440,56,ok,0.12895927601809956,0.11133799197819419,0.11961582828688998
downside,2025-10-09 16:00:00,2025-10-09 23:00:00,2025-10-10 23:00:00,6,downside|6|2025-10-01,1.0,lower_first,ok,454,56,ok,0.125,0.07102238439088988,0.06442885084623913
downside,2025-10-17 06:00:00,2025-10-17 13:00:00,2025-10-18 13:00:00,6,downside|6|2025-10-01,0.0,neither,ok,454,56,ok,0.125,0.14101931586843205,0.13629320923541594
downside,2025-10-29 15:00:00,2025-10-29 22:00:00,2025-10-30 22:00:00,6,downside|6|2025-10-01,0.0,neither,price_unknown,454,56,features_unavailable,,,
downside,2025-10-30 19:00:00,2025-10-31 02:00:00,2025-11-01 02:00:00,6,downside|6|2025-10-01,0.0,neither,price_unknown,454,56,features_unavailable,,,
downside,2025-11-03 03:00:00,2025-11-03 10:00:00,2025-11-04 10:00:00,6,downside|6|2025-10-01,0.0,neither,price_unknown,454,56,features_unavailable,,,
downside,2025-11-04 05:00:00,2025-11-04 12:00:00,2025-11-05 12:00:00,6,downside|6|2025-10-01,0.0,neither,price_unknown,454,56,features_unavailable,,,
downside,2025-11-12 15:00:00,2025-11-12 22:00:00,2025-11-13 22:00:00,6,downside|6|2025-10-01,0.0,neither,price_unknown,454,56,features_unavailable,,,
downside,2025-11-13 16:00:00,2025-11-13 23:00:00,2025-11-14 23:00:00,6,downside|6|2025-10-01,0.0,neither,price_unknown,454,56,features_unavailable,,,
downside,2025-11-14 20:00:00,2025-11-15 03:00:00,2025-11-16 03:00:00,6,downside|6|2025-10-01,0.0,neither,price_unknown,454,56,features_unavailable,,,
downside,2025-11-16 21:00:00,2025-11-17 04:00:00,2025-11-18 04:00:00,6,downside|6|2025-10-01,1.0,lower_first,price_unknown,454,56,features_unavailable,,,
downside,2025-11-18 02:00:00,2025-11-18 09:00:00,2025-11-19 09:00:00,6,downside|6|2025-10-01,0.0,neither,price_unknown,454,56,features_unavailable,,,
downside,2025-11-20 16:00:00,2025-11-20 23:00:00,2025-11-21 23:00:00,6,downside|6|2025-10-01,1.0,lower_first,price_unknown,454,56,features_unavailable,,,
downside,2025-12-01 00:00:00,2025-12-01 07:00:00,2025-12-02 07:00:00,6,downside|6|2025-10-01,0.0,neither,ok,454,56,ok,0.125,0.14616035451406825,0.14326873929671965
downside,2025-12-15 15:00:00,2025-12-15 22:00:00,2025-12-16 22:00:00,6,downside|6|2025-10-01,0.0,neither,ok,454,56,ok,0.125,0.10450974863795351,0.15234998157907206
downside,2025-12-18 19:00:00,2025-12-19 02:00:00,2025-12-20 02:00:00,6,downside|6|2025-10-01,0.0,neither,ok,454,56,ok,0.125,0.1030591229488852,0.09726182539043621
downside,2025-12-23 06:00:00,2025-12-23 13:00:00,2025-12-24 13:00:00,6,downside|6|2025-10-01,0.0,neither,ok,454,56,ok,0.125,0.0708842354894698,0.059348368507139454
downside,2026-01-07 18:00:00,2026-01-08 01:00:00,2026-01-09 01:00:00,6,downside|6|2026-01-01,0.0,neither,ok,460,57,ok,0.12554112554112554,0.077655799844389,0.06981733720278718
downside,2026-01-18 23:00:00,2026-01-19 06:00:00,2026-01-20 06:00:00,6,downside|6|2026-01-01,0.0,neither,ok,460,57,ok,0.12554112554112554,0.13043175863273082,0.1311615018988377
downside,2026-01-20 05:00:00,2026-01-20 12:00:00,2026-01-21 12:00:00,6,downside|6|2026-01-01,0.0,neither,ok,460,57,ok,0.12554112554112554,0.08717186805167718,0.08355298505334534
downside,2026-01-21 16:00:00,2026-01-21 23:00:00,2026-01-22 23:00:00,6,downside|6|2026-01-01,0.0,neither,ok,460,57,ok,0.12554112554112554,0.0496590357627586,0.07238434299457033
downside,2026-01-25 08:00:00,2026-01-25 15:00:00,2026-01-26 15:00:00,6,downside|6|2026-01-01,0.0,neither,ok,460,57,ok,0.12554112554112554,0.05361536400216874,0.0424293891304882
downside,2026-01-29 14:00:00,2026-01-29 21:00:00,2026-01-30 21:00:00,6,downside|6|2026-01-01,0.0,upper_first,ok,460,57,ok,0.12554112554112554,0.18231965033669964,0.2236924574136515
downside,2026-01-31 16:00:00,2026-01-31 23:00:00,2026-02-01 23:00:00,6,downside|6|2026-01-01,0.0,neither,ok,460,57,ok,0.12554112554112554,0.19582528375499025,0.21021908838507292
downside,2026-02-03 18:00:00,2026-02-04 01:00:00,2026-02-05 01:00:00,6,downside|6|2026-01-01,1.0,lower_first,ok,460,57,ok,0.12554112554112554,0.1071861338397391,0.11251960448677474
downside,2026-02-05 02:00:00,2026-02-05 09:00:00,2026-02-06 09:00:00,6,downside|6|2026-01-01,1.0,lower_first,ok,460,57,ok,0.12554112554112554,0.17372152491683923,0.16093689850849874
downside,2026-02-11 04:00:00,2026-02-11 11:00:00,2026-02-12 11:00:00,6,downside|6|2026-01-01,0.0,upper_first,ok,460,57,ok,0.12554112554112554,0.12700407569201588,0.10086640987540711
downside,2026-02-16 15:00:00,2026-02-16 22:00:00,2026-02-17 22:00:00,6,downside|6|2026-01-01,0.0,neither,ok,460,57,ok,0.12554112554112554,0.05808572321668484,0.05460027942729571
downside,2026-02-18 18:00:00,2026-02-19 01:00:00,2026-02-20 01:00:00,6,downside|6|2026-01-01,0.0,neither,ok,460,57,ok,0.12554112554112554,0.08507024993038174,0.08263289713089672
downside,2026-02-23 01:00:00,2026-02-23 08:00:00,2026-02-24 08:00:00,6,downside|6|2026-01-01,1.0,lower_first,ok,460,57,ok,0.12554112554112554,0.06190311388128085,0.06329975336992821
downside,2026-02-28 06:00:00,2026-02-28 13:00:00,2026-03-01 13:00:00,6,downside|6|2026-01-01,0.0,upper_first,ok,460,57,ok,0.12554112554112554,0.08953807615995224,0.07234203708159691
downside,2026-03-07 06:00:00,2026-03-07 13:00:00,2026-03-08 13:00:00,6,downside|6|2026-01-01,0.0,neither,ok,460,57,ok,0.12554112554112554,0.11535401792170483,0.08010272886666472
downside,2026-03-08 22:00:00,2026-03-09 05:00:00,2026-03-10 05:00:00,6,downside|6|2026-01-01,0.0,upper_first,ok,460,57,ok,0.12554112554112554,0.049493122933150425,0.05824161006062486
downside,2026-03-18 14:00:00,2026-03-18 21:00:00,2026-03-19 21:00:00,6,downside|6|2026-01-01,0.0,neither,ok,460,57,ok,0.12554112554112554,0.11705888405725165,0.10907860655484873
downside,2026-03-22 11:00:00,2026-03-22 18:00:00,2026-03-23 18:00:00,6,downside|6|2026-01-01,0.0,upper_first,ok,460,57,ok,0.12554112554112554,0.08165812269425533,0.06379140320042517
downside,2026-03-26 17:00:00,2026-03-27 00:00:00,2026-03-28 00:00:00,6,downside|6|2026-01-01,0.0,neither,ok,460,57,ok,0.12554112554112554,0.1016253512436353,0.09160139044073953
downside,2026-04-19 21:00:00,2026-04-20 04:00:00,2026-04-21 04:00:00,6,downside|6|2026-04-01,0.0,neither,ok,479,60,ok,0.12681912681912683,0.07552432259712842,0.0746852807057435
downside,2026-04-27 15:00:00,2026-04-27 22:00:00,2026-04-28 22:00:00,6,downside|6|2026-04-01,0.0,neither,ok,479,60,ok,0.12681912681912683,0.080801629428983,0.08512269183051809
downside,2026-04-29 18:00:00,2026-04-30 01:00:00,2026-05-01 01:00:00,6,downside|6|2026-04-01,0.0,neither,ok,479,60,ok,0.12681912681912683,0.06668870920993507,0.061391847917575064
downside,2026-05-12 16:00:00,2026-05-12 23:00:00,2026-05-13 23:00:00,6,downside|6|2026-04-01,0.0,neither,price_unknown,479,60,features_unavailable,,,
downside,2026-05-16 07:00:00,2026-05-16 14:00:00,2026-05-17 14:00:00,6,downside|6|2026-04-01,0.0,neither,price_unknown,479,60,features_unavailable,,,
downside,2026-05-17 23:00:00,2026-05-18 06:00:00,2026-05-19 06:00:00,6,downside|6|2026-04-01,0.0,neither,price_unknown,479,60,features_unavailable,,,
downside,2026-05-22 19:00:00,2026-05-23 02:00:00,2026-05-24 02:00:00,6,downside|6|2026-04-01,0.0,upper_first,price_unknown,479,60,features_unavailable,,,
downside,2026-05-26 22:00:00,2026-05-27 05:00:00,2026-05-28 05:00:00,6,downside|6|2026-04-01,0.0,neither,price_unknown,479,60,features_unavailable,,,
downside,2026-05-28 03:00:00,2026-05-28 10:00:00,2026-05-29 10:00:00,6,downside|6|2026-04-01,0.0,neither,price_unknown,479,60,features_unavailable,,,
downside,2026-06-01 12:00:00,2026-06-01 19:00:00,2026-06-02 19:00:00,6,downside|6|2026-04-01,1.0,lower_first,price_unknown,479,60,features_unavailable,,,
downside,2026-06-02 22:00:00,2026-06-03 05:00:00,2026-06-04 05:00:00,6,downside|6|2026-04-01,1.0,lower_first,price_unknown,479,60,features_unavailable,,,
downside,2026-06-03 23:00:00,2026-06-04 06:00:00,2026-06-05 06:00:00,6,downside|6|2026-04-01,0.0,upper_first,price_unknown,479,60,features_unavailable,,,
downside,2026-06-05 13:00:00,2026-06-05 20:00:00,2026-06-06 20:00:00,6,downside|6|2026-04-01,0.0,neither,price_unknown,479,60,features_unavailable,,,
downside,2026-06-18 04:00:00,2026-06-18 11:00:00,2026-06-19 11:00:00,6,downside|6|2026-04-01,0.0,neither,ok,479,60,ok,0.12681912681912683,0.07799096782829845,0.06363845940390106
downside,2026-06-23 06:00:00,2026-06-23 13:00:00,2026-06-24 13:00:00,6,downside|6|2026-04-01,0.0,neither,ok,479,60,ok,0.12681912681912683,0.11783188682681874,0.10133163547843323
downside,2026-06-24 13:00:00,2026-06-24 20:00:00,2026-06-25 20:00:00,6,downside|6|2026-04-01,0.0,neither,ok,479,60,ok,0.12681912681912683,0.1302865793885747,0.1639791360329459
downside,2026-06-30 12:00:00,2026-06-30 19:00:00,2026-07-01 19:00:00,6,downside|6|2026-04-01,0.0,upper_first,ok,479,60,ok,0.12681912681912683,0.0750335094988872,0.08988656849495881
downside,2026-07-13 02:00:00,2026-07-13 09:00:00,2026-07-14 09:00:00,6,downside|6|2026-07-01,0.0,neither,ok,485,60,ok,0.12525667351129363,0.06369464851525329,0.06170451475837995
downside,2026-07-23 17:00:00,2026-07-24 00:00:00,2026-07-25 00:00:00,6,downside|6|2026-07-01,0.0,neither,ok,485,60,ok,0.12525667351129363,0.06029630300170346,0.06028602094134915
downside,2026-07-27 23:00:00,2026-07-28 06:00:00,2026-07-29 06:00:00,6,downside|6|2026-07-01,0.0,neither,ok,485,60,ok,0.12525667351129363,0.09320495826536492,0.0839339015255162
downside,2026-07-31 14:00:00,2026-07-31 21:00:00,2026-08-01 21:00:00,6,downside|6|2026-07-01,0.0,neither,ok,485,60,ok,0.12525667351129363,0.09318061050855014,0.08290175485550665
downside,2026-08-10 15:00:00,2026-08-10 22:00:00,2026-08-11 22:00:00,6,downside|6|2026-07-01,0.0,neither,ok,485,60,ok,0.12525667351129363,0.06477051777940973,0.06361933404132601
downside,2026-08-11 18:00:00,2026-08-12 01:00:00,2026-08-13 01:00:00,6,downside|6|2026-07-01,0.0,neither,ok,485,60,ok,0.12525667351129363,0.03849241845104708,0.03797569808831629
downside,2026-08-13 16:00:00,2026-08-13 23:00:00,2026-08-14 23:00:00,6,downside|6|2026-07-01,0.0,neither,ok,485,60,ok,0.12525667351129363,0.039983053944355376,0.03791050976114457
downside,2026-09-08 04:00:00,2026-09-08 11:00:00,2026-09-09 11:00:00,6,downside|6|2026-07-01,0.0,neither,ok,485,60,ok,0.12525667351129363,0.0592430588131032,0.05442263171589926
downside,2026-09-10 12:00:00,2026-09-10 19:00:00,2026-09-11 19:00:00,6,downside|6|2026-07-01,0.0,upper_first,ok,485,60,ok,0.12525667351129363,0.08111326454645447,0.09094406316169483
downside,2026-09-15 14:00:00,2026-09-15 21:00:00,2026-09-16 21:00:00,6,downside|6|2026-07-01,0.0,neither,ok,485,60,ok,0.12525667351129363,0.10225458323011595,0.1235788685963568
downside,2026-09-24 09:00:00,2026-09-24 16:00:00,2026-09-25 16:00:00,6,downside|6|2026-07-01,0.0,neither,ok,485,60,ok,0.12525667351129363,0.05889314644020396,0.05605725586751332
recovery,2018-01-10 00:00:00,2018-01-11 15:00:00,2018-01-25 01:00:00,1,recovery|1|2018-01-01,0.0,lower_first,ok,7,0,insufficient_training,,,
recovery,2018-01-25 00:00:00,2018-01-26 16:00:00,2018-02-09 01:00:00,1,recovery|1|2018-01-01,,censored,ok,7,0,insufficient_training,,,
recovery,2018-02-22 00:00:00,2018-02-23 10:00:00,2018-03-09 01:00:00,1,recovery|1|2018-01-01,0.0,lower_first,price_unknown,7,0,features_unavailable,,,
recovery,2018-03-14 00:00:00,2018-03-15 14:00:00,2018-03-29 01:00:00,1,recovery|1|2018-01-01,0.0,lower_first,ok,7,0,insufficient_training,,,
recovery,2018-05-11 00:00:00,2018-05-12 10:00:00,2018-05-26 01:00:00,1,recovery|1|2018-04-01,0.0,lower_first,price_unknown,8,0,features_unavailable,,,
recovery,2018-06-10 00:00:00,2018-06-12 00:00:00,2018-06-25 01:00:00,1,recovery|1|2018-04-01,0.0,lower_first,price_unknown,8,0,features_unavailable,,,
recovery,2018-08-04 00:00:00,2018-08-05 21:00:00,2018-08-19 01:00:00,1,recovery|1|2018-07-01,,censored,ok,9,0,insufficient_training,,,
recovery,2018-09-07 00:00:00,2018-09-08 09:00:00,2018-09-22 01:00:00,1,recovery|1|2018-07-01,0.0,lower_first,price_unknown,9,0,features_unavailable,,,
recovery,2019-01-11 00:00:00,2019-01-12 21:00:00,2019-01-26 01:00:00,1,recovery|1|2019-01-01,0.0,lower_first,price_unknown,9,0,features_unavailable,,,
recovery,2019-07-01 00:00:00,2019-07-02 15:00:00,2019-07-16 01:00:00,1,recovery|1|2019-07-01,1.0,upper_first,price_unknown,9,0,features_unavailable,,,
recovery,2019-08-14 00:00:00,2019-08-15 11:00:00,2019-08-29 01:00:00,1,recovery|1|2019-07-01,0.0,lower_first,ok,9,0,insufficient_training,,,
recovery,2019-09-24 00:00:00,2019-09-25 21:00:00,2019-10-09 01:00:00,1,recovery|1|2019-07-01,0.0,lower_first,ok,9,0,insufficient_training,,,
recovery,2019-11-21 00:00:00,2019-11-22 19:00:00,2019-12-06 01:00:00,1,recovery|1|2019-10-01,0.0,lower_first,price_unknown,10,0,features_unavailable,,,
recovery,2020-02-28 00:00:00,2020-03-01 12:00:00,2020-03-14 01:00:00,1,recovery|1|2020-01-01,1.0,upper_first,ok,11,0,insufficient_training,,,
recovery,2020-03-29 00:00:00,2020-03-30 12:00:00,2020-04-13 01:00:00,1,recovery|1|2020-01-01,1.0,upper_first,ok,11,0,insufficient_training,,,
recovery,2020-05-12 00:00:00,2020-05-13 12:00:00,2020-05-27 01:00:00,1,recovery|1|2020-04-01,1.0,upper_first,ok,12,1,insufficient_training,,,
recovery,2020-09-03 00:00:00,2020-09-04 19:00:00,2020-09-18 01:00:00,1,recovery|1|2020-07-01,,censored,ok,14,3,insufficient_training,,,
recovery,2021-01-12 00:00:00,2021-01-13 08:00:00,2021-01-27 01:00:00,1,recovery|1|2021-01-01,1.0,upper_first,ok,14,3,insufficient_training,,,
recovery,2021-02-24 00:00:00,2021-02-25 13:00:00,2021-03-11 01:00:00,1,recovery|1|2021-01-01,0.0,lower_first,ok,14,3,insufficient_training,,,
recovery,2021-03-25 00:00:00,2021-03-26 08:00:00,2021-04-09 01:00:00,1,recovery|1|2021-01-01,1.0,upper_first,ok,14,3,insufficient_training,,,
recovery,2021-04-18 00:00:00,2021-04-20 11:00:00,2021-05-03 01:00:00,1,recovery|1|2021-04-01,0.0,lower_first,ok,16,4,insufficient_training,,,
recovery,2021-05-12 00:00:00,2021-05-14 01:00:00,2021-05-27 01:00:00,1,recovery|1|2021-04-01,0.0,lower_first,ok,16,4,insufficient_training,,,
recovery,2021-05-29 00:00:00,2021-05-30 07:00:00,2021-06-13 01:00:00,1,recovery|1|2021-04-01,0.0,lower_first,ok,16,4,insufficient_training,,,
recovery,2021-06-19 00:00:00,2021-06-20 19:00:00,2021-07-04 01:00:00,1,recovery|1|2021-04-01,0.0,lower_first,ok,16,4,insufficient_training,,,
recovery,2021-09-10 00:00:00,2021-09-11 11:00:00,2021-09-25 01:00:00,1,recovery|1|2021-07-01,0.0,lower_first,ok,20,5,insufficient_training,,,
recovery,2021-11-18 00:00:00,2021-11-19 09:00:00,2021-12-03 01:00:00,1,recovery|1|2021-10-01,1.0,upper_first,ok,21,5,insufficient_training,,,
recovery,2021-12-04 00:00:00,2021-12-06 00:00:00,2021-12-19 01:00:00,1,recovery|1|2021-10-01,0.0,lower_first,ok,21,5,insufficient_training,,,
recovery,2022-01-07 00:00:00,2022-01-09 20:00:00,2022-01-22 01:00:00,1,recovery|1|2022-01-01,0.0,lower_first,ok,23,6,insufficient_training,,,
recovery,2022-02-20 00:00:00,2022-02-22 11:00:00,2022-03-07 01:00:00,1,recovery|1|2022-01-01,0.0,lower_first,ok,23,6,insufficient_training,,,
recovery,2022-05-09 00:00:00,2022-05-11 03:00:00,2022-05-24 01:00:00,1,recovery|1|2022-04-01,0.0,lower_first,ok,26,6,insufficient_training,,,
recovery,2022-06-12 00:00:00,2022-06-14 16:00:00,2022-06-27 01:00:00,1,recovery|1|2022-04-01,0.0,lower_first,ok,26,6,insufficient_training,,,
recovery,2022-07-12 00:00:00,2022-07-13 08:00:00,2022-07-27 01:00:00,1,recovery|1|2022-07-01,0.0,lower_first,ok,27,6,insufficient_training,,,
recovery,2022-08-19 00:00:00,2022-08-20 07:00:00,2022-09-03 01:00:00,1,recovery|1|2022-07-01,0.0,lower_first,ok,27,6,insufficient_training,,,
recovery,2022-09-17 00:00:00,2022-09-19 13:00:00,2022-10-02 01:00:00,1,recovery|1|2022-07-01,0.0,lower_first,ok,27,6,insufficient_training,,,
recovery,2022-11-09 00:00:00,2022-11-10 21:00:00,2022-11-24 01:00:00,1,recovery|1|2022-10-01,0.0,lower_first,ok,30,6,insufficient_training,,,
recovery,2023-04-21 00:00:00,2023-04-22 15:00:00,2023-05-06 01:00:00,1,recovery|1|2023-04-01,1.0,upper_first,ok,32,6,insufficient_training,,,
recovery,2023-08-18 00:00:00,2023-08-19 16:00:00,2023-09-02 01:00:00,1,recovery|1|2023-07-01,0.0,lower_first,ok,33,7,insufficient_training,,,
recovery,2024-03-19 00:00:00,2024-03-20 12:00:00,2024-04-03 01:00:00,1,recovery|1|2024-01-01,0.0,lower_first,ok,34,7,insufficient_training,,,
recovery,2024-04-13 00:00:00,2024-04-14 07:00:00,2024-04-28 01:00:00,1,recovery|1|2024-04-01,0.0,lower_first,ok,34,7,insufficient_training,,,
recovery,2024-08-02 00:00:00,2024-08-04 03:00:00,2024-08-17 01:00:00,1,recovery|1|2024-07-01,0.0,lower_first,ok,36,7,insufficient_training,,,
recovery,2024-12-22 00:00:00,2024-12-24 14:00:00,2025-01-06 01:00:00,1,recovery|1|2024-10-01,0.0,lower_first,ok,37,7,insufficient_training,,,
recovery,2025-02-26 00:00:00,2025-02-27 07:00:00,2025-03-13 01:00:00,1,recovery|1|2025-01-01,0.0,lower_first,ok,37,7,insufficient_training,,,
recovery,2025-10-11 00:00:00,2025-10-12 15:00:00,2025-10-26 01:00:00,1,recovery|1|2025-10-01,0.0,lower_first,ok,39,7,insufficient_training,,,
recovery,2026-01-31 00:00:00,2026-02-02 10:00:00,2026-02-15 01:00:00,1,recovery|1|2026-01-01,0.0,lower_first,ok,40,7,insufficient_training,,,
recovery,2018-01-10 00:00:00,2018-01-11 15:00:00,2018-01-25 06:00:00,6,recovery|6|2018-01-01,0.0,lower_first,ok,7,4,insufficient_training,,,
recovery,2018-01-25 00:00:00,2018-01-26 16:00:00,2018-02-09 06:00:00,6,recovery|6|2018-01-01,,censored,ok,7,4,insufficient_training,,,
recovery,2018-02-22 00:00:00,2018-02-23 10:00:00,2018-03-09 06:00:00,6,recovery|6|2018-01-01,0.0,lower_first,price_unknown,7,4,features_unavailable,,,
recovery,2018-03-14 00:00:00,2018-03-15 14:00:00,2018-03-29 06:00:00,6,recovery|6|2018-01-01,0.0,lower_first,ok,7,4,insufficient_training,,,
recovery,2018-05-11 00:00:00,2018-05-12 10:00:00,2018-05-26 06:00:00,6,recovery|6|2018-04-01,1.0,upper_first,price_unknown,8,4,features_unavailable,,,
recovery,2018-06-10 00:00:00,2018-06-12 00:00:00,2018-06-25 06:00:00,6,recovery|6|2018-04-01,0.0,lower_first,price_unknown,8,4,features_unavailable,,,
recovery,2018-08-04 00:00:00,2018-08-05 21:00:00,2018-08-19 06:00:00,6,recovery|6|2018-07-01,,censored,ok,9,4,insufficient_training,,,
recovery,2018-09-07 00:00:00,2018-09-08 09:00:00,2018-09-22 06:00:00,6,recovery|6|2018-07-01,0.0,lower_first,price_unknown,9,4,features_unavailable,,,
recovery,2019-01-11 00:00:00,2019-01-12 21:00:00,2019-01-26 06:00:00,6,recovery|6|2019-01-01,0.0,lower_first,price_unknown,9,4,features_unavailable,,,
recovery,2019-07-01 00:00:00,2019-07-02 15:00:00,2019-07-16 06:00:00,6,recovery|6|2019-07-01,1.0,upper_first,price_unknown,9,4,features_unavailable,,,
recovery,2019-08-14 00:00:00,2019-08-15 11:00:00,2019-08-29 06:00:00,6,recovery|6|2019-07-01,0.0,lower_first,ok,9,4,insufficient_training,,,
recovery,2019-09-24 00:00:00,2019-09-25 21:00:00,2019-10-09 06:00:00,6,recovery|6|2019-07-01,0.0,lower_first,ok,9,4,insufficient_training,,,
recovery,2019-11-21 00:00:00,2019-11-22 19:00:00,2019-12-06 06:00:00,6,recovery|6|2019-10-01,0.0,lower_first,price_unknown,10,4,features_unavailable,,,
recovery,2020-02-28 00:00:00,2020-03-01 12:00:00,2020-03-14 06:00:00,6,recovery|6|2020-01-01,1.0,upper_first,ok,11,4,insufficient_training,,,
recovery,2020-03-29 00:00:00,2020-03-30 12:00:00,2020-04-13 06:00:00,6,recovery|6|2020-01-01,0.0,lower_first,ok,11,4,insufficient_training,,,
recovery,2020-05-12 00:00:00,2020-05-13 12:00:00,2020-05-27 06:00:00,6,recovery|6|2020-04-01,1.0,upper_first,ok,12,5,insufficient_training,,,
recovery,2020-09-03 00:00:00,2020-09-04 19:00:00,2020-09-18 06:00:00,6,recovery|6|2020-07-01,0.0,lower_first,ok,14,6,insufficient_training,,,
recovery,2021-01-12 00:00:00,2021-01-13 08:00:00,2021-01-27 06:00:00,6,recovery|6|2021-01-01,1.0,upper_first,ok,15,6,insufficient_training,,,
recovery,2021-02-24 00:00:00,2021-02-25 13:00:00,2021-03-11 06:00:00,6,recovery|6|2021-01-01,0.0,lower_first,ok,15,6,insufficient_training,,,
recovery,2021-03-25 00:00:00,2021-03-26 08:00:00,2021-04-09 06:00:00,6,recovery|6|2021-01-01,1.0,upper_first,ok,15,6,insufficient_training,,,
recovery,2021-04-18 00:00:00,2021-04-20 11:00:00,2021-05-03 06:00:00,6,recovery|6|2021-04-01,0.0,lower_first,ok,17,7,insufficient_training,,,
recovery,2021-05-12 00:00:00,2021-05-14 01:00:00,2021-05-27 06:00:00,6,recovery|6|2021-04-01,1.0,upper_first,ok,17,7,insufficient_training,,,
recovery,2021-05-29 00:00:00,2021-05-30 07:00:00,2021-06-13 06:00:00,6,recovery|6|2021-04-01,0.0,lower_first,ok,17,7,insufficient_training,,,
recovery,2021-06-19 00:00:00,2021-06-20 19:00:00,2021-07-04 06:00:00,6,recovery|6|2021-04-01,0.0,lower_first,ok,17,7,insufficient_training,,,
recovery,2021-09-10 00:00:00,2021-09-11 11:00:00,2021-09-25 06:00:00,6,recovery|6|2021-07-01,0.0,lower_first,ok,21,9,insufficient_training,,,
recovery,2021-11-18 00:00:00,2021-11-19 09:00:00,2021-12-03 06:00:00,6,recovery|6|2021-10-01,0.0,lower_first,ok,22,9,insufficient_training,,,
recovery,2021-12-04 00:00:00,2021-12-06 00:00:00,2021-12-19 06:00:00,6,recovery|6|2021-10-01,0.0,lower_first,ok,22,9,insufficient_training,,,
recovery,2022-01-07 00:00:00,2022-01-09 20:00:00,2022-01-22 06:00:00,6,recovery|6|2022-01-01,0.0,lower_first,ok,24,9,insufficient_training,,,
recovery,2022-02-20 00:00:00,2022-02-22 11:00:00,2022-03-07 06:00:00,6,recovery|6|2022-01-01,0.0,lower_first,ok,24,9,insufficient_training,,,
recovery,2022-05-09 00:00:00,2022-05-11 03:00:00,2022-05-24 06:00:00,6,recovery|6|2022-04-01,0.0,lower_first,ok,27,9,insufficient_training,,,
recovery,2022-06-12 00:00:00,2022-06-14 16:00:00,2022-06-27 06:00:00,6,recovery|6|2022-04-01,0.0,lower_first,ok,27,9,insufficient_training,,,
recovery,2022-07-12 00:00:00,2022-07-13 08:00:00,2022-07-27 06:00:00,6,recovery|6|2022-07-01,1.0,upper_first,ok,28,9,insufficient_training,,,
recovery,2022-08-19 00:00:00,2022-08-20 07:00:00,2022-09-03 06:00:00,6,recovery|6|2022-07-01,0.0,lower_first,ok,28,9,insufficient_training,,,
recovery,2022-09-17 00:00:00,2022-09-19 13:00:00,2022-10-02 06:00:00,6,recovery|6|2022-07-01,0.0,lower_first,ok,28,9,insufficient_training,,,
recovery,2022-11-09 00:00:00,2022-11-10 21:00:00,2022-11-24 06:00:00,6,recovery|6|2022-10-01,0.0,lower_first,ok,31,10,insufficient_training,,,
recovery,2023-04-21 00:00:00,2023-04-22 15:00:00,2023-05-06 06:00:00,6,recovery|6|2023-04-01,1.0,upper_first,ok,33,10,insufficient_training,,,
recovery,2023-08-18 00:00:00,2023-08-19 16:00:00,2023-09-02 06:00:00,6,recovery|6|2023-07-01,0.0,neither,ok,34,11,insufficient_training,,,
recovery,2024-03-19 00:00:00,2024-03-20 12:00:00,2024-04-03 06:00:00,6,recovery|6|2024-01-01,1.0,upper_first,ok,35,11,insufficient_training,,,
recovery,2024-04-13 00:00:00,2024-04-14 07:00:00,2024-04-28 06:00:00,6,recovery|6|2024-04-01,0.0,lower_first,ok,35,11,insufficient_training,,,
recovery,2024-08-02 00:00:00,2024-08-04 03:00:00,2024-08-17 06:00:00,6,recovery|6|2024-07-01,0.0,lower_first,ok,37,12,insufficient_training,,,
recovery,2024-12-22 00:00:00,2024-12-24 14:00:00,2025-01-06 06:00:00,6,recovery|6|2024-10-01,0.0,lower_first,ok,38,12,insufficient_training,,,
recovery,2025-02-26 00:00:00,2025-02-27 07:00:00,2025-03-13 06:00:00,6,recovery|6|2025-01-01,0.0,lower_first,ok,38,12,insufficient_training,,,
recovery,2025-10-11 00:00:00,2025-10-12 15:00:00,2025-10-26 06:00:00,6,recovery|6|2025-10-01,0.0,lower_first,ok,40,12,insufficient_training,,,
recovery,2026-01-31 00:00:00,2026-02-02 10:00:00,2026-02-15 06:00:00,6,recovery|6|2026-01-01,0.0,lower_first,ok,41,12,insufficient_training,,,
