anchor,issue,entry,end,lag_hours,watch_status,feature_status,y,category,barrier_hour,row_id,fit_id,forecast_status,recent,price,warning_id,model,probability
2018-01-12 06:00:00,2018-01-12 06:00:00,2018-01-12 07:00:00,2018-01-13 07:00:00,1,prebreak,ok,0.0,upper_first,17.0,2968,1|2018-01-01,ok,0.12069297183543093,0.19136069483307572,1|recent|45,recent,0.12069297183543093
2018-01-13 12:00:00,2018-01-13 12:00:00,2018-01-13 13:00:00,2018-01-14 13:00:00,1,prebreak,ok,1.0,lower_first,16.0,2973,1|2018-01-01,ok,0.12069297183543093,0.18267201070648792,1|recent|50,recent,0.12069297183543093
2018-01-14 18:00:00,2018-01-14 18:00:00,2018-01-14 19:00:00,2018-01-15 19:00:00,1,prebreak,ok,0.0,upper_first,17.0,2978,1|2018-01-01,ok,0.12069297183543093,0.14416918061687212,1|recent|55,recent,0.12069297183543093
2018-01-16 00:00:00,2018-01-16 00:00:00,2018-01-16 01:00:00,2018-01-17 01:00:00,1,prebreak,ok,1.0,lower_first,6.0,2983,1|2018-01-01,ok,0.12069297183543093,0.1187511573048429,1|recent|60,recent,0.12069297183543093
2018-01-18 18:00:00,2018-01-18 18:00:00,2018-01-18 19:00:00,2018-01-19 19:00:00,1,prebreak,ok,1.0,lower_first,3.0,2994,1|2018-01-01,ok,0.12069297183543093,0.27004099625892863,1|recent|71,recent,0.12069297183543093
2018-01-20 00:00:00,2018-01-20 00:00:00,2018-01-20 01:00:00,2018-01-21 01:00:00,1,prebreak,ok,0.0,upper_first,3.0,2999,1|2018-01-01,ok,0.12069297183543093,0.23122687412243134,1|recent|76,recent,0.12069297183543093
2018-01-21 06:00:00,2018-01-21 06:00:00,2018-01-21 07:00:00,2018-01-22 07:00:00,1,prebreak,ok,1.0,lower_first,9.0,3004,1|2018-01-01,ok,0.12069297183543093,0.19236881642663042,1|recent|81,recent,0.12069297183543093
2018-01-22 12:00:00,2018-01-22 12:00:00,2018-01-22 13:00:00,2018-01-23 13:00:00,1,prebreak,ok,1.0,lower_first,0.0,3009,1|2018-01-01,ok,0.12069297183543093,0.17534902305957015,1|recent|86,recent,0.12069297183543093
2018-01-23 18:00:00,2018-01-23 18:00:00,2018-01-23 19:00:00,2018-01-24 19:00:00,1,prebreak,ok,1.0,lower_first,5.0,3014,1|2018-01-01,ok,0.12069297183543093,0.1804969517859862,1|recent|91,recent,0.12069297183543093
2018-01-25 00:00:00,2018-01-25 00:00:00,2018-01-25 01:00:00,2018-01-26 01:00:00,1,prebreak,ok,0.0,upper_first,2.0,3019,1|2018-01-01,ok,0.12069297183543093,0.19082619332770748,1|recent|96,recent,0.12069297183543093
2018-01-26 06:00:00,2018-01-26 06:00:00,2018-01-26 07:00:00,2018-01-27 07:00:00,1,prebreak,ok,1.0,lower_first,1.0,3024,1|2018-01-01,ok,0.12069297183543093,0.14903717999976102,1|recent|101,recent,0.12069297183543093
2018-01-27 12:00:00,2018-01-27 12:00:00,2018-01-27 13:00:00,2018-01-28 13:00:00,1,prebreak,ok,0.0,upper_first,2.0,3029,1|2018-01-01,ok,0.12069297183543093,0.15873068492760453,1|recent|106,recent,0.12069297183543093
2018-01-28 18:00:00,2018-01-28 18:00:00,2018-01-28 19:00:00,2018-01-29 19:00:00,1,prebreak,ok,0.0,neither,,3034,1|2018-01-01,ok,0.12069297183543093,0.14038471197493305,1|recent|111,recent,0.12069297183543093
2018-01-30 00:00:00,2018-01-30 00:00:00,2018-01-30 01:00:00,2018-01-31 01:00:00,1,prebreak,ok,1.0,lower_first,12.0,3039,1|2018-01-01,ok,0.12069297183543093,0.133900945485942,1|recent|116,recent,0.12069297183543093
2018-03-03 12:00:00,2018-03-03 12:00:00,2018-03-03 13:00:00,2018-03-04 13:00:00,1,prebreak,ok,0.0,neither,,3169,1|2018-01-01,ok,0.12069297183543093,0.11822408161439452,1|recent|246,recent,0.12069297183543093
2018-03-04 18:00:00,2018-03-04 18:00:00,2018-03-04 19:00:00,2018-03-05 19:00:00,1,prebreak,ok,0.0,neither,,3174,1|2018-01-01,ok,0.12069297183543093,0.1300384103197063,1|recent|251,recent,0.12069297183543093
2018-03-06 00:00:00,2018-03-06 00:00:00,2018-03-06 01:00:00,2018-03-07 01:00:00,1,prebreak,ok,1.0,lower_first,16.0,3179,1|2018-01-01,ok,0.12069297183543093,0.11704201856684843,1|recent|256,recent,0.12069297183543093
2018-03-10 06:00:00,2018-03-10 06:00:00,2018-03-10 07:00:00,2018-03-11 07:00:00,1,prebreak,ok,1.0,lower_first,11.0,3196,1|2018-01-01,ok,0.12069297183543093,0.22035381641436674,1|recent|273,recent,0.12069297183543093
2018-03-11 12:00:00,2018-03-11 12:00:00,2018-03-11 13:00:00,2018-03-12 13:00:00,1,prebreak,ok,0.0,upper_first,4.0,3201,1|2018-01-01,ok,0.12069297183543093,0.20329925436189109,1|recent|278,recent,0.12069297183543093
2018-03-12 18:00:00,2018-03-12 18:00:00,2018-03-12 19:00:00,2018-03-13 19:00:00,1,prebreak,ok,0.0,neither,,3206,1|2018-01-01,ok,0.12069297183543093,0.2052735407326824,1|recent|283,recent,0.12069297183543093
2018-03-14 00:00:00,2018-03-14 00:00:00,2018-03-14 01:00:00,2018-03-15 01:00:00,1,prebreak,ok,1.0,lower_first,9.0,3211,1|2018-01-01,ok,0.12069297183543093,0.20296046896457962,1|recent|288,recent,0.12069297183543093
2018-03-16 06:00:00,2018-03-16 06:00:00,2018-03-16 07:00:00,2018-03-17 07:00:00,1,prebreak,ok,0.0,upper_first,6.0,3220,1|2018-01-01,ok,0.12069297183543093,0.18453163578968396,1|recent|297,recent,0.12069297183543093
2018-03-17 12:00:00,2018-03-17 12:00:00,2018-03-17 13:00:00,2018-03-18 13:00:00,1,prebreak,ok,1.0,lower_first,13.0,3225,1|2018-01-01,ok,0.12069297183543093,0.16482456216307784,1|recent|302,recent,0.12069297183543093
2018-03-19 18:00:00,2018-03-19 18:00:00,2018-03-19 19:00:00,2018-03-20 19:00:00,1,prebreak,ok,0.0,upper_first,4.0,3234,1|2018-01-01,ok,0.12069297183543093,0.16606945742100118,1|recent|311,recent,0.12069297183543093
2018-03-21 00:00:00,2018-03-21 00:00:00,2018-03-21 01:00:00,2018-03-22 01:00:00,1,prebreak,ok,0.0,neither,,3239,1|2018-01-01,ok,0.12069297183543093,0.15305781096719606,1|recent|316,recent,0.12069297183543093
2018-03-22 06:00:00,2018-03-22 06:00:00,2018-03-22 07:00:00,2018-03-23 07:00:00,1,prebreak,ok,1.0,lower_first,7.0,3244,1|2018-01-01,ok,0.12069297183543093,0.10437997261493942,1|recent|321,recent,0.12069297183543093
2018-03-23 12:00:00,2018-03-23 12:00:00,2018-03-23 13:00:00,2018-03-24 13:00:00,1,prebreak,ok,0.0,upper_first,1.0,3249,1|2018-01-01,ok,0.12069297183543093,0.10975605147017649,1|recent|326,recent,0.12069297183543093
2018-03-24 18:00:00,2018-03-24 18:00:00,2018-03-24 19:00:00,2018-03-25 19:00:00,1,prebreak,ok,1.0,lower_first,7.0,3254,1|2018-01-01,ok,0.12069297183543093,0.1115106081170519,1|recent|331,recent,0.12069297183543093
2018-03-26 00:00:00,2018-03-26 00:00:00,2018-03-26 01:00:00,2018-03-27 01:00:00,1,prebreak,ok,1.0,lower_first,16.0,3259,1|2018-01-01,ok,0.12069297183543093,0.1362539933568671,1|recent|336,recent,0.12069297183543093
2018-03-28 06:00:00,2018-03-28 06:00:00,2018-03-28 07:00:00,2018-03-29 07:00:00,1,prebreak,ok,0.0,neither,,3268,1|2018-01-01,ok,0.12069297183543093,0.12991530042242735,1|recent|345,recent,0.12069297183543093
2018-03-31 06:00:00,2018-03-31 06:00:00,2018-03-31 07:00:00,2018-04-01 07:00:00,1,prebreak,ok,0.0,upper_first,3.0,3280,1|2018-01-01,ok,0.12069297183543093,0.15818755741276266,1|recent|357,recent,0.12069297183543093
2018-04-01 12:00:00,2018-04-01 12:00:00,2018-04-01 13:00:00,2018-04-02 13:00:00,1,prebreak,ok,0.0,upper_first,6.0,3285,1|2018-04-01,ok,0.161105452930591,0.25786390023620187,1|recent|362,recent,0.161105452930591
2018-04-02 18:00:00,2018-04-02 18:00:00,2018-04-02 19:00:00,2018-04-03 19:00:00,1,prebreak,ok,0.0,upper_first,7.0,3290,1|2018-04-01,ok,0.161105452930591,0.19581820039267012,1|recent|367,recent,0.161105452930591
2018-04-04 00:00:00,2018-04-04 00:00:00,2018-04-04 01:00:00,2018-04-05 01:00:00,1,prebreak,ok,1.0,lower_first,10.0,3295,1|2018-04-01,ok,0.161105452930591,0.15511124441906768,1|recent|372,recent,0.161105452930591
2018-04-06 06:00:00,2018-04-06 06:00:00,2018-04-06 07:00:00,2018-04-07 07:00:00,1,prebreak,ok,0.0,upper_first,18.0,3304,1|2018-04-01,ok,0.161105452930591,0.17560891144368992,1|recent|381,recent,0.161105452930591
2018-04-07 12:00:00,2018-04-07 12:00:00,2018-04-07 13:00:00,2018-04-08 13:00:00,1,prebreak,ok,0.0,upper_first,22.0,3309,1|2018-04-01,ok,0.161105452930591,0.18645150710696004,1|recent|386,recent,0.161105452930591
2018-04-08 18:00:00,2018-04-08 18:00:00,2018-04-08 19:00:00,2018-04-09 19:00:00,1,prebreak,ok,0.0,neither,,3314,1|2018-04-01,ok,0.161105452930591,0.14317174722049464,1|recent|391,recent,0.161105452930591
2018-04-10 00:00:00,2018-04-10 00:00:00,2018-04-10 01:00:00,2018-04-11 01:00:00,1,prebreak,ok,0.0,neither,,3319,1|2018-04-01,ok,0.161105452930591,0.14787122786027534,1|recent|396,recent,0.161105452930591
2018-04-11 06:00:00,2018-04-11 06:00:00,2018-04-11 07:00:00,2018-04-12 07:00:00,1,prebreak,ok,0.0,neither,,3324,1|2018-04-01,ok,0.161105452930591,0.1418507857549569,1|recent|401,recent,0.161105452930591
2018-04-12 12:00:00,2018-04-12 12:00:00,2018-04-12 13:00:00,2018-04-13 13:00:00,1,prebreak,ok,0.0,upper_first,10.0,3329,1|2018-04-01,ok,0.161105452930591,0.04484163582950535,1|recent|406,recent,0.161105452930591
2018-04-13 18:00:00,2018-04-13 18:00:00,2018-04-13 19:00:00,2018-04-14 19:00:00,1,prebreak,ok,0.0,neither,,3334,1|2018-04-01,ok,0.161105452930591,0.2323372586491196,1|recent|411,recent,0.161105452930591
2018-04-15 00:00:00,2018-04-15 00:00:00,2018-04-15 01:00:00,2018-04-16 01:00:00,1,prebreak,ok,0.0,upper_first,10.0,3339,1|2018-04-01,ok,0.161105452930591,0.2502818593631669,1|recent|416,recent,0.161105452930591
2018-04-16 06:00:00,2018-04-16 06:00:00,2018-04-16 07:00:00,2018-04-17 07:00:00,1,prebreak,ok,0.0,neither,,3344,1|2018-04-01,ok,0.161105452930591,0.2066356243641881,1|recent|421,recent,0.161105452930591
2018-04-17 12:00:00,2018-04-17 12:00:00,2018-04-17 13:00:00,2018-04-18 13:00:00,1,prebreak,ok,0.0,neither,,3349,1|2018-04-01,ok,0.161105452930591,0.1516692289700166,1|recent|426,recent,0.161105452930591
2018-04-19 00:00:00,2018-04-19 00:00:00,2018-04-19 01:00:00,2018-04-20 01:00:00,1,prebreak,ok,0.0,neither,,3355,1|2018-04-01,ok,0.161105452930591,0.15893919986212543,1|recent|432,recent,0.161105452930591
2018-04-20 06:00:00,2018-04-20 06:00:00,2018-04-20 07:00:00,2018-04-21 07:00:00,1,prebreak,ok,0.0,upper_first,15.0,3360,1|2018-04-01,ok,0.161105452930591,0.12528449407680217,1|recent|437,recent,0.161105452930591
2018-04-21 12:00:00,2018-04-21 12:00:00,2018-04-21 13:00:00,2018-04-22 13:00:00,1,prebreak,ok,0.0,neither,,3365,1|2018-04-01,ok,0.161105452930591,0.13791979796943082,1|recent|442,recent,0.161105452930591
2018-04-22 18:00:00,2018-04-22 18:00:00,2018-04-22 19:00:00,2018-04-23 19:00:00,1,prebreak,ok,0.0,neither,,3370,1|2018-04-01,ok,0.161105452930591,0.12009262035462179,1|recent|447,recent,0.161105452930591
2018-04-24 00:00:00,2018-04-24 00:00:00,2018-04-24 01:00:00,2018-04-25 01:00:00,1,prebreak,ok,0.0,upper_first,19.0,3375,1|2018-04-01,ok,0.161105452930591,0.0990964575638948,1|recent|452,recent,0.161105452930591
2018-04-25 06:00:00,2018-04-25 06:00:00,2018-04-25 07:00:00,2018-04-26 07:00:00,1,prebreak,ok,1.0,lower_first,7.0,3380,1|2018-04-01,ok,0.161105452930591,0.1506019453973047,1|recent|457,recent,0.161105452930591
2018-04-26 18:00:00,2018-04-26 18:00:00,2018-04-26 19:00:00,2018-04-27 19:00:00,1,prebreak,ok,0.0,upper_first,1.0,3386,1|2018-04-01,ok,0.161105452930591,0.21562988070167063,1|recent|463,recent,0.161105452930591
2018-04-28 00:00:00,2018-04-28 00:00:00,2018-04-28 01:00:00,2018-04-29 01:00:00,1,prebreak,ok,0.0,upper_first,7.0,3391,1|2018-04-01,ok,0.161105452930591,0.22711766606149417,1|recent|468,recent,0.161105452930591
2018-04-29 06:00:00,2018-04-29 06:00:00,2018-04-29 07:00:00,2018-04-30 07:00:00,1,prebreak,ok,0.0,neither,,3396,1|2018-04-01,ok,0.161105452930591,0.1558232347827899,1|recent|473,recent,0.161105452930591
2018-04-30 12:00:00,2018-04-30 12:00:00,2018-04-30 13:00:00,2018-05-01 13:00:00,1,prebreak,ok,0.0,neither,,3401,1|2018-04-01,ok,0.161105452930591,0.15331006141611297,1|recent|478,recent,0.161105452930591
2018-05-01 18:00:00,2018-05-01 18:00:00,2018-05-01 19:00:00,2018-05-02 19:00:00,1,prebreak,ok,0.0,neither,,3406,1|2018-04-01,ok,0.161105452930591,0.1597115878307273,1|recent|483,recent,0.161105452930591
2018-05-03 00:00:00,2018-05-03 00:00:00,2018-05-03 01:00:00,2018-05-04 01:00:00,1,prebreak,ok,0.0,upper_first,13.0,3411,1|2018-04-01,ok,0.161105452930591,0.14553912457713208,1|recent|488,recent,0.161105452930591
2018-05-04 06:00:00,2018-05-04 06:00:00,2018-05-04 07:00:00,2018-05-05 07:00:00,1,prebreak,ok,0.0,neither,,3416,1|2018-04-01,ok,0.161105452930591,0.10960037618556907,1|recent|493,recent,0.161105452930591
2018-05-05 12:00:00,2018-05-05 12:00:00,2018-05-05 13:00:00,2018-05-06 13:00:00,1,prebreak,ok,1.0,lower_first,19.0,3421,1|2018-04-01,ok,0.161105452930591,0.11434490732413193,1|recent|498,recent,0.161105452930591
2018-05-06 18:00:00,2018-05-06 18:00:00,2018-05-06 19:00:00,2018-05-07 19:00:00,1,prebreak,ok,0.0,neither,,3426,1|2018-04-01,ok,0.161105452930591,0.14724111317066396,1|recent|503,recent,0.161105452930591
2018-05-08 06:00:00,2018-05-08 06:00:00,2018-05-08 07:00:00,2018-05-09 07:00:00,1,prebreak,ok,0.0,neither,,3432,1|2018-04-01,ok,0.161105452930591,0.14625011399808005,1|recent|509,recent,0.161105452930591
2018-07-04 06:00:00,2018-07-04 06:00:00,2018-07-04 07:00:00,2018-07-05 07:00:00,1,prebreak,ok,0.0,upper_first,6.0,3660,1|2018-07-01,ok,0.15807531495729701,0.11995808232057888,1|recent|737,recent,0.15807531495729701
2018-07-05 12:00:00,2018-07-05 12:00:00,2018-07-05 13:00:00,2018-07-06 13:00:00,1,prebreak,ok,0.0,neither,,3665,1|2018-07-01,ok,0.15807531495729701,0.15601737289188924,1|recent|742,recent,0.15807531495729701
2018-07-06 18:00:00,2018-07-06 18:00:00,2018-07-06 19:00:00,2018-07-07 19:00:00,1,prebreak,ok,0.0,neither,,3670,1|2018-07-01,ok,0.15807531495729701,0.1219905378192383,1|recent|747,recent,0.15807531495729701
2018-07-08 00:00:00,2018-07-08 00:00:00,2018-07-08 01:00:00,2018-07-09 01:00:00,1,prebreak,ok,0.0,neither,,3675,1|2018-07-01,ok,0.15807531495729701,0.06784399909877993,1|recent|752,recent,0.15807531495729701
2018-07-09 06:00:00,2018-07-09 06:00:00,2018-07-09 07:00:00,2018-07-10 07:00:00,1,prebreak,ok,0.0,neither,,3680,1|2018-07-01,ok,0.15807531495729701,0.09177924300422016,1|recent|757,recent,0.15807531495729701
2018-07-12 00:00:00,2018-07-12 00:00:00,2018-07-12 01:00:00,2018-07-13 01:00:00,1,prebreak,ok,0.0,neither,,3691,1|2018-07-01,ok,0.15807531495729701,0.10559591708221858,1|recent|768,recent,0.15807531495729701
2018-07-13 12:00:00,2018-07-13 12:00:00,2018-07-13 13:00:00,2018-07-14 13:00:00,1,prebreak,ok,0.0,neither,,3697,1|2018-07-01,ok,0.15807531495729701,0.11304546425514363,1|recent|774,recent,0.15807531495729701
2018-07-14 18:00:00,2018-07-14 18:00:00,2018-07-14 19:00:00,2018-07-15 19:00:00,1,prebreak,ok,0.0,neither,,3702,1|2018-07-01,ok,0.15807531495729701,0.09344714555259087,1|recent|779,recent,0.15807531495729701
2018-07-16 00:00:00,2018-07-16 00:00:00,2018-07-16 01:00:00,2018-07-17 01:00:00,1,prebreak,ok,0.0,upper_first,9.0,3707,1|2018-07-01,ok,0.15807531495729701,0.07776107662986051,1|recent|784,recent,0.15807531495729701
2018-07-17 06:00:00,2018-07-17 06:00:00,2018-07-17 07:00:00,2018-07-18 07:00:00,1,prebreak,ok,0.0,upper_first,10.0,3712,1|2018-07-01,ok,0.15807531495729701,0.08874196990506818,1|recent|789,recent,0.15807531495729701
2018-07-18 12:00:00,2018-07-18 12:00:00,2018-07-18 13:00:00,2018-07-19 13:00:00,1,prebreak,ok,0.0,neither,,3717,1|2018-07-01,ok,0.15807531495729701,0.15998853689116957,1|recent|794,recent,0.15807531495729701
2018-07-19 18:00:00,2018-07-19 18:00:00,2018-07-19 19:00:00,2018-07-20 19:00:00,1,prebreak,ok,0.0,upper_first,21.0,3722,1|2018-07-01,ok,0.15807531495729701,0.16457637067095,1|recent|799,recent,0.15807531495729701
2018-07-21 00:00:00,2018-07-21 00:00:00,2018-07-21 01:00:00,2018-07-22 01:00:00,1,prebreak,ok,0.0,neither,,3727,1|2018-07-01,ok,0.15807531495729701,0.14294742766190252,1|recent|804,recent,0.15807531495729701
2018-07-22 06:00:00,2018-07-22 06:00:00,2018-07-22 07:00:00,2018-07-23 07:00:00,1,prebreak,ok,0.0,upper_first,19.0,3732,1|2018-07-01,ok,0.15807531495729701,0.12127499722824277,1|recent|809,recent,0.15807531495729701
2018-07-23 12:00:00,2018-07-23 12:00:00,2018-07-23 13:00:00,2018-07-24 13:00:00,1,prebreak,ok,0.0,upper_first,16.0,3737,1|2018-07-01,ok,0.15807531495729701,0.1174184485291626,1|recent|814,recent,0.15807531495729701
2018-07-24 18:00:00,2018-07-24 18:00:00,2018-07-24 19:00:00,2018-07-25 19:00:00,1,prebreak,ok,0.0,neither,,3742,1|2018-07-01,ok,0.15807531495729701,0.09681424865425135,1|recent|819,recent,0.15807531495729701
2018-07-26 00:00:00,2018-07-26 00:00:00,2018-07-26 01:00:00,2018-07-27 01:00:00,1,prebreak,ok,0.0,neither,,3747,1|2018-07-01,ok,0.15807531495729701,0.10537416800000772,1|recent|824,recent,0.15807531495729701
2018-07-27 06:00:00,2018-07-27 06:00:00,2018-07-27 07:00:00,2018-07-28 07:00:00,1,prebreak,ok,0.0,upper_first,8.0,3752,1|2018-07-01,ok,0.15807531495729701,0.15099338689780026,1|recent|829,recent,0.15807531495729701
2018-07-28 18:00:00,2018-07-28 18:00:00,2018-07-28 19:00:00,2018-07-29 19:00:00,1,prebreak,ok,0.0,neither,,3758,1|2018-07-01,ok,0.15807531495729701,0.15525775342142478,1|recent|835,recent,0.15807531495729701
2018-07-30 00:00:00,2018-07-30 00:00:00,2018-07-30 01:00:00,2018-07-31 01:00:00,1,prebreak,ok,0.0,neither,,3763,1|2018-07-01,ok,0.15807531495729701,0.123646914476858,1|recent|840,recent,0.15807531495729701
2018-08-02 06:00:00,2018-08-02 06:00:00,2018-08-02 07:00:00,2018-08-03 07:00:00,1,prebreak,ok,0.0,neither,,3776,1|2018-07-01,ok,0.15807531495729701,0.15715727495053,1|recent|853,recent,0.15807531495729701
2018-08-04 06:00:00,2018-08-04 06:00:00,2018-08-04 07:00:00,2018-08-05 07:00:00,1,prebreak,ok,1.0,lower_first,7.0,3784,1|2018-07-01,ok,0.15807531495729701,0.13576312662004175,1|recent|861,recent,0.15807531495729701
2018-08-06 06:00:00,2018-08-06 06:00:00,2018-08-06 07:00:00,2018-08-07 07:00:00,1,prebreak,ok,0.0,neither,,3792,1|2018-07-01,ok,0.15807531495729701,0.1555585538812021,1|recent|869,recent,0.15807531495729701
2018-08-09 18:00:00,2018-08-09 18:00:00,2018-08-09 19:00:00,2018-08-10 19:00:00,1,prebreak,ok,,censored,,3806,1|2018-07-01,ok,0.15807531495729701,0.1541517034459313,1|recent|883,recent,0.15807531495729701
2018-09-09 18:00:00,2018-09-09 18:00:00,2018-09-09 19:00:00,2018-09-10 19:00:00,1,prebreak,ok,0.0,neither,,3930,1|2018-07-01,ok,0.15807531495729701,0.143567823088042,1|recent|1007,recent,0.15807531495729701
2018-09-11 00:00:00,2018-09-11 00:00:00,2018-09-11 01:00:00,2018-09-12 01:00:00,1,prebreak,ok,0.0,neither,,3935,1|2018-07-01,ok,0.15807531495729701,0.13864700151267229,1|recent|1012,recent,0.15807531495729701
2018-09-12 06:00:00,2018-09-12 06:00:00,2018-09-12 07:00:00,2018-09-13 07:00:00,1,prebreak,ok,0.0,neither,,3940,1|2018-07-01,ok,0.15807531495729701,0.13721167591851885,1|recent|1017,recent,0.15807531495729701
2018-09-13 12:00:00,2018-09-13 12:00:00,2018-09-13 13:00:00,2018-09-14 13:00:00,1,prebreak,ok,0.0,neither,,3945,1|2018-07-01,ok,0.15807531495729701,0.08396354493991331,1|recent|1022,recent,0.15807531495729701
2018-09-14 18:00:00,2018-09-14 18:00:00,2018-09-14 19:00:00,2018-09-15 19:00:00,1,prebreak,ok,0.0,neither,,3950,1|2018-07-01,ok,0.15807531495729701,0.09000451498760302,1|recent|1027,recent,0.15807531495729701
2018-09-16 00:00:00,2018-09-16 00:00:00,2018-09-16 01:00:00,2018-09-17 01:00:00,1,prebreak,ok,0.0,neither,,3955,1|2018-07-01,ok,0.15807531495729701,0.11105160484995454,1|recent|1032,recent,0.15807531495729701
2018-09-17 06:00:00,2018-09-17 06:00:00,2018-09-17 07:00:00,2018-09-18 07:00:00,1,prebreak,ok,0.0,neither,,3960,1|2018-07-01,ok,0.15807531495729701,0.09754287115048273,1|recent|1037,recent,0.15807531495729701
2018-09-19 00:00:00,2018-09-19 00:00:00,2018-09-19 01:00:00,2018-09-20 01:00:00,1,prebreak,ok,0.0,upper_first,18.0,3967,1|2018-07-01,ok,0.15807531495729701,0.09217594469874714,1|recent|1044,recent,0.15807531495729701
2018-09-21 00:00:00,2018-09-21 00:00:00,2018-09-21 01:00:00,2018-09-22 01:00:00,1,prebreak,ok,0.0,upper_first,7.0,3975,1|2018-07-01,ok,0.15807531495729701,0.14524827011129202,1|recent|1052,recent,0.15807531495729701
2018-09-22 06:00:00,2018-09-22 06:00:00,2018-09-22 07:00:00,2018-09-23 07:00:00,1,prebreak,ok,0.0,neither,,3980,1|2018-07-01,ok,0.15807531495729701,0.14431306015840184,1|recent|1057,recent,0.15807531495729701
2018-09-23 12:00:00,2018-09-23 12:00:00,2018-09-23 13:00:00,2018-09-24 13:00:00,1,prebreak,ok,0.0,neither,,3985,1|2018-07-01,ok,0.15807531495729701,0.09837762194260848,1|recent|1062,recent,0.15807531495729701
2018-09-27 00:00:00,2018-09-27 00:00:00,2018-09-27 01:00:00,2018-09-28 01:00:00,1,prebreak,ok,0.0,upper_first,19.0,3999,1|2018-07-01,ok,0.15807531495729701,0.10742076596645107,1|recent|1076,recent,0.15807531495729701
2018-09-28 06:00:00,2018-09-28 06:00:00,2018-09-28 07:00:00,2018-09-29 07:00:00,1,prebreak,ok,0.0,neither,,4004,1|2018-07-01,ok,0.15807531495729701,0.090154031535388,1|recent|1081,recent,0.15807531495729701
2018-09-29 12:00:00,2018-09-29 12:00:00,2018-09-29 13:00:00,2018-09-30 13:00:00,1,prebreak,ok,0.0,neither,,4009,1|2018-07-01,ok,0.15807531495729701,0.1153137775342813,1|recent|1086,recent,0.15807531495729701
2018-09-30 18:00:00,2018-09-30 18:00:00,2018-09-30 19:00:00,2018-10-01 19:00:00,1,prebreak,ok,0.0,neither,,4014,1|2018-07-01,ok,0.15807531495729701,0.1299104746535213,1|recent|1091,recent,0.15807531495729701
2018-10-02 00:00:00,2018-10-02 00:00:00,2018-10-02 01:00:00,2018-10-03 01:00:00,1,prebreak,ok,0.0,neither,,4019,1|2018-10-01,ok,0.14041154880104822,0.08202796856339696,1|recent|1096,recent,0.14041154880104822
2018-10-04 06:00:00,2018-10-04 06:00:00,2018-10-04 07:00:00,2018-10-05 07:00:00,1,prebreak,ok,0.0,neither,,4028,1|2018-10-01,ok,0.14041154880104822,0.05469483317371389,1|recent|1105,recent,0.14041154880104822
2018-10-05 12:00:00,2018-10-05 12:00:00,2018-10-05 13:00:00,2018-10-06 13:00:00,1,prebreak,ok,0.0,neither,,4033,1|2018-10-01,ok,0.14041154880104822,0.06356536405775286,1|recent|1110,recent,0.14041154880104822
2018-10-06 18:00:00,2018-10-06 18:00:00,2018-10-06 19:00:00,2018-10-07 19:00:00,1,prebreak,ok,0.0,neither,,4038,1|2018-10-01,ok,0.14041154880104822,0.05564515734483268,1|recent|1115,recent,0.14041154880104822
2018-10-08 00:00:00,2018-10-08 00:00:00,2018-10-08 01:00:00,2018-10-09 01:00:00,1,prebreak,ok,0.0,neither,,4043,1|2018-10-01,ok,0.14041154880104822,0.03914515494314207,1|recent|1120,recent,0.14041154880104822
2018-10-09 06:00:00,2018-10-09 06:00:00,2018-10-09 07:00:00,2018-10-10 07:00:00,1,prebreak,ok,0.0,neither,,4048,1|2018-10-01,ok,0.14041154880104822,0.04370590055616185,1|recent|1125,recent,0.14041154880104822
2018-10-12 06:00:00,2018-10-12 06:00:00,2018-10-12 07:00:00,2018-10-13 07:00:00,1,prebreak,ok,0.0,neither,,4060,1|2018-10-01,ok,0.14041154880104822,0.1078271653818313,1|recent|1137,recent,0.14041154880104822
2018-10-13 12:00:00,2018-10-13 12:00:00,2018-10-13 13:00:00,2018-10-14 13:00:00,1,prebreak,ok,0.0,neither,,4065,1|2018-10-01,ok,0.14041154880104822,0.10945615265217278,1|recent|1142,recent,0.14041154880104822
2018-10-14 18:00:00,2018-10-14 18:00:00,2018-10-14 19:00:00,2018-10-15 19:00:00,1,prebreak,ok,0.0,upper_first,11.0,4070,1|2018-10-01,ok,0.14041154880104822,0.04069898856983656,1|recent|1147,recent,0.14041154880104822
2018-10-16 00:00:00,2018-10-16 00:00:00,2018-10-16 01:00:00,2018-10-17 01:00:00,1,prebreak,ok,0.0,neither,,4075,1|2018-10-01,ok,0.14041154880104822,0.1531219998091818,1|recent|1152,recent,0.14041154880104822
2018-10-17 06:00:00,2018-10-17 06:00:00,2018-10-17 07:00:00,2018-10-18 07:00:00,1,prebreak,ok,0.0,neither,,4080,1|2018-10-01,ok,0.14041154880104822,0.15242496113999274,1|recent|1157,recent,0.14041154880104822
2018-10-18 12:00:00,2018-10-18 12:00:00,2018-10-18 13:00:00,2018-10-19 13:00:00,1,prebreak,ok,0.0,neither,,4085,1|2018-10-01,ok,0.14041154880104822,0.04872517459474601,1|recent|1162,recent,0.14041154880104822
2018-10-19 18:00:00,2018-10-19 18:00:00,2018-10-19 19:00:00,2018-10-20 19:00:00,1,prebreak,ok,0.0,neither,,4090,1|2018-10-01,ok,0.14041154880104822,0.04134609092902893,1|recent|1167,recent,0.14041154880104822
2018-10-21 00:00:00,2018-10-21 00:00:00,2018-10-21 01:00:00,2018-10-22 01:00:00,1,prebreak,ok,0.0,neither,,4095,1|2018-10-01,ok,0.14041154880104822,0.03653858706836596,1|recent|1172,recent,0.14041154880104822
2018-10-22 06:00:00,2018-10-22 06:00:00,2018-10-22 07:00:00,2018-10-23 07:00:00,1,prebreak,ok,0.0,neither,,4100,1|2018-10-01,ok,0.14041154880104822,0.024023097164369553,1|recent|1177,recent,0.14041154880104822
2018-10-24 12:00:00,2018-10-24 12:00:00,2018-10-24 13:00:00,2018-10-25 13:00:00,1,prebreak,ok,0.0,neither,,4109,1|2018-10-01,ok,0.14041154880104822,0.03649356394627394,1|recent|1186,recent,0.14041154880104822
2018-10-25 18:00:00,2018-10-25 18:00:00,2018-10-25 19:00:00,2018-10-26 19:00:00,1,prebreak,ok,0.0,neither,,4114,1|2018-10-01,ok,0.14041154880104822,0.040413930618842825,1|recent|1191,recent,0.14041154880104822
2018-10-27 00:00:00,2018-10-27 00:00:00,2018-10-27 01:00:00,2018-10-28 01:00:00,1,prebreak,ok,0.0,neither,,4119,1|2018-10-01,ok,0.14041154880104822,0.045502432089147574,1|recent|1196,recent,0.14041154880104822
2018-10-28 06:00:00,2018-10-28 06:00:00,2018-10-28 07:00:00,2018-10-29 07:00:00,1,prebreak,ok,0.0,neither,,4124,1|2018-10-01,ok,0.14041154880104822,0.02865126546453754,1|recent|1201,recent,0.14041154880104822
2018-10-30 18:00:00,2018-10-30 18:00:00,2018-10-30 19:00:00,2018-10-31 19:00:00,1,prebreak,ok,0.0,neither,,4134,1|2018-10-01,ok,0.14041154880104822,0.052211946931114576,1|recent|1211,recent,0.14041154880104822
2018-11-01 00:00:00,2018-11-01 00:00:00,2018-11-01 01:00:00,2018-11-02 01:00:00,1,prebreak,ok,0.0,neither,,4139,1|2018-10-01,ok,0.14041154880104822,0.07381253547360798,1|recent|1216,recent,0.14041154880104822
2018-11-02 06:00:00,2018-11-02 06:00:00,2018-11-02 07:00:00,2018-11-03 07:00:00,1,prebreak,ok,0.0,neither,,4144,1|2018-10-01,ok,0.14041154880104822,0.056079013196433526,1|recent|1221,recent,0.14041154880104822
2018-11-03 12:00:00,2018-11-03 12:00:00,2018-11-03 13:00:00,2018-11-04 13:00:00,1,prebreak,ok,0.0,neither,,4149,1|2018-10-01,ok,0.14041154880104822,0.05984761724096773,1|recent|1226,recent,0.14041154880104822
2018-11-04 18:00:00,2018-11-04 18:00:00,2018-11-04 19:00:00,2018-11-05 19:00:00,1,prebreak,ok,0.0,neither,,4154,1|2018-10-01,ok,0.14041154880104822,0.04401207519638657,1|recent|1231,recent,0.14041154880104822
2018-11-06 00:00:00,2018-11-06 00:00:00,2018-11-06 01:00:00,2018-11-07 01:00:00,1,prebreak,ok,0.0,neither,,4159,1|2018-10-01,ok,0.14041154880104822,0.0451275537092726,1|recent|1236,recent,0.14041154880104822
2018-11-07 06:00:00,2018-11-07 06:00:00,2018-11-07 07:00:00,2018-11-08 07:00:00,1,prebreak,ok,0.0,neither,,4164,1|2018-10-01,ok,0.14041154880104822,0.04672344329780555,1|recent|1241,recent,0.14041154880104822
2018-11-08 12:00:00,2018-11-08 12:00:00,2018-11-08 13:00:00,2018-11-09 13:00:00,1,prebreak,ok,0.0,neither,,4169,1|2018-10-01,ok,0.14041154880104822,0.043764654916580034,1|recent|1246,recent,0.14041154880104822
2018-11-10 12:00:00,2018-11-10 12:00:00,2018-11-10 13:00:00,2018-11-11 13:00:00,1,prebreak,ok,0.0,neither,,4177,1|2018-10-01,ok,0.14041154880104822,0.047072363250402066,1|recent|1254,recent,0.14041154880104822
2018-11-11 18:00:00,2018-11-11 18:00:00,2018-11-11 19:00:00,2018-11-12 19:00:00,1,prebreak,ok,0.0,neither,,4182,1|2018-10-01,ok,0.14041154880104822,0.04829022885405468,1|recent|1259,recent,0.14041154880104822
2018-11-13 00:00:00,2018-11-13 00:00:00,2018-11-13 01:00:00,2018-11-14 01:00:00,1,prebreak,ok,0.0,neither,,4187,1|2018-10-01,ok,0.14041154880104822,0.04388013149891785,1|recent|1264,recent,0.14041154880104822
2018-11-14 06:00:00,2018-11-14 06:00:00,2018-11-14 07:00:00,2018-11-15 07:00:00,1,prebreak,ok,1.0,lower_first,9.0,4192,1|2018-10-01,ok,0.14041154880104822,0.04570361378836968,1|recent|1269,recent,0.14041154880104822
2018-11-16 18:00:00,2018-11-16 18:00:00,2018-11-16 19:00:00,2018-11-17 19:00:00,1,prebreak,ok,0.0,neither,,4202,1|2018-10-01,ok,0.14041154880104822,0.22385383903819478,1|recent|1279,recent,0.14041154880104822
2018-11-18 00:00:00,2018-11-18 00:00:00,2018-11-18 01:00:00,2018-11-19 01:00:00,1,prebreak,ok,0.0,neither,,4207,1|2018-10-01,ok,0.14041154880104822,0.1728573438476377,1|recent|1284,recent,0.14041154880104822
2018-11-19 06:00:00,2018-11-19 06:00:00,2018-11-19 07:00:00,2018-11-20 07:00:00,1,prebreak,ok,1.0,lower_first,6.0,4212,1|2018-10-01,ok,0.14041154880104822,0.12964256366564067,1|recent|1289,recent,0.14041154880104822
2018-11-21 12:00:00,2018-11-21 12:00:00,2018-11-21 13:00:00,2018-11-22 13:00:00,1,prebreak,ok,0.0,neither,,4221,1|2018-10-01,ok,0.14041154880104822,0.24794439135656932,1|recent|1298,recent,0.14041154880104822
2018-11-22 18:00:00,2018-11-22 18:00:00,2018-11-22 19:00:00,2018-11-23 19:00:00,1,prebreak,ok,1.0,lower_first,6.0,4226,1|2018-10-01,ok,0.14041154880104822,0.258992592563934,1|recent|1303,recent,0.14041154880104822
2018-11-24 00:00:00,2018-11-24 00:00:00,2018-11-24 01:00:00,2018-11-25 01:00:00,1,prebreak,ok,1.0,lower_first,18.0,4231,1|2018-10-01,ok,0.14041154880104822,0.19974804130888812,1|recent|1308,recent,0.14041154880104822
2018-11-26 06:00:00,2018-11-26 06:00:00,2018-11-26 07:00:00,2018-11-27 07:00:00,1,prebreak,ok,1.0,lower_first,2.0,4240,1|2018-10-01,ok,0.14041154880104822,0.2234930491514892,1|recent|1317,recent,0.14041154880104822
2018-11-27 12:00:00,2018-11-27 12:00:00,2018-11-27 13:00:00,2018-11-28 13:00:00,1,prebreak,ok,0.0,upper_first,9.0,4245,1|2018-10-01,ok,0.14041154880104822,0.2805258750060771,1|recent|1322,recent,0.14041154880104822
2018-11-28 18:00:00,2018-11-28 18:00:00,2018-11-28 19:00:00,2018-11-29 19:00:00,1,prebreak,ok,0.0,upper_first,1.0,4250,1|2018-10-01,ok,0.14041154880104822,0.1993801389301947,1|recent|1327,recent,0.14041154880104822
2018-11-30 00:00:00,2018-11-30 00:00:00,2018-11-30 01:00:00,2018-12-01 01:00:00,1,prebreak,ok,1.0,lower_first,10.0,4255,1|2018-10-01,ok,0.14041154880104822,0.17671342361792153,1|recent|1332,recent,0.14041154880104822
2018-12-01 06:00:00,2018-12-01 06:00:00,2018-12-01 07:00:00,2018-12-02 07:00:00,1,prebreak,ok,0.0,upper_first,3.0,4260,1|2018-10-01,ok,0.14041154880104822,0.2013258017524755,1|recent|1337,recent,0.14041154880104822
2018-12-02 12:00:00,2018-12-02 12:00:00,2018-12-02 13:00:00,2018-12-03 13:00:00,1,prebreak,ok,0.0,neither,,4265,1|2018-10-01,ok,0.14041154880104822,0.17579355894285764,1|recent|1342,recent,0.14041154880104822
2018-12-04 18:00:00,2018-12-04 18:00:00,2018-12-04 19:00:00,2018-12-05 19:00:00,1,prebreak,ok,1.0,lower_first,21.0,4274,1|2018-10-01,ok,0.14041154880104822,0.18588722164260751,1|recent|1351,recent,0.14041154880104822
2018-12-06 18:00:00,2018-12-06 18:00:00,2018-12-06 19:00:00,2018-12-07 19:00:00,1,prebreak,ok,1.0,lower_first,4.0,4282,1|2018-10-01,ok,0.14041154880104822,0.17891896234890967,1|recent|1359,recent,0.14041154880104822
2018-12-08 18:00:00,2018-12-08 18:00:00,2018-12-08 19:00:00,2018-12-09 19:00:00,1,prebreak,ok,0.0,upper_first,18.0,4290,1|2018-10-01,ok,0.14041154880104822,0.23375180085421954,1|recent|1367,recent,0.14041154880104822
2018-12-10 00:00:00,2018-12-10 00:00:00,2018-12-10 01:00:00,2018-12-11 01:00:00,1,prebreak,ok,1.0,lower_first,15.0,4295,1|2018-10-01,ok,0.14041154880104822,0.23304256553160338,1|recent|1372,recent,0.14041154880104822
2018-12-11 06:00:00,2018-12-11 06:00:00,2018-12-11 07:00:00,2018-12-12 07:00:00,1,prebreak,ok,0.0,neither,,4300,1|2018-10-01,ok,0.14041154880104822,0.1459719768830895,1|recent|1377,recent,0.14041154880104822
2018-12-12 12:00:00,2018-12-12 12:00:00,2018-12-12 13:00:00,2018-12-13 13:00:00,1,prebreak,ok,0.0,neither,,4305,1|2018-10-01,ok,0.14041154880104822,0.10136784955133232,1|recent|1382,recent,0.14041154880104822
2018-12-13 18:00:00,2018-12-13 18:00:00,2018-12-13 19:00:00,2018-12-14 19:00:00,1,prebreak,ok,1.0,lower_first,5.0,4310,1|2018-10-01,ok,0.14041154880104822,0.08657861052212337,1|recent|1387,recent,0.14041154880104822
2018-12-15 18:00:00,2018-12-15 18:00:00,2018-12-15 19:00:00,2018-12-16 19:00:00,1,prebreak,ok,0.0,upper_first,9.0,4318,1|2018-10-01,ok,0.14041154880104822,0.11827080252459346,1|recent|1395,recent,0.14041154880104822
2018-12-17 00:00:00,2018-12-17 00:00:00,2018-12-17 01:00:00,2018-12-18 01:00:00,1,prebreak,ok,0.0,upper_first,11.0,4323,1|2018-10-01,ok,0.14041154880104822,0.09446798844772103,1|recent|1400,recent,0.14041154880104822
2018-12-18 06:00:00,2018-12-18 06:00:00,2018-12-18 07:00:00,2018-12-19 07:00:00,1,prebreak,ok,0.0,upper_first,16.0,4328,1|2018-10-01,ok,0.14041154880104822,0.12306822288109412,1|recent|1405,recent,0.14041154880104822
2018-12-19 12:00:00,2018-12-19 12:00:00,2018-12-19 13:00:00,2018-12-20 13:00:00,1,prebreak,ok,0.0,upper_first,19.0,4333,1|2018-10-01,ok,0.14041154880104822,0.11592309492473178,1|recent|1410,recent,0.14041154880104822
2018-12-20 18:00:00,2018-12-20 18:00:00,2018-12-20 19:00:00,2018-12-21 19:00:00,1,prebreak,ok,0.0,neither,,4338,1|2018-10-01,ok,0.14041154880104822,0.19096703075115262,1|recent|1415,recent,0.14041154880104822
2018-12-22 00:00:00,2018-12-22 00:00:00,2018-12-22 01:00:00,2018-12-23 01:00:00,1,prebreak,ok,0.0,upper_first,22.0,4343,1|2018-10-01,ok,0.14041154880104822,0.23121306513409104,1|recent|1420,recent,0.14041154880104822
2018-12-23 06:00:00,2018-12-23 06:00:00,2018-12-23 07:00:00,2018-12-24 07:00:00,1,prebreak,ok,0.0,upper_first,17.0,4348,1|2018-10-01,ok,0.14041154880104822,0.2316649911476254,1|recent|1425,recent,0.14041154880104822
2018-12-24 12:00:00,2018-12-24 12:00:00,2018-12-24 13:00:00,2018-12-25 13:00:00,1,prebreak,ok,1.0,lower_first,11.0,4353,1|2018-10-01,ok,0.14041154880104822,0.18813721013277962,1|recent|1430,recent,0.14041154880104822
2019-01-25 06:00:00,2019-01-25 06:00:00,2019-01-25 07:00:00,2019-01-26 07:00:00,1,prebreak,ok,0.0,neither,,4480,1|2019-01-01,ok,0.146407929737638,0.06986659555609707,1|recent|1557,recent,0.146407929737638
2019-01-26 12:00:00,2019-01-26 12:00:00,2019-01-26 13:00:00,2019-01-27 13:00:00,1,prebreak,ok,0.0,neither,,4485,1|2019-01-01,ok,0.146407929737638,0.07769032692729273,1|recent|1562,recent,0.146407929737638
2019-01-27 18:00:00,2019-01-27 18:00:00,2019-01-27 19:00:00,2019-01-28 19:00:00,1,prebreak,ok,0.0,neither,,4490,1|2019-01-01,ok,0.146407929737638,0.046515522175803334,1|recent|1567,recent,0.146407929737638
2019-01-29 06:00:00,2019-01-29 06:00:00,2019-01-29 07:00:00,2019-01-30 07:00:00,1,prebreak,ok,0.0,neither,,4496,1|2019-01-01,ok,0.146407929737638,0.10477854623165005,1|recent|1573,recent,0.146407929737638
2019-01-30 12:00:00,2019-01-30 12:00:00,2019-01-30 13:00:00,2019-01-31 13:00:00,1,prebreak,ok,0.0,neither,,4501,1|2019-01-01,ok,0.146407929737638,0.08020734533516675,1|recent|1578,recent,0.146407929737638
2019-01-31 18:00:00,2019-01-31 18:00:00,2019-01-31 19:00:00,2019-02-01 19:00:00,1,prebreak,ok,0.0,neither,,4506,1|2019-01-01,ok,0.146407929737638,0.06926696018366511,1|recent|1583,recent,0.146407929737638
2019-02-02 00:00:00,2019-02-02 00:00:00,2019-02-02 01:00:00,2019-02-03 01:00:00,1,prebreak,ok,0.0,neither,,4511,1|2019-01-01,ok,0.146407929737638,0.07190430884340354,1|recent|1588,recent,0.146407929737638
2019-02-03 06:00:00,2019-02-03 06:00:00,2019-02-03 07:00:00,2019-02-04 07:00:00,1,prebreak,ok,0.0,neither,,4516,1|2019-01-01,ok,0.146407929737638,0.06899161940953266,1|recent|1593,recent,0.146407929737638
2019-02-04 12:00:00,2019-02-04 12:00:00,2019-02-04 13:00:00,2019-02-05 13:00:00,1,prebreak,ok,0.0,neither,,4521,1|2019-01-01,ok,0.146407929737638,0.07393880839207684,1|recent|1598,recent,0.146407929737638
2019-02-05 18:00:00,2019-02-05 18:00:00,2019-02-05 19:00:00,2019-02-06 19:00:00,1,prebreak,ok,0.0,neither,,4526,1|2019-01-01,ok,0.146407929737638,0.05927131376006828,1|recent|1603,recent,0.146407929737638
2019-02-07 06:00:00,2019-02-07 06:00:00,2019-02-07 07:00:00,2019-02-08 07:00:00,1,prebreak,ok,0.0,neither,,4532,1|2019-01-01,ok,0.146407929737638,0.051530354673795215,1|recent|1609,recent,0.146407929737638
2019-02-08 12:00:00,2019-02-08 12:00:00,2019-02-08 13:00:00,2019-02-09 13:00:00,1,prebreak,ok,0.0,upper_first,3.0,4537,1|2019-01-01,ok,0.146407929737638,0.04453462741477994,1|recent|1614,recent,0.146407929737638
2019-02-09 18:00:00,2019-02-09 18:00:00,2019-02-09 19:00:00,2019-02-10 19:00:00,1,prebreak,ok,0.0,neither,,4542,1|2019-01-01,ok,0.146407929737638,0.14260467966884877,1|recent|1619,recent,0.146407929737638
2019-02-11 00:00:00,2019-02-11 00:00:00,2019-02-11 01:00:00,2019-02-12 01:00:00,1,prebreak,ok,0.0,neither,,4547,1|2019-01-01,ok,0.146407929737638,0.1332756512395547,1|recent|1624,recent,0.146407929737638
2019-02-13 06:00:00,2019-02-13 06:00:00,2019-02-13 07:00:00,2019-02-14 07:00:00,1,prebreak,ok,0.0,neither,,4556,1|2019-01-01,ok,0.146407929737638,0.06684166831376552,1|recent|1633,recent,0.146407929737638
2019-02-14 12:00:00,2019-02-14 12:00:00,2019-02-14 13:00:00,2019-02-15 13:00:00,1,prebreak,ok,0.0,neither,,4561,1|2019-01-01,ok,0.146407929737638,0.07401157207856318,1|recent|1638,recent,0.146407929737638
2019-02-15 18:00:00,2019-02-15 18:00:00,2019-02-15 19:00:00,2019-02-16 19:00:00,1,prebreak,ok,0.0,neither,,4566,1|2019-01-01,ok,0.146407929737638,0.05935079630582411,1|recent|1643,recent,0.146407929737638
2019-02-17 00:00:00,2019-02-17 00:00:00,2019-02-17 01:00:00,2019-02-18 01:00:00,1,prebreak,ok,0.0,neither,,4571,1|2019-01-01,ok,0.146407929737638,0.05235583772223207,1|recent|1648,recent,0.146407929737638
2019-02-18 06:00:00,2019-02-18 06:00:00,2019-02-18 07:00:00,2019-02-19 07:00:00,1,prebreak,ok,0.0,upper_first,6.0,4576,1|2019-01-01,ok,0.146407929737638,0.0434159866061544,1|recent|1653,recent,0.146407929737638
2019-02-19 12:00:00,2019-02-19 12:00:00,2019-02-19 13:00:00,2019-02-20 13:00:00,1,prebreak,ok,0.0,neither,,4581,1|2019-01-01,ok,0.146407929737638,0.08754662597929039,1|recent|1658,recent,0.146407929737638
2019-02-20 18:00:00,2019-02-20 18:00:00,2019-02-20 19:00:00,2019-02-21 19:00:00,1,prebreak,ok,0.0,neither,,4586,1|2019-01-01,ok,0.146407929737638,0.0971334264426783,1|recent|1663,recent,0.146407929737638
2019-02-22 00:00:00,2019-02-22 00:00:00,2019-02-22 01:00:00,2019-02-23 01:00:00,1,prebreak,ok,0.0,neither,,4591,1|2019-01-01,ok,0.146407929737638,0.11232738001866366,1|recent|1668,recent,0.146407929737638
2019-02-23 06:00:00,2019-02-23 06:00:00,2019-02-23 07:00:00,2019-02-24 07:00:00,1,prebreak,ok,0.0,upper_first,10.0,4596,1|2019-01-01,ok,0.146407929737638,0.08367287930625947,1|recent|1673,recent,0.146407929737638
2019-02-24 12:00:00,2019-02-24 12:00:00,2019-02-24 13:00:00,2019-02-25 13:00:00,1,prebreak,ok,1.0,lower_first,1.0,4601,1|2019-01-01,ok,0.146407929737638,0.10123835172591011,1|recent|1678,recent,0.146407929737638
2019-02-25 18:00:00,2019-02-25 18:00:00,2019-02-25 19:00:00,2019-02-26 19:00:00,1,prebreak,ok,0.0,neither,,4606,1|2019-01-01,ok,0.146407929737638,0.2047991217330858,1|recent|1683,recent,0.146407929737638
2019-02-27 00:00:00,2019-02-27 00:00:00,2019-02-27 01:00:00,2019-02-28 01:00:00,1,prebreak,ok,0.0,neither,,4611,1|2019-01-01,ok,0.146407929737638,0.1944863054310607,1|recent|1688,recent,0.146407929737638
2019-03-01 00:00:00,2019-03-01 00:00:00,2019-03-01 01:00:00,2019-03-02 01:00:00,1,prebreak,ok,0.0,neither,,4619,1|2019-01-01,ok,0.146407929737638,0.08092759074102522,1|recent|1696,recent,0.146407929737638
2019-03-02 06:00:00,2019-03-02 06:00:00,2019-03-02 07:00:00,2019-03-03 07:00:00,1,prebreak,ok,0.0,neither,,4624,1|2019-01-01,ok,0.146407929737638,0.07581345169382626,1|recent|1701,recent,0.146407929737638
2019-03-03 12:00:00,2019-03-03 12:00:00,2019-03-03 13:00:00,2019-03-04 13:00:00,1,prebreak,ok,0.0,neither,,4629,1|2019-01-01,ok,0.146407929737638,0.0488129059221637,1|recent|1706,recent,0.146407929737638
2019-03-05 06:00:00,2019-03-05 06:00:00,2019-03-05 07:00:00,2019-03-06 07:00:00,1,prebreak,ok,0.0,upper_first,6.0,4636,1|2019-01-01,ok,0.146407929737638,0.05384892001622479,1|recent|1713,recent,0.146407929737638
2019-03-06 12:00:00,2019-03-06 12:00:00,2019-03-06 13:00:00,2019-03-07 13:00:00,1,prebreak,ok,0.0,neither,,4641,1|2019-01-01,ok,0.146407929737638,0.08347347781967557,1|recent|1718,recent,0.146407929737638
2019-03-07 18:00:00,2019-03-07 18:00:00,2019-03-07 19:00:00,2019-03-08 19:00:00,1,prebreak,ok,0.0,neither,,4646,1|2019-01-01,ok,0.146407929737638,0.07842524817161307,1|recent|1723,recent,0.146407929737638
2019-03-09 00:00:00,2019-03-09 00:00:00,2019-03-09 01:00:00,2019-03-10 01:00:00,1,prebreak,ok,0.0,neither,,4651,1|2019-01-01,ok,0.146407929737638,0.0877698042116294,1|recent|1728,recent,0.146407929737638
2019-03-10 06:00:00,2019-03-10 06:00:00,2019-03-10 07:00:00,2019-03-11 07:00:00,1,prebreak,ok,0.0,neither,,4656,1|2019-01-01,ok,0.146407929737638,0.06934492962773198,1|recent|1733,recent,0.146407929737638
2019-03-11 12:00:00,2019-03-11 12:00:00,2019-03-11 13:00:00,2019-03-12 13:00:00,1,prebreak,ok,0.0,neither,,4661,1|2019-01-01,ok,0.146407929737638,0.07195492836598887,1|recent|1738,recent,0.146407929737638
2019-03-13 06:00:00,2019-03-13 06:00:00,2019-03-13 07:00:00,2019-03-14 07:00:00,1,prebreak,ok,0.0,neither,,4668,1|2019-01-01,ok,0.146407929737638,0.06605591774132288,1|recent|1745,recent,0.146407929737638
2019-03-14 12:00:00,2019-03-14 12:00:00,2019-03-14 13:00:00,2019-03-15 13:00:00,1,prebreak,ok,0.0,neither,,4673,1|2019-01-01,ok,0.146407929737638,0.05939992118913599,1|recent|1750,recent,0.146407929737638
2019-03-15 18:00:00,2019-03-15 18:00:00,2019-03-15 19:00:00,2019-03-16 19:00:00,1,prebreak,ok,0.0,upper_first,9.0,4678,1|2019-01-01,ok,0.146407929737638,0.03039714444866309,1|recent|1755,recent,0.146407929737638
2019-03-17 00:00:00,2019-03-17 00:00:00,2019-03-17 01:00:00,2019-03-18 01:00:00,1,prebreak,ok,0.0,neither,,4683,1|2019-01-01,ok,0.146407929737638,0.046895701154831125,1|recent|1760,recent,0.146407929737638
2019-03-18 06:00:00,2019-03-18 06:00:00,2019-03-18 07:00:00,2019-03-19 07:00:00,1,prebreak,ok,0.0,neither,,4688,1|2019-01-01,ok,0.146407929737638,0.08263367309305765,1|recent|1765,recent,0.146407929737638
2019-03-19 12:00:00,2019-03-19 12:00:00,2019-03-19 13:00:00,2019-03-20 13:00:00,1,prebreak,ok,0.0,neither,,4693,1|2019-01-01,ok,0.146407929737638,0.06803552639206345,1|recent|1770,recent,0.146407929737638
2019-03-20 18:00:00,2019-03-20 18:00:00,2019-03-20 19:00:00,2019-03-21 19:00:00,1,prebreak,ok,0.0,neither,,4698,1|2019-01-01,ok,0.146407929737638,0.05974001725529196,1|recent|1775,recent,0.146407929737638
2019-03-22 18:00:00,2019-03-22 18:00:00,2019-03-22 19:00:00,2019-03-23 19:00:00,1,prebreak,ok,0.0,neither,,4706,1|2019-01-01,ok,0.146407929737638,0.07990887434408876,1|recent|1783,recent,0.146407929737638
2019-03-24 00:00:00,2019-03-24 00:00:00,2019-03-24 01:00:00,2019-03-25 01:00:00,1,prebreak,ok,0.0,neither,,4711,1|2019-01-01,ok,0.146407929737638,0.07535084082900934,1|recent|1788,recent,0.146407929737638
2019-03-25 06:00:00,2019-03-25 06:00:00,2019-03-25 07:00:00,2019-03-26 07:00:00,1,prebreak,ok,0.0,neither,,4716,1|2019-01-01,ok,0.146407929737638,0.041925731653138856,1|recent|1793,recent,0.146407929737638
2019-03-27 00:00:00,2019-03-27 00:00:00,2019-03-27 01:00:00,2019-03-28 01:00:00,1,prebreak,ok,0.0,neither,,4723,1|2019-01-01,ok,0.146407929737638,0.054547464553405436,1|recent|1800,recent,0.146407929737638
2019-03-28 06:00:00,2019-03-28 06:00:00,2019-03-28 07:00:00,2019-03-29 07:00:00,1,prebreak,ok,0.0,neither,,4728,1|2019-01-01,ok,0.146407929737638,0.05565505106217983,1|recent|1805,recent,0.146407929737638
2019-03-29 12:00:00,2019-03-29 12:00:00,2019-03-29 13:00:00,2019-03-30 13:00:00,1,prebreak,ok,0.0,neither,,4733,1|2019-01-01,ok,0.146407929737638,0.036446016444270146,1|recent|1810,recent,0.146407929737638
2019-03-30 18:00:00,2019-03-30 18:00:00,2019-03-30 19:00:00,2019-03-31 19:00:00,1,prebreak,ok,0.0,neither,,4738,1|2019-01-01,ok,0.146407929737638,0.06762802054622914,1|recent|1815,recent,0.146407929737638
2019-04-01 00:00:00,2019-04-01 00:00:00,2019-04-01 01:00:00,2019-04-02 01:00:00,1,prebreak,ok,0.0,neither,,4743,1|2019-04-01,ok,0.12185625498038163,0.05562388256659481,1|recent|1820,recent,0.12185625498038163
2019-04-02 06:00:00,2019-04-02 06:00:00,2019-04-02 07:00:00,2019-04-03 07:00:00,1,prebreak,ok,0.0,upper_first,16.0,4748,1|2019-04-01,ok,0.12185625498038163,0.19739115012221073,1|recent|1825,recent,0.12185625498038163
2019-04-03 12:00:00,2019-04-03 12:00:00,2019-04-03 13:00:00,2019-04-04 13:00:00,1,prebreak,ok,0.0,upper_first,4.0,4753,1|2019-04-01,ok,0.12185625498038163,0.20539064526382234,1|recent|1830,recent,0.12185625498038163
2019-04-04 18:00:00,2019-04-04 18:00:00,2019-04-04 19:00:00,2019-04-05 19:00:00,1,prebreak,ok,0.0,upper_first,16.0,4758,1|2019-04-01,ok,0.12185625498038163,0.25244755875821756,1|recent|1835,recent,0.12185625498038163
2019-04-06 00:00:00,2019-04-06 00:00:00,2019-04-06 01:00:00,2019-04-07 01:00:00,1,prebreak,ok,0.0,upper_first,15.0,4763,1|2019-04-01,ok,0.12185625498038163,0.19012618740248088,1|recent|1840,recent,0.12185625498038163
2019-04-07 06:00:00,2019-04-07 06:00:00,2019-04-07 07:00:00,2019-04-08 07:00:00,1,prebreak,ok,0.0,upper_first,18.0,4768,1|2019-04-01,ok,0.12185625498038163,0.1201066647872862,1|recent|1845,recent,0.12185625498038163
2019-04-08 12:00:00,2019-04-08 12:00:00,2019-04-08 13:00:00,2019-04-09 13:00:00,1,prebreak,ok,0.0,neither,,4773,1|2019-04-01,ok,0.12185625498038163,0.14094250375896294,1|recent|1850,recent,0.12185625498038163
2019-04-09 18:00:00,2019-04-09 18:00:00,2019-04-09 19:00:00,2019-04-10 19:00:00,1,prebreak,ok,0.0,upper_first,23.0,4778,1|2019-04-01,ok,0.12185625498038163,0.11839110993793188,1|recent|1855,recent,0.12185625498038163
2019-04-11 00:00:00,2019-04-11 00:00:00,2019-04-11 01:00:00,2019-04-12 01:00:00,1,prebreak,ok,,censored,,4783,1|2019-04-01,ok,0.12185625498038163,0.12055604211437712,1|recent|1860,recent,0.12185625498038163
2019-05-11 18:00:00,2019-05-11 18:00:00,2019-05-11 19:00:00,2019-05-12 19:00:00,1,prebreak,ok,0.0,upper_first,3.0,4906,1|2019-04-01,ok,0.12185625498038163,0.10350366747356557,1|recent|1983,recent,0.12185625498038163
2019-05-13 00:00:00,2019-05-13 00:00:00,2019-05-13 01:00:00,2019-05-14 01:00:00,1,prebreak,ok,0.0,upper_first,10.0,4911,1|2019-04-01,ok,0.12185625498038163,0.18021470610996446,1|recent|1988,recent,0.12185625498038163
2019-05-14 06:00:00,2019-05-14 06:00:00,2019-05-14 07:00:00,2019-05-15 07:00:00,1,prebreak,ok,0.0,upper_first,0.0,4916,1|2019-04-01,ok,0.12185625498038163,0.2051097763719668,1|recent|1993,recent,0.12185625498038163
2019-05-15 12:00:00,2019-05-15 12:00:00,2019-05-15 13:00:00,2019-05-16 13:00:00,1,prebreak,ok,0.0,upper_first,5.0,4921,1|2019-04-01,ok,0.12185625498038163,0.21708738775408948,1|recent|1998,recent,0.12185625498038163
2019-05-16 18:00:00,2019-05-16 18:00:00,2019-05-16 19:00:00,2019-05-17 19:00:00,1,prebreak,ok,1.0,lower_first,7.0,4926,1|2019-04-01,ok,0.12185625498038163,0.23054758995919472,1|recent|2003,recent,0.12185625498038163
2019-05-18 06:00:00,2019-05-18 06:00:00,2019-05-18 07:00:00,2019-05-19 07:00:00,1,prebreak,ok,0.0,upper_first,18.0,4932,1|2019-04-01,ok,0.12185625498038163,0.20552263062102336,1|recent|2009,recent,0.12185625498038163
2019-05-19 12:00:00,2019-05-19 12:00:00,2019-05-19 13:00:00,2019-05-20 13:00:00,1,prebreak,ok,0.0,upper_first,9.0,4937,1|2019-04-01,ok,0.12185625498038163,0.19392033621363944,1|recent|2014,recent,0.12185625498038163
2019-05-20 18:00:00,2019-05-20 18:00:00,2019-05-20 19:00:00,2019-05-21 19:00:00,1,prebreak,ok,0.0,upper_first,1.0,4942,1|2019-04-01,ok,0.12185625498038163,0.16654716224166718,1|recent|2019,recent,0.12185625498038163
2019-05-22 00:00:00,2019-05-22 00:00:00,2019-05-22 01:00:00,2019-05-23 01:00:00,1,prebreak,ok,1.0,lower_first,21.0,4947,1|2019-04-01,ok,0.12185625498038163,0.19601416259847274,1|recent|2024,recent,0.12185625498038163
2019-05-23 06:00:00,2019-05-23 06:00:00,2019-05-23 07:00:00,2019-05-24 07:00:00,1,prebreak,ok,0.0,upper_first,10.0,4952,1|2019-04-01,ok,0.12185625498038163,0.15690664799775506,1|recent|2029,recent,0.12185625498038163
2019-05-24 12:00:00,2019-05-24 12:00:00,2019-05-24 13:00:00,2019-05-25 13:00:00,1,prebreak,ok,0.0,neither,,4957,1|2019-04-01,ok,0.12185625498038163,0.11090908193933245,1|recent|2034,recent,0.12185625498038163
2019-05-25 18:00:00,2019-05-25 18:00:00,2019-05-25 19:00:00,2019-05-26 19:00:00,1,prebreak,ok,0.0,neither,,4962,1|2019-04-01,ok,0.12185625498038163,0.1003688924555634,1|recent|2039,recent,0.12185625498038163
2019-05-27 00:00:00,2019-05-27 00:00:00,2019-05-27 01:00:00,2019-05-28 01:00:00,1,prebreak,ok,0.0,neither,,4967,1|2019-04-01,ok,0.12185625498038163,0.11749668525554846,1|recent|2044,recent,0.12185625498038163
2019-05-28 06:00:00,2019-05-28 06:00:00,2019-05-28 07:00:00,2019-05-29 07:00:00,1,prebreak,ok,0.0,neither,,4972,1|2019-04-01,ok,0.12185625498038163,0.16323519569313297,1|recent|2049,recent,0.12185625498038163
2019-05-29 12:00:00,2019-05-29 12:00:00,2019-05-29 13:00:00,2019-05-30 13:00:00,1,prebreak,ok,0.0,neither,,4977,1|2019-04-01,ok,0.12185625498038163,0.16011197579322073,1|recent|2054,recent,0.12185625498038163
2019-05-30 18:00:00,2019-05-30 18:00:00,2019-05-30 19:00:00,2019-05-31 19:00:00,1,prebreak,ok,1.0,lower_first,2.0,4982,1|2019-04-01,ok,0.12185625498038163,0.15756148658389849,1|recent|2059,recent,0.12185625498038163
2019-06-01 00:00:00,2019-06-01 00:00:00,2019-06-01 01:00:00,2019-06-02 01:00:00,1,prebreak,ok,0.0,neither,,4987,1|2019-04-01,ok,0.12185625498038163,0.14809660423963955,1|recent|2064,recent,0.12185625498038163
2019-06-02 06:00:00,2019-06-02 06:00:00,2019-06-02 07:00:00,2019-06-03 07:00:00,1,prebreak,ok,0.0,neither,,4992,1|2019-04-01,ok,0.12185625498038163,0.14702377523980475,1|recent|2069,recent,0.12185625498038163
2019-06-03 12:00:00,2019-06-03 12:00:00,2019-06-03 13:00:00,2019-06-04 13:00:00,1,prebreak,ok,1.0,lower_first,10.0,4997,1|2019-04-01,ok,0.12185625498038163,0.09426442297151427,1|recent|2074,recent,0.12185625498038163
2019-06-06 00:00:00,2019-06-06 00:00:00,2019-06-06 01:00:00,2019-06-07 01:00:00,1,prebreak,ok,0.0,neither,,5007,1|2019-04-01,ok,0.12185625498038163,0.21192231444024318,1|recent|2084,recent,0.12185625498038163
2019-06-07 06:00:00,2019-06-07 06:00:00,2019-06-07 07:00:00,2019-06-08 07:00:00,1,prebreak,ok,0.0,neither,,5012,1|2019-04-01,ok,0.12185625498038163,0.16655707127613473,1|recent|2089,recent,0.12185625498038163
2019-06-08 12:00:00,2019-06-08 12:00:00,2019-06-08 13:00:00,2019-06-09 13:00:00,1,prebreak,ok,0.0,neither,,5017,1|2019-04-01,ok,0.12185625498038163,0.10709542381804683,1|recent|2094,recent,0.12185625498038163
2019-06-09 18:00:00,2019-06-09 18:00:00,2019-06-09 19:00:00,2019-06-10 19:00:00,1,prebreak,ok,0.0,upper_first,16.0,5022,1|2019-04-01,ok,0.12185625498038163,0.1334390253387764,1|recent|2099,recent,0.12185625498038163
2019-06-11 00:00:00,2019-06-11 00:00:00,2019-06-11 01:00:00,2019-06-12 01:00:00,1,prebreak,ok,0.0,neither,,5027,1|2019-04-01,ok,0.12185625498038163,0.12233324038176788,1|recent|2104,recent,0.12185625498038163
2019-06-12 06:00:00,2019-06-12 06:00:00,2019-06-12 07:00:00,2019-06-13 07:00:00,1,prebreak,ok,0.0,upper_first,8.0,5032,1|2019-04-01,ok,0.12185625498038163,0.12032809894479975,1|recent|2109,recent,0.12185625498038163
2019-06-13 12:00:00,2019-06-13 12:00:00,2019-06-13 13:00:00,2019-06-14 13:00:00,1,prebreak,ok,0.0,upper_first,23.0,5037,1|2019-04-01,ok,0.12185625498038163,0.13556486465494205,1|recent|2114,recent,0.12185625498038163
2019-06-14 18:00:00,2019-06-14 18:00:00,2019-06-14 19:00:00,2019-06-15 19:00:00,1,prebreak,ok,0.0,upper_first,2.0,5042,1|2019-04-01,ok,0.12185625498038163,0.09034215866096389,1|recent|2119,recent,0.12185625498038163
2019-06-16 00:00:00,2019-06-16 00:00:00,2019-06-16 01:00:00,2019-06-17 01:00:00,1,prebreak,ok,0.0,upper_first,3.0,5047,1|2019-04-01,ok,0.12185625498038163,0.0743922669075711,1|recent|2124,recent,0.12185625498038163
2019-06-17 06:00:00,2019-06-17 06:00:00,2019-06-17 07:00:00,2019-06-18 07:00:00,1,prebreak,ok,0.0,upper_first,7.0,5052,1|2019-04-01,ok,0.12185625498038163,0.12526417516735133,1|recent|2129,recent,0.12185625498038163
2019-06-18 12:00:00,2019-06-18 12:00:00,2019-06-18 13:00:00,2019-06-19 13:00:00,1,prebreak,ok,0.0,neither,,5057,1|2019-04-01,ok,0.12185625498038163,0.1529122303330267,1|recent|2134,recent,0.12185625498038163
2019-06-19 18:00:00,2019-06-19 18:00:00,2019-06-19 19:00:00,2019-06-20 19:00:00,1,prebreak,ok,,censored,,5062,1|2019-04-01,ok,0.12185625498038163,0.1488838752068439,1|recent|2139,recent,0.12185625498038163
2019-07-20 18:00:00,2019-07-20 18:00:00,2019-07-20 19:00:00,2019-07-21 19:00:00,1,prebreak,ok,1.0,lower_first,19.0,5186,1|2019-07-01,ok,0.12013473427920819,0.20620823730606394,1|recent|2263,recent,0.12013473427920819
2019-07-22 00:00:00,2019-07-22 00:00:00,2019-07-22 01:00:00,2019-07-23 01:00:00,1,prebreak,ok,1.0,lower_first,18.0,5191,1|2019-07-01,ok,0.12013473427920819,0.13253863674009964,1|recent|2268,recent,0.12013473427920819
2019-07-25 06:00:00,2019-07-25 06:00:00,2019-07-25 07:00:00,2019-07-26 07:00:00,1,prebreak,ok,0.0,neither,,5204,1|2019-07-01,ok,0.12013473427920819,0.14555197129140537,1|recent|2281,recent,0.12013473427920819
2019-07-26 12:00:00,2019-07-26 12:00:00,2019-07-26 13:00:00,2019-07-27 13:00:00,1,prebreak,ok,0.0,upper_first,11.0,5209,1|2019-07-01,ok,0.12013473427920819,0.14837935025214932,1|recent|2286,recent,0.12013473427920819
2019-07-28 12:00:00,2019-07-28 12:00:00,2019-07-28 13:00:00,2019-07-29 13:00:00,1,prebreak,ok,0.0,neither,,5217,1|2019-07-01,ok,0.12013473427920819,0.17179127868437588,1|recent|2294,recent,0.12013473427920819
2019-07-29 18:00:00,2019-07-29 18:00:00,2019-07-29 19:00:00,2019-07-30 19:00:00,1,prebreak,ok,0.0,upper_first,20.0,5222,1|2019-07-01,ok,0.12013473427920819,0.16852177200612758,1|recent|2299,recent,0.12013473427920819
2019-07-31 00:00:00,2019-07-31 00:00:00,2019-07-31 01:00:00,2019-08-01 01:00:00,1,prebreak,ok,0.0,upper_first,13.0,5227,1|2019-07-01,ok,0.12013473427920819,0.08169101432402126,1|recent|2304,recent,0.12013473427920819
2019-08-01 06:00:00,2019-08-01 06:00:00,2019-08-01 07:00:00,2019-08-02 07:00:00,1,prebreak,ok,0.0,upper_first,12.0,5232,1|2019-07-01,ok,0.12013473427920819,0.09738182140214559,1|recent|2309,recent,0.12013473427920819
2019-08-02 12:00:00,2019-08-02 12:00:00,2019-08-02 13:00:00,2019-08-03 13:00:00,1,prebreak,ok,0.0,upper_first,20.0,5237,1|2019-07-01,ok,0.12013473427920819,0.07675217093450751,1|recent|2314,recent,0.12013473427920819
2019-08-03 18:00:00,2019-08-03 18:00:00,2019-08-03 19:00:00,2019-08-04 19:00:00,1,prebreak,ok,0.0,neither,,5242,1|2019-07-01,ok,0.12013473427920819,0.08065369203083511,1|recent|2319,recent,0.12013473427920819
2019-08-05 00:00:00,2019-08-05 00:00:00,2019-08-05 01:00:00,2019-08-06 01:00:00,1,prebreak,ok,0.0,upper_first,1.0,5247,1|2019-07-01,ok,0.12013473427920819,0.11037142957501786,1|recent|2324,recent,0.12013473427920819
2019-08-06 06:00:00,2019-08-06 06:00:00,2019-08-06 07:00:00,2019-08-07 07:00:00,1,prebreak,ok,1.0,lower_first,5.0,5252,1|2019-07-01,ok,0.12013473427920819,0.0994704742412485,1|recent|2329,recent,0.12013473427920819
2019-08-07 12:00:00,2019-08-07 12:00:00,2019-08-07 13:00:00,2019-08-08 13:00:00,1,prebreak,ok,0.0,upper_first,0.0,5257,1|2019-07-01,ok,0.12013473427920819,0.16040261409679205,1|recent|2334,recent,0.12013473427920819
2019-08-08 18:00:00,2019-08-08 18:00:00,2019-08-08 19:00:00,2019-08-09 19:00:00,1,prebreak,ok,0.0,upper_first,4.0,5262,1|2019-07-01,ok,0.12013473427920819,0.19791340059591733,1|recent|2339,recent,0.12013473427920819
2019-08-10 00:00:00,2019-08-10 00:00:00,2019-08-10 01:00:00,2019-08-11 01:00:00,1,prebreak,ok,1.0,lower_first,10.0,5267,1|2019-07-01,ok,0.12013473427920819,0.1314066764001836,1|recent|2344,recent,0.12013473427920819
2019-08-11 12:00:00,2019-08-11 12:00:00,2019-08-11 13:00:00,2019-08-12 13:00:00,1,prebreak,ok,0.0,neither,,5273,1|2019-07-01,ok,0.12013473427920819,0.14775773693594013,1|recent|2350,recent,0.12013473427920819
2019-08-12 18:00:00,2019-08-12 18:00:00,2019-08-12 19:00:00,2019-08-13 19:00:00,1,prebreak,ok,1.0,lower_first,21.0,5278,1|2019-07-01,ok,0.12013473427920819,0.12318851765178063,1|recent|2355,recent,0.12013473427920819
2019-08-16 12:00:00,2019-08-16 12:00:00,2019-08-16 13:00:00,2019-08-17 13:00:00,1,prebreak,ok,0.0,upper_first,4.0,5293,1|2019-07-01,ok,0.12013473427920819,0.16268836900851683,1|recent|2370,recent,0.12013473427920819
2019-08-17 18:00:00,2019-08-17 18:00:00,2019-08-17 19:00:00,2019-08-18 19:00:00,1,prebreak,ok,0.0,upper_first,18.0,5298,1|2019-07-01,ok,0.12013473427920819,0.18931047159886477,1|recent|2375,recent,0.12013473427920819
2019-08-19 00:00:00,2019-08-19 00:00:00,2019-08-19 01:00:00,2019-08-20 01:00:00,1,prebreak,ok,0.0,upper_first,6.0,5303,1|2019-07-01,ok,0.12013473427920819,0.14666641969482638,1|recent|2380,recent,0.12013473427920819
2019-08-20 06:00:00,2019-08-20 06:00:00,2019-08-20 07:00:00,2019-08-21 07:00:00,1,prebreak,ok,1.0,lower_first,20.0,5308,1|2019-07-01,ok,0.12013473427920819,0.12005991698262464,1|recent|2385,recent,0.12013473427920819
2019-08-21 12:00:00,2019-08-21 12:00:00,2019-08-21 13:00:00,2019-08-22 13:00:00,1,prebreak,ok,0.0,neither,,5313,1|2019-07-01,ok,0.12013473427920819,0.1355101255899874,1|recent|2390,recent,0.12013473427920819
2019-08-23 06:00:00,2019-08-23 06:00:00,2019-08-23 07:00:00,2019-08-24 07:00:00,1,prebreak,ok,0.0,neither,,5320,1|2019-07-01,ok,0.12013473427920819,0.14229985690482266,1|recent|2397,recent,0.12013473427920819
2019-08-24 12:00:00,2019-08-24 12:00:00,2019-08-24 13:00:00,2019-08-25 13:00:00,1,prebreak,ok,0.0,upper_first,23.0,5325,1|2019-07-01,ok,0.12013473427920819,0.15422270992490325,1|recent|2402,recent,0.12013473427920819
2019-08-25 18:00:00,2019-08-25 18:00:00,2019-08-25 19:00:00,2019-08-26 19:00:00,1,prebreak,ok,0.0,upper_first,5.0,5330,1|2019-07-01,ok,0.12013473427920819,0.11882243773500314,1|recent|2407,recent,0.12013473427920819
2019-08-27 00:00:00,2019-08-27 00:00:00,2019-08-27 01:00:00,2019-08-28 01:00:00,1,prebreak,ok,0.0,neither,,5335,1|2019-07-01,ok,0.12013473427920819,0.13191707802712416,1|recent|2412,recent,0.12013473427920819
2019-08-28 06:00:00,2019-08-28 06:00:00,2019-08-28 07:00:00,2019-08-29 07:00:00,1,prebreak,ok,1.0,lower_first,11.0,5340,1|2019-07-01,ok,0.12013473427920819,0.1299137561498477,1|recent|2417,recent,0.12013473427920819
2019-08-30 12:00:00,2019-08-30 12:00:00,2019-08-30 13:00:00,2019-08-31 13:00:00,1,prebreak,ok,0.0,neither,,5349,1|2019-07-01,ok,0.12013473427920819,0.13660188969854972,1|recent|2426,recent,0.12013473427920819
2019-08-31 18:00:00,2019-08-31 18:00:00,2019-08-31 19:00:00,2019-09-01 19:00:00,1,prebreak,ok,0.0,neither,,5354,1|2019-07-01,ok,0.12013473427920819,0.13575693704702776,1|recent|2431,recent,0.12013473427920819
2019-09-02 00:00:00,2019-09-02 00:00:00,2019-09-02 01:00:00,2019-09-03 01:00:00,1,prebreak,ok,0.0,upper_first,16.0,5359,1|2019-07-01,ok,0.12013473427920819,0.06862957091557359,1|recent|2436,recent,0.12013473427920819
2019-09-03 06:00:00,2019-09-03 06:00:00,2019-09-03 07:00:00,2019-09-04 07:00:00,1,prebreak,ok,0.0,upper_first,6.0,5364,1|2019-07-01,ok,0.12013473427920819,0.07248001122865615,1|recent|2441,recent,0.12013473427920819
2019-09-04 12:00:00,2019-09-04 12:00:00,2019-09-04 13:00:00,2019-09-05 13:00:00,1,prebreak,ok,0.0,upper_first,7.0,5369,1|2019-07-01,ok,0.12013473427920819,0.07886966197684321,1|recent|2446,recent,0.12013473427920819
2019-09-05 18:00:00,2019-09-05 18:00:00,2019-09-05 19:00:00,2019-09-06 19:00:00,1,prebreak,ok,0.0,upper_first,16.0,5374,1|2019-07-01,ok,0.12013473427920819,0.11187574320484958,1|recent|2451,recent,0.12013473427920819
2019-09-07 00:00:00,2019-09-07 00:00:00,2019-09-07 01:00:00,2019-09-08 01:00:00,1,prebreak,ok,0.0,neither,,5379,1|2019-07-01,ok,0.12013473427920819,0.13475773726710374,1|recent|2456,recent,0.12013473427920819
2019-09-08 06:00:00,2019-09-08 06:00:00,2019-09-08 07:00:00,2019-09-09 07:00:00,1,prebreak,ok,0.0,neither,,5384,1|2019-07-01,ok,0.12013473427920819,0.1260230107560472,1|recent|2461,recent,0.12013473427920819
2019-09-10 12:00:00,2019-09-10 12:00:00,2019-09-10 13:00:00,2019-09-11 13:00:00,1,prebreak,ok,0.0,neither,,5393,1|2019-07-01,ok,0.12013473427920819,0.0940231404834831,1|recent|2470,recent,0.12013473427920819
2019-09-12 00:00:00,2019-09-12 00:00:00,2019-09-12 01:00:00,2019-09-13 01:00:00,1,prebreak,ok,0.0,upper_first,21.0,5399,1|2019-07-01,ok,0.12013473427920819,0.09796223865532105,1|recent|2476,recent,0.12013473427920819
2019-09-13 06:00:00,2019-09-13 06:00:00,2019-09-13 07:00:00,2019-09-14 07:00:00,1,prebreak,ok,0.0,neither,,5404,1|2019-07-01,ok,0.12013473427920819,0.0920793238666533,1|recent|2481,recent,0.12013473427920819
2019-09-14 12:00:00,2019-09-14 12:00:00,2019-09-14 13:00:00,2019-09-15 13:00:00,1,prebreak,ok,0.0,neither,,5409,1|2019-07-01,ok,0.12013473427920819,0.06937142708691986,1|recent|2486,recent,0.12013473427920819
2019-09-15 18:00:00,2019-09-15 18:00:00,2019-09-15 19:00:00,2019-09-16 19:00:00,1,prebreak,ok,0.0,neither,,5414,1|2019-07-01,ok,0.12013473427920819,0.059807799411122624,1|recent|2491,recent,0.12013473427920819
2019-09-17 18:00:00,2019-09-17 18:00:00,2019-09-17 19:00:00,2019-09-18 19:00:00,1,prebreak,ok,0.0,neither,,5422,1|2019-07-01,ok,0.12013473427920819,0.06622843266817081,1|recent|2499,recent,0.12013473427920819
2019-09-19 00:00:00,2019-09-19 00:00:00,2019-09-19 01:00:00,2019-09-20 01:00:00,1,prebreak,ok,1.0,lower_first,2.0,5427,1|2019-07-01,ok,0.12013473427920819,0.0719349175727222,1|recent|2504,recent,0.12013473427920819
2019-09-20 06:00:00,2019-09-20 06:00:00,2019-09-20 07:00:00,2019-09-21 07:00:00,1,prebreak,ok,0.0,neither,,5432,1|2019-07-01,ok,0.12013473427920819,0.09828805563132945,1|recent|2509,recent,0.12013473427920819
2019-09-21 12:00:00,2019-09-21 12:00:00,2019-09-21 13:00:00,2019-09-22 13:00:00,1,prebreak,ok,0.0,neither,,5437,1|2019-07-01,ok,0.12013473427920819,0.09338508762962056,1|recent|2514,recent,0.12013473427920819
2019-09-22 18:00:00,2019-09-22 18:00:00,2019-09-22 19:00:00,2019-09-23 19:00:00,1,prebreak,ok,0.0,neither,,5442,1|2019-07-01,ok,0.12013473427920819,0.08063354766231828,1|recent|2519,recent,0.12013473427920819
2019-09-24 00:00:00,2019-09-24 00:00:00,2019-09-24 01:00:00,2019-09-25 01:00:00,1,prebreak,ok,1.0,lower_first,17.0,5447,1|2019-07-01,ok,0.12013473427920819,0.0851424100238682,1|recent|2524,recent,0.12013473427920819
2019-09-26 00:00:00,2019-09-26 00:00:00,2019-09-26 01:00:00,2019-09-27 01:00:00,1,prebreak,ok,1.0,lower_first,14.0,5455,1|2019-07-01,ok,0.12013473427920819,0.2207117717189338,1|recent|2532,recent,0.12013473427920819
2019-09-27 18:00:00,2019-09-27 18:00:00,2019-09-27 19:00:00,2019-09-28 19:00:00,1,prebreak,ok,0.0,upper_first,2.0,5462,1|2019-07-01,ok,0.12013473427920819,0.242678372690924,1|recent|2539,recent,0.12013473427920819
2019-09-29 00:00:00,2019-09-29 00:00:00,2019-09-29 01:00:00,2019-09-30 01:00:00,1,prebreak,ok,0.0,neither,,5467,1|2019-07-01,ok,0.12013473427920819,0.1329338820408826,1|recent|2544,recent,0.12013473427920819
2019-10-01 06:00:00,2019-10-01 06:00:00,2019-10-01 07:00:00,2019-10-02 07:00:00,1,prebreak,ok,0.0,neither,,5476,1|2019-10-01,ok,0.12995992279671004,0.09427706197310078,1|recent|2553,recent,0.12995992279671004
2019-10-02 12:00:00,2019-10-02 12:00:00,2019-10-02 13:00:00,2019-10-03 13:00:00,1,prebreak,ok,0.0,neither,,5481,1|2019-10-01,ok,0.12995992279671004,0.11738951025451717,1|recent|2558,recent,0.12995992279671004
2019-10-03 18:00:00,2019-10-03 18:00:00,2019-10-03 19:00:00,2019-10-04 19:00:00,1,prebreak,ok,0.0,neither,,5486,1|2019-10-01,ok,0.12995992279671004,0.12432329120513547,1|recent|2563,recent,0.12995992279671004
2019-10-05 00:00:00,2019-10-05 00:00:00,2019-10-05 01:00:00,2019-10-06 01:00:00,1,prebreak,ok,0.0,neither,,5491,1|2019-10-01,ok,0.12995992279671004,0.10208411837637614,1|recent|2568,recent,0.12995992279671004
2019-10-06 06:00:00,2019-10-06 06:00:00,2019-10-06 07:00:00,2019-10-07 07:00:00,1,prebreak,ok,0.0,neither,,5496,1|2019-10-01,ok,0.12995992279671004,0.09961121809975394,1|recent|2573,recent,0.12995992279671004
2019-10-08 00:00:00,2019-10-08 00:00:00,2019-10-08 01:00:00,2019-10-09 01:00:00,1,prebreak,ok,0.0,neither,,5503,1|2019-10-01,ok,0.12995992279671004,0.10459357501068674,1|recent|2580,recent,0.12995992279671004
2019-10-09 06:00:00,2019-10-09 06:00:00,2019-10-09 07:00:00,2019-10-10 07:00:00,1,prebreak,ok,0.0,upper_first,7.0,5508,1|2019-10-01,ok,0.12995992279671004,0.10801127061992043,1|recent|2585,recent,0.12995992279671004
2019-10-10 12:00:00,2019-10-10 12:00:00,2019-10-10 13:00:00,2019-10-11 13:00:00,1,prebreak,ok,0.0,upper_first,15.0,5513,1|2019-10-01,ok,0.12995992279671004,0.09520132179403386,1|recent|2590,recent,0.12995992279671004
2019-10-11 18:00:00,2019-10-11 18:00:00,2019-10-11 19:00:00,2019-10-12 19:00:00,1,prebreak,ok,0.0,neither,,5518,1|2019-10-01,ok,0.12995992279671004,0.13641830221764845,1|recent|2595,recent,0.12995992279671004
2019-10-13 00:00:00,2019-10-13 00:00:00,2019-10-13 01:00:00,2019-10-14 01:00:00,1,prebreak,ok,0.0,neither,,5523,1|2019-10-01,ok,0.12995992279671004,0.1252065695474529,1|recent|2600,recent,0.12995992279671004
2019-10-14 06:00:00,2019-10-14 06:00:00,2019-10-14 07:00:00,2019-10-15 07:00:00,1,prebreak,ok,0.0,neither,,5528,1|2019-10-01,ok,0.12995992279671004,0.11699554566621065,1|recent|2605,recent,0.12995992279671004
2019-10-15 12:00:00,2019-10-15 12:00:00,2019-10-15 13:00:00,2019-10-16 13:00:00,1,prebreak,ok,0.0,neither,,5533,1|2019-10-01,ok,0.12995992279671004,0.08633298647287435,1|recent|2610,recent,0.12995992279671004
2019-10-17 18:00:00,2019-10-17 18:00:00,2019-10-17 19:00:00,2019-10-18 19:00:00,1,prebreak,ok,0.0,neither,,5542,1|2019-10-01,ok,0.12995992279671004,0.08277833702719099,1|recent|2619,recent,0.12995992279671004
2019-10-19 06:00:00,2019-10-19 06:00:00,2019-10-19 07:00:00,2019-10-20 07:00:00,1,prebreak,ok,0.0,neither,,5548,1|2019-10-01,ok,0.12995992279671004,0.09109189473049431,1|recent|2625,recent,0.12995992279671004
2019-10-20 12:00:00,2019-10-20 12:00:00,2019-10-20 13:00:00,2019-10-21 13:00:00,1,prebreak,ok,0.0,upper_first,6.0,5553,1|2019-10-01,ok,0.12995992279671004,0.08443580095342992,1|recent|2630,recent,0.12995992279671004
2019-10-21 18:00:00,2019-10-21 18:00:00,2019-10-21 19:00:00,2019-10-22 19:00:00,1,prebreak,ok,0.0,neither,,5558,1|2019-10-01,ok,0.12995992279671004,0.07820873015746399,1|recent|2635,recent,0.12995992279671004
2019-10-23 00:00:00,2019-10-23 00:00:00,2019-10-23 01:00:00,2019-10-24 01:00:00,1,prebreak,ok,1.0,lower_first,11.0,5563,1|2019-10-01,ok,0.12995992279671004,0.08713999160645988,1|recent|2640,recent,0.12995992279671004
2019-10-24 18:00:00,2019-10-24 18:00:00,2019-10-24 19:00:00,2019-10-25 19:00:00,1,prebreak,ok,0.0,upper_first,18.0,5570,1|2019-10-01,ok,0.12995992279671004,0.15646827072022831,1|recent|2647,recent,0.12995992279671004
2019-10-26 00:00:00,2019-10-26 00:00:00,2019-10-26 01:00:00,2019-10-27 01:00:00,1,prebreak,ok,0.0,upper_first,0.0,5575,1|2019-10-01,ok,0.12995992279671004,0.1749828971687817,1|recent|2652,recent,0.12995992279671004
2019-10-27 06:00:00,2019-10-27 06:00:00,2019-10-27 07:00:00,2019-10-28 07:00:00,1,prebreak,ok,0.0,upper_first,4.0,5580,1|2019-10-01,ok,0.12995992279671004,0.23754416433405431,1|recent|2657,recent,0.12995992279671004
2019-10-28 12:00:00,2019-10-28 12:00:00,2019-10-28 13:00:00,2019-10-29 13:00:00,1,prebreak,ok,0.0,neither,,5585,1|2019-10-01,ok,0.12995992279671004,0.24840450282619803,1|recent|2662,recent,0.12995992279671004
2019-10-29 18:00:00,2019-10-29 18:00:00,2019-10-29 19:00:00,2019-10-30 19:00:00,1,prebreak,ok,0.0,neither,,5590,1|2019-10-01,ok,0.12995992279671004,0.15573657074121156,1|recent|2667,recent,0.12995992279671004
2019-10-31 00:00:00,2019-10-31 00:00:00,2019-10-31 01:00:00,2019-11-01 01:00:00,1,prebreak,ok,,censored,,5595,1|2019-10-01,ok,0.12995992279671004,0.15338993852952054,1|recent|2672,recent,0.12995992279671004
2019-12-01 00:00:00,2019-12-01 00:00:00,2019-12-01 01:00:00,2019-12-02 01:00:00,1,prebreak,ok,0.0,neither,,5719,1|2019-10-01,ok,0.12995992279671004,0.1314851283738698,1|recent|2796,recent,0.12995992279671004
2019-12-02 06:00:00,2019-12-02 06:00:00,2019-12-02 07:00:00,2019-12-03 07:00:00,1,prebreak,ok,0.0,neither,,5724,1|2019-10-01,ok,0.12995992279671004,0.14444320001100674,1|recent|2801,recent,0.12995992279671004
2019-12-03 12:00:00,2019-12-03 12:00:00,2019-12-03 13:00:00,2019-12-04 13:00:00,1,prebreak,ok,0.0,neither,,5729,1|2019-10-01,ok,0.12995992279671004,0.12642482594429177,1|recent|2806,recent,0.12995992279671004
2019-12-05 06:00:00,2019-12-05 06:00:00,2019-12-05 07:00:00,2019-12-06 07:00:00,1,prebreak,ok,0.0,neither,,5736,1|2019-10-01,ok,0.12995992279671004,0.15809277881598996,1|recent|2813,recent,0.12995992279671004
2019-12-06 12:00:00,2019-12-06 12:00:00,2019-12-06 13:00:00,2019-12-07 13:00:00,1,prebreak,ok,0.0,upper_first,4.0,5741,1|2019-10-01,ok,0.12995992279671004,0.1611364632817867,1|recent|2818,recent,0.12995992279671004
2019-12-07 18:00:00,2019-12-07 18:00:00,2019-12-07 19:00:00,2019-12-08 19:00:00,1,prebreak,ok,0.0,neither,,5746,1|2019-10-01,ok,0.12995992279671004,0.12158963927496565,1|recent|2823,recent,0.12995992279671004
2019-12-09 00:00:00,2019-12-09 00:00:00,2019-12-09 01:00:00,2019-12-10 01:00:00,1,prebreak,ok,0.0,neither,,5751,1|2019-10-01,ok,0.12995992279671004,0.07475802212198754,1|recent|2828,recent,0.12995992279671004
2019-12-11 18:00:00,2019-12-11 18:00:00,2019-12-11 19:00:00,2019-12-12 19:00:00,1,prebreak,ok,0.0,neither,,5762,1|2019-10-01,ok,0.12995992279671004,0.10786234550590709,1|recent|2839,recent,0.12995992279671004
2019-12-13 00:00:00,2019-12-13 00:00:00,2019-12-13 01:00:00,2019-12-14 01:00:00,1,prebreak,ok,0.0,neither,,5767,1|2019-10-01,ok,0.12995992279671004,0.079419504019683,1|recent|2844,recent,0.12995992279671004
2019-12-14 06:00:00,2019-12-14 06:00:00,2019-12-14 07:00:00,2019-12-15 07:00:00,1,prebreak,ok,0.0,neither,,5772,1|2019-10-01,ok,0.12995992279671004,0.059892954179536516,1|recent|2849,recent,0.12995992279671004
2019-12-15 18:00:00,2019-12-15 18:00:00,2019-12-15 19:00:00,2019-12-16 19:00:00,1,prebreak,ok,0.0,neither,,5778,1|2019-10-01,ok,0.12995992279671004,0.08419668870708297,1|recent|2855,recent,0.12995992279671004
2019-12-19 18:00:00,2019-12-19 18:00:00,2019-12-19 19:00:00,2019-12-20 19:00:00,1,prebreak,ok,0.0,neither,,5794,1|2019-10-01,ok,0.12995992279671004,0.15482757530965907,1|recent|2871,recent,0.12995992279671004
2019-12-21 00:00:00,2019-12-21 00:00:00,2019-12-21 01:00:00,2019-12-22 01:00:00,1,prebreak,ok,0.0,neither,,5799,1|2019-10-01,ok,0.12995992279671004,0.13514044479395637,1|recent|2876,recent,0.12995992279671004
2019-12-22 06:00:00,2019-12-22 06:00:00,2019-12-22 07:00:00,2019-12-23 07:00:00,1,prebreak,ok,0.0,upper_first,10.0,5804,1|2019-10-01,ok,0.12995992279671004,0.07879692017299136,1|recent|2881,recent,0.12995992279671004
2019-12-23 12:00:00,2019-12-23 12:00:00,2019-12-23 13:00:00,2019-12-24 13:00:00,1,prebreak,ok,0.0,neither,,5809,1|2019-10-01,ok,0.12995992279671004,0.06793528351889738,1|recent|2886,recent,0.12995992279671004
2019-12-24 18:00:00,2019-12-24 18:00:00,2019-12-24 19:00:00,2019-12-25 19:00:00,1,prebreak,ok,0.0,neither,,5814,1|2019-10-01,ok,0.12995992279671004,0.13439100427278877,1|recent|2891,recent,0.12995992279671004
2019-12-26 18:00:00,2019-12-26 18:00:00,2019-12-26 19:00:00,2019-12-27 19:00:00,1,prebreak,ok,0.0,neither,,5822,1|2019-10-01,ok,0.12995992279671004,0.09967092199316396,1|recent|2899,recent,0.12995992279671004
2019-12-28 12:00:00,2019-12-28 12:00:00,2019-12-28 13:00:00,2019-12-29 13:00:00,1,prebreak,ok,0.0,neither,,5829,1|2019-10-01,ok,0.12995992279671004,0.08579676076521965,1|recent|2906,recent,0.12995992279671004
2019-12-29 18:00:00,2019-12-29 18:00:00,2019-12-29 19:00:00,2019-12-30 19:00:00,1,prebreak,ok,0.0,neither,,5834,1|2019-10-01,ok,0.12995992279671004,0.0635004933964763,1|recent|2911,recent,0.12995992279671004
2019-12-31 00:00:00,2019-12-31 00:00:00,2019-12-31 01:00:00,2020-01-01 01:00:00,1,prebreak,ok,0.0,neither,,5839,1|2019-10-01,ok,0.12995992279671004,0.07805052020541071,1|recent|2916,recent,0.12995992279671004
2020-01-01 18:00:00,2020-01-01 18:00:00,2020-01-01 19:00:00,2020-01-02 19:00:00,1,prebreak,ok,0.0,neither,,5846,1|2020-01-01,ok,0.11486144558816423,0.06366100041729791,1|recent|2923,recent,0.11486144558816423
2020-01-04 06:00:00,2020-01-04 06:00:00,2020-01-04 07:00:00,2020-01-05 07:00:00,1,prebreak,ok,0.0,neither,,5856,1|2020-01-01,ok,0.11486144558816423,0.10862406862939628,1|recent|2933,recent,0.11486144558816423
2020-01-05 12:00:00,2020-01-05 12:00:00,2020-01-05 13:00:00,2020-01-06 13:00:00,1,prebreak,ok,0.0,neither,,5861,1|2020-01-01,ok,0.11486144558816423,0.11086749400992303,1|recent|2938,recent,0.11486144558816423
2020-01-06 18:00:00,2020-01-06 18:00:00,2020-01-06 19:00:00,2020-01-07 19:00:00,1,prebreak,ok,0.0,upper_first,3.0,5866,1|2020-01-01,ok,0.11486144558816423,0.0754275425041129,1|recent|2943,recent,0.11486144558816423
2020-01-08 00:00:00,2020-01-08 00:00:00,2020-01-08 01:00:00,2020-01-09 01:00:00,1,prebreak,ok,1.0,lower_first,16.0,5871,1|2020-01-01,ok,0.11486144558816423,0.08850448881601163,1|recent|2948,recent,0.11486144558816423
2020-01-09 06:00:00,2020-01-09 06:00:00,2020-01-09 07:00:00,2020-01-10 07:00:00,1,prebreak,ok,0.0,neither,,5876,1|2020-01-01,ok,0.11486144558816423,0.1526704239206016,1|recent|2953,recent,0.11486144558816423
2020-01-11 12:00:00,2020-01-11 12:00:00,2020-01-11 13:00:00,2020-01-12 13:00:00,1,prebreak,ok,0.0,neither,,5885,1|2020-01-01,ok,0.11486144558816423,0.13253505024408038,1|recent|2962,recent,0.11486144558816423
2020-01-12 18:00:00,2020-01-12 18:00:00,2020-01-12 19:00:00,2020-01-13 19:00:00,1,prebreak,ok,0.0,neither,,5890,1|2020-01-01,ok,0.11486144558816423,0.1075541081816196,1|recent|2967,recent,0.11486144558816423
2020-01-14 00:00:00,2020-01-14 00:00:00,2020-01-14 01:00:00,2020-01-15 01:00:00,1,prebreak,ok,0.0,upper_first,3.0,5895,1|2020-01-01,ok,0.11486144558816423,0.09264557241993235,1|recent|2972,recent,0.11486144558816423
2020-01-15 06:00:00,2020-01-15 06:00:00,2020-01-15 07:00:00,2020-01-16 07:00:00,1,prebreak,ok,0.0,neither,,5900,1|2020-01-01,ok,0.11486144558816423,0.12160972493296042,1|recent|2977,recent,0.11486144558816423
2020-01-16 12:00:00,2020-01-16 12:00:00,2020-01-16 13:00:00,2020-01-17 13:00:00,1,prebreak,ok,0.0,upper_first,17.0,5905,1|2020-01-01,ok,0.11486144558816423,0.12446061025831218,1|recent|2982,recent,0.11486144558816423
2020-01-17 18:00:00,2020-01-17 18:00:00,2020-01-17 19:00:00,2020-01-18 19:00:00,1,prebreak,ok,0.0,neither,,5910,1|2020-01-01,ok,0.11486144558816423,0.1278351901929766,1|recent|2987,recent,0.11486144558816423
2020-01-19 00:00:00,2020-01-19 00:00:00,2020-01-19 01:00:00,2020-01-20 01:00:00,1,prebreak,ok,1.0,lower_first,10.0,5915,1|2020-01-01,ok,0.11486144558816423,0.09292870293025472,1|recent|2992,recent,0.11486144558816423
2020-01-20 06:00:00,2020-01-20 06:00:00,2020-01-20 07:00:00,2020-01-21 07:00:00,1,prebreak,ok,0.0,neither,,5920,1|2020-01-01,ok,0.11486144558816423,0.148201400921014,1|recent|2997,recent,0.11486144558816423
2020-01-21 12:00:00,2020-01-21 12:00:00,2020-01-21 13:00:00,2020-01-22 13:00:00,1,prebreak,ok,0.0,neither,,5925,1|2020-01-01,ok,0.11486144558816423,0.13975443058426895,1|recent|3002,recent,0.11486144558816423
2020-01-22 18:00:00,2020-01-22 18:00:00,2020-01-22 19:00:00,2020-01-23 19:00:00,1,prebreak,ok,0.0,neither,,5930,1|2020-01-01,ok,0.11486144558816423,0.10276934050048707,1|recent|3007,recent,0.11486144558816423
2020-01-25 12:00:00,2020-01-25 12:00:00,2020-01-25 13:00:00,2020-01-26 13:00:00,1,prebreak,ok,0.0,neither,,5941,1|2020-01-01,ok,0.11486144558816423,0.10607334132689866,1|recent|3018,recent,0.11486144558816423
2020-01-26 18:00:00,2020-01-26 18:00:00,2020-01-26 19:00:00,2020-01-27 19:00:00,1,prebreak,ok,0.0,upper_first,23.0,5946,1|2020-01-01,ok,0.11486144558816423,0.0860578105477562,1|recent|3023,recent,0.11486144558816423
2020-01-28 00:00:00,2020-01-28 00:00:00,2020-01-28 01:00:00,2020-01-29 01:00:00,1,prebreak,ok,0.0,upper_first,22.0,5951,1|2020-01-01,ok,0.11486144558816423,0.06515881832750596,1|recent|3028,recent,0.11486144558816423
2020-01-29 06:00:00,2020-01-29 06:00:00,2020-01-29 07:00:00,2020-01-30 07:00:00,1,prebreak,ok,0.0,neither,,5956,1|2020-01-01,ok,0.11486144558816423,0.08773020663307941,1|recent|3033,recent,0.11486144558816423
2020-01-30 12:00:00,2020-01-30 12:00:00,2020-01-30 13:00:00,2020-01-31 13:00:00,1,prebreak,ok,,censored,,5961,1|2020-01-01,ok,0.11486144558816423,0.11170955042436448,1|recent|3038,recent,0.11486144558816423
2020-03-01 00:00:00,2020-03-01 00:00:00,2020-03-01 01:00:00,2020-03-02 01:00:00,1,prebreak,ok,0.0,neither,,6083,1|2020-01-01,ok,0.11486144558816423,0.13266770981606482,1|recent|3160,recent,0.11486144558816423
2020-03-02 06:00:00,2020-03-02 06:00:00,2020-03-02 07:00:00,2020-03-03 07:00:00,1,prebreak,ok,0.0,upper_first,7.0,6088,1|2020-01-01,ok,0.11486144558816423,0.10854325340854516,1|recent|3165,recent,0.11486144558816423
2020-03-03 12:00:00,2020-03-03 12:00:00,2020-03-03 13:00:00,2020-03-04 13:00:00,1,prebreak,ok,0.0,neither,,6093,1|2020-01-01,ok,0.11486144558816423,0.08280949360375059,1|recent|3170,recent,0.11486144558816423
2020-03-04 18:00:00,2020-03-04 18:00:00,2020-03-04 19:00:00,2020-03-05 19:00:00,1,prebreak,ok,0.0,upper_first,14.0,6098,1|2020-01-01,ok,0.11486144558816423,0.08237401902038777,1|recent|3175,recent,0.11486144558816423
2020-03-06 00:00:00,2020-03-06 00:00:00,2020-03-06 01:00:00,2020-03-07 01:00:00,1,prebreak,ok,0.0,neither,,6103,1|2020-01-01,ok,0.11486144558816423,0.08639291337557169,1|recent|3180,recent,0.11486144558816423
2020-03-07 06:00:00,2020-03-07 06:00:00,2020-03-07 07:00:00,2020-03-08 07:00:00,1,prebreak,ok,0.0,neither,,6108,1|2020-01-01,ok,0.11486144558816423,0.07942155048995006,1|recent|3185,recent,0.11486144558816423
2020-03-08 12:00:00,2020-03-08 12:00:00,2020-03-08 13:00:00,2020-03-09 13:00:00,1,prebreak,ok,1.0,lower_first,3.0,6113,1|2020-01-01,ok,0.11486144558816423,0.0867359332658204,1|recent|3190,recent,0.11486144558816423
2020-03-10 06:00:00,2020-03-10 06:00:00,2020-03-10 07:00:00,2020-03-11 07:00:00,1,prebreak,ok,0.0,neither,,6120,1|2020-01-01,ok,0.11486144558816423,0.13148943494180534,1|recent|3197,recent,0.11486144558816423
2020-03-11 12:00:00,2020-03-11 12:00:00,2020-03-11 13:00:00,2020-03-12 13:00:00,1,prebreak,ok,1.0,lower_first,17.0,6125,1|2020-01-01,ok,0.11486144558816423,0.1663388152243893,1|recent|3202,recent,0.11486144558816423
2020-03-14 06:00:00,2020-03-14 06:00:00,2020-03-14 07:00:00,2020-03-15 07:00:00,1,prebreak,ok,1.0,lower_first,15.0,6136,1|2020-01-01,ok,0.11486144558816423,0.4339205247881893,1|recent|3213,recent,0.11486144558816423
2020-03-15 12:00:00,2020-03-15 12:00:00,2020-03-15 13:00:00,2020-03-16 13:00:00,1,prebreak,ok,0.0,upper_first,8.0,6141,1|2020-01-01,ok,0.11486144558816423,0.41299732140828876,1|recent|3218,recent,0.11486144558816423
2020-03-17 12:00:00,2020-03-17 12:00:00,2020-03-17 13:00:00,2020-03-18 13:00:00,1,prebreak,ok,0.0,upper_first,2.0,6149,1|2020-01-01,ok,0.11486144558816423,0.3401217969887672,1|recent|3226,recent,0.11486144558816423
2020-03-18 18:00:00,2020-03-18 18:00:00,2020-03-18 19:00:00,2020-03-19 19:00:00,1,prebreak,ok,0.0,upper_first,14.0,6154,1|2020-01-01,ok,0.11486144558816423,0.3373716741080935,1|recent|3231,recent,0.11486144558816423
2020-03-20 00:00:00,2020-03-20 00:00:00,2020-03-20 01:00:00,2020-03-21 01:00:00,1,prebreak,ok,0.0,upper_first,7.0,6159,1|2020-01-01,ok,0.11486144558816423,0.19733204276216124,1|recent|3236,recent,0.11486144558816423
2020-03-21 06:00:00,2020-03-21 06:00:00,2020-03-21 07:00:00,2020-03-22 07:00:00,1,prebreak,ok,1.0,lower_first,2.0,6164,1|2020-01-01,ok,0.11486144558816423,0.23142265567394216,1|recent|3241,recent,0.11486144558816423
2020-03-22 12:00:00,2020-03-22 12:00:00,2020-03-22 13:00:00,2020-03-23 13:00:00,1,prebreak,ok,1.0,lower_first,11.0,6169,1|2020-01-01,ok,0.11486144558816423,0.2496948574620859,1|recent|3246,recent,0.11486144558816423
2020-03-23 18:00:00,2020-03-23 18:00:00,2020-03-23 19:00:00,2020-03-24 19:00:00,1,prebreak,ok,0.0,upper_first,1.0,6174,1|2020-01-01,ok,0.11486144558816423,0.22259515073115207,1|recent|3251,recent,0.11486144558816423
2020-03-25 00:00:00,2020-03-25 00:00:00,2020-03-25 01:00:00,2020-03-26 01:00:00,1,prebreak,ok,0.0,upper_first,8.0,6179,1|2020-01-01,ok,0.11486144558816423,0.1883709049888646,1|recent|3256,recent,0.11486144558816423
2020-03-26 06:00:00,2020-03-26 06:00:00,2020-03-26 07:00:00,2020-03-27 07:00:00,1,prebreak,ok,0.0,upper_first,17.0,6184,1|2020-01-01,ok,0.11486144558816423,0.19932795929982244,1|recent|3261,recent,0.11486144558816423
2020-03-27 12:00:00,2020-03-27 12:00:00,2020-03-27 13:00:00,2020-03-28 13:00:00,1,prebreak,ok,1.0,lower_first,10.0,6189,1|2020-01-01,ok,0.11486144558816423,0.15729702502554865,1|recent|3266,recent,0.11486144558816423
2020-03-29 18:00:00,2020-03-29 18:00:00,2020-03-29 19:00:00,2020-03-30 19:00:00,1,prebreak,ok,0.0,upper_first,10.0,6198,1|2020-01-01,ok,0.11486144558816423,0.1680660634738347,1|recent|3275,recent,0.11486144558816423
2020-03-31 00:00:00,2020-03-31 00:00:00,2020-03-31 01:00:00,2020-04-01 01:00:00,1,prebreak,ok,0.0,neither,,6203,1|2020-01-01,ok,0.11486144558816423,0.16537664250591927,1|recent|3280,recent,0.11486144558816423
2020-04-01 06:00:00,2020-04-01 06:00:00,2020-04-01 07:00:00,2020-04-02 07:00:00,1,prebreak,ok,0.0,upper_first,15.0,6208,1|2020-04-01,ok,0.1237993505852348,0.14066849843413964,1|recent|3285,recent,0.1237993505852348
2020-04-02 12:00:00,2020-04-02 12:00:00,2020-04-02 13:00:00,2020-04-03 13:00:00,1,prebreak,ok,0.0,upper_first,3.0,6213,1|2020-04-01,ok,0.1237993505852348,0.1251428929578456,1|recent|3290,recent,0.1237993505852348
2020-04-03 18:00:00,2020-04-03 18:00:00,2020-04-03 19:00:00,2020-04-04 19:00:00,1,prebreak,ok,0.0,neither,,6218,1|2020-04-01,ok,0.1237993505852348,0.17625613708588406,1|recent|3295,recent,0.1237993505852348
2020-04-05 00:00:00,2020-04-05 00:00:00,2020-04-05 01:00:00,2020-04-06 01:00:00,1,prebreak,ok,0.0,neither,,6223,1|2020-04-01,ok,0.1237993505852348,0.16587069382161512,1|recent|3300,recent,0.1237993505852348
2020-04-06 06:00:00,2020-04-06 06:00:00,2020-04-06 07:00:00,2020-04-07 07:00:00,1,prebreak,ok,0.0,upper_first,12.0,6228,1|2020-04-01,ok,0.1237993505852348,0.11721377949227857,1|recent|3305,recent,0.1237993505852348
2020-04-07 12:00:00,2020-04-07 12:00:00,2020-04-07 13:00:00,2020-04-08 13:00:00,1,prebreak,ok,0.0,neither,,6233,1|2020-04-01,ok,0.1237993505852348,0.09770832994331499,1|recent|3310,recent,0.1237993505852348
2020-04-08 18:00:00,2020-04-08 18:00:00,2020-04-08 19:00:00,2020-04-09 19:00:00,1,prebreak,ok,0.0,neither,,6238,1|2020-04-01,ok,0.1237993505852348,0.11631914694762949,1|recent|3315,recent,0.1237993505852348
2020-04-10 00:00:00,2020-04-10 00:00:00,2020-04-10 01:00:00,2020-04-11 01:00:00,1,prebreak,ok,1.0,lower_first,4.0,6243,1|2020-04-01,ok,0.1237993505852348,0.13593214805610115,1|recent|3320,recent,0.1237993505852348
2020-04-11 18:00:00,2020-04-11 18:00:00,2020-04-11 19:00:00,2020-04-12 19:00:00,1,prebreak,ok,0.0,upper_first,20.0,6250,1|2020-04-01,ok,0.1237993505852348,0.13771750317064269,1|recent|3327,recent,0.1237993505852348
2020-04-13 00:00:00,2020-04-13 00:00:00,2020-04-13 01:00:00,2020-04-14 01:00:00,1,prebreak,ok,0.0,neither,,6255,1|2020-04-01,ok,0.1237993505852348,0.1502964277075821,1|recent|3332,recent,0.1237993505852348
2020-04-14 06:00:00,2020-04-14 06:00:00,2020-04-14 07:00:00,2020-04-15 07:00:00,1,prebreak,ok,0.0,neither,,6260,1|2020-04-01,ok,0.1237993505852348,0.12435858983019792,1|recent|3337,recent,0.1237993505852348
2020-04-15 12:00:00,2020-04-15 12:00:00,2020-04-15 13:00:00,2020-04-16 13:00:00,1,prebreak,ok,0.0,upper_first,18.0,6265,1|2020-04-01,ok,0.1237993505852348,0.14534287848405578,1|recent|3342,recent,0.1237993505852348
2020-04-16 18:00:00,2020-04-16 18:00:00,2020-04-16 19:00:00,2020-04-17 19:00:00,1,prebreak,ok,0.0,neither,,6270,1|2020-04-01,ok,0.1237993505852348,0.11311504369819267,1|recent|3347,recent,0.1237993505852348
2020-04-18 00:00:00,2020-04-18 00:00:00,2020-04-18 01:00:00,2020-04-19 01:00:00,1,prebreak,ok,0.0,upper_first,21.0,6275,1|2020-04-01,ok,0.1237993505852348,0.1186860686049159,1|recent|3352,recent,0.1237993505852348
2020-04-19 06:00:00,2020-04-19 06:00:00,2020-04-19 07:00:00,2020-04-20 07:00:00,1,prebreak,ok,0.0,neither,,6280,1|2020-04-01,ok,0.1237993505852348,0.1260191531654256,1|recent|3357,recent,0.1237993505852348
2020-04-22 00:00:00,2020-04-22 00:00:00,2020-04-22 01:00:00,2020-04-23 01:00:00,1,prebreak,ok,0.0,upper_first,12.0,6291,1|2020-04-01,ok,0.1237993505852348,0.13198224149771337,1|recent|3368,recent,0.1237993505852348
2020-04-23 06:00:00,2020-04-23 06:00:00,2020-04-23 07:00:00,2020-04-24 07:00:00,1,prebreak,ok,0.0,upper_first,6.0,6296,1|2020-04-01,ok,0.1237993505852348,0.11554305693847183,1|recent|3373,recent,0.1237993505852348
2020-04-24 12:00:00,2020-04-24 12:00:00,2020-04-24 13:00:00,2020-04-25 13:00:00,1,prebreak,ok,0.0,neither,,6301,1|2020-04-01,ok,0.1237993505852348,0.10856075525746568,1|recent|3378,recent,0.1237993505852348
2020-04-25 18:00:00,2020-04-25 18:00:00,2020-04-25 19:00:00,2020-04-26 19:00:00,1,prebreak,ok,0.0,neither,,6306,1|2020-04-01,ok,0.1237993505852348,0.11819702568200727,1|recent|3383,recent,0.1237993505852348
2020-04-27 00:00:00,2020-04-27 00:00:00,2020-04-27 01:00:00,2020-04-28 01:00:00,1,prebreak,ok,0.0,neither,,6311,1|2020-04-01,ok,0.1237993505852348,0.07217966140495148,1|recent|3388,recent,0.1237993505852348
2020-04-28 06:00:00,2020-04-28 06:00:00,2020-04-28 07:00:00,2020-04-29 07:00:00,1,prebreak,ok,0.0,upper_first,23.0,6316,1|2020-04-01,ok,0.1237993505852348,0.08781146755372791,1|recent|3393,recent,0.1237993505852348
2020-04-29 12:00:00,2020-04-29 12:00:00,2020-04-29 13:00:00,2020-04-30 13:00:00,1,prebreak,ok,0.0,upper_first,3.0,6321,1|2020-04-01,ok,0.1237993505852348,0.06788943275627951,1|recent|3398,recent,0.1237993505852348
2020-04-30 18:00:00,2020-04-30 18:00:00,2020-04-30 19:00:00,2020-05-01 19:00:00,1,prebreak,ok,0.0,upper_first,16.0,6326,1|2020-04-01,ok,0.1237993505852348,0.20555088744431305,1|recent|3403,recent,0.1237993505852348
2020-05-02 00:00:00,2020-05-02 00:00:00,2020-05-02 01:00:00,2020-05-03 01:00:00,1,prebreak,ok,0.0,upper_first,23.0,6331,1|2020-04-01,ok,0.1237993505852348,0.19638888329030135,1|recent|3408,recent,0.1237993505852348
2020-05-03 06:00:00,2020-05-03 06:00:00,2020-05-03 07:00:00,2020-05-04 07:00:00,1,prebreak,ok,1.0,lower_first,22.0,6336,1|2020-04-01,ok,0.1237993505852348,0.18058852985987706,1|recent|3413,recent,0.1237993505852348
2020-05-05 06:00:00,2020-05-05 06:00:00,2020-05-05 07:00:00,2020-05-06 07:00:00,1,prebreak,ok,0.0,neither,,6344,1|2020-04-01,ok,0.1237993505852348,0.12812975949851135,1|recent|3421,recent,0.1237993505852348
2020-05-06 12:00:00,2020-05-06 12:00:00,2020-05-06 13:00:00,2020-05-07 13:00:00,1,prebreak,ok,0.0,neither,,6349,1|2020-04-01,ok,0.1237993505852348,0.10643874891312323,1|recent|3426,recent,0.1237993505852348
2020-05-07 18:00:00,2020-05-07 18:00:00,2020-05-07 19:00:00,2020-05-08 19:00:00,1,prebreak,ok,0.0,neither,,6354,1|2020-04-01,ok,0.1237993505852348,0.09267285973311574,1|recent|3431,recent,0.1237993505852348
2020-05-09 00:00:00,2020-05-09 00:00:00,2020-05-09 01:00:00,2020-05-10 01:00:00,1,prebreak,ok,1.0,lower_first,23.0,6359,1|2020-04-01,ok,0.1237993505852348,0.13054514711376108,1|recent|3436,recent,0.1237993505852348
2020-05-11 06:00:00,2020-05-11 06:00:00,2020-05-11 07:00:00,2020-05-12 07:00:00,1,prebreak,ok,0.0,upper_first,4.0,6368,1|2020-04-01,ok,0.1237993505852348,0.2353605646765825,1|recent|3445,recent,0.1237993505852348
2020-05-12 12:00:00,2020-05-12 12:00:00,2020-05-12 13:00:00,2020-05-13 13:00:00,1,prebreak,ok,0.0,upper_first,22.0,6373,1|2020-04-01,ok,0.1237993505852348,0.24376802535492614,1|recent|3450,recent,0.1237993505852348
2020-05-13 18:00:00,2020-05-13 18:00:00,2020-05-13 19:00:00,2020-05-14 19:00:00,1,prebreak,ok,0.0,upper_first,2.0,6378,1|2020-04-01,ok,0.1237993505852348,0.16128679299878024,1|recent|3455,recent,0.1237993505852348
2020-05-15 00:00:00,2020-05-15 00:00:00,2020-05-15 01:00:00,2020-05-16 01:00:00,1,prebreak,ok,1.0,lower_first,1.0,6383,1|2020-04-01,ok,0.1237993505852348,0.09747636679204426,1|recent|3460,recent,0.1237993505852348
2020-05-16 06:00:00,2020-05-16 06:00:00,2020-05-16 07:00:00,2020-05-17 07:00:00,1,prebreak,ok,0.0,neither,,6388,1|2020-04-01,ok,0.1237993505852348,0.1395786896212451,1|recent|3465,recent,0.1237993505852348
2020-05-17 12:00:00,2020-05-17 12:00:00,2020-05-17 13:00:00,2020-05-18 13:00:00,1,prebreak,ok,0.0,neither,,6393,1|2020-04-01,ok,0.1237993505852348,0.13511271189025445,1|recent|3470,recent,0.1237993505852348
2020-05-18 18:00:00,2020-05-18 18:00:00,2020-05-18 19:00:00,2020-05-19 19:00:00,1,prebreak,ok,0.0,neither,,6398,1|2020-04-01,ok,0.1237993505852348,0.1344421470477879,1|recent|3475,recent,0.1237993505852348
2020-05-20 00:00:00,2020-05-20 00:00:00,2020-05-20 01:00:00,2020-05-21 01:00:00,1,prebreak,ok,0.0,neither,,6403,1|2020-04-01,ok,0.1237993505852348,0.13396223067446442,1|recent|3480,recent,0.1237993505852348
2020-05-23 00:00:00,2020-05-23 00:00:00,2020-05-23 01:00:00,2020-05-24 01:00:00,1,prebreak,ok,0.0,neither,,6415,1|2020-04-01,ok,0.1237993505852348,0.15543591445176538,1|recent|3492,recent,0.1237993505852348
2020-05-24 06:00:00,2020-05-24 06:00:00,2020-05-24 07:00:00,2020-05-25 07:00:00,1,prebreak,ok,1.0,lower_first,16.0,6420,1|2020-04-01,ok,0.1237993505852348,0.12748455538651135,1|recent|3497,recent,0.1237993505852348
2020-05-26 00:00:00,2020-05-26 00:00:00,2020-05-26 01:00:00,2020-05-27 01:00:00,1,prebreak,ok,0.0,neither,,6427,1|2020-04-01,ok,0.1237993505852348,0.13619694005944455,1|recent|3504,recent,0.1237993505852348
2020-05-27 06:00:00,2020-05-27 06:00:00,2020-05-27 07:00:00,2020-05-28 07:00:00,1,prebreak,ok,0.0,upper_first,3.0,6432,1|2020-04-01,ok,0.1237993505852348,0.1363677245580218,1|recent|3509,recent,0.1237993505852348
2020-05-28 12:00:00,2020-05-28 12:00:00,2020-05-28 13:00:00,2020-05-29 13:00:00,1,prebreak,ok,0.0,neither,,6437,1|2020-04-01,ok,0.1237993505852348,0.08835862870606717,1|recent|3514,recent,0.1237993505852348
2020-05-29 18:00:00,2020-05-29 18:00:00,2020-05-29 19:00:00,2020-05-30 19:00:00,1,prebreak,ok,0.0,neither,,6442,1|2020-04-01,ok,0.1237993505852348,0.0992215180639467,1|recent|3519,recent,0.1237993505852348
2020-05-31 00:00:00,2020-05-31 00:00:00,2020-05-31 01:00:00,2020-06-01 01:00:00,1,prebreak,ok,0.0,neither,,6447,1|2020-04-01,ok,0.1237993505852348,0.1026839070040722,1|recent|3524,recent,0.1237993505852348
2020-06-01 06:00:00,2020-06-01 06:00:00,2020-06-01 07:00:00,2020-06-02 07:00:00,1,prebreak,ok,0.0,upper_first,16.0,6452,1|2020-04-01,ok,0.1237993505852348,0.10210912356930542,1|recent|3529,recent,0.1237993505852348
2020-06-02 12:00:00,2020-06-02 12:00:00,2020-06-02 13:00:00,2020-06-03 13:00:00,1,prebreak,ok,1.0,lower_first,1.0,6457,1|2020-04-01,ok,0.1237993505852348,0.1273735896199401,1|recent|3534,recent,0.1237993505852348
2020-06-03 18:00:00,2020-06-03 18:00:00,2020-06-03 19:00:00,2020-06-04 19:00:00,1,prebreak,ok,0.0,neither,,6462,1|2020-04-01,ok,0.1237993505852348,0.1788125525400644,1|recent|3539,recent,0.1237993505852348
2020-06-05 00:00:00,2020-06-05 00:00:00,2020-06-05 01:00:00,2020-06-06 01:00:00,1,prebreak,ok,0.0,neither,,6467,1|2020-04-01,ok,0.1237993505852348,0.17403625252117602,1|recent|3544,recent,0.1237993505852348
2020-06-06 06:00:00,2020-06-06 06:00:00,2020-06-06 07:00:00,2020-06-07 07:00:00,1,prebreak,ok,0.0,neither,,6472,1|2020-04-01,ok,0.1237993505852348,0.08718037415798967,1|recent|3549,recent,0.1237993505852348
2020-06-07 12:00:00,2020-06-07 12:00:00,2020-06-07 13:00:00,2020-06-08 13:00:00,1,prebreak,ok,0.0,upper_first,6.0,6477,1|2020-04-01,ok,0.1237993505852348,0.09476433140271266,1|recent|3554,recent,0.1237993505852348
2020-06-08 18:00:00,2020-06-08 18:00:00,2020-06-08 19:00:00,2020-06-09 19:00:00,1,prebreak,ok,0.0,neither,,6482,1|2020-04-01,ok,0.1237993505852348,0.08820126500394818,1|recent|3559,recent,0.1237993505852348
2020-06-10 00:00:00,2020-06-10 00:00:00,2020-06-10 01:00:00,2020-06-11 01:00:00,1,prebreak,ok,0.0,neither,,6487,1|2020-04-01,ok,0.1237993505852348,0.08521715590180731,1|recent|3564,recent,0.1237993505852348
2020-06-11 06:00:00,2020-06-11 06:00:00,2020-06-11 07:00:00,2020-06-12 07:00:00,1,prebreak,ok,1.0,lower_first,9.0,6492,1|2020-04-01,ok,0.1237993505852348,0.061355923132952295,1|recent|3569,recent,0.1237993505852348
2020-06-12 18:00:00,2020-06-12 18:00:00,2020-06-12 19:00:00,2020-06-13 19:00:00,1,prebreak,ok,0.0,neither,,6498,1|2020-04-01,ok,0.1237993505852348,0.16927225799695686,1|recent|3575,recent,0.1237993505852348
2020-06-14 00:00:00,2020-06-14 00:00:00,2020-06-14 01:00:00,2020-06-15 01:00:00,1,prebreak,ok,0.0,neither,,6503,1|2020-04-01,ok,0.1237993505852348,0.15044006208610305,1|recent|3580,recent,0.1237993505852348
2020-06-16 06:00:00,2020-06-16 06:00:00,2020-06-16 07:00:00,2020-06-17 07:00:00,1,prebreak,ok,0.0,neither,,6512,1|2020-04-01,ok,0.1237993505852348,0.08171846548560427,1|recent|3589,recent,0.1237993505852348
2020-06-17 12:00:00,2020-06-17 12:00:00,2020-06-17 13:00:00,2020-06-18 13:00:00,1,prebreak,ok,0.0,neither,,6517,1|2020-04-01,ok,0.1237993505852348,0.09619507874597419,1|recent|3594,recent,0.1237993505852348
2020-06-18 18:00:00,2020-06-18 18:00:00,2020-06-18 19:00:00,2020-06-19 19:00:00,1,prebreak,ok,0.0,neither,,6522,1|2020-04-01,ok,0.1237993505852348,0.09514567635954878,1|recent|3599,recent,0.1237993505852348
2020-06-20 00:00:00,2020-06-20 00:00:00,2020-06-20 01:00:00,2020-06-21 01:00:00,1,prebreak,ok,0.0,neither,,6527,1|2020-04-01,ok,0.1237993505852348,0.07839837157840855,1|recent|3604,recent,0.1237993505852348
2020-06-21 06:00:00,2020-06-21 06:00:00,2020-06-21 07:00:00,2020-06-22 07:00:00,1,prebreak,ok,0.0,neither,,6532,1|2020-04-01,ok,0.1237993505852348,0.05386027927780427,1|recent|3609,recent,0.1237993505852348
2020-06-22 12:00:00,2020-06-22 12:00:00,2020-06-22 13:00:00,2020-06-23 13:00:00,1,prebreak,ok,0.0,upper_first,8.0,6537,1|2020-04-01,ok,0.1237993505852348,0.04351712655310771,1|recent|3614,recent,0.1237993505852348
2020-06-23 18:00:00,2020-06-23 18:00:00,2020-06-23 19:00:00,2020-06-24 19:00:00,1,prebreak,ok,0.0,neither,,6542,1|2020-04-01,ok,0.1237993505852348,0.055094159091041955,1|recent|3619,recent,0.1237993505852348
2020-06-26 06:00:00,2020-06-26 06:00:00,2020-06-26 07:00:00,2020-06-27 07:00:00,1,prebreak,ok,0.0,neither,,6552,1|2020-04-01,ok,0.1237993505852348,0.10820442925267919,1|recent|3629,recent,0.1237993505852348
2020-06-27 12:00:00,2020-06-27 12:00:00,2020-06-27 13:00:00,2020-06-28 13:00:00,1,prebreak,ok,0.0,neither,,6557,1|2020-04-01,ok,0.1237993505852348,0.10024213616267118,1|recent|3634,recent,0.1237993505852348
2020-06-29 00:00:00,2020-06-29 00:00:00,2020-06-29 01:00:00,2020-06-30 01:00:00,1,prebreak,ok,0.0,neither,,6563,1|2020-04-01,ok,0.1237993505852348,0.08692804707530244,1|recent|3640,recent,0.1237993505852348
2020-06-30 06:00:00,2020-06-30 06:00:00,2020-06-30 07:00:00,2020-07-01 07:00:00,1,prebreak,ok,0.0,neither,,6568,1|2020-04-01,ok,0.1237993505852348,0.08366243848329732,1|recent|3645,recent,0.1237993505852348
2020-07-01 12:00:00,2020-07-01 12:00:00,2020-07-01 13:00:00,2020-07-02 13:00:00,1,prebreak,ok,0.0,neither,,6573,1|2020-07-01,ok,0.12064378084908008,0.06362107238494773,1|recent|3650,recent,0.12064378084908008
2020-07-03 18:00:00,2020-07-03 18:00:00,2020-07-03 19:00:00,2020-07-04 19:00:00,1,prebreak,ok,0.0,neither,,6582,1|2020-07-01,ok,0.12064378084908008,0.06622550580955147,1|recent|3659,recent,0.12064378084908008
2020-07-05 00:00:00,2020-07-05 00:00:00,2020-07-05 01:00:00,2020-07-06 01:00:00,1,prebreak,ok,0.0,neither,,6587,1|2020-07-01,ok,0.12064378084908008,0.06336280505000111,1|recent|3664,recent,0.12064378084908008
2020-07-06 06:00:00,2020-07-06 06:00:00,2020-07-06 07:00:00,2020-07-07 07:00:00,1,prebreak,ok,0.0,neither,,6592,1|2020-07-01,ok,0.12064378084908008,0.04398153245491483,1|recent|3669,recent,0.12064378084908008
2020-07-07 12:00:00,2020-07-07 12:00:00,2020-07-07 13:00:00,2020-07-08 13:00:00,1,prebreak,ok,0.0,neither,,6597,1|2020-07-01,ok,0.12064378084908008,0.055871215628455644,1|recent|3674,recent,0.12064378084908008
2020-07-08 18:00:00,2020-07-08 18:00:00,2020-07-08 19:00:00,2020-07-09 19:00:00,1,prebreak,ok,0.0,neither,,6602,1|2020-07-01,ok,0.12064378084908008,0.054695494930747546,1|recent|3679,recent,0.12064378084908008
2020-07-10 00:00:00,2020-07-10 00:00:00,2020-07-10 01:00:00,2020-07-11 01:00:00,1,prebreak,ok,0.0,neither,,6607,1|2020-07-01,ok,0.12064378084908008,0.08124737844376216,1|recent|3684,recent,0.12064378084908008
2020-07-11 06:00:00,2020-07-11 06:00:00,2020-07-11 07:00:00,2020-07-12 07:00:00,1,prebreak,ok,0.0,neither,,6612,1|2020-07-01,ok,0.12064378084908008,0.08283564567589684,1|recent|3689,recent,0.12064378084908008
2020-07-12 12:00:00,2020-07-12 12:00:00,2020-07-12 13:00:00,2020-07-13 13:00:00,1,prebreak,ok,0.0,neither,,6617,1|2020-07-01,ok,0.12064378084908008,0.07059473323513471,1|recent|3694,recent,0.12064378084908008
2020-07-13 18:00:00,2020-07-13 18:00:00,2020-07-13 19:00:00,2020-07-14 19:00:00,1,prebreak,ok,0.0,neither,,6622,1|2020-07-01,ok,0.12064378084908008,0.04518243840038956,1|recent|3699,recent,0.12064378084908008
2020-07-15 00:00:00,2020-07-15 00:00:00,2020-07-15 01:00:00,2020-07-16 01:00:00,1,prebreak,ok,0.0,neither,,6627,1|2020-07-01,ok,0.12064378084908008,0.050544480796265286,1|recent|3704,recent,0.12064378084908008
2020-07-16 06:00:00,2020-07-16 06:00:00,2020-07-16 07:00:00,2020-07-17 07:00:00,1,prebreak,ok,0.0,neither,,6632,1|2020-07-01,ok,0.12064378084908008,0.053809684766310574,1|recent|3709,recent,0.12064378084908008
2020-07-17 12:00:00,2020-07-17 12:00:00,2020-07-17 13:00:00,2020-07-18 13:00:00,1,prebreak,ok,0.0,neither,,6637,1|2020-07-01,ok,0.12064378084908008,0.05032025455732078,1|recent|3714,recent,0.12064378084908008
2020-07-18 18:00:00,2020-07-18 18:00:00,2020-07-18 19:00:00,2020-07-19 19:00:00,1,prebreak,ok,0.0,neither,,6642,1|2020-07-01,ok,0.12064378084908008,0.040933030336683315,1|recent|3719,recent,0.12064378084908008
2020-07-20 00:00:00,2020-07-20 00:00:00,2020-07-20 01:00:00,2020-07-21 01:00:00,1,prebreak,ok,0.0,neither,,6647,1|2020-07-01,ok,0.12064378084908008,0.027041727110341106,1|recent|3724,recent,0.12064378084908008
2020-07-21 06:00:00,2020-07-21 06:00:00,2020-07-21 07:00:00,2020-07-22 07:00:00,1,prebreak,ok,0.0,neither,,6652,1|2020-07-01,ok,0.12064378084908008,0.03576035475368493,1|recent|3729,recent,0.12064378084908008
2020-07-22 12:00:00,2020-07-22 12:00:00,2020-07-22 13:00:00,2020-07-23 13:00:00,1,prebreak,ok,0.0,neither,,6657,1|2020-07-01,ok,0.12064378084908008,0.05348846568575614,1|recent|3734,recent,0.12064378084908008
2020-07-23 18:00:00,2020-07-23 18:00:00,2020-07-23 19:00:00,2020-07-24 19:00:00,1,prebreak,ok,0.0,neither,,6662,1|2020-07-01,ok,0.12064378084908008,0.06302828936000919,1|recent|3739,recent,0.12064378084908008
2020-07-25 00:00:00,2020-07-25 00:00:00,2020-07-25 01:00:00,2020-07-26 01:00:00,1,prebreak,ok,0.0,neither,,6667,1|2020-07-01,ok,0.12064378084908008,0.07205891076094452,1|recent|3744,recent,0.12064378084908008
2020-07-26 06:00:00,2020-07-26 06:00:00,2020-07-26 07:00:00,2020-07-27 07:00:00,1,prebreak,ok,0.0,upper_first,3.0,6672,1|2020-07-01,ok,0.12064378084908008,0.06450083899938254,1|recent|3749,recent,0.12064378084908008
2020-07-27 12:00:00,2020-07-27 12:00:00,2020-07-27 13:00:00,2020-07-28 13:00:00,1,prebreak,ok,0.0,upper_first,3.0,6677,1|2020-07-01,ok,0.12064378084908008,0.0874978652117305,1|recent|3754,recent,0.12064378084908008
2020-07-28 18:00:00,2020-07-28 18:00:00,2020-07-28 19:00:00,2020-07-29 19:00:00,1,prebreak,ok,0.0,upper_first,19.0,6682,1|2020-07-01,ok,0.12064378084908008,0.15505618108403232,1|recent|3759,recent,0.12064378084908008
2020-07-30 00:00:00,2020-07-30 00:00:00,2020-07-30 01:00:00,2020-07-31 01:00:00,1,prebreak,ok,0.0,neither,,6687,1|2020-07-01,ok,0.12064378084908008,0.167881119737832,1|recent|3764,recent,0.12064378084908008
2020-07-31 06:00:00,2020-07-31 06:00:00,2020-07-31 07:00:00,2020-08-01 07:00:00,1,prebreak,ok,0.0,upper_first,22.0,6692,1|2020-07-01,ok,0.12064378084908008,0.13362875493083382,1|recent|3769,recent,0.12064378084908008
2020-08-01 12:00:00,2020-08-01 12:00:00,2020-08-01 13:00:00,2020-08-02 13:00:00,1,prebreak,ok,,ambiguous,15.0,6697,1|2020-07-01,ok,0.12064378084908008,0.10118617750437947,1|recent|3774,recent,0.12064378084908008
2020-08-02 18:00:00,2020-08-02 18:00:00,2020-08-02 19:00:00,2020-08-03 19:00:00,1,prebreak,ok,0.0,neither,,6702,1|2020-07-01,ok,0.12064378084908008,0.18107608327669455,1|recent|3779,recent,0.12064378084908008
2020-08-04 00:00:00,2020-08-04 00:00:00,2020-08-04 01:00:00,2020-08-05 01:00:00,1,prebreak,ok,0.0,neither,,6707,1|2020-07-01,ok,0.12064378084908008,0.19141011818498083,1|recent|3784,recent,0.12064378084908008
2020-08-05 06:00:00,2020-08-05 06:00:00,2020-08-05 07:00:00,2020-08-06 07:00:00,1,prebreak,ok,0.0,upper_first,6.0,6712,1|2020-07-01,ok,0.12064378084908008,0.10898929540160178,1|recent|3789,recent,0.12064378084908008
2020-08-06 12:00:00,2020-08-06 12:00:00,2020-08-06 13:00:00,2020-08-07 13:00:00,1,prebreak,ok,0.0,neither,,6717,1|2020-07-01,ok,0.12064378084908008,0.09627056230342637,1|recent|3794,recent,0.12064378084908008
2020-08-07 18:00:00,2020-08-07 18:00:00,2020-08-07 19:00:00,2020-08-08 19:00:00,1,prebreak,ok,0.0,neither,,6722,1|2020-07-01,ok,0.12064378084908008,0.10001101387779736,1|recent|3799,recent,0.12064378084908008
2020-08-09 00:00:00,2020-08-09 00:00:00,2020-08-09 01:00:00,2020-08-10 01:00:00,1,prebreak,ok,0.0,neither,,6727,1|2020-07-01,ok,0.12064378084908008,0.08947500653640106,1|recent|3804,recent,0.12064378084908008
2020-08-10 06:00:00,2020-08-10 06:00:00,2020-08-10 07:00:00,2020-08-11 07:00:00,1,prebreak,ok,0.0,neither,,6732,1|2020-07-01,ok,0.12064378084908008,0.07611239680518157,1|recent|3809,recent,0.12064378084908008
2020-08-11 12:00:00,2020-08-11 12:00:00,2020-08-11 13:00:00,2020-08-12 13:00:00,1,prebreak,ok,0.0,neither,,6737,1|2020-07-01,ok,0.12064378084908008,0.11430423153355232,1|recent|3814,recent,0.12064378084908008
2020-08-13 00:00:00,2020-08-13 00:00:00,2020-08-13 01:00:00,2020-08-14 01:00:00,1,prebreak,ok,0.0,neither,,6743,1|2020-07-01,ok,0.12064378084908008,0.12562664236110882,1|recent|3820,recent,0.12064378084908008
2020-08-14 06:00:00,2020-08-14 06:00:00,2020-08-14 07:00:00,2020-08-15 07:00:00,1,prebreak,ok,0.0,neither,,6748,1|2020-07-01,ok,0.12064378084908008,0.10652877952936979,1|recent|3825,recent,0.12064378084908008
2020-08-15 12:00:00,2020-08-15 12:00:00,2020-08-15 13:00:00,2020-08-16 13:00:00,1,prebreak,ok,0.0,neither,,6753,1|2020-07-01,ok,0.12064378084908008,0.08049877949404513,1|recent|3830,recent,0.12064378084908008
2020-08-16 18:00:00,2020-08-16 18:00:00,2020-08-16 19:00:00,2020-08-17 19:00:00,1,prebreak,ok,0.0,upper_first,18.0,6758,1|2020-07-01,ok,0.12064378084908008,0.08128731554746677,1|recent|3835,recent,0.12064378084908008
2020-08-18 00:00:00,2020-08-18 00:00:00,2020-08-18 01:00:00,2020-08-19 01:00:00,1,prebreak,ok,0.0,neither,,6763,1|2020-07-01,ok,0.12064378084908008,0.10222023854769316,1|recent|3840,recent,0.12064378084908008
2020-08-19 06:00:00,2020-08-19 06:00:00,2020-08-19 07:00:00,2020-08-20 07:00:00,1,prebreak,ok,0.0,neither,,6768,1|2020-07-01,ok,0.12064378084908008,0.14278453722637705,1|recent|3845,recent,0.12064378084908008
2020-08-20 12:00:00,2020-08-20 12:00:00,2020-08-20 13:00:00,2020-08-21 13:00:00,1,prebreak,ok,0.0,neither,,6773,1|2020-07-01,ok,0.12064378084908008,0.12339198557190263,1|recent|3850,recent,0.12064378084908008
2020-08-21 18:00:00,2020-08-21 18:00:00,2020-08-21 19:00:00,2020-08-22 19:00:00,1,prebreak,ok,0.0,neither,,6778,1|2020-07-01,ok,0.12064378084908008,0.09338814219976273,1|recent|3855,recent,0.12064378084908008
2020-08-23 06:00:00,2020-08-23 06:00:00,2020-08-23 07:00:00,2020-08-24 07:00:00,1,prebreak,ok,0.0,neither,,6784,1|2020-07-01,ok,0.12064378084908008,0.08521126717498868,1|recent|3861,recent,0.12064378084908008
2020-08-24 12:00:00,2020-08-24 12:00:00,2020-08-24 13:00:00,2020-08-25 13:00:00,1,prebreak,ok,0.0,neither,,6789,1|2020-07-01,ok,0.12064378084908008,0.06672847789098037,1|recent|3866,recent,0.12064378084908008
2020-08-26 18:00:00,2020-08-26 18:00:00,2020-08-26 19:00:00,2020-08-27 19:00:00,1,prebreak,ok,0.0,neither,,6798,1|2020-07-01,ok,0.12064378084908008,0.07184408781386972,1|recent|3875,recent,0.12064378084908008
2020-08-28 00:00:00,2020-08-28 00:00:00,2020-08-28 01:00:00,2020-08-29 01:00:00,1,prebreak,ok,0.0,neither,,6803,1|2020-07-01,ok,0.12064378084908008,0.08365607040945847,1|recent|3880,recent,0.12064378084908008
2020-08-29 06:00:00,2020-08-29 06:00:00,2020-08-29 07:00:00,2020-08-30 07:00:00,1,prebreak,ok,0.0,neither,,6808,1|2020-07-01,ok,0.12064378084908008,0.06988427728305589,1|recent|3885,recent,0.12064378084908008
2020-08-30 12:00:00,2020-08-30 12:00:00,2020-08-30 13:00:00,2020-08-31 13:00:00,1,prebreak,ok,0.0,neither,,6813,1|2020-07-01,ok,0.12064378084908008,0.06369569300364344,1|recent|3890,recent,0.12064378084908008
2020-08-31 18:00:00,2020-08-31 18:00:00,2020-08-31 19:00:00,2020-09-01 19:00:00,1,prebreak,ok,0.0,upper_first,21.0,6818,1|2020-07-01,ok,0.12064378084908008,0.05918032749848445,1|recent|3895,recent,0.12064378084908008
2020-09-02 00:00:00,2020-09-02 00:00:00,2020-09-02 01:00:00,2020-09-03 01:00:00,1,prebreak,ok,1.0,lower_first,10.0,6823,1|2020-07-01,ok,0.12064378084908008,0.07476365654760217,1|recent|3900,recent,0.12064378084908008
2020-09-03 12:00:00,2020-09-03 12:00:00,2020-09-03 13:00:00,2020-09-04 13:00:00,1,prebreak,ok,1.0,lower_first,10.0,6829,1|2020-07-01,ok,0.12064378084908008,0.11738135324636893,1|recent|3906,recent,0.12064378084908008
2020-10-05 06:00:00,2020-10-05 06:00:00,2020-10-05 07:00:00,2020-10-06 07:00:00,1,prebreak,ok,0.0,neither,,6956,1|2020-10-01,ok,0.10974946881474425,0.06310413628669755,1|recent|4033,recent,0.10974946881474425
2020-10-06 12:00:00,2020-10-06 12:00:00,2020-10-06 13:00:00,2020-10-07 13:00:00,1,prebreak,ok,0.0,neither,,6961,1|2020-10-01,ok,0.10974946881474425,0.05340118048855558,1|recent|4038,recent,0.10974946881474425
2020-10-07 18:00:00,2020-10-07 18:00:00,2020-10-07 19:00:00,2020-10-08 19:00:00,1,prebreak,ok,0.0,neither,,6966,1|2020-10-01,ok,0.10974946881474425,0.060897480097011986,1|recent|4043,recent,0.10974946881474425
2020-10-09 00:00:00,2020-10-09 00:00:00,2020-10-09 01:00:00,2020-10-10 01:00:00,1,prebreak,ok,0.0,neither,,6971,1|2020-10-01,ok,0.10974946881474425,0.06488053653077694,1|recent|4048,recent,0.10974946881474425
2020-10-10 06:00:00,2020-10-10 06:00:00,2020-10-10 07:00:00,2020-10-11 07:00:00,1,prebreak,ok,0.0,neither,,6976,1|2020-10-01,ok,0.10974946881474425,0.07011607289466673,1|recent|4053,recent,0.10974946881474425
2020-10-11 12:00:00,2020-10-11 12:00:00,2020-10-11 13:00:00,2020-10-12 13:00:00,1,prebreak,ok,0.0,neither,,6981,1|2020-10-01,ok,0.10974946881474425,0.0822421511542474,1|recent|4058,recent,0.10974946881474425
2020-10-12 18:00:00,2020-10-12 18:00:00,2020-10-12 19:00:00,2020-10-13 19:00:00,1,prebreak,ok,0.0,neither,,6986,1|2020-10-01,ok,0.10974946881474425,0.08264225717296318,1|recent|4063,recent,0.10974946881474425
2020-10-14 00:00:00,2020-10-14 00:00:00,2020-10-14 01:00:00,2020-10-15 01:00:00,1,prebreak,ok,0.0,neither,,6991,1|2020-10-01,ok,0.10974946881474425,0.09008919002485603,1|recent|4068,recent,0.10974946881474425
2020-10-15 06:00:00,2020-10-15 06:00:00,2020-10-15 07:00:00,2020-10-16 07:00:00,1,prebreak,ok,0.0,neither,,6996,1|2020-10-01,ok,0.10974946881474425,0.10026091309516709,1|recent|4073,recent,0.10974946881474425
2020-10-16 12:00:00,2020-10-16 12:00:00,2020-10-16 13:00:00,2020-10-17 13:00:00,1,prebreak,ok,0.0,neither,,7001,1|2020-10-01,ok,0.10974946881474425,0.09818511847376665,1|recent|4078,recent,0.10974946881474425
2020-10-17 18:00:00,2020-10-17 18:00:00,2020-10-17 19:00:00,2020-10-18 19:00:00,1,prebreak,ok,0.0,neither,,7006,1|2020-10-01,ok,0.10974946881474425,0.08377675332013802,1|recent|4083,recent,0.10974946881474425
2020-10-19 00:00:00,2020-10-19 00:00:00,2020-10-19 01:00:00,2020-10-20 01:00:00,1,prebreak,ok,0.0,upper_first,14.0,7011,1|2020-10-01,ok,0.10974946881474425,0.06979262659220742,1|recent|4088,recent,0.10974946881474425
2020-10-20 06:00:00,2020-10-20 06:00:00,2020-10-20 07:00:00,2020-10-21 07:00:00,1,prebreak,ok,,censored,,7016,1|2020-10-01,ok,0.10974946881474425,0.05518685360619367,1|recent|4093,recent,0.10974946881474425
2020-11-20 00:00:00,2020-11-20 00:00:00,2020-11-20 01:00:00,2020-11-21 01:00:00,1,prebreak,ok,0.0,upper_first,6.0,7139,1|2020-10-01,ok,0.10974946881474425,0.1664959600227018,1|recent|4216,recent,0.10974946881474425
2020-11-21 06:00:00,2020-11-21 06:00:00,2020-11-21 07:00:00,2020-11-22 07:00:00,1,prebreak,ok,0.0,neither,,7144,1|2020-10-01,ok,0.10974946881474425,0.1490059669484761,1|recent|4221,recent,0.10974946881474425
2020-11-22 12:00:00,2020-11-22 12:00:00,2020-11-22 13:00:00,2020-11-23 13:00:00,1,prebreak,ok,0.0,upper_first,7.0,7149,1|2020-10-01,ok,0.10974946881474425,0.16103095383198773,1|recent|4226,recent,0.10974946881474425
2020-11-23 18:00:00,2020-11-23 18:00:00,2020-11-23 19:00:00,2020-11-24 19:00:00,1,prebreak,ok,0.0,upper_first,14.0,7154,1|2020-10-01,ok,0.10974946881474425,0.13688620380468258,1|recent|4231,recent,0.10974946881474425
2020-11-25 00:00:00,2020-11-25 00:00:00,2020-11-25 01:00:00,2020-11-26 01:00:00,1,prebreak,ok,0.0,neither,,7159,1|2020-10-01,ok,0.10974946881474425,0.1322651285169264,1|recent|4236,recent,0.10974946881474425
2020-11-27 12:00:00,2020-11-27 12:00:00,2020-11-27 13:00:00,2020-11-28 13:00:00,1,prebreak,ok,0.0,neither,,7169,1|2020-10-01,ok,0.10974946881474425,0.20912202111357753,1|recent|4246,recent,0.10974946881474425
2020-11-28 18:00:00,2020-11-28 18:00:00,2020-11-28 19:00:00,2020-11-29 19:00:00,1,prebreak,ok,0.0,neither,,7174,1|2020-10-01,ok,0.10974946881474425,0.19402914422838274,1|recent|4251,recent,0.10974946881474425
2020-11-30 00:00:00,2020-11-30 00:00:00,2020-11-30 01:00:00,2020-12-01 01:00:00,1,prebreak,ok,0.0,upper_first,12.0,7179,1|2020-10-01,ok,0.10974946881474425,0.13456755853474375,1|recent|4256,recent,0.10974946881474425
2020-12-01 06:00:00,2020-12-01 06:00:00,2020-12-01 07:00:00,2020-12-02 07:00:00,1,prebreak,ok,1.0,lower_first,6.0,7184,1|2020-10-01,ok,0.10974946881474425,0.1090956814775506,1|recent|4261,recent,0.10974946881474425
2020-12-02 12:00:00,2020-12-02 12:00:00,2020-12-02 13:00:00,2020-12-03 13:00:00,1,prebreak,ok,0.0,neither,,7189,1|2020-10-01,ok,0.10974946881474425,0.1684113971425083,1|recent|4266,recent,0.10974946881474425
2020-12-03 18:00:00,2020-12-03 18:00:00,2020-12-03 19:00:00,2020-12-04 19:00:00,1,prebreak,ok,0.0,neither,,7194,1|2020-10-01,ok,0.10974946881474425,0.1754382831435124,1|recent|4271,recent,0.10974946881474425
2020-12-05 00:00:00,2020-12-05 00:00:00,2020-12-05 01:00:00,2020-12-06 01:00:00,1,prebreak,ok,0.0,neither,,7199,1|2020-10-01,ok,0.10974946881474425,0.14036431868548924,1|recent|4276,recent,0.10974946881474425
2020-12-06 06:00:00,2020-12-06 06:00:00,2020-12-06 07:00:00,2020-12-07 07:00:00,1,prebreak,ok,0.0,neither,,7204,1|2020-10-01,ok,0.10974946881474425,0.11808311860867526,1|recent|4281,recent,0.10974946881474425
2020-12-07 12:00:00,2020-12-07 12:00:00,2020-12-07 13:00:00,2020-12-08 13:00:00,1,prebreak,ok,0.0,neither,,7209,1|2020-10-01,ok,0.10974946881474425,0.10815493561217825,1|recent|4286,recent,0.10974946881474425
2020-12-10 12:00:00,2020-12-10 12:00:00,2020-12-10 13:00:00,2020-12-11 13:00:00,1,prebreak,ok,0.0,neither,,7221,1|2020-10-01,ok,0.10974946881474425,0.12345424822577533,1|recent|4298,recent,0.10974946881474425
2020-12-11 18:00:00,2020-12-11 18:00:00,2020-12-11 19:00:00,2020-12-12 19:00:00,1,prebreak,ok,0.0,upper_first,23.0,7226,1|2020-10-01,ok,0.10974946881474425,0.12191364765675476,1|recent|4303,recent,0.10974946881474425
2020-12-13 00:00:00,2020-12-13 00:00:00,2020-12-13 01:00:00,2020-12-14 01:00:00,1,prebreak,ok,0.0,upper_first,9.0,7231,1|2020-10-01,ok,0.10974946881474425,0.09527501195677408,1|recent|4308,recent,0.10974946881474425
2020-12-14 06:00:00,2020-12-14 06:00:00,2020-12-14 07:00:00,2020-12-15 07:00:00,1,prebreak,ok,0.0,neither,,7236,1|2020-10-01,ok,0.10974946881474425,0.08940084602861857,1|recent|4313,recent,0.10974946881474425
2020-12-15 12:00:00,2020-12-15 12:00:00,2020-12-15 13:00:00,2020-12-16 13:00:00,1,prebreak,ok,0.0,upper_first,23.0,7241,1|2020-10-01,ok,0.10974946881474425,0.09186214335747513,1|recent|4318,recent,0.10974946881474425
2020-12-16 18:00:00,2020-12-16 18:00:00,2020-12-16 19:00:00,2020-12-17 19:00:00,1,prebreak,ok,0.0,upper_first,2.0,7246,1|2020-10-01,ok,0.10974946881474425,0.0986127875853486,1|recent|4323,recent,0.10974946881474425
2020-12-18 00:00:00,2020-12-18 00:00:00,2020-12-18 01:00:00,2020-12-19 01:00:00,1,prebreak,ok,0.0,neither,,7251,1|2020-10-01,ok,0.10974946881474425,0.135164385975509,1|recent|4328,recent,0.10974946881474425
2020-12-19 06:00:00,2020-12-19 06:00:00,2020-12-19 07:00:00,2020-12-20 07:00:00,1,prebreak,ok,0.0,upper_first,7.0,7256,1|2020-10-01,ok,0.10974946881474425,0.13931717285697515,1|recent|4333,recent,0.10974946881474425
2020-12-20 12:00:00,2020-12-20 12:00:00,2020-12-20 13:00:00,2020-12-21 13:00:00,1,prebreak,ok,0.0,upper_first,7.0,7261,1|2020-10-01,ok,0.10974946881474425,0.13957925106285668,1|recent|4338,recent,0.10974946881474425
2020-12-21 18:00:00,2020-12-21 18:00:00,2020-12-21 19:00:00,2020-12-22 19:00:00,1,prebreak,ok,0.0,upper_first,18.0,7266,1|2020-10-01,ok,0.10974946881474425,0.17926897190361935,1|recent|4343,recent,0.10974946881474425
2020-12-23 00:00:00,2020-12-23 00:00:00,2020-12-23 01:00:00,2020-12-24 01:00:00,1,prebreak,ok,1.0,lower_first,21.0,7271,1|2020-10-01,ok,0.10974946881474425,0.17542134292299724,1|recent|4348,recent,0.10974946881474425
2020-12-24 06:00:00,2020-12-24 06:00:00,2020-12-24 07:00:00,2020-12-25 07:00:00,1,prebreak,ok,0.0,upper_first,15.0,7276,1|2020-10-01,ok,0.10974946881474425,0.1875815657762347,1|recent|4353,recent,0.10974946881474425
2020-12-25 12:00:00,2020-12-25 12:00:00,2020-12-25 13:00:00,2020-12-26 13:00:00,1,prebreak,ok,0.0,neither,,7281,1|2020-10-01,ok,0.10974946881474425,0.12286678077769704,1|recent|4358,recent,0.10974946881474425
2020-12-26 18:00:00,2020-12-26 18:00:00,2020-12-26 19:00:00,2020-12-27 19:00:00,1,prebreak,ok,0.0,upper_first,1.0,7286,1|2020-10-01,ok,0.10974946881474425,0.10944863800122044,1|recent|4363,recent,0.10974946881474425
2020-12-28 00:00:00,2020-12-28 00:00:00,2020-12-28 01:00:00,2020-12-29 01:00:00,1,prebreak,ok,0.0,neither,,7291,1|2020-10-01,ok,0.10974946881474425,0.15966264826593782,1|recent|4368,recent,0.10974946881474425
2020-12-29 06:00:00,2020-12-29 06:00:00,2020-12-29 07:00:00,2020-12-30 07:00:00,1,prebreak,ok,0.0,upper_first,14.0,7296,1|2020-10-01,ok,0.10974946881474425,0.17651521237003714,1|recent|4373,recent,0.10974946881474425
2020-12-30 12:00:00,2020-12-30 12:00:00,2020-12-30 13:00:00,2020-12-31 13:00:00,1,prebreak,ok,0.0,upper_first,6.0,7301,1|2020-10-01,ok,0.10974946881474425,0.16304161659488495,1|recent|4378,recent,0.10974946881474425
2020-12-31 18:00:00,2020-12-31 18:00:00,2020-12-31 19:00:00,2021-01-01 19:00:00,1,prebreak,ok,0.0,neither,,7306,1|2020-10-01,ok,0.10974946881474425,0.12141704338421937,1|recent|4383,recent,0.10974946881474425
2021-01-02 00:00:00,2021-01-02 00:00:00,2021-01-02 01:00:00,2021-01-03 01:00:00,1,prebreak,ok,0.0,upper_first,11.0,7311,1|2021-01-01,ok,0.10666557540057915,0.12079343256674077,1|recent|4388,recent,0.10666557540057915
2021-01-03 06:00:00,2021-01-03 06:00:00,2021-01-03 07:00:00,2021-01-04 07:00:00,1,prebreak,ok,1.0,lower_first,11.0,7316,1|2021-01-01,ok,0.10666557540057915,0.17748089611359552,1|recent|4393,recent,0.10666557540057915
2021-01-04 12:00:00,2021-01-04 12:00:00,2021-01-04 13:00:00,2021-01-05 13:00:00,1,prebreak,ok,0.0,upper_first,2.0,7321,1|2021-01-01,ok,0.10666557540057915,0.25596623262736223,1|recent|4398,recent,0.10666557540057915
2021-01-05 18:00:00,2021-01-05 18:00:00,2021-01-05 19:00:00,2021-01-06 19:00:00,1,prebreak,ok,0.0,upper_first,3.0,7326,1|2021-01-01,ok,0.10666557540057915,0.22487472629976088,1|recent|4403,recent,0.10666557540057915
2021-01-07 00:00:00,2021-01-07 00:00:00,2021-01-07 01:00:00,2021-01-08 01:00:00,1,prebreak,ok,0.0,upper_first,12.0,7331,1|2021-01-01,ok,0.10666557540057915,0.17179381796996926,1|recent|4408,recent,0.10666557540057915
2021-01-08 06:00:00,2021-01-08 06:00:00,2021-01-08 07:00:00,2021-01-09 07:00:00,1,prebreak,ok,0.0,upper_first,3.0,7336,1|2021-01-01,ok,0.10666557540057915,0.18240757721497056,1|recent|4413,recent,0.10666557540057915
2021-01-09 12:00:00,2021-01-09 12:00:00,2021-01-09 13:00:00,2021-01-10 13:00:00,1,prebreak,ok,1.0,lower_first,23.0,7341,1|2021-01-01,ok,0.10666557540057915,0.18790313182776877,1|recent|4418,recent,0.10666557540057915
2021-01-10 18:00:00,2021-01-10 18:00:00,2021-01-10 19:00:00,2021-01-11 19:00:00,1,prebreak,ok,1.0,lower_first,1.0,7346,1|2021-01-01,ok,0.10666557540057915,0.2345483428564169,1|recent|4423,recent,0.10666557540057915
2021-01-12 12:00:00,2021-01-12 12:00:00,2021-01-12 13:00:00,2021-01-13 13:00:00,1,prebreak,ok,1.0,lower_first,0.0,7353,1|2021-01-01,ok,0.10666557540057915,0.2563650440807903,1|recent|4430,recent,0.10666557540057915
2021-01-13 18:00:00,2021-01-13 18:00:00,2021-01-13 19:00:00,2021-01-14 19:00:00,1,prebreak,ok,0.0,upper_first,2.0,7358,1|2021-01-01,ok,0.10666557540057915,0.28105124647744656,1|recent|4435,recent,0.10666557540057915
2021-01-15 00:00:00,2021-01-15 00:00:00,2021-01-15 01:00:00,2021-01-16 01:00:00,1,prebreak,ok,1.0,lower_first,11.0,7363,1|2021-01-01,ok,0.10666557540057915,0.22586757082316805,1|recent|4440,recent,0.10666557540057915
2021-01-16 06:00:00,2021-01-16 06:00:00,2021-01-16 07:00:00,2021-01-17 07:00:00,1,prebreak,ok,0.0,upper_first,1.0,7368,1|2021-01-01,ok,0.10666557540057915,0.20662643259708427,1|recent|4445,recent,0.10666557540057915
2021-01-18 12:00:00,2021-01-18 12:00:00,2021-01-18 13:00:00,2021-01-19 13:00:00,1,prebreak,ok,0.0,neither,,7377,1|2021-01-01,ok,0.10666557540057915,0.18775303144296918,1|recent|4454,recent,0.10666557540057915
2021-01-19 18:00:00,2021-01-19 18:00:00,2021-01-19 19:00:00,2021-01-20 19:00:00,1,prebreak,ok,1.0,lower_first,14.0,7382,1|2021-01-01,ok,0.10666557540057915,0.16646802123133003,1|recent|4459,recent,0.10666557540057915
2021-01-21 00:00:00,2021-01-21 00:00:00,2021-01-21 01:00:00,2021-01-22 01:00:00,1,prebreak,ok,1.0,lower_first,7.0,7387,1|2021-01-01,ok,0.10666557540057915,0.16407591575437586,1|recent|4464,recent,0.10666557540057915
2021-01-23 06:00:00,2021-01-23 06:00:00,2021-01-23 07:00:00,2021-01-24 07:00:00,1,prebreak,ok,0.0,neither,,7396,1|2021-01-01,ok,0.10666557540057915,0.19877802017157045,1|recent|4473,recent,0.10666557540057915
2021-01-24 12:00:00,2021-01-24 12:00:00,2021-01-24 13:00:00,2021-01-25 13:00:00,1,prebreak,ok,0.0,upper_first,14.0,7401,1|2021-01-01,ok,0.10666557540057915,0.1998832742943351,1|recent|4478,recent,0.10666557540057915
2021-01-25 18:00:00,2021-01-25 18:00:00,2021-01-25 19:00:00,2021-01-26 19:00:00,1,prebreak,ok,1.0,lower_first,3.0,7406,1|2021-01-01,ok,0.10666557540057915,0.15877107744342203,1|recent|4483,recent,0.10666557540057915
2021-01-27 00:00:00,2021-01-27 00:00:00,2021-01-27 01:00:00,2021-01-28 01:00:00,1,prebreak,ok,1.0,lower_first,10.0,7411,1|2021-01-01,ok,0.10666557540057915,0.17717242645493692,1|recent|4488,recent,0.10666557540057915
2021-01-28 18:00:00,2021-01-28 18:00:00,2021-01-28 19:00:00,2021-01-29 19:00:00,1,prebreak,ok,0.0,upper_first,4.0,7418,1|2021-01-01,ok,0.10666557540057915,0.1929547777743357,1|recent|4495,recent,0.10666557540057915
2021-01-30 00:00:00,2021-01-30 00:00:00,2021-01-30 01:00:00,2021-01-31 01:00:00,1,prebreak,ok,0.0,neither,,7423,1|2021-01-01,ok,0.10666557540057915,0.2532440582554761,1|recent|4500,recent,0.10666557540057915
2021-01-31 06:00:00,2021-01-31 06:00:00,2021-01-31 07:00:00,2021-02-01 07:00:00,1,prebreak,ok,0.0,neither,,7428,1|2021-01-01,ok,0.10666557540057915,0.2484037672367272,1|recent|4505,recent,0.10666557540057915
2021-02-01 12:00:00,2021-02-01 12:00:00,2021-02-01 13:00:00,2021-02-02 13:00:00,1,prebreak,ok,0.0,upper_first,20.0,7433,1|2021-01-01,ok,0.10666557540057915,0.17439917291595064,1|recent|4510,recent,0.10666557540057915
2021-02-02 18:00:00,2021-02-02 18:00:00,2021-02-02 19:00:00,2021-02-03 19:00:00,1,prebreak,ok,0.0,upper_first,6.0,7438,1|2021-01-01,ok,0.10666557540057915,0.14655214417270962,1|recent|4515,recent,0.10666557540057915
2021-02-04 00:00:00,2021-02-04 00:00:00,2021-02-04 01:00:00,2021-02-05 01:00:00,1,prebreak,ok,1.0,lower_first,14.0,7443,1|2021-01-01,ok,0.10666557540057915,0.1169762186382936,1|recent|4520,recent,0.10666557540057915
2021-02-05 06:00:00,2021-02-05 06:00:00,2021-02-05 07:00:00,2021-02-06 07:00:00,1,prebreak,ok,0.0,upper_first,17.0,7448,1|2021-01-01,ok,0.10666557540057915,0.13296370889895898,1|recent|4525,recent,0.10666557540057915
2021-02-06 12:00:00,2021-02-06 12:00:00,2021-02-06 13:00:00,2021-02-07 13:00:00,1,prebreak,ok,0.0,neither,,7453,1|2021-01-01,ok,0.10666557540057915,0.1189923853633128,1|recent|4530,recent,0.10666557540057915
2021-02-07 18:00:00,2021-02-07 18:00:00,2021-02-07 19:00:00,2021-02-08 19:00:00,1,prebreak,ok,0.0,upper_first,15.0,7458,1|2021-01-01,ok,0.10666557540057915,0.15900060093353668,1|recent|4535,recent,0.10666557540057915
2021-02-09 00:00:00,2021-02-09 00:00:00,2021-02-09 01:00:00,2021-02-10 01:00:00,1,prebreak,ok,0.0,neither,,7463,1|2021-01-01,ok,0.10666557540057915,0.16556934341815224,1|recent|4540,recent,0.10666557540057915
2021-02-10 06:00:00,2021-02-10 06:00:00,2021-02-10 07:00:00,2021-02-11 07:00:00,1,prebreak,ok,1.0,lower_first,8.0,7468,1|2021-01-01,ok,0.10666557540057915,0.20037854441796138,1|recent|4545,recent,0.10666557540057915
2021-02-11 12:00:00,2021-02-11 12:00:00,2021-02-11 13:00:00,2021-02-12 13:00:00,1,prebreak,ok,0.0,upper_first,0.0,7473,1|2021-01-01,ok,0.10666557540057915,0.21244371128201175,1|recent|4550,recent,0.10666557540057915
2021-02-12 18:00:00,2021-02-12 18:00:00,2021-02-12 19:00:00,2021-02-13 19:00:00,1,prebreak,ok,0.0,neither,,7478,1|2021-01-01,ok,0.10666557540057915,0.1462991089160001,1|recent|4555,recent,0.10666557540057915
2021-02-14 00:00:00,2021-02-14 00:00:00,2021-02-14 01:00:00,2021-02-15 01:00:00,1,prebreak,ok,0.0,upper_first,5.0,7483,1|2021-01-01,ok,0.10666557540057915,0.1431239328962948,1|recent|4560,recent,0.10666557540057915
2021-02-15 06:00:00,2021-02-15 06:00:00,2021-02-15 07:00:00,2021-02-16 07:00:00,1,prebreak,ok,0.0,upper_first,9.0,7488,1|2021-01-01,ok,0.10666557540057915,0.145907982090725,1|recent|4565,recent,0.10666557540057915
2021-02-16 12:00:00,2021-02-16 12:00:00,2021-02-16 13:00:00,2021-02-17 13:00:00,1,prebreak,ok,0.0,upper_first,18.0,7493,1|2021-01-01,ok,0.10666557540057915,0.13486700495781068,1|recent|4570,recent,0.10666557540057915
2021-02-17 18:00:00,2021-02-17 18:00:00,2021-02-17 19:00:00,2021-02-18 19:00:00,1,prebreak,ok,0.0,neither,,7498,1|2021-01-01,ok,0.10666557540057915,0.1243617804907088,1|recent|4575,recent,0.10666557540057915
2021-02-19 00:00:00,2021-02-19 00:00:00,2021-02-19 01:00:00,2021-02-20 01:00:00,1,prebreak,ok,0.0,upper_first,13.0,7503,1|2021-01-01,ok,0.10666557540057915,0.12318296762058882,1|recent|4580,recent,0.10666557540057915
2021-02-20 06:00:00,2021-02-20 06:00:00,2021-02-20 07:00:00,2021-02-21 07:00:00,1,prebreak,ok,0.0,neither,,7508,1|2021-01-01,ok,0.10666557540057915,0.10285498120034779,1|recent|4585,recent,0.10666557540057915
2021-02-21 12:00:00,2021-02-21 12:00:00,2021-02-21 13:00:00,2021-02-22 13:00:00,1,prebreak,ok,1.0,lower_first,21.0,7513,1|2021-01-01,ok,0.10666557540057915,0.1183668335166678,1|recent|4590,recent,0.10666557540057915
2021-02-24 12:00:00,2021-02-24 12:00:00,2021-02-24 13:00:00,2021-02-25 13:00:00,1,prebreak,ok,1.0,lower_first,8.0,7525,1|2021-01-01,ok,0.10666557540057915,0.25043081796633004,1|recent|4602,recent,0.10666557540057915
2021-02-25 18:00:00,2021-02-25 18:00:00,2021-02-25 19:00:00,2021-02-26 19:00:00,1,prebreak,ok,1.0,lower_first,4.0,7530,1|2021-01-01,ok,0.10666557540057915,0.2682309614063898,1|recent|4607,recent,0.10666557540057915
2021-02-27 00:00:00,2021-02-27 00:00:00,2021-02-27 01:00:00,2021-02-28 01:00:00,1,prebreak,ok,1.0,lower_first,22.0,7535,1|2021-01-01,ok,0.10666557540057915,0.20778070534996793,1|recent|4612,recent,0.10666557540057915
2021-02-28 06:00:00,2021-02-28 06:00:00,2021-02-28 07:00:00,2021-03-01 07:00:00,1,prebreak,ok,0.0,upper_first,16.0,7540,1|2021-01-01,ok,0.10666557540057915,0.20989000114402698,1|recent|4617,recent,0.10666557540057915
2021-03-01 18:00:00,2021-03-01 18:00:00,2021-03-01 19:00:00,2021-03-02 19:00:00,1,prebreak,ok,0.0,upper_first,5.0,7546,1|2021-01-01,ok,0.10666557540057915,0.16630327918364463,1|recent|4623,recent,0.10666557540057915
2021-03-03 00:00:00,2021-03-03 00:00:00,2021-03-03 01:00:00,2021-03-04 01:00:00,1,prebreak,ok,0.0,upper_first,7.0,7551,1|2021-01-01,ok,0.10666557540057915,0.14131696217256315,1|recent|4628,recent,0.10666557540057915
2021-03-04 06:00:00,2021-03-04 06:00:00,2021-03-04 07:00:00,2021-03-05 07:00:00,1,prebreak,ok,1.0,lower_first,17.0,7556,1|2021-01-01,ok,0.10666557540057915,0.16000887982854808,1|recent|4633,recent,0.10666557540057915
2021-03-06 06:00:00,2021-03-06 06:00:00,2021-03-06 07:00:00,2021-03-07 07:00:00,1,prebreak,ok,0.0,neither,,7564,1|2021-01-01,ok,0.10666557540057915,0.18243633981381793,1|recent|4641,recent,0.10666557540057915
2021-03-07 12:00:00,2021-03-07 12:00:00,2021-03-07 13:00:00,2021-03-08 13:00:00,1,prebreak,ok,0.0,neither,,7569,1|2021-01-01,ok,0.10666557540057915,0.13534890462896526,1|recent|4646,recent,0.10666557540057915
2021-03-08 18:00:00,2021-03-08 18:00:00,2021-03-08 19:00:00,2021-03-09 19:00:00,1,prebreak,ok,0.0,upper_first,4.0,7574,1|2021-01-01,ok,0.10666557540057915,0.11627758691780632,1|recent|4651,recent,0.10666557540057915
2021-03-10 00:00:00,2021-03-10 00:00:00,2021-03-10 01:00:00,2021-03-11 01:00:00,1,prebreak,ok,0.0,upper_first,18.0,7579,1|2021-01-01,ok,0.10666557540057915,0.1269390437423989,1|recent|4656,recent,0.10666557540057915
2021-03-11 06:00:00,2021-03-11 06:00:00,2021-03-11 07:00:00,2021-03-12 07:00:00,1,prebreak,ok,0.0,upper_first,11.0,7584,1|2021-01-01,ok,0.10666557540057915,0.14452286714486282,1|recent|4661,recent,0.10666557540057915
2021-03-12 12:00:00,2021-03-12 12:00:00,2021-03-12 13:00:00,2021-03-13 13:00:00,1,prebreak,ok,0.0,upper_first,21.0,7589,1|2021-01-01,ok,0.10666557540057915,0.15177760641164884,1|recent|4666,recent,0.10666557540057915
2021-03-13 18:00:00,2021-03-13 18:00:00,2021-03-13 19:00:00,2021-03-14 19:00:00,1,prebreak,ok,0.0,neither,,7594,1|2021-01-01,ok,0.10666557540057915,0.12749109527391414,1|recent|4671,recent,0.10666557540057915
2021-03-15 00:00:00,2021-03-15 00:00:00,2021-03-15 01:00:00,2021-03-16 01:00:00,1,prebreak,ok,1.0,lower_first,8.0,7599,1|2021-01-01,ok,0.10666557540057915,0.1377033391857556,1|recent|4676,recent,0.10666557540057915
2021-03-17 06:00:00,2021-03-17 06:00:00,2021-03-17 07:00:00,2021-03-18 07:00:00,1,prebreak,ok,0.0,upper_first,12.0,7608,1|2021-01-01,ok,0.10666557540057915,0.15612189278739194,1|recent|4685,recent,0.10666557540057915
2021-03-18 12:00:00,2021-03-18 12:00:00,2021-03-18 13:00:00,2021-03-19 13:00:00,1,prebreak,ok,0.0,upper_first,3.0,7613,1|2021-01-01,ok,0.10666557540057915,0.15185896563132087,1|recent|4690,recent,0.10666557540057915
2021-03-19 18:00:00,2021-03-19 18:00:00,2021-03-19 19:00:00,2021-03-20 19:00:00,1,prebreak,ok,0.0,neither,,7618,1|2021-01-01,ok,0.10666557540057915,0.14224718497283131,1|recent|4695,recent,0.10666557540057915
2021-03-21 00:00:00,2021-03-21 00:00:00,2021-03-21 01:00:00,2021-03-22 01:00:00,1,prebreak,ok,0.0,neither,,7623,1|2021-01-01,ok,0.10666557540057915,0.13726160998223214,1|recent|4700,recent,0.10666557540057915
2021-03-22 12:00:00,2021-03-22 12:00:00,2021-03-22 13:00:00,2021-03-23 13:00:00,1,prebreak,ok,1.0,lower_first,7.0,7629,1|2021-01-01,ok,0.10666557540057915,0.12214242705004205,1|recent|4706,recent,0.10666557540057915
2021-03-24 06:00:00,2021-03-24 06:00:00,2021-03-24 07:00:00,2021-03-25 07:00:00,1,prebreak,ok,0.0,upper_first,1.0,7636,1|2021-01-01,ok,0.10666557540057915,0.14410121536151543,1|recent|4713,recent,0.10666557540057915
2021-03-26 18:00:00,2021-03-26 18:00:00,2021-03-26 19:00:00,2021-03-27 19:00:00,1,prebreak,ok,0.0,upper_first,5.0,7646,1|2021-01-01,ok,0.10666557540057915,0.15373524897557395,1|recent|4723,recent,0.10666557540057915
2021-03-28 00:00:00,2021-03-28 00:00:00,2021-03-28 01:00:00,2021-03-29 01:00:00,1,prebreak,ok,0.0,neither,,7651,1|2021-01-01,ok,0.10666557540057915,0.13897985335259022,1|recent|4728,recent,0.10666557540057915
2021-03-29 06:00:00,2021-03-29 06:00:00,2021-03-29 07:00:00,2021-03-30 07:00:00,1,prebreak,ok,0.0,upper_first,1.0,7656,1|2021-01-01,ok,0.10666557540057915,0.12319884809785189,1|recent|4733,recent,0.10666557540057915
2021-03-30 12:00:00,2021-03-30 12:00:00,2021-03-30 13:00:00,2021-03-31 13:00:00,1,prebreak,ok,0.0,neither,,7661,1|2021-01-01,ok,0.10666557540057915,0.10718163051784428,1|recent|4738,recent,0.10666557540057915
2021-03-31 18:00:00,2021-03-31 18:00:00,2021-03-31 19:00:00,2021-04-01 19:00:00,1,prebreak,ok,0.0,neither,,7666,1|2021-01-01,ok,0.10666557540057915,0.11236688855416892,1|recent|4743,recent,0.10666557540057915
2021-04-02 00:00:00,2021-04-02 00:00:00,2021-04-02 01:00:00,2021-04-03 01:00:00,1,prebreak,ok,0.0,neither,,7671,1|2021-04-01,ok,0.147481058944013,0.12163979161759914,1|recent|4748,recent,0.147481058944013
2021-04-03 06:00:00,2021-04-03 06:00:00,2021-04-03 07:00:00,2021-04-04 07:00:00,1,prebreak,ok,0.0,neither,,7676,1|2021-04-01,ok,0.147481058944013,0.11451506010161129,1|recent|4753,recent,0.147481058944013
2021-04-05 06:00:00,2021-04-05 06:00:00,2021-04-05 07:00:00,2021-04-06 07:00:00,1,prebreak,ok,0.0,upper_first,7.0,7684,1|2021-04-01,ok,0.147481058944013,0.11461861323420965,1|recent|4761,recent,0.147481058944013
2021-04-06 12:00:00,2021-04-06 12:00:00,2021-04-06 13:00:00,2021-04-07 13:00:00,1,prebreak,ok,0.0,neither,,7689,1|2021-04-01,ok,0.147481058944013,0.10217125881054664,1|recent|4766,recent,0.147481058944013
2021-04-08 12:00:00,2021-04-08 12:00:00,2021-04-08 13:00:00,2021-04-09 13:00:00,1,prebreak,ok,0.0,neither,,7697,1|2021-04-01,ok,0.147481058944013,0.1169871097460223,1|recent|4774,recent,0.147481058944013
2021-04-09 18:00:00,2021-04-09 18:00:00,2021-04-09 19:00:00,2021-04-10 19:00:00,1,prebreak,ok,0.0,upper_first,9.0,7702,1|2021-04-01,ok,0.147481058944013,0.09896118463702762,1|recent|4779,recent,0.147481058944013
2021-04-11 00:00:00,2021-04-11 00:00:00,2021-04-11 01:00:00,2021-04-12 01:00:00,1,prebreak,ok,0.0,neither,,7707,1|2021-04-01,ok,0.147481058944013,0.10745218488142226,1|recent|4784,recent,0.147481058944013
2021-04-12 06:00:00,2021-04-12 06:00:00,2021-04-12 07:00:00,2021-04-13 07:00:00,1,prebreak,ok,0.0,neither,,7712,1|2021-04-01,ok,0.147481058944013,0.12135549374596316,1|recent|4789,recent,0.147481058944013
2021-04-13 12:00:00,2021-04-13 12:00:00,2021-04-13 13:00:00,2021-04-14 13:00:00,1,prebreak,ok,0.0,neither,,7717,1|2021-04-01,ok,0.147481058944013,0.0973997918836312,1|recent|4794,recent,0.147481058944013
2021-04-14 18:00:00,2021-04-14 18:00:00,2021-04-14 19:00:00,2021-04-15 19:00:00,1,prebreak,ok,0.0,neither,,7722,1|2021-04-01,ok,0.147481058944013,0.1432474830059476,1|recent|4799,recent,0.147481058944013
2021-04-16 00:00:00,2021-04-16 00:00:00,2021-04-16 01:00:00,2021-04-17 01:00:00,1,prebreak,ok,1.0,lower_first,10.0,7727,1|2021-04-01,ok,0.147481058944013,0.12251685568994433,1|recent|4804,recent,0.147481058944013
2021-04-17 12:00:00,2021-04-17 12:00:00,2021-04-17 13:00:00,2021-04-18 13:00:00,1,prebreak,ok,1.0,lower_first,14.0,7733,1|2021-04-01,ok,0.147481058944013,0.14641571789361768,1|recent|4810,recent,0.147481058944013
2021-04-19 06:00:00,2021-04-19 06:00:00,2021-04-19 07:00:00,2021-04-20 07:00:00,1,prebreak,ok,1.0,lower_first,8.0,7740,1|2021-04-01,ok,0.147481058944013,0.16055995368684353,1|recent|4817,recent,0.147481058944013
2021-04-20 12:00:00,2021-04-20 12:00:00,2021-04-20 13:00:00,2021-04-21 13:00:00,1,prebreak,ok,0.0,neither,,7745,1|2021-04-01,ok,0.147481058944013,0.1715814496169859,1|recent|4822,recent,0.147481058944013
2021-04-21 18:00:00,2021-04-21 18:00:00,2021-04-21 19:00:00,2021-04-22 19:00:00,1,prebreak,ok,1.0,lower_first,7.0,7750,1|2021-04-01,ok,0.147481058944013,0.15500116911314613,1|recent|4827,recent,0.147481058944013
2021-04-23 00:00:00,2021-04-23 00:00:00,2021-04-23 01:00:00,2021-04-24 01:00:00,1,prebreak,ok,1.0,lower_first,1.0,7755,1|2021-04-01,ok,0.147481058944013,0.18606892434052152,1|recent|4832,recent,0.147481058944013
2021-04-24 12:00:00,2021-04-24 12:00:00,2021-04-24 13:00:00,2021-04-25 13:00:00,1,prebreak,ok,0.0,neither,,7761,1|2021-04-01,ok,0.147481058944013,0.19727883396105014,1|recent|4838,recent,0.147481058944013
2021-04-25 18:00:00,2021-04-25 18:00:00,2021-04-25 19:00:00,2021-04-26 19:00:00,1,prebreak,ok,1.0,lower_first,2.0,7766,1|2021-04-01,ok,0.147481058944013,0.18258992431952592,1|recent|4843,recent,0.147481058944013
2021-04-27 00:00:00,2021-04-27 00:00:00,2021-04-27 01:00:00,2021-04-28 01:00:00,1,prebreak,ok,0.0,upper_first,10.0,7771,1|2021-04-01,ok,0.147481058944013,0.15848038771776,1|recent|4848,recent,0.147481058944013
2021-04-28 06:00:00,2021-04-28 06:00:00,2021-04-28 07:00:00,2021-04-29 07:00:00,1,prebreak,ok,0.0,upper_first,13.0,7776,1|2021-04-01,ok,0.147481058944013,0.14497610370376351,1|recent|4853,recent,0.147481058944013
2021-04-29 12:00:00,2021-04-29 12:00:00,2021-04-29 13:00:00,2021-04-30 13:00:00,1,prebreak,ok,0.0,neither,,7781,1|2021-04-01,ok,0.147481058944013,0.12813587396406445,1|recent|4858,recent,0.147481058944013
2021-04-30 18:00:00,2021-04-30 18:00:00,2021-04-30 19:00:00,2021-05-01 19:00:00,1,prebreak,ok,0.0,neither,,7786,1|2021-04-01,ok,0.147481058944013,0.11236613350167816,1|recent|4863,recent,0.147481058944013
2021-05-02 00:00:00,2021-05-02 00:00:00,2021-05-02 01:00:00,2021-05-03 01:00:00,1,prebreak,ok,0.0,neither,,7791,1|2021-04-01,ok,0.147481058944013,0.1100567547510451,1|recent|4868,recent,0.147481058944013
2021-05-03 06:00:00,2021-05-03 06:00:00,2021-05-03 07:00:00,2021-05-04 07:00:00,1,prebreak,ok,1.0,lower_first,17.0,7796,1|2021-04-01,ok,0.147481058944013,0.10377376882270835,1|recent|4873,recent,0.147481058944013
2021-05-05 18:00:00,2021-05-05 18:00:00,2021-05-05 19:00:00,2021-05-06 19:00:00,1,prebreak,ok,0.0,neither,,7806,1|2021-04-01,ok,0.147481058944013,0.13471754459331375,1|recent|4883,recent,0.147481058944013
2021-05-07 00:00:00,2021-05-07 00:00:00,2021-05-07 01:00:00,2021-05-08 01:00:00,1,prebreak,ok,0.0,upper_first,15.0,7811,1|2021-04-01,ok,0.147481058944013,0.14589423603247512,1|recent|4888,recent,0.147481058944013
2021-05-08 06:00:00,2021-05-08 06:00:00,2021-05-08 07:00:00,2021-05-09 07:00:00,1,prebreak,ok,0.0,neither,,7816,1|2021-04-01,ok,0.147481058944013,0.11654555142689683,1|recent|4893,recent,0.147481058944013
2021-05-09 12:00:00,2021-05-09 12:00:00,2021-05-09 13:00:00,2021-05-10 13:00:00,1,prebreak,ok,0.0,upper_first,8.0,7821,1|2021-04-01,ok,0.147481058944013,0.13139192704184102,1|recent|4898,recent,0.147481058944013
2021-05-10 18:00:00,2021-05-10 18:00:00,2021-05-10 19:00:00,2021-05-11 19:00:00,1,prebreak,ok,1.0,lower_first,1.0,7826,1|2021-04-01,ok,0.147481058944013,0.15888691887968778,1|recent|4903,recent,0.147481058944013
2021-05-12 00:00:00,2021-05-12 00:00:00,2021-05-12 01:00:00,2021-05-13 01:00:00,1,prebreak,ok,1.0,lower_first,15.0,7831,1|2021-04-01,ok,0.147481058944013,0.14721287318318912,1|recent|4908,recent,0.147481058944013
2021-05-14 00:00:00,2021-05-14 00:00:00,2021-05-14 01:00:00,2021-05-15 01:00:00,1,prebreak,ok,0.0,upper_first,14.0,7839,1|2021-04-01,ok,0.147481058944013,0.1795852242389267,1|recent|4916,recent,0.147481058944013
2021-05-15 06:00:00,2021-05-15 06:00:00,2021-05-15 07:00:00,2021-05-16 07:00:00,1,prebreak,ok,1.0,lower_first,17.0,7844,1|2021-04-01,ok,0.147481058944013,0.2002948816543425,1|recent|4921,recent,0.147481058944013
2021-05-16 12:00:00,2021-05-16 12:00:00,2021-05-16 13:00:00,2021-05-17 13:00:00,1,prebreak,ok,1.0,lower_first,5.0,7849,1|2021-04-01,ok,0.147481058944013,0.17248256782529797,1|recent|4926,recent,0.147481058944013
2021-05-18 06:00:00,2021-05-18 06:00:00,2021-05-18 07:00:00,2021-05-19 07:00:00,1,prebreak,ok,1.0,lower_first,7.0,7856,1|2021-04-01,ok,0.147481058944013,0.20980399462710508,1|recent|4933,recent,0.147481058944013
2021-05-20 18:00:00,2021-05-20 18:00:00,2021-05-20 19:00:00,2021-05-21 19:00:00,1,prebreak,ok,0.0,upper_first,3.0,7866,1|2021-04-01,ok,0.147481058944013,0.31196234195353406,1|recent|4943,recent,0.147481058944013
2021-05-22 00:00:00,2021-05-22 00:00:00,2021-05-22 01:00:00,2021-05-23 01:00:00,1,prebreak,ok,1.0,lower_first,4.0,7871,1|2021-04-01,ok,0.147481058944013,0.33488305854932304,1|recent|4948,recent,0.147481058944013
2021-05-23 06:00:00,2021-05-23 06:00:00,2021-05-23 07:00:00,2021-05-24 07:00:00,1,prebreak,ok,1.0,lower_first,1.0,7876,1|2021-04-01,ok,0.147481058944013,0.2552978561010439,1|recent|4953,recent,0.147481058944013
2021-05-24 18:00:00,2021-05-24 18:00:00,2021-05-24 19:00:00,2021-05-25 19:00:00,1,prebreak,ok,0.0,upper_first,0.0,7882,1|2021-04-01,ok,0.147481058944013,0.2181541448636222,1|recent|4959,recent,0.147481058944013
2021-05-26 00:00:00,2021-05-26 00:00:00,2021-05-26 01:00:00,2021-05-27 01:00:00,1,prebreak,ok,0.0,upper_first,1.0,7887,1|2021-04-01,ok,0.147481058944013,0.20898949106830483,1|recent|4964,recent,0.147481058944013
2021-05-27 06:00:00,2021-05-27 06:00:00,2021-05-27 07:00:00,2021-05-28 07:00:00,1,prebreak,ok,0.0,upper_first,2.0,7892,1|2021-04-01,ok,0.147481058944013,0.20184833196800614,1|recent|4969,recent,0.147481058944013
2021-05-30 00:00:00,2021-05-30 00:00:00,2021-05-30 01:00:00,2021-05-31 01:00:00,1,prebreak,ok,0.0,upper_first,2.0,7903,1|2021-04-01,ok,0.147481058944013,0.19147975628053918,1|recent|4980,recent,0.147481058944013
2021-05-31 06:00:00,2021-05-31 06:00:00,2021-05-31 07:00:00,2021-06-01 07:00:00,1,prebreak,ok,0.0,upper_first,1.0,7908,1|2021-04-01,ok,0.147481058944013,0.19567358651256897,1|recent|4985,recent,0.147481058944013
2021-06-01 12:00:00,2021-06-01 12:00:00,2021-06-01 13:00:00,2021-06-02 13:00:00,1,prebreak,ok,0.0,upper_first,0.0,7913,1|2021-04-01,ok,0.147481058944013,0.1562140433253393,1|recent|4990,recent,0.147481058944013
2021-06-02 18:00:00,2021-06-02 18:00:00,2021-06-02 19:00:00,2021-06-03 19:00:00,1,prebreak,ok,0.0,upper_first,14.0,7918,1|2021-04-01,ok,0.147481058944013,0.12529711227876,1|recent|4995,recent,0.147481058944013
2021-06-04 00:00:00,2021-06-04 00:00:00,2021-06-04 01:00:00,2021-06-05 01:00:00,1,prebreak,ok,1.0,lower_first,4.0,7923,1|2021-04-01,ok,0.147481058944013,0.1243661058410795,1|recent|5000,recent,0.147481058944013
2021-06-05 06:00:00,2021-06-05 06:00:00,2021-06-05 07:00:00,2021-06-06 07:00:00,1,prebreak,ok,1.0,lower_first,4.0,7928,1|2021-04-01,ok,0.147481058944013,0.11849198562197015,1|recent|5005,recent,0.147481058944013
2021-06-07 00:00:00,2021-06-07 00:00:00,2021-06-07 01:00:00,2021-06-08 01:00:00,1,prebreak,ok,1.0,lower_first,19.0,7935,1|2021-04-01,ok,0.147481058944013,0.15863574604971162,1|recent|5012,recent,0.147481058944013
2021-06-09 18:00:00,2021-06-09 18:00:00,2021-06-09 19:00:00,2021-06-10 19:00:00,1,prebreak,ok,0.0,upper_first,3.0,7946,1|2021-04-01,ok,0.147481058944013,0.16286853463617224,1|recent|5023,recent,0.147481058944013
2021-06-11 00:00:00,2021-06-11 00:00:00,2021-06-11 01:00:00,2021-06-12 01:00:00,1,prebreak,ok,0.0,upper_first,9.0,7951,1|2021-04-01,ok,0.147481058944013,0.16316345247849065,1|recent|5028,recent,0.147481058944013
2021-06-12 06:00:00,2021-06-12 06:00:00,2021-06-12 07:00:00,2021-06-13 07:00:00,1,prebreak,ok,0.0,neither,,7956,1|2021-04-01,ok,0.147481058944013,0.18026137795444533,1|recent|5033,recent,0.147481058944013
2021-06-13 12:00:00,2021-06-13 12:00:00,2021-06-13 13:00:00,2021-06-14 13:00:00,1,prebreak,ok,0.0,upper_first,3.0,7961,1|2021-04-01,ok,0.147481058944013,0.13152416734736969,1|recent|5038,recent,0.147481058944013
2021-06-14 18:00:00,2021-06-14 18:00:00,2021-06-14 19:00:00,2021-06-15 19:00:00,1,prebreak,ok,0.0,upper_first,23.0,7966,1|2021-04-01,ok,0.147481058944013,0.1385383771802018,1|recent|5043,recent,0.147481058944013
2021-06-16 00:00:00,2021-06-16 00:00:00,2021-06-16 01:00:00,2021-06-17 01:00:00,1,prebreak,ok,0.0,neither,,7971,1|2021-04-01,ok,0.147481058944013,0.1386790706164214,1|recent|5048,recent,0.147481058944013
2021-06-17 06:00:00,2021-06-17 06:00:00,2021-06-17 07:00:00,2021-06-18 07:00:00,1,prebreak,ok,1.0,lower_first,19.0,7976,1|2021-04-01,ok,0.147481058944013,0.13409515216541265,1|recent|5053,recent,0.147481058944013
2021-06-20 06:00:00,2021-06-20 06:00:00,2021-06-20 07:00:00,2021-06-21 07:00:00,1,prebreak,ok,1.0,lower_first,4.0,7988,1|2021-04-01,ok,0.147481058944013,0.1414163736118629,1|recent|5065,recent,0.147481058944013
2021-06-23 18:00:00,2021-06-23 18:00:00,2021-06-23 19:00:00,2021-06-24 19:00:00,1,prebreak,ok,0.0,upper_first,20.0,8002,1|2021-04-01,ok,0.147481058944013,0.2381082612174113,1|recent|5079,recent,0.147481058944013
2021-06-25 00:00:00,2021-06-25 00:00:00,2021-06-25 01:00:00,2021-06-26 01:00:00,1,prebreak,ok,1.0,lower_first,11.0,8007,1|2021-04-01,ok,0.147481058944013,0.20477669096122425,1|recent|5084,recent,0.147481058944013
2021-06-27 12:00:00,2021-06-27 12:00:00,2021-06-27 13:00:00,2021-06-28 13:00:00,1,prebreak,ok,0.0,upper_first,9.0,8017,1|2021-04-01,ok,0.147481058944013,0.16879653410825293,1|recent|5094,recent,0.147481058944013
2021-06-28 18:00:00,2021-06-28 18:00:00,2021-06-28 19:00:00,2021-06-29 19:00:00,1,prebreak,ok,0.0,upper_first,11.0,8022,1|2021-04-01,ok,0.147481058944013,0.1837156378149154,1|recent|5099,recent,0.147481058944013
2021-06-30 00:00:00,2021-06-30 00:00:00,2021-06-30 01:00:00,2021-07-01 01:00:00,1,prebreak,ok,1.0,lower_first,15.0,8027,1|2021-04-01,ok,0.147481058944013,0.1613641740923272,1|recent|5104,recent,0.147481058944013
2021-07-01 06:00:00,2021-07-01 06:00:00,2021-07-01 07:00:00,2021-07-02 07:00:00,1,prebreak,ok,0.0,neither,,8032,1|2021-07-01,ok,0.1771941694689799,0.18496601681793498,1|recent|5109,recent,0.1771941694689799
2021-07-02 12:00:00,2021-07-02 12:00:00,2021-07-02 13:00:00,2021-07-03 13:00:00,1,prebreak,ok,0.0,upper_first,18.0,8037,1|2021-07-01,ok,0.1771941694689799,0.17554615556035238,1|recent|5114,recent,0.1771941694689799
2021-07-03 18:00:00,2021-07-03 18:00:00,2021-07-03 19:00:00,2021-07-04 19:00:00,1,prebreak,ok,0.0,upper_first,12.0,8042,1|2021-07-01,ok,0.1771941694689799,0.15311866374064176,1|recent|5119,recent,0.1771941694689799
2021-07-05 00:00:00,2021-07-05 00:00:00,2021-07-05 01:00:00,2021-07-06 01:00:00,1,prebreak,ok,0.0,neither,,8047,1|2021-07-01,ok,0.1771941694689799,0.12941023230415266,1|recent|5124,recent,0.1771941694689799
2021-07-06 06:00:00,2021-07-06 06:00:00,2021-07-06 07:00:00,2021-07-07 07:00:00,1,prebreak,ok,0.0,neither,,8052,1|2021-07-01,ok,0.1771941694689799,0.14787291026588353,1|recent|5129,recent,0.1771941694689799
2021-07-07 12:00:00,2021-07-07 12:00:00,2021-07-07 13:00:00,2021-07-08 13:00:00,1,prebreak,ok,1.0,lower_first,11.0,8057,1|2021-07-01,ok,0.1771941694689799,0.15322283801507988,1|recent|5134,recent,0.1771941694689799
2021-07-09 12:00:00,2021-07-09 12:00:00,2021-07-09 13:00:00,2021-07-10 13:00:00,1,prebreak,ok,0.0,upper_first,8.0,8065,1|2021-07-01,ok,0.1771941694689799,0.13657696600011499,1|recent|5142,recent,0.1771941694689799
2021-07-10 18:00:00,2021-07-10 18:00:00,2021-07-10 19:00:00,2021-07-11 19:00:00,1,prebreak,ok,0.0,neither,,8070,1|2021-07-01,ok,0.1771941694689799,0.15249523924634434,1|recent|5147,recent,0.1771941694689799
2021-07-12 00:00:00,2021-07-12 00:00:00,2021-07-12 01:00:00,2021-07-13 01:00:00,1,prebreak,ok,0.0,neither,,8075,1|2021-07-01,ok,0.1771941694689799,0.11747749470655096,1|recent|5152,recent,0.1771941694689799
2021-07-15 06:00:00,2021-07-15 06:00:00,2021-07-15 07:00:00,2021-07-16 07:00:00,1,prebreak,ok,0.0,neither,,8088,1|2021-07-01,ok,0.1771941694689799,0.13829231670358402,1|recent|5165,recent,0.1771941694689799
2021-07-16 18:00:00,2021-07-16 18:00:00,2021-07-16 19:00:00,2021-07-17 19:00:00,1,prebreak,ok,0.0,neither,,8094,1|2021-07-01,ok,0.1771941694689799,0.12998604025043556,1|recent|5171,recent,0.1771941694689799
2021-07-18 00:00:00,2021-07-18 00:00:00,2021-07-18 01:00:00,2021-07-19 01:00:00,1,prebreak,ok,0.0,neither,,8099,1|2021-07-01,ok,0.1771941694689799,0.13024108104037288,1|recent|5176,recent,0.1771941694689799
2021-07-19 06:00:00,2021-07-19 06:00:00,2021-07-19 07:00:00,2021-07-20 07:00:00,1,prebreak,ok,1.0,lower_first,19.0,8104,1|2021-07-01,ok,0.1771941694689799,0.11985568150399979,1|recent|5181,recent,0.1771941694689799
2021-07-21 12:00:00,2021-07-21 12:00:00,2021-07-21 13:00:00,2021-07-22 13:00:00,1,prebreak,ok,0.0,upper_first,3.0,8113,1|2021-07-01,ok,0.1771941694689799,0.13071572724494593,1|recent|5190,recent,0.1771941694689799
2021-07-22 18:00:00,2021-07-22 18:00:00,2021-07-22 19:00:00,2021-07-23 19:00:00,1,prebreak,ok,0.0,neither,,8118,1|2021-07-01,ok,0.1771941694689799,0.1191549342479907,1|recent|5195,recent,0.1771941694689799
2021-07-24 00:00:00,2021-07-24 00:00:00,2021-07-24 01:00:00,2021-07-25 01:00:00,1,prebreak,ok,0.0,neither,,8123,1|2021-07-01,ok,0.1771941694689799,0.09314341466387005,1|recent|5200,recent,0.1771941694689799
2021-07-25 06:00:00,2021-07-25 06:00:00,2021-07-25 07:00:00,2021-07-26 07:00:00,1,prebreak,ok,0.0,upper_first,17.0,8128,1|2021-07-01,ok,0.1771941694689799,0.10510192769340292,1|recent|5205,recent,0.1771941694689799
2021-07-26 12:00:00,2021-07-26 12:00:00,2021-07-26 13:00:00,2021-07-27 13:00:00,1,prebreak,ok,0.0,upper_first,5.0,8133,1|2021-07-01,ok,0.1771941694689799,0.14324617690061542,1|recent|5210,recent,0.1771941694689799
2021-07-27 18:00:00,2021-07-27 18:00:00,2021-07-27 19:00:00,2021-07-28 19:00:00,1,prebreak,ok,0.0,upper_first,3.0,8138,1|2021-07-01,ok,0.1771941694689799,0.196235341226251,1|recent|5215,recent,0.1771941694689799
2021-07-29 00:00:00,2021-07-29 00:00:00,2021-07-29 01:00:00,2021-07-30 01:00:00,1,prebreak,ok,0.0,upper_first,8.0,8143,1|2021-07-01,ok,0.1771941694689799,0.2162434150343018,1|recent|5220,recent,0.1771941694689799
2021-07-30 06:00:00,2021-07-30 06:00:00,2021-07-30 07:00:00,2021-07-31 07:00:00,1,prebreak,ok,0.0,upper_first,13.0,8148,1|2021-07-01,ok,0.1771941694689799,0.19126823628489953,1|recent|5225,recent,0.1771941694689799
2021-07-31 12:00:00,2021-07-31 12:00:00,2021-07-31 13:00:00,2021-08-01 13:00:00,1,prebreak,ok,0.0,neither,,8153,1|2021-07-01,ok,0.1771941694689799,0.19215646311089757,1|recent|5230,recent,0.1771941694689799
2021-08-01 18:00:00,2021-08-01 18:00:00,2021-08-01 19:00:00,2021-08-02 19:00:00,1,prebreak,ok,1.0,lower_first,17.0,8158,1|2021-07-01,ok,0.1771941694689799,0.1515393288032129,1|recent|5235,recent,0.1771941694689799
2021-08-04 06:00:00,2021-08-04 06:00:00,2021-08-04 07:00:00,2021-08-05 07:00:00,1,prebreak,ok,0.0,upper_first,6.0,8168,1|2021-07-01,ok,0.1771941694689799,0.14374283864416282,1|recent|5245,recent,0.1771941694689799
2021-08-05 12:00:00,2021-08-05 12:00:00,2021-08-05 13:00:00,2021-08-06 13:00:00,1,prebreak,ok,0.0,upper_first,2.0,8173,1|2021-07-01,ok,0.1771941694689799,0.1457116045813541,1|recent|5250,recent,0.1771941694689799
2021-08-06 18:00:00,2021-08-06 18:00:00,2021-08-06 19:00:00,2021-08-07 19:00:00,1,prebreak,ok,0.0,upper_first,17.0,8178,1|2021-07-01,ok,0.1771941694689799,0.14534594033670048,1|recent|5255,recent,0.1771941694689799
2021-08-08 00:00:00,2021-08-08 00:00:00,2021-08-08 01:00:00,2021-08-09 01:00:00,1,prebreak,ok,0.0,neither,,8183,1|2021-07-01,ok,0.1771941694689799,0.14263976512835413,1|recent|5260,recent,0.1771941694689799
2021-08-09 06:00:00,2021-08-09 06:00:00,2021-08-09 07:00:00,2021-08-10 07:00:00,1,prebreak,ok,0.0,upper_first,2.0,8188,1|2021-07-01,ok,0.1771941694689799,0.15177560429935852,1|recent|5265,recent,0.1771941694689799
2021-08-10 12:00:00,2021-08-10 12:00:00,2021-08-10 13:00:00,2021-08-11 13:00:00,1,prebreak,ok,0.0,neither,,8193,1|2021-07-01,ok,0.1771941694689799,0.16000842648275213,1|recent|5270,recent,0.1771941694689799
2021-08-11 18:00:00,2021-08-11 18:00:00,2021-08-11 19:00:00,2021-08-12 19:00:00,1,prebreak,ok,1.0,lower_first,19.0,8198,1|2021-07-01,ok,0.1771941694689799,0.12887977416525792,1|recent|5275,recent,0.1771941694689799
2021-08-13 18:00:00,2021-08-13 18:00:00,2021-08-13 19:00:00,2021-08-14 19:00:00,1,prebreak,ok,0.0,upper_first,1.0,8206,1|2021-07-01,ok,0.1771941694689799,0.11277295136505891,1|recent|5283,recent,0.1771941694689799
2021-08-15 00:00:00,2021-08-15 00:00:00,2021-08-15 01:00:00,2021-08-16 01:00:00,1,prebreak,ok,0.0,neither,,8211,1|2021-07-01,ok,0.1771941694689799,0.11987028488704153,1|recent|5288,recent,0.1771941694689799
2021-08-16 06:00:00,2021-08-16 06:00:00,2021-08-16 07:00:00,2021-08-17 07:00:00,1,prebreak,ok,0.0,neither,,8216,1|2021-07-01,ok,0.1771941694689799,0.12702649914044004,1|recent|5293,recent,0.1771941694689799
2021-08-17 12:00:00,2021-08-17 12:00:00,2021-08-17 13:00:00,2021-08-18 13:00:00,1,prebreak,ok,1.0,lower_first,12.0,8221,1|2021-07-01,ok,0.1771941694689799,0.128758935509483,1|recent|5298,recent,0.1771941694689799
2021-08-19 00:00:00,2021-08-19 00:00:00,2021-08-19 01:00:00,2021-08-20 01:00:00,1,prebreak,ok,0.0,upper_first,17.0,8227,1|2021-07-01,ok,0.1771941694689799,0.1581229321742516,1|recent|5304,recent,0.1771941694689799
2021-08-20 06:00:00,2021-08-20 06:00:00,2021-08-20 07:00:00,2021-08-21 07:00:00,1,prebreak,ok,0.0,upper_first,7.0,8232,1|2021-07-01,ok,0.1771941694689799,0.1335813693104243,1|recent|5309,recent,0.1771941694689799
2021-08-21 12:00:00,2021-08-21 12:00:00,2021-08-21 13:00:00,2021-08-22 13:00:00,1,prebreak,ok,0.0,neither,,8237,1|2021-07-01,ok,0.1771941694689799,0.1416256494529112,1|recent|5314,recent,0.1771941694689799
2021-08-22 18:00:00,2021-08-22 18:00:00,2021-08-22 19:00:00,2021-08-23 19:00:00,1,prebreak,ok,0.0,upper_first,6.0,8242,1|2021-07-01,ok,0.1771941694689799,0.1302424840268063,1|recent|5319,recent,0.1771941694689799
2021-08-24 00:00:00,2021-08-24 00:00:00,2021-08-24 01:00:00,2021-08-25 01:00:00,1,prebreak,ok,0.0,neither,,8247,1|2021-07-01,ok,0.1771941694689799,0.12680826438121603,1|recent|5324,recent,0.1771941694689799
2021-08-27 06:00:00,2021-08-27 06:00:00,2021-08-27 07:00:00,2021-08-28 07:00:00,1,prebreak,ok,0.0,upper_first,13.0,8260,1|2021-07-01,ok,0.1771941694689799,0.13724543035544015,1|recent|5337,recent,0.1771941694689799
2021-08-28 12:00:00,2021-08-28 12:00:00,2021-08-28 13:00:00,2021-08-29 13:00:00,1,prebreak,ok,0.0,neither,,8265,1|2021-07-01,ok,0.1771941694689799,0.12554893954639532,1|recent|5342,recent,0.1771941694689799
2021-08-29 18:00:00,2021-08-29 18:00:00,2021-08-29 19:00:00,2021-08-30 19:00:00,1,prebreak,ok,0.0,neither,,8270,1|2021-07-01,ok,0.1771941694689799,0.10377331686409552,1|recent|5347,recent,0.1771941694689799
2021-09-01 06:00:00,2021-09-01 06:00:00,2021-09-01 07:00:00,2021-09-02 07:00:00,1,prebreak,ok,0.0,upper_first,10.0,8280,1|2021-07-01,ok,0.1771941694689799,0.11554494621600299,1|recent|5357,recent,0.1771941694689799
2021-09-02 12:00:00,2021-09-02 12:00:00,2021-09-02 13:00:00,2021-09-03 13:00:00,1,prebreak,ok,0.0,neither,,8285,1|2021-07-01,ok,0.1771941694689799,0.1283234865187268,1|recent|5362,recent,0.1771941694689799
2021-09-03 18:00:00,2021-09-03 18:00:00,2021-09-03 19:00:00,2021-09-04 19:00:00,1,prebreak,ok,0.0,neither,,8290,1|2021-07-01,ok,0.1771941694689799,0.11930334033709586,1|recent|5367,recent,0.1771941694689799
2021-09-05 00:00:00,2021-09-05 00:00:00,2021-09-05 01:00:00,2021-09-06 01:00:00,1,prebreak,ok,0.0,upper_first,19.0,8295,1|2021-07-01,ok,0.1771941694689799,0.12980538628075242,1|recent|5372,recent,0.1771941694689799
2021-09-06 06:00:00,2021-09-06 06:00:00,2021-09-06 07:00:00,2021-09-07 07:00:00,1,prebreak,ok,0.0,neither,,8300,1|2021-07-01,ok,0.1771941694689799,0.10754033604359796,1|recent|5377,recent,0.1771941694689799
2021-09-07 12:00:00,2021-09-07 12:00:00,2021-09-07 13:00:00,2021-09-08 13:00:00,1,prebreak,ok,1.0,lower_first,1.0,8305,1|2021-07-01,ok,0.1771941694689799,0.12227459294336765,1|recent|5382,recent,0.1771941694689799
2021-09-08 18:00:00,2021-09-08 18:00:00,2021-09-08 19:00:00,2021-09-09 19:00:00,1,prebreak,ok,0.0,neither,,8310,1|2021-07-01,ok,0.1771941694689799,0.1930303937184573,1|recent|5387,recent,0.1771941694689799
2021-09-10 00:00:00,2021-09-10 00:00:00,2021-09-10 01:00:00,2021-09-11 01:00:00,1,prebreak,ok,1.0,lower_first,20.0,8315,1|2021-07-01,ok,0.1771941694689799,0.19652903133968114,1|recent|5392,recent,0.1771941694689799
2021-09-11 06:00:00,2021-09-11 06:00:00,2021-09-11 07:00:00,2021-09-12 07:00:00,1,prebreak,ok,0.0,neither,,8320,1|2021-07-01,ok,0.1771941694689799,0.14464167805397737,1|recent|5397,recent,0.1771941694689799
2021-09-12 12:00:00,2021-09-12 12:00:00,2021-09-12 13:00:00,2021-09-13 13:00:00,1,prebreak,ok,0.0,neither,,8325,1|2021-07-01,ok,0.1771941694689799,0.10828346760502862,1|recent|5402,recent,0.1771941694689799
2021-09-14 18:00:00,2021-09-14 18:00:00,2021-09-14 19:00:00,2021-09-15 19:00:00,1,prebreak,ok,0.0,upper_first,19.0,8334,1|2021-07-01,ok,0.1771941694689799,0.16729837921856583,1|recent|5411,recent,0.1771941694689799
2021-09-16 00:00:00,2021-09-16 00:00:00,2021-09-16 01:00:00,2021-09-17 01:00:00,1,prebreak,ok,0.0,neither,,8339,1|2021-07-01,ok,0.1771941694689799,0.1639370830540224,1|recent|5416,recent,0.1771941694689799
2021-09-17 06:00:00,2021-09-17 06:00:00,2021-09-17 07:00:00,2021-09-18 07:00:00,1,prebreak,ok,0.0,neither,,8344,1|2021-07-01,ok,0.1771941694689799,0.10974414171959997,1|recent|5421,recent,0.1771941694689799
2021-09-18 12:00:00,2021-09-18 12:00:00,2021-09-18 13:00:00,2021-09-19 13:00:00,1,prebreak,ok,0.0,neither,,8349,1|2021-07-01,ok,0.1771941694689799,0.13033702677282547,1|recent|5426,recent,0.1771941694689799
2021-09-19 18:00:00,2021-09-19 18:00:00,2021-09-19 19:00:00,2021-09-20 19:00:00,1,prebreak,ok,1.0,lower_first,8.0,8354,1|2021-07-01,ok,0.1771941694689799,0.12075600295803603,1|recent|5431,recent,0.1771941694689799
2021-09-22 06:00:00,2021-09-22 06:00:00,2021-09-22 07:00:00,2021-09-23 07:00:00,1,prebreak,ok,0.0,upper_first,11.0,8364,1|2021-07-01,ok,0.1771941694689799,0.18595071344529102,1|recent|5441,recent,0.1771941694689799
2021-09-23 12:00:00,2021-09-23 12:00:00,2021-09-23 13:00:00,2021-09-24 13:00:00,1,prebreak,ok,0.0,upper_first,4.0,8369,1|2021-07-01,ok,0.1771941694689799,0.19800736013387463,1|recent|5446,recent,0.1771941694689799
2021-09-24 18:00:00,2021-09-24 18:00:00,2021-09-24 19:00:00,2021-09-25 19:00:00,1,prebreak,ok,0.0,neither,,8374,1|2021-07-01,ok,0.1771941694689799,0.2026103233356504,1|recent|5451,recent,0.1771941694689799
2021-09-26 00:00:00,2021-09-26 00:00:00,2021-09-26 01:00:00,2021-09-27 01:00:00,1,prebreak,ok,0.0,upper_first,21.0,8379,1|2021-07-01,ok,0.1771941694689799,0.18356700066945777,1|recent|5456,recent,0.1771941694689799
2021-09-27 06:00:00,2021-09-27 06:00:00,2021-09-27 07:00:00,2021-09-28 07:00:00,1,prebreak,ok,0.0,neither,,8384,1|2021-07-01,ok,0.1771941694689799,0.182061954728536,1|recent|5461,recent,0.1771941694689799
2021-09-28 12:00:00,2021-09-28 12:00:00,2021-09-28 13:00:00,2021-09-29 13:00:00,1,prebreak,ok,0.0,neither,,8389,1|2021-07-01,ok,0.1771941694689799,0.15500884104689844,1|recent|5466,recent,0.1771941694689799
2021-09-29 18:00:00,2021-09-29 18:00:00,2021-09-29 19:00:00,2021-09-30 19:00:00,1,prebreak,ok,0.0,upper_first,6.0,8394,1|2021-07-01,ok,0.1771941694689799,0.16433715705160842,1|recent|5471,recent,0.1771941694689799
2021-10-01 00:00:00,2021-10-01 00:00:00,2021-10-01 01:00:00,2021-10-02 01:00:00,1,prebreak,ok,0.0,upper_first,9.0,8399,1|2021-10-01,ok,0.16687328042651034,0.1375099302566708,1|recent|5476,recent,0.16687328042651034
2021-10-02 06:00:00,2021-10-02 06:00:00,2021-10-02 07:00:00,2021-10-03 07:00:00,1,prebreak,ok,0.0,neither,,8404,1|2021-10-01,ok,0.16687328042651034,0.14334166659074446,1|recent|5481,recent,0.16687328042651034
2021-10-03 12:00:00,2021-10-03 12:00:00,2021-10-03 13:00:00,2021-10-04 13:00:00,1,prebreak,ok,0.0,neither,,8409,1|2021-10-01,ok,0.16687328042651034,0.13745596539583618,1|recent|5486,recent,0.16687328042651034
2021-10-04 18:00:00,2021-10-04 18:00:00,2021-10-04 19:00:00,2021-10-05 19:00:00,1,prebreak,ok,0.0,neither,,8414,1|2021-10-01,ok,0.16687328042651034,0.10652222339959032,1|recent|5491,recent,0.16687328042651034
2021-10-06 00:00:00,2021-10-06 00:00:00,2021-10-06 01:00:00,2021-10-07 01:00:00,1,prebreak,ok,0.0,upper_first,12.0,8419,1|2021-10-01,ok,0.16687328042651034,0.10452440402878047,1|recent|5496,recent,0.16687328042651034
2021-10-07 06:00:00,2021-10-07 06:00:00,2021-10-07 07:00:00,2021-10-08 07:00:00,1,prebreak,ok,0.0,neither,,8424,1|2021-10-01,ok,0.16687328042651034,0.1212251560424304,1|recent|5501,recent,0.16687328042651034
2021-10-08 12:00:00,2021-10-08 12:00:00,2021-10-08 13:00:00,2021-10-09 13:00:00,1,prebreak,ok,0.0,neither,,8429,1|2021-10-01,ok,0.16687328042651034,0.13359019696328936,1|recent|5506,recent,0.16687328042651034
2021-10-09 18:00:00,2021-10-09 18:00:00,2021-10-09 19:00:00,2021-10-10 19:00:00,1,prebreak,ok,0.0,neither,,8434,1|2021-10-01,ok,0.16687328042651034,0.13363707052123627,1|recent|5511,recent,0.16687328042651034
2021-10-11 00:00:00,2021-10-11 00:00:00,2021-10-11 01:00:00,2021-10-12 01:00:00,1,prebreak,ok,0.0,upper_first,6.0,8439,1|2021-10-01,ok,0.16687328042651034,0.1386361486565224,1|recent|5516,recent,0.16687328042651034
2021-10-12 06:00:00,2021-10-12 06:00:00,2021-10-12 07:00:00,2021-10-13 07:00:00,1,prebreak,ok,1.0,lower_first,13.0,8444,1|2021-10-01,ok,0.16687328042651034,0.10035293955347671,1|recent|5521,recent,0.16687328042651034
2021-10-13 12:00:00,2021-10-13 12:00:00,2021-10-13 13:00:00,2021-10-14 13:00:00,1,prebreak,ok,0.0,upper_first,3.0,8449,1|2021-10-01,ok,0.16687328042651034,0.12792036685603034,1|recent|5526,recent,0.16687328042651034
2021-10-14 18:00:00,2021-10-14 18:00:00,2021-10-14 19:00:00,2021-10-15 19:00:00,1,prebreak,ok,0.0,upper_first,10.0,8454,1|2021-10-01,ok,0.16687328042651034,0.12712652523963022,1|recent|5531,recent,0.16687328042651034
2021-10-16 00:00:00,2021-10-16 00:00:00,2021-10-16 01:00:00,2021-10-17 01:00:00,1,prebreak,ok,0.0,neither,,8459,1|2021-10-01,ok,0.16687328042651034,0.14351883988264427,1|recent|5536,recent,0.16687328042651034
2021-10-17 06:00:00,2021-10-17 06:00:00,2021-10-17 07:00:00,2021-10-18 07:00:00,1,prebreak,ok,0.0,upper_first,18.0,8464,1|2021-10-01,ok,0.16687328042651034,0.14772624641793833,1|recent|5541,recent,0.16687328042651034
2021-10-18 12:00:00,2021-10-18 12:00:00,2021-10-18 13:00:00,2021-10-19 13:00:00,1,prebreak,ok,0.0,upper_first,14.0,8469,1|2021-10-01,ok,0.16687328042651034,0.1638574165362477,1|recent|5546,recent,0.16687328042651034
2021-10-19 18:00:00,2021-10-19 18:00:00,2021-10-19 19:00:00,2021-10-20 19:00:00,1,prebreak,ok,0.0,upper_first,18.0,8474,1|2021-10-01,ok,0.16687328042651034,0.11782836335750045,1|recent|5551,recent,0.16687328042651034
2021-10-21 00:00:00,2021-10-21 00:00:00,2021-10-21 01:00:00,2021-10-22 01:00:00,1,prebreak,ok,1.0,lower_first,14.0,8479,1|2021-10-01,ok,0.16687328042651034,0.12072425152451176,1|recent|5556,recent,0.16687328042651034
2021-10-22 06:00:00,2021-10-22 06:00:00,2021-10-22 07:00:00,2021-10-23 07:00:00,1,prebreak,ok,0.0,neither,,8484,1|2021-10-01,ok,0.16687328042651034,0.13774944811064702,1|recent|5561,recent,0.16687328042651034
2021-10-23 18:00:00,2021-10-23 18:00:00,2021-10-23 19:00:00,2021-10-24 19:00:00,1,prebreak,ok,0.0,neither,,8490,1|2021-10-01,ok,0.16687328042651034,0.15392326884244187,1|recent|5567,recent,0.16687328042651034
2021-10-25 00:00:00,2021-10-25 00:00:00,2021-10-25 01:00:00,2021-10-26 01:00:00,1,prebreak,ok,0.0,upper_first,15.0,8495,1|2021-10-01,ok,0.16687328042651034,0.13782382447950997,1|recent|5572,recent,0.16687328042651034
2021-10-26 06:00:00,2021-10-26 06:00:00,2021-10-26 07:00:00,2021-10-27 07:00:00,1,prebreak,ok,0.0,neither,,8500,1|2021-10-01,ok,0.16687328042651034,0.12577341778260934,1|recent|5577,recent,0.16687328042651034
2021-10-28 12:00:00,2021-10-28 12:00:00,2021-10-28 13:00:00,2021-10-29 13:00:00,1,prebreak,ok,1.0,lower_first,5.0,8509,1|2021-10-01,ok,0.16687328042651034,0.12268483289887569,1|recent|5586,recent,0.16687328042651034
2021-10-29 18:00:00,2021-10-29 18:00:00,2021-10-29 19:00:00,2021-10-30 19:00:00,1,prebreak,ok,0.0,neither,,8514,1|2021-10-01,ok,0.16687328042651034,0.14669601769931406,1|recent|5591,recent,0.16687328042651034
2021-10-31 00:00:00,2021-10-31 00:00:00,2021-10-31 01:00:00,2021-11-01 01:00:00,1,prebreak,ok,0.0,neither,,8519,1|2021-10-01,ok,0.16687328042651034,0.13200257178985392,1|recent|5596,recent,0.16687328042651034
2021-11-02 06:00:00,2021-11-02 06:00:00,2021-11-02 07:00:00,2021-11-03 07:00:00,1,prebreak,ok,0.0,upper_first,7.0,8528,1|2021-10-01,ok,0.16687328042651034,0.12244750943455873,1|recent|5605,recent,0.16687328042651034
2021-11-03 12:00:00,2021-11-03 12:00:00,2021-11-03 13:00:00,2021-11-04 13:00:00,1,prebreak,ok,0.0,neither,,8533,1|2021-10-01,ok,0.16687328042651034,0.13782678883488497,1|recent|5610,recent,0.16687328042651034
2021-11-04 18:00:00,2021-11-04 18:00:00,2021-11-04 19:00:00,2021-11-05 19:00:00,1,prebreak,ok,0.0,upper_first,11.0,8538,1|2021-10-01,ok,0.16687328042651034,0.15260313846605164,1|recent|5615,recent,0.16687328042651034
2021-11-06 00:00:00,2021-11-06 00:00:00,2021-11-06 01:00:00,2021-11-07 01:00:00,1,prebreak,ok,0.0,neither,,8543,1|2021-10-01,ok,0.16687328042651034,0.12572262990183006,1|recent|5620,recent,0.16687328042651034
2021-11-07 06:00:00,2021-11-07 06:00:00,2021-11-07 07:00:00,2021-11-08 07:00:00,1,prebreak,ok,0.0,upper_first,17.0,8548,1|2021-10-01,ok,0.16687328042651034,0.10510758866283705,1|recent|5625,recent,0.16687328042651034
2021-11-08 12:00:00,2021-11-08 12:00:00,2021-11-08 13:00:00,2021-11-09 13:00:00,1,prebreak,ok,0.0,upper_first,13.0,8553,1|2021-10-01,ok,0.16687328042651034,0.08629751728231372,1|recent|5630,recent,0.16687328042651034
2021-11-09 18:00:00,2021-11-09 18:00:00,2021-11-09 19:00:00,2021-11-10 19:00:00,1,prebreak,ok,0.0,upper_first,19.0,8558,1|2021-10-01,ok,0.16687328042651034,0.11183135266341038,1|recent|5635,recent,0.16687328042651034
2021-11-11 00:00:00,2021-11-11 00:00:00,2021-11-11 01:00:00,2021-11-12 01:00:00,1,prebreak,ok,0.0,neither,,8563,1|2021-10-01,ok,0.16687328042651034,0.18055734952357627,1|recent|5640,recent,0.16687328042651034
2021-11-12 06:00:00,2021-11-12 06:00:00,2021-11-12 07:00:00,2021-11-13 07:00:00,1,prebreak,ok,0.0,neither,,8568,1|2021-10-01,ok,0.16687328042651034,0.1386347504669317,1|recent|5645,recent,0.16687328042651034
2021-11-13 12:00:00,2021-11-13 12:00:00,2021-11-13 13:00:00,2021-11-14 13:00:00,1,prebreak,ok,0.0,neither,,8573,1|2021-10-01,ok,0.16687328042651034,0.14688169044894053,1|recent|5650,recent,0.16687328042651034
2021-11-14 18:00:00,2021-11-14 18:00:00,2021-11-14 19:00:00,2021-11-15 19:00:00,1,prebreak,ok,0.0,upper_first,5.0,8578,1|2021-10-01,ok,0.16687328042651034,0.10478481443645399,1|recent|5655,recent,0.16687328042651034
2021-11-16 00:00:00,2021-11-16 00:00:00,2021-11-16 01:00:00,2021-11-17 01:00:00,1,prebreak,ok,1.0,lower_first,9.0,8583,1|2021-10-01,ok,0.16687328042651034,0.11811474145318887,1|recent|5660,recent,0.16687328042651034
2021-11-17 12:00:00,2021-11-17 12:00:00,2021-11-17 13:00:00,2021-11-18 13:00:00,1,prebreak,ok,0.0,neither,,8589,1|2021-10-01,ok,0.16687328042651034,0.14211556613476858,1|recent|5666,recent,0.16687328042651034
2021-11-20 06:00:00,2021-11-20 06:00:00,2021-11-20 07:00:00,2021-11-21 07:00:00,1,prebreak,ok,0.0,neither,,8600,1|2021-10-01,ok,0.16687328042651034,0.14745633644087602,1|recent|5677,recent,0.16687328042651034
2021-11-21 12:00:00,2021-11-21 12:00:00,2021-11-21 13:00:00,2021-11-22 13:00:00,1,prebreak,ok,0.0,neither,,8605,1|2021-10-01,ok,0.16687328042651034,0.14305316597942125,1|recent|5682,recent,0.16687328042651034
2021-11-22 18:00:00,2021-11-22 18:00:00,2021-11-22 19:00:00,2021-11-23 19:00:00,1,prebreak,ok,0.0,neither,,8610,1|2021-10-01,ok,0.16687328042651034,0.14275900635098226,1|recent|5687,recent,0.16687328042651034
2021-11-24 00:00:00,2021-11-24 00:00:00,2021-11-24 01:00:00,2021-11-25 01:00:00,1,prebreak,ok,0.0,neither,,8615,1|2021-10-01,ok,0.16687328042651034,0.1451447380537636,1|recent|5692,recent,0.16687328042651034
2021-11-25 06:00:00,2021-11-25 06:00:00,2021-11-25 07:00:00,2021-11-26 07:00:00,1,prebreak,ok,0.0,upper_first,8.0,8620,1|2021-10-01,ok,0.16687328042651034,0.15677752712302742,1|recent|5697,recent,0.16687328042651034
2021-11-27 12:00:00,2021-11-27 12:00:00,2021-11-27 13:00:00,2021-11-28 13:00:00,1,prebreak,ok,0.0,neither,,8629,1|2021-10-01,ok,0.16687328042651034,0.1468501676670231,1|recent|5706,recent,0.16687328042651034
2021-11-28 18:00:00,2021-11-28 18:00:00,2021-11-28 19:00:00,2021-11-29 19:00:00,1,prebreak,ok,0.0,upper_first,2.0,8634,1|2021-10-01,ok,0.16687328042651034,0.14577508460847882,1|recent|5711,recent,0.16687328042651034
2021-11-30 00:00:00,2021-11-30 00:00:00,2021-11-30 01:00:00,2021-12-01 01:00:00,1,prebreak,ok,0.0,neither,,8639,1|2021-10-01,ok,0.16687328042651034,0.13382439512944344,1|recent|5716,recent,0.16687328042651034
2021-12-01 06:00:00,2021-12-01 06:00:00,2021-12-01 07:00:00,2021-12-02 07:00:00,1,prebreak,ok,0.0,upper_first,7.0,8644,1|2021-10-01,ok,0.16687328042651034,0.15990583168994127,1|recent|5721,recent,0.16687328042651034
2021-12-02 12:00:00,2021-12-02 12:00:00,2021-12-02 13:00:00,2021-12-03 13:00:00,1,prebreak,ok,0.0,neither,,8649,1|2021-10-01,ok,0.16687328042651034,0.16771729530055748,1|recent|5726,recent,0.16687328042651034
2021-12-05 06:00:00,2021-12-05 06:00:00,2021-12-05 07:00:00,2021-12-06 07:00:00,1,prebreak,ok,0.0,neither,,8660,1|2021-10-01,ok,0.16687328042651034,0.15906372890099524,1|recent|5737,recent,0.16687328042651034
2021-12-06 12:00:00,2021-12-06 12:00:00,2021-12-06 13:00:00,2021-12-07 13:00:00,1,prebreak,ok,0.0,upper_first,8.0,8665,1|2021-10-01,ok,0.16687328042651034,0.17683905531520552,1|recent|5742,recent,0.16687328042651034
2021-12-07 18:00:00,2021-12-07 18:00:00,2021-12-07 19:00:00,2021-12-08 19:00:00,1,prebreak,ok,0.0,neither,,8670,1|2021-10-01,ok,0.16687328042651034,0.15511620647275454,1|recent|5747,recent,0.16687328042651034
2021-12-09 00:00:00,2021-12-09 00:00:00,2021-12-09 01:00:00,2021-12-10 01:00:00,1,prebreak,ok,1.0,lower_first,17.0,8675,1|2021-10-01,ok,0.16687328042651034,0.1563708338585183,1|recent|5752,recent,0.16687328042651034
2021-12-12 00:00:00,2021-12-12 00:00:00,2021-12-12 01:00:00,2021-12-13 01:00:00,1,prebreak,ok,0.0,neither,,8687,1|2021-10-01,ok,0.16687328042651034,0.13242921551084022,1|recent|5764,recent,0.16687328042651034
2021-12-13 06:00:00,2021-12-13 06:00:00,2021-12-13 07:00:00,2021-12-14 07:00:00,1,prebreak,ok,1.0,lower_first,12.0,8692,1|2021-10-01,ok,0.16687328042651034,0.13850075932131878,1|recent|5769,recent,0.16687328042651034
2021-12-14 12:00:00,2021-12-14 12:00:00,2021-12-14 13:00:00,2021-12-15 13:00:00,1,prebreak,ok,0.0,neither,,8697,1|2021-10-01,ok,0.16687328042651034,0.12371392409206972,1|recent|5774,recent,0.16687328042651034
2021-12-15 18:00:00,2021-12-15 18:00:00,2021-12-15 19:00:00,2021-12-16 19:00:00,1,prebreak,ok,0.0,upper_first,0.0,8702,1|2021-10-01,ok,0.16687328042651034,0.15210374664141885,1|recent|5779,recent,0.16687328042651034
2021-12-17 00:00:00,2021-12-17 00:00:00,2021-12-17 01:00:00,2021-12-18 01:00:00,1,prebreak,ok,0.0,neither,,8707,1|2021-10-01,ok,0.16687328042651034,0.1485288456995273,1|recent|5784,recent,0.16687328042651034
2021-12-18 18:00:00,2021-12-18 18:00:00,2021-12-18 19:00:00,2021-12-19 19:00:00,1,prebreak,ok,0.0,upper_first,19.0,8714,1|2021-10-01,ok,0.16687328042651034,0.1546054271914744,1|recent|5791,recent,0.16687328042651034
2021-12-20 00:00:00,2021-12-20 00:00:00,2021-12-20 01:00:00,2021-12-21 01:00:00,1,prebreak,ok,0.0,neither,,8719,1|2021-10-01,ok,0.16687328042651034,0.15210544872351178,1|recent|5796,recent,0.16687328042651034
2021-12-21 06:00:00,2021-12-21 06:00:00,2021-12-21 07:00:00,2021-12-22 07:00:00,1,prebreak,ok,0.0,neither,,8724,1|2021-10-01,ok,0.16687328042651034,0.12632591784882913,1|recent|5801,recent,0.16687328042651034
2021-12-22 12:00:00,2021-12-22 12:00:00,2021-12-22 13:00:00,2021-12-23 13:00:00,1,prebreak,ok,0.0,neither,,8729,1|2021-10-01,ok,0.16687328042651034,0.12612304704353297,1|recent|5806,recent,0.16687328042651034
2021-12-23 18:00:00,2021-12-23 18:00:00,2021-12-23 19:00:00,2021-12-24 19:00:00,1,prebreak,ok,0.0,neither,,8734,1|2021-10-01,ok,0.16687328042651034,0.08917359171564439,1|recent|5811,recent,0.16687328042651034
2021-12-25 00:00:00,2021-12-25 00:00:00,2021-12-25 01:00:00,2021-12-26 01:00:00,1,prebreak,ok,0.0,neither,,8739,1|2021-10-01,ok,0.16687328042651034,0.11145641701030524,1|recent|5816,recent,0.16687328042651034
2021-12-26 06:00:00,2021-12-26 06:00:00,2021-12-26 07:00:00,2021-12-27 07:00:00,1,prebreak,ok,0.0,neither,,8744,1|2021-10-01,ok,0.16687328042651034,0.10529632028202544,1|recent|5821,recent,0.16687328042651034
2021-12-27 12:00:00,2021-12-27 12:00:00,2021-12-27 13:00:00,2021-12-28 13:00:00,1,prebreak,ok,0.0,neither,,8749,1|2021-10-01,ok,0.16687328042651034,0.08666969965732874,1|recent|5826,recent,0.16687328042651034
2021-12-31 00:00:00,2021-12-31 00:00:00,2021-12-31 01:00:00,2022-01-01 01:00:00,1,prebreak,ok,0.0,upper_first,7.0,8763,1|2021-10-01,ok,0.16687328042651034,0.13395853168732522,1|recent|5840,recent,0.16687328042651034
2022-01-02 00:00:00,2022-01-02 00:00:00,2022-01-02 01:00:00,2022-01-03 01:00:00,1,prebreak,ok,0.0,neither,,8771,1|2022-01-01,ok,0.15963648810494918,0.13332107421081987,1|recent|5848,recent,0.15963648810494918
2022-01-03 06:00:00,2022-01-03 06:00:00,2022-01-03 07:00:00,2022-01-04 07:00:00,1,prebreak,ok,0.0,neither,,8776,1|2022-01-01,ok,0.15963648810494918,0.13245365188368227,1|recent|5853,recent,0.15963648810494918
2022-01-04 12:00:00,2022-01-04 12:00:00,2022-01-04 13:00:00,2022-01-05 13:00:00,1,prebreak,ok,0.0,neither,,8781,1|2022-01-01,ok,0.15963648810494918,0.09523739479807171,1|recent|5858,recent,0.15963648810494918
2022-01-05 18:00:00,2022-01-05 18:00:00,2022-01-05 19:00:00,2022-01-06 19:00:00,1,prebreak,ok,1.0,lower_first,2.0,8786,1|2022-01-01,ok,0.15963648810494918,0.12280445880733679,1|recent|5863,recent,0.15963648810494918
2022-01-07 00:00:00,2022-01-07 00:00:00,2022-01-07 01:00:00,2022-01-08 01:00:00,1,prebreak,ok,1.0,lower_first,14.0,8791,1|2022-01-01,ok,0.15963648810494918,0.143686920952436,1|recent|5868,recent,0.15963648810494918
2022-01-08 06:00:00,2022-01-08 06:00:00,2022-01-08 07:00:00,2022-01-09 07:00:00,1,prebreak,ok,0.0,neither,,8796,1|2022-01-01,ok,0.15963648810494918,0.15708564023445318,1|recent|5873,recent,0.15963648810494918
2022-01-09 12:00:00,2022-01-09 12:00:00,2022-01-09 13:00:00,2022-01-10 13:00:00,1,prebreak,ok,0.0,neither,,8801,1|2022-01-01,ok,0.15963648810494918,0.1469462441996936,1|recent|5878,recent,0.15963648810494918
2022-01-10 18:00:00,2022-01-10 18:00:00,2022-01-10 19:00:00,2022-01-11 19:00:00,1,prebreak,ok,0.0,upper_first,21.0,8806,1|2022-01-01,ok,0.15963648810494918,0.13245796792014175,1|recent|5883,recent,0.15963648810494918
2022-01-12 00:00:00,2022-01-12 00:00:00,2022-01-12 01:00:00,2022-01-13 01:00:00,1,prebreak,ok,0.0,upper_first,12.0,8811,1|2022-01-01,ok,0.15963648810494918,0.13143626220563778,1|recent|5888,recent,0.15963648810494918
2022-01-13 06:00:00,2022-01-13 06:00:00,2022-01-13 07:00:00,2022-01-14 07:00:00,1,prebreak,ok,0.0,neither,,8816,1|2022-01-01,ok,0.15963648810494918,0.12161524056469121,1|recent|5893,recent,0.15963648810494918
2022-01-14 12:00:00,2022-01-14 12:00:00,2022-01-14 13:00:00,2022-01-15 13:00:00,1,prebreak,ok,0.0,upper_first,2.0,8821,1|2022-01-01,ok,0.15963648810494918,0.130641513996095,1|recent|5898,recent,0.15963648810494918
2022-01-15 18:00:00,2022-01-15 18:00:00,2022-01-15 19:00:00,2022-01-16 19:00:00,1,prebreak,ok,0.0,neither,,8826,1|2022-01-01,ok,0.15963648810494918,0.10409664249539817,1|recent|5903,recent,0.15963648810494918
2022-01-17 00:00:00,2022-01-17 00:00:00,2022-01-17 01:00:00,2022-01-18 01:00:00,1,prebreak,ok,0.0,neither,,8831,1|2022-01-01,ok,0.15963648810494918,0.09517520242194731,1|recent|5908,recent,0.15963648810494918
2022-01-19 00:00:00,2022-01-19 00:00:00,2022-01-19 01:00:00,2022-01-20 01:00:00,1,prebreak,ok,0.0,neither,,8839,1|2022-01-01,ok,0.15963648810494918,0.08914842358006736,1|recent|5916,recent,0.15963648810494918
2022-01-20 12:00:00,2022-01-20 12:00:00,2022-01-20 13:00:00,2022-01-21 13:00:00,1,prebreak,ok,0.0,upper_first,2.0,8845,1|2022-01-01,ok,0.15963648810494918,0.11410379287101402,1|recent|5922,recent,0.15963648810494918
2022-01-23 12:00:00,2022-01-23 12:00:00,2022-01-23 13:00:00,2022-01-24 13:00:00,1,prebreak,ok,1.0,lower_first,21.0,8857,1|2022-01-01,ok,0.15963648810494918,0.21176192259619364,1|recent|5934,recent,0.15963648810494918
2022-01-25 12:00:00,2022-01-25 12:00:00,2022-01-25 13:00:00,2022-01-26 13:00:00,1,prebreak,ok,0.0,upper_first,15.0,8865,1|2022-01-01,ok,0.15963648810494918,0.1982369278369009,1|recent|5942,recent,0.15963648810494918
2022-01-26 18:00:00,2022-01-26 18:00:00,2022-01-26 19:00:00,2022-01-27 19:00:00,1,prebreak,ok,1.0,lower_first,6.0,8870,1|2022-01-01,ok,0.15963648810494918,0.1816779310488551,1|recent|5947,recent,0.15963648810494918
2022-01-28 00:00:00,2022-01-28 00:00:00,2022-01-28 01:00:00,2022-01-29 01:00:00,1,prebreak,ok,0.0,neither,,8875,1|2022-01-01,ok,0.15963648810494918,0.16394318367131555,1|recent|5952,recent,0.15963648810494918
2022-01-29 06:00:00,2022-01-29 06:00:00,2022-01-29 07:00:00,2022-01-30 07:00:00,1,prebreak,ok,0.0,neither,,8880,1|2022-01-01,ok,0.15963648810494918,0.1648685531432695,1|recent|5957,recent,0.15963648810494918
2022-01-30 12:00:00,2022-01-30 12:00:00,2022-01-30 13:00:00,2022-01-31 13:00:00,1,prebreak,ok,0.0,neither,,8885,1|2022-01-01,ok,0.15963648810494918,0.13373795078325143,1|recent|5962,recent,0.15963648810494918
2022-01-31 18:00:00,2022-01-31 18:00:00,2022-01-31 19:00:00,2022-02-01 19:00:00,1,prebreak,ok,0.0,neither,,8890,1|2022-01-01,ok,0.15963648810494918,0.1153724633660801,1|recent|5967,recent,0.15963648810494918
2022-02-02 00:00:00,2022-02-02 00:00:00,2022-02-02 01:00:00,2022-02-03 01:00:00,1,prebreak,ok,1.0,lower_first,20.0,8895,1|2022-01-01,ok,0.15963648810494918,0.12074581288627285,1|recent|5972,recent,0.15963648810494918
2022-02-03 06:00:00,2022-02-03 06:00:00,2022-02-03 07:00:00,2022-02-04 07:00:00,1,prebreak,ok,0.0,neither,,8900,1|2022-01-01,ok,0.15963648810494918,0.12339175664133811,1|recent|5977,recent,0.15963648810494918
2022-02-04 12:00:00,2022-02-04 12:00:00,2022-02-04 13:00:00,2022-02-05 13:00:00,1,prebreak,ok,0.0,upper_first,2.0,8905,1|2022-01-01,ok,0.15963648810494918,0.129534420171532,1|recent|5982,recent,0.15963648810494918
2022-02-05 18:00:00,2022-02-05 18:00:00,2022-02-05 19:00:00,2022-02-06 19:00:00,1,prebreak,ok,0.0,neither,,8910,1|2022-01-01,ok,0.15963648810494918,0.1436491445963407,1|recent|5987,recent,0.15963648810494918
2022-02-07 00:00:00,2022-02-07 00:00:00,2022-02-07 01:00:00,2022-02-08 01:00:00,1,prebreak,ok,0.0,upper_first,13.0,8915,1|2022-01-01,ok,0.15963648810494918,0.12016077127286454,1|recent|5992,recent,0.15963648810494918
2022-02-08 06:00:00,2022-02-08 06:00:00,2022-02-08 07:00:00,2022-02-09 07:00:00,1,prebreak,ok,0.0,neither,,8920,1|2022-01-01,ok,0.15963648810494918,0.09288790079322697,1|recent|5997,recent,0.15963648810494918
2022-02-09 12:00:00,2022-02-09 12:00:00,2022-02-09 13:00:00,2022-02-10 13:00:00,1,prebreak,ok,0.0,neither,,8925,1|2022-01-01,ok,0.15963648810494918,0.14049097392417242,1|recent|6002,recent,0.15963648810494918
2022-02-10 18:00:00,2022-02-10 18:00:00,2022-02-10 19:00:00,2022-02-11 19:00:00,1,prebreak,ok,1.0,lower_first,5.0,8930,1|2022-01-01,ok,0.15963648810494918,0.1458581269751546,1|recent|6007,recent,0.15963648810494918
2022-02-12 00:00:00,2022-02-12 00:00:00,2022-02-12 01:00:00,2022-02-13 01:00:00,1,prebreak,ok,0.0,neither,,8935,1|2022-01-01,ok,0.15963648810494918,0.16084585970397924,1|recent|6012,recent,0.15963648810494918
2022-02-13 06:00:00,2022-02-13 06:00:00,2022-02-13 07:00:00,2022-02-14 07:00:00,1,prebreak,ok,0.0,neither,,8940,1|2022-01-01,ok,0.15963648810494918,0.15921345835135473,1|recent|6017,recent,0.15963648810494918
2022-02-15 06:00:00,2022-02-15 06:00:00,2022-02-15 07:00:00,2022-02-16 07:00:00,1,prebreak,ok,0.0,neither,,8948,1|2022-01-01,ok,0.15963648810494918,0.10915168929044532,1|recent|6025,recent,0.15963648810494918
2022-02-16 12:00:00,2022-02-16 12:00:00,2022-02-16 13:00:00,2022-02-17 13:00:00,1,prebreak,ok,0.0,neither,,8953,1|2022-01-01,ok,0.15963648810494918,0.10462020231679503,1|recent|6030,recent,0.15963648810494918
2022-02-17 18:00:00,2022-02-17 18:00:00,2022-02-17 19:00:00,2022-02-18 19:00:00,1,prebreak,ok,0.0,neither,,8958,1|2022-01-01,ok,0.15963648810494918,0.13972496177383267,1|recent|6035,recent,0.15963648810494918
2022-02-19 00:00:00,2022-02-19 00:00:00,2022-02-19 01:00:00,2022-02-20 01:00:00,1,prebreak,ok,0.0,neither,,8963,1|2022-01-01,ok,0.15963648810494918,0.12844220254804997,1|recent|6040,recent,0.15963648810494918
2022-02-23 06:00:00,2022-02-23 06:00:00,2022-02-23 07:00:00,2022-02-24 07:00:00,1,prebreak,ok,0.0,upper_first,6.0,8980,1|2022-01-01,ok,0.15963648810494918,0.18337254984866855,1|recent|6057,recent,0.15963648810494918
2022-02-25 06:00:00,2022-02-25 06:00:00,2022-02-25 07:00:00,2022-02-26 07:00:00,1,prebreak,ok,0.0,upper_first,17.0,8988,1|2022-01-01,ok,0.15963648810494918,0.1771316708987049,1|recent|6065,recent,0.15963648810494918
2022-02-26 12:00:00,2022-02-26 12:00:00,2022-02-26 13:00:00,2022-02-27 13:00:00,1,prebreak,ok,0.0,neither,,8993,1|2022-01-01,ok,0.15963648810494918,0.17726906929151634,1|recent|6070,recent,0.15963648810494918
2022-02-27 18:00:00,2022-02-27 18:00:00,2022-02-27 19:00:00,2022-02-28 19:00:00,1,prebreak,ok,0.0,upper_first,20.0,8998,1|2022-01-01,ok,0.15963648810494918,0.16236802693161867,1|recent|6075,recent,0.15963648810494918
2022-03-01 00:00:00,2022-03-01 00:00:00,2022-03-01 01:00:00,2022-03-02 01:00:00,1,prebreak,ok,0.0,upper_first,12.0,9003,1|2022-01-01,ok,0.15963648810494918,0.17845633726552207,1|recent|6080,recent,0.15963648810494918
2022-03-02 06:00:00,2022-03-02 06:00:00,2022-03-02 07:00:00,2022-03-03 07:00:00,1,prebreak,ok,0.0,upper_first,8.0,9008,1|2022-01-01,ok,0.15963648810494918,0.17861677476698154,1|recent|6085,recent,0.15963648810494918
2022-03-03 12:00:00,2022-03-03 12:00:00,2022-03-03 13:00:00,2022-03-04 13:00:00,1,prebreak,ok,1.0,lower_first,12.0,9013,1|2022-01-01,ok,0.15963648810494918,0.17756169351793916,1|recent|6090,recent,0.15963648810494918
2022-03-06 00:00:00,2022-03-06 00:00:00,2022-03-06 01:00:00,2022-03-07 01:00:00,1,prebreak,ok,0.0,neither,,9023,1|2022-01-01,ok,0.15963648810494918,0.13559612075335978,1|recent|6100,recent,0.15963648810494918
2022-03-09 00:00:00,2022-03-09 00:00:00,2022-03-09 01:00:00,2022-03-10 01:00:00,1,prebreak,ok,0.0,upper_first,2.0,9035,1|2022-01-01,ok,0.15963648810494918,0.14519929817012342,1|recent|6112,recent,0.15963648810494918
2022-03-10 06:00:00,2022-03-10 06:00:00,2022-03-10 07:00:00,2022-03-11 07:00:00,1,prebreak,ok,0.0,neither,,9040,1|2022-01-01,ok,0.15963648810494918,0.20194795320604847,1|recent|6117,recent,0.15963648810494918
2022-03-11 12:00:00,2022-03-11 12:00:00,2022-03-11 13:00:00,2022-03-12 13:00:00,1,prebreak,ok,0.0,neither,,9045,1|2022-01-01,ok,0.15963648810494918,0.16860750149654805,1|recent|6122,recent,0.15963648810494918
2022-03-12 18:00:00,2022-03-12 18:00:00,2022-03-12 19:00:00,2022-03-13 19:00:00,1,prebreak,ok,0.0,neither,,9050,1|2022-01-01,ok,0.15963648810494918,0.15992452126988124,1|recent|6127,recent,0.15963648810494918
2022-03-15 00:00:00,2022-03-15 00:00:00,2022-03-15 01:00:00,2022-03-16 01:00:00,1,prebreak,ok,0.0,neither,,9059,1|2022-01-01,ok,0.15963648810494918,0.10187136542944167,1|recent|6136,recent,0.15963648810494918
2022-03-16 06:00:00,2022-03-16 06:00:00,2022-03-16 07:00:00,2022-03-17 07:00:00,1,prebreak,ok,0.0,upper_first,7.0,9064,1|2022-01-01,ok,0.15963648810494918,0.17562162589315294,1|recent|6141,recent,0.15963648810494918
2022-03-17 12:00:00,2022-03-17 12:00:00,2022-03-17 13:00:00,2022-03-18 13:00:00,1,prebreak,ok,0.0,neither,,9069,1|2022-01-01,ok,0.15963648810494918,0.17730098038929035,1|recent|6146,recent,0.15963648810494918
2022-03-18 18:00:00,2022-03-18 18:00:00,2022-03-18 19:00:00,2022-03-19 19:00:00,1,prebreak,ok,0.0,neither,,9074,1|2022-01-01,ok,0.15963648810494918,0.16537876939520407,1|recent|6151,recent,0.15963648810494918
2022-03-20 00:00:00,2022-03-20 00:00:00,2022-03-20 01:00:00,2022-03-21 01:00:00,1,prebreak,ok,0.0,neither,,9079,1|2022-01-01,ok,0.15963648810494918,0.08989165462252988,1|recent|6156,recent,0.15963648810494918
2022-03-21 06:00:00,2022-03-21 06:00:00,2022-03-21 07:00:00,2022-03-22 07:00:00,1,prebreak,ok,0.0,upper_first,20.0,9084,1|2022-01-01,ok,0.15963648810494918,0.08622492042882324,1|recent|6161,recent,0.15963648810494918
2022-03-22 12:00:00,2022-03-22 12:00:00,2022-03-22 13:00:00,2022-03-23 13:00:00,1,prebreak,ok,0.0,neither,,9089,1|2022-01-01,ok,0.15963648810494918,0.10411972180910241,1|recent|6166,recent,0.15963648810494918
2022-03-23 18:00:00,2022-03-23 18:00:00,2022-03-23 19:00:00,2022-03-24 19:00:00,1,prebreak,ok,0.0,upper_first,11.0,9094,1|2022-01-01,ok,0.15963648810494918,0.12574451767541808,1|recent|6171,recent,0.15963648810494918
2022-03-25 00:00:00,2022-03-25 00:00:00,2022-03-25 01:00:00,2022-03-26 01:00:00,1,prebreak,ok,0.0,neither,,9099,1|2022-01-01,ok,0.15963648810494918,0.11553309160243487,1|recent|6176,recent,0.15963648810494918
2022-03-26 06:00:00,2022-03-26 06:00:00,2022-03-26 07:00:00,2022-03-27 07:00:00,1,prebreak,ok,0.0,neither,,9104,1|2022-01-01,ok,0.15963648810494918,0.09469298307332093,1|recent|6181,recent,0.15963648810494918
2022-03-27 12:00:00,2022-03-27 12:00:00,2022-03-27 13:00:00,2022-03-28 13:00:00,1,prebreak,ok,0.0,upper_first,7.0,9109,1|2022-01-01,ok,0.15963648810494918,0.08268870521434564,1|recent|6186,recent,0.15963648810494918
2022-03-28 18:00:00,2022-03-28 18:00:00,2022-03-28 19:00:00,2022-03-29 19:00:00,1,prebreak,ok,0.0,neither,,9114,1|2022-01-01,ok,0.15963648810494918,0.08603942173863384,1|recent|6191,recent,0.15963648810494918
2022-03-30 00:00:00,2022-03-30 00:00:00,2022-03-30 01:00:00,2022-03-31 01:00:00,1,prebreak,ok,0.0,neither,,9119,1|2022-01-01,ok,0.15963648810494918,0.1045807250142034,1|recent|6196,recent,0.15963648810494918
2022-03-31 06:00:00,2022-03-31 06:00:00,2022-03-31 07:00:00,2022-04-01 07:00:00,1,prebreak,ok,1.0,lower_first,19.0,9124,1|2022-01-01,ok,0.15963648810494918,0.10344718447601169,1|recent|6201,recent,0.15963648810494918
2022-04-02 06:00:00,2022-04-02 06:00:00,2022-04-02 07:00:00,2022-04-03 07:00:00,1,prebreak,ok,0.0,neither,,9132,1|2022-04-01,ok,0.15231488551188055,0.11745604752360632,1|recent|6209,recent,0.15231488551188055
2022-04-03 12:00:00,2022-04-03 12:00:00,2022-04-03 13:00:00,2022-04-04 13:00:00,1,prebreak,ok,0.0,neither,,9137,1|2022-04-01,ok,0.15231488551188055,0.12220747383989983,1|recent|6214,recent,0.15231488551188055
2022-04-05 18:00:00,2022-04-05 18:00:00,2022-04-05 19:00:00,2022-04-06 19:00:00,1,prebreak,ok,1.0,lower_first,21.0,9146,1|2022-04-01,ok,0.15231488551188055,0.11439402549626747,1|recent|6223,recent,0.15231488551188055
2022-04-08 06:00:00,2022-04-08 06:00:00,2022-04-08 07:00:00,2022-04-09 07:00:00,1,prebreak,ok,0.0,neither,,9156,1|2022-04-01,ok,0.15231488551188055,0.1020041066001821,1|recent|6233,recent,0.15231488551188055
2022-04-10 00:00:00,2022-04-10 00:00:00,2022-04-10 01:00:00,2022-04-11 01:00:00,1,prebreak,ok,0.0,neither,,9163,1|2022-04-01,ok,0.15231488551188055,0.10748205305864995,1|recent|6240,recent,0.15231488551188055
2022-04-11 06:00:00,2022-04-11 06:00:00,2022-04-11 07:00:00,2022-04-12 07:00:00,1,prebreak,ok,1.0,lower_first,12.0,9168,1|2022-04-01,ok,0.15231488551188055,0.11071173730850108,1|recent|6245,recent,0.15231488551188055
2022-04-13 00:00:00,2022-04-13 00:00:00,2022-04-13 01:00:00,2022-04-14 01:00:00,1,prebreak,ok,0.0,upper_first,14.0,9175,1|2022-04-01,ok,0.15231488551188055,0.12151051933247008,1|recent|6252,recent,0.15231488551188055
2022-04-14 06:00:00,2022-04-14 06:00:00,2022-04-14 07:00:00,2022-04-15 07:00:00,1,prebreak,ok,0.0,neither,,9180,1|2022-04-01,ok,0.15231488551188055,0.12906034670785155,1|recent|6257,recent,0.15231488551188055
2022-04-15 12:00:00,2022-04-15 12:00:00,2022-04-15 13:00:00,2022-04-16 13:00:00,1,prebreak,ok,0.0,neither,,9185,1|2022-04-01,ok,0.15231488551188055,0.121322213617533,1|recent|6262,recent,0.15231488551188055
2022-04-16 18:00:00,2022-04-16 18:00:00,2022-04-16 19:00:00,2022-04-17 19:00:00,1,prebreak,ok,0.0,neither,,9190,1|2022-04-01,ok,0.15231488551188055,0.09984646553793138,1|recent|6267,recent,0.15231488551188055
2022-04-19 06:00:00,2022-04-19 06:00:00,2022-04-19 07:00:00,2022-04-20 07:00:00,1,prebreak,ok,0.0,neither,,9200,1|2022-04-01,ok,0.15231488551188055,0.10975129742754296,1|recent|6277,recent,0.15231488551188055
2022-04-20 12:00:00,2022-04-20 12:00:00,2022-04-20 13:00:00,2022-04-21 13:00:00,1,prebreak,ok,0.0,neither,,9205,1|2022-04-01,ok,0.15231488551188055,0.09478928515725898,1|recent|6282,recent,0.15231488551188055
2022-04-21 18:00:00,2022-04-21 18:00:00,2022-04-21 19:00:00,2022-04-22 19:00:00,1,prebreak,ok,1.0,lower_first,20.0,9210,1|2022-04-01,ok,0.15231488551188055,0.11646575779613164,1|recent|6287,recent,0.15231488551188055
2022-04-23 18:00:00,2022-04-23 18:00:00,2022-04-23 19:00:00,2022-04-24 19:00:00,1,prebreak,ok,0.0,neither,,9218,1|2022-04-01,ok,0.15231488551188055,0.10362933288078824,1|recent|6295,recent,0.15231488551188055
2022-04-25 00:00:00,2022-04-25 00:00:00,2022-04-25 01:00:00,2022-04-26 01:00:00,1,prebreak,ok,0.0,upper_first,17.0,9223,1|2022-04-01,ok,0.15231488551188055,0.08192696651323601,1|recent|6300,recent,0.15231488551188055
2022-04-26 12:00:00,2022-04-26 12:00:00,2022-04-26 13:00:00,2022-04-27 13:00:00,1,prebreak,ok,1.0,lower_first,4.0,9229,1|2022-04-01,ok,0.15231488551188055,0.09161426259161869,1|recent|6306,recent,0.15231488551188055
2022-04-27 18:00:00,2022-04-27 18:00:00,2022-04-27 19:00:00,2022-04-28 19:00:00,1,prebreak,ok,0.0,upper_first,20.0,9234,1|2022-04-01,ok,0.15231488551188055,0.1303184337007784,1|recent|6311,recent,0.15231488551188055
2022-04-29 00:00:00,2022-04-29 00:00:00,2022-04-29 01:00:00,2022-04-30 01:00:00,1,prebreak,ok,0.0,neither,,9239,1|2022-04-01,ok,0.15231488551188055,0.11972832901145568,1|recent|6316,recent,0.15231488551188055
2022-04-30 06:00:00,2022-04-30 06:00:00,2022-04-30 07:00:00,2022-05-01 07:00:00,1,prebreak,ok,0.0,neither,,9244,1|2022-04-01,ok,0.15231488551188055,0.11954230826603966,1|recent|6321,recent,0.15231488551188055
2022-05-02 00:00:00,2022-05-02 00:00:00,2022-05-02 01:00:00,2022-05-03 01:00:00,1,prebreak,ok,0.0,neither,,9251,1|2022-04-01,ok,0.15231488551188055,0.1011073817484902,1|recent|6328,recent,0.15231488551188055
2022-05-03 06:00:00,2022-05-03 06:00:00,2022-05-03 07:00:00,2022-05-04 07:00:00,1,prebreak,ok,0.0,neither,,9256,1|2022-04-01,ok,0.15231488551188055,0.10453579145221567,1|recent|6333,recent,0.15231488551188055
2022-05-04 12:00:00,2022-05-04 12:00:00,2022-05-04 13:00:00,2022-05-05 13:00:00,1,prebreak,ok,0.0,neither,,9261,1|2022-04-01,ok,0.15231488551188055,0.09205761916980724,1|recent|6338,recent,0.15231488551188055
2022-05-07 00:00:00,2022-05-07 00:00:00,2022-05-07 01:00:00,2022-05-08 01:00:00,1,prebreak,ok,0.0,neither,,9271,1|2022-04-01,ok,0.15231488551188055,0.14464164570355778,1|recent|6348,recent,0.15231488551188055
2022-05-11 00:00:00,2022-05-11 00:00:00,2022-05-11 01:00:00,2022-05-12 01:00:00,1,prebreak,ok,0.0,upper_first,9.0,9287,1|2022-04-01,ok,0.15231488551188055,0.20432684187858338,1|recent|6364,recent,0.15231488551188055
2022-05-13 12:00:00,2022-05-13 12:00:00,2022-05-13 13:00:00,2022-05-14 13:00:00,1,prebreak,ok,1.0,lower_first,10.0,9297,1|2022-04-01,ok,0.15231488551188055,0.29076502769008755,1|recent|6374,recent,0.15231488551188055
2022-05-14 18:00:00,2022-05-14 18:00:00,2022-05-14 19:00:00,2022-05-15 19:00:00,1,prebreak,ok,0.0,upper_first,17.0,9302,1|2022-04-01,ok,0.15231488551188055,0.23531205109892114,1|recent|6379,recent,0.15231488551188055
2022-05-16 00:00:00,2022-05-16 00:00:00,2022-05-16 01:00:00,2022-05-17 01:00:00,1,prebreak,ok,1.0,lower_first,5.0,9307,1|2022-04-01,ok,0.15231488551188055,0.13803256018536075,1|recent|6384,recent,0.15231488551188055
2022-05-17 06:00:00,2022-05-17 06:00:00,2022-05-17 07:00:00,2022-05-18 07:00:00,1,prebreak,ok,0.0,neither,,9312,1|2022-04-01,ok,0.15231488551188055,0.15072795530822417,1|recent|6389,recent,0.15231488551188055
2022-05-18 12:00:00,2022-05-18 12:00:00,2022-05-18 13:00:00,2022-05-19 13:00:00,1,prebreak,ok,0.0,neither,,9317,1|2022-04-01,ok,0.15231488551188055,0.16595601845896363,1|recent|6394,recent,0.15231488551188055
2022-05-20 00:00:00,2022-05-20 00:00:00,2022-05-20 01:00:00,2022-05-21 01:00:00,1,prebreak,ok,1.0,lower_first,15.0,9323,1|2022-04-01,ok,0.15231488551188055,0.1324596976984844,1|recent|6400,recent,0.15231488551188055
2022-05-21 06:00:00,2022-05-21 06:00:00,2022-05-21 07:00:00,2022-05-22 07:00:00,1,prebreak,ok,0.0,neither,,9328,1|2022-04-01,ok,0.15231488551188055,0.14351118433146645,1|recent|6405,recent,0.15231488551188055
2022-05-22 12:00:00,2022-05-22 12:00:00,2022-05-22 13:00:00,2022-05-23 13:00:00,1,prebreak,ok,0.0,neither,,9333,1|2022-04-01,ok,0.15231488551188055,0.13428417690925337,1|recent|6410,recent,0.15231488551188055
2022-05-23 18:00:00,2022-05-23 18:00:00,2022-05-23 19:00:00,2022-05-24 19:00:00,1,prebreak,ok,0.0,neither,,9338,1|2022-04-01,ok,0.15231488551188055,0.08646057687888946,1|recent|6415,recent,0.15231488551188055
2022-05-25 00:00:00,2022-05-25 00:00:00,2022-05-25 01:00:00,2022-05-26 01:00:00,1,prebreak,ok,0.0,neither,,9343,1|2022-04-01,ok,0.15231488551188055,0.11442098380774633,1|recent|6420,recent,0.15231488551188055
2022-05-26 06:00:00,2022-05-26 06:00:00,2022-05-26 07:00:00,2022-05-27 07:00:00,1,prebreak,ok,1.0,lower_first,6.0,9348,1|2022-04-01,ok,0.15231488551188055,0.11872855372622908,1|recent|6425,recent,0.15231488551188055
2022-05-27 12:00:00,2022-05-27 12:00:00,2022-05-27 13:00:00,2022-05-28 13:00:00,1,prebreak,ok,0.0,neither,,9353,1|2022-04-01,ok,0.15231488551188055,0.12145881058493728,1|recent|6430,recent,0.15231488551188055
2022-05-28 18:00:00,2022-05-28 18:00:00,2022-05-28 19:00:00,2022-05-29 19:00:00,1,prebreak,ok,0.0,neither,,9358,1|2022-04-01,ok,0.15231488551188055,0.13230754531910502,1|recent|6435,recent,0.15231488551188055
2022-05-30 00:00:00,2022-05-30 00:00:00,2022-05-30 01:00:00,2022-05-31 01:00:00,1,prebreak,ok,0.0,upper_first,1.0,9363,1|2022-04-01,ok,0.15231488551188055,0.09720843837086629,1|recent|6440,recent,0.15231488551188055
2022-05-31 06:00:00,2022-05-31 06:00:00,2022-05-31 07:00:00,2022-06-01 07:00:00,1,prebreak,ok,0.0,neither,,9368,1|2022-04-01,ok,0.15231488551188055,0.08606181428864275,1|recent|6445,recent,0.15231488551188055
2022-06-01 12:00:00,2022-06-01 12:00:00,2022-06-01 13:00:00,2022-06-02 13:00:00,1,prebreak,ok,1.0,lower_first,4.0,9373,1|2022-04-01,ok,0.15231488551188055,0.10508769303630479,1|recent|6450,recent,0.15231488551188055
2022-06-02 18:00:00,2022-06-02 18:00:00,2022-06-02 19:00:00,2022-06-03 19:00:00,1,prebreak,ok,0.0,neither,,9378,1|2022-04-01,ok,0.15231488551188055,0.12999136098779654,1|recent|6455,recent,0.15231488551188055
2022-06-04 00:00:00,2022-06-04 00:00:00,2022-06-04 01:00:00,2022-06-05 01:00:00,1,prebreak,ok,0.0,neither,,9383,1|2022-04-01,ok,0.15231488551188055,0.11450285657672868,1|recent|6460,recent,0.15231488551188055
2022-06-05 06:00:00,2022-06-05 06:00:00,2022-06-05 07:00:00,2022-06-06 07:00:00,1,prebreak,ok,0.0,upper_first,18.0,9388,1|2022-04-01,ok,0.15231488551188055,0.08877718173866901,1|recent|6465,recent,0.15231488551188055
2022-06-06 12:00:00,2022-06-06 12:00:00,2022-06-06 13:00:00,2022-06-07 13:00:00,1,prebreak,ok,1.0,lower_first,12.0,9393,1|2022-04-01,ok,0.15231488551188055,0.08491828071767317,1|recent|6470,recent,0.15231488551188055
2022-06-07 18:00:00,2022-06-07 18:00:00,2022-06-07 19:00:00,2022-06-08 19:00:00,1,prebreak,ok,0.0,upper_first,0.0,9398,1|2022-04-01,ok,0.15231488551188055,0.1350403323776151,1|recent|6475,recent,0.15231488551188055
2022-06-09 00:00:00,2022-06-09 00:00:00,2022-06-09 01:00:00,2022-06-10 01:00:00,1,prebreak,ok,0.0,neither,,9403,1|2022-04-01,ok,0.15231488551188055,0.18019368064522132,1|recent|6480,recent,0.15231488551188055
2022-06-10 06:00:00,2022-06-10 06:00:00,2022-06-10 07:00:00,2022-06-11 07:00:00,1,prebreak,ok,0.0,neither,,9408,1|2022-04-01,ok,0.15231488551188055,0.14683405781590175,1|recent|6485,recent,0.15231488551188055
2022-06-15 06:00:00,2022-06-15 06:00:00,2022-06-15 07:00:00,2022-06-16 07:00:00,1,prebreak,ok,1.0,lower_first,1.0,9428,1|2022-04-01,ok,0.15231488551188055,0.2606770467400833,1|recent|6505,recent,0.15231488551188055
2022-06-16 12:00:00,2022-06-16 12:00:00,2022-06-16 13:00:00,2022-06-17 13:00:00,1,prebreak,ok,0.0,neither,,9433,1|2022-04-01,ok,0.15231488551188055,0.2806789690896925,1|recent|6510,recent,0.15231488551188055
2022-06-17 18:00:00,2022-06-17 18:00:00,2022-06-17 19:00:00,2022-06-18 19:00:00,1,prebreak,ok,1.0,lower_first,11.0,9438,1|2022-04-01,ok,0.15231488551188055,0.22914417915524266,1|recent|6515,recent,0.15231488551188055
2022-06-20 00:00:00,2022-06-20 00:00:00,2022-06-20 01:00:00,2022-06-21 01:00:00,1,prebreak,ok,0.0,upper_first,8.0,9447,1|2022-04-01,ok,0.15231488551188055,0.23087767002770243,1|recent|6524,recent,0.15231488551188055
2022-06-21 06:00:00,2022-06-21 06:00:00,2022-06-21 07:00:00,2022-06-22 07:00:00,1,prebreak,ok,1.0,lower_first,23.0,9452,1|2022-04-01,ok,0.15231488551188055,0.23786037070285795,1|recent|6529,recent,0.15231488551188055
2022-06-22 12:00:00,2022-06-22 12:00:00,2022-06-22 13:00:00,2022-06-23 13:00:00,1,prebreak,ok,0.0,neither,,9457,1|2022-04-01,ok,0.15231488551188055,0.20048561318574332,1|recent|6534,recent,0.15231488551188055
2022-06-23 18:00:00,2022-06-23 18:00:00,2022-06-23 19:00:00,2022-06-24 19:00:00,1,prebreak,ok,0.0,upper_first,1.0,9462,1|2022-04-01,ok,0.15231488551188055,0.1790977493574419,1|recent|6539,recent,0.15231488551188055
2022-06-25 00:00:00,2022-06-25 00:00:00,2022-06-25 01:00:00,2022-06-26 01:00:00,1,prebreak,ok,0.0,neither,,9467,1|2022-04-01,ok,0.15231488551188055,0.15448299460373902,1|recent|6544,recent,0.15231488551188055
2022-06-26 06:00:00,2022-06-26 06:00:00,2022-06-26 07:00:00,2022-06-27 07:00:00,1,prebreak,ok,0.0,neither,,9472,1|2022-04-01,ok,0.15231488551188055,0.12355757370662407,1|recent|6549,recent,0.15231488551188055
2022-06-27 12:00:00,2022-06-27 12:00:00,2022-06-27 13:00:00,2022-06-28 13:00:00,1,prebreak,ok,0.0,neither,,9477,1|2022-04-01,ok,0.15231488551188055,0.11325300395731296,1|recent|6554,recent,0.15231488551188055
2022-06-28 18:00:00,2022-06-28 18:00:00,2022-06-28 19:00:00,2022-06-29 19:00:00,1,prebreak,ok,0.0,neither,,9482,1|2022-04-01,ok,0.15231488551188055,0.13037691967630416,1|recent|6559,recent,0.15231488551188055
2022-07-02 00:00:00,2022-07-02 00:00:00,2022-07-02 01:00:00,2022-07-03 01:00:00,1,prebreak,ok,0.0,neither,,9495,1|2022-07-01,ok,0.15452477952163976,0.1902780750655313,1|recent|6572,recent,0.15452477952163976
2022-07-03 06:00:00,2022-07-03 06:00:00,2022-07-03 07:00:00,2022-07-04 07:00:00,1,prebreak,ok,0.0,neither,,9500,1|2022-07-01,ok,0.15452477952163976,0.2035342233103769,1|recent|6577,recent,0.15452477952163976
2022-07-04 12:00:00,2022-07-04 12:00:00,2022-07-04 13:00:00,2022-07-05 13:00:00,1,prebreak,ok,0.0,upper_first,10.0,9505,1|2022-07-01,ok,0.15452477952163976,0.07912659245367146,1|recent|6582,recent,0.15452477952163976
2022-07-05 18:00:00,2022-07-05 18:00:00,2022-07-05 19:00:00,2022-07-06 19:00:00,1,prebreak,ok,0.0,upper_first,1.0,9510,1|2022-07-01,ok,0.15452477952163976,0.11216630266999618,1|recent|6587,recent,0.15452477952163976
2022-07-07 00:00:00,2022-07-07 00:00:00,2022-07-07 01:00:00,2022-07-08 01:00:00,1,prebreak,ok,0.0,upper_first,15.0,9515,1|2022-07-01,ok,0.15452477952163976,0.12853384502607443,1|recent|6592,recent,0.15452477952163976
2022-07-08 06:00:00,2022-07-08 06:00:00,2022-07-08 07:00:00,2022-07-09 07:00:00,1,prebreak,ok,0.0,neither,,9520,1|2022-07-01,ok,0.15452477952163976,0.14570016772739416,1|recent|6597,recent,0.15452477952163976
2022-07-09 12:00:00,2022-07-09 12:00:00,2022-07-09 13:00:00,2022-07-10 13:00:00,1,prebreak,ok,0.0,neither,,9525,1|2022-07-01,ok,0.15452477952163976,0.15160576027549819,1|recent|6602,recent,0.15452477952163976
2022-07-10 18:00:00,2022-07-10 18:00:00,2022-07-10 19:00:00,2022-07-11 19:00:00,1,prebreak,ok,0.0,neither,,9530,1|2022-07-01,ok,0.15452477952163976,0.15515595062696605,1|recent|6607,recent,0.15452477952163976
2022-07-14 18:00:00,2022-07-14 18:00:00,2022-07-14 19:00:00,2022-07-15 19:00:00,1,prebreak,ok,0.0,neither,,9546,1|2022-07-01,ok,0.15452477952163976,0.13641890622366082,1|recent|6623,recent,0.15452477952163976
2022-07-16 00:00:00,2022-07-16 00:00:00,2022-07-16 01:00:00,2022-07-17 01:00:00,1,prebreak,ok,0.0,upper_first,15.0,9551,1|2022-07-01,ok,0.15452477952163976,0.1618684228144632,1|recent|6628,recent,0.15452477952163976
2022-07-17 06:00:00,2022-07-17 06:00:00,2022-07-17 07:00:00,2022-07-18 07:00:00,1,prebreak,ok,0.0,upper_first,23.0,9556,1|2022-07-01,ok,0.15452477952163976,0.14034066927584463,1|recent|6633,recent,0.15452477952163976
2022-07-18 12:00:00,2022-07-18 12:00:00,2022-07-18 13:00:00,2022-07-19 13:00:00,1,prebreak,ok,0.0,upper_first,11.0,9561,1|2022-07-01,ok,0.15452477952163976,0.14215619845741642,1|recent|6638,recent,0.15452477952163976
2022-07-19 18:00:00,2022-07-19 18:00:00,2022-07-19 19:00:00,2022-07-20 19:00:00,1,prebreak,ok,0.0,upper_first,19.0,9566,1|2022-07-01,ok,0.15452477952163976,0.1547886010806914,1|recent|6643,recent,0.15452477952163976
2022-07-21 00:00:00,2022-07-21 00:00:00,2022-07-21 01:00:00,2022-07-22 01:00:00,1,prebreak,ok,0.0,neither,,9571,1|2022-07-01,ok,0.15452477952163976,0.1851677416511006,1|recent|6648,recent,0.15452477952163976
2022-07-22 06:00:00,2022-07-22 06:00:00,2022-07-22 07:00:00,2022-07-23 07:00:00,1,prebreak,ok,0.0,neither,,9576,1|2022-07-01,ok,0.15452477952163976,0.1705342379870664,1|recent|6653,recent,0.15452477952163976
2022-07-24 18:00:00,2022-07-24 18:00:00,2022-07-24 19:00:00,2022-07-25 19:00:00,1,prebreak,ok,0.0,neither,,9586,1|2022-07-01,ok,0.15452477952163976,0.13554565659975368,1|recent|6663,recent,0.15452477952163976
2022-07-27 18:00:00,2022-07-27 18:00:00,2022-07-27 19:00:00,2022-07-28 19:00:00,1,prebreak,ok,0.0,upper_first,7.0,9598,1|2022-07-01,ok,0.15452477952163976,0.11281814415379868,1|recent|6675,recent,0.15452477952163976
2022-07-29 00:00:00,2022-07-29 00:00:00,2022-07-29 01:00:00,2022-07-30 01:00:00,1,prebreak,ok,0.0,neither,,9603,1|2022-07-01,ok,0.15452477952163976,0.15400918051688892,1|recent|6680,recent,0.15452477952163976
2022-07-30 06:00:00,2022-07-30 06:00:00,2022-07-30 07:00:00,2022-07-31 07:00:00,1,prebreak,ok,0.0,upper_first,6.0,9608,1|2022-07-01,ok,0.15452477952163976,0.14997722611173378,1|recent|6685,recent,0.15452477952163976
2022-07-31 12:00:00,2022-07-31 12:00:00,2022-07-31 13:00:00,2022-08-01 13:00:00,1,prebreak,ok,0.0,neither,,9613,1|2022-07-01,ok,0.15452477952163976,0.1453517784468601,1|recent|6690,recent,0.15452477952163976
2022-08-03 12:00:00,2022-08-03 12:00:00,2022-08-03 13:00:00,2022-08-04 13:00:00,1,prebreak,ok,0.0,neither,,9625,1|2022-07-01,ok,0.15452477952163976,0.11970254059657048,1|recent|6702,recent,0.15452477952163976
2022-08-05 18:00:00,2022-08-05 18:00:00,2022-08-05 19:00:00,2022-08-06 19:00:00,1,prebreak,ok,0.0,neither,,9634,1|2022-07-01,ok,0.15452477952163976,0.13943425473431534,1|recent|6711,recent,0.15452477952163976
2022-08-07 00:00:00,2022-08-07 00:00:00,2022-08-07 01:00:00,2022-08-08 01:00:00,1,prebreak,ok,0.0,neither,,9639,1|2022-07-01,ok,0.15452477952163976,0.12043634250183088,1|recent|6716,recent,0.15452477952163976
2022-08-08 06:00:00,2022-08-08 06:00:00,2022-08-08 07:00:00,2022-08-09 07:00:00,1,prebreak,ok,0.0,neither,,9644,1|2022-07-01,ok,0.15452477952163976,0.09053088570342797,1|recent|6721,recent,0.15452477952163976
2022-08-09 12:00:00,2022-08-09 12:00:00,2022-08-09 13:00:00,2022-08-10 13:00:00,1,prebreak,ok,0.0,upper_first,23.0,9649,1|2022-07-01,ok,0.15452477952163976,0.10727664899837615,1|recent|6726,recent,0.15452477952163976
2022-08-11 06:00:00,2022-08-11 06:00:00,2022-08-11 07:00:00,2022-08-12 07:00:00,1,prebreak,ok,0.0,neither,,9656,1|2022-07-01,ok,0.15452477952163976,0.13956354610931354,1|recent|6733,recent,0.15452477952163976
2022-08-12 12:00:00,2022-08-12 12:00:00,2022-08-12 13:00:00,2022-08-13 13:00:00,1,prebreak,ok,0.0,upper_first,12.0,9661,1|2022-07-01,ok,0.15452477952163976,0.14804676151388035,1|recent|6738,recent,0.15452477952163976
2022-08-13 18:00:00,2022-08-13 18:00:00,2022-08-13 19:00:00,2022-08-14 19:00:00,1,prebreak,ok,0.0,neither,,9666,1|2022-07-01,ok,0.15452477952163976,0.11391573984804608,1|recent|6743,recent,0.15452477952163976
2022-08-15 00:00:00,2022-08-15 00:00:00,2022-08-15 01:00:00,2022-08-16 01:00:00,1,prebreak,ok,0.0,upper_first,2.0,9671,1|2022-07-01,ok,0.15452477952163976,0.08899839428089859,1|recent|6748,recent,0.15452477952163976
2022-08-16 06:00:00,2022-08-16 06:00:00,2022-08-16 07:00:00,2022-08-17 07:00:00,1,prebreak,ok,0.0,neither,,9676,1|2022-07-01,ok,0.15452477952163976,0.12470957255420505,1|recent|6753,recent,0.15452477952163976
2022-08-19 00:00:00,2022-08-19 00:00:00,2022-08-19 01:00:00,2022-08-20 01:00:00,1,prebreak,ok,1.0,lower_first,5.0,9687,1|2022-07-01,ok,0.15452477952163976,0.12207356167466533,1|recent|6764,recent,0.15452477952163976
2022-08-21 00:00:00,2022-08-21 00:00:00,2022-08-21 01:00:00,2022-08-22 01:00:00,1,prebreak,ok,0.0,neither,,9695,1|2022-07-01,ok,0.15452477952163976,0.1428706354758004,1|recent|6772,recent,0.15452477952163976
2022-08-22 06:00:00,2022-08-22 06:00:00,2022-08-22 07:00:00,2022-08-23 07:00:00,1,prebreak,ok,0.0,neither,,9700,1|2022-07-01,ok,0.15452477952163976,0.13940841800259723,1|recent|6777,recent,0.15452477952163976
2022-08-23 12:00:00,2022-08-23 12:00:00,2022-08-23 13:00:00,2022-08-24 13:00:00,1,prebreak,ok,0.0,neither,,9705,1|2022-07-01,ok,0.15452477952163976,0.10323902409265523,1|recent|6782,recent,0.15452477952163976
2022-08-24 18:00:00,2022-08-24 18:00:00,2022-08-24 19:00:00,2022-08-25 19:00:00,1,prebreak,ok,0.0,neither,,9710,1|2022-07-01,ok,0.15452477952163976,0.10826877956311037,1|recent|6787,recent,0.15452477952163976
2022-08-26 00:00:00,2022-08-26 00:00:00,2022-08-26 01:00:00,2022-08-27 01:00:00,1,prebreak,ok,1.0,lower_first,22.0,9715,1|2022-07-01,ok,0.15452477952163976,0.10234899732798942,1|recent|6792,recent,0.15452477952163976
2022-08-28 00:00:00,2022-08-28 00:00:00,2022-08-28 01:00:00,2022-08-29 01:00:00,1,prebreak,ok,0.0,neither,,9723,1|2022-07-01,ok,0.15452477952163976,0.1332537034073675,1|recent|6800,recent,0.15452477952163976
2022-08-30 00:00:00,2022-08-30 00:00:00,2022-08-30 01:00:00,2022-08-31 01:00:00,1,prebreak,ok,0.0,neither,,9731,1|2022-07-01,ok,0.15452477952163976,0.09658015152667526,1|recent|6808,recent,0.15452477952163976
2022-08-31 06:00:00,2022-08-31 06:00:00,2022-08-31 07:00:00,2022-09-01 07:00:00,1,prebreak,ok,0.0,neither,,9736,1|2022-07-01,ok,0.15452477952163976,0.10309867045148442,1|recent|6813,recent,0.15452477952163976
2022-09-01 12:00:00,2022-09-01 12:00:00,2022-09-01 13:00:00,2022-09-02 13:00:00,1,prebreak,ok,0.0,neither,,9741,1|2022-07-01,ok,0.15452477952163976,0.11150739452269905,1|recent|6818,recent,0.15452477952163976
2022-09-02 18:00:00,2022-09-02 18:00:00,2022-09-02 19:00:00,2022-09-03 19:00:00,1,prebreak,ok,0.0,neither,,9746,1|2022-07-01,ok,0.15452477952163976,0.13409185801399756,1|recent|6823,recent,0.15452477952163976
2022-09-04 00:00:00,2022-09-04 00:00:00,2022-09-04 01:00:00,2022-09-05 01:00:00,1,prebreak,ok,0.0,neither,,9751,1|2022-07-01,ok,0.15452477952163976,0.09713598047906621,1|recent|6828,recent,0.15452477952163976
2022-09-05 06:00:00,2022-09-05 06:00:00,2022-09-05 07:00:00,2022-09-06 07:00:00,1,prebreak,ok,0.0,neither,,9756,1|2022-07-01,ok,0.15452477952163976,0.10379257654572209,1|recent|6833,recent,0.15452477952163976
2022-09-06 12:00:00,2022-09-06 12:00:00,2022-09-06 13:00:00,2022-09-07 13:00:00,1,prebreak,ok,1.0,lower_first,6.0,9761,1|2022-07-01,ok,0.15452477952163976,0.0939465071431709,1|recent|6838,recent,0.15452477952163976
2022-09-08 06:00:00,2022-09-08 06:00:00,2022-09-08 07:00:00,2022-09-09 07:00:00,1,prebreak,ok,0.0,upper_first,20.0,9768,1|2022-07-01,ok,0.15452477952163976,0.13686977202841843,1|recent|6845,recent,0.15452477952163976
2022-09-09 12:00:00,2022-09-09 12:00:00,2022-09-09 13:00:00,2022-09-10 13:00:00,1,prebreak,ok,0.0,neither,,9773,1|2022-07-01,ok,0.15452477952163976,0.14511137267988314,1|recent|6850,recent,0.15452477952163976
2022-09-10 18:00:00,2022-09-10 18:00:00,2022-09-10 19:00:00,2022-09-11 19:00:00,1,prebreak,ok,0.0,neither,,9778,1|2022-07-01,ok,0.15452477952163976,0.12006155855789981,1|recent|6855,recent,0.15452477952163976
2022-09-12 00:00:00,2022-09-12 00:00:00,2022-09-12 01:00:00,2022-09-13 01:00:00,1,prebreak,ok,0.0,upper_first,0.0,9783,1|2022-07-01,ok,0.15452477952163976,0.10726666067009692,1|recent|6860,recent,0.15452477952163976
2022-09-13 06:00:00,2022-09-13 06:00:00,2022-09-13 07:00:00,2022-09-14 07:00:00,1,prebreak,ok,1.0,lower_first,6.0,9788,1|2022-07-01,ok,0.15452477952163976,0.11523076493863495,1|recent|6865,recent,0.15452477952163976
2022-09-16 00:00:00,2022-09-16 00:00:00,2022-09-16 01:00:00,2022-09-17 01:00:00,1,prebreak,ok,0.0,neither,,9799,1|2022-07-01,ok,0.15452477952163976,0.1735148878289982,1|recent|6876,recent,0.15452477952163976
2022-09-17 18:00:00,2022-09-17 18:00:00,2022-09-17 19:00:00,2022-09-18 19:00:00,1,prebreak,ok,0.0,neither,,9806,1|2022-07-01,ok,0.15452477952163976,0.1150162546436048,1|recent|6883,recent,0.15452477952163976
2022-09-19 00:00:00,2022-09-19 00:00:00,2022-09-19 01:00:00,2022-09-20 01:00:00,1,prebreak,ok,1.0,lower_first,4.0,9811,1|2022-07-01,ok,0.15452477952163976,0.10458558001009144,1|recent|6888,recent,0.15452477952163976
2022-09-20 06:00:00,2022-09-20 06:00:00,2022-09-20 07:00:00,2022-09-21 07:00:00,1,prebreak,ok,0.0,neither,,9816,1|2022-07-01,ok,0.15452477952163976,0.15273376883461157,1|recent|6893,recent,0.15452477952163976
2022-09-21 12:00:00,2022-09-21 12:00:00,2022-09-21 13:00:00,2022-09-22 13:00:00,1,prebreak,ok,0.0,upper_first,4.0,9821,1|2022-07-01,ok,0.15452477952163976,0.15555996853817636,1|recent|6898,recent,0.15452477952163976
2022-09-22 18:00:00,2022-09-22 18:00:00,2022-09-22 19:00:00,2022-09-23 19:00:00,1,prebreak,ok,0.0,neither,,9826,1|2022-07-01,ok,0.15452477952163976,0.16593054425482576,1|recent|6903,recent,0.15452477952163976
2022-09-24 00:00:00,2022-09-24 00:00:00,2022-09-24 01:00:00,2022-09-25 01:00:00,1,prebreak,ok,0.0,neither,,9831,1|2022-07-01,ok,0.15452477952163976,0.16029849355129422,1|recent|6908,recent,0.15452477952163976
2022-09-25 06:00:00,2022-09-25 06:00:00,2022-09-25 07:00:00,2022-09-26 07:00:00,1,prebreak,ok,0.0,neither,,9836,1|2022-07-01,ok,0.15452477952163976,0.12138947936136847,1|recent|6913,recent,0.15452477952163976
2022-09-26 12:00:00,2022-09-26 12:00:00,2022-09-26 13:00:00,2022-09-27 13:00:00,1,prebreak,ok,0.0,upper_first,12.0,9841,1|2022-07-01,ok,0.15452477952163976,0.12499830569892624,1|recent|6918,recent,0.15452477952163976
2022-09-27 18:00:00,2022-09-27 18:00:00,2022-09-27 19:00:00,2022-09-28 19:00:00,1,prebreak,ok,0.0,neither,,9846,1|2022-07-01,ok,0.15452477952163976,0.18585980806798882,1|recent|6923,recent,0.15452477952163976
2022-09-29 00:00:00,2022-09-29 00:00:00,2022-09-29 01:00:00,2022-09-30 01:00:00,1,prebreak,ok,0.0,neither,,9851,1|2022-07-01,ok,0.15452477952163976,0.17154212443946731,1|recent|6928,recent,0.15452477952163976
2022-09-30 06:00:00,2022-09-30 06:00:00,2022-09-30 07:00:00,2022-10-01 07:00:00,1,prebreak,ok,0.0,upper_first,7.0,9856,1|2022-07-01,ok,0.15452477952163976,0.15828001200307384,1|recent|6933,recent,0.15452477952163976
2022-10-01 12:00:00,2022-10-01 12:00:00,2022-10-01 13:00:00,2022-10-02 13:00:00,1,prebreak,ok,0.0,neither,,9861,1|2022-10-01,ok,0.14672205017373469,0.13523245485009727,1|recent|6938,recent,0.14672205017373469
2022-10-02 18:00:00,2022-10-02 18:00:00,2022-10-02 19:00:00,2022-10-03 19:00:00,1,prebreak,ok,0.0,neither,,9866,1|2022-10-01,ok,0.14672205017373469,0.11390629280803798,1|recent|6943,recent,0.14672205017373469
2022-10-04 00:00:00,2022-10-04 00:00:00,2022-10-04 01:00:00,2022-10-05 01:00:00,1,prebreak,ok,0.0,upper_first,7.0,9871,1|2022-10-01,ok,0.14672205017373469,0.07139736615074972,1|recent|6948,recent,0.14672205017373469
2022-10-05 06:00:00,2022-10-05 06:00:00,2022-10-05 07:00:00,2022-10-06 07:00:00,1,prebreak,ok,0.0,neither,,9876,1|2022-10-01,ok,0.14672205017373469,0.08641305013121661,1|recent|6953,recent,0.14672205017373469
2022-10-06 12:00:00,2022-10-06 12:00:00,2022-10-06 13:00:00,2022-10-07 13:00:00,1,prebreak,ok,0.0,neither,,9881,1|2022-10-01,ok,0.14672205017373469,0.09247838152397245,1|recent|6958,recent,0.14672205017373469
2022-10-08 18:00:00,2022-10-08 18:00:00,2022-10-08 19:00:00,2022-10-09 19:00:00,1,prebreak,ok,0.0,neither,,9890,1|2022-10-01,ok,0.14672205017373469,0.09950332365220085,1|recent|6967,recent,0.14672205017373469
2022-10-10 00:00:00,2022-10-10 00:00:00,2022-10-10 01:00:00,2022-10-11 01:00:00,1,prebreak,ok,0.0,neither,,9895,1|2022-10-01,ok,0.14672205017373469,0.08088678122723839,1|recent|6972,recent,0.14672205017373469
2022-10-11 12:00:00,2022-10-11 12:00:00,2022-10-11 13:00:00,2022-10-12 13:00:00,1,prebreak,ok,0.0,neither,,9901,1|2022-10-01,ok,0.14672205017373469,0.0695364172045883,1|recent|6978,recent,0.14672205017373469
2022-10-12 18:00:00,2022-10-12 18:00:00,2022-10-12 19:00:00,2022-10-13 19:00:00,1,prebreak,ok,1.0,lower_first,17.0,9906,1|2022-10-01,ok,0.14672205017373469,0.07723851833487683,1|recent|6983,recent,0.14672205017373469
2022-10-14 18:00:00,2022-10-14 18:00:00,2022-10-14 19:00:00,2022-10-15 19:00:00,1,prebreak,ok,0.0,neither,,9914,1|2022-10-01,ok,0.14672205017373469,0.1291752873663111,1|recent|6991,recent,0.14672205017373469
2022-10-16 00:00:00,2022-10-16 00:00:00,2022-10-16 01:00:00,2022-10-17 01:00:00,1,prebreak,ok,0.0,neither,,9919,1|2022-10-01,ok,0.14672205017373469,0.13151400888673856,1|recent|6996,recent,0.14672205017373469
2022-10-17 06:00:00,2022-10-17 06:00:00,2022-10-17 07:00:00,2022-10-18 07:00:00,1,prebreak,ok,0.0,neither,,9924,1|2022-10-01,ok,0.14672205017373469,0.08769491831978492,1|recent|7001,recent,0.14672205017373469
2022-10-18 12:00:00,2022-10-18 12:00:00,2022-10-18 13:00:00,2022-10-19 13:00:00,1,prebreak,ok,0.0,neither,,9929,1|2022-10-01,ok,0.14672205017373469,0.07118600096750179,1|recent|7006,recent,0.14672205017373469
2022-10-19 18:00:00,2022-10-19 18:00:00,2022-10-19 19:00:00,2022-10-20 19:00:00,1,prebreak,ok,0.0,neither,,9934,1|2022-10-01,ok,0.14672205017373469,0.0914900637066253,1|recent|7011,recent,0.14672205017373469
2022-10-21 06:00:00,2022-10-21 06:00:00,2022-10-21 07:00:00,2022-10-22 07:00:00,1,prebreak,ok,0.0,neither,,9940,1|2022-10-01,ok,0.14672205017373469,0.08582221347178898,1|recent|7017,recent,0.14672205017373469
2022-10-22 18:00:00,2022-10-22 18:00:00,2022-10-22 19:00:00,2022-10-23 19:00:00,1,prebreak,ok,0.0,neither,,9946,1|2022-10-01,ok,0.14672205017373469,0.07581556721802651,1|recent|7023,recent,0.14672205017373469
2022-10-24 00:00:00,2022-10-24 00:00:00,2022-10-24 01:00:00,2022-10-25 01:00:00,1,prebreak,ok,0.0,neither,,9951,1|2022-10-01,ok,0.14672205017373469,0.0669001397412731,1|recent|7028,recent,0.14672205017373469
2022-10-25 06:00:00,2022-10-25 06:00:00,2022-10-25 07:00:00,2022-10-26 07:00:00,1,prebreak,ok,0.0,upper_first,10.0,9956,1|2022-10-01,ok,0.14672205017373469,0.06245085435787472,1|recent|7033,recent,0.14672205017373469
2022-10-26 12:00:00,2022-10-26 12:00:00,2022-10-26 13:00:00,2022-10-27 13:00:00,1,prebreak,ok,0.0,neither,,9961,1|2022-10-01,ok,0.14672205017373469,0.09167420338448541,1|recent|7038,recent,0.14672205017373469
2022-10-27 18:00:00,2022-10-27 18:00:00,2022-10-27 19:00:00,2022-10-28 19:00:00,1,prebreak,ok,0.0,neither,,9966,1|2022-10-01,ok,0.14672205017373469,0.09230147869195066,1|recent|7043,recent,0.14672205017373469
2022-10-29 00:00:00,2022-10-29 00:00:00,2022-10-29 01:00:00,2022-10-30 01:00:00,1,prebreak,ok,0.0,neither,,9971,1|2022-10-01,ok,0.14672205017373469,0.10930032297955115,1|recent|7048,recent,0.14672205017373469
2022-10-30 06:00:00,2022-10-30 06:00:00,2022-10-30 07:00:00,2022-10-31 07:00:00,1,prebreak,ok,0.0,neither,,9976,1|2022-10-01,ok,0.14672205017373469,0.09120755643324077,1|recent|7053,recent,0.14672205017373469
2022-10-31 12:00:00,2022-10-31 12:00:00,2022-10-31 13:00:00,2022-11-01 13:00:00,1,prebreak,ok,0.0,neither,,9981,1|2022-10-01,ok,0.14672205017373469,0.08716566132444654,1|recent|7058,recent,0.14672205017373469
2022-11-01 18:00:00,2022-11-01 18:00:00,2022-11-01 19:00:00,2022-11-02 19:00:00,1,prebreak,ok,0.0,neither,,9986,1|2022-10-01,ok,0.14672205017373469,0.08974298533332947,1|recent|7063,recent,0.14672205017373469
2022-11-03 00:00:00,2022-11-03 00:00:00,2022-11-03 01:00:00,2022-11-04 01:00:00,1,prebreak,ok,0.0,neither,,9991,1|2022-10-01,ok,0.14672205017373469,0.08729134676054247,1|recent|7068,recent,0.14672205017373469
2022-11-04 06:00:00,2022-11-04 06:00:00,2022-11-04 07:00:00,2022-11-05 07:00:00,1,prebreak,ok,0.0,upper_first,7.0,9996,1|2022-10-01,ok,0.14672205017373469,0.06672484423365746,1|recent|7073,recent,0.14672205017373469
2022-11-05 12:00:00,2022-11-05 12:00:00,2022-11-05 13:00:00,2022-11-06 13:00:00,1,prebreak,ok,0.0,neither,,10001,1|2022-10-01,ok,0.14672205017373469,0.10837238807828817,1|recent|7078,recent,0.14672205017373469
2022-11-06 18:00:00,2022-11-06 18:00:00,2022-11-06 19:00:00,2022-11-07 19:00:00,1,prebreak,ok,0.0,neither,,10006,1|2022-10-01,ok,0.14672205017373469,0.1017090106222515,1|recent|7083,recent,0.14672205017373469
2022-11-11 00:00:00,2022-11-11 00:00:00,2022-11-11 01:00:00,2022-11-12 01:00:00,1,prebreak,ok,1.0,lower_first,13.0,10023,1|2022-10-01,ok,0.14672205017373469,0.2731812775905856,1|recent|7100,recent,0.14672205017373469
2022-11-12 06:00:00,2022-11-12 06:00:00,2022-11-12 07:00:00,2022-11-13 07:00:00,1,prebreak,ok,0.0,neither,,10028,1|2022-10-01,ok,0.14672205017373469,0.2405833290543931,1|recent|7105,recent,0.14672205017373469
2022-11-13 12:00:00,2022-11-13 12:00:00,2022-11-13 13:00:00,2022-11-14 13:00:00,1,prebreak,ok,0.0,neither,,10033,1|2022-10-01,ok,0.14672205017373469,0.21044892047208352,1|recent|7110,recent,0.14672205017373469
2022-11-15 06:00:00,2022-11-15 06:00:00,2022-11-15 07:00:00,2022-11-16 07:00:00,1,prebreak,ok,0.0,neither,,10040,1|2022-10-01,ok,0.14672205017373469,0.1599308674799987,1|recent|7117,recent,0.14672205017373469
2022-11-16 12:00:00,2022-11-16 12:00:00,2022-11-16 13:00:00,2022-11-17 13:00:00,1,prebreak,ok,0.0,neither,,10045,1|2022-10-01,ok,0.14672205017373469,0.15993398590259497,1|recent|7122,recent,0.14672205017373469
2022-11-17 18:00:00,2022-11-17 18:00:00,2022-11-17 19:00:00,2022-11-18 19:00:00,1,prebreak,ok,0.0,neither,,10050,1|2022-10-01,ok,0.14672205017373469,0.11788740603313076,1|recent|7127,recent,0.14672205017373469
2022-11-19 00:00:00,2022-11-19 00:00:00,2022-11-19 01:00:00,2022-11-20 01:00:00,1,prebreak,ok,0.0,neither,,10055,1|2022-10-01,ok,0.14672205017373469,0.08392603609445447,1|recent|7132,recent,0.14672205017373469
2022-11-20 06:00:00,2022-11-20 06:00:00,2022-11-20 07:00:00,2022-11-21 07:00:00,1,prebreak,ok,0.0,neither,,10060,1|2022-10-01,ok,0.14672205017373469,0.07407566695653045,1|recent|7137,recent,0.14672205017373469
2022-11-23 00:00:00,2022-11-23 00:00:00,2022-11-23 01:00:00,2022-11-24 01:00:00,1,prebreak,ok,0.0,upper_first,9.0,10071,1|2022-10-01,ok,0.14672205017373469,0.11209205982110215,1|recent|7148,recent,0.14672205017373469
2022-11-24 06:00:00,2022-11-24 06:00:00,2022-11-24 07:00:00,2022-11-25 07:00:00,1,prebreak,ok,0.0,neither,,10076,1|2022-10-01,ok,0.14672205017373469,0.11458537987755157,1|recent|7153,recent,0.14672205017373469
2022-11-25 12:00:00,2022-11-25 12:00:00,2022-11-25 13:00:00,2022-11-26 13:00:00,1,prebreak,ok,0.0,neither,,10081,1|2022-10-01,ok,0.14672205017373469,0.09971001144755319,1|recent|7158,recent,0.14672205017373469
2022-11-26 18:00:00,2022-11-26 18:00:00,2022-11-26 19:00:00,2022-11-27 19:00:00,1,prebreak,ok,0.0,neither,,10086,1|2022-10-01,ok,0.14672205017373469,0.07893921960073413,1|recent|7163,recent,0.14672205017373469
2022-11-28 00:00:00,2022-11-28 00:00:00,2022-11-28 01:00:00,2022-11-29 01:00:00,1,prebreak,ok,0.0,neither,,10091,1|2022-10-01,ok,0.14672205017373469,0.06570437344206334,1|recent|7168,recent,0.14672205017373469
2022-11-29 06:00:00,2022-11-29 06:00:00,2022-11-29 07:00:00,2022-11-30 07:00:00,1,prebreak,ok,0.0,upper_first,19.0,10096,1|2022-10-01,ok,0.14672205017373469,0.07776958138749458,1|recent|7173,recent,0.14672205017373469
2022-11-30 12:00:00,2022-11-30 12:00:00,2022-11-30 13:00:00,2022-12-01 13:00:00,1,prebreak,ok,0.0,neither,,10101,1|2022-10-01,ok,0.14672205017373469,0.10053010370599086,1|recent|7178,recent,0.14672205017373469
2022-12-01 18:00:00,2022-12-01 18:00:00,2022-12-01 19:00:00,2022-12-02 19:00:00,1,prebreak,ok,0.0,neither,,10106,1|2022-10-01,ok,0.14672205017373469,0.09362862139939937,1|recent|7183,recent,0.14672205017373469
2022-12-03 00:00:00,2022-12-03 00:00:00,2022-12-03 01:00:00,2022-12-04 01:00:00,1,prebreak,ok,0.0,neither,,10111,1|2022-10-01,ok,0.14672205017373469,0.08634631395443515,1|recent|7188,recent,0.14672205017373469
2022-12-04 06:00:00,2022-12-04 06:00:00,2022-12-04 07:00:00,2022-12-05 07:00:00,1,prebreak,ok,0.0,neither,,10116,1|2022-10-01,ok,0.14672205017373469,0.054349441270133976,1|recent|7193,recent,0.14672205017373469
2022-12-05 12:00:00,2022-12-05 12:00:00,2022-12-05 13:00:00,2022-12-06 13:00:00,1,prebreak,ok,0.0,neither,,10121,1|2022-10-01,ok,0.14672205017373469,0.055332786969916996,1|recent|7198,recent,0.14672205017373469
2022-12-06 18:00:00,2022-12-06 18:00:00,2022-12-06 19:00:00,2022-12-07 19:00:00,1,prebreak,ok,0.0,neither,,10126,1|2022-10-01,ok,0.14672205017373469,0.06460910464589135,1|recent|7203,recent,0.14672205017373469
2022-12-08 12:00:00,2022-12-08 12:00:00,2022-12-08 13:00:00,2022-12-09 13:00:00,1,prebreak,ok,0.0,upper_first,23.0,10133,1|2022-10-01,ok,0.14672205017373469,0.06399388981053901,1|recent|7210,recent,0.14672205017373469
2022-12-09 18:00:00,2022-12-09 18:00:00,2022-12-09 19:00:00,2022-12-10 19:00:00,1,prebreak,ok,0.0,neither,,10138,1|2022-10-01,ok,0.14672205017373469,0.07151852311385692,1|recent|7215,recent,0.14672205017373469
2022-12-11 00:00:00,2022-12-11 00:00:00,2022-12-11 01:00:00,2022-12-12 01:00:00,1,prebreak,ok,0.0,neither,,10143,1|2022-10-01,ok,0.14672205017373469,0.06323111582766285,1|recent|7220,recent,0.14672205017373469
2022-12-13 06:00:00,2022-12-13 06:00:00,2022-12-13 07:00:00,2022-12-14 07:00:00,1,prebreak,ok,0.0,upper_first,6.0,10152,1|2022-10-01,ok,0.14672205017373469,0.04647648581317994,1|recent|7229,recent,0.14672205017373469
2022-12-14 12:00:00,2022-12-14 12:00:00,2022-12-14 13:00:00,2022-12-15 13:00:00,1,prebreak,ok,0.0,neither,,10157,1|2022-10-01,ok,0.14672205017373469,0.09466822856338802,1|recent|7234,recent,0.14672205017373469
2022-12-15 18:00:00,2022-12-15 18:00:00,2022-12-15 19:00:00,2022-12-16 19:00:00,1,prebreak,ok,0.0,neither,,10162,1|2022-10-01,ok,0.14672205017373469,0.12088350797925318,1|recent|7239,recent,0.14672205017373469
2022-12-18 00:00:00,2022-12-18 00:00:00,2022-12-18 01:00:00,2022-12-19 01:00:00,1,prebreak,ok,0.0,neither,,10171,1|2022-10-01,ok,0.14672205017373469,0.09127376795509795,1|recent|7248,recent,0.14672205017373469
2022-12-19 06:00:00,2022-12-19 06:00:00,2022-12-19 07:00:00,2022-12-20 07:00:00,1,prebreak,ok,0.0,neither,,10176,1|2022-10-01,ok,0.14672205017373469,0.08771080845352607,1|recent|7253,recent,0.14672205017373469
2022-12-21 00:00:00,2022-12-21 00:00:00,2022-12-21 01:00:00,2022-12-22 01:00:00,1,prebreak,ok,0.0,neither,,10183,1|2022-10-01,ok,0.14672205017373469,0.06436862376417667,1|recent|7260,recent,0.14672205017373469
2022-12-22 06:00:00,2022-12-22 06:00:00,2022-12-22 07:00:00,2022-12-23 07:00:00,1,prebreak,ok,0.0,neither,,10188,1|2022-10-01,ok,0.14672205017373469,0.06865021823283102,1|recent|7265,recent,0.14672205017373469
2022-12-23 12:00:00,2022-12-23 12:00:00,2022-12-23 13:00:00,2022-12-24 13:00:00,1,prebreak,ok,0.0,neither,,10193,1|2022-10-01,ok,0.14672205017373469,0.06306313958633311,1|recent|7270,recent,0.14672205017373469
2022-12-24 18:00:00,2022-12-24 18:00:00,2022-12-24 19:00:00,2022-12-25 19:00:00,1,prebreak,ok,0.0,neither,,10198,1|2022-10-01,ok,0.14672205017373469,0.05098222374506634,1|recent|7275,recent,0.14672205017373469
2022-12-26 00:00:00,2022-12-26 00:00:00,2022-12-26 01:00:00,2022-12-27 01:00:00,1,prebreak,ok,0.0,neither,,10203,1|2022-10-01,ok,0.14672205017373469,0.034008316252119586,1|recent|7280,recent,0.14672205017373469
2022-12-27 06:00:00,2022-12-27 06:00:00,2022-12-27 07:00:00,2022-12-28 07:00:00,1,prebreak,ok,0.0,neither,,10208,1|2022-10-01,ok,0.14672205017373469,0.03606168528866196,1|recent|7285,recent,0.14672205017373469
2022-12-28 18:00:00,2022-12-28 18:00:00,2022-12-28 19:00:00,2022-12-29 19:00:00,1,prebreak,ok,0.0,neither,,10214,1|2022-10-01,ok,0.14672205017373469,0.0607554014784898,1|recent|7291,recent,0.14672205017373469
2022-12-30 00:00:00,2022-12-30 00:00:00,2022-12-30 01:00:00,2022-12-31 01:00:00,1,prebreak,ok,0.0,neither,,10219,1|2022-10-01,ok,0.14672205017373469,0.0595744086953989,1|recent|7296,recent,0.14672205017373469
2022-12-31 18:00:00,2022-12-31 18:00:00,2022-12-31 19:00:00,2023-01-01 19:00:00,1,prebreak,ok,0.0,neither,,10226,1|2022-10-01,ok,0.14672205017373469,0.04999856000871,1|recent|7303,recent,0.14672205017373469
2023-01-02 00:00:00,2023-01-02 00:00:00,2023-01-02 01:00:00,2023-01-03 01:00:00,1,prebreak,ok,0.0,neither,,10231,1|2023-01-01,ok,0.12772451844724853,0.040833433565807355,1|recent|7308,recent,0.12772451844724853
2023-01-03 06:00:00,2023-01-03 06:00:00,2023-01-03 07:00:00,2023-01-04 07:00:00,1,prebreak,ok,0.0,neither,,10236,1|2023-01-01,ok,0.12772451844724853,0.03139056640459904,1|recent|7313,recent,0.12772451844724853
2023-01-04 12:00:00,2023-01-04 12:00:00,2023-01-04 13:00:00,2023-01-05 13:00:00,1,prebreak,ok,0.0,neither,,10241,1|2023-01-01,ok,0.12772451844724853,0.044113532337856684,1|recent|7318,recent,0.12772451844724853
2023-01-05 18:00:00,2023-01-05 18:00:00,2023-01-05 19:00:00,2023-01-06 19:00:00,1,prebreak,ok,0.0,neither,,10246,1|2023-01-01,ok,0.12772451844724853,0.04648793395998005,1|recent|7323,recent,0.12772451844724853
2023-01-07 00:00:00,2023-01-07 00:00:00,2023-01-07 01:00:00,2023-01-08 01:00:00,1,prebreak,ok,0.0,neither,,10251,1|2023-01-01,ok,0.12772451844724853,0.04957480680708467,1|recent|7328,recent,0.12772451844724853
2023-01-08 06:00:00,2023-01-08 06:00:00,2023-01-08 07:00:00,2023-01-09 07:00:00,1,prebreak,ok,0.0,neither,,10256,1|2023-01-01,ok,0.12772451844724853,0.03612004324763138,1|recent|7333,recent,0.12772451844724853
2023-01-09 12:00:00,2023-01-09 12:00:00,2023-01-09 13:00:00,2023-01-10 13:00:00,1,prebreak,ok,0.0,neither,,10261,1|2023-01-01,ok,0.12772451844724853,0.046004961039269675,1|recent|7338,recent,0.12772451844724853
2023-01-10 18:00:00,2023-01-10 18:00:00,2023-01-10 19:00:00,2023-01-11 19:00:00,1,prebreak,ok,0.0,neither,,10266,1|2023-01-01,ok,0.12772451844724853,0.043483382070979446,1|recent|7343,recent,0.12772451844724853
2023-01-12 00:00:00,2023-01-12 00:00:00,2023-01-12 01:00:00,2023-01-13 01:00:00,1,prebreak,ok,0.0,upper_first,16.0,10271,1|2023-01-01,ok,0.12772451844724853,0.03986923021346597,1|recent|7348,recent,0.12772451844724853
2023-01-13 06:00:00,2023-01-13 06:00:00,2023-01-13 07:00:00,2023-01-14 07:00:00,1,prebreak,ok,0.0,upper_first,13.0,10276,1|2023-01-01,ok,0.12772451844724853,0.1264273071983593,1|recent|7353,recent,0.12772451844724853
2023-01-14 12:00:00,2023-01-14 12:00:00,2023-01-14 13:00:00,2023-01-15 13:00:00,1,prebreak,ok,0.0,neither,,10281,1|2023-01-01,ok,0.12772451844724853,0.16489755358159855,1|recent|7358,recent,0.12772451844724853
2023-01-15 18:00:00,2023-01-15 18:00:00,2023-01-15 19:00:00,2023-01-16 19:00:00,1,prebreak,ok,0.0,neither,,10286,1|2023-01-01,ok,0.12772451844724853,0.1511358921774032,1|recent|7363,recent,0.12772451844724853
2023-01-17 00:00:00,2023-01-17 00:00:00,2023-01-17 01:00:00,2023-01-18 01:00:00,1,prebreak,ok,0.0,neither,,10291,1|2023-01-01,ok,0.12772451844724853,0.15043202904071534,1|recent|7368,recent,0.12772451844724853
2023-01-18 06:00:00,2023-01-18 06:00:00,2023-01-18 07:00:00,2023-01-19 07:00:00,1,prebreak,ok,0.0,neither,,10296,1|2023-01-01,ok,0.12772451844724853,0.0920814272805091,1|recent|7373,recent,0.12772451844724853
2023-01-19 12:00:00,2023-01-19 12:00:00,2023-01-19 13:00:00,2023-01-20 13:00:00,1,prebreak,ok,0.0,neither,,10301,1|2023-01-01,ok,0.12772451844724853,0.09736335066413822,1|recent|7378,recent,0.12772451844724853
2023-01-20 18:00:00,2023-01-20 18:00:00,2023-01-20 19:00:00,2023-01-21 19:00:00,1,prebreak,ok,0.0,upper_first,1.0,10306,1|2023-01-01,ok,0.12772451844724853,0.08989725389845504,1|recent|7383,recent,0.12772451844724853
2023-01-22 00:00:00,2023-01-22 00:00:00,2023-01-22 01:00:00,2023-01-23 01:00:00,1,prebreak,ok,0.0,neither,,10311,1|2023-01-01,ok,0.12772451844724853,0.12736604208970506,1|recent|7388,recent,0.12772451844724853
2023-01-23 06:00:00,2023-01-23 06:00:00,2023-01-23 07:00:00,2023-01-24 07:00:00,1,prebreak,ok,0.0,neither,,10316,1|2023-01-01,ok,0.12772451844724853,0.12881856901716157,1|recent|7393,recent,0.12772451844724853
2023-01-24 12:00:00,2023-01-24 12:00:00,2023-01-24 13:00:00,2023-01-25 13:00:00,1,prebreak,ok,0.0,neither,,10321,1|2023-01-01,ok,0.12772451844724853,0.1194705999535905,1|recent|7398,recent,0.12772451844724853
2023-01-25 18:00:00,2023-01-25 18:00:00,2023-01-25 19:00:00,2023-01-26 19:00:00,1,prebreak,ok,0.0,upper_first,2.0,10326,1|2023-01-01,ok,0.12772451844724853,0.10848904369106246,1|recent|7403,recent,0.12772451844724853
2023-01-27 00:00:00,2023-01-27 00:00:00,2023-01-27 01:00:00,2023-01-28 01:00:00,1,prebreak,ok,0.0,neither,,10331,1|2023-01-01,ok,0.12772451844724853,0.13120032281417154,1|recent|7408,recent,0.12772451844724853
2023-01-28 06:00:00,2023-01-28 06:00:00,2023-01-28 07:00:00,2023-01-29 07:00:00,1,prebreak,ok,0.0,neither,,10336,1|2023-01-01,ok,0.12772451844724853,0.13594801908427945,1|recent|7413,recent,0.12772451844724853
2023-01-29 12:00:00,2023-01-29 12:00:00,2023-01-29 13:00:00,2023-01-30 13:00:00,1,prebreak,ok,0.0,neither,,10341,1|2023-01-01,ok,0.12772451844724853,0.08612723825339035,1|recent|7418,recent,0.12772451844724853
2023-01-30 18:00:00,2023-01-30 18:00:00,2023-01-30 19:00:00,2023-01-31 19:00:00,1,prebreak,ok,0.0,neither,,10346,1|2023-01-01,ok,0.12772451844724853,0.09393618688715258,1|recent|7423,recent,0.12772451844724853
2023-02-01 00:00:00,2023-02-01 00:00:00,2023-02-01 01:00:00,2023-02-02 01:00:00,1,prebreak,ok,0.0,upper_first,20.0,10351,1|2023-01-01,ok,0.12772451844724853,0.11621351486895656,1|recent|7428,recent,0.12772451844724853
2023-02-02 06:00:00,2023-02-02 06:00:00,2023-02-02 07:00:00,2023-02-03 07:00:00,1,prebreak,ok,0.0,neither,,10356,1|2023-01-01,ok,0.12772451844724853,0.11718962620787135,1|recent|7433,recent,0.12772451844724853
2023-02-03 12:00:00,2023-02-03 12:00:00,2023-02-03 13:00:00,2023-02-04 13:00:00,1,prebreak,ok,0.0,neither,,10361,1|2023-01-01,ok,0.12772451844724853,0.11088398219749221,1|recent|7438,recent,0.12772451844724853
2023-02-04 18:00:00,2023-02-04 18:00:00,2023-02-04 19:00:00,2023-02-05 19:00:00,1,prebreak,ok,0.0,neither,,10366,1|2023-01-01,ok,0.12772451844724853,0.11382405831538647,1|recent|7443,recent,0.12772451844724853
2023-02-06 18:00:00,2023-02-06 18:00:00,2023-02-06 19:00:00,2023-02-07 19:00:00,1,prebreak,ok,0.0,neither,,10374,1|2023-01-01,ok,0.12772451844724853,0.07440050164908066,1|recent|7451,recent,0.12772451844724853
2023-02-08 00:00:00,2023-02-08 00:00:00,2023-02-08 01:00:00,2023-02-09 01:00:00,1,prebreak,ok,0.0,neither,,10379,1|2023-01-01,ok,0.12772451844724853,0.08894555836083738,1|recent|7456,recent,0.12772451844724853
2023-02-11 00:00:00,2023-02-11 00:00:00,2023-02-11 01:00:00,2023-02-12 01:00:00,1,prebreak,ok,0.0,neither,,10391,1|2023-01-01,ok,0.12772451844724853,0.10535727482627182,1|recent|7468,recent,0.12772451844724853
2023-02-12 06:00:00,2023-02-12 06:00:00,2023-02-12 07:00:00,2023-02-13 07:00:00,1,prebreak,ok,0.0,neither,,10396,1|2023-01-01,ok,0.12772451844724853,0.0925884046341561,1|recent|7473,recent,0.12772451844724853
2023-02-13 12:00:00,2023-02-13 12:00:00,2023-02-13 13:00:00,2023-02-14 13:00:00,1,prebreak,ok,0.0,neither,,10401,1|2023-01-01,ok,0.12772451844724853,0.08182578128037635,1|recent|7478,recent,0.12772451844724853
2023-02-14 18:00:00,2023-02-14 18:00:00,2023-02-14 19:00:00,2023-02-15 19:00:00,1,prebreak,ok,0.0,upper_first,17.0,10406,1|2023-01-01,ok,0.12772451844724853,0.0932404243160141,1|recent|7483,recent,0.12772451844724853
2023-02-16 00:00:00,2023-02-16 00:00:00,2023-02-16 01:00:00,2023-02-17 01:00:00,1,prebreak,ok,1.0,lower_first,23.0,10411,1|2023-01-01,ok,0.12772451844724853,0.10115935383355976,1|recent|7488,recent,0.12772451844724853
2023-02-17 06:00:00,2023-02-17 06:00:00,2023-02-17 07:00:00,2023-02-18 07:00:00,1,prebreak,ok,0.0,upper_first,10.0,10416,1|2023-01-01,ok,0.12772451844724853,0.1427015459047041,1|recent|7493,recent,0.12772451844724853
2023-02-18 12:00:00,2023-02-18 12:00:00,2023-02-18 13:00:00,2023-02-19 13:00:00,1,prebreak,ok,0.0,neither,,10421,1|2023-01-01,ok,0.12772451844724853,0.15205200475967867,1|recent|7498,recent,0.12772451844724853
2023-02-19 18:00:00,2023-02-19 18:00:00,2023-02-19 19:00:00,2023-02-20 19:00:00,1,prebreak,ok,0.0,neither,,10426,1|2023-01-01,ok,0.12772451844724853,0.13758166996126367,1|recent|7503,recent,0.12772451844724853
2023-02-21 00:00:00,2023-02-21 00:00:00,2023-02-21 01:00:00,2023-02-22 01:00:00,1,prebreak,ok,0.0,neither,,10431,1|2023-01-01,ok,0.12772451844724853,0.09016350719912292,1|recent|7508,recent,0.12772451844724853
2023-02-22 06:00:00,2023-02-22 06:00:00,2023-02-22 07:00:00,2023-02-23 07:00:00,1,prebreak,ok,0.0,neither,,10436,1|2023-01-01,ok,0.12772451844724853,0.11045030558554696,1|recent|7513,recent,0.12772451844724853
2023-02-23 18:00:00,2023-02-23 18:00:00,2023-02-23 19:00:00,2023-02-24 19:00:00,1,prebreak,ok,0.0,neither,,10442,1|2023-01-01,ok,0.12772451844724853,0.11917381896581061,1|recent|7519,recent,0.12772451844724853
2023-02-25 18:00:00,2023-02-25 18:00:00,2023-02-25 19:00:00,2023-02-26 19:00:00,1,prebreak,ok,0.0,neither,,10450,1|2023-01-01,ok,0.12772451844724853,0.1065411271738062,1|recent|7527,recent,0.12772451844724853
2023-02-27 00:00:00,2023-02-27 00:00:00,2023-02-27 01:00:00,2023-02-28 01:00:00,1,prebreak,ok,0.0,neither,,10455,1|2023-01-01,ok,0.12772451844724853,0.08209317333401206,1|recent|7532,recent,0.12772451844724853
2023-02-28 06:00:00,2023-02-28 06:00:00,2023-02-28 07:00:00,2023-03-01 07:00:00,1,prebreak,ok,0.0,neither,,10460,1|2023-01-01,ok,0.12772451844724853,0.0829053833006393,1|recent|7537,recent,0.12772451844724853
2023-03-01 12:00:00,2023-03-01 12:00:00,2023-03-01 13:00:00,2023-03-02 13:00:00,1,prebreak,ok,0.0,neither,,10465,1|2023-01-01,ok,0.12772451844724853,0.0989701769056231,1|recent|7542,recent,0.12772451844724853
2023-03-02 18:00:00,2023-03-02 18:00:00,2023-03-02 19:00:00,2023-03-03 19:00:00,1,prebreak,ok,1.0,lower_first,6.0,10470,1|2023-01-01,ok,0.12772451844724853,0.08894128892890872,1|recent|7547,recent,0.12772451844724853
2023-03-04 06:00:00,2023-03-04 06:00:00,2023-03-04 07:00:00,2023-03-05 07:00:00,1,prebreak,ok,,censored,,10476,1|2023-01-01,ok,0.12772451844724853,0.15009215714577748,1|recent|7553,recent,0.12772451844724853
2023-04-04 00:00:00,2023-04-04 00:00:00,2023-04-04 01:00:00,2023-04-05 01:00:00,1,prebreak,ok,0.0,upper_first,23.0,10599,1|2023-04-01,ok,0.11912698326074374,0.10126369809878215,1|recent|7676,recent,0.11912698326074374
2023-04-05 06:00:00,2023-04-05 06:00:00,2023-04-05 07:00:00,2023-04-06 07:00:00,1,prebreak,ok,0.0,neither,,10604,1|2023-04-01,ok,0.11912698326074374,0.10152119716366433,1|recent|7681,recent,0.11912698326074374
2023-04-06 12:00:00,2023-04-06 12:00:00,2023-04-06 13:00:00,2023-04-07 13:00:00,1,prebreak,ok,0.0,neither,,10609,1|2023-04-01,ok,0.11912698326074374,0.09727130950862631,1|recent|7686,recent,0.11912698326074374
2023-04-07 18:00:00,2023-04-07 18:00:00,2023-04-07 19:00:00,2023-04-08 19:00:00,1,prebreak,ok,0.0,neither,,10614,1|2023-04-01,ok,0.11912698326074374,0.08587348879317111,1|recent|7691,recent,0.11912698326074374
2023-04-09 00:00:00,2023-04-09 00:00:00,2023-04-09 01:00:00,2023-04-10 01:00:00,1,prebreak,ok,0.0,neither,,10619,1|2023-04-01,ok,0.11912698326074374,0.06086981815364073,1|recent|7696,recent,0.11912698326074374
2023-04-10 06:00:00,2023-04-10 06:00:00,2023-04-10 07:00:00,2023-04-11 07:00:00,1,prebreak,ok,0.0,upper_first,9.0,10624,1|2023-04-01,ok,0.11912698326074374,0.06399467239063585,1|recent|7701,recent,0.11912698326074374
2023-04-11 12:00:00,2023-04-11 12:00:00,2023-04-11 13:00:00,2023-04-12 13:00:00,1,prebreak,ok,0.0,neither,,10629,1|2023-04-01,ok,0.11912698326074374,0.09315844852536904,1|recent|7706,recent,0.11912698326074374
2023-04-12 18:00:00,2023-04-12 18:00:00,2023-04-12 19:00:00,2023-04-13 19:00:00,1,prebreak,ok,0.0,neither,,10634,1|2023-04-01,ok,0.11912698326074374,0.08894513544885464,1|recent|7711,recent,0.11912698326074374
2023-04-14 00:00:00,2023-04-14 00:00:00,2023-04-14 01:00:00,2023-04-15 01:00:00,1,prebreak,ok,0.0,neither,,10639,1|2023-04-01,ok,0.11912698326074374,0.08264743054538937,1|recent|7716,recent,0.11912698326074374
2023-04-15 06:00:00,2023-04-15 06:00:00,2023-04-15 07:00:00,2023-04-16 07:00:00,1,prebreak,ok,0.0,neither,,10644,1|2023-04-01,ok,0.11912698326074374,0.08142390412777809,1|recent|7721,recent,0.11912698326074374
2023-04-16 12:00:00,2023-04-16 12:00:00,2023-04-16 13:00:00,2023-04-17 13:00:00,1,prebreak,ok,0.0,neither,,10649,1|2023-04-01,ok,0.11912698326074374,0.08591050948064544,1|recent|7726,recent,0.11912698326074374
2023-04-18 12:00:00,2023-04-18 12:00:00,2023-04-18 13:00:00,2023-04-19 13:00:00,1,prebreak,ok,0.0,neither,,10657,1|2023-04-01,ok,0.11912698326074374,0.06051432955045213,1|recent|7734,recent,0.11912698326074374
2023-04-19 18:00:00,2023-04-19 18:00:00,2023-04-19 19:00:00,2023-04-20 19:00:00,1,prebreak,ok,0.0,neither,,10662,1|2023-04-01,ok,0.11912698326074374,0.11876691029250523,1|recent|7739,recent,0.11912698326074374
2023-04-23 00:00:00,2023-04-23 00:00:00,2023-04-23 01:00:00,2023-04-24 01:00:00,1,prebreak,ok,0.0,neither,,10675,1|2023-04-01,ok,0.11912698326074374,0.10031193577807694,1|recent|7752,recent,0.11912698326074374
2023-04-24 06:00:00,2023-04-24 06:00:00,2023-04-24 07:00:00,2023-04-25 07:00:00,1,prebreak,ok,0.0,neither,,10680,1|2023-04-01,ok,0.11912698326074374,0.08948169164673062,1|recent|7757,recent,0.11912698326074374
2023-04-25 18:00:00,2023-04-25 18:00:00,2023-04-25 19:00:00,2023-04-26 19:00:00,1,prebreak,ok,0.0,upper_first,5.0,10686,1|2023-04-01,ok,0.11912698326074374,0.07872212313495083,1|recent|7763,recent,0.11912698326074374
2023-04-27 00:00:00,2023-04-27 00:00:00,2023-04-27 01:00:00,2023-04-28 01:00:00,1,prebreak,ok,0.0,neither,,10691,1|2023-04-01,ok,0.11912698326074374,0.17377392402453307,1|recent|7768,recent,0.11912698326074374
2023-04-28 06:00:00,2023-04-28 06:00:00,2023-04-28 07:00:00,2023-04-29 07:00:00,1,prebreak,ok,0.0,neither,,10696,1|2023-04-01,ok,0.11912698326074374,0.19096468410853856,1|recent|7773,recent,0.11912698326074374
2023-04-29 12:00:00,2023-04-29 12:00:00,2023-04-29 13:00:00,2023-04-30 13:00:00,1,prebreak,ok,0.0,neither,,10701,1|2023-04-01,ok,0.11912698326074374,0.18568476853875748,1|recent|7778,recent,0.11912698326074374
2023-04-30 18:00:00,2023-04-30 18:00:00,2023-04-30 19:00:00,2023-05-01 19:00:00,1,prebreak,ok,1.0,lower_first,20.0,10706,1|2023-04-01,ok,0.11912698326074374,0.07949585753749078,1|recent|7783,recent,0.11912698326074374
2023-05-03 00:00:00,2023-05-03 00:00:00,2023-05-03 01:00:00,2023-05-04 01:00:00,1,prebreak,ok,0.0,neither,,10715,1|2023-04-01,ok,0.11912698326074374,0.11415613940192501,1|recent|7792,recent,0.11912698326074374
2023-05-04 06:00:00,2023-05-04 06:00:00,2023-05-04 07:00:00,2023-05-05 07:00:00,1,prebreak,ok,0.0,neither,,10720,1|2023-04-01,ok,0.11912698326074374,0.0947159707822614,1|recent|7797,recent,0.11912698326074374
2023-05-05 12:00:00,2023-05-05 12:00:00,2023-05-05 13:00:00,2023-05-06 13:00:00,1,prebreak,ok,0.0,upper_first,11.0,10725,1|2023-04-01,ok,0.11912698326074374,0.09022368947309248,1|recent|7802,recent,0.11912698326074374
2023-05-06 18:00:00,2023-05-06 18:00:00,2023-05-06 19:00:00,2023-05-07 19:00:00,1,prebreak,ok,0.0,neither,,10730,1|2023-04-01,ok,0.11912698326074374,0.09561600967282294,1|recent|7807,recent,0.11912698326074374
2023-05-08 00:00:00,2023-05-08 00:00:00,2023-05-08 01:00:00,2023-05-09 01:00:00,1,prebreak,ok,0.0,neither,,10735,1|2023-04-01,ok,0.11912698326074374,0.10163756360391034,1|recent|7812,recent,0.11912698326074374
2023-05-10 00:00:00,2023-05-10 00:00:00,2023-05-10 01:00:00,2023-05-11 01:00:00,1,prebreak,ok,0.0,neither,,10743,1|2023-04-01,ok,0.11912698326074374,0.09588810929308168,1|recent|7820,recent,0.11912698326074374
2023-05-11 06:00:00,2023-05-11 06:00:00,2023-05-11 07:00:00,2023-05-12 07:00:00,1,prebreak,ok,1.0,lower_first,23.0,10748,1|2023-04-01,ok,0.11912698326074374,0.1172120147056824,1|recent|7825,recent,0.11912698326074374
2023-05-13 06:00:00,2023-05-13 06:00:00,2023-05-13 07:00:00,2023-05-14 07:00:00,1,prebreak,ok,0.0,neither,,10756,1|2023-04-01,ok,0.11912698326074374,0.11641486366259138,1|recent|7833,recent,0.11912698326074374
2023-05-14 12:00:00,2023-05-14 12:00:00,2023-05-14 13:00:00,2023-05-15 13:00:00,1,prebreak,ok,0.0,neither,,10761,1|2023-04-01,ok,0.11912698326074374,0.07511967280560418,1|recent|7838,recent,0.11912698326074374
2023-05-15 18:00:00,2023-05-15 18:00:00,2023-05-15 19:00:00,2023-05-16 19:00:00,1,prebreak,ok,0.0,neither,,10766,1|2023-04-01,ok,0.11912698326074374,0.06047478406940961,1|recent|7843,recent,0.11912698326074374
2023-05-17 00:00:00,2023-05-17 00:00:00,2023-05-17 01:00:00,2023-05-18 01:00:00,1,prebreak,ok,0.0,neither,,10771,1|2023-04-01,ok,0.11912698326074374,0.06991059472584675,1|recent|7848,recent,0.11912698326074374
2023-05-18 12:00:00,2023-05-18 12:00:00,2023-05-18 13:00:00,2023-05-19 13:00:00,1,prebreak,ok,0.0,neither,,10777,1|2023-04-01,ok,0.11912698326074374,0.07120004727394999,1|recent|7854,recent,0.11912698326074374
2023-05-19 18:00:00,2023-05-19 18:00:00,2023-05-19 19:00:00,2023-05-20 19:00:00,1,prebreak,ok,0.0,neither,,10782,1|2023-04-01,ok,0.11912698326074374,0.09400222820406169,1|recent|7859,recent,0.11912698326074374
2023-05-21 00:00:00,2023-05-21 00:00:00,2023-05-21 01:00:00,2023-05-22 01:00:00,1,prebreak,ok,0.0,neither,,10787,1|2023-04-01,ok,0.11912698326074374,0.08106911147027263,1|recent|7864,recent,0.11912698326074374
2023-05-22 06:00:00,2023-05-22 06:00:00,2023-05-22 07:00:00,2023-05-23 07:00:00,1,prebreak,ok,0.0,neither,,10792,1|2023-04-01,ok,0.11912698326074374,0.048608344286482606,1|recent|7869,recent,0.11912698326074374
2023-05-23 12:00:00,2023-05-23 12:00:00,2023-05-23 13:00:00,2023-05-24 13:00:00,1,prebreak,ok,0.0,neither,,10797,1|2023-04-01,ok,0.11912698326074374,0.06658802559774102,1|recent|7874,recent,0.11912698326074374
2023-05-25 18:00:00,2023-05-25 18:00:00,2023-05-25 19:00:00,2023-05-26 19:00:00,1,prebreak,ok,0.0,neither,,10806,1|2023-04-01,ok,0.11912698326074374,0.07699975474530132,1|recent|7883,recent,0.11912698326074374
2023-05-27 00:00:00,2023-05-27 00:00:00,2023-05-27 01:00:00,2023-05-28 01:00:00,1,prebreak,ok,0.0,neither,,10811,1|2023-04-01,ok,0.11912698326074374,0.07155122766782278,1|recent|7888,recent,0.11912698326074374
2023-05-28 06:00:00,2023-05-28 06:00:00,2023-05-28 07:00:00,2023-05-29 07:00:00,1,prebreak,ok,0.0,upper_first,15.0,10816,1|2023-04-01,ok,0.11912698326074374,0.048533552740429524,1|recent|7893,recent,0.11912698326074374
2023-05-29 12:00:00,2023-05-29 12:00:00,2023-05-29 13:00:00,2023-05-30 13:00:00,1,prebreak,ok,0.0,neither,,10821,1|2023-04-01,ok,0.11912698326074374,0.06202750284590467,1|recent|7898,recent,0.11912698326074374
2023-05-30 18:00:00,2023-05-30 18:00:00,2023-05-30 19:00:00,2023-05-31 19:00:00,1,prebreak,ok,0.0,neither,,10826,1|2023-04-01,ok,0.11912698326074374,0.0693129773343732,1|recent|7903,recent,0.11912698326074374
2023-06-02 06:00:00,2023-06-02 06:00:00,2023-06-02 07:00:00,2023-06-03 07:00:00,1,prebreak,ok,0.0,neither,,10836,1|2023-04-01,ok,0.11912698326074374,0.07599879223859198,1|recent|7913,recent,0.11912698326074374
2023-06-03 12:00:00,2023-06-03 12:00:00,2023-06-03 13:00:00,2023-06-04 13:00:00,1,prebreak,ok,0.0,neither,,10841,1|2023-04-01,ok,0.11912698326074374,0.0721736255897536,1|recent|7918,recent,0.11912698326074374
2023-06-04 18:00:00,2023-06-04 18:00:00,2023-06-04 19:00:00,2023-06-05 19:00:00,1,prebreak,ok,1.0,lower_first,21.0,10846,1|2023-04-01,ok,0.11912698326074374,0.05326573017712277,1|recent|7923,recent,0.11912698326074374
2023-06-06 18:00:00,2023-06-06 18:00:00,2023-06-06 19:00:00,2023-06-07 19:00:00,1,prebreak,ok,0.0,neither,,10854,1|2023-04-01,ok,0.11912698326074374,0.08848048831196999,1|recent|7931,recent,0.11912698326074374
2023-06-08 00:00:00,2023-06-08 00:00:00,2023-06-08 01:00:00,2023-06-09 01:00:00,1,prebreak,ok,0.0,neither,,10859,1|2023-04-01,ok,0.11912698326074374,0.12097864149683778,1|recent|7936,recent,0.11912698326074374
2023-06-09 06:00:00,2023-06-09 06:00:00,2023-06-09 07:00:00,2023-06-10 07:00:00,1,prebreak,ok,0.0,neither,,10864,1|2023-04-01,ok,0.11912698326074374,0.1018760527790044,1|recent|7941,recent,0.11912698326074374
2023-06-11 06:00:00,2023-06-11 06:00:00,2023-06-11 07:00:00,2023-06-12 07:00:00,1,prebreak,ok,0.0,neither,,10872,1|2023-04-01,ok,0.11912698326074374,0.10692902697159731,1|recent|7949,recent,0.11912698326074374
2023-06-12 12:00:00,2023-06-12 12:00:00,2023-06-12 13:00:00,2023-06-13 13:00:00,1,prebreak,ok,0.0,neither,,10877,1|2023-04-01,ok,0.11912698326074374,0.10148037063247864,1|recent|7954,recent,0.11912698326074374
2023-06-13 18:00:00,2023-06-13 18:00:00,2023-06-13 19:00:00,2023-06-14 19:00:00,1,prebreak,ok,0.0,neither,,10882,1|2023-04-01,ok,0.11912698326074374,0.09778926384866057,1|recent|7959,recent,0.11912698326074374
2023-06-16 00:00:00,2023-06-16 00:00:00,2023-06-16 01:00:00,2023-06-17 01:00:00,1,prebreak,ok,0.0,upper_first,16.0,10891,1|2023-04-01,ok,0.11912698326074374,0.11118956180726193,1|recent|7968,recent,0.11912698326074374
2023-06-17 06:00:00,2023-06-17 06:00:00,2023-06-17 07:00:00,2023-06-18 07:00:00,1,prebreak,ok,0.0,neither,,10896,1|2023-04-01,ok,0.11912698326074374,0.10531608640238167,1|recent|7973,recent,0.11912698326074374
2023-06-18 12:00:00,2023-06-18 12:00:00,2023-06-18 13:00:00,2023-06-19 13:00:00,1,prebreak,ok,0.0,neither,,10901,1|2023-04-01,ok,0.11912698326074374,0.06911000000208964,1|recent|7978,recent,0.11912698326074374
2023-06-19 18:00:00,2023-06-19 18:00:00,2023-06-19 19:00:00,2023-06-20 19:00:00,1,prebreak,ok,0.0,upper_first,21.0,10906,1|2023-04-01,ok,0.11912698326074374,0.06571284510303285,1|recent|7983,recent,0.11912698326074374
2023-06-21 00:00:00,2023-06-21 00:00:00,2023-06-21 01:00:00,2023-06-22 01:00:00,1,prebreak,ok,0.0,upper_first,12.0,10911,1|2023-04-01,ok,0.11912698326074374,0.07738076864103595,1|recent|7988,recent,0.11912698326074374
2023-06-22 06:00:00,2023-06-22 06:00:00,2023-06-22 07:00:00,2023-06-23 07:00:00,1,prebreak,ok,0.0,neither,,10916,1|2023-04-01,ok,0.11912698326074374,0.0879992817559484,1|recent|7993,recent,0.11912698326074374
2023-06-23 12:00:00,2023-06-23 12:00:00,2023-06-23 13:00:00,2023-06-24 13:00:00,1,prebreak,ok,0.0,upper_first,2.0,10921,1|2023-04-01,ok,0.11912698326074374,0.09706568860991133,1|recent|7998,recent,0.11912698326074374
2023-06-24 18:00:00,2023-06-24 18:00:00,2023-06-24 19:00:00,2023-06-25 19:00:00,1,prebreak,ok,0.0,neither,,10926,1|2023-04-01,ok,0.11912698326074374,0.12064582102449727,1|recent|8003,recent,0.11912698326074374
2023-06-26 00:00:00,2023-06-26 00:00:00,2023-06-26 01:00:00,2023-06-27 01:00:00,1,prebreak,ok,0.0,neither,,10931,1|2023-04-01,ok,0.11912698326074374,0.10871489132243037,1|recent|8008,recent,0.11912698326074374
2023-06-27 06:00:00,2023-06-27 06:00:00,2023-06-27 07:00:00,2023-06-28 07:00:00,1,prebreak,ok,0.0,neither,,10936,1|2023-04-01,ok,0.11912698326074374,0.08388441901270632,1|recent|8013,recent,0.11912698326074374
2023-06-28 12:00:00,2023-06-28 12:00:00,2023-06-28 13:00:00,2023-06-29 13:00:00,1,prebreak,ok,0.0,neither,,10941,1|2023-04-01,ok,0.11912698326074374,0.08738946017637887,1|recent|8018,recent,0.11912698326074374
2023-06-29 18:00:00,2023-06-29 18:00:00,2023-06-29 19:00:00,2023-06-30 19:00:00,1,prebreak,ok,0.0,neither,,10946,1|2023-04-01,ok,0.11912698326074374,0.08075646766480911,1|recent|8023,recent,0.11912698326074374
2023-07-01 00:00:00,2023-07-01 00:00:00,2023-07-01 01:00:00,2023-07-02 01:00:00,1,prebreak,ok,0.0,neither,,10951,1|2023-07-01,ok,0.10468652156680537,0.10094149155641755,1|recent|8028,recent,0.10468652156680537
2023-07-02 06:00:00,2023-07-02 06:00:00,2023-07-02 07:00:00,2023-07-03 07:00:00,1,prebreak,ok,0.0,neither,,10956,1|2023-07-01,ok,0.10468652156680537,0.09547486601264227,1|recent|8033,recent,0.10468652156680537
2023-07-03 12:00:00,2023-07-03 12:00:00,2023-07-03 13:00:00,2023-07-04 13:00:00,1,prebreak,ok,0.0,neither,,10961,1|2023-07-01,ok,0.10468652156680537,0.08617239829156156,1|recent|8038,recent,0.10468652156680537
2023-07-04 18:00:00,2023-07-04 18:00:00,2023-07-04 19:00:00,2023-07-05 19:00:00,1,prebreak,ok,0.0,neither,,10966,1|2023-07-01,ok,0.10468652156680537,0.05896655432809811,1|recent|8043,recent,0.10468652156680537
2023-07-06 00:00:00,2023-07-06 00:00:00,2023-07-06 01:00:00,2023-07-07 01:00:00,1,prebreak,ok,0.0,upper_first,7.0,10971,1|2023-07-01,ok,0.10468652156680537,0.06409893066116314,1|recent|8048,recent,0.10468652156680537
2023-07-07 06:00:00,2023-07-07 06:00:00,2023-07-07 07:00:00,2023-07-08 07:00:00,1,prebreak,ok,0.0,neither,,10976,1|2023-07-01,ok,0.10468652156680537,0.08349090413753807,1|recent|8053,recent,0.10468652156680537
2023-07-08 12:00:00,2023-07-08 12:00:00,2023-07-08 13:00:00,2023-07-09 13:00:00,1,prebreak,ok,0.0,neither,,10981,1|2023-07-01,ok,0.10468652156680537,0.09417136498482516,1|recent|8058,recent,0.10468652156680537
2023-07-09 18:00:00,2023-07-09 18:00:00,2023-07-09 19:00:00,2023-07-10 19:00:00,1,prebreak,ok,0.0,neither,,10986,1|2023-07-01,ok,0.10468652156680537,0.05548646918577656,1|recent|8063,recent,0.10468652156680537
2023-07-11 00:00:00,2023-07-11 00:00:00,2023-07-11 01:00:00,2023-07-12 01:00:00,1,prebreak,ok,0.0,neither,,10991,1|2023-07-01,ok,0.10468652156680537,0.0709244161775419,1|recent|8068,recent,0.10468652156680537
2023-07-12 06:00:00,2023-07-12 06:00:00,2023-07-12 07:00:00,2023-07-13 07:00:00,1,prebreak,ok,0.0,neither,,10996,1|2023-07-01,ok,0.10468652156680537,0.07346609151363788,1|recent|8073,recent,0.10468652156680537
2023-07-13 12:00:00,2023-07-13 12:00:00,2023-07-13 13:00:00,2023-07-14 13:00:00,1,prebreak,ok,0.0,upper_first,5.0,11001,1|2023-07-01,ok,0.10468652156680537,0.0800395231389537,1|recent|8078,recent,0.10468652156680537
2023-07-14 18:00:00,2023-07-14 18:00:00,2023-07-14 19:00:00,2023-07-15 19:00:00,1,prebreak,ok,0.0,neither,,11006,1|2023-07-01,ok,0.10468652156680537,0.10611309765549805,1|recent|8083,recent,0.10468652156680537
2023-07-16 00:00:00,2023-07-16 00:00:00,2023-07-16 01:00:00,2023-07-17 01:00:00,1,prebreak,ok,0.0,neither,,11011,1|2023-07-01,ok,0.10468652156680537,0.10295224443611847,1|recent|8088,recent,0.10468652156680537
2023-07-17 06:00:00,2023-07-17 06:00:00,2023-07-17 07:00:00,2023-07-18 07:00:00,1,prebreak,ok,0.0,neither,,11016,1|2023-07-01,ok,0.10468652156680537,0.08376239339263056,1|recent|8093,recent,0.10468652156680537
2023-07-19 00:00:00,2023-07-19 00:00:00,2023-07-19 01:00:00,2023-07-20 01:00:00,1,prebreak,ok,0.0,neither,,11023,1|2023-07-01,ok,0.10468652156680537,0.06253208316340461,1|recent|8100,recent,0.10468652156680537
2023-07-20 06:00:00,2023-07-20 06:00:00,2023-07-20 07:00:00,2023-07-21 07:00:00,1,prebreak,ok,0.0,neither,,11028,1|2023-07-01,ok,0.10468652156680537,0.06455129223717689,1|recent|8105,recent,0.10468652156680537
2023-07-21 12:00:00,2023-07-21 12:00:00,2023-07-21 13:00:00,2023-07-22 13:00:00,1,prebreak,ok,0.0,neither,,11033,1|2023-07-01,ok,0.10468652156680537,0.07383737725063075,1|recent|8110,recent,0.10468652156680537
2023-07-22 18:00:00,2023-07-22 18:00:00,2023-07-22 19:00:00,2023-07-23 19:00:00,1,prebreak,ok,0.0,neither,,11038,1|2023-07-01,ok,0.10468652156680537,0.06627948526046067,1|recent|8115,recent,0.10468652156680537
2023-07-24 00:00:00,2023-07-24 00:00:00,2023-07-24 01:00:00,2023-07-25 01:00:00,1,prebreak,ok,0.0,neither,,11043,1|2023-07-01,ok,0.10468652156680537,0.04782213763766177,1|recent|8120,recent,0.10468652156680537
2023-07-25 12:00:00,2023-07-25 12:00:00,2023-07-25 13:00:00,2023-07-26 13:00:00,1,prebreak,ok,0.0,neither,,11049,1|2023-07-01,ok,0.10468652156680537,0.07595337612040731,1|recent|8126,recent,0.10468652156680537
2023-07-26 18:00:00,2023-07-26 18:00:00,2023-07-26 19:00:00,2023-07-27 19:00:00,1,prebreak,ok,0.0,neither,,11054,1|2023-07-01,ok,0.10468652156680537,0.0782348192881404,1|recent|8131,recent,0.10468652156680537
2023-07-28 00:00:00,2023-07-28 00:00:00,2023-07-28 01:00:00,2023-07-29 01:00:00,1,prebreak,ok,0.0,neither,,11059,1|2023-07-01,ok,0.10468652156680537,0.049354212204924204,1|recent|8136,recent,0.10468652156680537
2023-07-29 06:00:00,2023-07-29 06:00:00,2023-07-29 07:00:00,2023-07-30 07:00:00,1,prebreak,ok,0.0,neither,,11064,1|2023-07-01,ok,0.10468652156680537,0.05174440793362862,1|recent|8141,recent,0.10468652156680537
2023-07-30 12:00:00,2023-07-30 12:00:00,2023-07-30 13:00:00,2023-07-31 13:00:00,1,prebreak,ok,0.0,neither,,11069,1|2023-07-01,ok,0.10468652156680537,0.03788951157799783,1|recent|8146,recent,0.10468652156680537
2023-07-31 18:00:00,2023-07-31 18:00:00,2023-07-31 19:00:00,2023-08-01 19:00:00,1,prebreak,ok,0.0,neither,,11074,1|2023-07-01,ok,0.10468652156680537,0.04283578427576876,1|recent|8151,recent,0.10468652156680537
2023-08-02 06:00:00,2023-08-02 06:00:00,2023-08-02 07:00:00,2023-08-03 07:00:00,1,prebreak,ok,0.0,neither,,11080,1|2023-07-01,ok,0.10468652156680537,0.07495378716914113,1|recent|8157,recent,0.10468652156680537
2023-08-03 12:00:00,2023-08-03 12:00:00,2023-08-03 13:00:00,2023-08-04 13:00:00,1,prebreak,ok,0.0,neither,,11085,1|2023-07-01,ok,0.10468652156680537,0.07387029385541741,1|recent|8162,recent,0.10468652156680537
2023-08-04 18:00:00,2023-08-04 18:00:00,2023-08-04 19:00:00,2023-08-05 19:00:00,1,prebreak,ok,0.0,neither,,11090,1|2023-07-01,ok,0.10468652156680537,0.07827775148623874,1|recent|8167,recent,0.10468652156680537
2023-08-06 00:00:00,2023-08-06 00:00:00,2023-08-06 01:00:00,2023-08-07 01:00:00,1,prebreak,ok,0.0,neither,,11095,1|2023-07-01,ok,0.10468652156680537,0.04518073082806848,1|recent|8172,recent,0.10468652156680537
2023-08-07 06:00:00,2023-08-07 06:00:00,2023-08-07 07:00:00,2023-08-08 07:00:00,1,prebreak,ok,0.0,neither,,11100,1|2023-07-01,ok,0.10468652156680537,0.035004241543026775,1|recent|8177,recent,0.10468652156680537
2023-08-08 12:00:00,2023-08-08 12:00:00,2023-08-08 13:00:00,2023-08-09 13:00:00,1,prebreak,ok,0.0,neither,,11105,1|2023-07-01,ok,0.10468652156680537,0.03347685344410013,1|recent|8182,recent,0.10468652156680537
2023-08-09 18:00:00,2023-08-09 18:00:00,2023-08-09 19:00:00,2023-08-10 19:00:00,1,prebreak,ok,0.0,neither,,11110,1|2023-07-01,ok,0.10468652156680537,0.06817499282530276,1|recent|8187,recent,0.10468652156680537
2023-08-11 00:00:00,2023-08-11 00:00:00,2023-08-11 01:00:00,2023-08-12 01:00:00,1,prebreak,ok,0.0,neither,,11115,1|2023-07-01,ok,0.10468652156680537,0.07068302555424281,1|recent|8192,recent,0.10468652156680537
2023-08-12 06:00:00,2023-08-12 06:00:00,2023-08-12 07:00:00,2023-08-13 07:00:00,1,prebreak,ok,0.0,neither,,11120,1|2023-07-01,ok,0.10468652156680537,0.05763110336166427,1|recent|8197,recent,0.10468652156680537
2023-08-13 12:00:00,2023-08-13 12:00:00,2023-08-13 13:00:00,2023-08-14 13:00:00,1,prebreak,ok,0.0,neither,,11125,1|2023-07-01,ok,0.10468652156680537,0.03688769985871673,1|recent|8202,recent,0.10468652156680537
2023-08-14 18:00:00,2023-08-14 18:00:00,2023-08-14 19:00:00,2023-08-15 19:00:00,1,prebreak,ok,0.0,neither,,11130,1|2023-07-01,ok,0.10468652156680537,0.03329547934713684,1|recent|8207,recent,0.10468652156680537
2023-08-16 00:00:00,2023-08-16 00:00:00,2023-08-16 01:00:00,2023-08-17 01:00:00,1,prebreak,ok,0.0,neither,,11135,1|2023-07-01,ok,0.10468652156680537,0.04244744259801389,1|recent|8212,recent,0.10468652156680537
2023-08-19 00:00:00,2023-08-19 00:00:00,2023-08-19 01:00:00,2023-08-20 01:00:00,1,prebreak,ok,0.0,neither,,11147,1|2023-07-01,ok,0.10468652156680537,0.11804767272097773,1|recent|8224,recent,0.10468652156680537
2023-08-20 06:00:00,2023-08-20 06:00:00,2023-08-20 07:00:00,2023-08-21 07:00:00,1,prebreak,ok,0.0,neither,,11152,1|2023-07-01,ok,0.10468652156680537,0.12543875461721712,1|recent|8229,recent,0.10468652156680537
2023-08-21 12:00:00,2023-08-21 12:00:00,2023-08-21 13:00:00,2023-08-22 13:00:00,1,prebreak,ok,0.0,neither,,11157,1|2023-07-01,ok,0.10468652156680537,0.058133095143319276,1|recent|8234,recent,0.10468652156680537
2023-08-22 18:00:00,2023-08-22 18:00:00,2023-08-22 19:00:00,2023-08-23 19:00:00,1,prebreak,ok,0.0,neither,,11162,1|2023-07-01,ok,0.10468652156680537,0.06444679282071361,1|recent|8239,recent,0.10468652156680537
2023-08-24 00:00:00,2023-08-24 00:00:00,2023-08-24 01:00:00,2023-08-25 01:00:00,1,prebreak,ok,0.0,neither,,11167,1|2023-07-01,ok,0.10468652156680537,0.07872952237311599,1|recent|8244,recent,0.10468652156680537
2023-08-25 06:00:00,2023-08-25 06:00:00,2023-08-25 07:00:00,2023-08-26 07:00:00,1,prebreak,ok,0.0,neither,,11172,1|2023-07-01,ok,0.10468652156680537,0.07661603465888299,1|recent|8249,recent,0.10468652156680537
2023-08-26 12:00:00,2023-08-26 12:00:00,2023-08-26 13:00:00,2023-08-27 13:00:00,1,prebreak,ok,0.0,neither,,11177,1|2023-07-01,ok,0.10468652156680537,0.07890035467997183,1|recent|8254,recent,0.10468652156680537
2023-08-27 18:00:00,2023-08-27 18:00:00,2023-08-27 19:00:00,2023-08-28 19:00:00,1,prebreak,ok,0.0,neither,,11182,1|2023-07-01,ok,0.10468652156680537,0.05236829276228087,1|recent|8259,recent,0.10468652156680537
2023-08-29 00:00:00,2023-08-29 00:00:00,2023-08-29 01:00:00,2023-08-30 01:00:00,1,prebreak,ok,0.0,upper_first,13.0,11187,1|2023-07-01,ok,0.10468652156680537,0.0342469956582122,1|recent|8264,recent,0.10468652156680537
2023-08-30 06:00:00,2023-08-30 06:00:00,2023-08-30 07:00:00,2023-08-31 07:00:00,1,prebreak,ok,0.0,neither,,11192,1|2023-07-01,ok,0.10468652156680537,0.14493582715732242,1|recent|8269,recent,0.10468652156680537
2023-08-31 12:00:00,2023-08-31 12:00:00,2023-08-31 13:00:00,2023-09-01 13:00:00,1,prebreak,ok,1.0,lower_first,8.0,11197,1|2023-07-01,ok,0.10468652156680537,0.13893834867169794,1|recent|8274,recent,0.10468652156680537
2023-09-02 18:00:00,2023-09-02 18:00:00,2023-09-02 19:00:00,2023-09-03 19:00:00,1,prebreak,ok,0.0,neither,,11206,1|2023-07-01,ok,0.10468652156680537,0.09862790921729679,1|recent|8283,recent,0.10468652156680537
2023-09-04 00:00:00,2023-09-04 00:00:00,2023-09-04 01:00:00,2023-09-05 01:00:00,1,prebreak,ok,0.0,neither,,11211,1|2023-07-01,ok,0.10468652156680537,0.05970367255973084,1|recent|8288,recent,0.10468652156680537
2023-09-06 00:00:00,2023-09-06 00:00:00,2023-09-06 01:00:00,2023-09-07 01:00:00,1,prebreak,ok,0.0,neither,,11219,1|2023-07-01,ok,0.10468652156680537,0.04116157360838626,1|recent|8296,recent,0.10468652156680537
2023-09-07 06:00:00,2023-09-07 06:00:00,2023-09-07 07:00:00,2023-09-08 07:00:00,1,prebreak,ok,0.0,neither,,11224,1|2023-07-01,ok,0.10468652156680537,0.05681521232902182,1|recent|8301,recent,0.10468652156680537
2023-09-08 12:00:00,2023-09-08 12:00:00,2023-09-08 13:00:00,2023-09-09 13:00:00,1,prebreak,ok,0.0,neither,,11229,1|2023-07-01,ok,0.10468652156680537,0.07570444179431714,1|recent|8306,recent,0.10468652156680537
2023-09-09 18:00:00,2023-09-09 18:00:00,2023-09-09 19:00:00,2023-09-10 19:00:00,1,prebreak,ok,0.0,neither,,11234,1|2023-07-01,ok,0.10468652156680537,0.06610823050286847,1|recent|8311,recent,0.10468652156680537
2023-09-11 00:00:00,2023-09-11 00:00:00,2023-09-11 01:00:00,2023-09-12 01:00:00,1,prebreak,ok,0.0,neither,,11239,1|2023-07-01,ok,0.10468652156680537,0.04529380573196856,1|recent|8316,recent,0.10468652156680537
2023-09-12 18:00:00,2023-09-12 18:00:00,2023-09-12 19:00:00,2023-09-13 19:00:00,1,prebreak,ok,0.0,neither,,11246,1|2023-07-01,ok,0.10468652156680537,0.1041183061079616,1|recent|8323,recent,0.10468652156680537
2023-09-14 00:00:00,2023-09-14 00:00:00,2023-09-14 01:00:00,2023-09-15 01:00:00,1,prebreak,ok,0.0,neither,,11251,1|2023-07-01,ok,0.10468652156680537,0.09744980260277229,1|recent|8328,recent,0.10468652156680537
2023-09-15 06:00:00,2023-09-15 06:00:00,2023-09-15 07:00:00,2023-09-16 07:00:00,1,prebreak,ok,0.0,neither,,11256,1|2023-07-01,ok,0.10468652156680537,0.08537172538301184,1|recent|8333,recent,0.10468652156680537
2023-09-16 12:00:00,2023-09-16 12:00:00,2023-09-16 13:00:00,2023-09-17 13:00:00,1,prebreak,ok,0.0,neither,,11261,1|2023-07-01,ok,0.10468652156680537,0.08277716531256857,1|recent|8338,recent,0.10468652156680537
2023-09-17 18:00:00,2023-09-17 18:00:00,2023-09-17 19:00:00,2023-09-18 19:00:00,1,prebreak,ok,0.0,upper_first,17.0,11266,1|2023-07-01,ok,0.10468652156680537,0.06301497751454693,1|recent|8343,recent,0.10468652156680537
2023-09-19 00:00:00,2023-09-19 00:00:00,2023-09-19 01:00:00,2023-09-20 01:00:00,1,prebreak,ok,0.0,upper_first,14.0,11271,1|2023-07-01,ok,0.10468652156680537,0.08115918418653739,1|recent|8348,recent,0.10468652156680537
2023-09-20 06:00:00,2023-09-20 06:00:00,2023-09-20 07:00:00,2023-09-21 07:00:00,1,prebreak,ok,0.0,neither,,11276,1|2023-07-01,ok,0.10468652156680537,0.09547808491218798,1|recent|8353,recent,0.10468652156680537
2023-09-21 12:00:00,2023-09-21 12:00:00,2023-09-21 13:00:00,2023-09-22 13:00:00,1,prebreak,ok,0.0,neither,,11281,1|2023-07-01,ok,0.10468652156680537,0.09573549638423859,1|recent|8358,recent,0.10468652156680537
2023-09-22 18:00:00,2023-09-22 18:00:00,2023-09-22 19:00:00,2023-09-23 19:00:00,1,prebreak,ok,0.0,neither,,11286,1|2023-07-01,ok,0.10468652156680537,0.07043045584135983,1|recent|8363,recent,0.10468652156680537
2023-09-24 00:00:00,2023-09-24 00:00:00,2023-09-24 01:00:00,2023-09-25 01:00:00,1,prebreak,ok,0.0,neither,,11291,1|2023-07-01,ok,0.10468652156680537,0.05384066903439607,1|recent|8368,recent,0.10468652156680537
2023-09-26 00:00:00,2023-09-26 00:00:00,2023-09-26 01:00:00,2023-09-27 01:00:00,1,prebreak,ok,0.0,neither,,11299,1|2023-07-01,ok,0.10468652156680537,0.046323239149210056,1|recent|8376,recent,0.10468652156680537
2023-09-27 06:00:00,2023-09-27 06:00:00,2023-09-27 07:00:00,2023-09-28 07:00:00,1,prebreak,ok,0.0,neither,,11304,1|2023-07-01,ok,0.10468652156680537,0.05154704902055686,1|recent|8381,recent,0.10468652156680537
2023-09-28 12:00:00,2023-09-28 12:00:00,2023-09-28 13:00:00,2023-09-29 13:00:00,1,prebreak,ok,0.0,upper_first,3.0,11309,1|2023-07-01,ok,0.10468652156680537,0.07331783211030173,1|recent|8386,recent,0.10468652156680537
2023-09-29 18:00:00,2023-09-29 18:00:00,2023-09-29 19:00:00,2023-09-30 19:00:00,1,prebreak,ok,0.0,neither,,11314,1|2023-07-01,ok,0.10468652156680537,0.07919394572465527,1|recent|8391,recent,0.10468652156680537
2018-01-12 06:00:00,2018-01-12 06:00:00,2018-01-12 07:00:00,2018-01-13 07:00:00,1,prebreak,ok,0.0,upper_first,17.0,2968,1|2018-01-01,ok,0.12069297183543093,0.19136069483307572,1|price|45,price,0.19136069483307572
2018-01-13 12:00:00,2018-01-13 12:00:00,2018-01-13 13:00:00,2018-01-14 13:00:00,1,prebreak,ok,1.0,lower_first,16.0,2973,1|2018-01-01,ok,0.12069297183543093,0.18267201070648792,1|price|50,price,0.18267201070648792
2018-01-14 18:00:00,2018-01-14 18:00:00,2018-01-14 19:00:00,2018-01-15 19:00:00,1,prebreak,ok,0.0,upper_first,17.0,2978,1|2018-01-01,ok,0.12069297183543093,0.14416918061687212,1|price|55,price,0.14416918061687212
2018-01-16 00:00:00,2018-01-16 00:00:00,2018-01-16 01:00:00,2018-01-17 01:00:00,1,prebreak,ok,1.0,lower_first,6.0,2983,1|2018-01-01,ok,0.12069297183543093,0.1187511573048429,1|price|60,price,0.1187511573048429
2018-01-18 18:00:00,2018-01-18 18:00:00,2018-01-18 19:00:00,2018-01-19 19:00:00,1,prebreak,ok,1.0,lower_first,3.0,2994,1|2018-01-01,ok,0.12069297183543093,0.27004099625892863,1|price|71,price,0.27004099625892863
2018-01-20 00:00:00,2018-01-20 00:00:00,2018-01-20 01:00:00,2018-01-21 01:00:00,1,prebreak,ok,0.0,upper_first,3.0,2999,1|2018-01-01,ok,0.12069297183543093,0.23122687412243134,1|price|76,price,0.23122687412243134
2018-01-21 06:00:00,2018-01-21 06:00:00,2018-01-21 07:00:00,2018-01-22 07:00:00,1,prebreak,ok,1.0,lower_first,9.0,3004,1|2018-01-01,ok,0.12069297183543093,0.19236881642663042,1|price|81,price,0.19236881642663042
2018-01-22 12:00:00,2018-01-22 12:00:00,2018-01-22 13:00:00,2018-01-23 13:00:00,1,prebreak,ok,1.0,lower_first,0.0,3009,1|2018-01-01,ok,0.12069297183543093,0.17534902305957015,1|price|86,price,0.17534902305957015
2018-01-23 18:00:00,2018-01-23 18:00:00,2018-01-23 19:00:00,2018-01-24 19:00:00,1,prebreak,ok,1.0,lower_first,5.0,3014,1|2018-01-01,ok,0.12069297183543093,0.1804969517859862,1|price|91,price,0.1804969517859862
2018-01-25 00:00:00,2018-01-25 00:00:00,2018-01-25 01:00:00,2018-01-26 01:00:00,1,prebreak,ok,0.0,upper_first,2.0,3019,1|2018-01-01,ok,0.12069297183543093,0.19082619332770748,1|price|96,price,0.19082619332770748
2018-01-26 06:00:00,2018-01-26 06:00:00,2018-01-26 07:00:00,2018-01-27 07:00:00,1,prebreak,ok,1.0,lower_first,1.0,3024,1|2018-01-01,ok,0.12069297183543093,0.14903717999976102,1|price|101,price,0.14903717999976102
2018-01-27 12:00:00,2018-01-27 12:00:00,2018-01-27 13:00:00,2018-01-28 13:00:00,1,prebreak,ok,0.0,upper_first,2.0,3029,1|2018-01-01,ok,0.12069297183543093,0.15873068492760453,1|price|106,price,0.15873068492760453
2018-01-28 18:00:00,2018-01-28 18:00:00,2018-01-28 19:00:00,2018-01-29 19:00:00,1,prebreak,ok,0.0,neither,,3034,1|2018-01-01,ok,0.12069297183543093,0.14038471197493305,1|price|111,price,0.14038471197493305
2018-01-30 00:00:00,2018-01-30 00:00:00,2018-01-30 01:00:00,2018-01-31 01:00:00,1,prebreak,ok,1.0,lower_first,12.0,3039,1|2018-01-01,ok,0.12069297183543093,0.133900945485942,1|price|116,price,0.133900945485942
2018-03-03 12:00:00,2018-03-03 12:00:00,2018-03-03 13:00:00,2018-03-04 13:00:00,1,prebreak,ok,0.0,neither,,3169,1|2018-01-01,ok,0.12069297183543093,0.11822408161439452,1|price|246,price,0.11822408161439452
2018-03-04 18:00:00,2018-03-04 18:00:00,2018-03-04 19:00:00,2018-03-05 19:00:00,1,prebreak,ok,0.0,neither,,3174,1|2018-01-01,ok,0.12069297183543093,0.1300384103197063,1|price|251,price,0.1300384103197063
2018-03-06 00:00:00,2018-03-06 00:00:00,2018-03-06 01:00:00,2018-03-07 01:00:00,1,prebreak,ok,1.0,lower_first,16.0,3179,1|2018-01-01,ok,0.12069297183543093,0.11704201856684843,1|price|256,price,0.11704201856684843
2018-03-10 06:00:00,2018-03-10 06:00:00,2018-03-10 07:00:00,2018-03-11 07:00:00,1,prebreak,ok,1.0,lower_first,11.0,3196,1|2018-01-01,ok,0.12069297183543093,0.22035381641436674,1|price|273,price,0.22035381641436674
2018-03-11 12:00:00,2018-03-11 12:00:00,2018-03-11 13:00:00,2018-03-12 13:00:00,1,prebreak,ok,0.0,upper_first,4.0,3201,1|2018-01-01,ok,0.12069297183543093,0.20329925436189109,1|price|278,price,0.20329925436189109
2018-03-12 18:00:00,2018-03-12 18:00:00,2018-03-12 19:00:00,2018-03-13 19:00:00,1,prebreak,ok,0.0,neither,,3206,1|2018-01-01,ok,0.12069297183543093,0.2052735407326824,1|price|283,price,0.2052735407326824
2018-03-14 00:00:00,2018-03-14 00:00:00,2018-03-14 01:00:00,2018-03-15 01:00:00,1,prebreak,ok,1.0,lower_first,9.0,3211,1|2018-01-01,ok,0.12069297183543093,0.20296046896457962,1|price|288,price,0.20296046896457962
2018-03-16 06:00:00,2018-03-16 06:00:00,2018-03-16 07:00:00,2018-03-17 07:00:00,1,prebreak,ok,0.0,upper_first,6.0,3220,1|2018-01-01,ok,0.12069297183543093,0.18453163578968396,1|price|297,price,0.18453163578968396
2018-03-17 12:00:00,2018-03-17 12:00:00,2018-03-17 13:00:00,2018-03-18 13:00:00,1,prebreak,ok,1.0,lower_first,13.0,3225,1|2018-01-01,ok,0.12069297183543093,0.16482456216307784,1|price|302,price,0.16482456216307784
2018-03-19 18:00:00,2018-03-19 18:00:00,2018-03-19 19:00:00,2018-03-20 19:00:00,1,prebreak,ok,0.0,upper_first,4.0,3234,1|2018-01-01,ok,0.12069297183543093,0.16606945742100118,1|price|311,price,0.16606945742100118
2018-03-21 00:00:00,2018-03-21 00:00:00,2018-03-21 01:00:00,2018-03-22 01:00:00,1,prebreak,ok,0.0,neither,,3239,1|2018-01-01,ok,0.12069297183543093,0.15305781096719606,1|price|316,price,0.15305781096719606
2018-03-22 06:00:00,2018-03-22 06:00:00,2018-03-22 07:00:00,2018-03-23 07:00:00,1,prebreak,ok,1.0,lower_first,7.0,3244,1|2018-01-01,ok,0.12069297183543093,0.10437997261493942,1|price|321,price,0.10437997261493942
2018-03-23 12:00:00,2018-03-23 12:00:00,2018-03-23 13:00:00,2018-03-24 13:00:00,1,prebreak,ok,0.0,upper_first,1.0,3249,1|2018-01-01,ok,0.12069297183543093,0.10975605147017649,1|price|326,price,0.10975605147017649
2018-03-24 18:00:00,2018-03-24 18:00:00,2018-03-24 19:00:00,2018-03-25 19:00:00,1,prebreak,ok,1.0,lower_first,7.0,3254,1|2018-01-01,ok,0.12069297183543093,0.1115106081170519,1|price|331,price,0.1115106081170519
2018-03-26 00:00:00,2018-03-26 00:00:00,2018-03-26 01:00:00,2018-03-27 01:00:00,1,prebreak,ok,1.0,lower_first,16.0,3259,1|2018-01-01,ok,0.12069297183543093,0.1362539933568671,1|price|336,price,0.1362539933568671
2018-03-28 06:00:00,2018-03-28 06:00:00,2018-03-28 07:00:00,2018-03-29 07:00:00,1,prebreak,ok,0.0,neither,,3268,1|2018-01-01,ok,0.12069297183543093,0.12991530042242735,1|price|345,price,0.12991530042242735
2018-03-31 06:00:00,2018-03-31 06:00:00,2018-03-31 07:00:00,2018-04-01 07:00:00,1,prebreak,ok,0.0,upper_first,3.0,3280,1|2018-01-01,ok,0.12069297183543093,0.15818755741276266,1|price|357,price,0.15818755741276266
2018-04-01 12:00:00,2018-04-01 12:00:00,2018-04-01 13:00:00,2018-04-02 13:00:00,1,prebreak,ok,0.0,upper_first,6.0,3285,1|2018-04-01,ok,0.161105452930591,0.25786390023620187,1|price|362,price,0.25786390023620187
2018-04-02 18:00:00,2018-04-02 18:00:00,2018-04-02 19:00:00,2018-04-03 19:00:00,1,prebreak,ok,0.0,upper_first,7.0,3290,1|2018-04-01,ok,0.161105452930591,0.19581820039267012,1|price|367,price,0.19581820039267012
2018-04-04 00:00:00,2018-04-04 00:00:00,2018-04-04 01:00:00,2018-04-05 01:00:00,1,prebreak,ok,1.0,lower_first,10.0,3295,1|2018-04-01,ok,0.161105452930591,0.15511124441906768,1|price|372,price,0.15511124441906768
2018-04-06 06:00:00,2018-04-06 06:00:00,2018-04-06 07:00:00,2018-04-07 07:00:00,1,prebreak,ok,0.0,upper_first,18.0,3304,1|2018-04-01,ok,0.161105452930591,0.17560891144368992,1|price|381,price,0.17560891144368992
2018-04-07 12:00:00,2018-04-07 12:00:00,2018-04-07 13:00:00,2018-04-08 13:00:00,1,prebreak,ok,0.0,upper_first,22.0,3309,1|2018-04-01,ok,0.161105452930591,0.18645150710696004,1|price|386,price,0.18645150710696004
2018-04-08 18:00:00,2018-04-08 18:00:00,2018-04-08 19:00:00,2018-04-09 19:00:00,1,prebreak,ok,0.0,neither,,3314,1|2018-04-01,ok,0.161105452930591,0.14317174722049464,1|price|391,price,0.14317174722049464
2018-04-10 00:00:00,2018-04-10 00:00:00,2018-04-10 01:00:00,2018-04-11 01:00:00,1,prebreak,ok,0.0,neither,,3319,1|2018-04-01,ok,0.161105452930591,0.14787122786027534,1|price|396,price,0.14787122786027534
2018-04-11 06:00:00,2018-04-11 06:00:00,2018-04-11 07:00:00,2018-04-12 07:00:00,1,prebreak,ok,0.0,neither,,3324,1|2018-04-01,ok,0.161105452930591,0.1418507857549569,1|price|401,price,0.1418507857549569
2018-04-12 18:00:00,2018-04-12 18:00:00,2018-04-12 19:00:00,2018-04-13 19:00:00,1,prebreak,ok,0.0,upper_first,4.0,3330,1|2018-04-01,ok,0.161105452930591,0.22259661863599706,1|price|407,price,0.22259661863599706
2018-04-14 00:00:00,2018-04-14 00:00:00,2018-04-14 01:00:00,2018-04-15 01:00:00,1,prebreak,ok,0.0,neither,,3335,1|2018-04-01,ok,0.161105452930591,0.24754393544797834,1|price|412,price,0.24754393544797834
2018-04-15 06:00:00,2018-04-15 06:00:00,2018-04-15 07:00:00,2018-04-16 07:00:00,1,prebreak,ok,0.0,upper_first,4.0,3340,1|2018-04-01,ok,0.161105452930591,0.24107932887401973,1|price|417,price,0.24107932887401973
2018-04-16 12:00:00,2018-04-16 12:00:00,2018-04-16 13:00:00,2018-04-17 13:00:00,1,prebreak,ok,0.0,neither,,3345,1|2018-04-01,ok,0.161105452930591,0.17136441755087764,1|price|422,price,0.17136441755087764
2018-04-17 18:00:00,2018-04-17 18:00:00,2018-04-17 19:00:00,2018-04-18 19:00:00,1,prebreak,ok,0.0,neither,,3350,1|2018-04-01,ok,0.161105452930591,0.16484410400221633,1|price|427,price,0.16484410400221633
2018-04-19 00:00:00,2018-04-19 00:00:00,2018-04-19 01:00:00,2018-04-20 01:00:00,1,prebreak,ok,0.0,neither,,3355,1|2018-04-01,ok,0.161105452930591,0.15893919986212543,1|price|432,price,0.15893919986212543
2018-04-20 06:00:00,2018-04-20 06:00:00,2018-04-20 07:00:00,2018-04-21 07:00:00,1,prebreak,ok,0.0,upper_first,15.0,3360,1|2018-04-01,ok,0.161105452930591,0.12528449407680217,1|price|437,price,0.12528449407680217
2018-04-21 12:00:00,2018-04-21 12:00:00,2018-04-21 13:00:00,2018-04-22 13:00:00,1,prebreak,ok,0.0,neither,,3365,1|2018-04-01,ok,0.161105452930591,0.13791979796943082,1|price|442,price,0.13791979796943082
2018-04-22 18:00:00,2018-04-22 18:00:00,2018-04-22 19:00:00,2018-04-23 19:00:00,1,prebreak,ok,0.0,neither,,3370,1|2018-04-01,ok,0.161105452930591,0.12009262035462179,1|price|447,price,0.12009262035462179
2018-04-24 12:00:00,2018-04-24 12:00:00,2018-04-24 13:00:00,2018-04-25 13:00:00,1,prebreak,ok,0.0,upper_first,10.0,3377,1|2018-04-01,ok,0.161105452930591,0.1010028269976621,1|price|454,price,0.1010028269976621
2018-04-26 18:00:00,2018-04-26 18:00:00,2018-04-26 19:00:00,2018-04-27 19:00:00,1,prebreak,ok,0.0,upper_first,1.0,3386,1|2018-04-01,ok,0.161105452930591,0.21562988070167063,1|price|463,price,0.21562988070167063
2018-04-28 00:00:00,2018-04-28 00:00:00,2018-04-28 01:00:00,2018-04-29 01:00:00,1,prebreak,ok,0.0,upper_first,7.0,3391,1|2018-04-01,ok,0.161105452930591,0.22711766606149417,1|price|468,price,0.22711766606149417
2018-04-29 06:00:00,2018-04-29 06:00:00,2018-04-29 07:00:00,2018-04-30 07:00:00,1,prebreak,ok,0.0,neither,,3396,1|2018-04-01,ok,0.161105452930591,0.1558232347827899,1|price|473,price,0.1558232347827899
2018-04-30 12:00:00,2018-04-30 12:00:00,2018-04-30 13:00:00,2018-05-01 13:00:00,1,prebreak,ok,0.0,neither,,3401,1|2018-04-01,ok,0.161105452930591,0.15331006141611297,1|price|478,price,0.15331006141611297
2018-05-01 18:00:00,2018-05-01 18:00:00,2018-05-01 19:00:00,2018-05-02 19:00:00,1,prebreak,ok,0.0,neither,,3406,1|2018-04-01,ok,0.161105452930591,0.1597115878307273,1|price|483,price,0.1597115878307273
2018-05-03 00:00:00,2018-05-03 00:00:00,2018-05-03 01:00:00,2018-05-04 01:00:00,1,prebreak,ok,0.0,upper_first,13.0,3411,1|2018-04-01,ok,0.161105452930591,0.14553912457713208,1|price|488,price,0.14553912457713208
2018-05-04 06:00:00,2018-05-04 06:00:00,2018-05-04 07:00:00,2018-05-05 07:00:00,1,prebreak,ok,0.0,neither,,3416,1|2018-04-01,ok,0.161105452930591,0.10960037618556907,1|price|493,price,0.10960037618556907
2018-05-05 12:00:00,2018-05-05 12:00:00,2018-05-05 13:00:00,2018-05-06 13:00:00,1,prebreak,ok,1.0,lower_first,19.0,3421,1|2018-04-01,ok,0.161105452930591,0.11434490732413193,1|price|498,price,0.11434490732413193
2018-05-06 18:00:00,2018-05-06 18:00:00,2018-05-06 19:00:00,2018-05-07 19:00:00,1,prebreak,ok,0.0,neither,,3426,1|2018-04-01,ok,0.161105452930591,0.14724111317066396,1|price|503,price,0.14724111317066396
2018-05-08 06:00:00,2018-05-08 06:00:00,2018-05-08 07:00:00,2018-05-09 07:00:00,1,prebreak,ok,0.0,neither,,3432,1|2018-04-01,ok,0.161105452930591,0.14625011399808005,1|price|509,price,0.14625011399808005
2018-07-04 06:00:00,2018-07-04 06:00:00,2018-07-04 07:00:00,2018-07-05 07:00:00,1,prebreak,ok,0.0,upper_first,6.0,3660,1|2018-07-01,ok,0.15807531495729701,0.11995808232057888,1|price|737,price,0.11995808232057888
2018-07-05 12:00:00,2018-07-05 12:00:00,2018-07-05 13:00:00,2018-07-06 13:00:00,1,prebreak,ok,0.0,neither,,3665,1|2018-07-01,ok,0.15807531495729701,0.15601737289188924,1|price|742,price,0.15601737289188924
2018-07-06 18:00:00,2018-07-06 18:00:00,2018-07-06 19:00:00,2018-07-07 19:00:00,1,prebreak,ok,0.0,neither,,3670,1|2018-07-01,ok,0.15807531495729701,0.1219905378192383,1|price|747,price,0.1219905378192383
2018-07-08 06:00:00,2018-07-08 06:00:00,2018-07-08 07:00:00,2018-07-09 07:00:00,1,prebreak,ok,0.0,neither,,3676,1|2018-07-01,ok,0.15807531495729701,0.10703036395420121,1|price|753,price,0.10703036395420121
2018-07-10 00:00:00,2018-07-10 00:00:00,2018-07-10 01:00:00,2018-07-11 01:00:00,1,prebreak,ok,1.0,lower_first,10.0,3683,1|2018-07-01,ok,0.15807531495729701,0.10371073109421935,1|price|760,price,0.10371073109421935
2018-07-12 00:00:00,2018-07-12 00:00:00,2018-07-12 01:00:00,2018-07-13 01:00:00,1,prebreak,ok,0.0,neither,,3691,1|2018-07-01,ok,0.15807531495729701,0.10559591708221858,1|price|768,price,0.10559591708221858
2018-07-13 12:00:00,2018-07-13 12:00:00,2018-07-13 13:00:00,2018-07-14 13:00:00,1,prebreak,ok,0.0,neither,,3697,1|2018-07-01,ok,0.15807531495729701,0.11304546425514363,1|price|774,price,0.11304546425514363
2018-07-18 00:00:00,2018-07-18 00:00:00,2018-07-18 01:00:00,2018-07-19 01:00:00,1,prebreak,ok,0.0,upper_first,17.0,3715,1|2018-07-01,ok,0.15807531495729701,0.14802393531350486,1|price|792,price,0.14802393531350486
2018-07-19 06:00:00,2018-07-19 06:00:00,2018-07-19 07:00:00,2018-07-20 07:00:00,1,prebreak,ok,0.0,upper_first,15.0,3720,1|2018-07-01,ok,0.15807531495729701,0.15250216030899424,1|price|797,price,0.15250216030899424
2018-07-20 12:00:00,2018-07-20 12:00:00,2018-07-20 13:00:00,2018-07-21 13:00:00,1,prebreak,ok,0.0,upper_first,3.0,3725,1|2018-07-01,ok,0.15807531495729701,0.16260529288190087,1|price|802,price,0.16260529288190087
2018-07-21 18:00:00,2018-07-21 18:00:00,2018-07-21 19:00:00,2018-07-22 19:00:00,1,prebreak,ok,0.0,neither,,3730,1|2018-07-01,ok,0.15807531495729701,0.12630615915770485,1|price|807,price,0.12630615915770485
2018-07-23 00:00:00,2018-07-23 00:00:00,2018-07-23 01:00:00,2018-07-24 01:00:00,1,prebreak,ok,0.0,upper_first,3.0,3735,1|2018-07-01,ok,0.15807531495729701,0.14805982586338692,1|price|812,price,0.14805982586338692
2018-07-25 12:00:00,2018-07-25 12:00:00,2018-07-25 13:00:00,2018-07-26 13:00:00,1,prebreak,ok,0.0,neither,,3745,1|2018-07-01,ok,0.15807531495729701,0.11340351648318643,1|price|822,price,0.11340351648318643
2018-07-26 18:00:00,2018-07-26 18:00:00,2018-07-26 19:00:00,2018-07-27 19:00:00,1,prebreak,ok,1.0,lower_first,17.0,3750,1|2018-07-01,ok,0.15807531495729701,0.11484055099603228,1|price|827,price,0.11484055099603228
2018-07-28 18:00:00,2018-07-28 18:00:00,2018-07-28 19:00:00,2018-07-29 19:00:00,1,prebreak,ok,0.0,neither,,3758,1|2018-07-01,ok,0.15807531495729701,0.15525775342142478,1|price|835,price,0.15525775342142478
2018-07-30 00:00:00,2018-07-30 00:00:00,2018-07-30 01:00:00,2018-07-31 01:00:00,1,prebreak,ok,0.0,neither,,3763,1|2018-07-01,ok,0.15807531495729701,0.123646914476858,1|price|840,price,0.123646914476858
2018-08-02 06:00:00,2018-08-02 06:00:00,2018-08-02 07:00:00,2018-08-03 07:00:00,1,prebreak,ok,0.0,neither,,3776,1|2018-07-01,ok,0.15807531495729701,0.15715727495053,1|price|853,price,0.15715727495053
2018-08-04 06:00:00,2018-08-04 06:00:00,2018-08-04 07:00:00,2018-08-05 07:00:00,1,prebreak,ok,1.0,lower_first,7.0,3784,1|2018-07-01,ok,0.15807531495729701,0.13576312662004175,1|price|861,price,0.13576312662004175
2018-08-06 06:00:00,2018-08-06 06:00:00,2018-08-06 07:00:00,2018-08-07 07:00:00,1,prebreak,ok,0.0,neither,,3792,1|2018-07-01,ok,0.15807531495729701,0.1555585538812021,1|price|869,price,0.1555585538812021
2018-08-09 18:00:00,2018-08-09 18:00:00,2018-08-09 19:00:00,2018-08-10 19:00:00,1,prebreak,ok,,censored,,3806,1|2018-07-01,ok,0.15807531495729701,0.1541517034459313,1|price|883,price,0.1541517034459313
2018-09-09 18:00:00,2018-09-09 18:00:00,2018-09-09 19:00:00,2018-09-10 19:00:00,1,prebreak,ok,0.0,neither,,3930,1|2018-07-01,ok,0.15807531495729701,0.143567823088042,1|price|1007,price,0.143567823088042
2018-09-11 00:00:00,2018-09-11 00:00:00,2018-09-11 01:00:00,2018-09-12 01:00:00,1,prebreak,ok,0.0,neither,,3935,1|2018-07-01,ok,0.15807531495729701,0.13864700151267229,1|price|1012,price,0.13864700151267229
2018-09-12 06:00:00,2018-09-12 06:00:00,2018-09-12 07:00:00,2018-09-13 07:00:00,1,prebreak,ok,0.0,neither,,3940,1|2018-07-01,ok,0.15807531495729701,0.13721167591851885,1|price|1017,price,0.13721167591851885
2018-09-16 00:00:00,2018-09-16 00:00:00,2018-09-16 01:00:00,2018-09-17 01:00:00,1,prebreak,ok,0.0,neither,,3955,1|2018-07-01,ok,0.15807531495729701,0.11105160484995454,1|price|1032,price,0.11105160484995454
2018-09-19 12:00:00,2018-09-19 12:00:00,2018-09-19 13:00:00,2018-09-20 13:00:00,1,prebreak,ok,0.0,upper_first,6.0,3969,1|2018-07-01,ok,0.15807531495729701,0.10777833775182062,1|price|1046,price,0.10777833775182062
2018-09-21 00:00:00,2018-09-21 00:00:00,2018-09-21 01:00:00,2018-09-22 01:00:00,1,prebreak,ok,0.0,upper_first,7.0,3975,1|2018-07-01,ok,0.15807531495729701,0.14524827011129202,1|price|1052,price,0.14524827011129202
2018-09-22 06:00:00,2018-09-22 06:00:00,2018-09-22 07:00:00,2018-09-23 07:00:00,1,prebreak,ok,0.0,neither,,3980,1|2018-07-01,ok,0.15807531495729701,0.14431306015840184,1|price|1057,price,0.14431306015840184
2018-09-23 18:00:00,2018-09-23 18:00:00,2018-09-23 19:00:00,2018-09-24 19:00:00,1,prebreak,ok,0.0,neither,,3986,1|2018-07-01,ok,0.15807531495729701,0.10480278415190587,1|price|1063,price,0.10480278415190587
2018-09-27 00:00:00,2018-09-27 00:00:00,2018-09-27 01:00:00,2018-09-28 01:00:00,1,prebreak,ok,0.0,upper_first,19.0,3999,1|2018-07-01,ok,0.15807531495729701,0.10742076596645107,1|price|1076,price,0.10742076596645107
2018-09-28 12:00:00,2018-09-28 12:00:00,2018-09-28 13:00:00,2018-09-29 13:00:00,1,prebreak,ok,0.0,neither,,4005,1|2018-07-01,ok,0.15807531495729701,0.11260572750754047,1|price|1082,price,0.11260572750754047
2018-09-29 18:00:00,2018-09-29 18:00:00,2018-09-29 19:00:00,2018-09-30 19:00:00,1,prebreak,ok,0.0,neither,,4010,1|2018-07-01,ok,0.15807531495729701,0.11818804386167558,1|price|1087,price,0.11818804386167558
2018-10-12 06:00:00,2018-10-12 06:00:00,2018-10-12 07:00:00,2018-10-13 07:00:00,1,prebreak,ok,0.0,neither,,4060,1|2018-10-01,ok,0.14041154880104822,0.1078271653818313,1|price|1137,price,0.1078271653818313
2018-10-13 12:00:00,2018-10-13 12:00:00,2018-10-13 13:00:00,2018-10-14 13:00:00,1,prebreak,ok,0.0,neither,,4065,1|2018-10-01,ok,0.14041154880104822,0.10945615265217278,1|price|1142,price,0.10945615265217278
2018-10-15 12:00:00,2018-10-15 12:00:00,2018-10-15 13:00:00,2018-10-16 13:00:00,1,prebreak,ok,0.0,neither,,4073,1|2018-10-01,ok,0.14041154880104822,0.158714063522817,1|price|1150,price,0.158714063522817
2018-10-16 18:00:00,2018-10-16 18:00:00,2018-10-16 19:00:00,2018-10-17 19:00:00,1,prebreak,ok,0.0,neither,,4078,1|2018-10-01,ok,0.14041154880104822,0.15947449949347733,1|price|1155,price,0.15947449949347733
2018-10-18 00:00:00,2018-10-18 00:00:00,2018-10-18 01:00:00,2018-10-19 01:00:00,1,prebreak,ok,0.0,neither,,4083,1|2018-10-01,ok,0.14041154880104822,0.15294991369971497,1|price|1160,price,0.15294991369971497
2018-11-16 18:00:00,2018-11-16 18:00:00,2018-11-16 19:00:00,2018-11-17 19:00:00,1,prebreak,ok,0.0,neither,,4202,1|2018-10-01,ok,0.14041154880104822,0.22385383903819478,1|price|1279,price,0.22385383903819478
2018-11-18 00:00:00,2018-11-18 00:00:00,2018-11-18 01:00:00,2018-11-19 01:00:00,1,prebreak,ok,0.0,neither,,4207,1|2018-10-01,ok,0.14041154880104822,0.1728573438476377,1|price|1284,price,0.1728573438476377
2018-11-19 06:00:00,2018-11-19 06:00:00,2018-11-19 07:00:00,2018-11-20 07:00:00,1,prebreak,ok,1.0,lower_first,6.0,4212,1|2018-10-01,ok,0.14041154880104822,0.12964256366564067,1|price|1289,price,0.12964256366564067
2018-11-21 12:00:00,2018-11-21 12:00:00,2018-11-21 13:00:00,2018-11-22 13:00:00,1,prebreak,ok,0.0,neither,,4221,1|2018-10-01,ok,0.14041154880104822,0.24794439135656932,1|price|1298,price,0.24794439135656932
2018-11-22 18:00:00,2018-11-22 18:00:00,2018-11-22 19:00:00,2018-11-23 19:00:00,1,prebreak,ok,1.0,lower_first,6.0,4226,1|2018-10-01,ok,0.14041154880104822,0.258992592563934,1|price|1303,price,0.258992592563934
2018-11-24 00:00:00,2018-11-24 00:00:00,2018-11-24 01:00:00,2018-11-25 01:00:00,1,prebreak,ok,1.0,lower_first,18.0,4231,1|2018-10-01,ok,0.14041154880104822,0.19974804130888812,1|price|1308,price,0.19974804130888812
2018-11-26 06:00:00,2018-11-26 06:00:00,2018-11-26 07:00:00,2018-11-27 07:00:00,1,prebreak,ok,1.0,lower_first,2.0,4240,1|2018-10-01,ok,0.14041154880104822,0.2234930491514892,1|price|1317,price,0.2234930491514892
2018-11-27 12:00:00,2018-11-27 12:00:00,2018-11-27 13:00:00,2018-11-28 13:00:00,1,prebreak,ok,0.0,upper_first,9.0,4245,1|2018-10-01,ok,0.14041154880104822,0.2805258750060771,1|price|1322,price,0.2805258750060771
2018-11-28 18:00:00,2018-11-28 18:00:00,2018-11-28 19:00:00,2018-11-29 19:00:00,1,prebreak,ok,0.0,upper_first,1.0,4250,1|2018-10-01,ok,0.14041154880104822,0.1993801389301947,1|price|1327,price,0.1993801389301947
2018-11-30 00:00:00,2018-11-30 00:00:00,2018-11-30 01:00:00,2018-12-01 01:00:00,1,prebreak,ok,1.0,lower_first,10.0,4255,1|2018-10-01,ok,0.14041154880104822,0.17671342361792153,1|price|1332,price,0.17671342361792153
2018-12-01 06:00:00,2018-12-01 06:00:00,2018-12-01 07:00:00,2018-12-02 07:00:00,1,prebreak,ok,0.0,upper_first,3.0,4260,1|2018-10-01,ok,0.14041154880104822,0.2013258017524755,1|price|1337,price,0.2013258017524755
2018-12-02 12:00:00,2018-12-02 12:00:00,2018-12-02 13:00:00,2018-12-03 13:00:00,1,prebreak,ok,0.0,neither,,4265,1|2018-10-01,ok,0.14041154880104822,0.17579355894285764,1|price|1342,price,0.17579355894285764
2018-12-04 18:00:00,2018-12-04 18:00:00,2018-12-04 19:00:00,2018-12-05 19:00:00,1,prebreak,ok,1.0,lower_first,21.0,4274,1|2018-10-01,ok,0.14041154880104822,0.18588722164260751,1|price|1351,price,0.18588722164260751
2018-12-06 18:00:00,2018-12-06 18:00:00,2018-12-06 19:00:00,2018-12-07 19:00:00,1,prebreak,ok,1.0,lower_first,4.0,4282,1|2018-10-01,ok,0.14041154880104822,0.17891896234890967,1|price|1359,price,0.17891896234890967
2018-12-08 18:00:00,2018-12-08 18:00:00,2018-12-08 19:00:00,2018-12-09 19:00:00,1,prebreak,ok,0.0,upper_first,18.0,4290,1|2018-10-01,ok,0.14041154880104822,0.23375180085421954,1|price|1367,price,0.23375180085421954
2018-12-10 00:00:00,2018-12-10 00:00:00,2018-12-10 01:00:00,2018-12-11 01:00:00,1,prebreak,ok,1.0,lower_first,15.0,4295,1|2018-10-01,ok,0.14041154880104822,0.23304256553160338,1|price|1372,price,0.23304256553160338
2018-12-11 06:00:00,2018-12-11 06:00:00,2018-12-11 07:00:00,2018-12-12 07:00:00,1,prebreak,ok,0.0,neither,,4300,1|2018-10-01,ok,0.14041154880104822,0.1459719768830895,1|price|1377,price,0.1459719768830895
2018-12-12 12:00:00,2018-12-12 12:00:00,2018-12-12 13:00:00,2018-12-13 13:00:00,1,prebreak,ok,0.0,neither,,4305,1|2018-10-01,ok,0.14041154880104822,0.10136784955133232,1|price|1382,price,0.10136784955133232
2018-12-15 18:00:00,2018-12-15 18:00:00,2018-12-15 19:00:00,2018-12-16 19:00:00,1,prebreak,ok,0.0,upper_first,9.0,4318,1|2018-10-01,ok,0.14041154880104822,0.11827080252459346,1|price|1395,price,0.11827080252459346
2018-12-18 00:00:00,2018-12-18 00:00:00,2018-12-18 01:00:00,2018-12-19 01:00:00,1,prebreak,ok,0.0,upper_first,22.0,4327,1|2018-10-01,ok,0.14041154880104822,0.1067585397768808,1|price|1404,price,0.1067585397768808
2018-12-19 06:00:00,2018-12-19 06:00:00,2018-12-19 07:00:00,2018-12-20 07:00:00,1,prebreak,ok,0.0,upper_first,5.0,4332,1|2018-10-01,ok,0.14041154880104822,0.11461878198702195,1|price|1409,price,0.11461878198702195
2018-12-20 12:00:00,2018-12-20 12:00:00,2018-12-20 13:00:00,2018-12-21 13:00:00,1,prebreak,ok,0.0,neither,,4337,1|2018-10-01,ok,0.14041154880104822,0.14630274304694518,1|price|1414,price,0.14630274304694518
2018-12-21 18:00:00,2018-12-21 18:00:00,2018-12-21 19:00:00,2018-12-22 19:00:00,1,prebreak,ok,0.0,neither,,4342,1|2018-10-01,ok,0.14041154880104822,0.22050183868534526,1|price|1419,price,0.22050183868534526
2018-12-23 00:00:00,2018-12-23 00:00:00,2018-12-23 01:00:00,2018-12-24 01:00:00,1,prebreak,ok,0.0,upper_first,23.0,4347,1|2018-10-01,ok,0.14041154880104822,0.21538562632644537,1|price|1424,price,0.21538562632644537
2018-12-24 06:00:00,2018-12-24 06:00:00,2018-12-24 07:00:00,2018-12-25 07:00:00,1,prebreak,ok,1.0,lower_first,17.0,4352,1|2018-10-01,ok,0.14041154880104822,0.1515570687080686,1|price|1429,price,0.1515570687080686
2019-01-29 06:00:00,2019-01-29 06:00:00,2019-01-29 07:00:00,2019-01-30 07:00:00,1,prebreak,ok,0.0,neither,,4496,1|2019-01-01,ok,0.146407929737638,0.10477854623165005,1|price|1573,price,0.10477854623165005
2019-02-08 18:00:00,2019-02-08 18:00:00,2019-02-08 19:00:00,2019-02-09 19:00:00,1,prebreak,ok,0.0,neither,,4538,1|2019-01-01,ok,0.146407929737638,0.1385303099897862,1|price|1615,price,0.1385303099897862
2019-02-10 00:00:00,2019-02-10 00:00:00,2019-02-10 01:00:00,2019-02-11 01:00:00,1,prebreak,ok,0.0,neither,,4543,1|2019-01-01,ok,0.146407929737638,0.1361020216333373,1|price|1620,price,0.1361020216333373
2019-02-11 06:00:00,2019-02-11 06:00:00,2019-02-11 07:00:00,2019-02-12 07:00:00,1,prebreak,ok,0.0,neither,,4548,1|2019-01-01,ok,0.146407929737638,0.1500688459725608,1|price|1625,price,0.1500688459725608
2019-02-20 00:00:00,2019-02-20 00:00:00,2019-02-20 01:00:00,2019-02-21 01:00:00,1,prebreak,ok,0.0,neither,,4583,1|2019-01-01,ok,0.146407929737638,0.10863022160623124,1|price|1660,price,0.10863022160623124
2019-02-21 12:00:00,2019-02-21 12:00:00,2019-02-21 13:00:00,2019-02-22 13:00:00,1,prebreak,ok,0.0,neither,,4589,1|2019-01-01,ok,0.146407929737638,0.11967047905951442,1|price|1666,price,0.11967047905951442
2019-02-24 12:00:00,2019-02-24 12:00:00,2019-02-24 13:00:00,2019-02-25 13:00:00,1,prebreak,ok,1.0,lower_first,1.0,4601,1|2019-01-01,ok,0.146407929737638,0.10123835172591011,1|price|1678,price,0.10123835172591011
2019-02-25 18:00:00,2019-02-25 18:00:00,2019-02-25 19:00:00,2019-02-26 19:00:00,1,prebreak,ok,0.0,neither,,4606,1|2019-01-01,ok,0.146407929737638,0.2047991217330858,1|price|1683,price,0.2047991217330858
2019-02-27 00:00:00,2019-02-27 00:00:00,2019-02-27 01:00:00,2019-02-28 01:00:00,1,prebreak,ok,0.0,neither,,4611,1|2019-01-01,ok,0.146407929737638,0.1944863054310607,1|price|1688,price,0.1944863054310607
2019-04-02 06:00:00,2019-04-02 06:00:00,2019-04-02 07:00:00,2019-04-03 07:00:00,1,prebreak,ok,0.0,upper_first,16.0,4748,1|2019-04-01,ok,0.12185625498038163,0.19739115012221073,1|price|1825,price,0.19739115012221073
2019-04-03 12:00:00,2019-04-03 12:00:00,2019-04-03 13:00:00,2019-04-04 13:00:00,1,prebreak,ok,0.0,upper_first,4.0,4753,1|2019-04-01,ok,0.12185625498038163,0.20539064526382234,1|price|1830,price,0.20539064526382234
2019-04-04 18:00:00,2019-04-04 18:00:00,2019-04-04 19:00:00,2019-04-05 19:00:00,1,prebreak,ok,0.0,upper_first,16.0,4758,1|2019-04-01,ok,0.12185625498038163,0.25244755875821756,1|price|1835,price,0.25244755875821756
2019-04-06 00:00:00,2019-04-06 00:00:00,2019-04-06 01:00:00,2019-04-07 01:00:00,1,prebreak,ok,0.0,upper_first,15.0,4763,1|2019-04-01,ok,0.12185625498038163,0.19012618740248088,1|price|1840,price,0.19012618740248088
2019-04-07 06:00:00,2019-04-07 06:00:00,2019-04-07 07:00:00,2019-04-08 07:00:00,1,prebreak,ok,0.0,upper_first,18.0,4768,1|2019-04-01,ok,0.12185625498038163,0.1201066647872862,1|price|1845,price,0.1201066647872862
2019-04-08 12:00:00,2019-04-08 12:00:00,2019-04-08 13:00:00,2019-04-09 13:00:00,1,prebreak,ok,0.0,neither,,4773,1|2019-04-01,ok,0.12185625498038163,0.14094250375896294,1|price|1850,price,0.14094250375896294
2019-04-09 18:00:00,2019-04-09 18:00:00,2019-04-09 19:00:00,2019-04-10 19:00:00,1,prebreak,ok,0.0,upper_first,23.0,4778,1|2019-04-01,ok,0.12185625498038163,0.11839110993793188,1|price|1855,price,0.11839110993793188
2019-04-11 00:00:00,2019-04-11 00:00:00,2019-04-11 01:00:00,2019-04-12 01:00:00,1,prebreak,ok,,censored,,4783,1|2019-04-01,ok,0.12185625498038163,0.12055604211437712,1|price|1860,price,0.12055604211437712
2019-05-11 18:00:00,2019-05-11 18:00:00,2019-05-11 19:00:00,2019-05-12 19:00:00,1,prebreak,ok,0.0,upper_first,3.0,4906,1|2019-04-01,ok,0.12185625498038163,0.10350366747356557,1|price|1983,price,0.10350366747356557
2019-05-13 00:00:00,2019-05-13 00:00:00,2019-05-13 01:00:00,2019-05-14 01:00:00,1,prebreak,ok,0.0,upper_first,10.0,4911,1|2019-04-01,ok,0.12185625498038163,0.18021470610996446,1|price|1988,price,0.18021470610996446
2019-05-14 06:00:00,2019-05-14 06:00:00,2019-05-14 07:00:00,2019-05-15 07:00:00,1,prebreak,ok,0.0,upper_first,0.0,4916,1|2019-04-01,ok,0.12185625498038163,0.2051097763719668,1|price|1993,price,0.2051097763719668
2019-05-15 12:00:00,2019-05-15 12:00:00,2019-05-15 13:00:00,2019-05-16 13:00:00,1,prebreak,ok,0.0,upper_first,5.0,4921,1|2019-04-01,ok,0.12185625498038163,0.21708738775408948,1|price|1998,price,0.21708738775408948
2019-05-16 18:00:00,2019-05-16 18:00:00,2019-05-16 19:00:00,2019-05-17 19:00:00,1,prebreak,ok,1.0,lower_first,7.0,4926,1|2019-04-01,ok,0.12185625498038163,0.23054758995919472,1|price|2003,price,0.23054758995919472
2019-05-18 06:00:00,2019-05-18 06:00:00,2019-05-18 07:00:00,2019-05-19 07:00:00,1,prebreak,ok,0.0,upper_first,18.0,4932,1|2019-04-01,ok,0.12185625498038163,0.20552263062102336,1|price|2009,price,0.20552263062102336
2019-05-19 12:00:00,2019-05-19 12:00:00,2019-05-19 13:00:00,2019-05-20 13:00:00,1,prebreak,ok,0.0,upper_first,9.0,4937,1|2019-04-01,ok,0.12185625498038163,0.19392033621363944,1|price|2014,price,0.19392033621363944
2019-05-20 18:00:00,2019-05-20 18:00:00,2019-05-20 19:00:00,2019-05-21 19:00:00,1,prebreak,ok,0.0,upper_first,1.0,4942,1|2019-04-01,ok,0.12185625498038163,0.16654716224166718,1|price|2019,price,0.16654716224166718
2019-05-22 00:00:00,2019-05-22 00:00:00,2019-05-22 01:00:00,2019-05-23 01:00:00,1,prebreak,ok,1.0,lower_first,21.0,4947,1|2019-04-01,ok,0.12185625498038163,0.19601416259847274,1|price|2024,price,0.19601416259847274
2019-05-23 06:00:00,2019-05-23 06:00:00,2019-05-23 07:00:00,2019-05-24 07:00:00,1,prebreak,ok,0.0,upper_first,10.0,4952,1|2019-04-01,ok,0.12185625498038163,0.15690664799775506,1|price|2029,price,0.15690664799775506
2019-05-24 12:00:00,2019-05-24 12:00:00,2019-05-24 13:00:00,2019-05-25 13:00:00,1,prebreak,ok,0.0,neither,,4957,1|2019-04-01,ok,0.12185625498038163,0.11090908193933245,1|price|2034,price,0.11090908193933245
2019-05-25 18:00:00,2019-05-25 18:00:00,2019-05-25 19:00:00,2019-05-26 19:00:00,1,prebreak,ok,0.0,neither,,4962,1|2019-04-01,ok,0.12185625498038163,0.1003688924555634,1|price|2039,price,0.1003688924555634
2019-05-27 00:00:00,2019-05-27 00:00:00,2019-05-27 01:00:00,2019-05-28 01:00:00,1,prebreak,ok,0.0,neither,,4967,1|2019-04-01,ok,0.12185625498038163,0.11749668525554846,1|price|2044,price,0.11749668525554846
2019-05-28 06:00:00,2019-05-28 06:00:00,2019-05-28 07:00:00,2019-05-29 07:00:00,1,prebreak,ok,0.0,neither,,4972,1|2019-04-01,ok,0.12185625498038163,0.16323519569313297,1|price|2049,price,0.16323519569313297
2019-05-29 12:00:00,2019-05-29 12:00:00,2019-05-29 13:00:00,2019-05-30 13:00:00,1,prebreak,ok,0.0,neither,,4977,1|2019-04-01,ok,0.12185625498038163,0.16011197579322073,1|price|2054,price,0.16011197579322073
2019-05-30 18:00:00,2019-05-30 18:00:00,2019-05-30 19:00:00,2019-05-31 19:00:00,1,prebreak,ok,1.0,lower_first,2.0,4982,1|2019-04-01,ok,0.12185625498038163,0.15756148658389849,1|price|2059,price,0.15756148658389849
2019-06-01 00:00:00,2019-06-01 00:00:00,2019-06-01 01:00:00,2019-06-02 01:00:00,1,prebreak,ok,0.0,neither,,4987,1|2019-04-01,ok,0.12185625498038163,0.14809660423963955,1|price|2064,price,0.14809660423963955
2019-06-02 06:00:00,2019-06-02 06:00:00,2019-06-02 07:00:00,2019-06-03 07:00:00,1,prebreak,ok,0.0,neither,,4992,1|2019-04-01,ok,0.12185625498038163,0.14702377523980475,1|price|2069,price,0.14702377523980475
2019-06-03 18:00:00,2019-06-03 18:00:00,2019-06-03 19:00:00,2019-06-04 19:00:00,1,prebreak,ok,1.0,lower_first,4.0,4998,1|2019-04-01,ok,0.12185625498038163,0.11219100445657068,1|price|2075,price,0.11219100445657068
2019-06-06 00:00:00,2019-06-06 00:00:00,2019-06-06 01:00:00,2019-06-07 01:00:00,1,prebreak,ok,0.0,neither,,5007,1|2019-04-01,ok,0.12185625498038163,0.21192231444024318,1|price|2084,price,0.21192231444024318
2019-06-07 06:00:00,2019-06-07 06:00:00,2019-06-07 07:00:00,2019-06-08 07:00:00,1,prebreak,ok,0.0,neither,,5012,1|2019-04-01,ok,0.12185625498038163,0.16655707127613473,1|price|2089,price,0.16655707127613473
2019-06-08 12:00:00,2019-06-08 12:00:00,2019-06-08 13:00:00,2019-06-09 13:00:00,1,prebreak,ok,0.0,neither,,5017,1|2019-04-01,ok,0.12185625498038163,0.10709542381804683,1|price|2094,price,0.10709542381804683
2019-06-09 18:00:00,2019-06-09 18:00:00,2019-06-09 19:00:00,2019-06-10 19:00:00,1,prebreak,ok,0.0,upper_first,16.0,5022,1|2019-04-01,ok,0.12185625498038163,0.1334390253387764,1|price|2099,price,0.1334390253387764
2019-06-11 00:00:00,2019-06-11 00:00:00,2019-06-11 01:00:00,2019-06-12 01:00:00,1,prebreak,ok,0.0,neither,,5027,1|2019-04-01,ok,0.12185625498038163,0.12233324038176788,1|price|2104,price,0.12233324038176788
2019-06-12 06:00:00,2019-06-12 06:00:00,2019-06-12 07:00:00,2019-06-13 07:00:00,1,prebreak,ok,0.0,upper_first,8.0,5032,1|2019-04-01,ok,0.12185625498038163,0.12032809894479975,1|price|2109,price,0.12032809894479975
2019-06-13 12:00:00,2019-06-13 12:00:00,2019-06-13 13:00:00,2019-06-14 13:00:00,1,prebreak,ok,0.0,upper_first,23.0,5037,1|2019-04-01,ok,0.12185625498038163,0.13556486465494205,1|price|2114,price,0.13556486465494205
2019-06-16 12:00:00,2019-06-16 12:00:00,2019-06-16 13:00:00,2019-06-17 13:00:00,1,prebreak,ok,0.0,upper_first,23.0,5049,1|2019-04-01,ok,0.12185625498038163,0.10491935975398137,1|price|2126,price,0.10491935975398137
2019-06-17 18:00:00,2019-06-17 18:00:00,2019-06-17 19:00:00,2019-06-18 19:00:00,1,prebreak,ok,0.0,neither,,5054,1|2019-04-01,ok,0.12185625498038163,0.1606279366227365,1|price|2131,price,0.1606279366227365
2019-06-19 00:00:00,2019-06-19 00:00:00,2019-06-19 01:00:00,2019-06-20 01:00:00,1,prebreak,ok,0.0,neither,,5059,1|2019-04-01,ok,0.12185625498038163,0.17589830588661423,1|price|2136,price,0.17589830588661423
2019-06-20 06:00:00,2019-06-20 06:00:00,2019-06-20 07:00:00,2019-06-21 07:00:00,1,prebreak,ok,,censored,,5064,1|2019-04-01,ok,0.12185625498038163,0.11830358556415922,1|price|2141,price,0.11830358556415922
2019-07-20 18:00:00,2019-07-20 18:00:00,2019-07-20 19:00:00,2019-07-21 19:00:00,1,prebreak,ok,1.0,lower_first,19.0,5186,1|2019-07-01,ok,0.12013473427920819,0.20620823730606394,1|price|2263,price,0.20620823730606394
2019-07-22 00:00:00,2019-07-22 00:00:00,2019-07-22 01:00:00,2019-07-23 01:00:00,1,prebreak,ok,1.0,lower_first,18.0,5191,1|2019-07-01,ok,0.12013473427920819,0.13253863674009964,1|price|2268,price,0.13253863674009964
2019-07-25 06:00:00,2019-07-25 06:00:00,2019-07-25 07:00:00,2019-07-26 07:00:00,1,prebreak,ok,0.0,neither,,5204,1|2019-07-01,ok,0.12013473427920819,0.14555197129140537,1|price|2281,price,0.14555197129140537
2019-07-26 12:00:00,2019-07-26 12:00:00,2019-07-26 13:00:00,2019-07-27 13:00:00,1,prebreak,ok,0.0,upper_first,11.0,5209,1|2019-07-01,ok,0.12013473427920819,0.14837935025214932,1|price|2286,price,0.14837935025214932
2019-07-28 12:00:00,2019-07-28 12:00:00,2019-07-28 13:00:00,2019-07-29 13:00:00,1,prebreak,ok,0.0,neither,,5217,1|2019-07-01,ok,0.12013473427920819,0.17179127868437588,1|price|2294,price,0.17179127868437588
2019-07-29 18:00:00,2019-07-29 18:00:00,2019-07-29 19:00:00,2019-07-30 19:00:00,1,prebreak,ok,0.0,upper_first,20.0,5222,1|2019-07-01,ok,0.12013473427920819,0.16852177200612758,1|price|2299,price,0.16852177200612758
2019-08-04 06:00:00,2019-08-04 06:00:00,2019-08-04 07:00:00,2019-08-05 07:00:00,1,prebreak,ok,0.0,upper_first,15.0,5244,1|2019-07-01,ok,0.12013473427920819,0.10743365483431487,1|price|2321,price,0.10743365483431487
2019-08-05 12:00:00,2019-08-05 12:00:00,2019-08-05 13:00:00,2019-08-06 13:00:00,1,prebreak,ok,0.0,upper_first,17.0,5249,1|2019-07-01,ok,0.12013473427920819,0.10348795416259304,1|price|2326,price,0.10348795416259304
2019-08-06 18:00:00,2019-08-06 18:00:00,2019-08-06 19:00:00,2019-08-07 19:00:00,1,prebreak,ok,0.0,upper_first,18.0,5254,1|2019-07-01,ok,0.12013473427920819,0.14677562793683235,1|price|2331,price,0.14677562793683235
2019-08-08 00:00:00,2019-08-08 00:00:00,2019-08-08 01:00:00,2019-08-09 01:00:00,1,prebreak,ok,0.0,neither,,5259,1|2019-07-01,ok,0.12013473427920819,0.17668405369054302,1|price|2336,price,0.17668405369054302
2019-08-09 06:00:00,2019-08-09 06:00:00,2019-08-09 07:00:00,2019-08-10 07:00:00,1,prebreak,ok,0.0,neither,,5264,1|2019-07-01,ok,0.12013473427920819,0.18548513914222717,1|price|2341,price,0.18548513914222717
2019-08-11 12:00:00,2019-08-11 12:00:00,2019-08-11 13:00:00,2019-08-12 13:00:00,1,prebreak,ok,0.0,neither,,5273,1|2019-07-01,ok,0.12013473427920819,0.14775773693594013,1|price|2350,price,0.14775773693594013
2019-08-12 18:00:00,2019-08-12 18:00:00,2019-08-12 19:00:00,2019-08-13 19:00:00,1,prebreak,ok,1.0,lower_first,21.0,5278,1|2019-07-01,ok,0.12013473427920819,0.12318851765178063,1|price|2355,price,0.12318851765178063
2019-08-16 12:00:00,2019-08-16 12:00:00,2019-08-16 13:00:00,2019-08-17 13:00:00,1,prebreak,ok,0.0,upper_first,4.0,5293,1|2019-07-01,ok,0.12013473427920819,0.16268836900851683,1|price|2370,price,0.16268836900851683
2019-08-17 18:00:00,2019-08-17 18:00:00,2019-08-17 19:00:00,2019-08-18 19:00:00,1,prebreak,ok,0.0,upper_first,18.0,5298,1|2019-07-01,ok,0.12013473427920819,0.18931047159886477,1|price|2375,price,0.18931047159886477
2019-08-19 00:00:00,2019-08-19 00:00:00,2019-08-19 01:00:00,2019-08-20 01:00:00,1,prebreak,ok,0.0,upper_first,6.0,5303,1|2019-07-01,ok,0.12013473427920819,0.14666641969482638,1|price|2380,price,0.14666641969482638
2019-08-20 06:00:00,2019-08-20 06:00:00,2019-08-20 07:00:00,2019-08-21 07:00:00,1,prebreak,ok,1.0,lower_first,20.0,5308,1|2019-07-01,ok,0.12013473427920819,0.12005991698262464,1|price|2385,price,0.12005991698262464
2019-08-21 12:00:00,2019-08-21 12:00:00,2019-08-21 13:00:00,2019-08-22 13:00:00,1,prebreak,ok,0.0,neither,,5313,1|2019-07-01,ok,0.12013473427920819,0.1355101255899874,1|price|2390,price,0.1355101255899874
2019-08-23 06:00:00,2019-08-23 06:00:00,2019-08-23 07:00:00,2019-08-24 07:00:00,1,prebreak,ok,0.0,neither,,5320,1|2019-07-01,ok,0.12013473427920819,0.14229985690482266,1|price|2397,price,0.14229985690482266
2019-08-24 12:00:00,2019-08-24 12:00:00,2019-08-24 13:00:00,2019-08-25 13:00:00,1,prebreak,ok,0.0,upper_first,23.0,5325,1|2019-07-01,ok,0.12013473427920819,0.15422270992490325,1|price|2402,price,0.15422270992490325
2019-08-25 18:00:00,2019-08-25 18:00:00,2019-08-25 19:00:00,2019-08-26 19:00:00,1,prebreak,ok,0.0,upper_first,5.0,5330,1|2019-07-01,ok,0.12013473427920819,0.11882243773500314,1|price|2407,price,0.11882243773500314
2019-08-27 00:00:00,2019-08-27 00:00:00,2019-08-27 01:00:00,2019-08-28 01:00:00,1,prebreak,ok,0.0,neither,,5335,1|2019-07-01,ok,0.12013473427920819,0.13191707802712416,1|price|2412,price,0.13191707802712416
2019-08-28 06:00:00,2019-08-28 06:00:00,2019-08-28 07:00:00,2019-08-29 07:00:00,1,prebreak,ok,1.0,lower_first,11.0,5340,1|2019-07-01,ok,0.12013473427920819,0.1299137561498477,1|price|2417,price,0.1299137561498477
2019-08-30 12:00:00,2019-08-30 12:00:00,2019-08-30 13:00:00,2019-08-31 13:00:00,1,prebreak,ok,0.0,neither,,5349,1|2019-07-01,ok,0.12013473427920819,0.13660188969854972,1|price|2426,price,0.13660188969854972
2019-08-31 18:00:00,2019-08-31 18:00:00,2019-08-31 19:00:00,2019-09-01 19:00:00,1,prebreak,ok,0.0,neither,,5354,1|2019-07-01,ok,0.12013473427920819,0.13575693704702776,1|price|2431,price,0.13575693704702776
2019-09-05 12:00:00,2019-09-05 12:00:00,2019-09-05 13:00:00,2019-09-06 13:00:00,1,prebreak,ok,0.0,upper_first,22.0,5373,1|2019-07-01,ok,0.12013473427920819,0.10813579238047162,1|price|2450,price,0.10813579238047162
2019-09-06 18:00:00,2019-09-06 18:00:00,2019-09-06 19:00:00,2019-09-07 19:00:00,1,prebreak,ok,0.0,neither,,5378,1|2019-07-01,ok,0.12013473427920819,0.1643061265386708,1|price|2455,price,0.1643061265386708
2019-09-08 00:00:00,2019-09-08 00:00:00,2019-09-08 01:00:00,2019-09-09 01:00:00,1,prebreak,ok,0.0,neither,,5383,1|2019-07-01,ok,0.12013473427920819,0.12624314397606737,1|price|2460,price,0.12624314397606737
2019-09-09 06:00:00,2019-09-09 06:00:00,2019-09-09 07:00:00,2019-09-10 07:00:00,1,prebreak,ok,0.0,neither,,5388,1|2019-07-01,ok,0.12013473427920819,0.13418462859562985,1|price|2465,price,0.13418462859562985
2019-09-12 06:00:00,2019-09-12 06:00:00,2019-09-12 07:00:00,2019-09-13 07:00:00,1,prebreak,ok,0.0,upper_first,8.0,5400,1|2019-07-01,ok,0.12013473427920819,0.10724782042022576,1|price|2477,price,0.10724782042022576
2019-09-20 18:00:00,2019-09-20 18:00:00,2019-09-20 19:00:00,2019-09-21 19:00:00,1,prebreak,ok,0.0,neither,,5434,1|2019-07-01,ok,0.12013473427920819,0.10245295132313063,1|price|2511,price,0.10245295132313063
2019-09-22 00:00:00,2019-09-22 00:00:00,2019-09-22 01:00:00,2019-09-23 01:00:00,1,prebreak,ok,0.0,neither,,5439,1|2019-07-01,ok,0.12013473427920819,0.1033802909563802,1|price|2516,price,0.1033802909563802
2019-09-26 00:00:00,2019-09-26 00:00:00,2019-09-26 01:00:00,2019-09-27 01:00:00,1,prebreak,ok,1.0,lower_first,14.0,5455,1|2019-07-01,ok,0.12013473427920819,0.2207117717189338,1|price|2532,price,0.2207117717189338
2019-09-27 18:00:00,2019-09-27 18:00:00,2019-09-27 19:00:00,2019-09-28 19:00:00,1,prebreak,ok,0.0,upper_first,2.0,5462,1|2019-07-01,ok,0.12013473427920819,0.242678372690924,1|price|2539,price,0.242678372690924
2019-09-29 00:00:00,2019-09-29 00:00:00,2019-09-29 01:00:00,2019-09-30 01:00:00,1,prebreak,ok,0.0,neither,,5467,1|2019-07-01,ok,0.12013473427920819,0.1329338820408826,1|price|2544,price,0.1329338820408826
2019-10-01 12:00:00,2019-10-01 12:00:00,2019-10-01 13:00:00,2019-10-02 13:00:00,1,prebreak,ok,0.0,neither,,5477,1|2019-10-01,ok,0.12995992279671004,0.11078201592355416,1|price|2554,price,0.11078201592355416
2019-10-02 18:00:00,2019-10-02 18:00:00,2019-10-02 19:00:00,2019-10-03 19:00:00,1,prebreak,ok,0.0,neither,,5482,1|2019-10-01,ok,0.12995992279671004,0.12026406777083314,1|price|2559,price,0.12026406777083314
2019-10-04 00:00:00,2019-10-04 00:00:00,2019-10-04 01:00:00,2019-10-05 01:00:00,1,prebreak,ok,0.0,neither,,5487,1|2019-10-01,ok,0.12995992279671004,0.11735362508043219,1|price|2564,price,0.11735362508043219
2019-10-05 12:00:00,2019-10-05 12:00:00,2019-10-05 13:00:00,2019-10-06 13:00:00,1,prebreak,ok,0.0,neither,,5493,1|2019-10-01,ok,0.12995992279671004,0.1005912844887281,1|price|2570,price,0.1005912844887281
2019-10-08 00:00:00,2019-10-08 00:00:00,2019-10-08 01:00:00,2019-10-09 01:00:00,1,prebreak,ok,0.0,neither,,5503,1|2019-10-01,ok,0.12995992279671004,0.10459357501068674,1|price|2580,price,0.10459357501068674
2019-10-09 06:00:00,2019-10-09 06:00:00,2019-10-09 07:00:00,2019-10-10 07:00:00,1,prebreak,ok,0.0,upper_first,7.0,5508,1|2019-10-01,ok,0.12995992279671004,0.10801127061992043,1|price|2585,price,0.10801127061992043
2019-10-11 06:00:00,2019-10-11 06:00:00,2019-10-11 07:00:00,2019-10-12 07:00:00,1,prebreak,ok,0.0,neither,,5516,1|2019-10-01,ok,0.12995992279671004,0.1149301878947767,1|price|2593,price,0.1149301878947767
2019-10-12 12:00:00,2019-10-12 12:00:00,2019-10-12 13:00:00,2019-10-13 13:00:00,1,prebreak,ok,0.0,neither,,5521,1|2019-10-01,ok,0.12995992279671004,0.14309238738430052,1|price|2598,price,0.14309238738430052
2019-10-13 18:00:00,2019-10-13 18:00:00,2019-10-13 19:00:00,2019-10-14 19:00:00,1,prebreak,ok,0.0,neither,,5526,1|2019-10-01,ok,0.12995992279671004,0.11244857915255699,1|price|2603,price,0.11244857915255699
2019-10-15 18:00:00,2019-10-15 18:00:00,2019-10-15 19:00:00,2019-10-16 19:00:00,1,prebreak,ok,0.0,neither,,5534,1|2019-10-01,ok,0.12995992279671004,0.11579958877036305,1|price|2611,price,0.11579958877036305
2019-10-24 18:00:00,2019-10-24 18:00:00,2019-10-24 19:00:00,2019-10-25 19:00:00,1,prebreak,ok,0.0,upper_first,18.0,5570,1|2019-10-01,ok,0.12995992279671004,0.15646827072022831,1|price|2647,price,0.15646827072022831
2019-10-26 00:00:00,2019-10-26 00:00:00,2019-10-26 01:00:00,2019-10-27 01:00:00,1,prebreak,ok,0.0,upper_first,0.0,5575,1|2019-10-01,ok,0.12995992279671004,0.1749828971687817,1|price|2652,price,0.1749828971687817
2019-10-27 06:00:00,2019-10-27 06:00:00,2019-10-27 07:00:00,2019-10-28 07:00:00,1,prebreak,ok,0.0,upper_first,4.0,5580,1|2019-10-01,ok,0.12995992279671004,0.23754416433405431,1|price|2657,price,0.23754416433405431
2019-10-28 12:00:00,2019-10-28 12:00:00,2019-10-28 13:00:00,2019-10-29 13:00:00,1,prebreak,ok,0.0,neither,,5585,1|2019-10-01,ok,0.12995992279671004,0.24840450282619803,1|price|2662,price,0.24840450282619803
2019-10-29 18:00:00,2019-10-29 18:00:00,2019-10-29 19:00:00,2019-10-30 19:00:00,1,prebreak,ok,0.0,neither,,5590,1|2019-10-01,ok,0.12995992279671004,0.15573657074121156,1|price|2667,price,0.15573657074121156
2019-10-31 00:00:00,2019-10-31 00:00:00,2019-10-31 01:00:00,2019-11-01 01:00:00,1,prebreak,ok,,censored,,5595,1|2019-10-01,ok,0.12995992279671004,0.15338993852952054,1|price|2672,price,0.15338993852952054
2019-12-01 00:00:00,2019-12-01 00:00:00,2019-12-01 01:00:00,2019-12-02 01:00:00,1,prebreak,ok,0.0,neither,,5719,1|2019-10-01,ok,0.12995992279671004,0.1314851283738698,1|price|2796,price,0.1314851283738698
2019-12-02 06:00:00,2019-12-02 06:00:00,2019-12-02 07:00:00,2019-12-03 07:00:00,1,prebreak,ok,0.0,neither,,5724,1|2019-10-01,ok,0.12995992279671004,0.14444320001100674,1|price|2801,price,0.14444320001100674
2019-12-03 12:00:00,2019-12-03 12:00:00,2019-12-03 13:00:00,2019-12-04 13:00:00,1,prebreak,ok,0.0,neither,,5729,1|2019-10-01,ok,0.12995992279671004,0.12642482594429177,1|price|2806,price,0.12642482594429177
2019-12-05 06:00:00,2019-12-05 06:00:00,2019-12-05 07:00:00,2019-12-06 07:00:00,1,prebreak,ok,0.0,neither,,5736,1|2019-10-01,ok,0.12995992279671004,0.15809277881598996,1|price|2813,price,0.15809277881598996
2019-12-06 12:00:00,2019-12-06 12:00:00,2019-12-06 13:00:00,2019-12-07 13:00:00,1,prebreak,ok,0.0,upper_first,4.0,5741,1|2019-10-01,ok,0.12995992279671004,0.1611364632817867,1|price|2818,price,0.1611364632817867
2019-12-07 18:00:00,2019-12-07 18:00:00,2019-12-07 19:00:00,2019-12-08 19:00:00,1,prebreak,ok,0.0,neither,,5746,1|2019-10-01,ok,0.12995992279671004,0.12158963927496565,1|price|2823,price,0.12158963927496565
2019-12-09 18:00:00,2019-12-09 18:00:00,2019-12-09 19:00:00,2019-12-10 19:00:00,1,prebreak,ok,0.0,neither,,5754,1|2019-10-01,ok,0.12995992279671004,0.10355671053568362,1|price|2831,price,0.10355671053568362
2019-12-11 18:00:00,2019-12-11 18:00:00,2019-12-11 19:00:00,2019-12-12 19:00:00,1,prebreak,ok,0.0,neither,,5762,1|2019-10-01,ok,0.12995992279671004,0.10786234550590709,1|price|2839,price,0.10786234550590709
2019-12-19 18:00:00,2019-12-19 18:00:00,2019-12-19 19:00:00,2019-12-20 19:00:00,1,prebreak,ok,0.0,neither,,5794,1|2019-10-01,ok,0.12995992279671004,0.15482757530965907,1|price|2871,price,0.15482757530965907
2019-12-21 00:00:00,2019-12-21 00:00:00,2019-12-21 01:00:00,2019-12-22 01:00:00,1,prebreak,ok,0.0,neither,,5799,1|2019-10-01,ok,0.12995992279671004,0.13514044479395637,1|price|2876,price,0.13514044479395637
2019-12-24 00:00:00,2019-12-24 00:00:00,2019-12-24 01:00:00,2019-12-25 01:00:00,1,prebreak,ok,0.0,neither,,5811,1|2019-10-01,ok,0.12995992279671004,0.11333343511107931,1|price|2888,price,0.11333343511107931
2019-12-25 06:00:00,2019-12-25 06:00:00,2019-12-25 07:00:00,2019-12-26 07:00:00,1,prebreak,ok,0.0,neither,,5816,1|2019-10-01,ok,0.12995992279671004,0.12847136247272992,1|price|2893,price,0.12847136247272992
2019-12-27 00:00:00,2019-12-27 00:00:00,2019-12-27 01:00:00,2019-12-28 01:00:00,1,prebreak,ok,0.0,neither,,5823,1|2019-10-01,ok,0.12995992279671004,0.11441083254472784,1|price|2900,price,0.11441083254472784
2020-01-04 06:00:00,2020-01-04 06:00:00,2020-01-04 07:00:00,2020-01-05 07:00:00,1,prebreak,ok,0.0,neither,,5856,1|2020-01-01,ok,0.11486144558816423,0.10862406862939628,1|price|2933,price,0.10862406862939628
2020-01-05 12:00:00,2020-01-05 12:00:00,2020-01-05 13:00:00,2020-01-06 13:00:00,1,prebreak,ok,0.0,neither,,5861,1|2020-01-01,ok,0.11486144558816423,0.11086749400992303,1|price|2938,price,0.11086749400992303
2020-01-08 06:00:00,2020-01-08 06:00:00,2020-01-08 07:00:00,2020-01-09 07:00:00,1,prebreak,ok,1.0,lower_first,13.0,5872,1|2020-01-01,ok,0.11486144558816423,0.10555914384538152,1|price|2949,price,0.10555914384538152
2020-01-09 12:00:00,2020-01-09 12:00:00,2020-01-09 13:00:00,2020-01-10 13:00:00,1,prebreak,ok,0.0,neither,,5877,1|2020-01-01,ok,0.11486144558816423,0.1592723862979862,1|price|2954,price,0.1592723862979862
2020-01-11 12:00:00,2020-01-11 12:00:00,2020-01-11 13:00:00,2020-01-12 13:00:00,1,prebreak,ok,0.0,neither,,5885,1|2020-01-01,ok,0.11486144558816423,0.13253505024408038,1|price|2962,price,0.13253505024408038
2020-01-12 18:00:00,2020-01-12 18:00:00,2020-01-12 19:00:00,2020-01-13 19:00:00,1,prebreak,ok,0.0,neither,,5890,1|2020-01-01,ok,0.11486144558816423,0.1075541081816196,1|price|2967,price,0.1075541081816196
2020-01-15 06:00:00,2020-01-15 06:00:00,2020-01-15 07:00:00,2020-01-16 07:00:00,1,prebreak,ok,0.0,neither,,5900,1|2020-01-01,ok,0.11486144558816423,0.12160972493296042,1|price|2977,price,0.12160972493296042
2020-01-16 12:00:00,2020-01-16 12:00:00,2020-01-16 13:00:00,2020-01-17 13:00:00,1,prebreak,ok,0.0,upper_first,17.0,5905,1|2020-01-01,ok,0.11486144558816423,0.12446061025831218,1|price|2982,price,0.12446061025831218
2020-01-17 18:00:00,2020-01-17 18:00:00,2020-01-17 19:00:00,2020-01-18 19:00:00,1,prebreak,ok,0.0,neither,,5910,1|2020-01-01,ok,0.11486144558816423,0.1278351901929766,1|price|2987,price,0.1278351901929766
2020-01-19 12:00:00,2020-01-19 12:00:00,2020-01-19 13:00:00,2020-01-20 13:00:00,1,prebreak,ok,0.0,neither,,5917,1|2020-01-01,ok,0.11486144558816423,0.15228254390092869,1|price|2994,price,0.15228254390092869
2020-01-20 18:00:00,2020-01-20 18:00:00,2020-01-20 19:00:00,2020-01-21 19:00:00,1,prebreak,ok,0.0,neither,,5922,1|2020-01-01,ok,0.11486144558816423,0.13566604107240243,1|price|2999,price,0.13566604107240243
2020-01-22 00:00:00,2020-01-22 00:00:00,2020-01-22 01:00:00,2020-01-23 01:00:00,1,prebreak,ok,0.0,neither,,5927,1|2020-01-01,ok,0.11486144558816423,0.13303225556027018,1|price|3004,price,0.13303225556027018
2020-01-23 06:00:00,2020-01-23 06:00:00,2020-01-23 07:00:00,2020-01-24 07:00:00,1,prebreak,ok,0.0,neither,,5932,1|2020-01-01,ok,0.11486144558816423,0.10945676615044261,1|price|3009,price,0.10945676615044261
2020-01-25 12:00:00,2020-01-25 12:00:00,2020-01-25 13:00:00,2020-01-26 13:00:00,1,prebreak,ok,0.0,neither,,5941,1|2020-01-01,ok,0.11486144558816423,0.10607334132689866,1|price|3018,price,0.10607334132689866
2020-01-29 12:00:00,2020-01-29 12:00:00,2020-01-29 13:00:00,2020-01-30 13:00:00,1,prebreak,ok,0.0,neither,,5957,1|2020-01-01,ok,0.11486144558816423,0.10197601613166109,1|price|3034,price,0.10197601613166109
2020-03-01 00:00:00,2020-03-01 00:00:00,2020-03-01 01:00:00,2020-03-02 01:00:00,1,prebreak,ok,0.0,neither,,6083,1|2020-01-01,ok,0.11486144558816423,0.13266770981606482,1|price|3160,price,0.13266770981606482
2020-03-02 06:00:00,2020-03-02 06:00:00,2020-03-02 07:00:00,2020-03-03 07:00:00,1,prebreak,ok,0.0,upper_first,7.0,6088,1|2020-01-01,ok,0.11486144558816423,0.10854325340854516,1|price|3165,price,0.10854325340854516
2020-03-08 06:00:00,2020-03-08 06:00:00,2020-03-08 07:00:00,2020-03-09 07:00:00,1,prebreak,ok,1.0,lower_first,9.0,6112,1|2020-01-01,ok,0.11486144558816423,0.10180124423715758,1|price|3189,price,0.10180124423715758
2020-03-10 06:00:00,2020-03-10 06:00:00,2020-03-10 07:00:00,2020-03-11 07:00:00,1,prebreak,ok,0.0,neither,,6120,1|2020-01-01,ok,0.11486144558816423,0.13148943494180534,1|price|3197,price,0.13148943494180534
2020-03-11 12:00:00,2020-03-11 12:00:00,2020-03-11 13:00:00,2020-03-12 13:00:00,1,prebreak,ok,1.0,lower_first,17.0,6125,1|2020-01-01,ok,0.11486144558816423,0.1663388152243893,1|price|3202,price,0.1663388152243893
2020-03-14 06:00:00,2020-03-14 06:00:00,2020-03-14 07:00:00,2020-03-15 07:00:00,1,prebreak,ok,1.0,lower_first,15.0,6136,1|2020-01-01,ok,0.11486144558816423,0.4339205247881893,1|price|3213,price,0.4339205247881893
2020-03-15 12:00:00,2020-03-15 12:00:00,2020-03-15 13:00:00,2020-03-16 13:00:00,1,prebreak,ok,0.0,upper_first,8.0,6141,1|2020-01-01,ok,0.11486144558816423,0.41299732140828876,1|price|3218,price,0.41299732140828876
2020-03-17 12:00:00,2020-03-17 12:00:00,2020-03-17 13:00:00,2020-03-18 13:00:00,1,prebreak,ok,0.0,upper_first,2.0,6149,1|2020-01-01,ok,0.11486144558816423,0.3401217969887672,1|price|3226,price,0.3401217969887672
2020-03-18 18:00:00,2020-03-18 18:00:00,2020-03-18 19:00:00,2020-03-19 19:00:00,1,prebreak,ok,0.0,upper_first,14.0,6154,1|2020-01-01,ok,0.11486144558816423,0.3373716741080935,1|price|3231,price,0.3373716741080935
2020-03-20 00:00:00,2020-03-20 00:00:00,2020-03-20 01:00:00,2020-03-21 01:00:00,1,prebreak,ok,0.0,upper_first,7.0,6159,1|2020-01-01,ok,0.11486144558816423,0.19733204276216124,1|price|3236,price,0.19733204276216124
2020-03-21 06:00:00,2020-03-21 06:00:00,2020-03-21 07:00:00,2020-03-22 07:00:00,1,prebreak,ok,1.0,lower_first,2.0,6164,1|2020-01-01,ok,0.11486144558816423,0.23142265567394216,1|price|3241,price,0.23142265567394216
2020-03-22 12:00:00,2020-03-22 12:00:00,2020-03-22 13:00:00,2020-03-23 13:00:00,1,prebreak,ok,1.0,lower_first,11.0,6169,1|2020-01-01,ok,0.11486144558816423,0.2496948574620859,1|price|3246,price,0.2496948574620859
2020-03-23 18:00:00,2020-03-23 18:00:00,2020-03-23 19:00:00,2020-03-24 19:00:00,1,prebreak,ok,0.0,upper_first,1.0,6174,1|2020-01-01,ok,0.11486144558816423,0.22259515073115207,1|price|3251,price,0.22259515073115207
2020-03-25 00:00:00,2020-03-25 00:00:00,2020-03-25 01:00:00,2020-03-26 01:00:00,1,prebreak,ok,0.0,upper_first,8.0,6179,1|2020-01-01,ok,0.11486144558816423,0.1883709049888646,1|price|3256,price,0.1883709049888646
2020-03-26 06:00:00,2020-03-26 06:00:00,2020-03-26 07:00:00,2020-03-27 07:00:00,1,prebreak,ok,0.0,upper_first,17.0,6184,1|2020-01-01,ok,0.11486144558816423,0.19932795929982244,1|price|3261,price,0.19932795929982244
2020-03-27 12:00:00,2020-03-27 12:00:00,2020-03-27 13:00:00,2020-03-28 13:00:00,1,prebreak,ok,1.0,lower_first,10.0,6189,1|2020-01-01,ok,0.11486144558816423,0.15729702502554865,1|price|3266,price,0.15729702502554865
2020-03-29 18:00:00,2020-03-29 18:00:00,2020-03-29 19:00:00,2020-03-30 19:00:00,1,prebreak,ok,0.0,upper_first,10.0,6198,1|2020-01-01,ok,0.11486144558816423,0.1680660634738347,1|price|3275,price,0.1680660634738347
2020-03-31 00:00:00,2020-03-31 00:00:00,2020-03-31 01:00:00,2020-04-01 01:00:00,1,prebreak,ok,0.0,neither,,6203,1|2020-01-01,ok,0.11486144558816423,0.16537664250591927,1|price|3280,price,0.16537664250591927
2020-04-01 06:00:00,2020-04-01 06:00:00,2020-04-01 07:00:00,2020-04-02 07:00:00,1,prebreak,ok,0.0,upper_first,15.0,6208,1|2020-04-01,ok,0.1237993505852348,0.14066849843413964,1|price|3285,price,0.14066849843413964
2020-04-02 12:00:00,2020-04-02 12:00:00,2020-04-02 13:00:00,2020-04-03 13:00:00,1,prebreak,ok,0.0,upper_first,3.0,6213,1|2020-04-01,ok,0.1237993505852348,0.1251428929578456,1|price|3290,price,0.1251428929578456
2020-04-03 18:00:00,2020-04-03 18:00:00,2020-04-03 19:00:00,2020-04-04 19:00:00,1,prebreak,ok,0.0,neither,,6218,1|2020-04-01,ok,0.1237993505852348,0.17625613708588406,1|price|3295,price,0.17625613708588406
2020-04-05 00:00:00,2020-04-05 00:00:00,2020-04-05 01:00:00,2020-04-06 01:00:00,1,prebreak,ok,0.0,neither,,6223,1|2020-04-01,ok,0.1237993505852348,0.16587069382161512,1|price|3300,price,0.16587069382161512
2020-04-06 06:00:00,2020-04-06 06:00:00,2020-04-06 07:00:00,2020-04-07 07:00:00,1,prebreak,ok,0.0,upper_first,12.0,6228,1|2020-04-01,ok,0.1237993505852348,0.11721377949227857,1|price|3305,price,0.11721377949227857
2020-04-08 00:00:00,2020-04-08 00:00:00,2020-04-08 01:00:00,2020-04-09 01:00:00,1,prebreak,ok,0.0,upper_first,2.0,6235,1|2020-04-01,ok,0.1237993505852348,0.11044230676882896,1|price|3312,price,0.11044230676882896
2020-04-09 06:00:00,2020-04-09 06:00:00,2020-04-09 07:00:00,2020-04-10 07:00:00,1,prebreak,ok,1.0,lower_first,22.0,6240,1|2020-04-01,ok,0.1237993505852348,0.127026910704363,1|price|3317,price,0.127026910704363
2020-04-11 18:00:00,2020-04-11 18:00:00,2020-04-11 19:00:00,2020-04-12 19:00:00,1,prebreak,ok,0.0,upper_first,20.0,6250,1|2020-04-01,ok,0.1237993505852348,0.13771750317064269,1|price|3327,price,0.13771750317064269
2020-04-13 00:00:00,2020-04-13 00:00:00,2020-04-13 01:00:00,2020-04-14 01:00:00,1,prebreak,ok,0.0,neither,,6255,1|2020-04-01,ok,0.1237993505852348,0.1502964277075821,1|price|3332,price,0.1502964277075821
2020-04-14 06:00:00,2020-04-14 06:00:00,2020-04-14 07:00:00,2020-04-15 07:00:00,1,prebreak,ok,0.0,neither,,6260,1|2020-04-01,ok,0.1237993505852348,0.12435858983019792,1|price|3337,price,0.12435858983019792
2020-04-15 12:00:00,2020-04-15 12:00:00,2020-04-15 13:00:00,2020-04-16 13:00:00,1,prebreak,ok,0.0,upper_first,18.0,6265,1|2020-04-01,ok,0.1237993505852348,0.14534287848405578,1|price|3342,price,0.14534287848405578
2020-04-16 18:00:00,2020-04-16 18:00:00,2020-04-16 19:00:00,2020-04-17 19:00:00,1,prebreak,ok,0.0,neither,,6270,1|2020-04-01,ok,0.1237993505852348,0.11311504369819267,1|price|3347,price,0.11311504369819267
2020-04-18 00:00:00,2020-04-18 00:00:00,2020-04-18 01:00:00,2020-04-19 01:00:00,1,prebreak,ok,0.0,upper_first,21.0,6275,1|2020-04-01,ok,0.1237993505852348,0.1186860686049159,1|price|3352,price,0.1186860686049159
2020-04-19 06:00:00,2020-04-19 06:00:00,2020-04-19 07:00:00,2020-04-20 07:00:00,1,prebreak,ok,0.0,neither,,6280,1|2020-04-01,ok,0.1237993505852348,0.1260191531654256,1|price|3357,price,0.1260191531654256
2020-04-22 00:00:00,2020-04-22 00:00:00,2020-04-22 01:00:00,2020-04-23 01:00:00,1,prebreak,ok,0.0,upper_first,12.0,6291,1|2020-04-01,ok,0.1237993505852348,0.13198224149771337,1|price|3368,price,0.13198224149771337
2020-04-23 06:00:00,2020-04-23 06:00:00,2020-04-23 07:00:00,2020-04-24 07:00:00,1,prebreak,ok,0.0,upper_first,6.0,6296,1|2020-04-01,ok,0.1237993505852348,0.11554305693847183,1|price|3373,price,0.11554305693847183
2020-04-24 12:00:00,2020-04-24 12:00:00,2020-04-24 13:00:00,2020-04-25 13:00:00,1,prebreak,ok,0.0,neither,,6301,1|2020-04-01,ok,0.1237993505852348,0.10856075525746568,1|price|3378,price,0.10856075525746568
2020-04-25 18:00:00,2020-04-25 18:00:00,2020-04-25 19:00:00,2020-04-26 19:00:00,1,prebreak,ok,0.0,neither,,6306,1|2020-04-01,ok,0.1237993505852348,0.11819702568200727,1|price|3383,price,0.11819702568200727
2020-04-30 12:00:00,2020-04-30 12:00:00,2020-04-30 13:00:00,2020-05-01 13:00:00,1,prebreak,ok,0.0,upper_first,22.0,6325,1|2020-04-01,ok,0.1237993505852348,0.1941249248011668,1|price|3402,price,0.1941249248011668
2020-05-01 18:00:00,2020-05-01 18:00:00,2020-05-01 19:00:00,2020-05-02 19:00:00,1,prebreak,ok,0.0,upper_first,21.0,6330,1|2020-04-01,ok,0.1237993505852348,0.20223084417713366,1|price|3407,price,0.20223084417713366
2020-05-03 00:00:00,2020-05-03 00:00:00,2020-05-03 01:00:00,2020-05-04 01:00:00,1,prebreak,ok,0.0,neither,,6335,1|2020-04-01,ok,0.1237993505852348,0.19757282299115636,1|price|3412,price,0.19757282299115636
2020-05-05 06:00:00,2020-05-05 06:00:00,2020-05-05 07:00:00,2020-05-06 07:00:00,1,prebreak,ok,0.0,neither,,6344,1|2020-04-01,ok,0.1237993505852348,0.12812975949851135,1|price|3421,price,0.12812975949851135
2020-05-06 12:00:00,2020-05-06 12:00:00,2020-05-06 13:00:00,2020-05-07 13:00:00,1,prebreak,ok,0.0,neither,,6349,1|2020-04-01,ok,0.1237993505852348,0.10643874891312323,1|price|3426,price,0.10643874891312323
2020-05-08 00:00:00,2020-05-08 00:00:00,2020-05-08 01:00:00,2020-05-09 01:00:00,1,prebreak,ok,0.0,neither,,6355,1|2020-04-01,ok,0.1237993505852348,0.1027101113014556,1|price|3432,price,0.1027101113014556
2020-05-09 06:00:00,2020-05-09 06:00:00,2020-05-09 07:00:00,2020-05-10 07:00:00,1,prebreak,ok,1.0,lower_first,17.0,6360,1|2020-04-01,ok,0.1237993505852348,0.12267250543879435,1|price|3437,price,0.12267250543879435
2020-05-11 06:00:00,2020-05-11 06:00:00,2020-05-11 07:00:00,2020-05-12 07:00:00,1,prebreak,ok,0.0,upper_first,4.0,6368,1|2020-04-01,ok,0.1237993505852348,0.2353605646765825,1|price|3445,price,0.2353605646765825
2020-05-12 12:00:00,2020-05-12 12:00:00,2020-05-12 13:00:00,2020-05-13 13:00:00,1,prebreak,ok,0.0,upper_first,22.0,6373,1|2020-04-01,ok,0.1237993505852348,0.24376802535492614,1|price|3450,price,0.24376802535492614
2020-05-13 18:00:00,2020-05-13 18:00:00,2020-05-13 19:00:00,2020-05-14 19:00:00,1,prebreak,ok,0.0,upper_first,2.0,6378,1|2020-04-01,ok,0.1237993505852348,0.16128679299878024,1|price|3455,price,0.16128679299878024
2020-05-15 06:00:00,2020-05-15 06:00:00,2020-05-15 07:00:00,2020-05-16 07:00:00,1,prebreak,ok,0.0,neither,,6384,1|2020-04-01,ok,0.1237993505852348,0.12246627964429879,1|price|3461,price,0.12246627964429879
2020-05-16 12:00:00,2020-05-16 12:00:00,2020-05-16 13:00:00,2020-05-17 13:00:00,1,prebreak,ok,0.0,upper_first,23.0,6389,1|2020-04-01,ok,0.1237993505852348,0.15499483571974207,1|price|3466,price,0.15499483571974207
2020-05-17 18:00:00,2020-05-17 18:00:00,2020-05-17 19:00:00,2020-05-18 19:00:00,1,prebreak,ok,0.0,neither,,6394,1|2020-04-01,ok,0.1237993505852348,0.1242968038225957,1|price|3471,price,0.1242968038225957
2020-05-19 00:00:00,2020-05-19 00:00:00,2020-05-19 01:00:00,2020-05-20 01:00:00,1,prebreak,ok,0.0,neither,,6399,1|2020-04-01,ok,0.1237993505852348,0.11537716759555089,1|price|3476,price,0.11537716759555089
2020-05-20 06:00:00,2020-05-20 06:00:00,2020-05-20 07:00:00,2020-05-21 07:00:00,1,prebreak,ok,0.0,neither,,6404,1|2020-04-01,ok,0.1237993505852348,0.14059467190888822,1|price|3481,price,0.14059467190888822
2020-05-23 00:00:00,2020-05-23 00:00:00,2020-05-23 01:00:00,2020-05-24 01:00:00,1,prebreak,ok,0.0,neither,,6415,1|2020-04-01,ok,0.1237993505852348,0.15543591445176538,1|price|3492,price,0.15543591445176538
2020-05-24 06:00:00,2020-05-24 06:00:00,2020-05-24 07:00:00,2020-05-25 07:00:00,1,prebreak,ok,1.0,lower_first,16.0,6420,1|2020-04-01,ok,0.1237993505852348,0.12748455538651135,1|price|3497,price,0.12748455538651135
2020-05-26 00:00:00,2020-05-26 00:00:00,2020-05-26 01:00:00,2020-05-27 01:00:00,1,prebreak,ok,0.0,neither,,6427,1|2020-04-01,ok,0.1237993505852348,0.13619694005944455,1|price|3504,price,0.13619694005944455
2020-05-27 06:00:00,2020-05-27 06:00:00,2020-05-27 07:00:00,2020-05-28 07:00:00,1,prebreak,ok,0.0,upper_first,3.0,6432,1|2020-04-01,ok,0.1237993505852348,0.1363677245580218,1|price|3509,price,0.1363677245580218
2020-05-29 12:00:00,2020-05-29 12:00:00,2020-05-29 13:00:00,2020-05-30 13:00:00,1,prebreak,ok,0.0,neither,,6441,1|2020-04-01,ok,0.1237993505852348,0.10210570846377089,1|price|3518,price,0.10210570846377089
2020-05-31 00:00:00,2020-05-31 00:00:00,2020-05-31 01:00:00,2020-06-01 01:00:00,1,prebreak,ok,0.0,neither,,6447,1|2020-04-01,ok,0.1237993505852348,0.1026839070040722,1|price|3524,price,0.1026839070040722
2020-06-01 06:00:00,2020-06-01 06:00:00,2020-06-01 07:00:00,2020-06-02 07:00:00,1,prebreak,ok,0.0,upper_first,16.0,6452,1|2020-04-01,ok,0.1237993505852348,0.10210912356930542,1|price|3529,price,0.10210912356930542
2020-06-02 12:00:00,2020-06-02 12:00:00,2020-06-02 13:00:00,2020-06-03 13:00:00,1,prebreak,ok,1.0,lower_first,1.0,6457,1|2020-04-01,ok,0.1237993505852348,0.1273735896199401,1|price|3534,price,0.1273735896199401
2020-06-03 18:00:00,2020-06-03 18:00:00,2020-06-03 19:00:00,2020-06-04 19:00:00,1,prebreak,ok,0.0,neither,,6462,1|2020-04-01,ok,0.1237993505852348,0.1788125525400644,1|price|3539,price,0.1788125525400644
2020-06-05 00:00:00,2020-06-05 00:00:00,2020-06-05 01:00:00,2020-06-06 01:00:00,1,prebreak,ok,0.0,neither,,6467,1|2020-04-01,ok,0.1237993505852348,0.17403625252117602,1|price|3544,price,0.17403625252117602
2020-06-12 18:00:00,2020-06-12 18:00:00,2020-06-12 19:00:00,2020-06-13 19:00:00,1,prebreak,ok,0.0,neither,,6498,1|2020-04-01,ok,0.1237993505852348,0.16927225799695686,1|price|3575,price,0.16927225799695686
2020-06-14 00:00:00,2020-06-14 00:00:00,2020-06-14 01:00:00,2020-06-15 01:00:00,1,prebreak,ok,0.0,neither,,6503,1|2020-04-01,ok,0.1237993505852348,0.15044006208610305,1|price|3580,price,0.15044006208610305
2020-06-17 06:00:00,2020-06-17 06:00:00,2020-06-17 07:00:00,2020-06-18 07:00:00,1,prebreak,ok,0.0,neither,,6516,1|2020-04-01,ok,0.1237993505852348,0.1003628630114412,1|price|3593,price,0.1003628630114412
2020-06-24 12:00:00,2020-06-24 12:00:00,2020-06-24 13:00:00,2020-06-25 13:00:00,1,prebreak,ok,0.0,neither,,6545,1|2020-04-01,ok,0.1237993505852348,0.11640059655401104,1|price|3622,price,0.11640059655401104
2020-06-26 06:00:00,2020-06-26 06:00:00,2020-06-26 07:00:00,2020-06-27 07:00:00,1,prebreak,ok,0.0,neither,,6552,1|2020-04-01,ok,0.1237993505852348,0.10820442925267919,1|price|3629,price,0.10820442925267919
2020-06-27 12:00:00,2020-06-27 12:00:00,2020-06-27 13:00:00,2020-06-28 13:00:00,1,prebreak,ok,0.0,neither,,6557,1|2020-04-01,ok,0.1237993505852348,0.10024213616267118,1|price|3634,price,0.10024213616267118
2020-07-27 18:00:00,2020-07-27 18:00:00,2020-07-27 19:00:00,2020-07-28 19:00:00,1,prebreak,ok,0.0,upper_first,3.0,6678,1|2020-07-01,ok,0.12064378084908008,0.10432469727272049,1|price|3755,price,0.10432469727272049
2020-07-29 00:00:00,2020-07-29 00:00:00,2020-07-29 01:00:00,2020-07-30 01:00:00,1,prebreak,ok,0.0,upper_first,13.0,6683,1|2020-07-01,ok,0.12064378084908008,0.15650726864515205,1|price|3760,price,0.15650726864515205
2020-07-30 06:00:00,2020-07-30 06:00:00,2020-07-30 07:00:00,2020-07-31 07:00:00,1,prebreak,ok,0.0,neither,,6688,1|2020-07-01,ok,0.12064378084908008,0.16809223457766956,1|price|3765,price,0.16809223457766956
2020-07-31 12:00:00,2020-07-31 12:00:00,2020-07-31 13:00:00,2020-08-01 13:00:00,1,prebreak,ok,0.0,upper_first,16.0,6693,1|2020-07-01,ok,0.12064378084908008,0.12236002324909885,1|price|3770,price,0.12236002324909885
2020-08-02 06:00:00,2020-08-02 06:00:00,2020-08-02 07:00:00,2020-08-03 07:00:00,1,prebreak,ok,0.0,neither,,6700,1|2020-07-01,ok,0.12064378084908008,0.20846235178057398,1|price|3777,price,0.20846235178057398
2020-08-03 12:00:00,2020-08-03 12:00:00,2020-08-03 13:00:00,2020-08-04 13:00:00,1,prebreak,ok,0.0,neither,,6705,1|2020-07-01,ok,0.12064378084908008,0.18617709060959584,1|price|3782,price,0.18617709060959584
2020-08-04 18:00:00,2020-08-04 18:00:00,2020-08-04 19:00:00,2020-08-05 19:00:00,1,prebreak,ok,0.0,upper_first,17.0,6710,1|2020-07-01,ok,0.12064378084908008,0.1755904631261722,1|price|3787,price,0.1755904631261722
2020-08-07 18:00:00,2020-08-07 18:00:00,2020-08-07 19:00:00,2020-08-08 19:00:00,1,prebreak,ok,0.0,neither,,6722,1|2020-07-01,ok,0.12064378084908008,0.10001101387779736,1|price|3799,price,0.10001101387779736
2020-08-10 12:00:00,2020-08-10 12:00:00,2020-08-10 13:00:00,2020-08-11 13:00:00,1,prebreak,ok,0.0,neither,,6733,1|2020-07-01,ok,0.12064378084908008,0.12649237852294132,1|price|3810,price,0.12649237852294132
2020-08-11 18:00:00,2020-08-11 18:00:00,2020-08-11 19:00:00,2020-08-12 19:00:00,1,prebreak,ok,0.0,neither,,6738,1|2020-07-01,ok,0.12064378084908008,0.1260010588054738,1|price|3815,price,0.1260010588054738
2020-08-13 00:00:00,2020-08-13 00:00:00,2020-08-13 01:00:00,2020-08-14 01:00:00,1,prebreak,ok,0.0,neither,,6743,1|2020-07-01,ok,0.12064378084908008,0.12562664236110882,1|price|3820,price,0.12562664236110882
2020-08-14 06:00:00,2020-08-14 06:00:00,2020-08-14 07:00:00,2020-08-15 07:00:00,1,prebreak,ok,0.0,neither,,6748,1|2020-07-01,ok,0.12064378084908008,0.10652877952936979,1|price|3825,price,0.10652877952936979
2020-08-18 00:00:00,2020-08-18 00:00:00,2020-08-18 01:00:00,2020-08-19 01:00:00,1,prebreak,ok,0.0,neither,,6763,1|2020-07-01,ok,0.12064378084908008,0.10222023854769316,1|price|3840,price,0.10222023854769316
2020-08-19 06:00:00,2020-08-19 06:00:00,2020-08-19 07:00:00,2020-08-20 07:00:00,1,prebreak,ok,0.0,neither,,6768,1|2020-07-01,ok,0.12064378084908008,0.14278453722637705,1|price|3845,price,0.14278453722637705
2020-08-20 12:00:00,2020-08-20 12:00:00,2020-08-20 13:00:00,2020-08-21 13:00:00,1,prebreak,ok,0.0,neither,,6773,1|2020-07-01,ok,0.12064378084908008,0.12339198557190263,1|price|3850,price,0.12339198557190263
2020-08-27 18:00:00,2020-08-27 18:00:00,2020-08-27 19:00:00,2020-08-28 19:00:00,1,prebreak,ok,0.0,neither,,6802,1|2020-07-01,ok,0.12064378084908008,0.10245165829567451,1|price|3879,price,0.10245165829567451
2020-09-03 12:00:00,2020-09-03 12:00:00,2020-09-03 13:00:00,2020-09-04 13:00:00,1,prebreak,ok,1.0,lower_first,10.0,6829,1|2020-07-01,ok,0.12064378084908008,0.11738135324636893,1|price|3906,price,0.11738135324636893
2020-10-13 00:00:00,2020-10-13 00:00:00,2020-10-13 01:00:00,2020-10-14 01:00:00,1,prebreak,ok,0.0,neither,,6987,1|2020-10-01,ok,0.10974946881474425,0.10781649690702967,1|price|4064,price,0.10781649690702967
2020-10-14 18:00:00,2020-10-14 18:00:00,2020-10-14 19:00:00,2020-10-15 19:00:00,1,prebreak,ok,0.0,neither,,6994,1|2020-10-01,ok,0.10974946881474425,0.10634223329207113,1|price|4071,price,0.10634223329207113
2020-10-16 06:00:00,2020-10-16 06:00:00,2020-10-16 07:00:00,2020-10-17 07:00:00,1,prebreak,ok,0.0,neither,,7000,1|2020-10-01,ok,0.10974946881474425,0.10494985735588902,1|price|4077,price,0.10494985735588902
2020-11-20 00:00:00,2020-11-20 00:00:00,2020-11-20 01:00:00,2020-11-21 01:00:00,1,prebreak,ok,0.0,upper_first,6.0,7139,1|2020-10-01,ok,0.10974946881474425,0.1664959600227018,1|price|4216,price,0.1664959600227018
2020-11-21 06:00:00,2020-11-21 06:00:00,2020-11-21 07:00:00,2020-11-22 07:00:00,1,prebreak,ok,0.0,neither,,7144,1|2020-10-01,ok,0.10974946881474425,0.1490059669484761,1|price|4221,price,0.1490059669484761
2020-11-22 12:00:00,2020-11-22 12:00:00,2020-11-22 13:00:00,2020-11-23 13:00:00,1,prebreak,ok,0.0,upper_first,7.0,7149,1|2020-10-01,ok,0.10974946881474425,0.16103095383198773,1|price|4226,price,0.16103095383198773
2020-11-23 18:00:00,2020-11-23 18:00:00,2020-11-23 19:00:00,2020-11-24 19:00:00,1,prebreak,ok,0.0,upper_first,14.0,7154,1|2020-10-01,ok,0.10974946881474425,0.13688620380468258,1|price|4231,price,0.13688620380468258
2020-11-25 00:00:00,2020-11-25 00:00:00,2020-11-25 01:00:00,2020-11-26 01:00:00,1,prebreak,ok,0.0,neither,,7159,1|2020-10-01,ok,0.10974946881474425,0.1322651285169264,1|price|4236,price,0.1322651285169264
2020-11-27 12:00:00,2020-11-27 12:00:00,2020-11-27 13:00:00,2020-11-28 13:00:00,1,prebreak,ok,0.0,neither,,7169,1|2020-10-01,ok,0.10974946881474425,0.20912202111357753,1|price|4246,price,0.20912202111357753
2020-11-28 18:00:00,2020-11-28 18:00:00,2020-11-28 19:00:00,2020-11-29 19:00:00,1,prebreak,ok,0.0,neither,,7174,1|2020-10-01,ok,0.10974946881474425,0.19402914422838274,1|price|4251,price,0.19402914422838274
2020-11-30 00:00:00,2020-11-30 00:00:00,2020-11-30 01:00:00,2020-12-01 01:00:00,1,prebreak,ok,0.0,upper_first,12.0,7179,1|2020-10-01,ok,0.10974946881474425,0.13456755853474375,1|price|4256,price,0.13456755853474375
2020-12-01 06:00:00,2020-12-01 06:00:00,2020-12-01 07:00:00,2020-12-02 07:00:00,1,prebreak,ok,1.0,lower_first,6.0,7184,1|2020-10-01,ok,0.10974946881474425,0.1090956814775506,1|price|4261,price,0.1090956814775506
2020-12-02 12:00:00,2020-12-02 12:00:00,2020-12-02 13:00:00,2020-12-03 13:00:00,1,prebreak,ok,0.0,neither,,7189,1|2020-10-01,ok,0.10974946881474425,0.1684113971425083,1|price|4266,price,0.1684113971425083
2020-12-03 18:00:00,2020-12-03 18:00:00,2020-12-03 19:00:00,2020-12-04 19:00:00,1,prebreak,ok,0.0,neither,,7194,1|2020-10-01,ok,0.10974946881474425,0.1754382831435124,1|price|4271,price,0.1754382831435124
2020-12-05 00:00:00,2020-12-05 00:00:00,2020-12-05 01:00:00,2020-12-06 01:00:00,1,prebreak,ok,0.0,neither,,7199,1|2020-10-01,ok,0.10974946881474425,0.14036431868548924,1|price|4276,price,0.14036431868548924
2020-12-06 06:00:00,2020-12-06 06:00:00,2020-12-06 07:00:00,2020-12-07 07:00:00,1,prebreak,ok,0.0,neither,,7204,1|2020-10-01,ok,0.10974946881474425,0.11808311860867526,1|price|4281,price,0.11808311860867526
2020-12-07 12:00:00,2020-12-07 12:00:00,2020-12-07 13:00:00,2020-12-08 13:00:00,1,prebreak,ok,0.0,neither,,7209,1|2020-10-01,ok,0.10974946881474425,0.10815493561217825,1|price|4286,price,0.10815493561217825
2020-12-10 12:00:00,2020-12-10 12:00:00,2020-12-10 13:00:00,2020-12-11 13:00:00,1,prebreak,ok,0.0,neither,,7221,1|2020-10-01,ok,0.10974946881474425,0.12345424822577533,1|price|4298,price,0.12345424822577533
2020-12-11 18:00:00,2020-12-11 18:00:00,2020-12-11 19:00:00,2020-12-12 19:00:00,1,prebreak,ok,0.0,upper_first,23.0,7226,1|2020-10-01,ok,0.10974946881474425,0.12191364765675476,1|price|4303,price,0.12191364765675476
2020-12-17 00:00:00,2020-12-17 00:00:00,2020-12-17 01:00:00,2020-12-18 01:00:00,1,prebreak,ok,0.0,upper_first,2.0,7247,1|2020-10-01,ok,0.10974946881474425,0.10570228570208867,1|price|4324,price,0.10570228570208867
2020-12-18 06:00:00,2020-12-18 06:00:00,2020-12-18 07:00:00,2020-12-19 07:00:00,1,prebreak,ok,0.0,neither,,7252,1|2020-10-01,ok,0.10974946881474425,0.12339627564136739,1|price|4329,price,0.12339627564136739
2020-12-19 12:00:00,2020-12-19 12:00:00,2020-12-19 13:00:00,2020-12-20 13:00:00,1,prebreak,ok,0.0,upper_first,3.0,7257,1|2020-10-01,ok,0.10974946881474425,0.1432762578222887,1|price|4334,price,0.1432762578222887
2020-12-20 18:00:00,2020-12-20 18:00:00,2020-12-20 19:00:00,2020-12-21 19:00:00,1,prebreak,ok,1.0,lower_first,15.0,7262,1|2020-10-01,ok,0.10974946881474425,0.1252126693701795,1|price|4339,price,0.1252126693701795
2020-12-22 00:00:00,2020-12-22 00:00:00,2020-12-22 01:00:00,2020-12-23 01:00:00,1,prebreak,ok,0.0,upper_first,11.0,7267,1|2020-10-01,ok,0.10974946881474425,0.19462136522396928,1|price|4344,price,0.19462136522396928
2020-12-23 06:00:00,2020-12-23 06:00:00,2020-12-23 07:00:00,2020-12-24 07:00:00,1,prebreak,ok,0.0,neither,,7272,1|2020-10-01,ok,0.10974946881474425,0.1838865765408926,1|price|4349,price,0.1838865765408926
2020-12-24 12:00:00,2020-12-24 12:00:00,2020-12-24 13:00:00,2020-12-25 13:00:00,1,prebreak,ok,0.0,upper_first,20.0,7277,1|2020-10-01,ok,0.10974946881474425,0.16344418590272122,1|price|4354,price,0.16344418590272122
2020-12-25 18:00:00,2020-12-25 18:00:00,2020-12-25 19:00:00,2020-12-26 19:00:00,1,prebreak,ok,0.0,upper_first,19.0,7282,1|2020-10-01,ok,0.10974946881474425,0.14675863821250912,1|price|4359,price,0.14675863821250912
2020-12-27 00:00:00,2020-12-27 00:00:00,2020-12-27 01:00:00,2020-12-28 01:00:00,1,prebreak,ok,0.0,upper_first,5.0,7287,1|2020-10-01,ok,0.10974946881474425,0.11037193705137241,1|price|4364,price,0.11037193705137241
2020-12-28 06:00:00,2020-12-28 06:00:00,2020-12-28 07:00:00,2020-12-29 07:00:00,1,prebreak,ok,0.0,neither,,7292,1|2020-10-01,ok,0.10974946881474425,0.14305062173422906,1|price|4369,price,0.14305062173422906
2020-12-29 12:00:00,2020-12-29 12:00:00,2020-12-29 13:00:00,2020-12-30 13:00:00,1,prebreak,ok,0.0,upper_first,11.0,7297,1|2020-10-01,ok,0.10974946881474425,0.15535968789486063,1|price|4374,price,0.15535968789486063
2020-12-30 18:00:00,2020-12-30 18:00:00,2020-12-30 19:00:00,2020-12-31 19:00:00,1,prebreak,ok,0.0,neither,,7302,1|2020-10-01,ok,0.10974946881474425,0.14362117088982979,1|price|4379,price,0.14362117088982979
2021-01-01 00:00:00,2021-01-01 00:00:00,2021-01-01 01:00:00,2021-01-02 01:00:00,1,prebreak,ok,0.0,neither,,7307,1|2021-01-01,ok,0.10666557540057915,0.1242573524613739,1|price|4384,price,0.1242573524613739
2021-01-02 06:00:00,2021-01-02 06:00:00,2021-01-02 07:00:00,2021-01-03 07:00:00,1,prebreak,ok,0.0,upper_first,5.0,7312,1|2021-01-01,ok,0.10666557540057915,0.11706857876387286,1|price|4389,price,0.11706857876387286
2021-01-03 12:00:00,2021-01-03 12:00:00,2021-01-03 13:00:00,2021-01-04 13:00:00,1,prebreak,ok,1.0,lower_first,5.0,7317,1|2021-01-01,ok,0.10666557540057915,0.18352775423480114,1|price|4394,price,0.18352775423480114
2021-01-04 18:00:00,2021-01-04 18:00:00,2021-01-04 19:00:00,2021-01-05 19:00:00,1,prebreak,ok,0.0,upper_first,5.0,7322,1|2021-01-01,ok,0.10666557540057915,0.2321960073818791,1|price|4399,price,0.2321960073818791
2021-01-06 00:00:00,2021-01-06 00:00:00,2021-01-06 01:00:00,2021-01-07 01:00:00,1,prebreak,ok,0.0,upper_first,3.0,7327,1|2021-01-01,ok,0.10666557540057915,0.19365770915986225,1|price|4404,price,0.19365770915986225
2021-01-07 06:00:00,2021-01-07 06:00:00,2021-01-07 07:00:00,2021-01-08 07:00:00,1,prebreak,ok,0.0,upper_first,6.0,7332,1|2021-01-01,ok,0.10666557540057915,0.18382781203939613,1|price|4409,price,0.18382781203939613
2021-01-08 12:00:00,2021-01-08 12:00:00,2021-01-08 13:00:00,2021-01-09 13:00:00,1,prebreak,ok,1.0,lower_first,7.0,7337,1|2021-01-01,ok,0.10666557540057915,0.16770997236772764,1|price|4414,price,0.16770997236772764
2021-01-09 18:00:00,2021-01-09 18:00:00,2021-01-09 19:00:00,2021-01-10 19:00:00,1,prebreak,ok,1.0,lower_first,17.0,7342,1|2021-01-01,ok,0.10666557540057915,0.20024012224080628,1|price|4419,price,0.20024012224080628
2021-01-11 00:00:00,2021-01-11 00:00:00,2021-01-11 01:00:00,2021-01-12 01:00:00,1,prebreak,ok,1.0,lower_first,2.0,7347,1|2021-01-01,ok,0.10666557540057915,0.18650846557170928,1|price|4424,price,0.18650846557170928
2021-01-12 12:00:00,2021-01-12 12:00:00,2021-01-12 13:00:00,2021-01-13 13:00:00,1,prebreak,ok,1.0,lower_first,0.0,7353,1|2021-01-01,ok,0.10666557540057915,0.2563650440807903,1|price|4430,price,0.2563650440807903
2021-01-13 18:00:00,2021-01-13 18:00:00,2021-01-13 19:00:00,2021-01-14 19:00:00,1,prebreak,ok,0.0,upper_first,2.0,7358,1|2021-01-01,ok,0.10666557540057915,0.28105124647744656,1|price|4435,price,0.28105124647744656
2021-01-15 00:00:00,2021-01-15 00:00:00,2021-01-15 01:00:00,2021-01-16 01:00:00,1,prebreak,ok,1.0,lower_first,11.0,7363,1|2021-01-01,ok,0.10666557540057915,0.22586757082316805,1|price|4440,price,0.22586757082316805
2021-01-16 06:00:00,2021-01-16 06:00:00,2021-01-16 07:00:00,2021-01-17 07:00:00,1,prebreak,ok,0.0,upper_first,1.0,7368,1|2021-01-01,ok,0.10666557540057915,0.20662643259708427,1|price|4445,price,0.20662643259708427
2021-01-18 12:00:00,2021-01-18 12:00:00,2021-01-18 13:00:00,2021-01-19 13:00:00,1,prebreak,ok,0.0,neither,,7377,1|2021-01-01,ok,0.10666557540057915,0.18775303144296918,1|price|4454,price,0.18775303144296918
2021-01-19 18:00:00,2021-01-19 18:00:00,2021-01-19 19:00:00,2021-01-20 19:00:00,1,prebreak,ok,1.0,lower_first,14.0,7382,1|2021-01-01,ok,0.10666557540057915,0.16646802123133003,1|price|4459,price,0.16646802123133003
2021-01-21 00:00:00,2021-01-21 00:00:00,2021-01-21 01:00:00,2021-01-22 01:00:00,1,prebreak,ok,1.0,lower_first,7.0,7387,1|2021-01-01,ok,0.10666557540057915,0.16407591575437586,1|price|4464,price,0.16407591575437586
2021-01-23 06:00:00,2021-01-23 06:00:00,2021-01-23 07:00:00,2021-01-24 07:00:00,1,prebreak,ok,0.0,neither,,7396,1|2021-01-01,ok,0.10666557540057915,0.19877802017157045,1|price|4473,price,0.19877802017157045
2021-01-24 12:00:00,2021-01-24 12:00:00,2021-01-24 13:00:00,2021-01-25 13:00:00,1,prebreak,ok,0.0,upper_first,14.0,7401,1|2021-01-01,ok,0.10666557540057915,0.1998832742943351,1|price|4478,price,0.1998832742943351
2021-01-25 18:00:00,2021-01-25 18:00:00,2021-01-25 19:00:00,2021-01-26 19:00:00,1,prebreak,ok,1.0,lower_first,3.0,7406,1|2021-01-01,ok,0.10666557540057915,0.15877107744342203,1|price|4483,price,0.15877107744342203
2021-01-27 00:00:00,2021-01-27 00:00:00,2021-01-27 01:00:00,2021-01-28 01:00:00,1,prebreak,ok,1.0,lower_first,10.0,7411,1|2021-01-01,ok,0.10666557540057915,0.17717242645493692,1|price|4488,price,0.17717242645493692
2021-01-28 18:00:00,2021-01-28 18:00:00,2021-01-28 19:00:00,2021-01-29 19:00:00,1,prebreak,ok,0.0,upper_first,4.0,7418,1|2021-01-01,ok,0.10666557540057915,0.1929547777743357,1|price|4495,price,0.1929547777743357
2021-01-30 00:00:00,2021-01-30 00:00:00,2021-01-30 01:00:00,2021-01-31 01:00:00,1,prebreak,ok,0.0,neither,,7423,1|2021-01-01,ok,0.10666557540057915,0.2532440582554761,1|price|4500,price,0.2532440582554761
2021-01-31 06:00:00,2021-01-31 06:00:00,2021-01-31 07:00:00,2021-02-01 07:00:00,1,prebreak,ok,0.0,neither,,7428,1|2021-01-01,ok,0.10666557540057915,0.2484037672367272,1|price|4505,price,0.2484037672367272
2021-02-01 12:00:00,2021-02-01 12:00:00,2021-02-01 13:00:00,2021-02-02 13:00:00,1,prebreak,ok,0.0,upper_first,20.0,7433,1|2021-01-01,ok,0.10666557540057915,0.17439917291595064,1|price|4510,price,0.17439917291595064
2021-02-02 18:00:00,2021-02-02 18:00:00,2021-02-02 19:00:00,2021-02-03 19:00:00,1,prebreak,ok,0.0,upper_first,6.0,7438,1|2021-01-01,ok,0.10666557540057915,0.14655214417270962,1|price|4515,price,0.14655214417270962
2021-02-04 00:00:00,2021-02-04 00:00:00,2021-02-04 01:00:00,2021-02-05 01:00:00,1,prebreak,ok,1.0,lower_first,14.0,7443,1|2021-01-01,ok,0.10666557540057915,0.1169762186382936,1|price|4520,price,0.1169762186382936
2021-02-05 06:00:00,2021-02-05 06:00:00,2021-02-05 07:00:00,2021-02-06 07:00:00,1,prebreak,ok,0.0,upper_first,17.0,7448,1|2021-01-01,ok,0.10666557540057915,0.13296370889895898,1|price|4525,price,0.13296370889895898
2021-02-06 12:00:00,2021-02-06 12:00:00,2021-02-06 13:00:00,2021-02-07 13:00:00,1,prebreak,ok,0.0,neither,,7453,1|2021-01-01,ok,0.10666557540057915,0.1189923853633128,1|price|4530,price,0.1189923853633128
2021-02-07 18:00:00,2021-02-07 18:00:00,2021-02-07 19:00:00,2021-02-08 19:00:00,1,prebreak,ok,0.0,upper_first,15.0,7458,1|2021-01-01,ok,0.10666557540057915,0.15900060093353668,1|price|4535,price,0.15900060093353668
2021-02-09 00:00:00,2021-02-09 00:00:00,2021-02-09 01:00:00,2021-02-10 01:00:00,1,prebreak,ok,0.0,neither,,7463,1|2021-01-01,ok,0.10666557540057915,0.16556934341815224,1|price|4540,price,0.16556934341815224
2021-02-10 06:00:00,2021-02-10 06:00:00,2021-02-10 07:00:00,2021-02-11 07:00:00,1,prebreak,ok,1.0,lower_first,8.0,7468,1|2021-01-01,ok,0.10666557540057915,0.20037854441796138,1|price|4545,price,0.20037854441796138
2021-02-11 12:00:00,2021-02-11 12:00:00,2021-02-11 13:00:00,2021-02-12 13:00:00,1,prebreak,ok,0.0,upper_first,0.0,7473,1|2021-01-01,ok,0.10666557540057915,0.21244371128201175,1|price|4550,price,0.21244371128201175
2021-02-12 18:00:00,2021-02-12 18:00:00,2021-02-12 19:00:00,2021-02-13 19:00:00,1,prebreak,ok,0.0,neither,,7478,1|2021-01-01,ok,0.10666557540057915,0.1462991089160001,1|price|4555,price,0.1462991089160001
2021-02-14 00:00:00,2021-02-14 00:00:00,2021-02-14 01:00:00,2021-02-15 01:00:00,1,prebreak,ok,0.0,upper_first,5.0,7483,1|2021-01-01,ok,0.10666557540057915,0.1431239328962948,1|price|4560,price,0.1431239328962948
2021-02-15 06:00:00,2021-02-15 06:00:00,2021-02-15 07:00:00,2021-02-16 07:00:00,1,prebreak,ok,0.0,upper_first,9.0,7488,1|2021-01-01,ok,0.10666557540057915,0.145907982090725,1|price|4565,price,0.145907982090725
2021-02-16 12:00:00,2021-02-16 12:00:00,2021-02-16 13:00:00,2021-02-17 13:00:00,1,prebreak,ok,0.0,upper_first,18.0,7493,1|2021-01-01,ok,0.10666557540057915,0.13486700495781068,1|price|4570,price,0.13486700495781068
2021-02-17 18:00:00,2021-02-17 18:00:00,2021-02-17 19:00:00,2021-02-18 19:00:00,1,prebreak,ok,0.0,neither,,7498,1|2021-01-01,ok,0.10666557540057915,0.1243617804907088,1|price|4575,price,0.1243617804907088
2021-02-19 00:00:00,2021-02-19 00:00:00,2021-02-19 01:00:00,2021-02-20 01:00:00,1,prebreak,ok,0.0,upper_first,13.0,7503,1|2021-01-01,ok,0.10666557540057915,0.12318296762058882,1|price|4580,price,0.12318296762058882
2021-02-20 06:00:00,2021-02-20 06:00:00,2021-02-20 07:00:00,2021-02-21 07:00:00,1,prebreak,ok,0.0,neither,,7508,1|2021-01-01,ok,0.10666557540057915,0.10285498120034779,1|price|4585,price,0.10285498120034779
2021-02-21 12:00:00,2021-02-21 12:00:00,2021-02-21 13:00:00,2021-02-22 13:00:00,1,prebreak,ok,1.0,lower_first,21.0,7513,1|2021-01-01,ok,0.10666557540057915,0.1183668335166678,1|price|4590,price,0.1183668335166678
2021-02-24 12:00:00,2021-02-24 12:00:00,2021-02-24 13:00:00,2021-02-25 13:00:00,1,prebreak,ok,1.0,lower_first,8.0,7525,1|2021-01-01,ok,0.10666557540057915,0.25043081796633004,1|price|4602,price,0.25043081796633004
2021-02-25 18:00:00,2021-02-25 18:00:00,2021-02-25 19:00:00,2021-02-26 19:00:00,1,prebreak,ok,1.0,lower_first,4.0,7530,1|2021-01-01,ok,0.10666557540057915,0.2682309614063898,1|price|4607,price,0.2682309614063898
2021-02-27 00:00:00,2021-02-27 00:00:00,2021-02-27 01:00:00,2021-02-28 01:00:00,1,prebreak,ok,1.0,lower_first,22.0,7535,1|2021-01-01,ok,0.10666557540057915,0.20778070534996793,1|price|4612,price,0.20778070534996793
2021-02-28 06:00:00,2021-02-28 06:00:00,2021-02-28 07:00:00,2021-03-01 07:00:00,1,prebreak,ok,0.0,upper_first,16.0,7540,1|2021-01-01,ok,0.10666557540057915,0.20989000114402698,1|price|4617,price,0.20989000114402698
2021-03-01 18:00:00,2021-03-01 18:00:00,2021-03-01 19:00:00,2021-03-02 19:00:00,1,prebreak,ok,0.0,upper_first,5.0,7546,1|2021-01-01,ok,0.10666557540057915,0.16630327918364463,1|price|4623,price,0.16630327918364463
2021-03-03 00:00:00,2021-03-03 00:00:00,2021-03-03 01:00:00,2021-03-04 01:00:00,1,prebreak,ok,0.0,upper_first,7.0,7551,1|2021-01-01,ok,0.10666557540057915,0.14131696217256315,1|price|4628,price,0.14131696217256315
2021-03-04 06:00:00,2021-03-04 06:00:00,2021-03-04 07:00:00,2021-03-05 07:00:00,1,prebreak,ok,1.0,lower_first,17.0,7556,1|2021-01-01,ok,0.10666557540057915,0.16000887982854808,1|price|4633,price,0.16000887982854808
2021-03-06 06:00:00,2021-03-06 06:00:00,2021-03-06 07:00:00,2021-03-07 07:00:00,1,prebreak,ok,0.0,neither,,7564,1|2021-01-01,ok,0.10666557540057915,0.18243633981381793,1|price|4641,price,0.18243633981381793
2021-03-07 12:00:00,2021-03-07 12:00:00,2021-03-07 13:00:00,2021-03-08 13:00:00,1,prebreak,ok,0.0,neither,,7569,1|2021-01-01,ok,0.10666557540057915,0.13534890462896526,1|price|4646,price,0.13534890462896526
2021-03-08 18:00:00,2021-03-08 18:00:00,2021-03-08 19:00:00,2021-03-09 19:00:00,1,prebreak,ok,0.0,upper_first,4.0,7574,1|2021-01-01,ok,0.10666557540057915,0.11627758691780632,1|price|4651,price,0.11627758691780632
2021-03-10 00:00:00,2021-03-10 00:00:00,2021-03-10 01:00:00,2021-03-11 01:00:00,1,prebreak,ok,0.0,upper_first,18.0,7579,1|2021-01-01,ok,0.10666557540057915,0.1269390437423989,1|price|4656,price,0.1269390437423989
2021-03-11 06:00:00,2021-03-11 06:00:00,2021-03-11 07:00:00,2021-03-12 07:00:00,1,prebreak,ok,0.0,upper_first,11.0,7584,1|2021-01-01,ok,0.10666557540057915,0.14452286714486282,1|price|4661,price,0.14452286714486282
2021-03-12 12:00:00,2021-03-12 12:00:00,2021-03-12 13:00:00,2021-03-13 13:00:00,1,prebreak,ok,0.0,upper_first,21.0,7589,1|2021-01-01,ok,0.10666557540057915,0.15177760641164884,1|price|4666,price,0.15177760641164884
2021-03-13 18:00:00,2021-03-13 18:00:00,2021-03-13 19:00:00,2021-03-14 19:00:00,1,prebreak,ok,0.0,neither,,7594,1|2021-01-01,ok,0.10666557540057915,0.12749109527391414,1|price|4671,price,0.12749109527391414
2021-03-15 00:00:00,2021-03-15 00:00:00,2021-03-15 01:00:00,2021-03-16 01:00:00,1,prebreak,ok,1.0,lower_first,8.0,7599,1|2021-01-01,ok,0.10666557540057915,0.1377033391857556,1|price|4676,price,0.1377033391857556
2021-03-17 06:00:00,2021-03-17 06:00:00,2021-03-17 07:00:00,2021-03-18 07:00:00,1,prebreak,ok,0.0,upper_first,12.0,7608,1|2021-01-01,ok,0.10666557540057915,0.15612189278739194,1|price|4685,price,0.15612189278739194
2021-03-18 12:00:00,2021-03-18 12:00:00,2021-03-18 13:00:00,2021-03-19 13:00:00,1,prebreak,ok,0.0,upper_first,3.0,7613,1|2021-01-01,ok,0.10666557540057915,0.15185896563132087,1|price|4690,price,0.15185896563132087
2021-03-19 18:00:00,2021-03-19 18:00:00,2021-03-19 19:00:00,2021-03-20 19:00:00,1,prebreak,ok,0.0,neither,,7618,1|2021-01-01,ok,0.10666557540057915,0.14224718497283131,1|price|4695,price,0.14224718497283131
2021-03-21 00:00:00,2021-03-21 00:00:00,2021-03-21 01:00:00,2021-03-22 01:00:00,1,prebreak,ok,0.0,neither,,7623,1|2021-01-01,ok,0.10666557540057915,0.13726160998223214,1|price|4700,price,0.13726160998223214
2021-03-22 12:00:00,2021-03-22 12:00:00,2021-03-22 13:00:00,2021-03-23 13:00:00,1,prebreak,ok,1.0,lower_first,7.0,7629,1|2021-01-01,ok,0.10666557540057915,0.12214242705004205,1|price|4706,price,0.12214242705004205
2021-03-24 06:00:00,2021-03-24 06:00:00,2021-03-24 07:00:00,2021-03-25 07:00:00,1,prebreak,ok,0.0,upper_first,1.0,7636,1|2021-01-01,ok,0.10666557540057915,0.14410121536151543,1|price|4713,price,0.14410121536151543
2021-03-26 18:00:00,2021-03-26 18:00:00,2021-03-26 19:00:00,2021-03-27 19:00:00,1,prebreak,ok,0.0,upper_first,5.0,7646,1|2021-01-01,ok,0.10666557540057915,0.15373524897557395,1|price|4723,price,0.15373524897557395
2021-03-28 00:00:00,2021-03-28 00:00:00,2021-03-28 01:00:00,2021-03-29 01:00:00,1,prebreak,ok,0.0,neither,,7651,1|2021-01-01,ok,0.10666557540057915,0.13897985335259022,1|price|4728,price,0.13897985335259022
2021-03-29 06:00:00,2021-03-29 06:00:00,2021-03-29 07:00:00,2021-03-30 07:00:00,1,prebreak,ok,0.0,upper_first,1.0,7656,1|2021-01-01,ok,0.10666557540057915,0.12319884809785189,1|price|4733,price,0.12319884809785189
2021-03-30 12:00:00,2021-03-30 12:00:00,2021-03-30 13:00:00,2021-03-31 13:00:00,1,prebreak,ok,0.0,neither,,7661,1|2021-01-01,ok,0.10666557540057915,0.10718163051784428,1|price|4738,price,0.10718163051784428
2021-03-31 18:00:00,2021-03-31 18:00:00,2021-03-31 19:00:00,2021-04-01 19:00:00,1,prebreak,ok,0.0,neither,,7666,1|2021-01-01,ok,0.10666557540057915,0.11236688855416892,1|price|4743,price,0.11236688855416892
2021-04-02 00:00:00,2021-04-02 00:00:00,2021-04-02 01:00:00,2021-04-03 01:00:00,1,prebreak,ok,0.0,neither,,7671,1|2021-04-01,ok,0.147481058944013,0.12163979161759914,1|price|4748,price,0.12163979161759914
2021-04-03 06:00:00,2021-04-03 06:00:00,2021-04-03 07:00:00,2021-04-04 07:00:00,1,prebreak,ok,0.0,neither,,7676,1|2021-04-01,ok,0.147481058944013,0.11451506010161129,1|price|4753,price,0.11451506010161129
2021-04-05 06:00:00,2021-04-05 06:00:00,2021-04-05 07:00:00,2021-04-06 07:00:00,1,prebreak,ok,0.0,upper_first,7.0,7684,1|2021-04-01,ok,0.147481058944013,0.11461861323420965,1|price|4761,price,0.11461861323420965
2021-04-06 12:00:00,2021-04-06 12:00:00,2021-04-06 13:00:00,2021-04-07 13:00:00,1,prebreak,ok,0.0,neither,,7689,1|2021-04-01,ok,0.147481058944013,0.10217125881054664,1|price|4766,price,0.10217125881054664
2021-04-08 12:00:00,2021-04-08 12:00:00,2021-04-08 13:00:00,2021-04-09 13:00:00,1,prebreak,ok,0.0,neither,,7697,1|2021-04-01,ok,0.147481058944013,0.1169871097460223,1|price|4774,price,0.1169871097460223
2021-04-10 00:00:00,2021-04-10 00:00:00,2021-04-10 01:00:00,2021-04-11 01:00:00,1,prebreak,ok,0.0,upper_first,3.0,7703,1|2021-04-01,ok,0.147481058944013,0.10349802366783291,1|price|4780,price,0.10349802366783291
2021-04-11 06:00:00,2021-04-11 06:00:00,2021-04-11 07:00:00,2021-04-12 07:00:00,1,prebreak,ok,0.0,neither,,7708,1|2021-04-01,ok,0.147481058944013,0.12307194519625111,1|price|4785,price,0.12307194519625111
2021-04-12 12:00:00,2021-04-12 12:00:00,2021-04-12 13:00:00,2021-04-13 13:00:00,1,prebreak,ok,0.0,upper_first,19.0,7713,1|2021-04-01,ok,0.147481058944013,0.12437854377373038,1|price|4790,price,0.12437854377373038
2021-04-13 18:00:00,2021-04-13 18:00:00,2021-04-13 19:00:00,2021-04-14 19:00:00,1,prebreak,ok,0.0,upper_first,10.0,7718,1|2021-04-01,ok,0.147481058944013,0.10945706979588604,1|price|4795,price,0.10945706979588604
2021-04-15 00:00:00,2021-04-15 00:00:00,2021-04-15 01:00:00,2021-04-16 01:00:00,1,prebreak,ok,0.0,neither,,7723,1|2021-04-01,ok,0.147481058944013,0.11981147208774844,1|price|4800,price,0.11981147208774844
2021-04-16 06:00:00,2021-04-16 06:00:00,2021-04-16 07:00:00,2021-04-17 07:00:00,1,prebreak,ok,0.0,neither,,7728,1|2021-04-01,ok,0.147481058944013,0.15078844475887976,1|price|4805,price,0.15078844475887976
2021-04-17 12:00:00,2021-04-17 12:00:00,2021-04-17 13:00:00,2021-04-18 13:00:00,1,prebreak,ok,1.0,lower_first,14.0,7733,1|2021-04-01,ok,0.147481058944013,0.14641571789361768,1|price|4810,price,0.14641571789361768
2021-04-19 06:00:00,2021-04-19 06:00:00,2021-04-19 07:00:00,2021-04-20 07:00:00,1,prebreak,ok,1.0,lower_first,8.0,7740,1|2021-04-01,ok,0.147481058944013,0.16055995368684353,1|price|4817,price,0.16055995368684353
2021-04-20 12:00:00,2021-04-20 12:00:00,2021-04-20 13:00:00,2021-04-21 13:00:00,1,prebreak,ok,0.0,neither,,7745,1|2021-04-01,ok,0.147481058944013,0.1715814496169859,1|price|4822,price,0.1715814496169859
2021-04-21 18:00:00,2021-04-21 18:00:00,2021-04-21 19:00:00,2021-04-22 19:00:00,1,prebreak,ok,1.0,lower_first,7.0,7750,1|2021-04-01,ok,0.147481058944013,0.15500116911314613,1|price|4827,price,0.15500116911314613
2021-04-23 00:00:00,2021-04-23 00:00:00,2021-04-23 01:00:00,2021-04-24 01:00:00,1,prebreak,ok,1.0,lower_first,1.0,7755,1|2021-04-01,ok,0.147481058944013,0.18606892434052152,1|price|4832,price,0.18606892434052152
2021-04-24 12:00:00,2021-04-24 12:00:00,2021-04-24 13:00:00,2021-04-25 13:00:00,1,prebreak,ok,0.0,neither,,7761,1|2021-04-01,ok,0.147481058944013,0.19727883396105014,1|price|4838,price,0.19727883396105014
2021-04-25 18:00:00,2021-04-25 18:00:00,2021-04-25 19:00:00,2021-04-26 19:00:00,1,prebreak,ok,1.0,lower_first,2.0,7766,1|2021-04-01,ok,0.147481058944013,0.18258992431952592,1|price|4843,price,0.18258992431952592
2021-04-27 00:00:00,2021-04-27 00:00:00,2021-04-27 01:00:00,2021-04-28 01:00:00,1,prebreak,ok,0.0,upper_first,10.0,7771,1|2021-04-01,ok,0.147481058944013,0.15848038771776,1|price|4848,price,0.15848038771776
2021-04-28 06:00:00,2021-04-28 06:00:00,2021-04-28 07:00:00,2021-04-29 07:00:00,1,prebreak,ok,0.0,upper_first,13.0,7776,1|2021-04-01,ok,0.147481058944013,0.14497610370376351,1|price|4853,price,0.14497610370376351
2021-04-29 12:00:00,2021-04-29 12:00:00,2021-04-29 13:00:00,2021-04-30 13:00:00,1,prebreak,ok,0.0,neither,,7781,1|2021-04-01,ok,0.147481058944013,0.12813587396406445,1|price|4858,price,0.12813587396406445
2021-04-30 18:00:00,2021-04-30 18:00:00,2021-04-30 19:00:00,2021-05-01 19:00:00,1,prebreak,ok,0.0,neither,,7786,1|2021-04-01,ok,0.147481058944013,0.11236613350167816,1|price|4863,price,0.11236613350167816
2021-05-02 00:00:00,2021-05-02 00:00:00,2021-05-02 01:00:00,2021-05-03 01:00:00,1,prebreak,ok,0.0,neither,,7791,1|2021-04-01,ok,0.147481058944013,0.1100567547510451,1|price|4868,price,0.1100567547510451
2021-05-03 06:00:00,2021-05-03 06:00:00,2021-05-03 07:00:00,2021-05-04 07:00:00,1,prebreak,ok,1.0,lower_first,17.0,7796,1|2021-04-01,ok,0.147481058944013,0.10377376882270835,1|price|4873,price,0.10377376882270835
2021-05-05 18:00:00,2021-05-05 18:00:00,2021-05-05 19:00:00,2021-05-06 19:00:00,1,prebreak,ok,0.0,neither,,7806,1|2021-04-01,ok,0.147481058944013,0.13471754459331375,1|price|4883,price,0.13471754459331375
2021-05-07 00:00:00,2021-05-07 00:00:00,2021-05-07 01:00:00,2021-05-08 01:00:00,1,prebreak,ok,0.0,upper_first,15.0,7811,1|2021-04-01,ok,0.147481058944013,0.14589423603247512,1|price|4888,price,0.14589423603247512
2021-05-08 06:00:00,2021-05-08 06:00:00,2021-05-08 07:00:00,2021-05-09 07:00:00,1,prebreak,ok,0.0,neither,,7816,1|2021-04-01,ok,0.147481058944013,0.11654555142689683,1|price|4893,price,0.11654555142689683
2021-05-09 12:00:00,2021-05-09 12:00:00,2021-05-09 13:00:00,2021-05-10 13:00:00,1,prebreak,ok,0.0,upper_first,8.0,7821,1|2021-04-01,ok,0.147481058944013,0.13139192704184102,1|price|4898,price,0.13139192704184102
2021-05-10 18:00:00,2021-05-10 18:00:00,2021-05-10 19:00:00,2021-05-11 19:00:00,1,prebreak,ok,1.0,lower_first,1.0,7826,1|2021-04-01,ok,0.147481058944013,0.15888691887968778,1|price|4903,price,0.15888691887968778
2021-05-12 00:00:00,2021-05-12 00:00:00,2021-05-12 01:00:00,2021-05-13 01:00:00,1,prebreak,ok,1.0,lower_first,15.0,7831,1|2021-04-01,ok,0.147481058944013,0.14721287318318912,1|price|4908,price,0.14721287318318912
2021-05-14 00:00:00,2021-05-14 00:00:00,2021-05-14 01:00:00,2021-05-15 01:00:00,1,prebreak,ok,0.0,upper_first,14.0,7839,1|2021-04-01,ok,0.147481058944013,0.1795852242389267,1|price|4916,price,0.1795852242389267
2021-05-15 06:00:00,2021-05-15 06:00:00,2021-05-15 07:00:00,2021-05-16 07:00:00,1,prebreak,ok,1.0,lower_first,17.0,7844,1|2021-04-01,ok,0.147481058944013,0.2002948816543425,1|price|4921,price,0.2002948816543425
2021-05-16 12:00:00,2021-05-16 12:00:00,2021-05-16 13:00:00,2021-05-17 13:00:00,1,prebreak,ok,1.0,lower_first,5.0,7849,1|2021-04-01,ok,0.147481058944013,0.17248256782529797,1|price|4926,price,0.17248256782529797
2021-05-18 06:00:00,2021-05-18 06:00:00,2021-05-18 07:00:00,2021-05-19 07:00:00,1,prebreak,ok,1.0,lower_first,7.0,7856,1|2021-04-01,ok,0.147481058944013,0.20980399462710508,1|price|4933,price,0.20980399462710508
2021-05-20 18:00:00,2021-05-20 18:00:00,2021-05-20 19:00:00,2021-05-21 19:00:00,1,prebreak,ok,0.0,upper_first,3.0,7866,1|2021-04-01,ok,0.147481058944013,0.31196234195353406,1|price|4943,price,0.31196234195353406
2021-05-22 00:00:00,2021-05-22 00:00:00,2021-05-22 01:00:00,2021-05-23 01:00:00,1,prebreak,ok,1.0,lower_first,4.0,7871,1|2021-04-01,ok,0.147481058944013,0.33488305854932304,1|price|4948,price,0.33488305854932304
2021-05-23 06:00:00,2021-05-23 06:00:00,2021-05-23 07:00:00,2021-05-24 07:00:00,1,prebreak,ok,1.0,lower_first,1.0,7876,1|2021-04-01,ok,0.147481058944013,0.2552978561010439,1|price|4953,price,0.2552978561010439
2021-05-24 18:00:00,2021-05-24 18:00:00,2021-05-24 19:00:00,2021-05-25 19:00:00,1,prebreak,ok,0.0,upper_first,0.0,7882,1|2021-04-01,ok,0.147481058944013,0.2181541448636222,1|price|4959,price,0.2181541448636222
2021-05-26 00:00:00,2021-05-26 00:00:00,2021-05-26 01:00:00,2021-05-27 01:00:00,1,prebreak,ok,0.0,upper_first,1.0,7887,1|2021-04-01,ok,0.147481058944013,0.20898949106830483,1|price|4964,price,0.20898949106830483
2021-05-27 06:00:00,2021-05-27 06:00:00,2021-05-27 07:00:00,2021-05-28 07:00:00,1,prebreak,ok,0.0,upper_first,2.0,7892,1|2021-04-01,ok,0.147481058944013,0.20184833196800614,1|price|4969,price,0.20184833196800614
2021-05-30 00:00:00,2021-05-30 00:00:00,2021-05-30 01:00:00,2021-05-31 01:00:00,1,prebreak,ok,0.0,upper_first,2.0,7903,1|2021-04-01,ok,0.147481058944013,0.19147975628053918,1|price|4980,price,0.19147975628053918
2021-05-31 06:00:00,2021-05-31 06:00:00,2021-05-31 07:00:00,2021-06-01 07:00:00,1,prebreak,ok,0.0,upper_first,1.0,7908,1|2021-04-01,ok,0.147481058944013,0.19567358651256897,1|price|4985,price,0.19567358651256897
2021-06-01 12:00:00,2021-06-01 12:00:00,2021-06-01 13:00:00,2021-06-02 13:00:00,1,prebreak,ok,0.0,upper_first,0.0,7913,1|2021-04-01,ok,0.147481058944013,0.1562140433253393,1|price|4990,price,0.1562140433253393
2021-06-02 18:00:00,2021-06-02 18:00:00,2021-06-02 19:00:00,2021-06-03 19:00:00,1,prebreak,ok,0.0,upper_first,14.0,7918,1|2021-04-01,ok,0.147481058944013,0.12529711227876,1|price|4995,price,0.12529711227876
2021-06-04 00:00:00,2021-06-04 00:00:00,2021-06-04 01:00:00,2021-06-05 01:00:00,1,prebreak,ok,1.0,lower_first,4.0,7923,1|2021-04-01,ok,0.147481058944013,0.1243661058410795,1|price|5000,price,0.1243661058410795
2021-06-05 06:00:00,2021-06-05 06:00:00,2021-06-05 07:00:00,2021-06-06 07:00:00,1,prebreak,ok,1.0,lower_first,4.0,7928,1|2021-04-01,ok,0.147481058944013,0.11849198562197015,1|price|5005,price,0.11849198562197015
2021-06-07 00:00:00,2021-06-07 00:00:00,2021-06-07 01:00:00,2021-06-08 01:00:00,1,prebreak,ok,1.0,lower_first,19.0,7935,1|2021-04-01,ok,0.147481058944013,0.15863574604971162,1|price|5012,price,0.15863574604971162
2021-06-09 18:00:00,2021-06-09 18:00:00,2021-06-09 19:00:00,2021-06-10 19:00:00,1,prebreak,ok,0.0,upper_first,3.0,7946,1|2021-04-01,ok,0.147481058944013,0.16286853463617224,1|price|5023,price,0.16286853463617224
2021-06-11 00:00:00,2021-06-11 00:00:00,2021-06-11 01:00:00,2021-06-12 01:00:00,1,prebreak,ok,0.0,upper_first,9.0,7951,1|2021-04-01,ok,0.147481058944013,0.16316345247849065,1|price|5028,price,0.16316345247849065
2021-06-12 06:00:00,2021-06-12 06:00:00,2021-06-12 07:00:00,2021-06-13 07:00:00,1,prebreak,ok,0.0,neither,,7956,1|2021-04-01,ok,0.147481058944013,0.18026137795444533,1|price|5033,price,0.18026137795444533
2021-06-13 12:00:00,2021-06-13 12:00:00,2021-06-13 13:00:00,2021-06-14 13:00:00,1,prebreak,ok,0.0,upper_first,3.0,7961,1|2021-04-01,ok,0.147481058944013,0.13152416734736969,1|price|5038,price,0.13152416734736969
2021-06-14 18:00:00,2021-06-14 18:00:00,2021-06-14 19:00:00,2021-06-15 19:00:00,1,prebreak,ok,0.0,upper_first,23.0,7966,1|2021-04-01,ok,0.147481058944013,0.1385383771802018,1|price|5043,price,0.1385383771802018
2021-06-16 00:00:00,2021-06-16 00:00:00,2021-06-16 01:00:00,2021-06-17 01:00:00,1,prebreak,ok,0.0,neither,,7971,1|2021-04-01,ok,0.147481058944013,0.1386790706164214,1|price|5048,price,0.1386790706164214
2021-06-17 06:00:00,2021-06-17 06:00:00,2021-06-17 07:00:00,2021-06-18 07:00:00,1,prebreak,ok,1.0,lower_first,19.0,7976,1|2021-04-01,ok,0.147481058944013,0.13409515216541265,1|price|5053,price,0.13409515216541265
2021-06-20 06:00:00,2021-06-20 06:00:00,2021-06-20 07:00:00,2021-06-21 07:00:00,1,prebreak,ok,1.0,lower_first,4.0,7988,1|2021-04-01,ok,0.147481058944013,0.1414163736118629,1|price|5065,price,0.1414163736118629
2021-06-23 18:00:00,2021-06-23 18:00:00,2021-06-23 19:00:00,2021-06-24 19:00:00,1,prebreak,ok,0.0,upper_first,20.0,8002,1|2021-04-01,ok,0.147481058944013,0.2381082612174113,1|price|5079,price,0.2381082612174113
2021-06-25 00:00:00,2021-06-25 00:00:00,2021-06-25 01:00:00,2021-06-26 01:00:00,1,prebreak,ok,1.0,lower_first,11.0,8007,1|2021-04-01,ok,0.147481058944013,0.20477669096122425,1|price|5084,price,0.20477669096122425
2021-06-27 12:00:00,2021-06-27 12:00:00,2021-06-27 13:00:00,2021-06-28 13:00:00,1,prebreak,ok,0.0,upper_first,9.0,8017,1|2021-04-01,ok,0.147481058944013,0.16879653410825293,1|price|5094,price,0.16879653410825293
2021-06-28 18:00:00,2021-06-28 18:00:00,2021-06-28 19:00:00,2021-06-29 19:00:00,1,prebreak,ok,0.0,upper_first,11.0,8022,1|2021-04-01,ok,0.147481058944013,0.1837156378149154,1|price|5099,price,0.1837156378149154
2021-06-30 00:00:00,2021-06-30 00:00:00,2021-06-30 01:00:00,2021-07-01 01:00:00,1,prebreak,ok,1.0,lower_first,15.0,8027,1|2021-04-01,ok,0.147481058944013,0.1613641740923272,1|price|5104,price,0.1613641740923272
2021-07-01 06:00:00,2021-07-01 06:00:00,2021-07-01 07:00:00,2021-07-02 07:00:00,1,prebreak,ok,0.0,neither,,8032,1|2021-07-01,ok,0.1771941694689799,0.18496601681793498,1|price|5109,price,0.18496601681793498
2021-07-02 12:00:00,2021-07-02 12:00:00,2021-07-02 13:00:00,2021-07-03 13:00:00,1,prebreak,ok,0.0,upper_first,18.0,8037,1|2021-07-01,ok,0.1771941694689799,0.17554615556035238,1|price|5114,price,0.17554615556035238
2021-07-03 18:00:00,2021-07-03 18:00:00,2021-07-03 19:00:00,2021-07-04 19:00:00,1,prebreak,ok,0.0,upper_first,12.0,8042,1|2021-07-01,ok,0.1771941694689799,0.15311866374064176,1|price|5119,price,0.15311866374064176
2021-07-05 00:00:00,2021-07-05 00:00:00,2021-07-05 01:00:00,2021-07-06 01:00:00,1,prebreak,ok,0.0,neither,,8047,1|2021-07-01,ok,0.1771941694689799,0.12941023230415266,1|price|5124,price,0.12941023230415266
2021-07-06 06:00:00,2021-07-06 06:00:00,2021-07-06 07:00:00,2021-07-07 07:00:00,1,prebreak,ok,0.0,neither,,8052,1|2021-07-01,ok,0.1771941694689799,0.14787291026588353,1|price|5129,price,0.14787291026588353
2021-07-07 12:00:00,2021-07-07 12:00:00,2021-07-07 13:00:00,2021-07-08 13:00:00,1,prebreak,ok,1.0,lower_first,11.0,8057,1|2021-07-01,ok,0.1771941694689799,0.15322283801507988,1|price|5134,price,0.15322283801507988
2021-07-09 12:00:00,2021-07-09 12:00:00,2021-07-09 13:00:00,2021-07-10 13:00:00,1,prebreak,ok,0.0,upper_first,8.0,8065,1|2021-07-01,ok,0.1771941694689799,0.13657696600011499,1|price|5142,price,0.13657696600011499
2021-07-10 18:00:00,2021-07-10 18:00:00,2021-07-10 19:00:00,2021-07-11 19:00:00,1,prebreak,ok,0.0,neither,,8070,1|2021-07-01,ok,0.1771941694689799,0.15249523924634434,1|price|5147,price,0.15249523924634434
2021-07-12 00:00:00,2021-07-12 00:00:00,2021-07-12 01:00:00,2021-07-13 01:00:00,1,prebreak,ok,0.0,neither,,8075,1|2021-07-01,ok,0.1771941694689799,0.11747749470655096,1|price|5152,price,0.11747749470655096
2021-07-15 06:00:00,2021-07-15 06:00:00,2021-07-15 07:00:00,2021-07-16 07:00:00,1,prebreak,ok,0.0,neither,,8088,1|2021-07-01,ok,0.1771941694689799,0.13829231670358402,1|price|5165,price,0.13829231670358402
2021-07-16 18:00:00,2021-07-16 18:00:00,2021-07-16 19:00:00,2021-07-17 19:00:00,1,prebreak,ok,0.0,neither,,8094,1|2021-07-01,ok,0.1771941694689799,0.12998604025043556,1|price|5171,price,0.12998604025043556
2021-07-18 00:00:00,2021-07-18 00:00:00,2021-07-18 01:00:00,2021-07-19 01:00:00,1,prebreak,ok,0.0,neither,,8099,1|2021-07-01,ok,0.1771941694689799,0.13024108104037288,1|price|5176,price,0.13024108104037288
2021-07-19 06:00:00,2021-07-19 06:00:00,2021-07-19 07:00:00,2021-07-20 07:00:00,1,prebreak,ok,1.0,lower_first,19.0,8104,1|2021-07-01,ok,0.1771941694689799,0.11985568150399979,1|price|5181,price,0.11985568150399979
2021-07-21 12:00:00,2021-07-21 12:00:00,2021-07-21 13:00:00,2021-07-22 13:00:00,1,prebreak,ok,0.0,upper_first,3.0,8113,1|2021-07-01,ok,0.1771941694689799,0.13071572724494593,1|price|5190,price,0.13071572724494593
2021-07-22 18:00:00,2021-07-22 18:00:00,2021-07-22 19:00:00,2021-07-23 19:00:00,1,prebreak,ok,0.0,neither,,8118,1|2021-07-01,ok,0.1771941694689799,0.1191549342479907,1|price|5195,price,0.1191549342479907
2021-07-24 12:00:00,2021-07-24 12:00:00,2021-07-24 13:00:00,2021-07-25 13:00:00,1,prebreak,ok,0.0,neither,,8125,1|2021-07-01,ok,0.1771941694689799,0.10260490909043621,1|price|5202,price,0.10260490909043621
2021-07-26 06:00:00,2021-07-26 06:00:00,2021-07-26 07:00:00,2021-07-27 07:00:00,1,prebreak,ok,0.0,upper_first,11.0,8132,1|2021-07-01,ok,0.1771941694689799,0.10856066365982463,1|price|5209,price,0.10856066365982463
2021-07-27 12:00:00,2021-07-27 12:00:00,2021-07-27 13:00:00,2021-07-28 13:00:00,1,prebreak,ok,0.0,upper_first,10.0,8137,1|2021-07-01,ok,0.1771941694689799,0.18332625818384693,1|price|5214,price,0.18332625818384693
2021-07-28 18:00:00,2021-07-28 18:00:00,2021-07-28 19:00:00,2021-07-29 19:00:00,1,prebreak,ok,0.0,neither,,8142,1|2021-07-01,ok,0.1771941694689799,0.23503906789033852,1|price|5219,price,0.23503906789033852
2021-07-30 00:00:00,2021-07-30 00:00:00,2021-07-30 01:00:00,2021-07-31 01:00:00,1,prebreak,ok,0.0,upper_first,19.0,8147,1|2021-07-01,ok,0.1771941694689799,0.18241533238845614,1|price|5224,price,0.18241533238845614
2021-07-31 06:00:00,2021-07-31 06:00:00,2021-07-31 07:00:00,2021-08-01 07:00:00,1,prebreak,ok,0.0,neither,,8152,1|2021-07-01,ok,0.1771941694689799,0.20119159464331468,1|price|5229,price,0.20119159464331468
2021-08-01 12:00:00,2021-08-01 12:00:00,2021-08-01 13:00:00,2021-08-02 13:00:00,1,prebreak,ok,1.0,lower_first,10.0,8157,1|2021-07-01,ok,0.1771941694689799,0.1432397931529044,1|price|5234,price,0.1432397931529044
2021-08-02 18:00:00,2021-08-02 18:00:00,2021-08-02 19:00:00,2021-08-03 19:00:00,1,prebreak,ok,1.0,lower_first,23.0,8162,1|2021-07-01,ok,0.1771941694689799,0.15449104273817243,1|price|5239,price,0.15449104273817243
2021-08-04 06:00:00,2021-08-04 06:00:00,2021-08-04 07:00:00,2021-08-05 07:00:00,1,prebreak,ok,0.0,upper_first,6.0,8168,1|2021-07-01,ok,0.1771941694689799,0.14374283864416282,1|price|5245,price,0.14374283864416282
2021-08-05 12:00:00,2021-08-05 12:00:00,2021-08-05 13:00:00,2021-08-06 13:00:00,1,prebreak,ok,0.0,upper_first,2.0,8173,1|2021-07-01,ok,0.1771941694689799,0.1457116045813541,1|price|5250,price,0.1457116045813541
2021-08-06 18:00:00,2021-08-06 18:00:00,2021-08-06 19:00:00,2021-08-07 19:00:00,1,prebreak,ok,0.0,upper_first,17.0,8178,1|2021-07-01,ok,0.1771941694689799,0.14534594033670048,1|price|5255,price,0.14534594033670048
2021-08-08 00:00:00,2021-08-08 00:00:00,2021-08-08 01:00:00,2021-08-09 01:00:00,1,prebreak,ok,0.0,neither,,8183,1|2021-07-01,ok,0.1771941694689799,0.14263976512835413,1|price|5260,price,0.14263976512835413
2021-08-09 06:00:00,2021-08-09 06:00:00,2021-08-09 07:00:00,2021-08-10 07:00:00,1,prebreak,ok,0.0,upper_first,2.0,8188,1|2021-07-01,ok,0.1771941694689799,0.15177560429935852,1|price|5265,price,0.15177560429935852
2021-08-10 12:00:00,2021-08-10 12:00:00,2021-08-10 13:00:00,2021-08-11 13:00:00,1,prebreak,ok,0.0,neither,,8193,1|2021-07-01,ok,0.1771941694689799,0.16000842648275213,1|price|5270,price,0.16000842648275213
2021-08-11 18:00:00,2021-08-11 18:00:00,2021-08-11 19:00:00,2021-08-12 19:00:00,1,prebreak,ok,1.0,lower_first,19.0,8198,1|2021-07-01,ok,0.1771941694689799,0.12887977416525792,1|price|5275,price,0.12887977416525792
2021-08-13 18:00:00,2021-08-13 18:00:00,2021-08-13 19:00:00,2021-08-14 19:00:00,1,prebreak,ok,0.0,upper_first,1.0,8206,1|2021-07-01,ok,0.1771941694689799,0.11277295136505891,1|price|5283,price,0.11277295136505891
2021-08-15 00:00:00,2021-08-15 00:00:00,2021-08-15 01:00:00,2021-08-16 01:00:00,1,prebreak,ok,0.0,neither,,8211,1|2021-07-01,ok,0.1771941694689799,0.11987028488704153,1|price|5288,price,0.11987028488704153
2021-08-16 06:00:00,2021-08-16 06:00:00,2021-08-16 07:00:00,2021-08-17 07:00:00,1,prebreak,ok,0.0,neither,,8216,1|2021-07-01,ok,0.1771941694689799,0.12702649914044004,1|price|5293,price,0.12702649914044004
2021-08-17 12:00:00,2021-08-17 12:00:00,2021-08-17 13:00:00,2021-08-18 13:00:00,1,prebreak,ok,1.0,lower_first,12.0,8221,1|2021-07-01,ok,0.1771941694689799,0.128758935509483,1|price|5298,price,0.128758935509483
2021-08-19 00:00:00,2021-08-19 00:00:00,2021-08-19 01:00:00,2021-08-20 01:00:00,1,prebreak,ok,0.0,upper_first,17.0,8227,1|2021-07-01,ok,0.1771941694689799,0.1581229321742516,1|price|5304,price,0.1581229321742516
2021-08-20 06:00:00,2021-08-20 06:00:00,2021-08-20 07:00:00,2021-08-21 07:00:00,1,prebreak,ok,0.0,upper_first,7.0,8232,1|2021-07-01,ok,0.1771941694689799,0.1335813693104243,1|price|5309,price,0.1335813693104243
2021-08-21 12:00:00,2021-08-21 12:00:00,2021-08-21 13:00:00,2021-08-22 13:00:00,1,prebreak,ok,0.0,neither,,8237,1|2021-07-01,ok,0.1771941694689799,0.1416256494529112,1|price|5314,price,0.1416256494529112
2021-08-22 18:00:00,2021-08-22 18:00:00,2021-08-22 19:00:00,2021-08-23 19:00:00,1,prebreak,ok,0.0,upper_first,6.0,8242,1|2021-07-01,ok,0.1771941694689799,0.1302424840268063,1|price|5319,price,0.1302424840268063
2021-08-24 00:00:00,2021-08-24 00:00:00,2021-08-24 01:00:00,2021-08-25 01:00:00,1,prebreak,ok,0.0,neither,,8247,1|2021-07-01,ok,0.1771941694689799,0.12680826438121603,1|price|5324,price,0.12680826438121603
2021-08-27 06:00:00,2021-08-27 06:00:00,2021-08-27 07:00:00,2021-08-28 07:00:00,1,prebreak,ok,0.0,upper_first,13.0,8260,1|2021-07-01,ok,0.1771941694689799,0.13724543035544015,1|price|5337,price,0.13724543035544015
2021-08-28 12:00:00,2021-08-28 12:00:00,2021-08-28 13:00:00,2021-08-29 13:00:00,1,prebreak,ok,0.0,neither,,8265,1|2021-07-01,ok,0.1771941694689799,0.12554893954639532,1|price|5342,price,0.12554893954639532
2021-08-29 18:00:00,2021-08-29 18:00:00,2021-08-29 19:00:00,2021-08-30 19:00:00,1,prebreak,ok,0.0,neither,,8270,1|2021-07-01,ok,0.1771941694689799,0.10377331686409552,1|price|5347,price,0.10377331686409552
2021-09-01 06:00:00,2021-09-01 06:00:00,2021-09-01 07:00:00,2021-09-02 07:00:00,1,prebreak,ok,0.0,upper_first,10.0,8280,1|2021-07-01,ok,0.1771941694689799,0.11554494621600299,1|price|5357,price,0.11554494621600299
2021-09-02 12:00:00,2021-09-02 12:00:00,2021-09-02 13:00:00,2021-09-03 13:00:00,1,prebreak,ok,0.0,neither,,8285,1|2021-07-01,ok,0.1771941694689799,0.1283234865187268,1|price|5362,price,0.1283234865187268
2021-09-03 18:00:00,2021-09-03 18:00:00,2021-09-03 19:00:00,2021-09-04 19:00:00,1,prebreak,ok,0.0,neither,,8290,1|2021-07-01,ok,0.1771941694689799,0.11930334033709586,1|price|5367,price,0.11930334033709586
2021-09-05 00:00:00,2021-09-05 00:00:00,2021-09-05 01:00:00,2021-09-06 01:00:00,1,prebreak,ok,0.0,upper_first,19.0,8295,1|2021-07-01,ok,0.1771941694689799,0.12980538628075242,1|price|5372,price,0.12980538628075242
2021-09-06 06:00:00,2021-09-06 06:00:00,2021-09-06 07:00:00,2021-09-07 07:00:00,1,prebreak,ok,0.0,neither,,8300,1|2021-07-01,ok,0.1771941694689799,0.10754033604359796,1|price|5377,price,0.10754033604359796
2021-09-07 12:00:00,2021-09-07 12:00:00,2021-09-07 13:00:00,2021-09-08 13:00:00,1,prebreak,ok,1.0,lower_first,1.0,8305,1|2021-07-01,ok,0.1771941694689799,0.12227459294336765,1|price|5382,price,0.12227459294336765
2021-09-08 18:00:00,2021-09-08 18:00:00,2021-09-08 19:00:00,2021-09-09 19:00:00,1,prebreak,ok,0.0,neither,,8310,1|2021-07-01,ok,0.1771941694689799,0.1930303937184573,1|price|5387,price,0.1930303937184573
2021-09-10 00:00:00,2021-09-10 00:00:00,2021-09-10 01:00:00,2021-09-11 01:00:00,1,prebreak,ok,1.0,lower_first,20.0,8315,1|2021-07-01,ok,0.1771941694689799,0.19652903133968114,1|price|5392,price,0.19652903133968114
2021-09-11 06:00:00,2021-09-11 06:00:00,2021-09-11 07:00:00,2021-09-12 07:00:00,1,prebreak,ok,0.0,neither,,8320,1|2021-07-01,ok,0.1771941694689799,0.14464167805397737,1|price|5397,price,0.14464167805397737
2021-09-12 12:00:00,2021-09-12 12:00:00,2021-09-12 13:00:00,2021-09-13 13:00:00,1,prebreak,ok,0.0,neither,,8325,1|2021-07-01,ok,0.1771941694689799,0.10828346760502862,1|price|5402,price,0.10828346760502862
2021-09-14 18:00:00,2021-09-14 18:00:00,2021-09-14 19:00:00,2021-09-15 19:00:00,1,prebreak,ok,0.0,upper_first,19.0,8334,1|2021-07-01,ok,0.1771941694689799,0.16729837921856583,1|price|5411,price,0.16729837921856583
2021-09-16 00:00:00,2021-09-16 00:00:00,2021-09-16 01:00:00,2021-09-17 01:00:00,1,prebreak,ok,0.0,neither,,8339,1|2021-07-01,ok,0.1771941694689799,0.1639370830540224,1|price|5416,price,0.1639370830540224
2021-09-17 06:00:00,2021-09-17 06:00:00,2021-09-17 07:00:00,2021-09-18 07:00:00,1,prebreak,ok,0.0,neither,,8344,1|2021-07-01,ok,0.1771941694689799,0.10974414171959997,1|price|5421,price,0.10974414171959997
2021-09-18 12:00:00,2021-09-18 12:00:00,2021-09-18 13:00:00,2021-09-19 13:00:00,1,prebreak,ok,0.0,neither,,8349,1|2021-07-01,ok,0.1771941694689799,0.13033702677282547,1|price|5426,price,0.13033702677282547
2021-09-19 18:00:00,2021-09-19 18:00:00,2021-09-19 19:00:00,2021-09-20 19:00:00,1,prebreak,ok,1.0,lower_first,8.0,8354,1|2021-07-01,ok,0.1771941694689799,0.12075600295803603,1|price|5431,price,0.12075600295803603
2021-09-22 06:00:00,2021-09-22 06:00:00,2021-09-22 07:00:00,2021-09-23 07:00:00,1,prebreak,ok,0.0,upper_first,11.0,8364,1|2021-07-01,ok,0.1771941694689799,0.18595071344529102,1|price|5441,price,0.18595071344529102
2021-09-23 12:00:00,2021-09-23 12:00:00,2021-09-23 13:00:00,2021-09-24 13:00:00,1,prebreak,ok,0.0,upper_first,4.0,8369,1|2021-07-01,ok,0.1771941694689799,0.19800736013387463,1|price|5446,price,0.19800736013387463
2021-09-24 18:00:00,2021-09-24 18:00:00,2021-09-24 19:00:00,2021-09-25 19:00:00,1,prebreak,ok,0.0,neither,,8374,1|2021-07-01,ok,0.1771941694689799,0.2026103233356504,1|price|5451,price,0.2026103233356504
2021-09-26 00:00:00,2021-09-26 00:00:00,2021-09-26 01:00:00,2021-09-27 01:00:00,1,prebreak,ok,0.0,upper_first,21.0,8379,1|2021-07-01,ok,0.1771941694689799,0.18356700066945777,1|price|5456,price,0.18356700066945777
2021-09-27 06:00:00,2021-09-27 06:00:00,2021-09-27 07:00:00,2021-09-28 07:00:00,1,prebreak,ok,0.0,neither,,8384,1|2021-07-01,ok,0.1771941694689799,0.182061954728536,1|price|5461,price,0.182061954728536
2021-09-28 12:00:00,2021-09-28 12:00:00,2021-09-28 13:00:00,2021-09-29 13:00:00,1,prebreak,ok,0.0,neither,,8389,1|2021-07-01,ok,0.1771941694689799,0.15500884104689844,1|price|5466,price,0.15500884104689844
2021-09-29 18:00:00,2021-09-29 18:00:00,2021-09-29 19:00:00,2021-09-30 19:00:00,1,prebreak,ok,0.0,upper_first,6.0,8394,1|2021-07-01,ok,0.1771941694689799,0.16433715705160842,1|price|5471,price,0.16433715705160842
2021-10-01 00:00:00,2021-10-01 00:00:00,2021-10-01 01:00:00,2021-10-02 01:00:00,1,prebreak,ok,0.0,upper_first,9.0,8399,1|2021-10-01,ok,0.16687328042651034,0.1375099302566708,1|price|5476,price,0.1375099302566708
2021-10-02 06:00:00,2021-10-02 06:00:00,2021-10-02 07:00:00,2021-10-03 07:00:00,1,prebreak,ok,0.0,neither,,8404,1|2021-10-01,ok,0.16687328042651034,0.14334166659074446,1|price|5481,price,0.14334166659074446
2021-10-03 12:00:00,2021-10-03 12:00:00,2021-10-03 13:00:00,2021-10-04 13:00:00,1,prebreak,ok,0.0,neither,,8409,1|2021-10-01,ok,0.16687328042651034,0.13745596539583618,1|price|5486,price,0.13745596539583618
2021-10-04 18:00:00,2021-10-04 18:00:00,2021-10-04 19:00:00,2021-10-05 19:00:00,1,prebreak,ok,0.0,neither,,8414,1|2021-10-01,ok,0.16687328042651034,0.10652222339959032,1|price|5491,price,0.10652222339959032
2021-10-06 00:00:00,2021-10-06 00:00:00,2021-10-06 01:00:00,2021-10-07 01:00:00,1,prebreak,ok,0.0,upper_first,12.0,8419,1|2021-10-01,ok,0.16687328042651034,0.10452440402878047,1|price|5496,price,0.10452440402878047
2021-10-07 06:00:00,2021-10-07 06:00:00,2021-10-07 07:00:00,2021-10-08 07:00:00,1,prebreak,ok,0.0,neither,,8424,1|2021-10-01,ok,0.16687328042651034,0.1212251560424304,1|price|5501,price,0.1212251560424304
2021-10-08 12:00:00,2021-10-08 12:00:00,2021-10-08 13:00:00,2021-10-09 13:00:00,1,prebreak,ok,0.0,neither,,8429,1|2021-10-01,ok,0.16687328042651034,0.13359019696328936,1|price|5506,price,0.13359019696328936
2021-10-09 18:00:00,2021-10-09 18:00:00,2021-10-09 19:00:00,2021-10-10 19:00:00,1,prebreak,ok,0.0,neither,,8434,1|2021-10-01,ok,0.16687328042651034,0.13363707052123627,1|price|5511,price,0.13363707052123627
2021-10-11 00:00:00,2021-10-11 00:00:00,2021-10-11 01:00:00,2021-10-12 01:00:00,1,prebreak,ok,0.0,upper_first,6.0,8439,1|2021-10-01,ok,0.16687328042651034,0.1386361486565224,1|price|5516,price,0.1386361486565224
2021-10-12 06:00:00,2021-10-12 06:00:00,2021-10-12 07:00:00,2021-10-13 07:00:00,1,prebreak,ok,1.0,lower_first,13.0,8444,1|2021-10-01,ok,0.16687328042651034,0.10035293955347671,1|price|5521,price,0.10035293955347671
2021-10-13 12:00:00,2021-10-13 12:00:00,2021-10-13 13:00:00,2021-10-14 13:00:00,1,prebreak,ok,0.0,upper_first,3.0,8449,1|2021-10-01,ok,0.16687328042651034,0.12792036685603034,1|price|5526,price,0.12792036685603034
2021-10-14 18:00:00,2021-10-14 18:00:00,2021-10-14 19:00:00,2021-10-15 19:00:00,1,prebreak,ok,0.0,upper_first,10.0,8454,1|2021-10-01,ok,0.16687328042651034,0.12712652523963022,1|price|5531,price,0.12712652523963022
2021-10-16 00:00:00,2021-10-16 00:00:00,2021-10-16 01:00:00,2021-10-17 01:00:00,1,prebreak,ok,0.0,neither,,8459,1|2021-10-01,ok,0.16687328042651034,0.14351883988264427,1|price|5536,price,0.14351883988264427
2021-10-17 06:00:00,2021-10-17 06:00:00,2021-10-17 07:00:00,2021-10-18 07:00:00,1,prebreak,ok,0.0,upper_first,18.0,8464,1|2021-10-01,ok,0.16687328042651034,0.14772624641793833,1|price|5541,price,0.14772624641793833
2021-10-18 12:00:00,2021-10-18 12:00:00,2021-10-18 13:00:00,2021-10-19 13:00:00,1,prebreak,ok,0.0,upper_first,14.0,8469,1|2021-10-01,ok,0.16687328042651034,0.1638574165362477,1|price|5546,price,0.1638574165362477
2021-10-19 18:00:00,2021-10-19 18:00:00,2021-10-19 19:00:00,2021-10-20 19:00:00,1,prebreak,ok,0.0,upper_first,18.0,8474,1|2021-10-01,ok,0.16687328042651034,0.11782836335750045,1|price|5551,price,0.11782836335750045
2021-10-21 00:00:00,2021-10-21 00:00:00,2021-10-21 01:00:00,2021-10-22 01:00:00,1,prebreak,ok,1.0,lower_first,14.0,8479,1|2021-10-01,ok,0.16687328042651034,0.12072425152451176,1|price|5556,price,0.12072425152451176
2021-10-22 06:00:00,2021-10-22 06:00:00,2021-10-22 07:00:00,2021-10-23 07:00:00,1,prebreak,ok,0.0,neither,,8484,1|2021-10-01,ok,0.16687328042651034,0.13774944811064702,1|price|5561,price,0.13774944811064702
2021-10-23 18:00:00,2021-10-23 18:00:00,2021-10-23 19:00:00,2021-10-24 19:00:00,1,prebreak,ok,0.0,neither,,8490,1|2021-10-01,ok,0.16687328042651034,0.15392326884244187,1|price|5567,price,0.15392326884244187
2021-10-25 00:00:00,2021-10-25 00:00:00,2021-10-25 01:00:00,2021-10-26 01:00:00,1,prebreak,ok,0.0,upper_first,15.0,8495,1|2021-10-01,ok,0.16687328042651034,0.13782382447950997,1|price|5572,price,0.13782382447950997
2021-10-26 06:00:00,2021-10-26 06:00:00,2021-10-26 07:00:00,2021-10-27 07:00:00,1,prebreak,ok,0.0,neither,,8500,1|2021-10-01,ok,0.16687328042651034,0.12577341778260934,1|price|5577,price,0.12577341778260934
2021-10-28 12:00:00,2021-10-28 12:00:00,2021-10-28 13:00:00,2021-10-29 13:00:00,1,prebreak,ok,1.0,lower_first,5.0,8509,1|2021-10-01,ok,0.16687328042651034,0.12268483289887569,1|price|5586,price,0.12268483289887569
2021-10-29 18:00:00,2021-10-29 18:00:00,2021-10-29 19:00:00,2021-10-30 19:00:00,1,prebreak,ok,0.0,neither,,8514,1|2021-10-01,ok,0.16687328042651034,0.14669601769931406,1|price|5591,price,0.14669601769931406
2021-10-31 00:00:00,2021-10-31 00:00:00,2021-10-31 01:00:00,2021-11-01 01:00:00,1,prebreak,ok,0.0,neither,,8519,1|2021-10-01,ok,0.16687328042651034,0.13200257178985392,1|price|5596,price,0.13200257178985392
2021-11-02 06:00:00,2021-11-02 06:00:00,2021-11-02 07:00:00,2021-11-03 07:00:00,1,prebreak,ok,0.0,upper_first,7.0,8528,1|2021-10-01,ok,0.16687328042651034,0.12244750943455873,1|price|5605,price,0.12244750943455873
2021-11-03 12:00:00,2021-11-03 12:00:00,2021-11-03 13:00:00,2021-11-04 13:00:00,1,prebreak,ok,0.0,neither,,8533,1|2021-10-01,ok,0.16687328042651034,0.13782678883488497,1|price|5610,price,0.13782678883488497
2021-11-04 18:00:00,2021-11-04 18:00:00,2021-11-04 19:00:00,2021-11-05 19:00:00,1,prebreak,ok,0.0,upper_first,11.0,8538,1|2021-10-01,ok,0.16687328042651034,0.15260313846605164,1|price|5615,price,0.15260313846605164
2021-11-06 00:00:00,2021-11-06 00:00:00,2021-11-06 01:00:00,2021-11-07 01:00:00,1,prebreak,ok,0.0,neither,,8543,1|2021-10-01,ok,0.16687328042651034,0.12572262990183006,1|price|5620,price,0.12572262990183006
2021-11-07 06:00:00,2021-11-07 06:00:00,2021-11-07 07:00:00,2021-11-08 07:00:00,1,prebreak,ok,0.0,upper_first,17.0,8548,1|2021-10-01,ok,0.16687328042651034,0.10510758866283705,1|price|5625,price,0.10510758866283705
2021-11-09 18:00:00,2021-11-09 18:00:00,2021-11-09 19:00:00,2021-11-10 19:00:00,1,prebreak,ok,0.0,upper_first,19.0,8558,1|2021-10-01,ok,0.16687328042651034,0.11183135266341038,1|price|5635,price,0.11183135266341038
2021-11-11 00:00:00,2021-11-11 00:00:00,2021-11-11 01:00:00,2021-11-12 01:00:00,1,prebreak,ok,0.0,neither,,8563,1|2021-10-01,ok,0.16687328042651034,0.18055734952357627,1|price|5640,price,0.18055734952357627
2021-11-12 06:00:00,2021-11-12 06:00:00,2021-11-12 07:00:00,2021-11-13 07:00:00,1,prebreak,ok,0.0,neither,,8568,1|2021-10-01,ok,0.16687328042651034,0.1386347504669317,1|price|5645,price,0.1386347504669317
2021-11-13 12:00:00,2021-11-13 12:00:00,2021-11-13 13:00:00,2021-11-14 13:00:00,1,prebreak,ok,0.0,neither,,8573,1|2021-10-01,ok,0.16687328042651034,0.14688169044894053,1|price|5650,price,0.14688169044894053
2021-11-14 18:00:00,2021-11-14 18:00:00,2021-11-14 19:00:00,2021-11-15 19:00:00,1,prebreak,ok,0.0,upper_first,5.0,8578,1|2021-10-01,ok,0.16687328042651034,0.10478481443645399,1|price|5655,price,0.10478481443645399
2021-11-16 00:00:00,2021-11-16 00:00:00,2021-11-16 01:00:00,2021-11-17 01:00:00,1,prebreak,ok,1.0,lower_first,9.0,8583,1|2021-10-01,ok,0.16687328042651034,0.11811474145318887,1|price|5660,price,0.11811474145318887
2021-11-17 12:00:00,2021-11-17 12:00:00,2021-11-17 13:00:00,2021-11-18 13:00:00,1,prebreak,ok,0.0,neither,,8589,1|2021-10-01,ok,0.16687328042651034,0.14211556613476858,1|price|5666,price,0.14211556613476858
2021-11-20 06:00:00,2021-11-20 06:00:00,2021-11-20 07:00:00,2021-11-21 07:00:00,1,prebreak,ok,0.0,neither,,8600,1|2021-10-01,ok,0.16687328042651034,0.14745633644087602,1|price|5677,price,0.14745633644087602
2021-11-21 12:00:00,2021-11-21 12:00:00,2021-11-21 13:00:00,2021-11-22 13:00:00,1,prebreak,ok,0.0,neither,,8605,1|2021-10-01,ok,0.16687328042651034,0.14305316597942125,1|price|5682,price,0.14305316597942125
2021-11-22 18:00:00,2021-11-22 18:00:00,2021-11-22 19:00:00,2021-11-23 19:00:00,1,prebreak,ok,0.0,neither,,8610,1|2021-10-01,ok,0.16687328042651034,0.14275900635098226,1|price|5687,price,0.14275900635098226
2021-11-24 00:00:00,2021-11-24 00:00:00,2021-11-24 01:00:00,2021-11-25 01:00:00,1,prebreak,ok,0.0,neither,,8615,1|2021-10-01,ok,0.16687328042651034,0.1451447380537636,1|price|5692,price,0.1451447380537636
2021-11-25 06:00:00,2021-11-25 06:00:00,2021-11-25 07:00:00,2021-11-26 07:00:00,1,prebreak,ok,0.0,upper_first,8.0,8620,1|2021-10-01,ok,0.16687328042651034,0.15677752712302742,1|price|5697,price,0.15677752712302742
2021-11-27 12:00:00,2021-11-27 12:00:00,2021-11-27 13:00:00,2021-11-28 13:00:00,1,prebreak,ok,0.0,neither,,8629,1|2021-10-01,ok,0.16687328042651034,0.1468501676670231,1|price|5706,price,0.1468501676670231
2021-11-28 18:00:00,2021-11-28 18:00:00,2021-11-28 19:00:00,2021-11-29 19:00:00,1,prebreak,ok,0.0,upper_first,2.0,8634,1|2021-10-01,ok,0.16687328042651034,0.14577508460847882,1|price|5711,price,0.14577508460847882
2021-11-30 00:00:00,2021-11-30 00:00:00,2021-11-30 01:00:00,2021-12-01 01:00:00,1,prebreak,ok,0.0,neither,,8639,1|2021-10-01,ok,0.16687328042651034,0.13382439512944344,1|price|5716,price,0.13382439512944344
2021-12-01 06:00:00,2021-12-01 06:00:00,2021-12-01 07:00:00,2021-12-02 07:00:00,1,prebreak,ok,0.0,upper_first,7.0,8644,1|2021-10-01,ok,0.16687328042651034,0.15990583168994127,1|price|5721,price,0.15990583168994127
2021-12-02 12:00:00,2021-12-02 12:00:00,2021-12-02 13:00:00,2021-12-03 13:00:00,1,prebreak,ok,0.0,neither,,8649,1|2021-10-01,ok,0.16687328042651034,0.16771729530055748,1|price|5726,price,0.16771729530055748
2021-12-05 06:00:00,2021-12-05 06:00:00,2021-12-05 07:00:00,2021-12-06 07:00:00,1,prebreak,ok,0.0,neither,,8660,1|2021-10-01,ok,0.16687328042651034,0.15906372890099524,1|price|5737,price,0.15906372890099524
2021-12-06 12:00:00,2021-12-06 12:00:00,2021-12-06 13:00:00,2021-12-07 13:00:00,1,prebreak,ok,0.0,upper_first,8.0,8665,1|2021-10-01,ok,0.16687328042651034,0.17683905531520552,1|price|5742,price,0.17683905531520552
2021-12-07 18:00:00,2021-12-07 18:00:00,2021-12-07 19:00:00,2021-12-08 19:00:00,1,prebreak,ok,0.0,neither,,8670,1|2021-10-01,ok,0.16687328042651034,0.15511620647275454,1|price|5747,price,0.15511620647275454
2021-12-09 00:00:00,2021-12-09 00:00:00,2021-12-09 01:00:00,2021-12-10 01:00:00,1,prebreak,ok,1.0,lower_first,17.0,8675,1|2021-10-01,ok,0.16687328042651034,0.1563708338585183,1|price|5752,price,0.1563708338585183
2021-12-12 00:00:00,2021-12-12 00:00:00,2021-12-12 01:00:00,2021-12-13 01:00:00,1,prebreak,ok,0.0,neither,,8687,1|2021-10-01,ok,0.16687328042651034,0.13242921551084022,1|price|5764,price,0.13242921551084022
2021-12-13 06:00:00,2021-12-13 06:00:00,2021-12-13 07:00:00,2021-12-14 07:00:00,1,prebreak,ok,1.0,lower_first,12.0,8692,1|2021-10-01,ok,0.16687328042651034,0.13850075932131878,1|price|5769,price,0.13850075932131878
2021-12-14 12:00:00,2021-12-14 12:00:00,2021-12-14 13:00:00,2021-12-15 13:00:00,1,prebreak,ok,0.0,neither,,8697,1|2021-10-01,ok,0.16687328042651034,0.12371392409206972,1|price|5774,price,0.12371392409206972
2021-12-15 18:00:00,2021-12-15 18:00:00,2021-12-15 19:00:00,2021-12-16 19:00:00,1,prebreak,ok,0.0,upper_first,0.0,8702,1|2021-10-01,ok,0.16687328042651034,0.15210374664141885,1|price|5779,price,0.15210374664141885
2021-12-17 00:00:00,2021-12-17 00:00:00,2021-12-17 01:00:00,2021-12-18 01:00:00,1,prebreak,ok,0.0,neither,,8707,1|2021-10-01,ok,0.16687328042651034,0.1485288456995273,1|price|5784,price,0.1485288456995273
2021-12-18 18:00:00,2021-12-18 18:00:00,2021-12-18 19:00:00,2021-12-19 19:00:00,1,prebreak,ok,0.0,upper_first,19.0,8714,1|2021-10-01,ok,0.16687328042651034,0.1546054271914744,1|price|5791,price,0.1546054271914744
2021-12-20 00:00:00,2021-12-20 00:00:00,2021-12-20 01:00:00,2021-12-21 01:00:00,1,prebreak,ok,0.0,neither,,8719,1|2021-10-01,ok,0.16687328042651034,0.15210544872351178,1|price|5796,price,0.15210544872351178
2021-12-21 06:00:00,2021-12-21 06:00:00,2021-12-21 07:00:00,2021-12-22 07:00:00,1,prebreak,ok,0.0,neither,,8724,1|2021-10-01,ok,0.16687328042651034,0.12632591784882913,1|price|5801,price,0.12632591784882913
2021-12-22 12:00:00,2021-12-22 12:00:00,2021-12-22 13:00:00,2021-12-23 13:00:00,1,prebreak,ok,0.0,neither,,8729,1|2021-10-01,ok,0.16687328042651034,0.12612304704353297,1|price|5806,price,0.12612304704353297
2021-12-24 00:00:00,2021-12-24 00:00:00,2021-12-24 01:00:00,2021-12-25 01:00:00,1,prebreak,ok,0.0,neither,,8735,1|2021-10-01,ok,0.16687328042651034,0.10637019527028962,1|price|5812,price,0.10637019527028962
2021-12-25 06:00:00,2021-12-25 06:00:00,2021-12-25 07:00:00,2021-12-26 07:00:00,1,prebreak,ok,0.0,neither,,8740,1|2021-10-01,ok,0.16687328042651034,0.10326334902499347,1|price|5817,price,0.10326334902499347
2021-12-26 12:00:00,2021-12-26 12:00:00,2021-12-26 13:00:00,2021-12-27 13:00:00,1,prebreak,ok,0.0,neither,,8745,1|2021-10-01,ok,0.16687328042651034,0.11130145120663848,1|price|5822,price,0.11130145120663848
2021-12-31 00:00:00,2021-12-31 00:00:00,2021-12-31 01:00:00,2022-01-01 01:00:00,1,prebreak,ok,0.0,upper_first,7.0,8763,1|2021-10-01,ok,0.16687328042651034,0.13395853168732522,1|price|5840,price,0.13395853168732522
2022-01-02 00:00:00,2022-01-02 00:00:00,2022-01-02 01:00:00,2022-01-03 01:00:00,1,prebreak,ok,0.0,neither,,8771,1|2022-01-01,ok,0.15963648810494918,0.13332107421081987,1|price|5848,price,0.13332107421081987
2022-01-03 06:00:00,2022-01-03 06:00:00,2022-01-03 07:00:00,2022-01-04 07:00:00,1,prebreak,ok,0.0,neither,,8776,1|2022-01-01,ok,0.15963648810494918,0.13245365188368227,1|price|5853,price,0.13245365188368227
2022-01-04 18:00:00,2022-01-04 18:00:00,2022-01-04 19:00:00,2022-01-05 19:00:00,1,prebreak,ok,0.0,neither,,8782,1|2022-01-01,ok,0.15963648810494918,0.10707266278840492,1|price|5859,price,0.10707266278840492
2022-01-07 00:00:00,2022-01-07 00:00:00,2022-01-07 01:00:00,2022-01-08 01:00:00,1,prebreak,ok,1.0,lower_first,14.0,8791,1|2022-01-01,ok,0.15963648810494918,0.143686920952436,1|price|5868,price,0.143686920952436
2022-01-08 06:00:00,2022-01-08 06:00:00,2022-01-08 07:00:00,2022-01-09 07:00:00,1,prebreak,ok,0.0,neither,,8796,1|2022-01-01,ok,0.15963648810494918,0.15708564023445318,1|price|5873,price,0.15708564023445318
2022-01-09 12:00:00,2022-01-09 12:00:00,2022-01-09 13:00:00,2022-01-10 13:00:00,1,prebreak,ok,0.0,neither,,8801,1|2022-01-01,ok,0.15963648810494918,0.1469462441996936,1|price|5878,price,0.1469462441996936
2022-01-10 18:00:00,2022-01-10 18:00:00,2022-01-10 19:00:00,2022-01-11 19:00:00,1,prebreak,ok,0.0,upper_first,21.0,8806,1|2022-01-01,ok,0.15963648810494918,0.13245796792014175,1|price|5883,price,0.13245796792014175
2022-01-12 00:00:00,2022-01-12 00:00:00,2022-01-12 01:00:00,2022-01-13 01:00:00,1,prebreak,ok,0.0,upper_first,12.0,8811,1|2022-01-01,ok,0.15963648810494918,0.13143626220563778,1|price|5888,price,0.13143626220563778
2022-01-13 06:00:00,2022-01-13 06:00:00,2022-01-13 07:00:00,2022-01-14 07:00:00,1,prebreak,ok,0.0,neither,,8816,1|2022-01-01,ok,0.15963648810494918,0.12161524056469121,1|price|5893,price,0.12161524056469121
2022-01-14 12:00:00,2022-01-14 12:00:00,2022-01-14 13:00:00,2022-01-15 13:00:00,1,prebreak,ok,0.0,upper_first,2.0,8821,1|2022-01-01,ok,0.15963648810494918,0.130641513996095,1|price|5898,price,0.130641513996095
2022-01-15 18:00:00,2022-01-15 18:00:00,2022-01-15 19:00:00,2022-01-16 19:00:00,1,prebreak,ok,0.0,neither,,8826,1|2022-01-01,ok,0.15963648810494918,0.10409664249539817,1|price|5903,price,0.10409664249539817
2022-01-17 06:00:00,2022-01-17 06:00:00,2022-01-17 07:00:00,2022-01-18 07:00:00,1,prebreak,ok,0.0,neither,,8832,1|2022-01-01,ok,0.15963648810494918,0.1036011866616495,1|price|5909,price,0.1036011866616495
2022-01-19 06:00:00,2022-01-19 06:00:00,2022-01-19 07:00:00,2022-01-20 07:00:00,1,prebreak,ok,0.0,neither,,8840,1|2022-01-01,ok,0.15963648810494918,0.11082066280775514,1|price|5917,price,0.11082066280775514
2022-01-20 12:00:00,2022-01-20 12:00:00,2022-01-20 13:00:00,2022-01-21 13:00:00,1,prebreak,ok,0.0,upper_first,2.0,8845,1|2022-01-01,ok,0.15963648810494918,0.11410379287101402,1|price|5922,price,0.11410379287101402
2022-01-23 12:00:00,2022-01-23 12:00:00,2022-01-23 13:00:00,2022-01-24 13:00:00,1,prebreak,ok,1.0,lower_first,21.0,8857,1|2022-01-01,ok,0.15963648810494918,0.21176192259619364,1|price|5934,price,0.21176192259619364
2022-01-25 12:00:00,2022-01-25 12:00:00,2022-01-25 13:00:00,2022-01-26 13:00:00,1,prebreak,ok,0.0,upper_first,15.0,8865,1|2022-01-01,ok,0.15963648810494918,0.1982369278369009,1|price|5942,price,0.1982369278369009
2022-01-26 18:00:00,2022-01-26 18:00:00,2022-01-26 19:00:00,2022-01-27 19:00:00,1,prebreak,ok,1.0,lower_first,6.0,8870,1|2022-01-01,ok,0.15963648810494918,0.1816779310488551,1|price|5947,price,0.1816779310488551
2022-01-28 00:00:00,2022-01-28 00:00:00,2022-01-28 01:00:00,2022-01-29 01:00:00,1,prebreak,ok,0.0,neither,,8875,1|2022-01-01,ok,0.15963648810494918,0.16394318367131555,1|price|5952,price,0.16394318367131555
2022-01-29 06:00:00,2022-01-29 06:00:00,2022-01-29 07:00:00,2022-01-30 07:00:00,1,prebreak,ok,0.0,neither,,8880,1|2022-01-01,ok,0.15963648810494918,0.1648685531432695,1|price|5957,price,0.1648685531432695
2022-01-30 12:00:00,2022-01-30 12:00:00,2022-01-30 13:00:00,2022-01-31 13:00:00,1,prebreak,ok,0.0,neither,,8885,1|2022-01-01,ok,0.15963648810494918,0.13373795078325143,1|price|5962,price,0.13373795078325143
2022-01-31 18:00:00,2022-01-31 18:00:00,2022-01-31 19:00:00,2022-02-01 19:00:00,1,prebreak,ok,0.0,neither,,8890,1|2022-01-01,ok,0.15963648810494918,0.1153724633660801,1|price|5967,price,0.1153724633660801
2022-02-02 00:00:00,2022-02-02 00:00:00,2022-02-02 01:00:00,2022-02-03 01:00:00,1,prebreak,ok,1.0,lower_first,20.0,8895,1|2022-01-01,ok,0.15963648810494918,0.12074581288627285,1|price|5972,price,0.12074581288627285
2022-02-03 06:00:00,2022-02-03 06:00:00,2022-02-03 07:00:00,2022-02-04 07:00:00,1,prebreak,ok,0.0,neither,,8900,1|2022-01-01,ok,0.15963648810494918,0.12339175664133811,1|price|5977,price,0.12339175664133811
2022-02-04 12:00:00,2022-02-04 12:00:00,2022-02-04 13:00:00,2022-02-05 13:00:00,1,prebreak,ok,0.0,upper_first,2.0,8905,1|2022-01-01,ok,0.15963648810494918,0.129534420171532,1|price|5982,price,0.129534420171532
2022-02-05 18:00:00,2022-02-05 18:00:00,2022-02-05 19:00:00,2022-02-06 19:00:00,1,prebreak,ok,0.0,neither,,8910,1|2022-01-01,ok,0.15963648810494918,0.1436491445963407,1|price|5987,price,0.1436491445963407
2022-02-07 00:00:00,2022-02-07 00:00:00,2022-02-07 01:00:00,2022-02-08 01:00:00,1,prebreak,ok,0.0,upper_first,13.0,8915,1|2022-01-01,ok,0.15963648810494918,0.12016077127286454,1|price|5992,price,0.12016077127286454
2022-02-08 12:00:00,2022-02-08 12:00:00,2022-02-08 13:00:00,2022-02-09 13:00:00,1,prebreak,ok,0.0,neither,,8921,1|2022-01-01,ok,0.15963648810494918,0.12199227099197152,1|price|5998,price,0.12199227099197152
2022-02-09 18:00:00,2022-02-09 18:00:00,2022-02-09 19:00:00,2022-02-10 19:00:00,1,prebreak,ok,0.0,upper_first,20.0,8926,1|2022-01-01,ok,0.15963648810494918,0.1443558598050727,1|price|6003,price,0.1443558598050727
2022-02-11 00:00:00,2022-02-11 00:00:00,2022-02-11 01:00:00,2022-02-12 01:00:00,1,prebreak,ok,0.0,neither,,8931,1|2022-01-01,ok,0.15963648810494918,0.17908524593968841,1|price|6008,price,0.17908524593968841
2022-02-12 06:00:00,2022-02-12 06:00:00,2022-02-12 07:00:00,2022-02-13 07:00:00,1,prebreak,ok,0.0,neither,,8936,1|2022-01-01,ok,0.15963648810494918,0.16075616538962273,1|price|6013,price,0.16075616538962273
2022-02-13 12:00:00,2022-02-13 12:00:00,2022-02-13 13:00:00,2022-02-14 13:00:00,1,prebreak,ok,0.0,neither,,8941,1|2022-01-01,ok,0.15963648810494918,0.15972074718420848,1|price|6018,price,0.15972074718420848
2022-02-15 06:00:00,2022-02-15 06:00:00,2022-02-15 07:00:00,2022-02-16 07:00:00,1,prebreak,ok,0.0,neither,,8948,1|2022-01-01,ok,0.15963648810494918,0.10915168929044532,1|price|6025,price,0.10915168929044532
2022-02-16 12:00:00,2022-02-16 12:00:00,2022-02-16 13:00:00,2022-02-17 13:00:00,1,prebreak,ok,0.0,neither,,8953,1|2022-01-01,ok,0.15963648810494918,0.10462020231679503,1|price|6030,price,0.10462020231679503
2022-02-17 18:00:00,2022-02-17 18:00:00,2022-02-17 19:00:00,2022-02-18 19:00:00,1,prebreak,ok,0.0,neither,,8958,1|2022-01-01,ok,0.15963648810494918,0.13972496177383267,1|price|6035,price,0.13972496177383267
2022-02-19 00:00:00,2022-02-19 00:00:00,2022-02-19 01:00:00,2022-02-20 01:00:00,1,prebreak,ok,0.0,neither,,8963,1|2022-01-01,ok,0.15963648810494918,0.12844220254804997,1|price|6040,price,0.12844220254804997
2022-02-23 06:00:00,2022-02-23 06:00:00,2022-02-23 07:00:00,2022-02-24 07:00:00,1,prebreak,ok,0.0,upper_first,6.0,8980,1|2022-01-01,ok,0.15963648810494918,0.18337254984866855,1|price|6057,price,0.18337254984866855
2022-02-25 06:00:00,2022-02-25 06:00:00,2022-02-25 07:00:00,2022-02-26 07:00:00,1,prebreak,ok,0.0,upper_first,17.0,8988,1|2022-01-01,ok,0.15963648810494918,0.1771316708987049,1|price|6065,price,0.1771316708987049
2022-02-26 12:00:00,2022-02-26 12:00:00,2022-02-26 13:00:00,2022-02-27 13:00:00,1,prebreak,ok,0.0,neither,,8993,1|2022-01-01,ok,0.15963648810494918,0.17726906929151634,1|price|6070,price,0.17726906929151634
2022-02-27 18:00:00,2022-02-27 18:00:00,2022-02-27 19:00:00,2022-02-28 19:00:00,1,prebreak,ok,0.0,upper_first,20.0,8998,1|2022-01-01,ok,0.15963648810494918,0.16236802693161867,1|price|6075,price,0.16236802693161867
2022-03-01 00:00:00,2022-03-01 00:00:00,2022-03-01 01:00:00,2022-03-02 01:00:00,1,prebreak,ok,0.0,upper_first,12.0,9003,1|2022-01-01,ok,0.15963648810494918,0.17845633726552207,1|price|6080,price,0.17845633726552207
2022-03-02 06:00:00,2022-03-02 06:00:00,2022-03-02 07:00:00,2022-03-03 07:00:00,1,prebreak,ok,0.0,upper_first,8.0,9008,1|2022-01-01,ok,0.15963648810494918,0.17861677476698154,1|price|6085,price,0.17861677476698154
2022-03-03 12:00:00,2022-03-03 12:00:00,2022-03-03 13:00:00,2022-03-04 13:00:00,1,prebreak,ok,1.0,lower_first,12.0,9013,1|2022-01-01,ok,0.15963648810494918,0.17756169351793916,1|price|6090,price,0.17756169351793916
2022-03-06 00:00:00,2022-03-06 00:00:00,2022-03-06 01:00:00,2022-03-07 01:00:00,1,prebreak,ok,0.0,neither,,9023,1|2022-01-01,ok,0.15963648810494918,0.13559612075335978,1|price|6100,price,0.13559612075335978
2022-03-09 00:00:00,2022-03-09 00:00:00,2022-03-09 01:00:00,2022-03-10 01:00:00,1,prebreak,ok,0.0,upper_first,2.0,9035,1|2022-01-01,ok,0.15963648810494918,0.14519929817012342,1|price|6112,price,0.14519929817012342
2022-03-10 06:00:00,2022-03-10 06:00:00,2022-03-10 07:00:00,2022-03-11 07:00:00,1,prebreak,ok,0.0,neither,,9040,1|2022-01-01,ok,0.15963648810494918,0.20194795320604847,1|price|6117,price,0.20194795320604847
2022-03-11 12:00:00,2022-03-11 12:00:00,2022-03-11 13:00:00,2022-03-12 13:00:00,1,prebreak,ok,0.0,neither,,9045,1|2022-01-01,ok,0.15963648810494918,0.16860750149654805,1|price|6122,price,0.16860750149654805
2022-03-12 18:00:00,2022-03-12 18:00:00,2022-03-12 19:00:00,2022-03-13 19:00:00,1,prebreak,ok,0.0,neither,,9050,1|2022-01-01,ok,0.15963648810494918,0.15992452126988124,1|price|6127,price,0.15992452126988124
2022-03-15 00:00:00,2022-03-15 00:00:00,2022-03-15 01:00:00,2022-03-16 01:00:00,1,prebreak,ok,0.0,neither,,9059,1|2022-01-01,ok,0.15963648810494918,0.10187136542944167,1|price|6136,price,0.10187136542944167
2022-03-16 06:00:00,2022-03-16 06:00:00,2022-03-16 07:00:00,2022-03-17 07:00:00,1,prebreak,ok,0.0,upper_first,7.0,9064,1|2022-01-01,ok,0.15963648810494918,0.17562162589315294,1|price|6141,price,0.17562162589315294
2022-03-17 12:00:00,2022-03-17 12:00:00,2022-03-17 13:00:00,2022-03-18 13:00:00,1,prebreak,ok,0.0,neither,,9069,1|2022-01-01,ok,0.15963648810494918,0.17730098038929035,1|price|6146,price,0.17730098038929035
2022-03-18 18:00:00,2022-03-18 18:00:00,2022-03-18 19:00:00,2022-03-19 19:00:00,1,prebreak,ok,0.0,neither,,9074,1|2022-01-01,ok,0.15963648810494918,0.16537876939520407,1|price|6151,price,0.16537876939520407
2022-03-20 18:00:00,2022-03-20 18:00:00,2022-03-20 19:00:00,2022-03-21 19:00:00,1,prebreak,ok,0.0,neither,,9082,1|2022-01-01,ok,0.15963648810494918,0.10088067967474551,1|price|6159,price,0.10088067967474551
2022-03-22 12:00:00,2022-03-22 12:00:00,2022-03-22 13:00:00,2022-03-23 13:00:00,1,prebreak,ok,0.0,neither,,9089,1|2022-01-01,ok,0.15963648810494918,0.10411972180910241,1|price|6166,price,0.10411972180910241
2022-03-23 18:00:00,2022-03-23 18:00:00,2022-03-23 19:00:00,2022-03-24 19:00:00,1,prebreak,ok,0.0,upper_first,11.0,9094,1|2022-01-01,ok,0.15963648810494918,0.12574451767541808,1|price|6171,price,0.12574451767541808
2022-03-25 00:00:00,2022-03-25 00:00:00,2022-03-25 01:00:00,2022-03-26 01:00:00,1,prebreak,ok,0.0,neither,,9099,1|2022-01-01,ok,0.15963648810494918,0.11553309160243487,1|price|6176,price,0.11553309160243487
2022-03-29 00:00:00,2022-03-29 00:00:00,2022-03-29 01:00:00,2022-03-30 01:00:00,1,prebreak,ok,0.0,neither,,9115,1|2022-01-01,ok,0.15963648810494918,0.10416426447495501,1|price|6192,price,0.10416426447495501
2022-03-30 12:00:00,2022-03-30 12:00:00,2022-03-30 13:00:00,2022-03-31 13:00:00,1,prebreak,ok,0.0,neither,,9121,1|2022-01-01,ok,0.15963648810494918,0.10783638618840129,1|price|6198,price,0.10783638618840129
2022-04-02 06:00:00,2022-04-02 06:00:00,2022-04-02 07:00:00,2022-04-03 07:00:00,1,prebreak,ok,0.0,neither,,9132,1|2022-04-01,ok,0.15231488551188055,0.11745604752360632,1|price|6209,price,0.11745604752360632
2022-04-03 12:00:00,2022-04-03 12:00:00,2022-04-03 13:00:00,2022-04-04 13:00:00,1,prebreak,ok,0.0,neither,,9137,1|2022-04-01,ok,0.15231488551188055,0.12220747383989983,1|price|6214,price,0.12220747383989983
2022-04-05 18:00:00,2022-04-05 18:00:00,2022-04-05 19:00:00,2022-04-06 19:00:00,1,prebreak,ok,1.0,lower_first,21.0,9146,1|2022-04-01,ok,0.15231488551188055,0.11439402549626747,1|price|6223,price,0.11439402549626747
2022-04-08 06:00:00,2022-04-08 06:00:00,2022-04-08 07:00:00,2022-04-09 07:00:00,1,prebreak,ok,0.0,neither,,9156,1|2022-04-01,ok,0.15231488551188055,0.1020041066001821,1|price|6233,price,0.1020041066001821
2022-04-10 00:00:00,2022-04-10 00:00:00,2022-04-10 01:00:00,2022-04-11 01:00:00,1,prebreak,ok,0.0,neither,,9163,1|2022-04-01,ok,0.15231488551188055,0.10748205305864995,1|price|6240,price,0.10748205305864995
2022-04-11 06:00:00,2022-04-11 06:00:00,2022-04-11 07:00:00,2022-04-12 07:00:00,1,prebreak,ok,1.0,lower_first,12.0,9168,1|2022-04-01,ok,0.15231488551188055,0.11071173730850108,1|price|6245,price,0.11071173730850108
2022-04-13 00:00:00,2022-04-13 00:00:00,2022-04-13 01:00:00,2022-04-14 01:00:00,1,prebreak,ok,0.0,upper_first,14.0,9175,1|2022-04-01,ok,0.15231488551188055,0.12151051933247008,1|price|6252,price,0.12151051933247008
2022-04-14 06:00:00,2022-04-14 06:00:00,2022-04-14 07:00:00,2022-04-15 07:00:00,1,prebreak,ok,0.0,neither,,9180,1|2022-04-01,ok,0.15231488551188055,0.12906034670785155,1|price|6257,price,0.12906034670785155
2022-04-15 12:00:00,2022-04-15 12:00:00,2022-04-15 13:00:00,2022-04-16 13:00:00,1,prebreak,ok,0.0,neither,,9185,1|2022-04-01,ok,0.15231488551188055,0.121322213617533,1|price|6262,price,0.121322213617533
2022-04-19 06:00:00,2022-04-19 06:00:00,2022-04-19 07:00:00,2022-04-20 07:00:00,1,prebreak,ok,0.0,neither,,9200,1|2022-04-01,ok,0.15231488551188055,0.10975129742754296,1|price|6277,price,0.10975129742754296
2022-04-20 18:00:00,2022-04-20 18:00:00,2022-04-20 19:00:00,2022-04-21 19:00:00,1,prebreak,ok,0.0,upper_first,15.0,9206,1|2022-04-01,ok,0.15231488551188055,0.11315161800442325,1|price|6283,price,0.11315161800442325
2022-04-23 18:00:00,2022-04-23 18:00:00,2022-04-23 19:00:00,2022-04-24 19:00:00,1,prebreak,ok,0.0,neither,,9218,1|2022-04-01,ok,0.15231488551188055,0.10362933288078824,1|price|6295,price,0.10362933288078824
2022-04-26 18:00:00,2022-04-26 18:00:00,2022-04-26 19:00:00,2022-04-27 19:00:00,1,prebreak,ok,0.0,neither,,9230,1|2022-04-01,ok,0.15231488551188055,0.14238254440256973,1|price|6307,price,0.14238254440256973
2022-04-28 00:00:00,2022-04-28 00:00:00,2022-04-28 01:00:00,2022-04-29 01:00:00,1,prebreak,ok,0.0,neither,,9235,1|2022-04-01,ok,0.15231488551188055,0.1253030484012667,1|price|6312,price,0.1253030484012667
2022-04-29 06:00:00,2022-04-29 06:00:00,2022-04-29 07:00:00,2022-04-30 07:00:00,1,prebreak,ok,0.0,neither,,9240,1|2022-04-01,ok,0.15231488551188055,0.1222891221146941,1|price|6317,price,0.1222891221146941
2022-04-30 12:00:00,2022-04-30 12:00:00,2022-04-30 13:00:00,2022-05-01 13:00:00,1,prebreak,ok,0.0,neither,,9245,1|2022-04-01,ok,0.15231488551188055,0.11938465258197936,1|price|6322,price,0.11938465258197936
2022-05-02 00:00:00,2022-05-02 00:00:00,2022-05-02 01:00:00,2022-05-03 01:00:00,1,prebreak,ok,0.0,neither,,9251,1|2022-04-01,ok,0.15231488551188055,0.1011073817484902,1|price|6328,price,0.1011073817484902
2022-05-03 06:00:00,2022-05-03 06:00:00,2022-05-03 07:00:00,2022-05-04 07:00:00,1,prebreak,ok,0.0,neither,,9256,1|2022-04-01,ok,0.15231488551188055,0.10453579145221567,1|price|6333,price,0.10453579145221567
2022-05-04 18:00:00,2022-05-04 18:00:00,2022-05-04 19:00:00,2022-05-05 19:00:00,1,prebreak,ok,1.0,lower_first,20.0,9262,1|2022-04-01,ok,0.15231488551188055,0.10120976136242625,1|price|6339,price,0.10120976136242625
2022-05-07 00:00:00,2022-05-07 00:00:00,2022-05-07 01:00:00,2022-05-08 01:00:00,1,prebreak,ok,0.0,neither,,9271,1|2022-04-01,ok,0.15231488551188055,0.14464164570355778,1|price|6348,price,0.14464164570355778
2022-05-11 00:00:00,2022-05-11 00:00:00,2022-05-11 01:00:00,2022-05-12 01:00:00,1,prebreak,ok,0.0,upper_first,9.0,9287,1|2022-04-01,ok,0.15231488551188055,0.20432684187858338,1|price|6364,price,0.20432684187858338
2022-05-13 12:00:00,2022-05-13 12:00:00,2022-05-13 13:00:00,2022-05-14 13:00:00,1,prebreak,ok,1.0,lower_first,10.0,9297,1|2022-04-01,ok,0.15231488551188055,0.29076502769008755,1|price|6374,price,0.29076502769008755
2022-05-14 18:00:00,2022-05-14 18:00:00,2022-05-14 19:00:00,2022-05-15 19:00:00,1,prebreak,ok,0.0,upper_first,17.0,9302,1|2022-04-01,ok,0.15231488551188055,0.23531205109892114,1|price|6379,price,0.23531205109892114
2022-05-16 00:00:00,2022-05-16 00:00:00,2022-05-16 01:00:00,2022-05-17 01:00:00,1,prebreak,ok,1.0,lower_first,5.0,9307,1|2022-04-01,ok,0.15231488551188055,0.13803256018536075,1|price|6384,price,0.13803256018536075
2022-05-17 06:00:00,2022-05-17 06:00:00,2022-05-17 07:00:00,2022-05-18 07:00:00,1,prebreak,ok,0.0,neither,,9312,1|2022-04-01,ok,0.15231488551188055,0.15072795530822417,1|price|6389,price,0.15072795530822417
2022-05-18 12:00:00,2022-05-18 12:00:00,2022-05-18 13:00:00,2022-05-19 13:00:00,1,prebreak,ok,0.0,neither,,9317,1|2022-04-01,ok,0.15231488551188055,0.16595601845896363,1|price|6394,price,0.16595601845896363
2022-05-20 00:00:00,2022-05-20 00:00:00,2022-05-20 01:00:00,2022-05-21 01:00:00,1,prebreak,ok,1.0,lower_first,15.0,9323,1|2022-04-01,ok,0.15231488551188055,0.1324596976984844,1|price|6400,price,0.1324596976984844
2022-05-21 06:00:00,2022-05-21 06:00:00,2022-05-21 07:00:00,2022-05-22 07:00:00,1,prebreak,ok,0.0,neither,,9328,1|2022-04-01,ok,0.15231488551188055,0.14351118433146645,1|price|6405,price,0.14351118433146645
2022-05-22 12:00:00,2022-05-22 12:00:00,2022-05-22 13:00:00,2022-05-23 13:00:00,1,prebreak,ok,0.0,neither,,9333,1|2022-04-01,ok,0.15231488551188055,0.13428417690925337,1|price|6410,price,0.13428417690925337
2022-05-24 00:00:00,2022-05-24 00:00:00,2022-05-24 01:00:00,2022-05-25 01:00:00,1,prebreak,ok,0.0,neither,,9339,1|2022-04-01,ok,0.15231488551188055,0.12231569906871755,1|price|6416,price,0.12231569906871755
2022-05-25 06:00:00,2022-05-25 06:00:00,2022-05-25 07:00:00,2022-05-26 07:00:00,1,prebreak,ok,0.0,neither,,9344,1|2022-04-01,ok,0.15231488551188055,0.12307649429995188,1|price|6421,price,0.12307649429995188
2022-05-26 12:00:00,2022-05-26 12:00:00,2022-05-26 13:00:00,2022-05-27 13:00:00,1,prebreak,ok,0.0,neither,,9349,1|2022-04-01,ok,0.15231488551188055,0.14099522797016206,1|price|6426,price,0.14099522797016206
2022-05-27 18:00:00,2022-05-27 18:00:00,2022-05-27 19:00:00,2022-05-28 19:00:00,1,prebreak,ok,0.0,neither,,9354,1|2022-04-01,ok,0.15231488551188055,0.14884215203989795,1|price|6431,price,0.14884215203989795
2022-05-29 00:00:00,2022-05-29 00:00:00,2022-05-29 01:00:00,2022-05-30 01:00:00,1,prebreak,ok,0.0,neither,,9359,1|2022-04-01,ok,0.15231488551188055,0.1250562400805892,1|price|6436,price,0.1250562400805892
2022-06-01 00:00:00,2022-06-01 00:00:00,2022-06-01 01:00:00,2022-06-02 01:00:00,1,prebreak,ok,1.0,lower_first,15.0,9371,1|2022-04-01,ok,0.15231488551188055,0.10129026921786903,1|price|6448,price,0.10129026921786903
2022-06-02 06:00:00,2022-06-02 06:00:00,2022-06-02 07:00:00,2022-06-03 07:00:00,1,prebreak,ok,0.0,neither,,9376,1|2022-04-01,ok,0.15231488551188055,0.1307304470232976,1|price|6453,price,0.1307304470232976
2022-06-03 12:00:00,2022-06-03 12:00:00,2022-06-03 13:00:00,2022-06-04 13:00:00,1,prebreak,ok,0.0,neither,,9381,1|2022-04-01,ok,0.15231488551188055,0.13489856031346867,1|price|6458,price,0.13489856031346867
2022-06-04 18:00:00,2022-06-04 18:00:00,2022-06-04 19:00:00,2022-06-05 19:00:00,1,prebreak,ok,0.0,neither,,9386,1|2022-04-01,ok,0.15231488551188055,0.10187517058302782,1|price|6463,price,0.10187517058302782
2022-06-07 06:00:00,2022-06-07 06:00:00,2022-06-07 07:00:00,2022-06-08 07:00:00,1,prebreak,ok,0.0,upper_first,12.0,9396,1|2022-04-01,ok,0.15231488551188055,0.14371783534545446,1|price|6473,price,0.14371783534545446
2022-06-08 12:00:00,2022-06-08 12:00:00,2022-06-08 13:00:00,2022-06-09 13:00:00,1,prebreak,ok,0.0,neither,,9401,1|2022-04-01,ok,0.15231488551188055,0.16931945112978594,1|price|6478,price,0.16931945112978594
2022-06-09 18:00:00,2022-06-09 18:00:00,2022-06-09 19:00:00,2022-06-10 19:00:00,1,prebreak,ok,0.0,neither,,9406,1|2022-04-01,ok,0.15231488551188055,0.17237286973014132,1|price|6483,price,0.17237286973014132
2022-06-15 06:00:00,2022-06-15 06:00:00,2022-06-15 07:00:00,2022-06-16 07:00:00,1,prebreak,ok,1.0,lower_first,1.0,9428,1|2022-04-01,ok,0.15231488551188055,0.2606770467400833,1|price|6505,price,0.2606770467400833
2022-06-16 12:00:00,2022-06-16 12:00:00,2022-06-16 13:00:00,2022-06-17 13:00:00,1,prebreak,ok,0.0,neither,,9433,1|2022-04-01,ok,0.15231488551188055,0.2806789690896925,1|price|6510,price,0.2806789690896925
2022-06-17 18:00:00,2022-06-17 18:00:00,2022-06-17 19:00:00,2022-06-18 19:00:00,1,prebreak,ok,1.0,lower_first,11.0,9438,1|2022-04-01,ok,0.15231488551188055,0.22914417915524266,1|price|6515,price,0.22914417915524266
2022-06-20 00:00:00,2022-06-20 00:00:00,2022-06-20 01:00:00,2022-06-21 01:00:00,1,prebreak,ok,0.0,upper_first,8.0,9447,1|2022-04-01,ok,0.15231488551188055,0.23087767002770243,1|price|6524,price,0.23087767002770243
2022-06-21 06:00:00,2022-06-21 06:00:00,2022-06-21 07:00:00,2022-06-22 07:00:00,1,prebreak,ok,1.0,lower_first,23.0,9452,1|2022-04-01,ok,0.15231488551188055,0.23786037070285795,1|price|6529,price,0.23786037070285795
2022-06-22 12:00:00,2022-06-22 12:00:00,2022-06-22 13:00:00,2022-06-23 13:00:00,1,prebreak,ok,0.0,neither,,9457,1|2022-04-01,ok,0.15231488551188055,0.20048561318574332,1|price|6534,price,0.20048561318574332
2022-06-23 18:00:00,2022-06-23 18:00:00,2022-06-23 19:00:00,2022-06-24 19:00:00,1,prebreak,ok,0.0,upper_first,1.0,9462,1|2022-04-01,ok,0.15231488551188055,0.1790977493574419,1|price|6539,price,0.1790977493574419
2022-06-25 00:00:00,2022-06-25 00:00:00,2022-06-25 01:00:00,2022-06-26 01:00:00,1,prebreak,ok,0.0,neither,,9467,1|2022-04-01,ok,0.15231488551188055,0.15448299460373902,1|price|6544,price,0.15448299460373902
2022-06-26 06:00:00,2022-06-26 06:00:00,2022-06-26 07:00:00,2022-06-27 07:00:00,1,prebreak,ok,0.0,neither,,9472,1|2022-04-01,ok,0.15231488551188055,0.12355757370662407,1|price|6549,price,0.12355757370662407
2022-06-27 12:00:00,2022-06-27 12:00:00,2022-06-27 13:00:00,2022-06-28 13:00:00,1,prebreak,ok,0.0,neither,,9477,1|2022-04-01,ok,0.15231488551188055,0.11325300395731296,1|price|6554,price,0.11325300395731296
2022-06-28 18:00:00,2022-06-28 18:00:00,2022-06-28 19:00:00,2022-06-29 19:00:00,1,prebreak,ok,0.0,neither,,9482,1|2022-04-01,ok,0.15231488551188055,0.13037691967630416,1|price|6559,price,0.13037691967630416
2022-07-02 00:00:00,2022-07-02 00:00:00,2022-07-02 01:00:00,2022-07-03 01:00:00,1,prebreak,ok,0.0,neither,,9495,1|2022-07-01,ok,0.15452477952163976,0.1902780750655313,1|price|6572,price,0.1902780750655313
2022-07-03 06:00:00,2022-07-03 06:00:00,2022-07-03 07:00:00,2022-07-04 07:00:00,1,prebreak,ok,0.0,neither,,9500,1|2022-07-01,ok,0.15452477952163976,0.2035342233103769,1|price|6577,price,0.2035342233103769
2022-07-05 06:00:00,2022-07-05 06:00:00,2022-07-05 07:00:00,2022-07-06 07:00:00,1,prebreak,ok,1.0,lower_first,5.0,9508,1|2022-07-01,ok,0.15452477952163976,0.10592150176786666,1|price|6585,price,0.10592150176786666
2022-07-06 12:00:00,2022-07-06 12:00:00,2022-07-06 13:00:00,2022-07-07 13:00:00,1,prebreak,ok,0.0,neither,,9513,1|2022-07-01,ok,0.15452477952163976,0.1384346989022599,1|price|6590,price,0.1384346989022599
2022-07-07 18:00:00,2022-07-07 18:00:00,2022-07-07 19:00:00,2022-07-08 19:00:00,1,prebreak,ok,0.0,upper_first,6.0,9518,1|2022-07-01,ok,0.15452477952163976,0.1306479397256546,1|price|6595,price,0.1306479397256546
2022-07-09 00:00:00,2022-07-09 00:00:00,2022-07-09 01:00:00,2022-07-10 01:00:00,1,prebreak,ok,0.0,neither,,9523,1|2022-07-01,ok,0.15452477952163976,0.15171761651478224,1|price|6600,price,0.15171761651478224
2022-07-10 06:00:00,2022-07-10 06:00:00,2022-07-10 07:00:00,2022-07-11 07:00:00,1,prebreak,ok,0.0,neither,,9528,1|2022-07-01,ok,0.15452477952163976,0.1467733760046307,1|price|6605,price,0.1467733760046307
2022-07-14 18:00:00,2022-07-14 18:00:00,2022-07-14 19:00:00,2022-07-15 19:00:00,1,prebreak,ok,0.0,neither,,9546,1|2022-07-01,ok,0.15452477952163976,0.13641890622366082,1|price|6623,price,0.13641890622366082
2022-07-16 00:00:00,2022-07-16 00:00:00,2022-07-16 01:00:00,2022-07-17 01:00:00,1,prebreak,ok,0.0,upper_first,15.0,9551,1|2022-07-01,ok,0.15452477952163976,0.1618684228144632,1|price|6628,price,0.1618684228144632
2022-07-17 06:00:00,2022-07-17 06:00:00,2022-07-17 07:00:00,2022-07-18 07:00:00,1,prebreak,ok,0.0,upper_first,23.0,9556,1|2022-07-01,ok,0.15452477952163976,0.14034066927584463,1|price|6633,price,0.14034066927584463
2022-07-18 12:00:00,2022-07-18 12:00:00,2022-07-18 13:00:00,2022-07-19 13:00:00,1,prebreak,ok,0.0,upper_first,11.0,9561,1|2022-07-01,ok,0.15452477952163976,0.14215619845741642,1|price|6638,price,0.14215619845741642
2022-07-19 18:00:00,2022-07-19 18:00:00,2022-07-19 19:00:00,2022-07-20 19:00:00,1,prebreak,ok,0.0,upper_first,19.0,9566,1|2022-07-01,ok,0.15452477952163976,0.1547886010806914,1|price|6643,price,0.1547886010806914
2022-07-21 00:00:00,2022-07-21 00:00:00,2022-07-21 01:00:00,2022-07-22 01:00:00,1,prebreak,ok,0.0,neither,,9571,1|2022-07-01,ok,0.15452477952163976,0.1851677416511006,1|price|6648,price,0.1851677416511006
2022-07-22 06:00:00,2022-07-22 06:00:00,2022-07-22 07:00:00,2022-07-23 07:00:00,1,prebreak,ok,0.0,neither,,9576,1|2022-07-01,ok,0.15452477952163976,0.1705342379870664,1|price|6653,price,0.1705342379870664
2022-07-24 18:00:00,2022-07-24 18:00:00,2022-07-24 19:00:00,2022-07-25 19:00:00,1,prebreak,ok,0.0,neither,,9586,1|2022-07-01,ok,0.15452477952163976,0.13554565659975368,1|price|6663,price,0.13554565659975368
2022-07-27 18:00:00,2022-07-27 18:00:00,2022-07-27 19:00:00,2022-07-28 19:00:00,1,prebreak,ok,0.0,upper_first,7.0,9598,1|2022-07-01,ok,0.15452477952163976,0.11281814415379868,1|price|6675,price,0.11281814415379868
2022-07-29 00:00:00,2022-07-29 00:00:00,2022-07-29 01:00:00,2022-07-30 01:00:00,1,prebreak,ok,0.0,neither,,9603,1|2022-07-01,ok,0.15452477952163976,0.15400918051688892,1|price|6680,price,0.15400918051688892
2022-07-30 06:00:00,2022-07-30 06:00:00,2022-07-30 07:00:00,2022-07-31 07:00:00,1,prebreak,ok,0.0,upper_first,6.0,9608,1|2022-07-01,ok,0.15452477952163976,0.14997722611173378,1|price|6685,price,0.14997722611173378
2022-07-31 12:00:00,2022-07-31 12:00:00,2022-07-31 13:00:00,2022-08-01 13:00:00,1,prebreak,ok,0.0,neither,,9613,1|2022-07-01,ok,0.15452477952163976,0.1453517784468601,1|price|6690,price,0.1453517784468601
2022-08-03 12:00:00,2022-08-03 12:00:00,2022-08-03 13:00:00,2022-08-04 13:00:00,1,prebreak,ok,0.0,neither,,9625,1|2022-07-01,ok,0.15452477952163976,0.11970254059657048,1|price|6702,price,0.11970254059657048
2022-08-05 18:00:00,2022-08-05 18:00:00,2022-08-05 19:00:00,2022-08-06 19:00:00,1,prebreak,ok,0.0,neither,,9634,1|2022-07-01,ok,0.15452477952163976,0.13943425473431534,1|price|6711,price,0.13943425473431534
2022-08-07 00:00:00,2022-08-07 00:00:00,2022-08-07 01:00:00,2022-08-08 01:00:00,1,prebreak,ok,0.0,neither,,9639,1|2022-07-01,ok,0.15452477952163976,0.12043634250183088,1|price|6716,price,0.12043634250183088
2022-08-09 12:00:00,2022-08-09 12:00:00,2022-08-09 13:00:00,2022-08-10 13:00:00,1,prebreak,ok,0.0,upper_first,23.0,9649,1|2022-07-01,ok,0.15452477952163976,0.10727664899837615,1|price|6726,price,0.10727664899837615
2022-08-11 06:00:00,2022-08-11 06:00:00,2022-08-11 07:00:00,2022-08-12 07:00:00,1,prebreak,ok,0.0,neither,,9656,1|2022-07-01,ok,0.15452477952163976,0.13956354610931354,1|price|6733,price,0.13956354610931354
2022-08-12 12:00:00,2022-08-12 12:00:00,2022-08-12 13:00:00,2022-08-13 13:00:00,1,prebreak,ok,0.0,upper_first,12.0,9661,1|2022-07-01,ok,0.15452477952163976,0.14804676151388035,1|price|6738,price,0.14804676151388035
2022-08-13 18:00:00,2022-08-13 18:00:00,2022-08-13 19:00:00,2022-08-14 19:00:00,1,prebreak,ok,0.0,neither,,9666,1|2022-07-01,ok,0.15452477952163976,0.11391573984804608,1|price|6743,price,0.11391573984804608
2022-08-15 12:00:00,2022-08-15 12:00:00,2022-08-15 13:00:00,2022-08-16 13:00:00,1,prebreak,ok,0.0,neither,,9673,1|2022-07-01,ok,0.15452477952163976,0.12805754062797922,1|price|6750,price,0.12805754062797922
2022-08-19 00:00:00,2022-08-19 00:00:00,2022-08-19 01:00:00,2022-08-20 01:00:00,1,prebreak,ok,1.0,lower_first,5.0,9687,1|2022-07-01,ok,0.15452477952163976,0.12207356167466533,1|price|6764,price,0.12207356167466533
2022-08-21 00:00:00,2022-08-21 00:00:00,2022-08-21 01:00:00,2022-08-22 01:00:00,1,prebreak,ok,0.0,neither,,9695,1|2022-07-01,ok,0.15452477952163976,0.1428706354758004,1|price|6772,price,0.1428706354758004
2022-08-22 06:00:00,2022-08-22 06:00:00,2022-08-22 07:00:00,2022-08-23 07:00:00,1,prebreak,ok,0.0,neither,,9700,1|2022-07-01,ok,0.15452477952163976,0.13940841800259723,1|price|6777,price,0.13940841800259723
2022-08-23 12:00:00,2022-08-23 12:00:00,2022-08-23 13:00:00,2022-08-24 13:00:00,1,prebreak,ok,0.0,neither,,9705,1|2022-07-01,ok,0.15452477952163976,0.10323902409265523,1|price|6782,price,0.10323902409265523
2022-08-24 18:00:00,2022-08-24 18:00:00,2022-08-24 19:00:00,2022-08-25 19:00:00,1,prebreak,ok,0.0,neither,,9710,1|2022-07-01,ok,0.15452477952163976,0.10826877956311037,1|price|6787,price,0.10826877956311037
2022-08-26 00:00:00,2022-08-26 00:00:00,2022-08-26 01:00:00,2022-08-27 01:00:00,1,prebreak,ok,1.0,lower_first,22.0,9715,1|2022-07-01,ok,0.15452477952163976,0.10234899732798942,1|price|6792,price,0.10234899732798942
2022-08-28 00:00:00,2022-08-28 00:00:00,2022-08-28 01:00:00,2022-08-29 01:00:00,1,prebreak,ok,0.0,neither,,9723,1|2022-07-01,ok,0.15452477952163976,0.1332537034073675,1|price|6800,price,0.1332537034073675
2022-08-30 18:00:00,2022-08-30 18:00:00,2022-08-30 19:00:00,2022-08-31 19:00:00,1,prebreak,ok,0.0,upper_first,7.0,9734,1|2022-07-01,ok,0.15452477952163976,0.10889876363362351,1|price|6811,price,0.10889876363362351
2022-09-01 00:00:00,2022-09-01 00:00:00,2022-09-01 01:00:00,2022-09-02 01:00:00,1,prebreak,ok,0.0,neither,,9739,1|2022-07-01,ok,0.15452477952163976,0.12838924126952866,1|price|6816,price,0.12838924126952866
2022-09-02 06:00:00,2022-09-02 06:00:00,2022-09-02 07:00:00,2022-09-03 07:00:00,1,prebreak,ok,0.0,neither,,9744,1|2022-07-01,ok,0.15452477952163976,0.11851822890297836,1|price|6821,price,0.11851822890297836
2022-09-03 12:00:00,2022-09-03 12:00:00,2022-09-03 13:00:00,2022-09-04 13:00:00,1,prebreak,ok,0.0,neither,,9749,1|2022-07-01,ok,0.15452477952163976,0.11080991733346146,1|price|6826,price,0.11080991733346146
2022-09-05 06:00:00,2022-09-05 06:00:00,2022-09-05 07:00:00,2022-09-06 07:00:00,1,prebreak,ok,0.0,neither,,9756,1|2022-07-01,ok,0.15452477952163976,0.10379257654572209,1|price|6833,price,0.10379257654572209
2022-09-08 06:00:00,2022-09-08 06:00:00,2022-09-08 07:00:00,2022-09-09 07:00:00,1,prebreak,ok,0.0,upper_first,20.0,9768,1|2022-07-01,ok,0.15452477952163976,0.13686977202841843,1|price|6845,price,0.13686977202841843
2022-09-09 12:00:00,2022-09-09 12:00:00,2022-09-09 13:00:00,2022-09-10 13:00:00,1,prebreak,ok,0.0,neither,,9773,1|2022-07-01,ok,0.15452477952163976,0.14511137267988314,1|price|6850,price,0.14511137267988314
2022-09-10 18:00:00,2022-09-10 18:00:00,2022-09-10 19:00:00,2022-09-11 19:00:00,1,prebreak,ok,0.0,neither,,9778,1|2022-07-01,ok,0.15452477952163976,0.12006155855789981,1|price|6855,price,0.12006155855789981
2022-09-12 00:00:00,2022-09-12 00:00:00,2022-09-12 01:00:00,2022-09-13 01:00:00,1,prebreak,ok,0.0,upper_first,0.0,9783,1|2022-07-01,ok,0.15452477952163976,0.10726666067009692,1|price|6860,price,0.10726666067009692
2022-09-13 06:00:00,2022-09-13 06:00:00,2022-09-13 07:00:00,2022-09-14 07:00:00,1,prebreak,ok,1.0,lower_first,6.0,9788,1|2022-07-01,ok,0.15452477952163976,0.11523076493863495,1|price|6865,price,0.11523076493863495
2022-09-16 00:00:00,2022-09-16 00:00:00,2022-09-16 01:00:00,2022-09-17 01:00:00,1,prebreak,ok,0.0,neither,,9799,1|2022-07-01,ok,0.15452477952163976,0.1735148878289982,1|price|6876,price,0.1735148878289982
2022-09-17 18:00:00,2022-09-17 18:00:00,2022-09-17 19:00:00,2022-09-18 19:00:00,1,prebreak,ok,0.0,neither,,9806,1|2022-07-01,ok,0.15452477952163976,0.1150162546436048,1|price|6883,price,0.1150162546436048
2022-09-19 00:00:00,2022-09-19 00:00:00,2022-09-19 01:00:00,2022-09-20 01:00:00,1,prebreak,ok,1.0,lower_first,4.0,9811,1|2022-07-01,ok,0.15452477952163976,0.10458558001009144,1|price|6888,price,0.10458558001009144
2022-09-20 06:00:00,2022-09-20 06:00:00,2022-09-20 07:00:00,2022-09-21 07:00:00,1,prebreak,ok,0.0,neither,,9816,1|2022-07-01,ok,0.15452477952163976,0.15273376883461157,1|price|6893,price,0.15273376883461157
2022-09-21 12:00:00,2022-09-21 12:00:00,2022-09-21 13:00:00,2022-09-22 13:00:00,1,prebreak,ok,0.0,upper_first,4.0,9821,1|2022-07-01,ok,0.15452477952163976,0.15555996853817636,1|price|6898,price,0.15555996853817636
2022-09-22 18:00:00,2022-09-22 18:00:00,2022-09-22 19:00:00,2022-09-23 19:00:00,1,prebreak,ok,0.0,neither,,9826,1|2022-07-01,ok,0.15452477952163976,0.16593054425482576,1|price|6903,price,0.16593054425482576
2022-09-24 00:00:00,2022-09-24 00:00:00,2022-09-24 01:00:00,2022-09-25 01:00:00,1,prebreak,ok,0.0,neither,,9831,1|2022-07-01,ok,0.15452477952163976,0.16029849355129422,1|price|6908,price,0.16029849355129422
2022-09-25 06:00:00,2022-09-25 06:00:00,2022-09-25 07:00:00,2022-09-26 07:00:00,1,prebreak,ok,0.0,neither,,9836,1|2022-07-01,ok,0.15452477952163976,0.12138947936136847,1|price|6913,price,0.12138947936136847
2022-09-26 12:00:00,2022-09-26 12:00:00,2022-09-26 13:00:00,2022-09-27 13:00:00,1,prebreak,ok,0.0,upper_first,12.0,9841,1|2022-07-01,ok,0.15452477952163976,0.12499830569892624,1|price|6918,price,0.12499830569892624
2022-09-27 18:00:00,2022-09-27 18:00:00,2022-09-27 19:00:00,2022-09-28 19:00:00,1,prebreak,ok,0.0,neither,,9846,1|2022-07-01,ok,0.15452477952163976,0.18585980806798882,1|price|6923,price,0.18585980806798882
2022-09-29 00:00:00,2022-09-29 00:00:00,2022-09-29 01:00:00,2022-09-30 01:00:00,1,prebreak,ok,0.0,neither,,9851,1|2022-07-01,ok,0.15452477952163976,0.17154212443946731,1|price|6928,price,0.17154212443946731
2022-09-30 06:00:00,2022-09-30 06:00:00,2022-09-30 07:00:00,2022-10-01 07:00:00,1,prebreak,ok,0.0,upper_first,7.0,9856,1|2022-07-01,ok,0.15452477952163976,0.15828001200307384,1|price|6933,price,0.15828001200307384
2022-10-01 12:00:00,2022-10-01 12:00:00,2022-10-01 13:00:00,2022-10-02 13:00:00,1,prebreak,ok,0.0,neither,,9861,1|2022-10-01,ok,0.14672205017373469,0.13523245485009727,1|price|6938,price,0.13523245485009727
2022-10-02 18:00:00,2022-10-02 18:00:00,2022-10-02 19:00:00,2022-10-03 19:00:00,1,prebreak,ok,0.0,neither,,9866,1|2022-10-01,ok,0.14672205017373469,0.11390629280803798,1|price|6943,price,0.11390629280803798
2022-10-14 18:00:00,2022-10-14 18:00:00,2022-10-14 19:00:00,2022-10-15 19:00:00,1,prebreak,ok,0.0,neither,,9914,1|2022-10-01,ok,0.14672205017373469,0.1291752873663111,1|price|6991,price,0.1291752873663111
2022-10-16 00:00:00,2022-10-16 00:00:00,2022-10-16 01:00:00,2022-10-17 01:00:00,1,prebreak,ok,0.0,neither,,9919,1|2022-10-01,ok,0.14672205017373469,0.13151400888673856,1|price|6996,price,0.13151400888673856
2022-10-28 00:00:00,2022-10-28 00:00:00,2022-10-28 01:00:00,2022-10-29 01:00:00,1,prebreak,ok,0.0,neither,,9967,1|2022-10-01,ok,0.14672205017373469,0.10141790542673362,1|price|7044,price,0.10141790542673362
2022-10-29 06:00:00,2022-10-29 06:00:00,2022-10-29 07:00:00,2022-10-30 07:00:00,1,prebreak,ok,0.0,neither,,9972,1|2022-10-01,ok,0.14672205017373469,0.10775232882964625,1|price|7049,price,0.10775232882964625
2022-11-04 18:00:00,2022-11-04 18:00:00,2022-11-04 19:00:00,2022-11-05 19:00:00,1,prebreak,ok,0.0,neither,,9998,1|2022-10-01,ok,0.14672205017373469,0.10163485345109646,1|price|7075,price,0.10163485345109646
2022-11-06 00:00:00,2022-11-06 00:00:00,2022-11-06 01:00:00,2022-11-07 01:00:00,1,prebreak,ok,0.0,neither,,10003,1|2022-10-01,ok,0.14672205017373469,0.10373647517139152,1|price|7080,price,0.10373647517139152
2022-11-07 06:00:00,2022-11-07 06:00:00,2022-11-07 07:00:00,2022-11-08 07:00:00,1,prebreak,ok,1.0,lower_first,21.0,10008,1|2022-10-01,ok,0.14672205017373469,0.11102165053994832,1|price|7085,price,0.11102165053994832
2022-11-11 00:00:00,2022-11-11 00:00:00,2022-11-11 01:00:00,2022-11-12 01:00:00,1,prebreak,ok,1.0,lower_first,13.0,10023,1|2022-10-01,ok,0.14672205017373469,0.2731812775905856,1|price|7100,price,0.2731812775905856
2022-11-12 06:00:00,2022-11-12 06:00:00,2022-11-12 07:00:00,2022-11-13 07:00:00,1,prebreak,ok,0.0,neither,,10028,1|2022-10-01,ok,0.14672205017373469,0.2405833290543931,1|price|7105,price,0.2405833290543931
2022-11-13 12:00:00,2022-11-13 12:00:00,2022-11-13 13:00:00,2022-11-14 13:00:00,1,prebreak,ok,0.0,neither,,10033,1|2022-10-01,ok,0.14672205017373469,0.21044892047208352,1|price|7110,price,0.21044892047208352
2022-11-15 06:00:00,2022-11-15 06:00:00,2022-11-15 07:00:00,2022-11-16 07:00:00,1,prebreak,ok,0.0,neither,,10040,1|2022-10-01,ok,0.14672205017373469,0.1599308674799987,1|price|7117,price,0.1599308674799987
2022-11-16 12:00:00,2022-11-16 12:00:00,2022-11-16 13:00:00,2022-11-17 13:00:00,1,prebreak,ok,0.0,neither,,10045,1|2022-10-01,ok,0.14672205017373469,0.15993398590259497,1|price|7122,price,0.15993398590259497
2022-11-17 18:00:00,2022-11-17 18:00:00,2022-11-17 19:00:00,2022-11-18 19:00:00,1,prebreak,ok,0.0,neither,,10050,1|2022-10-01,ok,0.14672205017373469,0.11788740603313076,1|price|7127,price,0.11788740603313076
2022-11-23 00:00:00,2022-11-23 00:00:00,2022-11-23 01:00:00,2022-11-24 01:00:00,1,prebreak,ok,0.0,upper_first,9.0,10071,1|2022-10-01,ok,0.14672205017373469,0.11209205982110215,1|price|7148,price,0.11209205982110215
2022-11-24 06:00:00,2022-11-24 06:00:00,2022-11-24 07:00:00,2022-11-25 07:00:00,1,prebreak,ok,0.0,neither,,10076,1|2022-10-01,ok,0.14672205017373469,0.11458537987755157,1|price|7153,price,0.11458537987755157
2022-11-30 12:00:00,2022-11-30 12:00:00,2022-11-30 13:00:00,2022-12-01 13:00:00,1,prebreak,ok,0.0,neither,,10101,1|2022-10-01,ok,0.14672205017373469,0.10053010370599086,1|price|7178,price,0.10053010370599086
2022-12-15 00:00:00,2022-12-15 00:00:00,2022-12-15 01:00:00,2022-12-16 01:00:00,1,prebreak,ok,0.0,neither,,10159,1|2022-10-01,ok,0.14672205017373469,0.1127684986462146,1|price|7236,price,0.1127684986462146
2022-12-16 06:00:00,2022-12-16 06:00:00,2022-12-16 07:00:00,2022-12-17 07:00:00,1,prebreak,ok,1.0,lower_first,16.0,10164,1|2022-10-01,ok,0.14672205017373469,0.12235757630199284,1|price|7241,price,0.12235757630199284
2023-01-13 00:00:00,2023-01-13 00:00:00,2023-01-13 01:00:00,2023-01-14 01:00:00,1,prebreak,ok,0.0,upper_first,16.0,10275,1|2023-01-01,ok,0.12772451844724853,0.12492109225408606,1|price|7352,price,0.12492109225408606
2023-01-14 06:00:00,2023-01-14 06:00:00,2023-01-14 07:00:00,2023-01-15 07:00:00,1,prebreak,ok,0.0,neither,,10280,1|2023-01-01,ok,0.12772451844724853,0.14236937069965222,1|price|7357,price,0.14236937069965222
2023-01-15 12:00:00,2023-01-15 12:00:00,2023-01-15 13:00:00,2023-01-16 13:00:00,1,prebreak,ok,0.0,upper_first,12.0,10285,1|2023-01-01,ok,0.12772451844724853,0.15681701360454398,1|price|7362,price,0.15681701360454398
2023-01-16 18:00:00,2023-01-16 18:00:00,2023-01-16 19:00:00,2023-01-17 19:00:00,1,prebreak,ok,0.0,neither,,10290,1|2023-01-01,ok,0.12772451844724853,0.14544979819684728,1|price|7367,price,0.14544979819684728
2023-01-18 00:00:00,2023-01-18 00:00:00,2023-01-18 01:00:00,2023-01-19 01:00:00,1,prebreak,ok,0.0,neither,,10295,1|2023-01-01,ok,0.12772451844724853,0.10362389947027145,1|price|7372,price,0.10362389947027145
2023-01-19 06:00:00,2023-01-19 06:00:00,2023-01-19 07:00:00,2023-01-20 07:00:00,1,prebreak,ok,0.0,neither,,10300,1|2023-01-01,ok,0.12772451844724853,0.10152758428933449,1|price|7377,price,0.10152758428933449
2023-01-21 00:00:00,2023-01-21 00:00:00,2023-01-21 01:00:00,2023-01-22 01:00:00,1,prebreak,ok,0.0,upper_first,9.0,10307,1|2023-01-01,ok,0.12772451844724853,0.10522484641514653,1|price|7384,price,0.10522484641514653
2023-01-22 06:00:00,2023-01-22 06:00:00,2023-01-22 07:00:00,2023-01-23 07:00:00,1,prebreak,ok,0.0,neither,,10312,1|2023-01-01,ok,0.12772451844724853,0.12060067670516907,1|price|7389,price,0.12060067670516907
2023-01-23 12:00:00,2023-01-23 12:00:00,2023-01-23 13:00:00,2023-01-24 13:00:00,1,prebreak,ok,0.0,neither,,10317,1|2023-01-01,ok,0.12772451844724853,0.12766236307074488,1|price|7394,price,0.12766236307074488
2023-01-24 18:00:00,2023-01-24 18:00:00,2023-01-24 19:00:00,2023-01-25 19:00:00,1,prebreak,ok,0.0,neither,,10322,1|2023-01-01,ok,0.12772451844724853,0.1091362891265971,1|price|7399,price,0.1091362891265971
2023-01-26 00:00:00,2023-01-26 00:00:00,2023-01-26 01:00:00,2023-01-27 01:00:00,1,prebreak,ok,0.0,neither,,10327,1|2023-01-01,ok,0.12772451844724853,0.1308019647671798,1|price|7404,price,0.1308019647671798
2023-01-27 06:00:00,2023-01-27 06:00:00,2023-01-27 07:00:00,2023-01-28 07:00:00,1,prebreak,ok,0.0,neither,,10332,1|2023-01-01,ok,0.12772451844724853,0.12345998462139612,1|price|7409,price,0.12345998462139612
2023-01-28 12:00:00,2023-01-28 12:00:00,2023-01-28 13:00:00,2023-01-29 13:00:00,1,prebreak,ok,0.0,neither,,10337,1|2023-01-01,ok,0.12772451844724853,0.13614555739904435,1|price|7414,price,0.13614555739904435
2023-01-30 12:00:00,2023-01-30 12:00:00,2023-01-30 13:00:00,2023-01-31 13:00:00,1,prebreak,ok,0.0,neither,,10345,1|2023-01-01,ok,0.12772451844724853,0.1090286635186204,1|price|7422,price,0.1090286635186204
2023-02-01 00:00:00,2023-02-01 00:00:00,2023-02-01 01:00:00,2023-02-02 01:00:00,1,prebreak,ok,0.0,upper_first,20.0,10351,1|2023-01-01,ok,0.12772451844724853,0.11621351486895656,1|price|7428,price,0.11621351486895656
2023-02-02 06:00:00,2023-02-02 06:00:00,2023-02-02 07:00:00,2023-02-03 07:00:00,1,prebreak,ok,0.0,neither,,10356,1|2023-01-01,ok,0.12772451844724853,0.11718962620787135,1|price|7433,price,0.11718962620787135
2023-02-03 12:00:00,2023-02-03 12:00:00,2023-02-03 13:00:00,2023-02-04 13:00:00,1,prebreak,ok,0.0,neither,,10361,1|2023-01-01,ok,0.12772451844724853,0.11088398219749221,1|price|7438,price,0.11088398219749221
2023-02-04 18:00:00,2023-02-04 18:00:00,2023-02-04 19:00:00,2023-02-05 19:00:00,1,prebreak,ok,0.0,neither,,10366,1|2023-01-01,ok,0.12772451844724853,0.11382405831538647,1|price|7443,price,0.11382405831538647
2023-02-08 18:00:00,2023-02-08 18:00:00,2023-02-08 19:00:00,2023-02-09 19:00:00,1,prebreak,ok,0.0,neither,,10382,1|2023-01-01,ok,0.12772451844724853,0.10046474042425625,1|price|7459,price,0.10046474042425625
2023-02-11 00:00:00,2023-02-11 00:00:00,2023-02-11 01:00:00,2023-02-12 01:00:00,1,prebreak,ok,0.0,neither,,10391,1|2023-01-01,ok,0.12772451844724853,0.10535727482627182,1|price|7468,price,0.10535727482627182
2023-02-16 00:00:00,2023-02-16 00:00:00,2023-02-16 01:00:00,2023-02-17 01:00:00,1,prebreak,ok,1.0,lower_first,23.0,10411,1|2023-01-01,ok,0.12772451844724853,0.10115935383355976,1|price|7488,price,0.10115935383355976
2023-02-17 06:00:00,2023-02-17 06:00:00,2023-02-17 07:00:00,2023-02-18 07:00:00,1,prebreak,ok,0.0,upper_first,10.0,10416,1|2023-01-01,ok,0.12772451844724853,0.1427015459047041,1|price|7493,price,0.1427015459047041
2023-02-18 12:00:00,2023-02-18 12:00:00,2023-02-18 13:00:00,2023-02-19 13:00:00,1,prebreak,ok,0.0,neither,,10421,1|2023-01-01,ok,0.12772451844724853,0.15205200475967867,1|price|7498,price,0.15205200475967867
2023-02-19 18:00:00,2023-02-19 18:00:00,2023-02-19 19:00:00,2023-02-20 19:00:00,1,prebreak,ok,0.0,neither,,10426,1|2023-01-01,ok,0.12772451844724853,0.13758166996126367,1|price|7503,price,0.13758166996126367
2023-02-21 12:00:00,2023-02-21 12:00:00,2023-02-21 13:00:00,2023-02-22 13:00:00,1,prebreak,ok,0.0,neither,,10433,1|2023-01-01,ok,0.12772451844724853,0.10110586123971811,1|price|7510,price,0.10110586123971811
2023-02-23 18:00:00,2023-02-23 18:00:00,2023-02-23 19:00:00,2023-02-24 19:00:00,1,prebreak,ok,0.0,neither,,10442,1|2023-01-01,ok,0.12772451844724853,0.11917381896581061,1|price|7519,price,0.11917381896581061
2023-02-25 18:00:00,2023-02-25 18:00:00,2023-02-25 19:00:00,2023-02-26 19:00:00,1,prebreak,ok,0.0,neither,,10450,1|2023-01-01,ok,0.12772451844724853,0.1065411271738062,1|price|7527,price,0.1065411271738062
2023-03-02 06:00:00,2023-03-02 06:00:00,2023-03-02 07:00:00,2023-03-03 07:00:00,1,prebreak,ok,1.0,lower_first,18.0,10468,1|2023-01-01,ok,0.12772451844724853,0.10293623758122761,1|price|7545,price,0.10293623758122761
2023-03-04 06:00:00,2023-03-04 06:00:00,2023-03-04 07:00:00,2023-03-05 07:00:00,1,prebreak,ok,,censored,,10476,1|2023-01-01,ok,0.12772451844724853,0.15009215714577748,1|price|7553,price,0.15009215714577748
2023-04-04 00:00:00,2023-04-04 00:00:00,2023-04-04 01:00:00,2023-04-05 01:00:00,1,prebreak,ok,0.0,upper_first,23.0,10599,1|2023-04-01,ok,0.11912698326074374,0.10126369809878215,1|price|7676,price,0.10126369809878215
2023-04-05 06:00:00,2023-04-05 06:00:00,2023-04-05 07:00:00,2023-04-06 07:00:00,1,prebreak,ok,0.0,neither,,10604,1|2023-04-01,ok,0.11912698326074374,0.10152119716366433,1|price|7681,price,0.10152119716366433
2023-04-19 12:00:00,2023-04-19 12:00:00,2023-04-19 13:00:00,2023-04-20 13:00:00,1,prebreak,ok,0.0,neither,,10661,1|2023-04-01,ok,0.11912698326074374,0.11327848735405026,1|price|7738,price,0.11327848735405026
2023-04-23 00:00:00,2023-04-23 00:00:00,2023-04-23 01:00:00,2023-04-24 01:00:00,1,prebreak,ok,0.0,neither,,10675,1|2023-04-01,ok,0.11912698326074374,0.10031193577807694,1|price|7752,price,0.10031193577807694
2023-04-26 18:00:00,2023-04-26 18:00:00,2023-04-26 19:00:00,2023-04-27 19:00:00,1,prebreak,ok,1.0,lower_first,0.0,10690,1|2023-04-01,ok,0.11912698326074374,0.1135020101631407,1|price|7767,price,0.1135020101631407
2023-04-28 00:00:00,2023-04-28 00:00:00,2023-04-28 01:00:00,2023-04-29 01:00:00,1,prebreak,ok,0.0,neither,,10695,1|2023-04-01,ok,0.11912698326074374,0.19081652120070836,1|price|7772,price,0.19081652120070836
2023-04-29 06:00:00,2023-04-29 06:00:00,2023-04-29 07:00:00,2023-04-30 07:00:00,1,prebreak,ok,0.0,neither,,10700,1|2023-04-01,ok,0.11912698326074374,0.18633754948877823,1|price|7777,price,0.18633754948877823
2023-05-03 00:00:00,2023-05-03 00:00:00,2023-05-03 01:00:00,2023-05-04 01:00:00,1,prebreak,ok,0.0,neither,,10715,1|2023-04-01,ok,0.11912698326074374,0.11415613940192501,1|price|7792,price,0.11415613940192501
2023-05-08 00:00:00,2023-05-08 00:00:00,2023-05-08 01:00:00,2023-05-09 01:00:00,1,prebreak,ok,0.0,neither,,10735,1|2023-04-01,ok,0.11912698326074374,0.10163756360391034,1|price|7812,price,0.10163756360391034
2023-05-10 18:00:00,2023-05-10 18:00:00,2023-05-10 19:00:00,2023-05-11 19:00:00,1,prebreak,ok,0.0,neither,,10746,1|2023-04-01,ok,0.11912698326074374,0.13967866378291494,1|price|7823,price,0.13967866378291494
2023-05-12 00:00:00,2023-05-12 00:00:00,2023-05-12 01:00:00,2023-05-13 01:00:00,1,prebreak,ok,0.0,neither,,10751,1|2023-04-01,ok,0.11912698326074374,0.10705484755170526,1|price|7828,price,0.10705484755170526
2023-05-13 06:00:00,2023-05-13 06:00:00,2023-05-13 07:00:00,2023-05-14 07:00:00,1,prebreak,ok,0.0,neither,,10756,1|2023-04-01,ok,0.11912698326074374,0.11641486366259138,1|price|7833,price,0.11641486366259138
2023-06-07 00:00:00,2023-06-07 00:00:00,2023-06-07 01:00:00,2023-06-08 01:00:00,1,prebreak,ok,0.0,neither,,10855,1|2023-04-01,ok,0.11912698326074374,0.10485227296547568,1|price|7932,price,0.10485227296547568
2023-06-08 06:00:00,2023-06-08 06:00:00,2023-06-08 07:00:00,2023-06-09 07:00:00,1,prebreak,ok,0.0,neither,,10860,1|2023-04-01,ok,0.11912698326074374,0.12319152177574702,1|price|7937,price,0.12319152177574702
2023-06-09 12:00:00,2023-06-09 12:00:00,2023-06-09 13:00:00,2023-06-10 13:00:00,1,prebreak,ok,0.0,neither,,10865,1|2023-04-01,ok,0.11912698326074374,0.1029250221873028,1|price|7942,price,0.1029250221873028
2023-06-11 06:00:00,2023-06-11 06:00:00,2023-06-11 07:00:00,2023-06-12 07:00:00,1,prebreak,ok,0.0,neither,,10872,1|2023-04-01,ok,0.11912698326074374,0.10692902697159731,1|price|7949,price,0.10692902697159731
2023-06-12 12:00:00,2023-06-12 12:00:00,2023-06-12 13:00:00,2023-06-13 13:00:00,1,prebreak,ok,0.0,neither,,10877,1|2023-04-01,ok,0.11912698326074374,0.10148037063247864,1|price|7954,price,0.10148037063247864
2023-06-16 00:00:00,2023-06-16 00:00:00,2023-06-16 01:00:00,2023-06-17 01:00:00,1,prebreak,ok,0.0,upper_first,16.0,10891,1|2023-04-01,ok,0.11912698326074374,0.11118956180726193,1|price|7968,price,0.11118956180726193
2023-06-17 06:00:00,2023-06-17 06:00:00,2023-06-17 07:00:00,2023-06-18 07:00:00,1,prebreak,ok,0.0,neither,,10896,1|2023-04-01,ok,0.11912698326074374,0.10531608640238167,1|price|7973,price,0.10531608640238167
2023-06-23 00:00:00,2023-06-23 00:00:00,2023-06-23 01:00:00,2023-06-24 01:00:00,1,prebreak,ok,0.0,upper_first,14.0,10919,1|2023-04-01,ok,0.11912698326074374,0.10168268340810564,1|price|7996,price,0.10168268340810564
2023-06-24 06:00:00,2023-06-24 06:00:00,2023-06-24 07:00:00,2023-06-25 07:00:00,1,prebreak,ok,0.0,neither,,10924,1|2023-04-01,ok,0.11912698326074374,0.12248423756321768,1|price|8001,price,0.12248423756321768
2023-06-25 12:00:00,2023-06-25 12:00:00,2023-06-25 13:00:00,2023-06-26 13:00:00,1,prebreak,ok,0.0,neither,,10929,1|2023-04-01,ok,0.11912698326074374,0.1148690446537209,1|price|8006,price,0.1148690446537209
2023-07-01 00:00:00,2023-07-01 00:00:00,2023-07-01 01:00:00,2023-07-02 01:00:00,1,prebreak,ok,0.0,neither,,10951,1|2023-07-01,ok,0.10468652156680537,0.10094149155641755,1|price|8028,price,0.10094149155641755
2023-07-07 00:00:00,2023-07-07 00:00:00,2023-07-07 01:00:00,2023-07-08 01:00:00,1,prebreak,ok,0.0,neither,,10975,1|2023-07-01,ok,0.10468652156680537,0.10434378949305798,1|price|8052,price,0.10434378949305798
2023-07-14 18:00:00,2023-07-14 18:00:00,2023-07-14 19:00:00,2023-07-15 19:00:00,1,prebreak,ok,0.0,neither,,11006,1|2023-07-01,ok,0.10468652156680537,0.10611309765549805,1|price|8083,price,0.10611309765549805
2023-07-16 00:00:00,2023-07-16 00:00:00,2023-07-16 01:00:00,2023-07-17 01:00:00,1,prebreak,ok,0.0,neither,,11011,1|2023-07-01,ok,0.10468652156680537,0.10295224443611847,1|price|8088,price,0.10295224443611847
2023-08-19 00:00:00,2023-08-19 00:00:00,2023-08-19 01:00:00,2023-08-20 01:00:00,1,prebreak,ok,0.0,neither,,11147,1|2023-07-01,ok,0.10468652156680537,0.11804767272097773,1|price|8224,price,0.11804767272097773
2023-08-20 06:00:00,2023-08-20 06:00:00,2023-08-20 07:00:00,2023-08-21 07:00:00,1,prebreak,ok,0.0,neither,,11152,1|2023-07-01,ok,0.10468652156680537,0.12543875461721712,1|price|8229,price,0.12543875461721712
2023-08-29 18:00:00,2023-08-29 18:00:00,2023-08-29 19:00:00,2023-08-30 19:00:00,1,prebreak,ok,0.0,neither,,11190,1|2023-07-01,ok,0.10468652156680537,0.1312158833309627,1|price|8267,price,0.1312158833309627
2023-08-31 00:00:00,2023-08-31 00:00:00,2023-08-31 01:00:00,2023-09-01 01:00:00,1,prebreak,ok,1.0,lower_first,20.0,11195,1|2023-07-01,ok,0.10468652156680537,0.1361290717011104,1|price|8272,price,0.1361290717011104
2023-09-01 06:00:00,2023-09-01 06:00:00,2023-09-01 07:00:00,2023-09-02 07:00:00,1,prebreak,ok,0.0,neither,,11200,1|2023-07-01,ok,0.10468652156680537,0.15331571352868645,1|price|8277,price,0.15331571352868645
2023-09-12 18:00:00,2023-09-12 18:00:00,2023-09-12 19:00:00,2023-09-13 19:00:00,1,prebreak,ok,0.0,neither,,11246,1|2023-07-01,ok,0.10468652156680537,0.1041183061079616,1|price|8323,price,0.1041183061079616
2023-09-14 06:00:00,2023-09-14 06:00:00,2023-09-14 07:00:00,2023-09-15 07:00:00,1,prebreak,ok,0.0,neither,,11252,1|2023-07-01,ok,0.10468652156680537,0.10536449252472496,1|price|8329,price,0.10536449252472496
2023-10-03 00:00:00,2023-10-03 00:00:00,2023-10-03 01:00:00,2023-10-04 01:00:00,1,prebreak,ok,0.0,neither,,11327,1|2023-10-01,ok,0.08790752449978657,0.1031468300047734,1|price|8404,price,0.1031468300047734
2023-10-04 06:00:00,2023-10-04 06:00:00,2023-10-04 07:00:00,2023-10-05 07:00:00,1,prebreak,ok,0.0,neither,,11332,1|2023-10-01,ok,0.08790752449978657,0.1050378820103685,1|price|8409,price,0.1050378820103685
2023-10-24 00:00:00,2023-10-24 00:00:00,2023-10-24 01:00:00,2023-10-25 01:00:00,1,prebreak,ok,0.0,upper_first,1.0,11411,1|2023-10-01,ok,0.08790752449978657,0.13947559415245026,1|price|8488,price,0.13947559415245026
2023-10-25 06:00:00,2023-10-25 06:00:00,2023-10-25 07:00:00,2023-10-26 07:00:00,1,prebreak,ok,0.0,neither,,11416,1|2023-10-01,ok,0.08790752449978657,0.15322725035554996,1|price|8493,price,0.15322725035554996
2023-10-26 12:00:00,2023-10-26 12:00:00,2023-10-26 13:00:00,2023-10-27 13:00:00,1,prebreak,ok,0.0,neither,,11421,1|2023-10-01,ok,0.08790752449978657,0.15986629005045047,1|price|8498,price,0.15986629005045047
2023-10-27 18:00:00,2023-10-27 18:00:00,2023-10-27 19:00:00,2023-10-28 19:00:00,1,prebreak,ok,0.0,neither,,11426,1|2023-10-01,ok,0.08790752449978657,0.10877671798518301,1|price|8503,price,0.10877671798518301
2023-11-02 06:00:00,2023-11-02 06:00:00,2023-11-02 07:00:00,2023-11-03 07:00:00,1,prebreak,ok,0.0,neither,,11448,1|2023-10-01,ok,0.08790752449978657,0.10872861531556262,1|price|8525,price,0.10872861531556262
2023-11-03 12:00:00,2023-11-03 12:00:00,2023-11-03 13:00:00,2023-11-04 13:00:00,1,prebreak,ok,0.0,neither,,11453,1|2023-10-01,ok,0.08790752449978657,0.10890942819215871,1|price|8530,price,0.10890942819215871
2023-11-04 18:00:00,2023-11-04 18:00:00,2023-11-04 19:00:00,2023-11-05 19:00:00,1,prebreak,ok,0.0,neither,,11458,1|2023-10-01,ok,0.08790752449978657,0.10215708091947487,1|price|8535,price,0.10215708091947487
2023-11-09 18:00:00,2023-11-09 18:00:00,2023-11-09 19:00:00,2023-11-10 19:00:00,1,prebreak,ok,0.0,upper_first,21.0,11478,1|2023-10-01,ok,0.08790752449978657,0.12255665060414046,1|price|8555,price,0.12255665060414046
2023-11-11 00:00:00,2023-11-11 00:00:00,2023-11-11 01:00:00,2023-11-12 01:00:00,1,prebreak,ok,0.0,neither,,11483,1|2023-10-01,ok,0.08790752449978657,0.11710164267156106,1|price|8560,price,0.11710164267156106
2023-11-12 06:00:00,2023-11-12 06:00:00,2023-11-12 07:00:00,2023-11-13 07:00:00,1,prebreak,ok,0.0,neither,,11488,1|2023-10-01,ok,0.08790752449978657,0.11089990019353302,1|price|8565,price,0.11089990019353302
2023-11-16 00:00:00,2023-11-16 00:00:00,2023-11-16 01:00:00,2023-11-17 01:00:00,1,prebreak,ok,1.0,lower_first,18.0,11503,1|2023-10-01,ok,0.08790752449978657,0.10352472834810701,1|price|8580,price,0.10352472834810701
2023-11-17 06:00:00,2023-11-17 06:00:00,2023-11-17 07:00:00,2023-11-18 07:00:00,1,prebreak,ok,0.0,neither,,11508,1|2023-10-01,ok,0.08790752449978657,0.11574490387476281,1|price|8585,price,0.11574490387476281
2023-11-18 12:00:00,2023-11-18 12:00:00,2023-11-18 13:00:00,2023-11-19 13:00:00,1,prebreak,ok,0.0,neither,,11513,1|2023-10-01,ok,0.08790752449978657,0.11073797068552643,1|price|8590,price,0.11073797068552643
2023-11-23 00:00:00,2023-11-23 00:00:00,2023-11-23 01:00:00,2023-11-24 01:00:00,1,prebreak,ok,0.0,neither,,11531,1|2023-10-01,ok,0.08790752449978657,0.10894294317704178,1|price|8608,price,0.10894294317704178
2023-12-06 12:00:00,2023-12-06 12:00:00,2023-12-06 13:00:00,2023-12-07 13:00:00,1,prebreak,ok,0.0,neither,,11585,1|2023-10-01,ok,0.08790752449978657,0.10320970269840152,1|price|8662,price,0.10320970269840152
2023-12-12 12:00:00,2023-12-12 12:00:00,2023-12-12 13:00:00,2023-12-13 13:00:00,1,prebreak,ok,0.0,neither,,11609,1|2023-10-01,ok,0.08790752449978657,0.10746513235874731,1|price|8686,price,0.10746513235874731
2023-12-13 18:00:00,2023-12-13 18:00:00,2023-12-13 19:00:00,2023-12-14 19:00:00,1,prebreak,ok,0.0,upper_first,3.0,11614,1|2023-10-01,ok,0.08790752449978657,0.12360755400990822,1|price|8691,price,0.12360755400990822
2023-12-15 00:00:00,2023-12-15 00:00:00,2023-12-15 01:00:00,2023-12-16 01:00:00,1,prebreak,ok,0.0,neither,,11619,1|2023-10-01,ok,0.08790752449978657,0.11306927907408373,1|price|8696,price,0.11306927907408373
2023-12-19 12:00:00,2023-12-19 12:00:00,2023-12-19 13:00:00,2023-12-20 13:00:00,1,prebreak,ok,0.0,neither,,11637,1|2023-10-01,ok,0.08790752449978657,0.10006275721306089,1|price|8714,price,0.10006275721306089
2023-12-20 18:00:00,2023-12-20 18:00:00,2023-12-20 19:00:00,2023-12-21 19:00:00,1,prebreak,ok,0.0,neither,,11642,1|2023-10-01,ok,0.08790752449978657,0.1047325303004137,1|price|8719,price,0.1047325303004137
2023-12-22 00:00:00,2023-12-22 00:00:00,2023-12-22 01:00:00,2023-12-23 01:00:00,1,prebreak,ok,0.0,neither,,11647,1|2023-10-01,ok,0.08790752449978657,0.10834764641843968,1|price|8724,price,0.10834764641843968
2023-12-23 12:00:00,2023-12-23 12:00:00,2023-12-23 13:00:00,2023-12-24 13:00:00,1,prebreak,ok,0.0,neither,,11653,1|2023-10-01,ok,0.08790752449978657,0.1017536981202484,1|price|8730,price,0.1017536981202484
2023-12-29 18:00:00,2023-12-29 18:00:00,2023-12-29 19:00:00,2023-12-30 19:00:00,1,prebreak,ok,0.0,neither,,11678,1|2023-10-01,ok,0.08790752449978657,0.10269635712141559,1|price|8755,price,0.10269635712141559
2024-01-02 18:00:00,2024-01-02 18:00:00,2024-01-02 19:00:00,2024-01-03 19:00:00,1,prebreak,ok,1.0,lower_first,17.0,11694,1|2024-01-01,ok,0.07550197446191431,0.10160060565364089,1|price|8771,price,0.10160060565364089
2024-01-04 00:00:00,2024-01-04 00:00:00,2024-01-04 01:00:00,2024-01-05 01:00:00,1,prebreak,ok,0.0,upper_first,14.0,11699,1|2024-01-01,ok,0.07550197446191431,0.12654416710290659,1|price|8776,price,0.12654416710290659
2024-01-05 06:00:00,2024-01-05 06:00:00,2024-01-05 07:00:00,2024-01-06 07:00:00,1,prebreak,ok,0.0,neither,,11704,1|2024-01-01,ok,0.07550197446191431,0.12560562949511092,1|price|8781,price,0.12560562949511092
2024-01-06 12:00:00,2024-01-06 12:00:00,2024-01-06 13:00:00,2024-01-07 13:00:00,1,prebreak,ok,0.0,neither,,11709,1|2024-01-01,ok,0.07550197446191431,0.1291763220053187,1|price|8786,price,0.1291763220053187
2024-01-09 00:00:00,2024-01-09 00:00:00,2024-01-09 01:00:00,2024-01-10 01:00:00,1,prebreak,ok,0.0,neither,,11719,1|2024-01-01,ok,0.07550197446191431,0.10123118260945833,1|price|8796,price,0.10123118260945833
2024-01-10 06:00:00,2024-01-10 06:00:00,2024-01-10 07:00:00,2024-01-11 07:00:00,1,prebreak,ok,0.0,upper_first,16.0,11724,1|2024-01-01,ok,0.07550197446191431,0.12656210422969755,1|price|8801,price,0.12656210422969755
2024-01-11 12:00:00,2024-01-11 12:00:00,2024-01-11 13:00:00,2024-01-12 13:00:00,1,prebreak,ok,0.0,upper_first,1.0,11729,1|2024-01-01,ok,0.07550197446191431,0.1522471939163395,1|price|8806,price,0.1522471939163395
2024-01-14 00:00:00,2024-01-14 00:00:00,2024-01-14 01:00:00,2024-01-15 01:00:00,1,prebreak,ok,0.0,neither,,11739,1|2024-01-01,ok,0.07550197446191431,0.15581703692157747,1|price|8816,price,0.15581703692157747
2024-01-15 06:00:00,2024-01-15 06:00:00,2024-01-15 07:00:00,2024-01-16 07:00:00,1,prebreak,ok,0.0,neither,,11744,1|2024-01-01,ok,0.07550197446191431,0.1085059478819686,1|price|8821,price,0.1085059478819686
2024-01-20 18:00:00,2024-01-20 18:00:00,2024-01-20 19:00:00,2024-01-21 19:00:00,1,prebreak,ok,0.0,neither,,11766,1|2024-01-01,ok,0.07550197446191431,0.10290876595680719,1|price|8843,price,0.10290876595680719
2024-01-24 12:00:00,2024-01-24 12:00:00,2024-01-24 13:00:00,2024-01-25 13:00:00,1,prebreak,ok,0.0,neither,,11781,1|2024-01-01,ok,0.07550197446191431,0.10642783351138711,1|price|8858,price,0.10642783351138711
2024-01-25 18:00:00,2024-01-25 18:00:00,2024-01-25 19:00:00,2024-01-26 19:00:00,1,prebreak,ok,0.0,upper_first,16.0,11786,1|2024-01-01,ok,0.07550197446191431,0.10337765044261478,1|price|8863,price,0.10337765044261478
2024-01-27 00:00:00,2024-01-27 00:00:00,2024-01-27 01:00:00,2024-01-28 01:00:00,1,prebreak,ok,0.0,neither,,11791,1|2024-01-01,ok,0.07550197446191431,0.102460757339441,1|price|8868,price,0.102460757339441
2024-02-01 12:00:00,2024-02-01 12:00:00,2024-02-01 13:00:00,2024-02-02 13:00:00,1,prebreak,ok,0.0,upper_first,11.0,11813,1|2024-01-01,ok,0.07550197446191431,0.10399560241620469,1|price|8890,price,0.10399560241620469
2024-02-02 18:00:00,2024-02-02 18:00:00,2024-02-02 19:00:00,2024-02-03 19:00:00,1,prebreak,ok,0.0,neither,,11818,1|2024-01-01,ok,0.07550197446191431,0.1004866000869038,1|price|8895,price,0.1004866000869038
2024-02-13 00:00:00,2024-02-13 00:00:00,2024-02-13 01:00:00,2024-02-14 01:00:00,1,prebreak,ok,0.0,neither,,11859,1|2024-01-01,ok,0.07550197446191431,0.10268321216110801,1|price|8936,price,0.10268321216110801
2024-02-14 06:00:00,2024-02-14 06:00:00,2024-02-14 07:00:00,2024-02-15 07:00:00,1,prebreak,ok,0.0,upper_first,2.0,11864,1|2024-01-01,ok,0.07550197446191431,0.1056368133927471,1|price|8941,price,0.1056368133927471
2024-02-15 12:00:00,2024-02-15 12:00:00,2024-02-15 13:00:00,2024-02-16 13:00:00,1,prebreak,ok,0.0,neither,,11869,1|2024-01-01,ok,0.07550197446191431,0.1127972402782606,1|price|8946,price,0.1127972402782606
2024-02-22 12:00:00,2024-02-22 12:00:00,2024-02-22 13:00:00,2024-02-23 13:00:00,1,prebreak,ok,0.0,neither,,11897,1|2024-01-01,ok,0.07550197446191431,0.10172805312210771,1|price|8974,price,0.10172805312210771
2024-02-27 12:00:00,2024-02-27 12:00:00,2024-02-27 13:00:00,2024-02-28 13:00:00,1,prebreak,ok,0.0,upper_first,19.0,11917,1|2024-01-01,ok,0.07550197446191431,0.10437668561457941,1|price|8994,price,0.10437668561457941
2024-02-28 18:00:00,2024-02-28 18:00:00,2024-02-28 19:00:00,2024-02-29 19:00:00,1,prebreak,ok,0.0,upper_first,11.0,11922,1|2024-01-01,ok,0.07550197446191431,0.13328205591486,1|price|8999,price,0.13328205591486
2024-03-01 00:00:00,2024-03-01 00:00:00,2024-03-01 01:00:00,2024-03-02 01:00:00,1,prebreak,ok,0.0,neither,,11927,1|2024-01-01,ok,0.07550197446191431,0.1421391037245422,1|price|9004,price,0.1421391037245422
2024-03-02 06:00:00,2024-03-02 06:00:00,2024-03-02 07:00:00,2024-03-03 07:00:00,1,prebreak,ok,0.0,neither,,11932,1|2024-01-01,ok,0.07550197446191431,0.1492854182590076,1|price|9009,price,0.1492854182590076
2024-03-03 12:00:00,2024-03-03 12:00:00,2024-03-03 13:00:00,2024-03-04 13:00:00,1,prebreak,ok,0.0,upper_first,11.0,11937,1|2024-01-01,ok,0.07550197446191431,0.10138485843323831,1|price|9014,price,0.10138485843323831
2024-03-05 06:00:00,2024-03-05 06:00:00,2024-03-05 07:00:00,2024-03-06 07:00:00,1,prebreak,ok,1.0,lower_first,10.0,11944,1|2024-01-01,ok,0.07550197446191431,0.1120121073767106,1|price|9021,price,0.1120121073767106
2024-03-06 12:00:00,2024-03-06 12:00:00,2024-03-06 13:00:00,2024-03-07 13:00:00,1,prebreak,ok,0.0,neither,,11949,1|2024-01-01,ok,0.07550197446191431,0.16947331763778484,1|price|9026,price,0.16947331763778484
2024-03-07 18:00:00,2024-03-07 18:00:00,2024-03-07 19:00:00,2024-03-08 19:00:00,1,prebreak,ok,0.0,upper_first,20.0,11954,1|2024-01-01,ok,0.07550197446191431,0.17340458147261614,1|price|9031,price,0.17340458147261614
2024-03-09 00:00:00,2024-03-09 00:00:00,2024-03-09 01:00:00,2024-03-10 01:00:00,1,prebreak,ok,0.0,neither,,11959,1|2024-01-01,ok,0.07550197446191431,0.13360709354376102,1|price|9036,price,0.13360709354376102
2024-03-12 00:00:00,2024-03-12 00:00:00,2024-03-12 01:00:00,2024-03-13 01:00:00,1,prebreak,ok,0.0,neither,,11971,1|2024-01-01,ok,0.07550197446191431,0.10054988465414093,1|price|9048,price,0.10054988465414093
2024-03-13 06:00:00,2024-03-13 06:00:00,2024-03-13 07:00:00,2024-03-14 07:00:00,1,prebreak,ok,0.0,neither,,11976,1|2024-01-01,ok,0.07550197446191431,0.10638812578994031,1|price|9053,price,0.10638812578994031
2024-03-14 18:00:00,2024-03-14 18:00:00,2024-03-14 19:00:00,2024-03-15 19:00:00,1,prebreak,ok,0.0,upper_first,5.0,11982,1|2024-01-01,ok,0.07550197446191431,0.10563808695289467,1|price|9059,price,0.10563808695289467
2024-03-16 00:00:00,2024-03-16 00:00:00,2024-03-16 01:00:00,2024-03-17 01:00:00,1,prebreak,ok,1.0,lower_first,20.0,11987,1|2024-01-01,ok,0.07550197446191431,0.15541972761919715,1|price|9064,price,0.15541972761919715
2024-03-18 00:00:00,2024-03-18 00:00:00,2024-03-18 01:00:00,2024-03-19 01:00:00,1,prebreak,ok,0.0,neither,,11995,1|2024-01-01,ok,0.07550197446191431,0.17184674531762387,1|price|9072,price,0.17184674531762387
2024-03-19 06:00:00,2024-03-19 06:00:00,2024-03-19 07:00:00,2024-03-20 07:00:00,1,prebreak,ok,1.0,lower_first,16.0,12000,1|2024-01-01,ok,0.07550197446191431,0.13585198672860677,1|price|9077,price,0.13585198672860677
2024-03-21 00:00:00,2024-03-21 00:00:00,2024-03-21 01:00:00,2024-03-22 01:00:00,1,prebreak,ok,0.0,neither,,12007,1|2024-01-01,ok,0.07550197446191431,0.15933242777775986,1|price|9084,price,0.15933242777775986
2024-03-22 06:00:00,2024-03-22 06:00:00,2024-03-22 07:00:00,2024-03-23 07:00:00,1,prebreak,ok,1.0,lower_first,6.0,12012,1|2024-01-01,ok,0.07550197446191431,0.1539535043233129,1|price|9089,price,0.1539535043233129
2024-03-23 12:00:00,2024-03-23 12:00:00,2024-03-23 13:00:00,2024-03-24 13:00:00,1,prebreak,ok,0.0,neither,,12017,1|2024-01-01,ok,0.07550197446191431,0.1387009031264576,1|price|9094,price,0.1387009031264576
2024-03-24 18:00:00,2024-03-24 18:00:00,2024-03-24 19:00:00,2024-03-25 19:00:00,1,prebreak,ok,0.0,upper_first,18.0,12022,1|2024-01-01,ok,0.07550197446191431,0.12272430729955697,1|price|9099,price,0.12272430729955697
2024-03-26 00:00:00,2024-03-26 00:00:00,2024-03-26 01:00:00,2024-03-27 01:00:00,1,prebreak,ok,0.0,neither,,12027,1|2024-01-01,ok,0.07550197446191431,0.11527777703980786,1|price|9104,price,0.11527777703980786
2024-03-27 12:00:00,2024-03-27 12:00:00,2024-03-27 13:00:00,2024-03-28 13:00:00,1,prebreak,ok,0.0,neither,,12033,1|2024-01-01,ok,0.07550197446191431,0.10206937146833463,1|price|9110,price,0.10206937146833463
2024-03-28 18:00:00,2024-03-28 18:00:00,2024-03-28 19:00:00,2024-03-29 19:00:00,1,prebreak,ok,0.0,neither,,12038,1|2024-01-01,ok,0.07550197446191431,0.10931472400405194,1|price|9115,price,0.10931472400405194
2024-04-03 06:00:00,2024-04-03 06:00:00,2024-04-03 07:00:00,2024-04-04 07:00:00,1,prebreak,ok,0.0,neither,,12060,1|2024-04-01,ok,0.08028221584102974,0.11647631500916902,1|price|9137,price,0.11647631500916902
2024-04-04 12:00:00,2024-04-04 12:00:00,2024-04-04 13:00:00,2024-04-05 13:00:00,1,prebreak,ok,0.0,upper_first,4.0,12065,1|2024-04-01,ok,0.08028221584102974,0.11945869813181362,1|price|9142,price,0.11945869813181362
2024-04-06 12:00:00,2024-04-06 12:00:00,2024-04-06 13:00:00,2024-04-07 13:00:00,1,prebreak,ok,0.0,neither,,12073,1|2024-04-01,ok,0.08028221584102974,0.10615823736789307,1|price|9150,price,0.10615823736789307
2024-04-12 00:00:00,2024-04-12 00:00:00,2024-04-12 01:00:00,2024-04-13 01:00:00,1,prebreak,ok,1.0,lower_first,17.0,12095,1|2024-04-01,ok,0.08028221584102974,0.10090672280678033,1|price|9172,price,0.10090672280678033
2024-04-15 00:00:00,2024-04-15 00:00:00,2024-04-15 01:00:00,2024-04-16 01:00:00,1,prebreak,ok,0.0,neither,,12107,1|2024-04-01,ok,0.08028221584102974,0.1685363113333925,1|price|9184,price,0.1685363113333925
2024-04-16 06:00:00,2024-04-16 06:00:00,2024-04-16 07:00:00,2024-04-17 07:00:00,1,prebreak,ok,0.0,neither,,12112,1|2024-04-01,ok,0.08028221584102974,0.17235500114812277,1|price|9189,price,0.17235500114812277
2024-04-17 12:00:00,2024-04-17 12:00:00,2024-04-17 13:00:00,2024-04-18 13:00:00,1,prebreak,ok,0.0,neither,,12117,1|2024-04-01,ok,0.08028221584102974,0.1440278296123262,1|price|9194,price,0.1440278296123262
2024-04-18 18:00:00,2024-04-18 18:00:00,2024-04-18 19:00:00,2024-04-19 19:00:00,1,prebreak,ok,1.0,lower_first,7.0,12122,1|2024-04-01,ok,0.08028221584102974,0.1378234905095095,1|price|9199,price,0.1378234905095095
2024-04-20 00:00:00,2024-04-20 00:00:00,2024-04-20 01:00:00,2024-04-21 01:00:00,1,prebreak,ok,0.0,upper_first,16.0,12127,1|2024-04-01,ok,0.08028221584102974,0.1595276606176546,1|price|9204,price,0.1595276606176546
2024-04-21 06:00:00,2024-04-21 06:00:00,2024-04-21 07:00:00,2024-04-22 07:00:00,1,prebreak,ok,0.0,neither,,12132,1|2024-04-01,ok,0.08028221584102974,0.1370737906380294,1|price|9209,price,0.1370737906380294
2024-05-02 12:00:00,2024-05-02 12:00:00,2024-05-02 13:00:00,2024-05-03 13:00:00,1,prebreak,ok,0.0,upper_first,23.0,12177,1|2024-04-01,ok,0.08028221584102974,0.159873696174991,1|price|9254,price,0.159873696174991
2024-05-03 18:00:00,2024-05-03 18:00:00,2024-05-03 19:00:00,2024-05-04 19:00:00,1,prebreak,ok,0.0,upper_first,15.0,12182,1|2024-04-01,ok,0.08028221584102974,0.152042671890183,1|price|9259,price,0.152042671890183
2024-05-05 00:00:00,2024-05-05 00:00:00,2024-05-05 01:00:00,2024-05-06 01:00:00,1,prebreak,ok,0.0,neither,,12187,1|2024-04-01,ok,0.08028221584102974,0.10101039930923143,1|price|9264,price,0.10101039930923143
2024-05-06 12:00:00,2024-05-06 12:00:00,2024-05-06 13:00:00,2024-05-07 13:00:00,1,prebreak,ok,0.0,neither,,12193,1|2024-04-01,ok,0.08028221584102974,0.10226898810672921,1|price|9270,price,0.10226898810672921
2024-05-07 18:00:00,2024-05-07 18:00:00,2024-05-07 19:00:00,2024-05-08 19:00:00,1,prebreak,ok,0.0,neither,,12198,1|2024-04-01,ok,0.08028221584102974,0.10144706097113217,1|price|9275,price,0.10144706097113217
2024-05-10 18:00:00,2024-05-10 18:00:00,2024-05-10 19:00:00,2024-05-11 19:00:00,1,prebreak,ok,0.0,neither,,12210,1|2024-04-01,ok,0.08028221584102974,0.1187771236385831,1|price|9287,price,0.1187771236385831
2024-05-12 00:00:00,2024-05-12 00:00:00,2024-05-12 01:00:00,2024-05-13 01:00:00,1,prebreak,ok,0.0,neither,,12215,1|2024-04-01,ok,0.08028221584102974,0.10693315487702235,1|price|9292,price,0.10693315487702235
2024-05-21 12:00:00,2024-05-21 12:00:00,2024-05-21 13:00:00,2024-05-22 13:00:00,1,prebreak,ok,0.0,neither,,12253,1|2024-04-01,ok,0.08028221584102974,0.1010171609268189,1|price|9330,price,0.1010171609268189
2024-05-22 18:00:00,2024-05-22 18:00:00,2024-05-22 19:00:00,2024-05-23 19:00:00,1,prebreak,ok,0.0,neither,,12258,1|2024-04-01,ok,0.08028221584102974,0.10739022834235053,1|price|9335,price,0.10739022834235053
2024-05-25 00:00:00,2024-05-25 00:00:00,2024-05-25 01:00:00,2024-05-26 01:00:00,1,prebreak,ok,0.0,neither,,12267,1|2024-04-01,ok,0.08028221584102974,0.10104468313545505,1|price|9344,price,0.10104468313545505
2024-06-13 00:00:00,2024-06-13 00:00:00,2024-06-13 01:00:00,2024-06-14 01:00:00,1,prebreak,ok,0.0,neither,,12343,1|2024-04-01,ok,0.08028221584102974,0.10335446377436887,1|price|9420,price,0.10335446377436887
2024-06-14 06:00:00,2024-06-14 06:00:00,2024-06-14 07:00:00,2024-06-15 07:00:00,1,prebreak,ok,0.0,neither,,12348,1|2024-04-01,ok,0.08028221584102974,0.10498105489180007,1|price|9425,price,0.10498105489180007
2024-06-15 18:00:00,2024-06-15 18:00:00,2024-06-15 19:00:00,2024-06-16 19:00:00,1,prebreak,ok,0.0,neither,,12354,1|2024-04-01,ok,0.08028221584102974,0.10019201232046789,1|price|9431,price,0.10019201232046789
2024-06-26 00:00:00,2024-06-26 00:00:00,2024-06-26 01:00:00,2024-06-27 01:00:00,1,prebreak,ok,0.0,neither,,12395,1|2024-04-01,ok,0.08028221584102974,0.1035270629968763,1|price|9472,price,0.1035270629968763
2024-06-27 06:00:00,2024-06-27 06:00:00,2024-06-27 07:00:00,2024-06-28 07:00:00,1,prebreak,ok,0.0,neither,,12400,1|2024-04-01,ok,0.08028221584102974,0.10532514794299722,1|price|9477,price,0.10532514794299722
2024-07-06 06:00:00,2024-07-06 06:00:00,2024-07-06 07:00:00,2024-07-07 07:00:00,1,prebreak,ok,0.0,upper_first,9.0,12436,1|2024-07-01,ok,0.07771073497227986,0.14419672729033778,1|price|9513,price,0.14419672729033778
2024-07-07 12:00:00,2024-07-07 12:00:00,2024-07-07 13:00:00,2024-07-08 13:00:00,1,prebreak,ok,1.0,lower_first,12.0,12441,1|2024-07-01,ok,0.07771073497227986,0.12470894568676148,1|price|9518,price,0.12470894568676148
2024-07-08 18:00:00,2024-07-08 18:00:00,2024-07-08 19:00:00,2024-07-09 19:00:00,1,prebreak,ok,0.0,upper_first,19.0,12446,1|2024-07-01,ok,0.07771073497227986,0.10932845227315958,1|price|9523,price,0.10932845227315958
2024-07-10 00:00:00,2024-07-10 00:00:00,2024-07-10 01:00:00,2024-07-11 01:00:00,1,prebreak,ok,0.0,upper_first,3.0,12451,1|2024-07-01,ok,0.07771073497227986,0.11907420094151164,1|price|9528,price,0.11907420094151164
2024-07-11 06:00:00,2024-07-11 06:00:00,2024-07-11 07:00:00,2024-07-12 07:00:00,1,prebreak,ok,0.0,neither,,12456,1|2024-07-01,ok,0.07771073497227986,0.11958086894310137,1|price|9533,price,0.11958086894310137
2024-07-16 06:00:00,2024-07-16 06:00:00,2024-07-16 07:00:00,2024-07-17 07:00:00,1,prebreak,ok,0.0,upper_first,8.0,12476,1|2024-07-01,ok,0.07771073497227986,0.10835743068787403,1|price|9553,price,0.10835743068787403
2024-07-17 12:00:00,2024-07-17 12:00:00,2024-07-17 13:00:00,2024-07-18 13:00:00,1,prebreak,ok,0.0,neither,,12481,1|2024-07-01,ok,0.07771073497227986,0.1098997825418884,1|price|9558,price,0.1098997825418884
2024-07-18 18:00:00,2024-07-18 18:00:00,2024-07-18 19:00:00,2024-07-19 19:00:00,1,prebreak,ok,0.0,upper_first,18.0,12486,1|2024-07-01,ok,0.07771073497227986,0.10932720219594749,1|price|9563,price,0.10932720219594749
2024-07-23 18:00:00,2024-07-23 18:00:00,2024-07-23 19:00:00,2024-07-24 19:00:00,1,prebreak,ok,0.0,neither,,12506,1|2024-07-01,ok,0.07771073497227986,0.10223839630194757,1|price|9583,price,0.10223839630194757
2024-07-25 00:00:00,2024-07-25 00:00:00,2024-07-25 01:00:00,2024-07-26 01:00:00,1,prebreak,ok,0.0,neither,,12511,1|2024-07-01,ok,0.07771073497227986,0.1045451952171682,1|price|9588,price,0.1045451952171682
2024-07-26 06:00:00,2024-07-26 06:00:00,2024-07-26 07:00:00,2024-07-27 07:00:00,1,prebreak,ok,0.0,neither,,12516,1|2024-07-01,ok,0.07771073497227986,0.10351901063423588,1|price|9593,price,0.10351901063423588
2024-07-29 18:00:00,2024-07-29 18:00:00,2024-07-29 19:00:00,2024-07-30 19:00:00,1,prebreak,ok,0.0,neither,,12530,1|2024-07-01,ok,0.07771073497227986,0.11495336809439642,1|price|9607,price,0.11495336809439642
2024-08-02 18:00:00,2024-08-02 18:00:00,2024-08-02 19:00:00,2024-08-03 19:00:00,1,prebreak,ok,0.0,neither,,12546,1|2024-07-01,ok,0.07771073497227986,0.1378355206295797,1|price|9623,price,0.1378355206295797
2024-08-06 12:00:00,2024-08-06 12:00:00,2024-08-06 13:00:00,2024-08-07 13:00:00,1,prebreak,ok,0.0,upper_first,1.0,12561,1|2024-07-01,ok,0.07771073497227986,0.21689132649596934,1|price|9638,price,0.21689132649596934
2024-08-07 18:00:00,2024-08-07 18:00:00,2024-08-07 19:00:00,2024-08-08 19:00:00,1,prebreak,ok,0.0,upper_first,6.0,12566,1|2024-07-01,ok,0.07771073497227986,0.21599568318542978,1|price|9643,price,0.21599568318542978
2024-08-09 00:00:00,2024-08-09 00:00:00,2024-08-09 01:00:00,2024-08-10 01:00:00,1,prebreak,ok,0.0,neither,,12571,1|2024-07-01,ok,0.07771073497227986,0.1715911145373576,1|price|9648,price,0.1715911145373576
2024-08-10 06:00:00,2024-08-10 06:00:00,2024-08-10 07:00:00,2024-08-11 07:00:00,1,prebreak,ok,0.0,neither,,12576,1|2024-07-01,ok,0.07771073497227986,0.1357710865177202,1|price|9653,price,0.1357710865177202
2024-08-11 12:00:00,2024-08-11 12:00:00,2024-08-11 13:00:00,2024-08-12 13:00:00,1,prebreak,ok,0.0,neither,,12581,1|2024-07-01,ok,0.07771073497227986,0.12449968508859227,1|price|9658,price,0.12449968508859227
2024-08-13 00:00:00,2024-08-13 00:00:00,2024-08-13 01:00:00,2024-08-14 01:00:00,1,prebreak,ok,0.0,upper_first,16.0,12587,1|2024-07-01,ok,0.07771073497227986,0.1319108569692464,1|price|9664,price,0.1319108569692464
2024-08-14 06:00:00,2024-08-14 06:00:00,2024-08-14 07:00:00,2024-08-15 07:00:00,1,prebreak,ok,1.0,lower_first,23.0,12592,1|2024-07-01,ok,0.07771073497227986,0.14838611168308322,1|price|9669,price,0.14838611168308322
2024-08-15 12:00:00,2024-08-15 12:00:00,2024-08-15 13:00:00,2024-08-16 13:00:00,1,prebreak,ok,0.0,neither,,12597,1|2024-07-01,ok,0.07771073497227986,0.13956227336365207,1|price|9674,price,0.13956227336365207
2024-08-17 00:00:00,2024-08-17 00:00:00,2024-08-17 01:00:00,2024-08-18 01:00:00,1,prebreak,ok,0.0,neither,,12603,1|2024-07-01,ok,0.07771073497227986,0.12533257186686345,1|price|9680,price,0.12533257186686345
2024-08-18 06:00:00,2024-08-18 06:00:00,2024-08-18 07:00:00,2024-08-19 07:00:00,1,prebreak,ok,0.0,neither,,12608,1|2024-07-01,ok,0.07771073497227986,0.10708824376413324,1|price|9685,price,0.10708824376413324
2024-08-20 18:00:00,2024-08-20 18:00:00,2024-08-20 19:00:00,2024-08-21 19:00:00,1,prebreak,ok,0.0,neither,,12618,1|2024-07-01,ok,0.07771073497227986,0.10867082900594023,1|price|9695,price,0.10867082900594023
2024-08-22 00:00:00,2024-08-22 00:00:00,2024-08-22 01:00:00,2024-08-23 01:00:00,1,prebreak,ok,0.0,neither,,12623,1|2024-07-01,ok,0.07771073497227986,0.10582303855896635,1|price|9700,price,0.10582303855896635
2024-08-23 12:00:00,2024-08-23 12:00:00,2024-08-23 13:00:00,2024-08-24 13:00:00,1,prebreak,ok,0.0,upper_first,4.0,12629,1|2024-07-01,ok,0.07771073497227986,0.10682553213414249,1|price|9706,price,0.10682553213414249
2024-08-29 00:00:00,2024-08-29 00:00:00,2024-08-29 01:00:00,2024-08-30 01:00:00,1,prebreak,ok,0.0,upper_first,14.0,12651,1|2024-07-01,ok,0.07771073497227986,0.11057756908339084,1|price|9728,price,0.11057756908339084
2024-08-30 06:00:00,2024-08-30 06:00:00,2024-08-30 07:00:00,2024-08-31 07:00:00,1,prebreak,ok,0.0,neither,,12656,1|2024-07-01,ok,0.07771073497227986,0.12673870866005246,1|price|9733,price,0.12673870866005246
2024-08-31 12:00:00,2024-08-31 12:00:00,2024-08-31 13:00:00,2024-09-01 13:00:00,1,prebreak,ok,0.0,neither,,12661,1|2024-07-01,ok,0.07771073497227986,0.11368556389069881,1|price|9738,price,0.11368556389069881
2024-09-02 00:00:00,2024-09-02 00:00:00,2024-09-02 01:00:00,2024-09-03 01:00:00,1,prebreak,ok,0.0,upper_first,19.0,12667,1|2024-07-01,ok,0.07771073497227986,0.10361583438411479,1|price|9744,price,0.10361583438411479
2024-09-05 06:00:00,2024-09-05 06:00:00,2024-09-05 07:00:00,2024-09-06 07:00:00,1,prebreak,ok,0.0,neither,,12680,1|2024-07-01,ok,0.07771073497227986,0.10903423392220302,1|price|9757,price,0.10903423392220302
2024-09-06 12:00:00,2024-09-06 12:00:00,2024-09-06 13:00:00,2024-09-07 13:00:00,1,prebreak,ok,1.0,lower_first,2.0,12685,1|2024-07-01,ok,0.07771073497227986,0.10586403536607145,1|price|9762,price,0.10586403536607145
2024-09-08 00:00:00,2024-09-08 00:00:00,2024-09-08 01:00:00,2024-09-09 01:00:00,1,prebreak,ok,0.0,neither,,12691,1|2024-07-01,ok,0.07771073497227986,0.1150614300770791,1|price|9768,price,0.1150614300770791
2024-09-09 06:00:00,2024-09-09 06:00:00,2024-09-09 07:00:00,2024-09-10 07:00:00,1,prebreak,ok,0.0,upper_first,9.0,12696,1|2024-07-01,ok,0.07771073497227986,0.11610545848112776,1|price|9773,price,0.11610545848112776
2024-09-11 06:00:00,2024-09-11 06:00:00,2024-09-11 07:00:00,2024-09-12 07:00:00,1,prebreak,ok,0.0,upper_first,18.0,12704,1|2024-07-01,ok,0.07771073497227986,0.10819142048403427,1|price|9781,price,0.10819142048403427
2024-09-12 12:00:00,2024-09-12 12:00:00,2024-09-12 13:00:00,2024-09-13 13:00:00,1,prebreak,ok,0.0,neither,,12709,1|2024-07-01,ok,0.07771073497227986,0.11349779494614143,1|price|9786,price,0.11349779494614143
2024-09-13 18:00:00,2024-09-13 18:00:00,2024-09-13 19:00:00,2024-09-14 19:00:00,1,prebreak,ok,0.0,neither,,12714,1|2024-07-01,ok,0.07771073497227986,0.10160369017096492,1|price|9791,price,0.10160369017096492
2024-09-18 00:00:00,2024-09-18 00:00:00,2024-09-18 01:00:00,2024-09-19 01:00:00,1,prebreak,ok,0.0,upper_first,23.0,12731,1|2024-07-01,ok,0.07771073497227986,0.10171181724222197,1|price|9808,price,0.10171181724222197
2024-09-19 06:00:00,2024-09-19 06:00:00,2024-09-19 07:00:00,2024-09-20 07:00:00,1,prebreak,ok,0.0,upper_first,21.0,12736,1|2024-07-01,ok,0.07771073497227986,0.11051308274941227,1|price|9813,price,0.11051308274941227
2024-09-20 12:00:00,2024-09-20 12:00:00,2024-09-20 13:00:00,2024-09-21 13:00:00,1,prebreak,ok,0.0,neither,,12741,1|2024-07-01,ok,0.07771073497227986,0.10475152105773718,1|price|9818,price,0.10475152105773718
2024-10-03 00:00:00,2024-10-03 00:00:00,2024-10-03 01:00:00,2024-10-04 01:00:00,1,prebreak,ok,0.0,neither,,12791,1|2024-10-01,ok,0.07446750239129156,0.10765181364787212,1|price|9868,price,0.10765181364787212
2024-10-04 06:00:00,2024-10-04 06:00:00,2024-10-04 07:00:00,2024-10-05 07:00:00,1,prebreak,ok,0.0,neither,,12796,1|2024-10-01,ok,0.07446750239129156,0.10546342961810903,1|price|9873,price,0.10546342961810903
2024-10-05 12:00:00,2024-10-05 12:00:00,2024-10-05 13:00:00,2024-10-06 13:00:00,1,prebreak,ok,0.0,neither,,12801,1|2024-10-01,ok,0.07446750239129156,0.10172592952593294,1|price|9878,price,0.10172592952593294
2024-10-09 18:00:00,2024-10-09 18:00:00,2024-10-09 19:00:00,2024-10-10 19:00:00,1,prebreak,ok,0.0,neither,,12818,1|2024-10-01,ok,0.07446750239129156,0.1008303059908968,1|price|9895,price,0.1008303059908968
2024-10-15 18:00:00,2024-10-15 18:00:00,2024-10-15 19:00:00,2024-10-16 19:00:00,1,prebreak,ok,0.0,neither,,12842,1|2024-10-01,ok,0.07446750239129156,0.12881672161137445,1|price|9919,price,0.12881672161137445
2024-10-17 00:00:00,2024-10-17 00:00:00,2024-10-17 01:00:00,2024-10-18 01:00:00,1,prebreak,ok,0.0,neither,,12847,1|2024-10-01,ok,0.07446750239129156,0.131021059429365,1|price|9924,price,0.131021059429365
2024-10-18 06:00:00,2024-10-18 06:00:00,2024-10-18 07:00:00,2024-10-19 07:00:00,1,prebreak,ok,0.0,neither,,12852,1|2024-10-01,ok,0.07446750239129156,0.12072098764821176,1|price|9929,price,0.12072098764821176
2024-11-02 06:00:00,2024-11-02 06:00:00,2024-11-02 07:00:00,2024-11-03 07:00:00,1,prebreak,ok,0.0,neither,,12912,1|2024-10-01,ok,0.07446750239129156,0.10999965893755077,1|price|9989,price,0.10999965893755077
2024-11-06 00:00:00,2024-11-06 00:00:00,2024-11-06 01:00:00,2024-11-07 01:00:00,1,prebreak,ok,0.0,upper_first,1.0,12927,1|2024-10-01,ok,0.07446750239129156,0.10790453379677263,1|price|10004,price,0.10790453379677263
2024-11-07 06:00:00,2024-11-07 06:00:00,2024-11-07 07:00:00,2024-11-08 07:00:00,1,prebreak,ok,0.0,neither,,12932,1|2024-10-01,ok,0.07446750239129156,0.12312809329561519,1|price|10009,price,0.12312809329561519
2024-11-08 12:00:00,2024-11-08 12:00:00,2024-11-08 13:00:00,2024-11-09 13:00:00,1,prebreak,ok,0.0,neither,,12937,1|2024-10-01,ok,0.07446750239129156,0.12529832285341197,1|price|10014,price,0.12529832285341197
2024-11-11 00:00:00,2024-11-11 00:00:00,2024-11-11 01:00:00,2024-11-12 01:00:00,1,prebreak,ok,0.0,upper_first,14.0,12947,1|2024-10-01,ok,0.07446750239129156,0.10154525528889113,1|price|10024,price,0.10154525528889113
2024-11-12 12:00:00,2024-11-12 12:00:00,2024-11-12 13:00:00,2024-11-13 13:00:00,1,prebreak,ok,0.0,upper_first,5.0,12953,1|2024-10-01,ok,0.07446750239129156,0.12169823941764431,1|price|10030,price,0.12169823941764431
2024-11-13 18:00:00,2024-11-13 18:00:00,2024-11-13 19:00:00,2024-11-14 19:00:00,1,prebreak,ok,1.0,lower_first,2.0,12958,1|2024-10-01,ok,0.07446750239129156,0.1249682914243411,1|price|10035,price,0.1249682914243411
2024-11-15 00:00:00,2024-11-15 00:00:00,2024-11-15 01:00:00,2024-11-16 01:00:00,1,prebreak,ok,0.0,upper_first,11.0,12963,1|2024-10-01,ok,0.07446750239129156,0.1719221159029548,1|price|10040,price,0.1719221159029548
2024-11-16 06:00:00,2024-11-16 06:00:00,2024-11-16 07:00:00,2024-11-17 07:00:00,1,prebreak,ok,0.0,neither,,12968,1|2024-10-01,ok,0.07446750239129156,0.15979554544672808,1|price|10045,price,0.15979554544672808
2024-11-17 12:00:00,2024-11-17 12:00:00,2024-11-17 13:00:00,2024-11-18 13:00:00,1,prebreak,ok,0.0,neither,,12973,1|2024-10-01,ok,0.07446750239129156,0.12176169957917081,1|price|10050,price,0.12176169957917081
2024-11-18 18:00:00,2024-11-18 18:00:00,2024-11-18 19:00:00,2024-11-19 19:00:00,1,prebreak,ok,0.0,upper_first,22.0,12978,1|2024-10-01,ok,0.07446750239129156,0.10968285383776846,1|price|10055,price,0.10968285383776846
2024-11-20 00:00:00,2024-11-20 00:00:00,2024-11-20 01:00:00,2024-11-21 01:00:00,1,prebreak,ok,0.0,upper_first,14.0,12983,1|2024-10-01,ok,0.07446750239129156,0.12437835195593049,1|price|10060,price,0.12437835195593049
2024-11-21 06:00:00,2024-11-21 06:00:00,2024-11-21 07:00:00,2024-11-22 07:00:00,1,prebreak,ok,0.0,neither,,12988,1|2024-10-01,ok,0.07446750239129156,0.12557447900220298,1|price|10065,price,0.12557447900220298
2024-11-28 00:00:00,2024-11-28 00:00:00,2024-11-28 01:00:00,2024-11-29 01:00:00,1,prebreak,ok,0.0,neither,,13015,1|2024-10-01,ok,0.07446750239129156,0.1292545599638709,1|price|10092,price,0.1292545599638709
2024-12-04 18:00:00,2024-12-04 18:00:00,2024-12-04 19:00:00,2024-12-05 19:00:00,1,prebreak,ok,0.0,upper_first,1.0,13042,1|2024-10-01,ok,0.07446750239129156,0.10859359146624958,1|price|10119,price,0.10859359146624958
2024-12-06 00:00:00,2024-12-06 00:00:00,2024-12-06 01:00:00,2024-12-07 01:00:00,1,prebreak,ok,0.0,upper_first,16.0,13047,1|2024-10-01,ok,0.07446750239129156,0.15885763716857723,1|price|10124,price,0.15885763716857723
2024-12-07 06:00:00,2024-12-07 06:00:00,2024-12-07 07:00:00,2024-12-08 07:00:00,1,prebreak,ok,0.0,neither,,13052,1|2024-10-01,ok,0.07446750239129156,0.1451075636331463,1|price|10129,price,0.1451075636331463
2024-12-08 12:00:00,2024-12-08 12:00:00,2024-12-08 13:00:00,2024-12-09 13:00:00,1,prebreak,ok,0.0,neither,,13057,1|2024-10-01,ok,0.07446750239129156,0.10302010599518932,1|price|10134,price,0.10302010599518932
2024-12-11 00:00:00,2024-12-11 00:00:00,2024-12-11 01:00:00,2024-12-12 01:00:00,1,prebreak,ok,0.0,upper_first,13.0,13067,1|2024-10-01,ok,0.07446750239129156,0.12144424669500851,1|price|10144,price,0.12144424669500851
2024-12-12 06:00:00,2024-12-12 06:00:00,2024-12-12 07:00:00,2024-12-13 07:00:00,1,prebreak,ok,0.0,neither,,13072,1|2024-10-01,ok,0.07446750239129156,0.13173051420409018,1|price|10149,price,0.13173051420409018
2024-12-13 12:00:00,2024-12-13 12:00:00,2024-12-13 13:00:00,2024-12-14 13:00:00,1,prebreak,ok,0.0,neither,,13077,1|2024-10-01,ok,0.07446750239129156,0.11295853831683748,1|price|10154,price,0.11295853831683748
2024-12-14 18:00:00,2024-12-14 18:00:00,2024-12-14 19:00:00,2024-12-15 19:00:00,1,prebreak,ok,0.0,neither,,13082,1|2024-10-01,ok,0.07446750239129156,0.10139685594749794,1|price|10159,price,0.10139685594749794
2024-12-18 06:00:00,2024-12-18 06:00:00,2024-12-18 07:00:00,2024-12-19 07:00:00,1,prebreak,ok,0.0,neither,,13096,1|2024-10-01,ok,0.07446750239129156,0.10579028076283703,1|price|10173,price,0.10579028076283703
2024-12-21 12:00:00,2024-12-21 12:00:00,2024-12-21 13:00:00,2024-12-22 13:00:00,1,prebreak,ok,0.0,neither,,13109,1|2024-10-01,ok,0.07446750239129156,0.1523625285952103,1|price|10186,price,0.1523625285952103
2024-12-22 18:00:00,2024-12-22 18:00:00,2024-12-22 19:00:00,2024-12-23 19:00:00,1,prebreak,ok,0.0,neither,,13114,1|2024-10-01,ok,0.07446750239129156,0.13718542599718223,1|price|10191,price,0.13718542599718223
2024-12-25 00:00:00,2024-12-25 00:00:00,2024-12-25 01:00:00,2024-12-26 01:00:00,1,prebreak,ok,0.0,neither,,13123,1|2024-10-01,ok,0.07446750239129156,0.12328634186584664,1|price|10200,price,0.12328634186584664
2024-12-26 06:00:00,2024-12-26 06:00:00,2024-12-26 07:00:00,2024-12-27 07:00:00,1,prebreak,ok,0.0,neither,,13128,1|2024-10-01,ok,0.07446750239129156,0.1060568847390408,1|price|10205,price,0.1060568847390408
2024-12-27 12:00:00,2024-12-27 12:00:00,2024-12-27 13:00:00,2024-12-28 13:00:00,1,prebreak,ok,0.0,neither,,13133,1|2024-10-01,ok,0.07446750239129156,0.10476721614733374,1|price|10210,price,0.10476721614733374
2024-12-31 18:00:00,2024-12-31 18:00:00,2024-12-31 19:00:00,2025-01-01 19:00:00,1,prebreak,ok,0.0,neither,,13150,1|2024-10-01,ok,0.07446750239129156,0.10924301262254152,1|price|10227,price,0.10924301262254152
2025-01-02 00:00:00,2025-01-02 00:00:00,2025-01-02 01:00:00,2025-01-03 01:00:00,1,prebreak,ok,0.0,upper_first,19.0,13155,1|2025-01-01,ok,0.07068861228211351,0.10496304880757215,1|price|10232,price,0.10496304880757215
2025-01-11 00:00:00,2025-01-11 00:00:00,2025-01-11 01:00:00,2025-01-12 01:00:00,1,prebreak,ok,0.0,neither,,13191,1|2025-01-01,ok,0.07068861228211351,0.1201559677338104,1|price|10268,price,0.1201559677338104
2025-01-12 06:00:00,2025-01-12 06:00:00,2025-01-12 07:00:00,2025-01-13 07:00:00,1,prebreak,ok,0.0,neither,,13196,1|2025-01-01,ok,0.07068861228211351,0.10560663587597884,1|price|10273,price,0.10560663587597884
2025-01-17 06:00:00,2025-01-17 06:00:00,2025-01-17 07:00:00,2025-01-18 07:00:00,1,prebreak,ok,0.0,upper_first,9.0,13216,1|2025-01-01,ok,0.07068861228211351,0.10250738564979994,1|price|10293,price,0.10250738564979994
2025-01-18 12:00:00,2025-01-18 12:00:00,2025-01-18 13:00:00,2025-01-19 13:00:00,1,prebreak,ok,0.0,neither,,13221,1|2025-01-01,ok,0.07068861228211351,0.10412757806281638,1|price|10298,price,0.10412757806281638
2025-01-20 00:00:00,2025-01-20 00:00:00,2025-01-20 01:00:00,2025-01-21 01:00:00,1,prebreak,ok,0.0,upper_first,3.0,13227,1|2025-01-01,ok,0.07068861228211351,0.13999470819874926,1|price|10304,price,0.13999470819874926
2025-01-21 06:00:00,2025-01-21 06:00:00,2025-01-21 07:00:00,2025-01-22 07:00:00,1,prebreak,ok,0.0,upper_first,7.0,13232,1|2025-01-01,ok,0.07068861228211351,0.1839372547848263,1|price|10309,price,0.1839372547848263
2025-01-22 12:00:00,2025-01-22 12:00:00,2025-01-22 13:00:00,2025-01-23 13:00:00,1,prebreak,ok,0.0,neither,,13237,1|2025-01-01,ok,0.07068861228211351,0.18391965561374254,1|price|10314,price,0.18391965561374254
2025-01-23 18:00:00,2025-01-23 18:00:00,2025-01-23 19:00:00,2025-01-24 19:00:00,1,prebreak,ok,0.0,neither,,13242,1|2025-01-01,ok,0.07068861228211351,0.12783430791371217,1|price|10319,price,0.12783430791371217
2025-01-25 00:00:00,2025-01-25 00:00:00,2025-01-25 01:00:00,2025-01-26 01:00:00,1,prebreak,ok,0.0,neither,,13247,1|2025-01-01,ok,0.07068861228211351,0.10654362612717976,1|price|10324,price,0.10654362612717976
2025-01-26 06:00:00,2025-01-26 06:00:00,2025-01-26 07:00:00,2025-01-27 07:00:00,1,prebreak,ok,1.0,lower_first,22.0,13252,1|2025-01-01,ok,0.07068861228211351,0.10009701884074722,1|price|10329,price,0.10009701884074722
2025-01-28 12:00:00,2025-01-28 12:00:00,2025-01-28 13:00:00,2025-01-29 13:00:00,1,prebreak,ok,0.0,neither,,13261,1|2025-01-01,ok,0.07068861228211351,0.11010842957541044,1|price|10338,price,0.11010842957541044
2025-01-29 18:00:00,2025-01-29 18:00:00,2025-01-29 19:00:00,2025-01-30 19:00:00,1,prebreak,ok,0.0,upper_first,19.0,13266,1|2025-01-01,ok,0.07068861228211351,0.10989076993463105,1|price|10343,price,0.10989076993463105
2025-02-04 06:00:00,2025-02-04 06:00:00,2025-02-04 07:00:00,2025-02-05 07:00:00,1,prebreak,ok,0.0,neither,,13288,1|2025-01-01,ok,0.07068861228211351,0.1582158560309248,1|price|10365,price,0.1582158560309248
2025-02-05 12:00:00,2025-02-05 12:00:00,2025-02-05 13:00:00,2025-02-06 13:00:00,1,prebreak,ok,0.0,neither,,13293,1|2025-01-01,ok,0.07068861228211351,0.14498758988262883,1|price|10370,price,0.14498758988262883
2025-02-06 18:00:00,2025-02-06 18:00:00,2025-02-06 19:00:00,2025-02-07 19:00:00,1,prebreak,ok,0.0,upper_first,19.0,13298,1|2025-01-01,ok,0.07068861228211351,0.11810779307409146,1|price|10375,price,0.11810779307409146
2025-02-26 12:00:00,2025-02-26 12:00:00,2025-02-26 13:00:00,2025-02-27 13:00:00,1,prebreak,ok,1.0,lower_first,5.0,13377,1|2025-01-01,ok,0.07068861228211351,0.10729783399400741,1|price|10454,price,0.10729783399400741
2025-02-28 00:00:00,2025-02-28 00:00:00,2025-02-28 01:00:00,2025-03-01 01:00:00,1,prebreak,ok,1.0,lower_first,1.0,13383,1|2025-01-01,ok,0.07068861228211351,0.12622506488389842,1|price|10460,price,0.12622506488389842
2025-03-01 06:00:00,2025-03-01 06:00:00,2025-03-01 07:00:00,2025-03-02 07:00:00,1,prebreak,ok,0.0,neither,,13388,1|2025-01-01,ok,0.07068861228211351,0.14159622849178127,1|price|10465,price,0.14159622849178127
2025-03-02 12:00:00,2025-03-02 12:00:00,2025-03-02 13:00:00,2025-03-03 13:00:00,1,prebreak,ok,0.0,upper_first,2.0,13393,1|2025-01-01,ok,0.07068861228211351,0.12022103654952411,1|price|10470,price,0.12022103654952411
2025-03-03 18:00:00,2025-03-03 18:00:00,2025-03-03 19:00:00,2025-03-04 19:00:00,1,prebreak,ok,1.0,lower_first,6.0,13398,1|2025-01-01,ok,0.07068861228211351,0.162849145418911,1|price|10475,price,0.162849145418911
2025-03-05 06:00:00,2025-03-05 06:00:00,2025-03-05 07:00:00,2025-03-06 07:00:00,1,prebreak,ok,0.0,upper_first,3.0,13404,1|2025-01-01,ok,0.07068861228211351,0.20442533941808663,1|price|10481,price,0.20442533941808663
2025-03-06 12:00:00,2025-03-06 12:00:00,2025-03-06 13:00:00,2025-03-07 13:00:00,1,prebreak,ok,1.0,lower_first,11.0,13409,1|2025-01-01,ok,0.07068861228211351,0.17331347611267042,1|price|10486,price,0.17331347611267042
2025-03-07 18:00:00,2025-03-07 18:00:00,2025-03-07 19:00:00,2025-03-08 19:00:00,1,prebreak,ok,0.0,neither,,13414,1|2025-01-01,ok,0.07068861228211351,0.17792185208484657,1|price|10491,price,0.17792185208484657
2025-03-09 00:00:00,2025-03-09 00:00:00,2025-03-09 01:00:00,2025-03-10 01:00:00,1,prebreak,ok,1.0,lower_first,20.0,13419,1|2025-01-01,ok,0.07068861228211351,0.16584257193288318,1|price|10496,price,0.16584257193288318
2025-03-12 00:00:00,2025-03-12 00:00:00,2025-03-12 01:00:00,2025-03-13 01:00:00,1,prebreak,ok,0.0,neither,,13431,1|2025-01-01,ok,0.07068861228211351,0.14690889550818886,1|price|10508,price,0.14690889550818886
2025-03-13 06:00:00,2025-03-13 06:00:00,2025-03-13 07:00:00,2025-03-14 07:00:00,1,prebreak,ok,0.0,neither,,13436,1|2025-01-01,ok,0.07068861228211351,0.14642605930237365,1|price|10513,price,0.14642605930237365
2025-03-14 12:00:00,2025-03-14 12:00:00,2025-03-14 13:00:00,2025-03-15 13:00:00,1,prebreak,ok,0.0,neither,,13441,1|2025-01-01,ok,0.07068861228211351,0.11634686343388416,1|price|10518,price,0.11634686343388416
2025-03-20 18:00:00,2025-03-20 18:00:00,2025-03-20 19:00:00,2025-03-21 19:00:00,1,prebreak,ok,0.0,neither,,13466,1|2025-01-01,ok,0.07068861228211351,0.1010929046117393,1|price|10543,price,0.1010929046117393
2025-04-03 00:00:00,2025-04-03 00:00:00,2025-04-03 01:00:00,2025-04-04 01:00:00,1,prebreak,ok,0.0,neither,,13519,1|2025-04-01,ok,0.07743538940499911,0.1175152667258889,1|price|10596,price,0.1175152667258889
2025-04-04 18:00:00,2025-04-04 18:00:00,2025-04-04 19:00:00,2025-04-05 19:00:00,1,prebreak,ok,0.0,neither,,13526,1|2025-04-01,ok,0.07743538940499911,0.11416605685200451,1|price|10603,price,0.11416605685200451
2025-04-08 12:00:00,2025-04-08 12:00:00,2025-04-08 13:00:00,2025-04-09 13:00:00,1,prebreak,ok,1.0,lower_first,12.0,13541,1|2025-04-01,ok,0.07743538940499911,0.13681120444481318,1|price|10618,price,0.13681120444481318
2025-04-09 18:00:00,2025-04-09 18:00:00,2025-04-09 19:00:00,2025-04-10 19:00:00,1,prebreak,ok,0.0,neither,,13546,1|2025-04-01,ok,0.07743538940499911,0.13956346700780603,1|price|10623,price,0.13956346700780603
2025-04-11 00:00:00,2025-04-11 00:00:00,2025-04-11 01:00:00,2025-04-12 01:00:00,1,prebreak,ok,0.0,upper_first,6.0,13551,1|2025-04-01,ok,0.07743538940499911,0.15576659895994235,1|price|10628,price,0.15576659895994235
2025-04-12 06:00:00,2025-04-12 06:00:00,2025-04-12 07:00:00,2025-04-13 07:00:00,1,prebreak,ok,0.0,upper_first,18.0,13556,1|2025-04-01,ok,0.07743538940499911,0.15207229894192,1|price|10633,price,0.15207229894192
2025-04-13 12:00:00,2025-04-13 12:00:00,2025-04-13 13:00:00,2025-04-14 13:00:00,1,prebreak,ok,0.0,neither,,13561,1|2025-04-01,ok,0.07743538940499911,0.11113087275192536,1|price|10638,price,0.11113087275192536
2025-04-16 18:00:00,2025-04-16 18:00:00,2025-04-16 19:00:00,2025-04-17 19:00:00,1,prebreak,ok,0.0,neither,,13574,1|2025-04-01,ok,0.07743538940499911,0.10385541109809844,1|price|10651,price,0.10385541109809844
2025-05-21 00:00:00,2025-05-21 00:00:00,2025-05-21 01:00:00,2025-05-22 01:00:00,1,prebreak,ok,0.0,upper_first,22.0,13711,1|2025-04-01,ok,0.07743538940499911,0.10096172661980242,1|price|10788,price,0.10096172661980242
2025-05-22 06:00:00,2025-05-22 06:00:00,2025-05-22 07:00:00,2025-05-23 07:00:00,1,prebreak,ok,0.0,neither,,13716,1|2025-04-01,ok,0.07743538940499911,0.11246655964713588,1|price|10793,price,0.11246655964713588
2025-05-23 12:00:00,2025-05-23 12:00:00,2025-05-23 13:00:00,2025-05-24 13:00:00,1,prebreak,ok,0.0,neither,,13721,1|2025-04-01,ok,0.07743538940499911,0.11785935538592354,1|price|10798,price,0.11785935538592354
2025-05-24 18:00:00,2025-05-24 18:00:00,2025-05-24 19:00:00,2025-05-25 19:00:00,1,prebreak,ok,0.0,neither,,13726,1|2025-04-01,ok,0.07743538940499911,0.10748943906944686,1|price|10803,price,0.10748943906944686
2025-06-24 00:00:00,2025-06-24 00:00:00,2025-06-24 01:00:00,2025-06-25 01:00:00,1,prebreak,ok,0.0,neither,,13847,1|2025-04-01,ok,0.07743538940499911,0.1053418315521807,1|price|10924,price,0.1053418315521807
2025-10-12 00:00:00,2025-10-12 00:00:00,2025-10-12 01:00:00,2025-10-13 01:00:00,1,prebreak,ok,0.0,upper_first,14.0,14287,1|2025-10-01,ok,0.058103271283803375,0.10549347015944831,1|price|11364,price,0.10549347015944831
2025-10-13 06:00:00,2025-10-13 06:00:00,2025-10-13 07:00:00,2025-10-14 07:00:00,1,prebreak,ok,0.0,neither,,14292,1|2025-10-01,ok,0.058103271283803375,0.1074071645542702,1|price|11369,price,0.1074071645542702
2025-10-22 00:00:00,2025-10-22 00:00:00,2025-10-22 01:00:00,2025-10-23 01:00:00,1,prebreak,ok,0.0,neither,,14327,1|2025-10-01,ok,0.058103271283803375,0.11617878420911826,1|price|11404,price,0.11617878420911826
2025-10-23 06:00:00,2025-10-23 06:00:00,2025-10-23 07:00:00,2025-10-24 07:00:00,1,prebreak,ok,0.0,neither,,14332,1|2025-10-01,ok,0.058103271283803375,0.10570932515710002,1|price|11409,price,0.10570932515710002
2025-10-24 12:00:00,2025-10-24 12:00:00,2025-10-24 13:00:00,2025-10-25 13:00:00,1,prebreak,ok,0.0,neither,,14337,1|2025-10-01,ok,0.058103271283803375,0.1093782251071008,1|price|11414,price,0.1093782251071008
2025-12-02 18:00:00,2025-12-02 18:00:00,2025-12-02 19:00:00,2025-12-03 19:00:00,1,prebreak,ok,0.0,neither,,14494,1|2025-10-01,ok,0.058103271283803375,0.11074534327567936,1|price|11571,price,0.11074534327567936
2025-12-04 00:00:00,2025-12-04 00:00:00,2025-12-04 01:00:00,2025-12-05 01:00:00,1,prebreak,ok,0.0,neither,,14499,1|2025-10-01,ok,0.058103271283803375,0.11885227493270344,1|price|11576,price,0.11885227493270344
2025-12-09 18:00:00,2025-12-09 18:00:00,2025-12-09 19:00:00,2025-12-10 19:00:00,1,prebreak,ok,0.0,neither,,14522,1|2025-10-01,ok,0.058103271283803375,0.10281178301026882,1|price|11599,price,0.10281178301026882
2025-12-12 12:00:00,2025-12-12 12:00:00,2025-12-12 13:00:00,2025-12-13 13:00:00,1,prebreak,ok,0.0,neither,,14533,1|2025-10-01,ok,0.058103271283803375,0.10044556438499716,1|price|11610,price,0.10044556438499716
2025-12-17 18:00:00,2025-12-17 18:00:00,2025-12-17 19:00:00,2025-12-18 19:00:00,1,prebreak,ok,0.0,upper_first,18.0,14554,1|2025-10-01,ok,0.058103271283803375,0.11743524648342958,1|price|11631,price,0.11743524648342958
2025-12-20 00:00:00,2025-12-20 00:00:00,2025-12-20 01:00:00,2025-12-21 01:00:00,1,prebreak,ok,0.0,neither,,14563,1|2025-10-01,ok,0.058103271283803375,0.12434843925548986,1|price|11640,price,0.12434843925548986
2026-01-22 18:00:00,2026-01-22 18:00:00,2026-01-22 19:00:00,2026-01-23 19:00:00,1,prebreak,ok,0.0,neither,,14698,1|2026-01-01,ok,0.054641333909846046,0.10353809099736594,1|price|11775,price,0.10353809099736594
2026-01-24 00:00:00,2026-01-24 00:00:00,2026-01-24 01:00:00,2026-01-25 01:00:00,1,prebreak,ok,0.0,neither,,14703,1|2026-01-01,ok,0.054641333909846046,0.10225223976638453,1|price|11780,price,0.10225223976638453
2026-01-31 06:00:00,2026-01-31 06:00:00,2026-01-31 07:00:00,2026-02-01 07:00:00,1,prebreak,ok,1.0,lower_first,10.0,14732,1|2026-01-01,ok,0.054641333909846046,0.10207259468779513,1|price|11809,price,0.10207259468779513
2026-02-02 00:00:00,2026-02-02 00:00:00,2026-02-02 01:00:00,2026-02-03 01:00:00,1,prebreak,ok,0.0,neither,,14739,1|2026-01-01,ok,0.054641333909846046,0.10454715398639564,1|price|11816,price,0.10454715398639564
2026-02-03 06:00:00,2026-02-03 06:00:00,2026-02-03 07:00:00,2026-02-04 07:00:00,1,prebreak,ok,1.0,lower_first,11.0,14744,1|2026-01-01,ok,0.054641333909846046,0.11899823407337297,1|price|11821,price,0.11899823407337297
2026-02-07 00:00:00,2026-02-07 00:00:00,2026-02-07 01:00:00,2026-02-08 01:00:00,1,prebreak,ok,0.0,neither,,14759,1|2026-01-01,ok,0.054641333909846046,0.18218214042050745,1|price|11836,price,0.18218214042050745
2026-02-08 06:00:00,2026-02-08 06:00:00,2026-02-08 07:00:00,2026-02-09 07:00:00,1,prebreak,ok,0.0,upper_first,6.0,14764,1|2026-01-01,ok,0.054641333909846046,0.16657288092157627,1|price|11841,price,0.16657288092157627
2026-02-09 12:00:00,2026-02-09 12:00:00,2026-02-09 13:00:00,2026-02-10 13:00:00,1,prebreak,ok,0.0,neither,,14769,1|2026-01-01,ok,0.054641333909846046,0.12450511975923101,1|price|11846,price,0.12450511975923101
2026-02-11 00:00:00,2026-02-11 00:00:00,2026-02-11 01:00:00,2026-02-12 01:00:00,1,prebreak,ok,0.0,neither,,14775,1|2026-01-01,ok,0.054641333909846046,0.1051385295864752,1|price|11852,price,0.1051385295864752
2026-02-12 12:00:00,2026-02-12 12:00:00,2026-02-12 13:00:00,2026-02-13 13:00:00,1,prebreak,ok,0.0,neither,,14781,1|2026-01-01,ok,0.054641333909846046,0.10352017622664399,1|price|11858,price,0.10352017622664399
2026-02-13 18:00:00,2026-02-13 18:00:00,2026-02-13 19:00:00,2026-02-14 19:00:00,1,prebreak,ok,0.0,neither,,14786,1|2026-01-01,ok,0.054641333909846046,0.10702222430878651,1|price|11863,price,0.10702222430878651
2026-02-24 06:00:00,2026-02-24 06:00:00,2026-02-24 07:00:00,2026-02-25 07:00:00,1,prebreak,ok,0.0,upper_first,18.0,14828,1|2026-01-01,ok,0.054641333909846046,0.10271713638968301,1|price|11905,price,0.10271713638968301
2026-02-25 12:00:00,2026-02-25 12:00:00,2026-02-25 13:00:00,2026-02-26 13:00:00,1,prebreak,ok,0.0,upper_first,3.0,14833,1|2026-01-01,ok,0.054641333909846046,0.11852888989103248,1|price|11910,price,0.11852888989103248
2026-02-27 12:00:00,2026-02-27 12:00:00,2026-02-27 13:00:00,2026-02-28 13:00:00,1,prebreak,ok,0.0,neither,,14841,1|2026-01-01,ok,0.054641333909846046,0.10265061729616629,1|price|11918,price,0.10265061729616629
2026-03-01 12:00:00,2026-03-01 12:00:00,2026-03-01 13:00:00,2026-03-02 13:00:00,1,prebreak,ok,0.0,neither,,14849,1|2026-01-01,ok,0.054641333909846046,0.11948775317657721,1|price|11926,price,0.11948775317657721
2026-03-02 18:00:00,2026-03-02 18:00:00,2026-03-02 19:00:00,2026-03-03 19:00:00,1,prebreak,ok,0.0,neither,,14854,1|2026-01-01,ok,0.054641333909846046,0.1350079553956405,1|price|11931,price,0.1350079553956405
2026-03-04 00:00:00,2026-03-04 00:00:00,2026-03-04 01:00:00,2026-03-05 01:00:00,1,prebreak,ok,0.0,upper_first,7.0,14859,1|2026-01-01,ok,0.054641333909846046,0.12177038953902161,1|price|11936,price,0.12177038953902161
2026-03-05 06:00:00,2026-03-05 06:00:00,2026-03-05 07:00:00,2026-03-06 07:00:00,1,prebreak,ok,0.0,neither,,14864,1|2026-01-01,ok,0.054641333909846046,0.13475059281508753,1|price|11941,price,0.13475059281508753
2026-03-06 12:00:00,2026-03-06 12:00:00,2026-03-06 13:00:00,2026-03-07 13:00:00,1,prebreak,ok,0.0,neither,,14869,1|2026-01-01,ok,0.054641333909846046,0.10695655993023605,1|price|11946,price,0.10695655993023605
2026-03-10 18:00:00,2026-03-10 18:00:00,2026-03-10 19:00:00,2026-03-11 19:00:00,1,prebreak,ok,0.0,neither,,14886,1|2026-01-01,ok,0.054641333909846046,0.10311758874088049,1|price|11963,price,0.10311758874088049
2026-03-12 00:00:00,2026-03-12 00:00:00,2026-03-12 01:00:00,2026-03-13 01:00:00,1,prebreak,ok,0.0,neither,,14891,1|2026-01-01,ok,0.054641333909846046,0.10830343192043446,1|price|11968,price,0.10830343192043446
2026-03-13 06:00:00,2026-03-13 06:00:00,2026-03-13 07:00:00,2026-03-14 07:00:00,1,prebreak,ok,0.0,upper_first,6.0,14896,1|2026-01-01,ok,0.054641333909846046,0.10233845529009578,1|price|11973,price,0.10233845529009578
2026-03-24 00:00:00,2026-03-24 00:00:00,2026-03-24 01:00:00,2026-03-25 01:00:00,1,prebreak,ok,0.0,neither,,14939,1|2026-01-01,ok,0.054641333909846046,0.10570532585089543,1|price|12016,price,0.10570532585089543
2026-03-25 06:00:00,2026-03-25 06:00:00,2026-03-25 07:00:00,2026-03-26 07:00:00,1,prebreak,ok,0.0,neither,,14944,1|2026-01-01,ok,0.054641333909846046,0.10329693196095906,1|price|12021,price,0.10329693196095906
2026-03-26 12:00:00,2026-03-26 12:00:00,2026-03-26 13:00:00,2026-03-27 13:00:00,1,prebreak,ok,0.0,neither,,14949,1|2026-01-01,ok,0.054641333909846046,0.10283094026677451,1|price|12026,price,0.10283094026677451
2026-06-07 12:00:00,2026-06-07 12:00:00,2026-06-07 13:00:00,2026-06-08 13:00:00,1,prebreak,ok,0.0,upper_first,9.0,15241,1|2026-04-01,ok,0.054753536437045,0.13456822628299028,1|price|12318,price,0.13456822628299028
2026-06-08 18:00:00,2026-06-08 18:00:00,2026-06-08 19:00:00,2026-06-09 19:00:00,1,prebreak,ok,0.0,neither,,15246,1|2026-04-01,ok,0.054753536437045,0.1104425730010964,1|price|12323,price,0.1104425730010964
2026-06-26 18:00:00,2026-06-26 18:00:00,2026-06-26 19:00:00,2026-06-27 19:00:00,1,prebreak,ok,0.0,neither,,15318,1|2026-04-01,ok,0.054753536437045,0.14758942044062534,1|price|12395,price,0.14758942044062534
2026-06-28 00:00:00,2026-06-28 00:00:00,2026-06-28 01:00:00,2026-06-29 01:00:00,1,prebreak,ok,0.0,neither,,15323,1|2026-04-01,ok,0.054753536437045,0.14047748970647603,1|price|12400,price,0.14047748970647603
2026-08-20 12:00:00,2026-08-20 12:00:00,2026-08-20 13:00:00,2026-08-21 13:00:00,1,prebreak,ok,0.0,upper_first,12.0,15537,1|2026-07-01,ok,0.049385396399356525,0.1012676386676152,1|price|12614,price,0.1012676386676152
2026-08-21 18:00:00,2026-08-21 18:00:00,2026-08-21 19:00:00,2026-08-22 19:00:00,1,prebreak,ok,0.0,neither,,15542,1|2026-07-01,ok,0.049385396399356525,0.12606312491767332,1|price|12619,price,0.12606312491767332
2026-08-23 00:00:00,2026-08-23 00:00:00,2026-08-23 01:00:00,2026-08-24 01:00:00,1,prebreak,ok,0.0,neither,,15547,1|2026-07-01,ok,0.049385396399356525,0.11801089549620737,1|price|12624,price,0.11801089549620737
2026-08-24 06:00:00,2026-08-24 06:00:00,2026-08-24 07:00:00,2026-08-25 07:00:00,1,prebreak,ok,0.0,upper_first,7.0,15552,1|2026-07-01,ok,0.049385396399356525,0.11937876828542833,1|price|12629,price,0.11937876828542833
2018-01-12 06:00:00,2018-01-12 06:00:00,2018-01-12 12:00:00,2018-01-13 12:00:00,6,prebreak,ok,0.0,upper_first,19.0,18654,6|2018-01-01,ok,0.12730769068776435,0.20935765326877379,6|recent|12808,recent,0.12730769068776435
2018-01-13 12:00:00,2018-01-13 12:00:00,2018-01-13 18:00:00,2018-01-14 18:00:00,6,prebreak,ok,1.0,lower_first,15.0,18659,6|2018-01-01,ok,0.12730769068776435,0.18921222400764895,6|recent|12813,recent,0.12730769068776435
2018-01-14 18:00:00,2018-01-14 18:00:00,2018-01-15 00:00:00,2018-01-16 00:00:00,6,prebreak,ok,0.0,upper_first,12.0,18664,6|2018-01-01,ok,0.12730769068776435,0.13900565671959433,6|recent|12818,recent,0.12730769068776435
2018-01-16 00:00:00,2018-01-16 00:00:00,2018-01-16 06:00:00,2018-01-17 06:00:00,6,prebreak,ok,1.0,lower_first,2.0,18669,6|2018-01-01,ok,0.12730769068776435,0.1217431816631644,6|recent|12823,recent,0.12730769068776435
2018-01-18 18:00:00,2018-01-18 18:00:00,2018-01-19 00:00:00,2018-01-20 00:00:00,6,prebreak,ok,0.0,upper_first,1.0,18680,6|2018-01-01,ok,0.12730769068776435,0.2813763013792528,6|recent|12834,recent,0.12730769068776435
2018-01-20 00:00:00,2018-01-20 00:00:00,2018-01-20 06:00:00,2018-01-21 06:00:00,6,prebreak,ok,0.0,upper_first,12.0,18685,6|2018-01-01,ok,0.12730769068776435,0.2401968016034494,6|recent|12839,recent,0.12730769068776435
2018-01-21 06:00:00,2018-01-21 06:00:00,2018-01-21 12:00:00,2018-01-22 12:00:00,6,prebreak,ok,1.0,lower_first,4.0,18690,6|2018-01-01,ok,0.12730769068776435,0.19516882840332603,6|recent|12844,recent,0.12730769068776435
2018-01-22 12:00:00,2018-01-22 12:00:00,2018-01-22 18:00:00,2018-01-23 18:00:00,6,prebreak,ok,1.0,lower_first,3.0,18695,6|2018-01-01,ok,0.12730769068776435,0.18554427388255623,6|recent|12849,recent,0.12730769068776435
2018-01-23 18:00:00,2018-01-23 18:00:00,2018-01-24 00:00:00,2018-01-25 00:00:00,6,prebreak,ok,0.0,upper_first,12.0,18700,6|2018-01-01,ok,0.12730769068776435,0.2028113351270195,6|recent|12854,recent,0.12730769068776435
2018-01-25 00:00:00,2018-01-25 00:00:00,2018-01-25 06:00:00,2018-01-26 06:00:00,6,prebreak,ok,1.0,lower_first,9.0,18705,6|2018-01-01,ok,0.12730769068776435,0.19835976866171098,6|recent|12859,recent,0.12730769068776435
2018-01-26 06:00:00,2018-01-26 06:00:00,2018-01-26 12:00:00,2018-01-27 12:00:00,6,prebreak,ok,0.0,upper_first,3.0,18710,6|2018-01-01,ok,0.12730769068776435,0.1650412053072519,6|recent|12864,recent,0.12730769068776435
2018-01-27 12:00:00,2018-01-27 12:00:00,2018-01-27 18:00:00,2018-01-28 18:00:00,6,prebreak,ok,0.0,upper_first,12.0,18715,6|2018-01-01,ok,0.12730769068776435,0.16632063625000912,6|recent|12869,recent,0.12730769068776435
2018-01-28 18:00:00,2018-01-28 18:00:00,2018-01-29 00:00:00,2018-01-30 00:00:00,6,prebreak,ok,1.0,lower_first,11.0,18720,6|2018-01-01,ok,0.12730769068776435,0.15257710663876273,6|recent|12874,recent,0.12730769068776435
2018-01-30 00:00:00,2018-01-30 00:00:00,2018-01-30 06:00:00,2018-01-31 06:00:00,6,prebreak,ok,1.0,lower_first,7.0,18725,6|2018-01-01,ok,0.12730769068776435,0.137341369329733,6|recent|12879,recent,0.12730769068776435
2018-03-03 12:00:00,2018-03-03 12:00:00,2018-03-03 18:00:00,2018-03-04 18:00:00,6,prebreak,ok,0.0,neither,,18855,6|2018-01-01,ok,0.12730769068776435,0.12684310030053134,6|recent|13009,recent,0.12730769068776435
2018-03-04 18:00:00,2018-03-04 18:00:00,2018-03-05 00:00:00,2018-03-06 00:00:00,6,prebreak,ok,0.0,neither,,18860,6|2018-01-01,ok,0.12730769068776435,0.1318219743024953,6|recent|13014,recent,0.12730769068776435
2018-03-06 00:00:00,2018-03-06 00:00:00,2018-03-06 06:00:00,2018-03-07 06:00:00,6,prebreak,ok,1.0,lower_first,11.0,18865,6|2018-01-01,ok,0.12730769068776435,0.11916145539785317,6|recent|13019,recent,0.12730769068776435
2018-03-10 06:00:00,2018-03-10 06:00:00,2018-03-10 12:00:00,2018-03-11 12:00:00,6,prebreak,ok,1.0,lower_first,8.0,18882,6|2018-01-01,ok,0.12730769068776435,0.2284529369320377,6|recent|13036,recent,0.12730769068776435
2018-03-11 12:00:00,2018-03-11 12:00:00,2018-03-11 18:00:00,2018-03-12 18:00:00,6,prebreak,ok,1.0,lower_first,21.0,18887,6|2018-01-01,ok,0.12730769068776435,0.19962147582679177,6|recent|13041,recent,0.12730769068776435
2018-03-12 18:00:00,2018-03-12 18:00:00,2018-03-13 00:00:00,2018-03-14 00:00:00,6,prebreak,ok,0.0,upper_first,4.0,18892,6|2018-01-01,ok,0.12730769068776435,0.20479891162509886,6|recent|13046,recent,0.12730769068776435
2018-03-14 00:00:00,2018-03-14 00:00:00,2018-03-14 06:00:00,2018-03-15 06:00:00,6,prebreak,ok,1.0,lower_first,4.0,18897,6|2018-01-01,ok,0.12730769068776435,0.21341677200993187,6|recent|13051,recent,0.12730769068776435
2018-03-16 06:00:00,2018-03-16 06:00:00,2018-03-16 12:00:00,2018-03-17 12:00:00,6,prebreak,ok,0.0,upper_first,1.0,18906,6|2018-01-01,ok,0.12730769068776435,0.1984637881170774,6|recent|13060,recent,0.12730769068776435
2018-03-17 12:00:00,2018-03-17 12:00:00,2018-03-17 18:00:00,2018-03-18 18:00:00,6,prebreak,ok,1.0,lower_first,19.0,18911,6|2018-01-01,ok,0.12730769068776435,0.17644347984591083,6|recent|13065,recent,0.12730769068776435
2018-03-19 18:00:00,2018-03-19 18:00:00,2018-03-20 00:00:00,2018-03-21 00:00:00,6,prebreak,ok,0.0,upper_first,17.0,18920,6|2018-01-01,ok,0.12730769068776435,0.17778135670474854,6|recent|13074,recent,0.12730769068776435
2018-03-21 00:00:00,2018-03-21 00:00:00,2018-03-21 06:00:00,2018-03-22 06:00:00,6,prebreak,ok,0.0,neither,,18925,6|2018-01-01,ok,0.12730769068776435,0.1667109096397607,6|recent|13079,recent,0.12730769068776435
2018-03-22 06:00:00,2018-03-22 06:00:00,2018-03-22 12:00:00,2018-03-23 12:00:00,6,prebreak,ok,0.0,neither,,18930,6|2018-01-01,ok,0.12730769068776435,0.11818744065990368,6|recent|13084,recent,0.12730769068776435
2018-03-23 12:00:00,2018-03-23 12:00:00,2018-03-23 18:00:00,2018-03-24 18:00:00,6,prebreak,ok,0.0,upper_first,5.0,18935,6|2018-01-01,ok,0.12730769068776435,0.12087782051245267,6|recent|13089,recent,0.12730769068776435
2018-03-24 18:00:00,2018-03-24 18:00:00,2018-03-25 00:00:00,2018-03-26 00:00:00,6,prebreak,ok,0.0,neither,,18940,6|2018-01-01,ok,0.12730769068776435,0.1310477779267538,6|recent|13094,recent,0.12730769068776435
2018-03-26 00:00:00,2018-03-26 00:00:00,2018-03-26 06:00:00,2018-03-27 06:00:00,6,prebreak,ok,1.0,lower_first,6.0,18945,6|2018-01-01,ok,0.12730769068776435,0.13875490064342025,6|recent|13099,recent,0.12730769068776435
2018-03-28 06:00:00,2018-03-28 06:00:00,2018-03-28 12:00:00,2018-03-29 12:00:00,6,prebreak,ok,1.0,lower_first,16.0,18954,6|2018-01-01,ok,0.12730769068776435,0.14105792998711025,6|recent|13108,recent,0.12730769068776435
2018-03-31 06:00:00,2018-03-31 06:00:00,2018-03-31 12:00:00,2018-04-01 12:00:00,6,prebreak,ok,1.0,lower_first,19.0,18966,6|2018-01-01,ok,0.12730769068776435,0.1688173366575655,6|recent|13120,recent,0.12730769068776435
2018-04-01 12:00:00,2018-04-01 12:00:00,2018-04-01 18:00:00,2018-04-02 18:00:00,6,prebreak,ok,0.0,upper_first,6.0,18971,6|2018-04-01,ok,0.16481999154147045,0.2543165085534307,6|recent|13125,recent,0.16481999154147045
2018-04-02 18:00:00,2018-04-02 18:00:00,2018-04-03 00:00:00,2018-04-04 00:00:00,6,prebreak,ok,0.0,upper_first,4.0,18976,6|2018-04-01,ok,0.16481999154147045,0.19808790981078891,6|recent|13130,recent,0.16481999154147045
2018-04-04 00:00:00,2018-04-04 00:00:00,2018-04-04 06:00:00,2018-04-05 06:00:00,6,prebreak,ok,1.0,lower_first,8.0,18981,6|2018-04-01,ok,0.16481999154147045,0.1593748150594004,6|recent|13135,recent,0.16481999154147045
2018-04-06 06:00:00,2018-04-06 06:00:00,2018-04-06 12:00:00,2018-04-07 12:00:00,6,prebreak,ok,0.0,upper_first,13.0,18990,6|2018-04-01,ok,0.16481999154147045,0.17590906181181232,6|recent|13144,recent,0.16481999154147045
2018-04-07 12:00:00,2018-04-07 12:00:00,2018-04-07 18:00:00,2018-04-08 18:00:00,6,prebreak,ok,0.0,neither,,18995,6|2018-04-01,ok,0.16481999154147045,0.18852225725864397,6|recent|13149,recent,0.16481999154147045
2018-04-08 18:00:00,2018-04-08 18:00:00,2018-04-09 00:00:00,2018-04-10 00:00:00,6,prebreak,ok,1.0,lower_first,19.0,19000,6|2018-04-01,ok,0.16481999154147045,0.14468365657503254,6|recent|13154,recent,0.16481999154147045
2018-04-10 00:00:00,2018-04-10 00:00:00,2018-04-10 06:00:00,2018-04-11 06:00:00,6,prebreak,ok,0.0,neither,,19005,6|2018-04-01,ok,0.16481999154147045,0.15286285454894974,6|recent|13159,recent,0.16481999154147045
2018-04-11 06:00:00,2018-04-11 06:00:00,2018-04-11 12:00:00,2018-04-12 12:00:00,6,prebreak,ok,0.0,upper_first,23.0,19010,6|2018-04-01,ok,0.16481999154147045,0.1427898352645622,6|recent|13164,recent,0.16481999154147045
2018-04-12 12:00:00,2018-04-12 12:00:00,2018-04-12 18:00:00,2018-04-13 18:00:00,6,prebreak,ok,0.0,upper_first,5.0,19015,6|2018-04-01,ok,0.16481999154147045,0.05162445769949991,6|recent|13169,recent,0.16481999154147045
2018-04-13 18:00:00,2018-04-13 18:00:00,2018-04-14 00:00:00,2018-04-15 00:00:00,6,prebreak,ok,0.0,upper_first,7.0,19020,6|2018-04-01,ok,0.16481999154147045,0.23884127666737448,6|recent|13174,recent,0.16481999154147045
2018-04-15 00:00:00,2018-04-15 00:00:00,2018-04-15 06:00:00,2018-04-16 06:00:00,6,prebreak,ok,0.0,upper_first,5.0,19025,6|2018-04-01,ok,0.16481999154147045,0.25256057382196756,6|recent|13179,recent,0.16481999154147045
2018-04-16 06:00:00,2018-04-16 06:00:00,2018-04-16 12:00:00,2018-04-17 12:00:00,6,prebreak,ok,0.0,neither,,19030,6|2018-04-01,ok,0.16481999154147045,0.2090801919001682,6|recent|13184,recent,0.16481999154147045
2018-04-17 12:00:00,2018-04-17 12:00:00,2018-04-17 18:00:00,2018-04-18 18:00:00,6,prebreak,ok,0.0,neither,,19035,6|2018-04-01,ok,0.16481999154147045,0.15956586818264715,6|recent|13189,recent,0.16481999154147045
2018-04-19 00:00:00,2018-04-19 00:00:00,2018-04-19 06:00:00,2018-04-20 06:00:00,6,prebreak,ok,0.0,neither,,19041,6|2018-04-01,ok,0.16481999154147045,0.16500768547095165,6|recent|13195,recent,0.16481999154147045
2018-04-20 06:00:00,2018-04-20 06:00:00,2018-04-20 12:00:00,2018-04-21 12:00:00,6,prebreak,ok,0.0,upper_first,10.0,19046,6|2018-04-01,ok,0.16481999154147045,0.12803238503474823,6|recent|13200,recent,0.16481999154147045
2018-04-21 12:00:00,2018-04-21 12:00:00,2018-04-21 18:00:00,2018-04-22 18:00:00,6,prebreak,ok,0.0,neither,,19051,6|2018-04-01,ok,0.16481999154147045,0.14284542379563128,6|recent|13205,recent,0.16481999154147045
2018-04-22 18:00:00,2018-04-22 18:00:00,2018-04-23 00:00:00,2018-04-24 00:00:00,6,prebreak,ok,0.0,neither,,19056,6|2018-04-01,ok,0.16481999154147045,0.12770239010948134,6|recent|13210,recent,0.16481999154147045
2018-04-24 00:00:00,2018-04-24 00:00:00,2018-04-24 06:00:00,2018-04-25 06:00:00,6,prebreak,ok,0.0,upper_first,16.0,19061,6|2018-04-01,ok,0.16481999154147045,0.10774259603895586,6|recent|13215,recent,0.16481999154147045
2018-04-25 06:00:00,2018-04-25 06:00:00,2018-04-25 12:00:00,2018-04-26 12:00:00,6,prebreak,ok,1.0,lower_first,2.0,19066,6|2018-04-01,ok,0.16481999154147045,0.148177920103333,6|recent|13220,recent,0.16481999154147045
2018-04-26 18:00:00,2018-04-26 18:00:00,2018-04-27 00:00:00,2018-04-28 00:00:00,6,prebreak,ok,0.0,neither,,19072,6|2018-04-01,ok,0.16481999154147045,0.21551812807824855,6|recent|13226,recent,0.16481999154147045
2018-04-28 00:00:00,2018-04-28 00:00:00,2018-04-28 06:00:00,2018-04-29 06:00:00,6,prebreak,ok,0.0,upper_first,6.0,19077,6|2018-04-01,ok,0.16481999154147045,0.2281234660038578,6|recent|13231,recent,0.16481999154147045
2018-04-29 06:00:00,2018-04-29 06:00:00,2018-04-29 12:00:00,2018-04-30 12:00:00,6,prebreak,ok,0.0,neither,,19082,6|2018-04-01,ok,0.16481999154147045,0.15995981919344937,6|recent|13236,recent,0.16481999154147045
2018-04-30 12:00:00,2018-04-30 12:00:00,2018-04-30 18:00:00,2018-05-01 18:00:00,6,prebreak,ok,1.0,lower_first,18.0,19087,6|2018-04-01,ok,0.16481999154147045,0.16136498877676553,6|recent|13241,recent,0.16481999154147045
2018-05-01 18:00:00,2018-05-01 18:00:00,2018-05-02 00:00:00,2018-05-03 00:00:00,6,prebreak,ok,0.0,neither,,19092,6|2018-04-01,ok,0.16481999154147045,0.16297821925434702,6|recent|13246,recent,0.16481999154147045
2018-05-03 00:00:00,2018-05-03 00:00:00,2018-05-03 06:00:00,2018-05-04 06:00:00,6,prebreak,ok,0.0,upper_first,10.0,19097,6|2018-04-01,ok,0.16481999154147045,0.14965555004161255,6|recent|13251,recent,0.16481999154147045
2018-05-04 06:00:00,2018-05-04 06:00:00,2018-05-04 12:00:00,2018-05-05 12:00:00,6,prebreak,ok,0.0,neither,,19102,6|2018-04-01,ok,0.16481999154147045,0.12377573658002163,6|recent|13256,recent,0.16481999154147045
2018-05-05 12:00:00,2018-05-05 12:00:00,2018-05-05 18:00:00,2018-05-06 18:00:00,6,prebreak,ok,0.0,neither,,19107,6|2018-04-01,ok,0.16481999154147045,0.11990972697734988,6|recent|13261,recent,0.16481999154147045
2018-05-06 18:00:00,2018-05-06 18:00:00,2018-05-07 00:00:00,2018-05-08 00:00:00,6,prebreak,ok,0.0,neither,,19112,6|2018-04-01,ok,0.16481999154147045,0.14959582057051668,6|recent|13266,recent,0.16481999154147045
2018-05-08 06:00:00,2018-05-08 06:00:00,2018-05-08 12:00:00,2018-05-09 12:00:00,6,prebreak,ok,0.0,neither,,19118,6|2018-04-01,ok,0.16481999154147045,0.14118475799816574,6|recent|13272,recent,0.16481999154147045
2018-07-04 06:00:00,2018-07-04 06:00:00,2018-07-04 12:00:00,2018-07-05 12:00:00,6,prebreak,ok,0.0,upper_first,1.0,19346,6|2018-07-01,ok,0.16033612730160307,0.12436348426462826,6|recent|13500,recent,0.16033612730160307
2018-07-05 12:00:00,2018-07-05 12:00:00,2018-07-05 18:00:00,2018-07-06 18:00:00,6,prebreak,ok,0.0,neither,,19351,6|2018-07-01,ok,0.16033612730160307,0.15406904099053184,6|recent|13505,recent,0.16033612730160307
2018-07-06 18:00:00,2018-07-06 18:00:00,2018-07-07 00:00:00,2018-07-08 00:00:00,6,prebreak,ok,0.0,upper_first,23.0,19356,6|2018-07-01,ok,0.16033612730160307,0.12365504810079256,6|recent|13510,recent,0.16033612730160307
2018-07-08 00:00:00,2018-07-08 00:00:00,2018-07-08 06:00:00,2018-07-09 06:00:00,6,prebreak,ok,0.0,neither,,19361,6|2018-07-01,ok,0.16033612730160307,0.06840650752110337,6|recent|13515,recent,0.16033612730160307
2018-07-09 06:00:00,2018-07-09 06:00:00,2018-07-09 12:00:00,2018-07-10 12:00:00,6,prebreak,ok,1.0,lower_first,23.0,19366,6|2018-07-01,ok,0.16033612730160307,0.09401473467014601,6|recent|13520,recent,0.16033612730160307
2018-07-12 00:00:00,2018-07-12 00:00:00,2018-07-12 06:00:00,2018-07-13 06:00:00,6,prebreak,ok,0.0,neither,,19377,6|2018-07-01,ok,0.16033612730160307,0.11328294710657869,6|recent|13531,recent,0.16033612730160307
2018-07-13 12:00:00,2018-07-13 12:00:00,2018-07-13 18:00:00,2018-07-14 18:00:00,6,prebreak,ok,0.0,neither,,19383,6|2018-07-01,ok,0.16033612730160307,0.11831901282426543,6|recent|13537,recent,0.16033612730160307
2018-07-14 18:00:00,2018-07-14 18:00:00,2018-07-15 00:00:00,2018-07-16 00:00:00,6,prebreak,ok,0.0,neither,,19388,6|2018-07-01,ok,0.16033612730160307,0.09433316041941986,6|recent|13542,recent,0.16033612730160307
2018-07-16 00:00:00,2018-07-16 00:00:00,2018-07-16 06:00:00,2018-07-17 06:00:00,6,prebreak,ok,0.0,upper_first,5.0,19393,6|2018-07-01,ok,0.16033612730160307,0.0820787901594057,6|recent|13547,recent,0.16033612730160307
2018-07-17 06:00:00,2018-07-17 06:00:00,2018-07-17 12:00:00,2018-07-18 12:00:00,6,prebreak,ok,0.0,upper_first,5.0,19398,6|2018-07-01,ok,0.16033612730160307,0.0965124650942706,6|recent|13552,recent,0.16033612730160307
2018-07-18 12:00:00,2018-07-18 12:00:00,2018-07-18 18:00:00,2018-07-19 18:00:00,6,prebreak,ok,0.0,neither,,19403,6|2018-07-01,ok,0.16033612730160307,0.17381767185354746,6|recent|13557,recent,0.16033612730160307
2018-07-19 18:00:00,2018-07-19 18:00:00,2018-07-20 00:00:00,2018-07-21 00:00:00,6,prebreak,ok,0.0,neither,,19408,6|2018-07-01,ok,0.16033612730160307,0.16312979326684057,6|recent|13562,recent,0.16033612730160307
2018-07-21 00:00:00,2018-07-21 00:00:00,2018-07-21 06:00:00,2018-07-22 06:00:00,6,prebreak,ok,0.0,neither,,19413,6|2018-07-01,ok,0.16033612730160307,0.14325423951654095,6|recent|13567,recent,0.16033612730160307
2018-07-22 06:00:00,2018-07-22 06:00:00,2018-07-22 12:00:00,2018-07-23 12:00:00,6,prebreak,ok,0.0,upper_first,16.0,19418,6|2018-07-01,ok,0.16033612730160307,0.12584099268150747,6|recent|13572,recent,0.16033612730160307
2018-07-23 12:00:00,2018-07-23 12:00:00,2018-07-23 18:00:00,2018-07-24 18:00:00,6,prebreak,ok,0.0,upper_first,11.0,19423,6|2018-07-01,ok,0.16033612730160307,0.12192049613009327,6|recent|13577,recent,0.16033612730160307
2018-07-24 18:00:00,2018-07-24 18:00:00,2018-07-25 00:00:00,2018-07-26 00:00:00,6,prebreak,ok,0.0,neither,,19428,6|2018-07-01,ok,0.16033612730160307,0.10976070581559519,6|recent|13582,recent,0.16033612730160307
2018-07-26 00:00:00,2018-07-26 00:00:00,2018-07-26 06:00:00,2018-07-27 06:00:00,6,prebreak,ok,0.0,neither,,19433,6|2018-07-01,ok,0.16033612730160307,0.10853138499425964,6|recent|13587,recent,0.16033612730160307
2018-07-27 06:00:00,2018-07-27 06:00:00,2018-07-27 12:00:00,2018-07-28 12:00:00,6,prebreak,ok,0.0,upper_first,3.0,19438,6|2018-07-01,ok,0.16033612730160307,0.14841336627240634,6|recent|13592,recent,0.16033612730160307
2018-07-28 18:00:00,2018-07-28 18:00:00,2018-07-29 00:00:00,2018-07-30 00:00:00,6,prebreak,ok,0.0,neither,,19444,6|2018-07-01,ok,0.16033612730160307,0.1524120633075481,6|recent|13598,recent,0.16033612730160307
2018-07-30 00:00:00,2018-07-30 00:00:00,2018-07-30 06:00:00,2018-07-31 06:00:00,6,prebreak,ok,0.0,neither,,19449,6|2018-07-01,ok,0.16033612730160307,0.12376445590607046,6|recent|13603,recent,0.16033612730160307
2018-08-02 06:00:00,2018-08-02 06:00:00,2018-08-02 12:00:00,2018-08-03 12:00:00,6,prebreak,ok,0.0,neither,,19462,6|2018-07-01,ok,0.16033612730160307,0.1601675479678521,6|recent|13616,recent,0.16033612730160307
2018-08-04 06:00:00,2018-08-04 06:00:00,2018-08-04 12:00:00,2018-08-05 12:00:00,6,prebreak,ok,1.0,lower_first,2.0,19470,6|2018-07-01,ok,0.16033612730160307,0.14101159457167636,6|recent|13624,recent,0.16033612730160307
2018-08-06 06:00:00,2018-08-06 06:00:00,2018-08-06 12:00:00,2018-08-07 12:00:00,6,prebreak,ok,0.0,neither,,19478,6|2018-07-01,ok,0.16033612730160307,0.1590602404643049,6|recent|13632,recent,0.16033612730160307
2018-08-09 18:00:00,2018-08-09 18:00:00,2018-08-10 00:00:00,2018-08-11 00:00:00,6,prebreak,ok,,censored,,19492,6|2018-07-01,ok,0.16033612730160307,0.17108268776567212,6|recent|13646,recent,0.16033612730160307
2018-09-09 18:00:00,2018-09-09 18:00:00,2018-09-10 00:00:00,2018-09-11 00:00:00,6,prebreak,ok,0.0,neither,,19616,6|2018-07-01,ok,0.16033612730160307,0.1462557409089696,6|recent|13770,recent,0.16033612730160307
2018-09-11 00:00:00,2018-09-11 00:00:00,2018-09-11 06:00:00,2018-09-12 06:00:00,6,prebreak,ok,0.0,neither,,19621,6|2018-07-01,ok,0.16033612730160307,0.14101011064147911,6|recent|13775,recent,0.16033612730160307
2018-09-12 06:00:00,2018-09-12 06:00:00,2018-09-12 12:00:00,2018-09-13 12:00:00,6,prebreak,ok,0.0,upper_first,12.0,19626,6|2018-07-01,ok,0.16033612730160307,0.13706784868454813,6|recent|13780,recent,0.16033612730160307
2018-09-13 12:00:00,2018-09-13 12:00:00,2018-09-13 18:00:00,2018-09-14 18:00:00,6,prebreak,ok,0.0,neither,,19631,6|2018-07-01,ok,0.16033612730160307,0.0905065779847763,6|recent|13785,recent,0.16033612730160307
2018-09-14 18:00:00,2018-09-14 18:00:00,2018-09-15 00:00:00,2018-09-16 00:00:00,6,prebreak,ok,0.0,neither,,19636,6|2018-07-01,ok,0.16033612730160307,0.0933021068067628,6|recent|13790,recent,0.16033612730160307
2018-09-16 00:00:00,2018-09-16 00:00:00,2018-09-16 06:00:00,2018-09-17 06:00:00,6,prebreak,ok,0.0,neither,,19641,6|2018-07-01,ok,0.16033612730160307,0.1121854950220759,6|recent|13795,recent,0.16033612730160307
2018-09-17 06:00:00,2018-09-17 06:00:00,2018-09-17 12:00:00,2018-09-18 12:00:00,6,prebreak,ok,0.0,neither,,19646,6|2018-07-01,ok,0.16033612730160307,0.09738321261841186,6|recent|13800,recent,0.16033612730160307
2018-09-19 00:00:00,2018-09-19 00:00:00,2018-09-19 06:00:00,2018-09-20 06:00:00,6,prebreak,ok,0.0,neither,,19653,6|2018-07-01,ok,0.16033612730160307,0.09662543263592059,6|recent|13807,recent,0.16033612730160307
2018-09-21 00:00:00,2018-09-21 00:00:00,2018-09-21 06:00:00,2018-09-22 06:00:00,6,prebreak,ok,0.0,upper_first,2.0,19661,6|2018-07-01,ok,0.16033612730160307,0.14548978589310932,6|recent|13815,recent,0.16033612730160307
2018-09-22 06:00:00,2018-09-22 06:00:00,2018-09-22 12:00:00,2018-09-23 12:00:00,6,prebreak,ok,0.0,neither,,19666,6|2018-07-01,ok,0.16033612730160307,0.14801893373713906,6|recent|13820,recent,0.16033612730160307
2018-09-23 12:00:00,2018-09-23 12:00:00,2018-09-23 18:00:00,2018-09-24 18:00:00,6,prebreak,ok,0.0,neither,,19671,6|2018-07-01,ok,0.16033612730160307,0.10362154520065976,6|recent|13825,recent,0.16033612730160307
2018-09-27 00:00:00,2018-09-27 00:00:00,2018-09-27 06:00:00,2018-09-28 06:00:00,6,prebreak,ok,0.0,upper_first,13.0,19685,6|2018-07-01,ok,0.16033612730160307,0.10693943863911086,6|recent|13839,recent,0.16033612730160307
2018-09-28 06:00:00,2018-09-28 06:00:00,2018-09-28 12:00:00,2018-09-29 12:00:00,6,prebreak,ok,0.0,neither,,19690,6|2018-07-01,ok,0.16033612730160307,0.09536853373274734,6|recent|13844,recent,0.16033612730160307
2018-09-29 12:00:00,2018-09-29 12:00:00,2018-09-29 18:00:00,2018-09-30 18:00:00,6,prebreak,ok,0.0,neither,,19695,6|2018-07-01,ok,0.16033612730160307,0.11818254586671097,6|recent|13849,recent,0.16033612730160307
2018-09-30 18:00:00,2018-09-30 18:00:00,2018-10-01 00:00:00,2018-10-02 00:00:00,6,prebreak,ok,0.0,neither,,19700,6|2018-07-01,ok,0.16033612730160307,0.1300728907761486,6|recent|13854,recent,0.16033612730160307
2018-10-02 00:00:00,2018-10-02 00:00:00,2018-10-02 06:00:00,2018-10-03 06:00:00,6,prebreak,ok,0.0,neither,,19705,6|2018-10-01,ok,0.14044577682854759,0.084834720110841,6|recent|13859,recent,0.14044577682854759
2018-10-04 06:00:00,2018-10-04 06:00:00,2018-10-04 12:00:00,2018-10-05 12:00:00,6,prebreak,ok,0.0,neither,,19714,6|2018-10-01,ok,0.14044577682854759,0.06308469918971628,6|recent|13868,recent,0.14044577682854759
2018-10-05 12:00:00,2018-10-05 12:00:00,2018-10-05 18:00:00,2018-10-06 18:00:00,6,prebreak,ok,0.0,neither,,19719,6|2018-10-01,ok,0.14044577682854759,0.0660657273513926,6|recent|13873,recent,0.14044577682854759
2018-10-06 18:00:00,2018-10-06 18:00:00,2018-10-07 00:00:00,2018-10-08 00:00:00,6,prebreak,ok,0.0,neither,,19724,6|2018-10-01,ok,0.14044577682854759,0.058709155561661355,6|recent|13878,recent,0.14044577682854759
2018-10-08 00:00:00,2018-10-08 00:00:00,2018-10-08 06:00:00,2018-10-09 06:00:00,6,prebreak,ok,0.0,neither,,19729,6|2018-10-01,ok,0.14044577682854759,0.04047296376164672,6|recent|13883,recent,0.14044577682854759
2018-10-09 06:00:00,2018-10-09 06:00:00,2018-10-09 12:00:00,2018-10-10 12:00:00,6,prebreak,ok,0.0,neither,,19734,6|2018-10-01,ok,0.14044577682854759,0.04753646672394025,6|recent|13888,recent,0.14044577682854759
2018-10-12 06:00:00,2018-10-12 06:00:00,2018-10-12 12:00:00,2018-10-13 12:00:00,6,prebreak,ok,0.0,neither,,19746,6|2018-10-01,ok,0.14044577682854759,0.11256756284354283,6|recent|13900,recent,0.14044577682854759
2018-10-13 12:00:00,2018-10-13 12:00:00,2018-10-13 18:00:00,2018-10-14 18:00:00,6,prebreak,ok,0.0,neither,,19751,6|2018-10-01,ok,0.14044577682854759,0.11161538776105422,6|recent|13905,recent,0.14044577682854759
2018-10-14 18:00:00,2018-10-14 18:00:00,2018-10-15 00:00:00,2018-10-16 00:00:00,6,prebreak,ok,0.0,upper_first,5.0,19756,6|2018-10-01,ok,0.14044577682854759,0.043432453820192125,6|recent|13910,recent,0.14044577682854759
2018-10-16 00:00:00,2018-10-16 00:00:00,2018-10-16 06:00:00,2018-10-17 06:00:00,6,prebreak,ok,0.0,neither,,19761,6|2018-10-01,ok,0.14044577682854759,0.1579869333986874,6|recent|13915,recent,0.14044577682854759
2018-10-17 06:00:00,2018-10-17 06:00:00,2018-10-17 12:00:00,2018-10-18 12:00:00,6,prebreak,ok,0.0,neither,,19766,6|2018-10-01,ok,0.14044577682854759,0.15338715429092464,6|recent|13920,recent,0.14044577682854759
2018-10-18 12:00:00,2018-10-18 12:00:00,2018-10-18 18:00:00,2018-10-19 18:00:00,6,prebreak,ok,0.0,neither,,19771,6|2018-10-01,ok,0.14044577682854759,0.05322255671081138,6|recent|13925,recent,0.14044577682854759
2018-10-19 18:00:00,2018-10-19 18:00:00,2018-10-20 00:00:00,2018-10-21 00:00:00,6,prebreak,ok,0.0,neither,,19776,6|2018-10-01,ok,0.14044577682854759,0.04404704663792905,6|recent|13930,recent,0.14044577682854759
2018-10-21 00:00:00,2018-10-21 00:00:00,2018-10-21 06:00:00,2018-10-22 06:00:00,6,prebreak,ok,0.0,neither,,19781,6|2018-10-01,ok,0.14044577682854759,0.038910212640654716,6|recent|13935,recent,0.14044577682854759
2018-10-22 06:00:00,2018-10-22 06:00:00,2018-10-22 12:00:00,2018-10-23 12:00:00,6,prebreak,ok,0.0,neither,,19786,6|2018-10-01,ok,0.14044577682854759,0.027862999749212795,6|recent|13940,recent,0.14044577682854759
2018-10-24 12:00:00,2018-10-24 12:00:00,2018-10-24 18:00:00,2018-10-25 18:00:00,6,prebreak,ok,0.0,neither,,19795,6|2018-10-01,ok,0.14044577682854759,0.039696174700683304,6|recent|13949,recent,0.14044577682854759
2018-10-25 18:00:00,2018-10-25 18:00:00,2018-10-26 00:00:00,2018-10-27 00:00:00,6,prebreak,ok,0.0,neither,,19800,6|2018-10-01,ok,0.14044577682854759,0.041871537061015325,6|recent|13954,recent,0.14044577682854759
2018-10-27 00:00:00,2018-10-27 00:00:00,2018-10-27 06:00:00,2018-10-28 06:00:00,6,prebreak,ok,0.0,neither,,19805,6|2018-10-01,ok,0.14044577682854759,0.04712017552519565,6|recent|13959,recent,0.14044577682854759
2018-10-28 06:00:00,2018-10-28 06:00:00,2018-10-28 12:00:00,2018-10-29 12:00:00,6,prebreak,ok,0.0,neither,,19810,6|2018-10-01,ok,0.14044577682854759,0.03067135058200677,6|recent|13964,recent,0.14044577682854759
2018-10-30 18:00:00,2018-10-30 18:00:00,2018-10-31 00:00:00,2018-11-01 00:00:00,6,prebreak,ok,0.0,neither,,19820,6|2018-10-01,ok,0.14044577682854759,0.05473360087256292,6|recent|13974,recent,0.14044577682854759
2018-11-01 00:00:00,2018-11-01 00:00:00,2018-11-01 06:00:00,2018-11-02 06:00:00,6,prebreak,ok,0.0,neither,,19825,6|2018-10-01,ok,0.14044577682854759,0.07646866459469726,6|recent|13979,recent,0.14044577682854759
2018-11-02 06:00:00,2018-11-02 06:00:00,2018-11-02 12:00:00,2018-11-03 12:00:00,6,prebreak,ok,0.0,neither,,19830,6|2018-10-01,ok,0.14044577682854759,0.060120938289627536,6|recent|13984,recent,0.14044577682854759
2018-11-03 12:00:00,2018-11-03 12:00:00,2018-11-03 18:00:00,2018-11-04 18:00:00,6,prebreak,ok,0.0,neither,,19835,6|2018-10-01,ok,0.14044577682854759,0.060260327103244006,6|recent|13989,recent,0.14044577682854759
2018-11-04 18:00:00,2018-11-04 18:00:00,2018-11-05 00:00:00,2018-11-06 00:00:00,6,prebreak,ok,0.0,neither,,19840,6|2018-10-01,ok,0.14044577682854759,0.04590435049004947,6|recent|13994,recent,0.14044577682854759
2018-11-06 00:00:00,2018-11-06 00:00:00,2018-11-06 06:00:00,2018-11-07 06:00:00,6,prebreak,ok,0.0,neither,,19845,6|2018-10-01,ok,0.14044577682854759,0.048160917306151865,6|recent|13999,recent,0.14044577682854759
2018-11-07 06:00:00,2018-11-07 06:00:00,2018-11-07 12:00:00,2018-11-08 12:00:00,6,prebreak,ok,0.0,neither,,19850,6|2018-10-01,ok,0.14044577682854759,0.05281603955118026,6|recent|14004,recent,0.14044577682854759
2018-11-08 12:00:00,2018-11-08 12:00:00,2018-11-08 18:00:00,2018-11-09 18:00:00,6,prebreak,ok,0.0,neither,,19855,6|2018-10-01,ok,0.14044577682854759,0.04488761708086418,6|recent|14009,recent,0.14044577682854759
2018-11-10 12:00:00,2018-11-10 12:00:00,2018-11-10 18:00:00,2018-11-11 18:00:00,6,prebreak,ok,0.0,neither,,19863,6|2018-10-01,ok,0.14044577682854759,0.048308622380156374,6|recent|14017,recent,0.14044577682854759
2018-11-11 18:00:00,2018-11-11 18:00:00,2018-11-12 00:00:00,2018-11-13 00:00:00,6,prebreak,ok,0.0,neither,,19868,6|2018-10-01,ok,0.14044577682854759,0.04332384392512074,6|recent|14022,recent,0.14044577682854759
2018-11-13 00:00:00,2018-11-13 00:00:00,2018-11-13 06:00:00,2018-11-14 06:00:00,6,prebreak,ok,0.0,neither,,19873,6|2018-10-01,ok,0.14044577682854759,0.04493356888000768,6|recent|14027,recent,0.14044577682854759
2018-11-14 06:00:00,2018-11-14 06:00:00,2018-11-14 12:00:00,2018-11-15 12:00:00,6,prebreak,ok,1.0,lower_first,4.0,19878,6|2018-10-01,ok,0.14044577682854759,0.049226002709328594,6|recent|14032,recent,0.14044577682854759
2018-11-16 18:00:00,2018-11-16 18:00:00,2018-11-17 00:00:00,2018-11-18 00:00:00,6,prebreak,ok,0.0,neither,,19888,6|2018-10-01,ok,0.14044577682854759,0.22271618001717278,6|recent|14042,recent,0.14044577682854759
2018-11-18 00:00:00,2018-11-18 00:00:00,2018-11-18 06:00:00,2018-11-19 06:00:00,6,prebreak,ok,0.0,neither,,19893,6|2018-10-01,ok,0.14044577682854759,0.17235279984336213,6|recent|14047,recent,0.14044577682854759
2018-11-19 06:00:00,2018-11-19 06:00:00,2018-11-19 12:00:00,2018-11-20 12:00:00,6,prebreak,ok,1.0,lower_first,4.0,19898,6|2018-10-01,ok,0.14044577682854759,0.11371128523026083,6|recent|14052,recent,0.14044577682854759
2018-11-21 12:00:00,2018-11-21 12:00:00,2018-11-21 18:00:00,2018-11-22 18:00:00,6,prebreak,ok,0.0,upper_first,5.0,19907,6|2018-10-01,ok,0.14044577682854759,0.2507252182757924,6|recent|14061,recent,0.14044577682854759
2018-11-22 18:00:00,2018-11-22 18:00:00,2018-11-23 00:00:00,2018-11-24 00:00:00,6,prebreak,ok,0.0,neither,,19912,6|2018-10-01,ok,0.14044577682854759,0.25851266230844727,6|recent|14066,recent,0.14044577682854759
2018-11-24 00:00:00,2018-11-24 00:00:00,2018-11-24 06:00:00,2018-11-25 06:00:00,6,prebreak,ok,1.0,lower_first,15.0,19917,6|2018-10-01,ok,0.14044577682854759,0.19462505658210225,6|recent|14071,recent,0.14044577682854759
2018-11-26 06:00:00,2018-11-26 06:00:00,2018-11-26 12:00:00,2018-11-27 12:00:00,6,prebreak,ok,1.0,lower_first,2.0,19926,6|2018-10-01,ok,0.14044577682854759,0.22517918302048165,6|recent|14080,recent,0.14044577682854759
2018-11-27 12:00:00,2018-11-27 12:00:00,2018-11-27 18:00:00,2018-11-28 18:00:00,6,prebreak,ok,0.0,upper_first,3.0,19931,6|2018-10-01,ok,0.14044577682854759,0.2667361994271193,6|recent|14085,recent,0.14044577682854759
2018-11-28 18:00:00,2018-11-28 18:00:00,2018-11-29 00:00:00,2018-11-30 00:00:00,6,prebreak,ok,0.0,upper_first,9.0,19936,6|2018-10-01,ok,0.14044577682854759,0.20999470283182115,6|recent|14090,recent,0.14044577682854759
2018-11-30 00:00:00,2018-11-30 00:00:00,2018-11-30 06:00:00,2018-12-01 06:00:00,6,prebreak,ok,1.0,lower_first,4.0,19941,6|2018-10-01,ok,0.14044577682854759,0.1761843779014446,6|recent|14095,recent,0.14044577682854759
2018-12-01 06:00:00,2018-12-01 06:00:00,2018-12-01 12:00:00,2018-12-02 12:00:00,6,prebreak,ok,0.0,upper_first,4.0,19946,6|2018-10-01,ok,0.14044577682854759,0.19195146588761436,6|recent|14100,recent,0.14044577682854759
2018-12-02 12:00:00,2018-12-02 12:00:00,2018-12-02 18:00:00,2018-12-03 18:00:00,6,prebreak,ok,1.0,lower_first,21.0,19951,6|2018-10-01,ok,0.14044577682854759,0.17289286548856259,6|recent|14105,recent,0.14044577682854759
2018-12-04 18:00:00,2018-12-04 18:00:00,2018-12-05 00:00:00,2018-12-06 00:00:00,6,prebreak,ok,1.0,lower_first,16.0,19960,6|2018-10-01,ok,0.14044577682854759,0.18114375405682917,6|recent|14114,recent,0.14044577682854759
2018-12-06 18:00:00,2018-12-06 18:00:00,2018-12-07 00:00:00,2018-12-08 00:00:00,6,prebreak,ok,1.0,lower_first,16.0,19968,6|2018-10-01,ok,0.14044577682854759,0.18196021182263317,6|recent|14122,recent,0.14044577682854759
2018-12-08 18:00:00,2018-12-08 18:00:00,2018-12-09 00:00:00,2018-12-10 00:00:00,6,prebreak,ok,0.0,upper_first,14.0,19976,6|2018-10-01,ok,0.14044577682854759,0.23519000066901086,6|recent|14130,recent,0.14044577682854759
2018-12-10 00:00:00,2018-12-10 00:00:00,2018-12-10 06:00:00,2018-12-11 06:00:00,6,prebreak,ok,0.0,neither,,19981,6|2018-10-01,ok,0.14044577682854759,0.22978929144991547,6|recent|14135,recent,0.14044577682854759
2018-12-11 06:00:00,2018-12-11 06:00:00,2018-12-11 12:00:00,2018-12-12 12:00:00,6,prebreak,ok,0.0,upper_first,23.0,19986,6|2018-10-01,ok,0.14044577682854759,0.14573330994400535,6|recent|14140,recent,0.14044577682854759
2018-12-12 12:00:00,2018-12-12 12:00:00,2018-12-12 18:00:00,2018-12-13 18:00:00,6,prebreak,ok,0.0,neither,,19991,6|2018-10-01,ok,0.14044577682854759,0.10429348635877819,6|recent|14145,recent,0.14044577682854759
2018-12-13 18:00:00,2018-12-13 18:00:00,2018-12-14 00:00:00,2018-12-15 00:00:00,6,prebreak,ok,0.0,neither,,19996,6|2018-10-01,ok,0.14044577682854759,0.08638652843138785,6|recent|14150,recent,0.14044577682854759
2018-12-15 18:00:00,2018-12-15 18:00:00,2018-12-16 00:00:00,2018-12-17 00:00:00,6,prebreak,ok,0.0,neither,,20004,6|2018-10-01,ok,0.14044577682854759,0.118808078115981,6|recent|14158,recent,0.14044577682854759
2018-12-17 00:00:00,2018-12-17 00:00:00,2018-12-17 06:00:00,2018-12-18 06:00:00,6,prebreak,ok,0.0,upper_first,6.0,20009,6|2018-10-01,ok,0.14044577682854759,0.09494054725245624,6|recent|14163,recent,0.14044577682854759
2018-12-18 06:00:00,2018-12-18 06:00:00,2018-12-18 12:00:00,2018-12-19 12:00:00,6,prebreak,ok,0.0,upper_first,11.0,20014,6|2018-10-01,ok,0.14044577682854759,0.1294413783019969,6|recent|14168,recent,0.14044577682854759
2018-12-19 12:00:00,2018-12-19 12:00:00,2018-12-19 18:00:00,2018-12-20 18:00:00,6,prebreak,ok,0.0,upper_first,14.0,20019,6|2018-10-01,ok,0.14044577682854759,0.12513935379901314,6|recent|14173,recent,0.14044577682854759
2018-12-20 18:00:00,2018-12-20 18:00:00,2018-12-21 00:00:00,2018-12-22 00:00:00,6,prebreak,ok,1.0,lower_first,19.0,20024,6|2018-10-01,ok,0.14044577682854759,0.19193335799033345,6|recent|14178,recent,0.14044577682854759
2018-12-22 00:00:00,2018-12-22 00:00:00,2018-12-22 06:00:00,2018-12-23 06:00:00,6,prebreak,ok,0.0,upper_first,17.0,20029,6|2018-10-01,ok,0.14044577682854759,0.22984768575487807,6|recent|14183,recent,0.14044577682854759
2018-12-23 06:00:00,2018-12-23 06:00:00,2018-12-23 12:00:00,2018-12-24 12:00:00,6,prebreak,ok,0.0,upper_first,12.0,20034,6|2018-10-01,ok,0.14044577682854759,0.23170155602133538,6|recent|14188,recent,0.14044577682854759
2018-12-24 12:00:00,2018-12-24 12:00:00,2018-12-24 18:00:00,2018-12-25 18:00:00,6,prebreak,ok,1.0,lower_first,6.0,20039,6|2018-10-01,ok,0.14044577682854759,0.1871789324909032,6|recent|14193,recent,0.14044577682854759
2019-01-25 06:00:00,2019-01-25 06:00:00,2019-01-25 12:00:00,2019-01-26 12:00:00,6,prebreak,ok,0.0,upper_first,19.0,20166,6|2019-01-01,ok,0.14340869320469574,0.07115224266524339,6|recent|14320,recent,0.14340869320469574
2019-01-26 12:00:00,2019-01-26 12:00:00,2019-01-26 18:00:00,2019-01-27 18:00:00,6,prebreak,ok,0.0,neither,,20171,6|2019-01-01,ok,0.14340869320469574,0.08198221756363946,6|recent|14325,recent,0.14340869320469574
2019-01-27 18:00:00,2019-01-27 18:00:00,2019-01-28 00:00:00,2019-01-29 00:00:00,6,prebreak,ok,0.0,neither,,20176,6|2019-01-01,ok,0.14340869320469574,0.05513344305663635,6|recent|14330,recent,0.14340869320469574
2019-01-29 06:00:00,2019-01-29 06:00:00,2019-01-29 12:00:00,2019-01-30 12:00:00,6,prebreak,ok,0.0,neither,,20182,6|2019-01-01,ok,0.14340869320469574,0.09987666045655026,6|recent|14336,recent,0.14340869320469574
2019-01-30 12:00:00,2019-01-30 12:00:00,2019-01-30 18:00:00,2019-01-31 18:00:00,6,prebreak,ok,0.0,neither,,20187,6|2019-01-01,ok,0.14340869320469574,0.08307881614515876,6|recent|14341,recent,0.14340869320469574
2019-01-31 18:00:00,2019-01-31 18:00:00,2019-02-01 00:00:00,2019-02-02 00:00:00,6,prebreak,ok,0.0,neither,,20192,6|2019-01-01,ok,0.14340869320469574,0.07083330627113935,6|recent|14346,recent,0.14340869320469574
2019-02-02 00:00:00,2019-02-02 00:00:00,2019-02-02 06:00:00,2019-02-03 06:00:00,6,prebreak,ok,0.0,neither,,20197,6|2019-01-01,ok,0.14340869320469574,0.07314608353830555,6|recent|14351,recent,0.14340869320469574
2019-02-03 06:00:00,2019-02-03 06:00:00,2019-02-03 12:00:00,2019-02-04 12:00:00,6,prebreak,ok,0.0,neither,,20202,6|2019-01-01,ok,0.14340869320469574,0.07182735866355543,6|recent|14356,recent,0.14340869320469574
2019-02-04 12:00:00,2019-02-04 12:00:00,2019-02-04 18:00:00,2019-02-05 18:00:00,6,prebreak,ok,0.0,neither,,20207,6|2019-01-01,ok,0.14340869320469574,0.07119874832157831,6|recent|14361,recent,0.14340869320469574
2019-02-05 18:00:00,2019-02-05 18:00:00,2019-02-06 00:00:00,2019-02-07 00:00:00,6,prebreak,ok,0.0,neither,,20212,6|2019-01-01,ok,0.14340869320469574,0.057731991520812084,6|recent|14366,recent,0.14340869320469574
2019-02-07 06:00:00,2019-02-07 06:00:00,2019-02-07 12:00:00,2019-02-08 12:00:00,6,prebreak,ok,0.0,neither,,20218,6|2019-01-01,ok,0.14340869320469574,0.05149540193319236,6|recent|14372,recent,0.14340869320469574
2019-02-08 12:00:00,2019-02-08 12:00:00,2019-02-08 18:00:00,2019-02-09 18:00:00,6,prebreak,ok,0.0,neither,,20223,6|2019-01-01,ok,0.14340869320469574,0.044514915127345143,6|recent|14377,recent,0.14340869320469574
2019-02-09 18:00:00,2019-02-09 18:00:00,2019-02-10 00:00:00,2019-02-11 00:00:00,6,prebreak,ok,0.0,neither,,20228,6|2019-01-01,ok,0.14340869320469574,0.14239745553282893,6|recent|14382,recent,0.14340869320469574
2019-02-11 00:00:00,2019-02-11 00:00:00,2019-02-11 06:00:00,2019-02-12 06:00:00,6,prebreak,ok,0.0,neither,,20233,6|2019-01-01,ok,0.14340869320469574,0.13256930791859964,6|recent|14387,recent,0.14340869320469574
2019-02-13 06:00:00,2019-02-13 06:00:00,2019-02-13 12:00:00,2019-02-14 12:00:00,6,prebreak,ok,0.0,neither,,20242,6|2019-01-01,ok,0.14340869320469574,0.07117215790814582,6|recent|14396,recent,0.14340869320469574
2019-02-14 12:00:00,2019-02-14 12:00:00,2019-02-14 18:00:00,2019-02-15 18:00:00,6,prebreak,ok,0.0,neither,,20247,6|2019-01-01,ok,0.14340869320469574,0.07303248851933336,6|recent|14401,recent,0.14340869320469574
2019-02-15 18:00:00,2019-02-15 18:00:00,2019-02-16 00:00:00,2019-02-17 00:00:00,6,prebreak,ok,0.0,neither,,20252,6|2019-01-01,ok,0.14340869320469574,0.06317634434926052,6|recent|14406,recent,0.14340869320469574
2019-02-17 00:00:00,2019-02-17 00:00:00,2019-02-17 06:00:00,2019-02-18 06:00:00,6,prebreak,ok,0.0,upper_first,19.0,20257,6|2019-01-01,ok,0.14340869320469574,0.05382990785921744,6|recent|14411,recent,0.14340869320469574
2019-02-18 06:00:00,2019-02-18 06:00:00,2019-02-18 12:00:00,2019-02-19 12:00:00,6,prebreak,ok,0.0,upper_first,2.0,20262,6|2019-01-01,ok,0.14340869320469574,0.050371978228827434,6|recent|14416,recent,0.14340869320469574
2019-02-19 12:00:00,2019-02-19 12:00:00,2019-02-19 18:00:00,2019-02-20 18:00:00,6,prebreak,ok,0.0,neither,,20267,6|2019-01-01,ok,0.14340869320469574,0.092491808397572,6|recent|14421,recent,0.14340869320469574
2019-02-20 18:00:00,2019-02-20 18:00:00,2019-02-21 00:00:00,2019-02-22 00:00:00,6,prebreak,ok,0.0,neither,,20272,6|2019-01-01,ok,0.14340869320469574,0.10087689564149038,6|recent|14426,recent,0.14340869320469574
2019-02-22 00:00:00,2019-02-22 00:00:00,2019-02-22 06:00:00,2019-02-23 06:00:00,6,prebreak,ok,0.0,neither,,20277,6|2019-01-01,ok,0.14340869320469574,0.11535867716968615,6|recent|14431,recent,0.14340869320469574
2019-02-23 06:00:00,2019-02-23 06:00:00,2019-02-23 12:00:00,2019-02-24 12:00:00,6,prebreak,ok,0.0,upper_first,5.0,20282,6|2019-01-01,ok,0.14340869320469574,0.08779167705910347,6|recent|14436,recent,0.14340869320469574
2019-02-24 12:00:00,2019-02-24 12:00:00,2019-02-24 18:00:00,2019-02-25 18:00:00,6,prebreak,ok,0.0,neither,,20287,6|2019-01-01,ok,0.14340869320469574,0.10938444556078027,6|recent|14441,recent,0.14340869320469574
2019-02-25 18:00:00,2019-02-25 18:00:00,2019-02-26 00:00:00,2019-02-27 00:00:00,6,prebreak,ok,0.0,neither,,20292,6|2019-01-01,ok,0.14340869320469574,0.2002838500513251,6|recent|14446,recent,0.14340869320469574
2019-02-27 00:00:00,2019-02-27 00:00:00,2019-02-27 06:00:00,2019-02-28 06:00:00,6,prebreak,ok,0.0,neither,,20297,6|2019-01-01,ok,0.14340869320469574,0.19029239815786048,6|recent|14451,recent,0.14340869320469574
2019-03-01 00:00:00,2019-03-01 00:00:00,2019-03-01 06:00:00,2019-03-02 06:00:00,6,prebreak,ok,0.0,neither,,20305,6|2019-01-01,ok,0.14340869320469574,0.08608328505244298,6|recent|14459,recent,0.14340869320469574
2019-03-02 06:00:00,2019-03-02 06:00:00,2019-03-02 12:00:00,2019-03-03 12:00:00,6,prebreak,ok,0.0,neither,,20310,6|2019-01-01,ok,0.14340869320469574,0.08009193946965498,6|recent|14464,recent,0.14340869320469574
2019-03-03 12:00:00,2019-03-03 12:00:00,2019-03-03 18:00:00,2019-03-04 18:00:00,6,prebreak,ok,0.0,neither,,20315,6|2019-01-01,ok,0.14340869320469574,0.0555576738311516,6|recent|14469,recent,0.14340869320469574
2019-03-05 06:00:00,2019-03-05 06:00:00,2019-03-05 12:00:00,2019-03-06 12:00:00,6,prebreak,ok,0.0,upper_first,1.0,20322,6|2019-01-01,ok,0.14340869320469574,0.0586503023622646,6|recent|14476,recent,0.14340869320469574
2019-03-06 12:00:00,2019-03-06 12:00:00,2019-03-06 18:00:00,2019-03-07 18:00:00,6,prebreak,ok,0.0,neither,,20327,6|2019-01-01,ok,0.14340869320469574,0.09008434501300233,6|recent|14481,recent,0.14340869320469574
2019-03-07 18:00:00,2019-03-07 18:00:00,2019-03-08 00:00:00,2019-03-09 00:00:00,6,prebreak,ok,0.0,neither,,20332,6|2019-01-01,ok,0.14340869320469574,0.08404078732069807,6|recent|14486,recent,0.14340869320469574
2019-03-09 00:00:00,2019-03-09 00:00:00,2019-03-09 06:00:00,2019-03-10 06:00:00,6,prebreak,ok,0.0,neither,,20337,6|2019-01-01,ok,0.14340869320469574,0.08295010116950094,6|recent|14491,recent,0.14340869320469574
2019-03-10 06:00:00,2019-03-10 06:00:00,2019-03-10 12:00:00,2019-03-11 12:00:00,6,prebreak,ok,0.0,neither,,20342,6|2019-01-01,ok,0.14340869320469574,0.0754226064757572,6|recent|14496,recent,0.14340869320469574
2019-03-11 12:00:00,2019-03-11 12:00:00,2019-03-11 18:00:00,2019-03-12 18:00:00,6,prebreak,ok,0.0,neither,,20347,6|2019-01-01,ok,0.14340869320469574,0.07473610773367811,6|recent|14501,recent,0.14340869320469574
2019-03-13 06:00:00,2019-03-13 06:00:00,2019-03-13 12:00:00,2019-03-14 12:00:00,6,prebreak,ok,0.0,neither,,20354,6|2019-01-01,ok,0.14340869320469574,0.07261688951032169,6|recent|14508,recent,0.14340869320469574
2019-03-14 12:00:00,2019-03-14 12:00:00,2019-03-14 18:00:00,2019-03-15 18:00:00,6,prebreak,ok,0.0,neither,,20359,6|2019-01-01,ok,0.14340869320469574,0.06610158531913761,6|recent|14513,recent,0.14340869320469574
2019-03-15 18:00:00,2019-03-15 18:00:00,2019-03-16 00:00:00,2019-03-17 00:00:00,6,prebreak,ok,0.0,upper_first,4.0,20364,6|2019-01-01,ok,0.14340869320469574,0.036761252158251566,6|recent|14518,recent,0.14340869320469574
2019-03-17 00:00:00,2019-03-17 00:00:00,2019-03-17 06:00:00,2019-03-18 06:00:00,6,prebreak,ok,0.0,neither,,20369,6|2019-01-01,ok,0.14340869320469574,0.05436896556136407,6|recent|14523,recent,0.14340869320469574
2019-03-18 06:00:00,2019-03-18 06:00:00,2019-03-18 12:00:00,2019-03-19 12:00:00,6,prebreak,ok,0.0,neither,,20374,6|2019-01-01,ok,0.14340869320469574,0.08546406421719159,6|recent|14528,recent,0.14340869320469574
2019-03-19 12:00:00,2019-03-19 12:00:00,2019-03-19 18:00:00,2019-03-20 18:00:00,6,prebreak,ok,0.0,neither,,20379,6|2019-01-01,ok,0.14340869320469574,0.07366266956213131,6|recent|14533,recent,0.14340869320469574
2019-03-20 18:00:00,2019-03-20 18:00:00,2019-03-21 00:00:00,2019-03-22 00:00:00,6,prebreak,ok,0.0,neither,,20384,6|2019-01-01,ok,0.14340869320469574,0.06408074999689453,6|recent|14538,recent,0.14340869320469574
2019-03-22 18:00:00,2019-03-22 18:00:00,2019-03-23 00:00:00,2019-03-24 00:00:00,6,prebreak,ok,0.0,neither,,20392,6|2019-01-01,ok,0.14340869320469574,0.08172322915927012,6|recent|14546,recent,0.14340869320469574
2019-03-24 00:00:00,2019-03-24 00:00:00,2019-03-24 06:00:00,2019-03-25 06:00:00,6,prebreak,ok,0.0,neither,,20397,6|2019-01-01,ok,0.14340869320469574,0.07726128733574127,6|recent|14551,recent,0.14340869320469574
2019-03-25 06:00:00,2019-03-25 06:00:00,2019-03-25 12:00:00,2019-03-26 12:00:00,6,prebreak,ok,0.0,neither,,20402,6|2019-01-01,ok,0.14340869320469574,0.046440035354590785,6|recent|14556,recent,0.14340869320469574
2019-03-27 00:00:00,2019-03-27 00:00:00,2019-03-27 06:00:00,2019-03-28 06:00:00,6,prebreak,ok,0.0,neither,,20409,6|2019-01-01,ok,0.14340869320469574,0.05836265853005254,6|recent|14563,recent,0.14340869320469574
2019-03-28 06:00:00,2019-03-28 06:00:00,2019-03-28 12:00:00,2019-03-29 12:00:00,6,prebreak,ok,0.0,neither,,20414,6|2019-01-01,ok,0.14340869320469574,0.06012808022061811,6|recent|14568,recent,0.14340869320469574
2019-03-29 12:00:00,2019-03-29 12:00:00,2019-03-29 18:00:00,2019-03-30 18:00:00,6,prebreak,ok,0.0,neither,,20419,6|2019-01-01,ok,0.14340869320469574,0.040104161267257264,6|recent|14573,recent,0.14340869320469574
2019-03-30 18:00:00,2019-03-30 18:00:00,2019-03-31 00:00:00,2019-04-01 00:00:00,6,prebreak,ok,0.0,neither,,20424,6|2019-01-01,ok,0.14340869320469574,0.07057237519565135,6|recent|14578,recent,0.14340869320469574
2019-04-01 00:00:00,2019-04-01 00:00:00,2019-04-01 06:00:00,2019-04-02 06:00:00,6,prebreak,ok,0.0,upper_first,22.0,20429,6|2019-04-01,ok,0.11953934380164892,0.0592475872763492,6|recent|14583,recent,0.11953934380164892
2019-04-02 06:00:00,2019-04-02 06:00:00,2019-04-02 12:00:00,2019-04-03 12:00:00,6,prebreak,ok,0.0,upper_first,11.0,20434,6|2019-04-01,ok,0.11953934380164892,0.185224612465291,6|recent|14588,recent,0.11953934380164892
2019-04-03 12:00:00,2019-04-03 12:00:00,2019-04-03 18:00:00,2019-04-04 18:00:00,6,prebreak,ok,0.0,upper_first,2.0,20439,6|2019-04-01,ok,0.11953934380164892,0.20172738116270184,6|recent|14593,recent,0.11953934380164892
2019-04-04 18:00:00,2019-04-04 18:00:00,2019-04-05 00:00:00,2019-04-06 00:00:00,6,prebreak,ok,0.0,upper_first,13.0,20444,6|2019-04-01,ok,0.11953934380164892,0.23276110392383703,6|recent|14598,recent,0.11953934380164892
2019-04-06 00:00:00,2019-04-06 00:00:00,2019-04-06 06:00:00,2019-04-07 06:00:00,6,prebreak,ok,0.0,upper_first,10.0,20449,6|2019-04-01,ok,0.11953934380164892,0.18442687145528708,6|recent|14603,recent,0.11953934380164892
2019-04-07 06:00:00,2019-04-07 06:00:00,2019-04-07 12:00:00,2019-04-08 12:00:00,6,prebreak,ok,0.0,upper_first,10.0,20454,6|2019-04-01,ok,0.11953934380164892,0.12247876385182216,6|recent|14608,recent,0.11953934380164892
2019-04-08 12:00:00,2019-04-08 12:00:00,2019-04-08 18:00:00,2019-04-09 18:00:00,6,prebreak,ok,0.0,neither,,20459,6|2019-04-01,ok,0.11953934380164892,0.13903285325399367,6|recent|14613,recent,0.11953934380164892
2019-04-09 18:00:00,2019-04-09 18:00:00,2019-04-10 00:00:00,2019-04-11 00:00:00,6,prebreak,ok,0.0,upper_first,18.0,20464,6|2019-04-01,ok,0.11953934380164892,0.11939634501951865,6|recent|14618,recent,0.11953934380164892
2019-04-11 00:00:00,2019-04-11 00:00:00,2019-04-11 06:00:00,2019-04-12 06:00:00,6,prebreak,ok,,censored,,20469,6|2019-04-01,ok,0.11953934380164892,0.12533835067118232,6|recent|14623,recent,0.11953934380164892
2019-05-11 18:00:00,2019-05-11 18:00:00,2019-05-12 00:00:00,2019-05-13 00:00:00,6,prebreak,ok,0.0,upper_first,6.0,20592,6|2019-04-01,ok,0.11953934380164892,0.1040613479555037,6|recent|14746,recent,0.11953934380164892
2019-05-13 00:00:00,2019-05-13 00:00:00,2019-05-13 06:00:00,2019-05-14 06:00:00,6,prebreak,ok,0.0,upper_first,5.0,20597,6|2019-04-01,ok,0.11953934380164892,0.16941380079796764,6|recent|14751,recent,0.11953934380164892
2019-05-14 06:00:00,2019-05-14 06:00:00,2019-05-14 12:00:00,2019-05-15 12:00:00,6,prebreak,ok,1.0,lower_first,8.0,20602,6|2019-04-01,ok,0.11953934380164892,0.20025035006288922,6|recent|14756,recent,0.11953934380164892
2019-05-15 12:00:00,2019-05-15 12:00:00,2019-05-15 18:00:00,2019-05-16 18:00:00,6,prebreak,ok,0.0,upper_first,6.0,20607,6|2019-04-01,ok,0.11953934380164892,0.20889263654566428,6|recent|14761,recent,0.11953934380164892
2019-05-16 18:00:00,2019-05-16 18:00:00,2019-05-17 00:00:00,2019-05-18 00:00:00,6,prebreak,ok,1.0,lower_first,2.0,20612,6|2019-04-01,ok,0.11953934380164892,0.22186035690821113,6|recent|14766,recent,0.11953934380164892
2019-05-18 06:00:00,2019-05-18 06:00:00,2019-05-18 12:00:00,2019-05-19 12:00:00,6,prebreak,ok,0.0,upper_first,13.0,20618,6|2019-04-01,ok,0.11953934380164892,0.19878453647130456,6|recent|14772,recent,0.11953934380164892
2019-05-19 12:00:00,2019-05-19 12:00:00,2019-05-19 18:00:00,2019-05-20 18:00:00,6,prebreak,ok,0.0,upper_first,4.0,20623,6|2019-04-01,ok,0.11953934380164892,0.1885350545606589,6|recent|14777,recent,0.11953934380164892
2019-05-20 18:00:00,2019-05-20 18:00:00,2019-05-21 00:00:00,2019-05-22 00:00:00,6,prebreak,ok,0.0,neither,,20628,6|2019-04-01,ok,0.11953934380164892,0.16847865549330163,6|recent|14782,recent,0.11953934380164892
2019-05-22 00:00:00,2019-05-22 00:00:00,2019-05-22 06:00:00,2019-05-23 06:00:00,6,prebreak,ok,1.0,lower_first,16.0,20633,6|2019-04-01,ok,0.11953934380164892,0.18702286279622823,6|recent|14787,recent,0.11953934380164892
2019-05-23 06:00:00,2019-05-23 06:00:00,2019-05-23 12:00:00,2019-05-24 12:00:00,6,prebreak,ok,0.0,upper_first,4.0,20638,6|2019-04-01,ok,0.11953934380164892,0.1543619942564397,6|recent|14792,recent,0.11953934380164892
2019-05-24 12:00:00,2019-05-24 12:00:00,2019-05-24 18:00:00,2019-05-25 18:00:00,6,prebreak,ok,0.0,neither,,20643,6|2019-04-01,ok,0.11953934380164892,0.11670189600829332,6|recent|14797,recent,0.11953934380164892
2019-05-25 18:00:00,2019-05-25 18:00:00,2019-05-26 00:00:00,2019-05-27 00:00:00,6,prebreak,ok,0.0,upper_first,19.0,20648,6|2019-04-01,ok,0.11953934380164892,0.10420700907791733,6|recent|14802,recent,0.11953934380164892
2019-05-27 00:00:00,2019-05-27 00:00:00,2019-05-27 06:00:00,2019-05-28 06:00:00,6,prebreak,ok,0.0,neither,,20653,6|2019-04-01,ok,0.11953934380164892,0.12759876448841076,6|recent|14807,recent,0.11953934380164892
2019-05-28 06:00:00,2019-05-28 06:00:00,2019-05-28 12:00:00,2019-05-29 12:00:00,6,prebreak,ok,0.0,neither,,20658,6|2019-04-01,ok,0.11953934380164892,0.16037236613031045,6|recent|14812,recent,0.11953934380164892
2019-05-29 12:00:00,2019-05-29 12:00:00,2019-05-29 18:00:00,2019-05-30 18:00:00,6,prebreak,ok,0.0,upper_first,21.0,20663,6|2019-04-01,ok,0.11953934380164892,0.15911942419443273,6|recent|14817,recent,0.11953934380164892
2019-05-30 18:00:00,2019-05-30 18:00:00,2019-05-31 00:00:00,2019-06-01 00:00:00,6,prebreak,ok,0.0,upper_first,21.0,20668,6|2019-04-01,ok,0.11953934380164892,0.15295022271329978,6|recent|14822,recent,0.11953934380164892
2019-06-01 00:00:00,2019-06-01 00:00:00,2019-06-01 06:00:00,2019-06-02 06:00:00,6,prebreak,ok,0.0,neither,,20673,6|2019-04-01,ok,0.11953934380164892,0.1503539011269387,6|recent|14827,recent,0.11953934380164892
2019-06-02 06:00:00,2019-06-02 06:00:00,2019-06-02 12:00:00,2019-06-03 12:00:00,6,prebreak,ok,0.0,neither,,20678,6|2019-04-01,ok,0.11953934380164892,0.1463824763908987,6|recent|14832,recent,0.11953934380164892
2019-06-03 12:00:00,2019-06-03 12:00:00,2019-06-03 18:00:00,2019-06-04 18:00:00,6,prebreak,ok,1.0,lower_first,5.0,20683,6|2019-04-01,ok,0.11953934380164892,0.10266192855442988,6|recent|14837,recent,0.11953934380164892
2019-06-06 00:00:00,2019-06-06 00:00:00,2019-06-06 06:00:00,2019-06-07 06:00:00,6,prebreak,ok,0.0,neither,,20693,6|2019-04-01,ok,0.11953934380164892,0.20238715082370076,6|recent|14847,recent,0.11953934380164892
2019-06-07 06:00:00,2019-06-07 06:00:00,2019-06-07 12:00:00,2019-06-08 12:00:00,6,prebreak,ok,0.0,neither,,20698,6|2019-04-01,ok,0.11953934380164892,0.16754412333198013,6|recent|14852,recent,0.11953934380164892
2019-06-08 12:00:00,2019-06-08 12:00:00,2019-06-08 18:00:00,2019-06-09 18:00:00,6,prebreak,ok,0.0,neither,,20703,6|2019-04-01,ok,0.11953934380164892,0.11363389671986658,6|recent|14857,recent,0.11953934380164892
2019-06-09 18:00:00,2019-06-09 18:00:00,2019-06-10 00:00:00,2019-06-11 00:00:00,6,prebreak,ok,0.0,upper_first,11.0,20708,6|2019-04-01,ok,0.11953934380164892,0.13399512309126582,6|recent|14862,recent,0.11953934380164892
2019-06-11 00:00:00,2019-06-11 00:00:00,2019-06-11 06:00:00,2019-06-12 06:00:00,6,prebreak,ok,0.0,neither,,20713,6|2019-04-01,ok,0.11953934380164892,0.12457245147811631,6|recent|14867,recent,0.11953934380164892
2019-06-12 06:00:00,2019-06-12 06:00:00,2019-06-12 12:00:00,2019-06-13 12:00:00,6,prebreak,ok,0.0,upper_first,3.0,20718,6|2019-04-01,ok,0.11953934380164892,0.12547189092552063,6|recent|14872,recent,0.11953934380164892
2019-06-13 12:00:00,2019-06-13 12:00:00,2019-06-13 18:00:00,2019-06-14 18:00:00,6,prebreak,ok,0.0,upper_first,19.0,20723,6|2019-04-01,ok,0.11953934380164892,0.1292198303592785,6|recent|14877,recent,0.11953934380164892
2019-06-14 18:00:00,2019-06-14 18:00:00,2019-06-15 00:00:00,2019-06-16 00:00:00,6,prebreak,ok,0.0,neither,,20728,6|2019-04-01,ok,0.11953934380164892,0.09066723991752026,6|recent|14882,recent,0.11953934380164892
2019-06-16 00:00:00,2019-06-16 00:00:00,2019-06-16 06:00:00,2019-06-17 06:00:00,6,prebreak,ok,1.0,lower_first,2.0,20733,6|2019-04-01,ok,0.11953934380164892,0.07543179489750095,6|recent|14887,recent,0.11953934380164892
2019-06-17 06:00:00,2019-06-17 06:00:00,2019-06-17 12:00:00,2019-06-18 12:00:00,6,prebreak,ok,0.0,neither,,20738,6|2019-04-01,ok,0.11953934380164892,0.12299837827214542,6|recent|14892,recent,0.11953934380164892
2019-06-18 12:00:00,2019-06-18 12:00:00,2019-06-18 18:00:00,2019-06-19 18:00:00,6,prebreak,ok,0.0,neither,,20743,6|2019-04-01,ok,0.11953934380164892,0.1503322734321259,6|recent|14897,recent,0.11953934380164892
2019-06-19 18:00:00,2019-06-19 18:00:00,2019-06-20 00:00:00,2019-06-21 00:00:00,6,prebreak,ok,,censored,,20748,6|2019-04-01,ok,0.11953934380164892,0.14458538879124533,6|recent|14902,recent,0.11953934380164892
2019-07-20 18:00:00,2019-07-20 18:00:00,2019-07-21 00:00:00,2019-07-22 00:00:00,6,prebreak,ok,0.0,neither,,20872,6|2019-07-01,ok,0.12006479626515275,0.20363873332620294,6|recent|15026,recent,0.12006479626515275
2019-07-22 00:00:00,2019-07-22 00:00:00,2019-07-22 06:00:00,2019-07-23 06:00:00,6,prebreak,ok,1.0,lower_first,13.0,20877,6|2019-07-01,ok,0.12006479626515275,0.13569399173973454,6|recent|15031,recent,0.12006479626515275
2019-07-25 06:00:00,2019-07-25 06:00:00,2019-07-25 12:00:00,2019-07-26 12:00:00,6,prebreak,ok,0.0,neither,,20890,6|2019-07-01,ok,0.12006479626515275,0.1499722951296412,6|recent|15044,recent,0.12006479626515275
2019-07-26 12:00:00,2019-07-26 12:00:00,2019-07-26 18:00:00,2019-07-27 18:00:00,6,prebreak,ok,0.0,upper_first,6.0,20895,6|2019-07-01,ok,0.12006479626515275,0.1434521316463833,6|recent|15049,recent,0.12006479626515275
2019-07-28 12:00:00,2019-07-28 12:00:00,2019-07-28 18:00:00,2019-07-29 18:00:00,6,prebreak,ok,0.0,neither,,20903,6|2019-07-01,ok,0.12006479626515275,0.16393484740160086,6|recent|15057,recent,0.12006479626515275
2019-07-29 18:00:00,2019-07-29 18:00:00,2019-07-30 00:00:00,2019-07-31 00:00:00,6,prebreak,ok,0.0,upper_first,15.0,20908,6|2019-07-01,ok,0.12006479626515275,0.15920987457218522,6|recent|15062,recent,0.12006479626515275
2019-07-31 00:00:00,2019-07-31 00:00:00,2019-07-31 06:00:00,2019-08-01 06:00:00,6,prebreak,ok,0.0,upper_first,8.0,20913,6|2019-07-01,ok,0.12006479626515275,0.08507110916542578,6|recent|15067,recent,0.12006479626515275
2019-08-01 06:00:00,2019-08-01 06:00:00,2019-08-01 12:00:00,2019-08-02 12:00:00,6,prebreak,ok,0.0,upper_first,7.0,20918,6|2019-07-01,ok,0.12006479626515275,0.10234473694473217,6|recent|15072,recent,0.12006479626515275
2019-08-02 12:00:00,2019-08-02 12:00:00,2019-08-02 18:00:00,2019-08-03 18:00:00,6,prebreak,ok,0.0,upper_first,8.0,20923,6|2019-07-01,ok,0.12006479626515275,0.08049192056736473,6|recent|15077,recent,0.12006479626515275
2019-08-03 18:00:00,2019-08-03 18:00:00,2019-08-04 00:00:00,2019-08-05 00:00:00,6,prebreak,ok,0.0,neither,,20928,6|2019-07-01,ok,0.12006479626515275,0.08239795533791285,6|recent|15082,recent,0.12006479626515275
2019-08-05 00:00:00,2019-08-05 00:00:00,2019-08-05 06:00:00,2019-08-06 06:00:00,6,prebreak,ok,0.0,upper_first,10.0,20933,6|2019-07-01,ok,0.12006479626515275,0.10396593855823641,6|recent|15087,recent,0.12006479626515275
2019-08-06 06:00:00,2019-08-06 06:00:00,2019-08-06 12:00:00,2019-08-07 12:00:00,6,prebreak,ok,0.0,neither,,20938,6|2019-07-01,ok,0.12006479626515275,0.10081903143678879,6|recent|15092,recent,0.12006479626515275
2019-08-07 12:00:00,2019-08-07 12:00:00,2019-08-07 18:00:00,2019-08-08 18:00:00,6,prebreak,ok,0.0,neither,,20943,6|2019-07-01,ok,0.12006479626515275,0.15125106751814335,6|recent|15097,recent,0.12006479626515275
2019-08-08 18:00:00,2019-08-08 18:00:00,2019-08-09 00:00:00,2019-08-10 00:00:00,6,prebreak,ok,0.0,neither,,20948,6|2019-07-01,ok,0.12006479626515275,0.188865044279625,6|recent|15102,recent,0.12006479626515275
2019-08-10 00:00:00,2019-08-10 00:00:00,2019-08-10 06:00:00,2019-08-11 06:00:00,6,prebreak,ok,1.0,lower_first,5.0,20953,6|2019-07-01,ok,0.12006479626515275,0.1288821052552937,6|recent|15107,recent,0.12006479626515275
2019-08-11 12:00:00,2019-08-11 12:00:00,2019-08-11 18:00:00,2019-08-12 18:00:00,6,prebreak,ok,0.0,neither,,20959,6|2019-07-01,ok,0.12006479626515275,0.13600118142119594,6|recent|15113,recent,0.12006479626515275
2019-08-12 18:00:00,2019-08-12 18:00:00,2019-08-13 00:00:00,2019-08-14 00:00:00,6,prebreak,ok,1.0,lower_first,16.0,20964,6|2019-07-01,ok,0.12006479626515275,0.12438540510728877,6|recent|15118,recent,0.12006479626515275
2019-08-16 12:00:00,2019-08-16 12:00:00,2019-08-16 18:00:00,2019-08-17 18:00:00,6,prebreak,ok,0.0,neither,,20979,6|2019-07-01,ok,0.12006479626515275,0.15384462158514714,6|recent|15133,recent,0.12006479626515275
2019-08-17 18:00:00,2019-08-17 18:00:00,2019-08-18 00:00:00,2019-08-19 00:00:00,6,prebreak,ok,0.0,neither,,20984,6|2019-07-01,ok,0.12006479626515275,0.17898103694816062,6|recent|15138,recent,0.12006479626515275
2019-08-19 00:00:00,2019-08-19 00:00:00,2019-08-19 06:00:00,2019-08-20 06:00:00,6,prebreak,ok,0.0,upper_first,1.0,20989,6|2019-07-01,ok,0.12006479626515275,0.14669262760470497,6|recent|15143,recent,0.12006479626515275
2019-08-20 06:00:00,2019-08-20 06:00:00,2019-08-20 12:00:00,2019-08-21 12:00:00,6,prebreak,ok,1.0,lower_first,16.0,20994,6|2019-07-01,ok,0.12006479626515275,0.123388133809076,6|recent|15148,recent,0.12006479626515275
2019-08-21 12:00:00,2019-08-21 12:00:00,2019-08-21 18:00:00,2019-08-22 18:00:00,6,prebreak,ok,0.0,neither,,20999,6|2019-07-01,ok,0.12006479626515275,0.13021907074321368,6|recent|15153,recent,0.12006479626515275
2019-08-23 06:00:00,2019-08-23 06:00:00,2019-08-23 12:00:00,2019-08-24 12:00:00,6,prebreak,ok,0.0,upper_first,1.0,21006,6|2019-07-01,ok,0.12006479626515275,0.1446892604648911,6|recent|15160,recent,0.12006479626515275
2019-08-24 12:00:00,2019-08-24 12:00:00,2019-08-24 18:00:00,2019-08-25 18:00:00,6,prebreak,ok,0.0,upper_first,18.0,21011,6|2019-07-01,ok,0.12006479626515275,0.15193779357540624,6|recent|15165,recent,0.12006479626515275
2019-08-25 18:00:00,2019-08-25 18:00:00,2019-08-26 00:00:00,2019-08-27 00:00:00,6,prebreak,ok,0.0,upper_first,0.0,21016,6|2019-07-01,ok,0.12006479626515275,0.12523028197406444,6|recent|15170,recent,0.12006479626515275
2019-08-27 00:00:00,2019-08-27 00:00:00,2019-08-27 06:00:00,2019-08-28 06:00:00,6,prebreak,ok,0.0,neither,,21021,6|2019-07-01,ok,0.12006479626515275,0.13503661616519214,6|recent|15175,recent,0.12006479626515275
2019-08-28 06:00:00,2019-08-28 06:00:00,2019-08-28 12:00:00,2019-08-29 12:00:00,6,prebreak,ok,1.0,lower_first,6.0,21026,6|2019-07-01,ok,0.12006479626515275,0.1316073437334181,6|recent|15180,recent,0.12006479626515275
2019-08-30 12:00:00,2019-08-30 12:00:00,2019-08-30 18:00:00,2019-08-31 18:00:00,6,prebreak,ok,0.0,neither,,21035,6|2019-07-01,ok,0.12006479626515275,0.1369056166981392,6|recent|15189,recent,0.12006479626515275
2019-08-31 18:00:00,2019-08-31 18:00:00,2019-09-01 00:00:00,2019-09-02 00:00:00,6,prebreak,ok,0.0,neither,,21040,6|2019-07-01,ok,0.12006479626515275,0.13509954514157504,6|recent|15194,recent,0.12006479626515275
2019-09-02 00:00:00,2019-09-02 00:00:00,2019-09-02 06:00:00,2019-09-03 06:00:00,6,prebreak,ok,0.0,upper_first,11.0,21045,6|2019-07-01,ok,0.12006479626515275,0.06848031118837393,6|recent|15199,recent,0.12006479626515275
2019-09-03 06:00:00,2019-09-03 06:00:00,2019-09-03 12:00:00,2019-09-04 12:00:00,6,prebreak,ok,0.0,upper_first,1.0,21050,6|2019-07-01,ok,0.12006479626515275,0.08073969668740104,6|recent|15204,recent,0.12006479626515275
2019-09-04 12:00:00,2019-09-04 12:00:00,2019-09-04 18:00:00,2019-09-05 18:00:00,6,prebreak,ok,0.0,neither,,21055,6|2019-07-01,ok,0.12006479626515275,0.08209751462000027,6|recent|15209,recent,0.12006479626515275
2019-09-05 18:00:00,2019-09-05 18:00:00,2019-09-06 00:00:00,2019-09-07 00:00:00,6,prebreak,ok,0.0,upper_first,11.0,21060,6|2019-07-01,ok,0.12006479626515275,0.10953287931138019,6|recent|15214,recent,0.12006479626515275
2019-09-07 00:00:00,2019-09-07 00:00:00,2019-09-07 06:00:00,2019-09-08 06:00:00,6,prebreak,ok,0.0,neither,,21065,6|2019-07-01,ok,0.12006479626515275,0.13714581800577277,6|recent|15219,recent,0.12006479626515275
2019-09-08 06:00:00,2019-09-08 06:00:00,2019-09-08 12:00:00,2019-09-09 12:00:00,6,prebreak,ok,0.0,neither,,21070,6|2019-07-01,ok,0.12006479626515275,0.12245632862072336,6|recent|15224,recent,0.12006479626515275
2019-09-10 12:00:00,2019-09-10 12:00:00,2019-09-10 18:00:00,2019-09-11 18:00:00,6,prebreak,ok,0.0,neither,,21079,6|2019-07-01,ok,0.12006479626515275,0.09024252478596727,6|recent|15233,recent,0.12006479626515275
2019-09-12 00:00:00,2019-09-12 00:00:00,2019-09-12 06:00:00,2019-09-13 06:00:00,6,prebreak,ok,0.0,upper_first,15.0,21085,6|2019-07-01,ok,0.12006479626515275,0.09651498356765872,6|recent|15239,recent,0.12006479626515275
2019-09-13 06:00:00,2019-09-13 06:00:00,2019-09-13 12:00:00,2019-09-14 12:00:00,6,prebreak,ok,0.0,neither,,21090,6|2019-07-01,ok,0.12006479626515275,0.0949592552511432,6|recent|15244,recent,0.12006479626515275
2019-09-14 12:00:00,2019-09-14 12:00:00,2019-09-14 18:00:00,2019-09-15 18:00:00,6,prebreak,ok,0.0,neither,,21095,6|2019-07-01,ok,0.12006479626515275,0.0716979599753181,6|recent|15249,recent,0.12006479626515275
2019-09-15 18:00:00,2019-09-15 18:00:00,2019-09-16 00:00:00,2019-09-17 00:00:00,6,prebreak,ok,0.0,neither,,21100,6|2019-07-01,ok,0.12006479626515275,0.061422333768467,6|recent|15254,recent,0.12006479626515275
2019-09-17 18:00:00,2019-09-17 18:00:00,2019-09-18 00:00:00,2019-09-19 00:00:00,6,prebreak,ok,0.0,neither,,21108,6|2019-07-01,ok,0.12006479626515275,0.06897623038379747,6|recent|15262,recent,0.12006479626515275
2019-09-19 00:00:00,2019-09-19 00:00:00,2019-09-19 06:00:00,2019-09-20 06:00:00,6,prebreak,ok,0.0,upper_first,14.0,21113,6|2019-07-01,ok,0.12006479626515275,0.07439213415983058,6|recent|15267,recent,0.12006479626515275
2019-09-20 06:00:00,2019-09-20 06:00:00,2019-09-20 12:00:00,2019-09-21 12:00:00,6,prebreak,ok,0.0,neither,,21118,6|2019-07-01,ok,0.12006479626515275,0.10368606645899979,6|recent|15272,recent,0.12006479626515275
2019-09-21 12:00:00,2019-09-21 12:00:00,2019-09-21 18:00:00,2019-09-22 18:00:00,6,prebreak,ok,0.0,neither,,21123,6|2019-07-01,ok,0.12006479626515275,0.0959488937697979,6|recent|15277,recent,0.12006479626515275
2019-09-22 18:00:00,2019-09-22 18:00:00,2019-09-23 00:00:00,2019-09-24 00:00:00,6,prebreak,ok,0.0,neither,,21128,6|2019-07-01,ok,0.12006479626515275,0.08478512928088816,6|recent|15282,recent,0.12006479626515275
2019-09-24 00:00:00,2019-09-24 00:00:00,2019-09-24 06:00:00,2019-09-25 06:00:00,6,prebreak,ok,1.0,lower_first,12.0,21133,6|2019-07-01,ok,0.12006479626515275,0.07779516756562872,6|recent|15287,recent,0.12006479626515275
2019-09-26 00:00:00,2019-09-26 00:00:00,2019-09-26 06:00:00,2019-09-27 06:00:00,6,prebreak,ok,1.0,lower_first,9.0,21141,6|2019-07-01,ok,0.12006479626515275,0.20982763985255587,6|recent|15295,recent,0.12006479626515275
2019-09-27 18:00:00,2019-09-27 18:00:00,2019-09-28 00:00:00,2019-09-29 00:00:00,6,prebreak,ok,0.0,neither,,21148,6|2019-07-01,ok,0.12006479626515275,0.2278282006040074,6|recent|15302,recent,0.12006479626515275
2019-09-29 00:00:00,2019-09-29 00:00:00,2019-09-29 06:00:00,2019-09-30 06:00:00,6,prebreak,ok,1.0,lower_first,22.0,21153,6|2019-07-01,ok,0.12006479626515275,0.1271445634530167,6|recent|15307,recent,0.12006479626515275
2019-10-01 06:00:00,2019-10-01 06:00:00,2019-10-01 12:00:00,2019-10-02 12:00:00,6,prebreak,ok,0.0,neither,,21162,6|2019-10-01,ok,0.12748393834245855,0.09889863456048129,6|recent|15316,recent,0.12748393834245855
2019-10-02 12:00:00,2019-10-02 12:00:00,2019-10-02 18:00:00,2019-10-03 18:00:00,6,prebreak,ok,0.0,neither,,21167,6|2019-10-01,ok,0.12748393834245855,0.1123751880347238,6|recent|15321,recent,0.12748393834245855
2019-10-03 18:00:00,2019-10-03 18:00:00,2019-10-04 00:00:00,2019-10-05 00:00:00,6,prebreak,ok,0.0,neither,,21172,6|2019-10-01,ok,0.12748393834245855,0.12351897812701554,6|recent|15326,recent,0.12748393834245855
2019-10-05 00:00:00,2019-10-05 00:00:00,2019-10-05 06:00:00,2019-10-06 06:00:00,6,prebreak,ok,0.0,neither,,21177,6|2019-10-01,ok,0.12748393834245855,0.09714177472182388,6|recent|15331,recent,0.12748393834245855
2019-10-06 06:00:00,2019-10-06 06:00:00,2019-10-06 12:00:00,2019-10-07 12:00:00,6,prebreak,ok,0.0,neither,,21182,6|2019-10-01,ok,0.12748393834245855,0.09875614292004135,6|recent|15336,recent,0.12748393834245855
2019-10-08 00:00:00,2019-10-08 00:00:00,2019-10-08 06:00:00,2019-10-09 06:00:00,6,prebreak,ok,0.0,neither,,21189,6|2019-10-01,ok,0.12748393834245855,0.10560025319842416,6|recent|15343,recent,0.12748393834245855
2019-10-09 06:00:00,2019-10-09 06:00:00,2019-10-09 12:00:00,2019-10-10 12:00:00,6,prebreak,ok,0.0,upper_first,2.0,21194,6|2019-10-01,ok,0.12748393834245855,0.10434477315314981,6|recent|15348,recent,0.12748393834245855
2019-10-10 12:00:00,2019-10-10 12:00:00,2019-10-10 18:00:00,2019-10-11 18:00:00,6,prebreak,ok,0.0,upper_first,11.0,21199,6|2019-10-01,ok,0.12748393834245855,0.09318033607343704,6|recent|15353,recent,0.12748393834245855
2019-10-11 18:00:00,2019-10-11 18:00:00,2019-10-12 00:00:00,2019-10-13 00:00:00,6,prebreak,ok,0.0,neither,,21204,6|2019-10-01,ok,0.12748393834245855,0.1319884033542275,6|recent|15358,recent,0.12748393834245855
2019-10-13 00:00:00,2019-10-13 00:00:00,2019-10-13 06:00:00,2019-10-14 06:00:00,6,prebreak,ok,0.0,neither,,21209,6|2019-10-01,ok,0.12748393834245855,0.12332053757643324,6|recent|15363,recent,0.12748393834245855
2019-10-14 06:00:00,2019-10-14 06:00:00,2019-10-14 12:00:00,2019-10-15 12:00:00,6,prebreak,ok,0.0,neither,,21214,6|2019-10-01,ok,0.12748393834245855,0.11413819135371878,6|recent|15368,recent,0.12748393834245855
2019-10-15 12:00:00,2019-10-15 12:00:00,2019-10-15 18:00:00,2019-10-16 18:00:00,6,prebreak,ok,0.0,neither,,21219,6|2019-10-01,ok,0.12748393834245855,0.08666224390441749,6|recent|15373,recent,0.12748393834245855
2019-10-17 18:00:00,2019-10-17 18:00:00,2019-10-18 00:00:00,2019-10-19 00:00:00,6,prebreak,ok,0.0,neither,,21228,6|2019-10-01,ok,0.12748393834245855,0.08196136402409704,6|recent|15382,recent,0.12748393834245855
2019-10-19 06:00:00,2019-10-19 06:00:00,2019-10-19 12:00:00,2019-10-20 12:00:00,6,prebreak,ok,0.0,neither,,21234,6|2019-10-01,ok,0.12748393834245855,0.09052616207633606,6|recent|15388,recent,0.12748393834245855
2019-10-20 12:00:00,2019-10-20 12:00:00,2019-10-20 18:00:00,2019-10-21 18:00:00,6,prebreak,ok,0.0,neither,,21239,6|2019-10-01,ok,0.12748393834245855,0.08231425773286147,6|recent|15393,recent,0.12748393834245855
2019-10-21 18:00:00,2019-10-21 18:00:00,2019-10-22 00:00:00,2019-10-23 00:00:00,6,prebreak,ok,0.0,neither,,21244,6|2019-10-01,ok,0.12748393834245855,0.07481381523450199,6|recent|15398,recent,0.12748393834245855
2019-10-23 00:00:00,2019-10-23 00:00:00,2019-10-23 06:00:00,2019-10-24 06:00:00,6,prebreak,ok,1.0,lower_first,6.0,21249,6|2019-10-01,ok,0.12748393834245855,0.08921925126799238,6|recent|15403,recent,0.12748393834245855
2019-10-24 18:00:00,2019-10-24 18:00:00,2019-10-25 00:00:00,2019-10-26 00:00:00,6,prebreak,ok,0.0,upper_first,12.0,21256,6|2019-10-01,ok,0.12748393834245855,0.14948514724858222,6|recent|15410,recent,0.12748393834245855
2019-10-26 00:00:00,2019-10-26 00:00:00,2019-10-26 06:00:00,2019-10-27 06:00:00,6,prebreak,ok,1.0,lower_first,3.0,21261,6|2019-10-01,ok,0.12748393834245855,0.17334371886881295,6|recent|15415,recent,0.12748393834245855
2019-10-27 06:00:00,2019-10-27 06:00:00,2019-10-27 12:00:00,2019-10-28 12:00:00,6,prebreak,ok,0.0,upper_first,2.0,21266,6|2019-10-01,ok,0.12748393834245855,0.2300538493775013,6|recent|15420,recent,0.12748393834245855
2019-10-28 12:00:00,2019-10-28 12:00:00,2019-10-28 18:00:00,2019-10-29 18:00:00,6,prebreak,ok,0.0,neither,,21271,6|2019-10-01,ok,0.12748393834245855,0.24194164067780363,6|recent|15425,recent,0.12748393834245855
2019-10-29 18:00:00,2019-10-29 18:00:00,2019-10-30 00:00:00,2019-10-31 00:00:00,6,prebreak,ok,0.0,neither,,21276,6|2019-10-01,ok,0.12748393834245855,0.15829493672202968,6|recent|15430,recent,0.12748393834245855
2019-10-31 00:00:00,2019-10-31 00:00:00,2019-10-31 06:00:00,2019-11-01 06:00:00,6,prebreak,ok,,censored,,21281,6|2019-10-01,ok,0.12748393834245855,0.1518884487024342,6|recent|15435,recent,0.12748393834245855
2019-12-01 00:00:00,2019-12-01 00:00:00,2019-12-01 06:00:00,2019-12-02 06:00:00,6,prebreak,ok,0.0,neither,,21405,6|2019-10-01,ok,0.12748393834245855,0.12664097362718976,6|recent|15559,recent,0.12748393834245855
2019-12-02 06:00:00,2019-12-02 06:00:00,2019-12-02 12:00:00,2019-12-03 12:00:00,6,prebreak,ok,0.0,neither,,21410,6|2019-10-01,ok,0.12748393834245855,0.14023942253833044,6|recent|15564,recent,0.12748393834245855
2019-12-03 12:00:00,2019-12-03 12:00:00,2019-12-03 18:00:00,2019-12-04 18:00:00,6,prebreak,ok,0.0,upper_first,19.0,21415,6|2019-10-01,ok,0.12748393834245855,0.12039751006100245,6|recent|15569,recent,0.12748393834245855
2019-12-05 06:00:00,2019-12-05 06:00:00,2019-12-05 12:00:00,2019-12-06 12:00:00,6,prebreak,ok,0.0,neither,,21422,6|2019-10-01,ok,0.12748393834245855,0.1470550442952925,6|recent|15576,recent,0.12748393834245855
2019-12-06 12:00:00,2019-12-06 12:00:00,2019-12-06 18:00:00,2019-12-07 18:00:00,6,prebreak,ok,0.0,neither,,21427,6|2019-10-01,ok,0.12748393834245855,0.15623434069155942,6|recent|15581,recent,0.12748393834245855
2019-12-07 18:00:00,2019-12-07 18:00:00,2019-12-08 00:00:00,2019-12-09 00:00:00,6,prebreak,ok,0.0,neither,,21432,6|2019-10-01,ok,0.12748393834245855,0.11949295870632304,6|recent|15586,recent,0.12748393834245855
2019-12-09 00:00:00,2019-12-09 00:00:00,2019-12-09 06:00:00,2019-12-10 06:00:00,6,prebreak,ok,0.0,neither,,21437,6|2019-10-01,ok,0.12748393834245855,0.07610674399836057,6|recent|15591,recent,0.12748393834245855
2019-12-11 18:00:00,2019-12-11 18:00:00,2019-12-12 00:00:00,2019-12-13 00:00:00,6,prebreak,ok,0.0,neither,,21448,6|2019-10-01,ok,0.12748393834245855,0.101605829932867,6|recent|15602,recent,0.12748393834245855
2019-12-13 00:00:00,2019-12-13 00:00:00,2019-12-13 06:00:00,2019-12-14 06:00:00,6,prebreak,ok,0.0,neither,,21453,6|2019-10-01,ok,0.12748393834245855,0.07788137964667392,6|recent|15607,recent,0.12748393834245855
2019-12-14 06:00:00,2019-12-14 06:00:00,2019-12-14 12:00:00,2019-12-15 12:00:00,6,prebreak,ok,0.0,neither,,21458,6|2019-10-01,ok,0.12748393834245855,0.05925985382389578,6|recent|15612,recent,0.12748393834245855
2019-12-15 18:00:00,2019-12-15 18:00:00,2019-12-16 00:00:00,2019-12-17 00:00:00,6,prebreak,ok,0.0,neither,,21464,6|2019-10-01,ok,0.12748393834245855,0.08491018225208363,6|recent|15618,recent,0.12748393834245855
2019-12-19 18:00:00,2019-12-19 18:00:00,2019-12-20 00:00:00,2019-12-21 00:00:00,6,prebreak,ok,0.0,neither,,21480,6|2019-10-01,ok,0.12748393834245855,0.15535445514145185,6|recent|15634,recent,0.12748393834245855
2019-12-21 00:00:00,2019-12-21 00:00:00,2019-12-21 06:00:00,2019-12-22 06:00:00,6,prebreak,ok,0.0,neither,,21485,6|2019-10-01,ok,0.12748393834245855,0.1330065833796067,6|recent|15639,recent,0.12748393834245855
2019-12-22 06:00:00,2019-12-22 06:00:00,2019-12-22 12:00:00,2019-12-23 12:00:00,6,prebreak,ok,0.0,upper_first,5.0,21490,6|2019-10-01,ok,0.12748393834245855,0.08151110424795652,6|recent|15644,recent,0.12748393834245855
2019-12-23 12:00:00,2019-12-23 12:00:00,2019-12-23 18:00:00,2019-12-24 18:00:00,6,prebreak,ok,0.0,neither,,21495,6|2019-10-01,ok,0.12748393834245855,0.07589634991880453,6|recent|15649,recent,0.12748393834245855
2019-12-24 18:00:00,2019-12-24 18:00:00,2019-12-25 00:00:00,2019-12-26 00:00:00,6,prebreak,ok,0.0,neither,,21500,6|2019-10-01,ok,0.12748393834245855,0.13641468426338255,6|recent|15654,recent,0.12748393834245855
2019-12-26 18:00:00,2019-12-26 18:00:00,2019-12-27 00:00:00,2019-12-28 00:00:00,6,prebreak,ok,0.0,neither,,21508,6|2019-10-01,ok,0.12748393834245855,0.09770636485138698,6|recent|15662,recent,0.12748393834245855
2019-12-28 12:00:00,2019-12-28 12:00:00,2019-12-28 18:00:00,2019-12-29 18:00:00,6,prebreak,ok,0.0,neither,,21515,6|2019-10-01,ok,0.12748393834245855,0.09189218449519483,6|recent|15669,recent,0.12748393834245855
2019-12-29 18:00:00,2019-12-29 18:00:00,2019-12-30 00:00:00,2019-12-31 00:00:00,6,prebreak,ok,0.0,neither,,21520,6|2019-10-01,ok,0.12748393834245855,0.06567700444852505,6|recent|15674,recent,0.12748393834245855
2019-12-31 00:00:00,2019-12-31 00:00:00,2019-12-31 06:00:00,2020-01-01 06:00:00,6,prebreak,ok,0.0,neither,,21525,6|2019-10-01,ok,0.12748393834245855,0.08173448655314834,6|recent|15679,recent,0.12748393834245855
2020-01-01 18:00:00,2020-01-01 18:00:00,2020-01-02 00:00:00,2020-01-03 00:00:00,6,prebreak,ok,0.0,neither,,21532,6|2020-01-01,ok,0.11363199152114793,0.06730798408577832,6|recent|15686,recent,0.11363199152114793
2020-01-04 06:00:00,2020-01-04 06:00:00,2020-01-04 12:00:00,2020-01-05 12:00:00,6,prebreak,ok,0.0,neither,,21542,6|2020-01-01,ok,0.11363199152114793,0.11158528635090846,6|recent|15696,recent,0.11363199152114793
2020-01-05 12:00:00,2020-01-05 12:00:00,2020-01-05 18:00:00,2020-01-06 18:00:00,6,prebreak,ok,0.0,neither,,21547,6|2020-01-01,ok,0.11363199152114793,0.11283903997168905,6|recent|15701,recent,0.11363199152114793
2020-01-06 18:00:00,2020-01-06 18:00:00,2020-01-07 00:00:00,2020-01-08 00:00:00,6,prebreak,ok,0.0,upper_first,0.0,21552,6|2020-01-01,ok,0.11363199152114793,0.07965547419263136,6|recent|15706,recent,0.11363199152114793
2020-01-08 00:00:00,2020-01-08 00:00:00,2020-01-08 06:00:00,2020-01-09 06:00:00,6,prebreak,ok,1.0,lower_first,14.0,21557,6|2020-01-01,ok,0.11363199152114793,0.08817210699235975,6|recent|15711,recent,0.11363199152114793
2020-01-09 06:00:00,2020-01-09 06:00:00,2020-01-09 12:00:00,2020-01-10 12:00:00,6,prebreak,ok,0.0,neither,,21562,6|2020-01-01,ok,0.11363199152114793,0.15242634318676143,6|recent|15716,recent,0.11363199152114793
2020-01-11 12:00:00,2020-01-11 12:00:00,2020-01-11 18:00:00,2020-01-12 18:00:00,6,prebreak,ok,0.0,neither,,21571,6|2020-01-01,ok,0.11363199152114793,0.13476423103658391,6|recent|15725,recent,0.11363199152114793
2020-01-12 18:00:00,2020-01-12 18:00:00,2020-01-13 00:00:00,2020-01-14 00:00:00,6,prebreak,ok,0.0,neither,,21576,6|2020-01-01,ok,0.11363199152114793,0.10836797577127238,6|recent|15730,recent,0.11363199152114793
2020-01-14 00:00:00,2020-01-14 00:00:00,2020-01-14 06:00:00,2020-01-15 06:00:00,6,prebreak,ok,0.0,upper_first,8.0,21581,6|2020-01-01,ok,0.11363199152114793,0.09712382852258915,6|recent|15735,recent,0.11363199152114793
2020-01-15 06:00:00,2020-01-15 06:00:00,2020-01-15 12:00:00,2020-01-16 12:00:00,6,prebreak,ok,0.0,neither,,21586,6|2020-01-01,ok,0.11363199152114793,0.12336920812969696,6|recent|15740,recent,0.11363199152114793
2020-01-16 12:00:00,2020-01-16 12:00:00,2020-01-16 18:00:00,2020-01-17 18:00:00,6,prebreak,ok,0.0,upper_first,12.0,21591,6|2020-01-01,ok,0.11363199152114793,0.12147493389068535,6|recent|15745,recent,0.11363199152114793
2020-01-17 18:00:00,2020-01-17 18:00:00,2020-01-18 00:00:00,2020-01-19 00:00:00,6,prebreak,ok,0.0,neither,,21596,6|2020-01-01,ok,0.11363199152114793,0.1307223864665756,6|recent|15750,recent,0.11363199152114793
2020-01-19 00:00:00,2020-01-19 00:00:00,2020-01-19 06:00:00,2020-01-20 06:00:00,6,prebreak,ok,1.0,lower_first,5.0,21601,6|2020-01-01,ok,0.11363199152114793,0.09707606063982488,6|recent|15755,recent,0.11363199152114793
2020-01-20 06:00:00,2020-01-20 06:00:00,2020-01-20 12:00:00,2020-01-21 12:00:00,6,prebreak,ok,0.0,neither,,21606,6|2020-01-01,ok,0.11363199152114793,0.14620878825295475,6|recent|15760,recent,0.11363199152114793
2020-01-21 12:00:00,2020-01-21 12:00:00,2020-01-21 18:00:00,2020-01-22 18:00:00,6,prebreak,ok,0.0,neither,,21611,6|2020-01-01,ok,0.11363199152114793,0.13939119193931962,6|recent|15765,recent,0.11363199152114793
2020-01-22 18:00:00,2020-01-22 18:00:00,2020-01-23 00:00:00,2020-01-24 00:00:00,6,prebreak,ok,0.0,neither,,21616,6|2020-01-01,ok,0.11363199152114793,0.10247477536505038,6|recent|15770,recent,0.11363199152114793
2020-01-25 12:00:00,2020-01-25 12:00:00,2020-01-25 18:00:00,2020-01-26 18:00:00,6,prebreak,ok,0.0,upper_first,23.0,21627,6|2020-01-01,ok,0.11363199152114793,0.11061948620827398,6|recent|15781,recent,0.11363199152114793
2020-01-26 18:00:00,2020-01-26 18:00:00,2020-01-27 00:00:00,2020-01-28 00:00:00,6,prebreak,ok,0.0,upper_first,18.0,21632,6|2020-01-01,ok,0.11363199152114793,0.08912504847853125,6|recent|15786,recent,0.11363199152114793
2020-01-28 00:00:00,2020-01-28 00:00:00,2020-01-28 06:00:00,2020-01-29 06:00:00,6,prebreak,ok,0.0,upper_first,17.0,21637,6|2020-01-01,ok,0.11363199152114793,0.06994933711894741,6|recent|15791,recent,0.11363199152114793
2020-01-29 06:00:00,2020-01-29 06:00:00,2020-01-29 12:00:00,2020-01-30 12:00:00,6,prebreak,ok,0.0,neither,,21642,6|2020-01-01,ok,0.11363199152114793,0.09326215509696012,6|recent|15796,recent,0.11363199152114793
2020-01-30 12:00:00,2020-01-30 12:00:00,2020-01-30 18:00:00,2020-01-31 18:00:00,6,prebreak,ok,0.0,neither,,21647,6|2020-01-01,ok,0.11363199152114793,0.11195902299517803,6|recent|15801,recent,0.11363199152114793
2020-03-01 00:00:00,2020-03-01 00:00:00,2020-03-01 06:00:00,2020-03-02 06:00:00,6,prebreak,ok,0.0,neither,,21769,6|2020-01-01,ok,0.11363199152114793,0.13148468681422604,6|recent|15923,recent,0.11363199152114793
2020-03-02 06:00:00,2020-03-02 06:00:00,2020-03-02 12:00:00,2020-03-03 12:00:00,6,prebreak,ok,0.0,neither,,21774,6|2020-01-01,ok,0.11363199152114793,0.10921016685921671,6|recent|15928,recent,0.11363199152114793
2020-03-03 12:00:00,2020-03-03 12:00:00,2020-03-03 18:00:00,2020-03-04 18:00:00,6,prebreak,ok,0.0,neither,,21779,6|2020-01-01,ok,0.11363199152114793,0.0851401170058679,6|recent|15933,recent,0.11363199152114793
2020-03-04 18:00:00,2020-03-04 18:00:00,2020-03-05 00:00:00,2020-03-06 00:00:00,6,prebreak,ok,0.0,upper_first,9.0,21784,6|2020-01-01,ok,0.11363199152114793,0.08303600857649943,6|recent|15938,recent,0.11363199152114793
2020-03-06 00:00:00,2020-03-06 00:00:00,2020-03-06 06:00:00,2020-03-07 06:00:00,6,prebreak,ok,0.0,neither,,21789,6|2020-01-01,ok,0.11363199152114793,0.09006904637909319,6|recent|15943,recent,0.11363199152114793
2020-03-07 06:00:00,2020-03-07 06:00:00,2020-03-07 12:00:00,2020-03-08 12:00:00,6,prebreak,ok,0.0,neither,,21794,6|2020-01-01,ok,0.11363199152114793,0.08253833359816112,6|recent|15948,recent,0.11363199152114793
2020-03-08 12:00:00,2020-03-08 12:00:00,2020-03-08 18:00:00,2020-03-09 18:00:00,6,prebreak,ok,1.0,lower_first,10.0,21799,6|2020-01-01,ok,0.11363199152114793,0.08539714245495687,6|recent|15953,recent,0.11363199152114793
2020-03-10 06:00:00,2020-03-10 06:00:00,2020-03-10 12:00:00,2020-03-11 12:00:00,6,prebreak,ok,0.0,neither,,21806,6|2020-01-01,ok,0.11363199152114793,0.12782843822840068,6|recent|15960,recent,0.11363199152114793
2020-03-11 12:00:00,2020-03-11 12:00:00,2020-03-11 18:00:00,2020-03-12 18:00:00,6,prebreak,ok,0.0,upper_first,4.0,21811,6|2020-01-01,ok,0.11363199152114793,0.15943038495851,6|recent|15965,recent,0.11363199152114793
2020-03-14 06:00:00,2020-03-14 06:00:00,2020-03-14 12:00:00,2020-03-15 12:00:00,6,prebreak,ok,1.0,lower_first,10.0,21822,6|2020-01-01,ok,0.11363199152114793,0.404774966749806,6|recent|15976,recent,0.11363199152114793
2020-03-15 12:00:00,2020-03-15 12:00:00,2020-03-15 18:00:00,2020-03-16 18:00:00,6,prebreak,ok,0.0,upper_first,3.0,21827,6|2020-01-01,ok,0.11363199152114793,0.3769311707885571,6|recent|15981,recent,0.11363199152114793
2020-03-17 12:00:00,2020-03-17 12:00:00,2020-03-17 18:00:00,2020-03-18 18:00:00,6,prebreak,ok,0.0,upper_first,3.0,21835,6|2020-01-01,ok,0.11363199152114793,0.31299285971978247,6|recent|15989,recent,0.11363199152114793
2020-03-18 18:00:00,2020-03-18 18:00:00,2020-03-19 00:00:00,2020-03-20 00:00:00,6,prebreak,ok,0.0,upper_first,9.0,21840,6|2020-01-01,ok,0.11363199152114793,0.3109442367853877,6|recent|15994,recent,0.11363199152114793
2020-03-20 00:00:00,2020-03-20 00:00:00,2020-03-20 06:00:00,2020-03-21 06:00:00,6,prebreak,ok,0.0,upper_first,2.0,21845,6|2020-01-01,ok,0.11363199152114793,0.19038680240171013,6|recent|15999,recent,0.11363199152114793
2020-03-21 06:00:00,2020-03-21 06:00:00,2020-03-21 12:00:00,2020-03-22 12:00:00,6,prebreak,ok,0.0,upper_first,8.0,21850,6|2020-01-01,ok,0.11363199152114793,0.2193687942555613,6|recent|16004,recent,0.11363199152114793
2020-03-22 12:00:00,2020-03-22 12:00:00,2020-03-22 18:00:00,2020-03-23 18:00:00,6,prebreak,ok,1.0,lower_first,6.0,21855,6|2020-01-01,ok,0.11363199152114793,0.23762205434841394,6|recent|16009,recent,0.11363199152114793
2020-03-23 18:00:00,2020-03-23 18:00:00,2020-03-24 00:00:00,2020-03-25 00:00:00,6,prebreak,ok,0.0,upper_first,0.0,21860,6|2020-01-01,ok,0.11363199152114793,0.20821519439398548,6|recent|16014,recent,0.11363199152114793
2020-03-25 00:00:00,2020-03-25 00:00:00,2020-03-25 06:00:00,2020-03-26 06:00:00,6,prebreak,ok,0.0,upper_first,3.0,21865,6|2020-01-01,ok,0.11363199152114793,0.17841902687073252,6|recent|16019,recent,0.11363199152114793
2020-03-26 06:00:00,2020-03-26 06:00:00,2020-03-26 12:00:00,2020-03-27 12:00:00,6,prebreak,ok,0.0,upper_first,12.0,21870,6|2020-01-01,ok,0.11363199152114793,0.18906800203293878,6|recent|16024,recent,0.11363199152114793
2020-03-27 12:00:00,2020-03-27 12:00:00,2020-03-27 18:00:00,2020-03-28 18:00:00,6,prebreak,ok,1.0,lower_first,5.0,21875,6|2020-01-01,ok,0.11363199152114793,0.15196562276218192,6|recent|16029,recent,0.11363199152114793
2020-03-29 18:00:00,2020-03-29 18:00:00,2020-03-30 00:00:00,2020-03-31 00:00:00,6,prebreak,ok,0.0,upper_first,5.0,21884,6|2020-01-01,ok,0.11363199152114793,0.16461981960317798,6|recent|16038,recent,0.11363199152114793
2020-03-31 00:00:00,2020-03-31 00:00:00,2020-03-31 06:00:00,2020-04-01 06:00:00,6,prebreak,ok,0.0,neither,,21889,6|2020-01-01,ok,0.11363199152114793,0.16074626012875773,6|recent|16043,recent,0.11363199152114793
2020-04-01 06:00:00,2020-04-01 06:00:00,2020-04-01 12:00:00,2020-04-02 12:00:00,6,prebreak,ok,0.0,upper_first,10.0,21894,6|2020-04-01,ok,0.12031153368399489,0.13997195794189407,6|recent|16048,recent,0.12031153368399489
2020-04-02 12:00:00,2020-04-02 12:00:00,2020-04-02 18:00:00,2020-04-03 18:00:00,6,prebreak,ok,1.0,lower_first,1.0,21899,6|2020-04-01,ok,0.12031153368399489,0.12207675935655803,6|recent|16053,recent,0.12031153368399489
2020-04-03 18:00:00,2020-04-03 18:00:00,2020-04-04 00:00:00,2020-04-05 00:00:00,6,prebreak,ok,0.0,upper_first,20.0,21904,6|2020-04-01,ok,0.12031153368399489,0.17217318770760762,6|recent|16058,recent,0.12031153368399489
2020-04-05 00:00:00,2020-04-05 00:00:00,2020-04-05 06:00:00,2020-04-06 06:00:00,6,prebreak,ok,0.0,upper_first,23.0,21909,6|2020-04-01,ok,0.12031153368399489,0.16058987329974397,6|recent|16063,recent,0.12031153368399489
2020-04-06 06:00:00,2020-04-06 06:00:00,2020-04-06 12:00:00,2020-04-07 12:00:00,6,prebreak,ok,0.0,upper_first,11.0,21914,6|2020-04-01,ok,0.12031153368399489,0.11139060184388737,6|recent|16068,recent,0.12031153368399489
2020-04-07 12:00:00,2020-04-07 12:00:00,2020-04-07 18:00:00,2020-04-08 18:00:00,6,prebreak,ok,0.0,neither,,21919,6|2020-04-01,ok,0.12031153368399489,0.09712068509543072,6|recent|16073,recent,0.12031153368399489
2020-04-08 18:00:00,2020-04-08 18:00:00,2020-04-09 00:00:00,2020-04-10 00:00:00,6,prebreak,ok,0.0,neither,,21924,6|2020-04-01,ok,0.12031153368399489,0.11709314018719603,6|recent|16078,recent,0.12031153368399489
2020-04-10 00:00:00,2020-04-10 00:00:00,2020-04-10 06:00:00,2020-04-11 06:00:00,6,prebreak,ok,0.0,neither,,21929,6|2020-04-01,ok,0.12031153368399489,0.1346873574078255,6|recent|16083,recent,0.12031153368399489
2020-04-11 18:00:00,2020-04-11 18:00:00,2020-04-12 00:00:00,2020-04-13 00:00:00,6,prebreak,ok,0.0,upper_first,16.0,21936,6|2020-04-01,ok,0.12031153368399489,0.14095262524946334,6|recent|16090,recent,0.12031153368399489
2020-04-13 00:00:00,2020-04-13 00:00:00,2020-04-13 06:00:00,2020-04-14 06:00:00,6,prebreak,ok,0.0,upper_first,16.0,21941,6|2020-04-01,ok,0.12031153368399489,0.1521879707806432,6|recent|16095,recent,0.12031153368399489
2020-04-14 06:00:00,2020-04-14 06:00:00,2020-04-14 12:00:00,2020-04-15 12:00:00,6,prebreak,ok,0.0,neither,,21946,6|2020-04-01,ok,0.12031153368399489,0.12928559260062195,6|recent|16100,recent,0.12031153368399489
2020-04-15 12:00:00,2020-04-15 12:00:00,2020-04-15 18:00:00,2020-04-16 18:00:00,6,prebreak,ok,0.0,upper_first,13.0,21951,6|2020-04-01,ok,0.12031153368399489,0.15200779021433494,6|recent|16105,recent,0.12031153368399489
2020-04-16 18:00:00,2020-04-16 18:00:00,2020-04-17 00:00:00,2020-04-18 00:00:00,6,prebreak,ok,0.0,neither,,21956,6|2020-04-01,ok,0.12031153368399489,0.11922409269397846,6|recent|16110,recent,0.12031153368399489
2020-04-18 00:00:00,2020-04-18 00:00:00,2020-04-18 06:00:00,2020-04-19 06:00:00,6,prebreak,ok,0.0,neither,,21961,6|2020-04-01,ok,0.12031153368399489,0.12202779454805722,6|recent|16115,recent,0.12031153368399489
2020-04-19 06:00:00,2020-04-19 06:00:00,2020-04-19 12:00:00,2020-04-20 12:00:00,6,prebreak,ok,0.0,neither,,21966,6|2020-04-01,ok,0.12031153368399489,0.1284187741838701,6|recent|16120,recent,0.12031153368399489
2020-04-22 00:00:00,2020-04-22 00:00:00,2020-04-22 06:00:00,2020-04-23 06:00:00,6,prebreak,ok,0.0,upper_first,8.0,21977,6|2020-04-01,ok,0.12031153368399489,0.13613248925271618,6|recent|16131,recent,0.12031153368399489
2020-04-23 06:00:00,2020-04-23 06:00:00,2020-04-23 12:00:00,2020-04-24 12:00:00,6,prebreak,ok,0.0,upper_first,2.0,21982,6|2020-04-01,ok,0.12031153368399489,0.11925504872799121,6|recent|16136,recent,0.12031153368399489
2020-04-24 12:00:00,2020-04-24 12:00:00,2020-04-24 18:00:00,2020-04-25 18:00:00,6,prebreak,ok,0.0,neither,,21987,6|2020-04-01,ok,0.12031153368399489,0.11146214026605142,6|recent|16141,recent,0.12031153368399489
2020-04-25 18:00:00,2020-04-25 18:00:00,2020-04-26 00:00:00,2020-04-27 00:00:00,6,prebreak,ok,0.0,neither,,21992,6|2020-04-01,ok,0.12031153368399489,0.11744510693319767,6|recent|16146,recent,0.12031153368399489
2020-04-27 00:00:00,2020-04-27 00:00:00,2020-04-27 06:00:00,2020-04-28 06:00:00,6,prebreak,ok,0.0,neither,,21997,6|2020-04-01,ok,0.12031153368399489,0.07528030834295264,6|recent|16151,recent,0.12031153368399489
2020-04-28 06:00:00,2020-04-28 06:00:00,2020-04-28 12:00:00,2020-04-29 12:00:00,6,prebreak,ok,0.0,upper_first,18.0,22002,6|2020-04-01,ok,0.12031153368399489,0.09618135303473033,6|recent|16156,recent,0.12031153368399489
2020-04-29 12:00:00,2020-04-29 12:00:00,2020-04-29 18:00:00,2020-04-30 18:00:00,6,prebreak,ok,0.0,upper_first,9.0,22007,6|2020-04-01,ok,0.12031153368399489,0.06924982738177506,6|recent|16161,recent,0.12031153368399489
2020-04-30 18:00:00,2020-04-30 18:00:00,2020-05-01 00:00:00,2020-05-02 00:00:00,6,prebreak,ok,0.0,upper_first,10.0,22012,6|2020-04-01,ok,0.12031153368399489,0.19356321465859708,6|recent|16166,recent,0.12031153368399489
2020-05-02 00:00:00,2020-05-02 00:00:00,2020-05-02 06:00:00,2020-05-03 06:00:00,6,prebreak,ok,0.0,upper_first,18.0,22017,6|2020-04-01,ok,0.12031153368399489,0.18657511532654283,6|recent|16171,recent,0.12031153368399489
2020-05-03 06:00:00,2020-05-03 06:00:00,2020-05-03 12:00:00,2020-05-04 12:00:00,6,prebreak,ok,1.0,lower_first,17.0,22022,6|2020-04-01,ok,0.12031153368399489,0.17434392440544508,6|recent|16176,recent,0.12031153368399489
2020-05-05 06:00:00,2020-05-05 06:00:00,2020-05-05 12:00:00,2020-05-06 12:00:00,6,prebreak,ok,0.0,upper_first,22.0,22030,6|2020-04-01,ok,0.12031153368399489,0.12479517787023722,6|recent|16184,recent,0.12031153368399489
2020-05-06 12:00:00,2020-05-06 12:00:00,2020-05-06 18:00:00,2020-05-07 18:00:00,6,prebreak,ok,0.0,upper_first,19.0,22035,6|2020-04-01,ok,0.12031153368399489,0.10256942699288739,6|recent|16189,recent,0.12031153368399489
2020-05-07 18:00:00,2020-05-07 18:00:00,2020-05-08 00:00:00,2020-05-09 00:00:00,6,prebreak,ok,0.0,neither,,22040,6|2020-04-01,ok,0.12031153368399489,0.08746462389116988,6|recent|16194,recent,0.12031153368399489
2020-05-09 00:00:00,2020-05-09 00:00:00,2020-05-09 06:00:00,2020-05-10 06:00:00,6,prebreak,ok,1.0,lower_first,18.0,22045,6|2020-04-01,ok,0.12031153368399489,0.1293154701206495,6|recent|16199,recent,0.12031153368399489
2020-05-11 06:00:00,2020-05-11 06:00:00,2020-05-11 12:00:00,2020-05-12 12:00:00,6,prebreak,ok,1.0,lower_first,4.0,22054,6|2020-04-01,ok,0.12031153368399489,0.22085267566784594,6|recent|16208,recent,0.12031153368399489
2020-05-12 12:00:00,2020-05-12 12:00:00,2020-05-12 18:00:00,2020-05-13 18:00:00,6,prebreak,ok,0.0,upper_first,21.0,22059,6|2020-04-01,ok,0.12031153368399489,0.22914799787284879,6|recent|16213,recent,0.12031153368399489
2020-05-13 18:00:00,2020-05-13 18:00:00,2020-05-14 00:00:00,2020-05-15 00:00:00,6,prebreak,ok,0.0,upper_first,8.0,22064,6|2020-04-01,ok,0.12031153368399489,0.15640100335512908,6|recent|16218,recent,0.12031153368399489
2020-05-15 00:00:00,2020-05-15 00:00:00,2020-05-15 06:00:00,2020-05-16 06:00:00,6,prebreak,ok,0.0,neither,,22069,6|2020-04-01,ok,0.12031153368399489,0.0969303162855676,6|recent|16223,recent,0.12031153368399489
2020-05-16 06:00:00,2020-05-16 06:00:00,2020-05-16 12:00:00,2020-05-17 12:00:00,6,prebreak,ok,0.0,neither,,22074,6|2020-04-01,ok,0.12031153368399489,0.13819466709490533,6|recent|16228,recent,0.12031153368399489
2020-05-17 12:00:00,2020-05-17 12:00:00,2020-05-17 18:00:00,2020-05-18 18:00:00,6,prebreak,ok,0.0,neither,,22079,6|2020-04-01,ok,0.12031153368399489,0.13559717508171765,6|recent|16233,recent,0.12031153368399489
2020-05-18 18:00:00,2020-05-18 18:00:00,2020-05-19 00:00:00,2020-05-20 00:00:00,6,prebreak,ok,0.0,neither,,22084,6|2020-04-01,ok,0.12031153368399489,0.13502024018049646,6|recent|16238,recent,0.12031153368399489
2020-05-20 00:00:00,2020-05-20 00:00:00,2020-05-20 06:00:00,2020-05-21 06:00:00,6,prebreak,ok,0.0,neither,,22089,6|2020-04-01,ok,0.12031153368399489,0.13166638078240414,6|recent|16243,recent,0.12031153368399489
2020-05-23 00:00:00,2020-05-23 00:00:00,2020-05-23 06:00:00,2020-05-24 06:00:00,6,prebreak,ok,0.0,neither,,22101,6|2020-04-01,ok,0.12031153368399489,0.1527218715761817,6|recent|16255,recent,0.12031153368399489
2020-05-24 06:00:00,2020-05-24 06:00:00,2020-05-24 12:00:00,2020-05-25 12:00:00,6,prebreak,ok,1.0,lower_first,12.0,22106,6|2020-04-01,ok,0.12031153368399489,0.1262895198297575,6|recent|16260,recent,0.12031153368399489
2020-05-26 00:00:00,2020-05-26 00:00:00,2020-05-26 06:00:00,2020-05-27 06:00:00,6,prebreak,ok,0.0,neither,,22113,6|2020-04-01,ok,0.12031153368399489,0.13530691058295072,6|recent|16267,recent,0.12031153368399489
2020-05-27 06:00:00,2020-05-27 06:00:00,2020-05-27 12:00:00,2020-05-28 12:00:00,6,prebreak,ok,0.0,neither,,22118,6|2020-04-01,ok,0.12031153368399489,0.13631691839886753,6|recent|16272,recent,0.12031153368399489
2020-05-28 12:00:00,2020-05-28 12:00:00,2020-05-28 18:00:00,2020-05-29 18:00:00,6,prebreak,ok,0.0,neither,,22123,6|2020-04-01,ok,0.12031153368399489,0.09138734802234916,6|recent|16277,recent,0.12031153368399489
2020-05-29 18:00:00,2020-05-29 18:00:00,2020-05-30 00:00:00,2020-05-31 00:00:00,6,prebreak,ok,0.0,upper_first,22.0,22128,6|2020-04-01,ok,0.12031153368399489,0.09875189543634612,6|recent|16282,recent,0.12031153368399489
2020-05-31 00:00:00,2020-05-31 00:00:00,2020-05-31 06:00:00,2020-06-01 06:00:00,6,prebreak,ok,0.0,neither,,22133,6|2020-04-01,ok,0.12031153368399489,0.10175072502140613,6|recent|16287,recent,0.12031153368399489
2020-06-01 06:00:00,2020-06-01 06:00:00,2020-06-01 12:00:00,2020-06-02 12:00:00,6,prebreak,ok,0.0,upper_first,11.0,22138,6|2020-04-01,ok,0.12031153368399489,0.10379985740888521,6|recent|16292,recent,0.12031153368399489
2020-06-02 12:00:00,2020-06-02 12:00:00,2020-06-02 18:00:00,2020-06-03 18:00:00,6,prebreak,ok,0.0,neither,,22143,6|2020-04-01,ok,0.12031153368399489,0.12751422903031778,6|recent|16297,recent,0.12031153368399489
2020-06-03 18:00:00,2020-06-03 18:00:00,2020-06-04 00:00:00,2020-06-05 00:00:00,6,prebreak,ok,0.0,neither,,22148,6|2020-04-01,ok,0.12031153368399489,0.1755232817092993,6|recent|16302,recent,0.12031153368399489
2020-06-05 00:00:00,2020-06-05 00:00:00,2020-06-05 06:00:00,2020-06-06 06:00:00,6,prebreak,ok,0.0,neither,,22153,6|2020-04-01,ok,0.12031153368399489,0.17003266014083457,6|recent|16307,recent,0.12031153368399489
2020-06-06 06:00:00,2020-06-06 06:00:00,2020-06-06 12:00:00,2020-06-07 12:00:00,6,prebreak,ok,0.0,neither,,22158,6|2020-04-01,ok,0.12031153368399489,0.08962691400797818,6|recent|16312,recent,0.12031153368399489
2020-06-07 12:00:00,2020-06-07 12:00:00,2020-06-07 18:00:00,2020-06-08 18:00:00,6,prebreak,ok,0.0,upper_first,1.0,22163,6|2020-04-01,ok,0.12031153368399489,0.09803505466498051,6|recent|16317,recent,0.12031153368399489
2020-06-08 18:00:00,2020-06-08 18:00:00,2020-06-09 00:00:00,2020-06-10 00:00:00,6,prebreak,ok,0.0,neither,,22168,6|2020-04-01,ok,0.12031153368399489,0.09059674836266161,6|recent|16322,recent,0.12031153368399489
2020-06-10 00:00:00,2020-06-10 00:00:00,2020-06-10 06:00:00,2020-06-11 06:00:00,6,prebreak,ok,0.0,neither,,22173,6|2020-04-01,ok,0.12031153368399489,0.08695414520168174,6|recent|16327,recent,0.12031153368399489
2020-06-11 06:00:00,2020-06-11 06:00:00,2020-06-11 12:00:00,2020-06-12 12:00:00,6,prebreak,ok,1.0,lower_first,4.0,22178,6|2020-04-01,ok,0.12031153368399489,0.06435945941519909,6|recent|16332,recent,0.12031153368399489
2020-06-12 18:00:00,2020-06-12 18:00:00,2020-06-13 00:00:00,2020-06-14 00:00:00,6,prebreak,ok,0.0,neither,,22184,6|2020-04-01,ok,0.12031153368399489,0.1620042466999373,6|recent|16338,recent,0.12031153368399489
2020-06-14 00:00:00,2020-06-14 00:00:00,2020-06-14 06:00:00,2020-06-15 06:00:00,6,prebreak,ok,0.0,neither,,22189,6|2020-04-01,ok,0.12031153368399489,0.1441449272371638,6|recent|16343,recent,0.12031153368399489
2020-06-16 06:00:00,2020-06-16 06:00:00,2020-06-16 12:00:00,2020-06-17 12:00:00,6,prebreak,ok,0.0,neither,,22198,6|2020-04-01,ok,0.12031153368399489,0.08148806236197002,6|recent|16352,recent,0.12031153368399489
2020-06-17 12:00:00,2020-06-17 12:00:00,2020-06-17 18:00:00,2020-06-18 18:00:00,6,prebreak,ok,0.0,neither,,22203,6|2020-04-01,ok,0.12031153368399489,0.09412291291839424,6|recent|16357,recent,0.12031153368399489
2020-06-18 18:00:00,2020-06-18 18:00:00,2020-06-19 00:00:00,2020-06-20 00:00:00,6,prebreak,ok,0.0,neither,,22208,6|2020-04-01,ok,0.12031153368399489,0.09466123620633175,6|recent|16362,recent,0.12031153368399489
2020-06-20 00:00:00,2020-06-20 00:00:00,2020-06-20 06:00:00,2020-06-21 06:00:00,6,prebreak,ok,0.0,neither,,22213,6|2020-04-01,ok,0.12031153368399489,0.0810596475257157,6|recent|16367,recent,0.12031153368399489
2020-06-21 06:00:00,2020-06-21 06:00:00,2020-06-21 12:00:00,2020-06-22 12:00:00,6,prebreak,ok,0.0,neither,,22218,6|2020-04-01,ok,0.12031153368399489,0.05742668149771807,6|recent|16372,recent,0.12031153368399489
2020-06-22 12:00:00,2020-06-22 12:00:00,2020-06-22 18:00:00,2020-06-23 18:00:00,6,prebreak,ok,0.0,neither,,22223,6|2020-04-01,ok,0.12031153368399489,0.046327804756014945,6|recent|16377,recent,0.12031153368399489
2020-06-23 18:00:00,2020-06-23 18:00:00,2020-06-24 00:00:00,2020-06-25 00:00:00,6,prebreak,ok,0.0,neither,,22228,6|2020-04-01,ok,0.12031153368399489,0.058454071757459446,6|recent|16382,recent,0.12031153368399489
2020-06-26 06:00:00,2020-06-26 06:00:00,2020-06-26 12:00:00,2020-06-27 12:00:00,6,prebreak,ok,0.0,neither,,22238,6|2020-04-01,ok,0.12031153368399489,0.1103906376823233,6|recent|16392,recent,0.12031153368399489
2020-06-27 12:00:00,2020-06-27 12:00:00,2020-06-27 18:00:00,2020-06-28 18:00:00,6,prebreak,ok,0.0,neither,,22243,6|2020-04-01,ok,0.12031153368399489,0.10136020069913133,6|recent|16397,recent,0.12031153368399489
2020-06-29 00:00:00,2020-06-29 00:00:00,2020-06-29 06:00:00,2020-06-30 06:00:00,6,prebreak,ok,0.0,neither,,22249,6|2020-04-01,ok,0.12031153368399489,0.08948417345262087,6|recent|16403,recent,0.12031153368399489
2020-06-30 06:00:00,2020-06-30 06:00:00,2020-06-30 12:00:00,2020-07-01 12:00:00,6,prebreak,ok,0.0,neither,,22254,6|2020-04-01,ok,0.12031153368399489,0.08637194913606892,6|recent|16408,recent,0.12031153368399489
2020-07-01 12:00:00,2020-07-01 12:00:00,2020-07-01 18:00:00,2020-07-02 18:00:00,6,prebreak,ok,0.0,neither,,22259,6|2020-07-01,ok,0.1185276401202647,0.06730640554403391,6|recent|16413,recent,0.1185276401202647
2020-07-03 18:00:00,2020-07-03 18:00:00,2020-07-04 00:00:00,2020-07-05 00:00:00,6,prebreak,ok,0.0,neither,,22268,6|2020-07-01,ok,0.1185276401202647,0.07057161713368024,6|recent|16422,recent,0.1185276401202647
2020-07-05 00:00:00,2020-07-05 00:00:00,2020-07-05 06:00:00,2020-07-06 06:00:00,6,prebreak,ok,0.0,neither,,22273,6|2020-07-01,ok,0.1185276401202647,0.0684089999664404,6|recent|16427,recent,0.1185276401202647
2020-07-06 06:00:00,2020-07-06 06:00:00,2020-07-06 12:00:00,2020-07-07 12:00:00,6,prebreak,ok,0.0,neither,,22278,6|2020-07-01,ok,0.1185276401202647,0.047038080532070994,6|recent|16432,recent,0.1185276401202647
2020-07-07 12:00:00,2020-07-07 12:00:00,2020-07-07 18:00:00,2020-07-08 18:00:00,6,prebreak,ok,0.0,neither,,22283,6|2020-07-01,ok,0.1185276401202647,0.05953481834119691,6|recent|16437,recent,0.1185276401202647
2020-07-08 18:00:00,2020-07-08 18:00:00,2020-07-09 00:00:00,2020-07-10 00:00:00,6,prebreak,ok,0.0,neither,,22288,6|2020-07-01,ok,0.1185276401202647,0.05698613467626992,6|recent|16442,recent,0.1185276401202647
2020-07-10 00:00:00,2020-07-10 00:00:00,2020-07-10 06:00:00,2020-07-11 06:00:00,6,prebreak,ok,0.0,neither,,22293,6|2020-07-01,ok,0.1185276401202647,0.08095618097551954,6|recent|16447,recent,0.1185276401202647
2020-07-11 06:00:00,2020-07-11 06:00:00,2020-07-11 12:00:00,2020-07-12 12:00:00,6,prebreak,ok,0.0,neither,,22298,6|2020-07-01,ok,0.1185276401202647,0.08276909565968782,6|recent|16452,recent,0.1185276401202647
2020-07-12 12:00:00,2020-07-12 12:00:00,2020-07-12 18:00:00,2020-07-13 18:00:00,6,prebreak,ok,0.0,neither,,22303,6|2020-07-01,ok,0.1185276401202647,0.07123547457218539,6|recent|16457,recent,0.1185276401202647
2020-07-13 18:00:00,2020-07-13 18:00:00,2020-07-14 00:00:00,2020-07-15 00:00:00,6,prebreak,ok,0.0,neither,,22308,6|2020-07-01,ok,0.1185276401202647,0.047247922162625945,6|recent|16462,recent,0.1185276401202647
2020-07-15 00:00:00,2020-07-15 00:00:00,2020-07-15 06:00:00,2020-07-16 06:00:00,6,prebreak,ok,0.0,neither,,22313,6|2020-07-01,ok,0.1185276401202647,0.051364153967569055,6|recent|16467,recent,0.1185276401202647
2020-07-16 06:00:00,2020-07-16 06:00:00,2020-07-16 12:00:00,2020-07-17 12:00:00,6,prebreak,ok,0.0,neither,,22318,6|2020-07-01,ok,0.1185276401202647,0.05462850157524387,6|recent|16472,recent,0.1185276401202647
2020-07-17 12:00:00,2020-07-17 12:00:00,2020-07-17 18:00:00,2020-07-18 18:00:00,6,prebreak,ok,0.0,neither,,22323,6|2020-07-01,ok,0.1185276401202647,0.052101232254246,6|recent|16477,recent,0.1185276401202647
2020-07-18 18:00:00,2020-07-18 18:00:00,2020-07-19 00:00:00,2020-07-20 00:00:00,6,prebreak,ok,0.0,neither,,22328,6|2020-07-01,ok,0.1185276401202647,0.04346170736692568,6|recent|16482,recent,0.1185276401202647
2020-07-20 00:00:00,2020-07-20 00:00:00,2020-07-20 06:00:00,2020-07-21 06:00:00,6,prebreak,ok,0.0,neither,,22333,6|2020-07-01,ok,0.1185276401202647,0.028396500187118992,6|recent|16487,recent,0.1185276401202647
2020-07-21 06:00:00,2020-07-21 06:00:00,2020-07-21 12:00:00,2020-07-22 12:00:00,6,prebreak,ok,0.0,neither,,22338,6|2020-07-01,ok,0.1185276401202647,0.03778073249599906,6|recent|16492,recent,0.1185276401202647
2020-07-22 12:00:00,2020-07-22 12:00:00,2020-07-22 18:00:00,2020-07-23 18:00:00,6,prebreak,ok,0.0,upper_first,23.0,22343,6|2020-07-01,ok,0.1185276401202647,0.057192118387005116,6|recent|16497,recent,0.1185276401202647
2020-07-23 18:00:00,2020-07-23 18:00:00,2020-07-24 00:00:00,2020-07-25 00:00:00,6,prebreak,ok,0.0,neither,,22348,6|2020-07-01,ok,0.1185276401202647,0.06162077915372879,6|recent|16502,recent,0.1185276401202647
2020-07-25 00:00:00,2020-07-25 00:00:00,2020-07-25 06:00:00,2020-07-26 06:00:00,6,prebreak,ok,0.0,neither,,22353,6|2020-07-01,ok,0.1185276401202647,0.07109343032272086,6|recent|16507,recent,0.1185276401202647
2020-07-26 06:00:00,2020-07-26 06:00:00,2020-07-26 12:00:00,2020-07-27 12:00:00,6,prebreak,ok,0.0,upper_first,15.0,22358,6|2020-07-01,ok,0.1185276401202647,0.06786726752051905,6|recent|16512,recent,0.1185276401202647
2020-07-27 12:00:00,2020-07-27 12:00:00,2020-07-27 18:00:00,2020-07-28 18:00:00,6,prebreak,ok,0.0,upper_first,4.0,22363,6|2020-07-01,ok,0.1185276401202647,0.08957753031801377,6|recent|16517,recent,0.1185276401202647
2020-07-28 18:00:00,2020-07-28 18:00:00,2020-07-29 00:00:00,2020-07-30 00:00:00,6,prebreak,ok,0.0,upper_first,14.0,22368,6|2020-07-01,ok,0.1185276401202647,0.14760779050136805,6|recent|16522,recent,0.1185276401202647
2020-07-30 00:00:00,2020-07-30 00:00:00,2020-07-30 06:00:00,2020-07-31 06:00:00,6,prebreak,ok,0.0,neither,,22373,6|2020-07-01,ok,0.1185276401202647,0.15718664877056043,6|recent|16527,recent,0.1185276401202647
2020-07-31 06:00:00,2020-07-31 06:00:00,2020-07-31 12:00:00,2020-08-01 12:00:00,6,prebreak,ok,0.0,upper_first,17.0,22378,6|2020-07-01,ok,0.1185276401202647,0.1325555473452758,6|recent|16532,recent,0.1185276401202647
2020-08-01 12:00:00,2020-08-01 12:00:00,2020-08-01 18:00:00,2020-08-02 18:00:00,6,prebreak,ok,,ambiguous,10.0,22383,6|2020-07-01,ok,0.1185276401202647,0.10137274446857096,6|recent|16537,recent,0.1185276401202647
2020-08-02 18:00:00,2020-08-02 18:00:00,2020-08-03 00:00:00,2020-08-04 00:00:00,6,prebreak,ok,0.0,upper_first,15.0,22388,6|2020-07-01,ok,0.1185276401202647,0.17131230580530651,6|recent|16542,recent,0.1185276401202647
2020-08-04 00:00:00,2020-08-04 00:00:00,2020-08-04 06:00:00,2020-08-05 06:00:00,6,prebreak,ok,0.0,neither,,22393,6|2020-07-01,ok,0.1185276401202647,0.18178484256951796,6|recent|16547,recent,0.1185276401202647
2020-08-05 06:00:00,2020-08-05 06:00:00,2020-08-05 12:00:00,2020-08-06 12:00:00,6,prebreak,ok,0.0,upper_first,9.0,22398,6|2020-07-01,ok,0.1185276401202647,0.11059304738259186,6|recent|16552,recent,0.1185276401202647
2020-08-06 12:00:00,2020-08-06 12:00:00,2020-08-06 18:00:00,2020-08-07 18:00:00,6,prebreak,ok,0.0,neither,,22403,6|2020-07-01,ok,0.1185276401202647,0.09740890527874321,6|recent|16557,recent,0.1185276401202647
2020-08-07 18:00:00,2020-08-07 18:00:00,2020-08-08 00:00:00,2020-08-09 00:00:00,6,prebreak,ok,0.0,neither,,22408,6|2020-07-01,ok,0.1185276401202647,0.1022243152090397,6|recent|16562,recent,0.1185276401202647
2020-08-09 00:00:00,2020-08-09 00:00:00,2020-08-09 06:00:00,2020-08-10 06:00:00,6,prebreak,ok,0.0,upper_first,20.0,22413,6|2020-07-01,ok,0.1185276401202647,0.0917320264901545,6|recent|16567,recent,0.1185276401202647
2020-08-10 06:00:00,2020-08-10 06:00:00,2020-08-10 12:00:00,2020-08-11 12:00:00,6,prebreak,ok,0.0,neither,,22418,6|2020-07-01,ok,0.1185276401202647,0.07937151002281978,6|recent|16572,recent,0.1185276401202647
2020-08-11 12:00:00,2020-08-11 12:00:00,2020-08-11 18:00:00,2020-08-12 18:00:00,6,prebreak,ok,0.0,neither,,22423,6|2020-07-01,ok,0.1185276401202647,0.11640889633434458,6|recent|16577,recent,0.1185276401202647
2020-08-13 00:00:00,2020-08-13 00:00:00,2020-08-13 06:00:00,2020-08-14 06:00:00,6,prebreak,ok,0.0,neither,,22429,6|2020-07-01,ok,0.1185276401202647,0.12430742332816411,6|recent|16583,recent,0.1185276401202647
2020-08-14 06:00:00,2020-08-14 06:00:00,2020-08-14 12:00:00,2020-08-15 12:00:00,6,prebreak,ok,0.0,neither,,22434,6|2020-07-01,ok,0.1185276401202647,0.10739162084845598,6|recent|16588,recent,0.1185276401202647
2020-08-15 12:00:00,2020-08-15 12:00:00,2020-08-15 18:00:00,2020-08-16 18:00:00,6,prebreak,ok,0.0,neither,,22439,6|2020-07-01,ok,0.1185276401202647,0.08491653005056042,6|recent|16593,recent,0.1185276401202647
2020-08-16 18:00:00,2020-08-16 18:00:00,2020-08-17 00:00:00,2020-08-18 00:00:00,6,prebreak,ok,0.0,upper_first,15.0,22444,6|2020-07-01,ok,0.1185276401202647,0.08516581555853919,6|recent|16598,recent,0.1185276401202647
2020-08-18 00:00:00,2020-08-18 00:00:00,2020-08-18 06:00:00,2020-08-19 06:00:00,6,prebreak,ok,0.0,neither,,22449,6|2020-07-01,ok,0.1185276401202647,0.10430654636070462,6|recent|16603,recent,0.1185276401202647
2020-08-19 06:00:00,2020-08-19 06:00:00,2020-08-19 12:00:00,2020-08-20 12:00:00,6,prebreak,ok,0.0,neither,,22454,6|2020-07-01,ok,0.1185276401202647,0.13741965446049864,6|recent|16608,recent,0.1185276401202647
2020-08-20 12:00:00,2020-08-20 12:00:00,2020-08-20 18:00:00,2020-08-21 18:00:00,6,prebreak,ok,0.0,neither,,22459,6|2020-07-01,ok,0.1185276401202647,0.12244455816986953,6|recent|16613,recent,0.1185276401202647
2020-08-21 18:00:00,2020-08-21 18:00:00,2020-08-22 00:00:00,2020-08-23 00:00:00,6,prebreak,ok,0.0,neither,,22464,6|2020-07-01,ok,0.1185276401202647,0.09612958020965416,6|recent|16618,recent,0.1185276401202647
2020-08-23 06:00:00,2020-08-23 06:00:00,2020-08-23 12:00:00,2020-08-24 12:00:00,6,prebreak,ok,0.0,neither,,22470,6|2020-07-01,ok,0.1185276401202647,0.0896902351983756,6|recent|16624,recent,0.1185276401202647
2020-08-24 12:00:00,2020-08-24 12:00:00,2020-08-24 18:00:00,2020-08-25 18:00:00,6,prebreak,ok,0.0,neither,,22475,6|2020-07-01,ok,0.1185276401202647,0.07118728603759593,6|recent|16629,recent,0.1185276401202647
2020-08-26 18:00:00,2020-08-26 18:00:00,2020-08-27 00:00:00,2020-08-28 00:00:00,6,prebreak,ok,0.0,neither,,22484,6|2020-07-01,ok,0.1185276401202647,0.07732096569792915,6|recent|16638,recent,0.1185276401202647
2020-08-28 00:00:00,2020-08-28 00:00:00,2020-08-28 06:00:00,2020-08-29 06:00:00,6,prebreak,ok,0.0,neither,,22489,6|2020-07-01,ok,0.1185276401202647,0.08547888956637752,6|recent|16643,recent,0.1185276401202647
2020-08-29 06:00:00,2020-08-29 06:00:00,2020-08-29 12:00:00,2020-08-30 12:00:00,6,prebreak,ok,0.0,neither,,22494,6|2020-07-01,ok,0.1185276401202647,0.07416423784538956,6|recent|16648,recent,0.1185276401202647
2020-08-30 12:00:00,2020-08-30 12:00:00,2020-08-30 18:00:00,2020-08-31 18:00:00,6,prebreak,ok,0.0,neither,,22499,6|2020-07-01,ok,0.1185276401202647,0.06752487025633831,6|recent|16653,recent,0.1185276401202647
2020-08-31 18:00:00,2020-08-31 18:00:00,2020-09-01 00:00:00,2020-09-02 00:00:00,6,prebreak,ok,0.0,upper_first,15.0,22504,6|2020-07-01,ok,0.1185276401202647,0.06216057629017198,6|recent|16658,recent,0.1185276401202647
2020-09-02 00:00:00,2020-09-02 00:00:00,2020-09-02 06:00:00,2020-09-03 06:00:00,6,prebreak,ok,1.0,lower_first,5.0,22509,6|2020-07-01,ok,0.1185276401202647,0.0764505671727749,6|recent|16663,recent,0.1185276401202647
2020-09-03 12:00:00,2020-09-03 12:00:00,2020-09-03 18:00:00,2020-09-04 18:00:00,6,prebreak,ok,1.0,lower_first,5.0,22515,6|2020-07-01,ok,0.1185276401202647,0.11665914404730661,6|recent|16669,recent,0.1185276401202647
2020-10-05 06:00:00,2020-10-05 06:00:00,2020-10-05 12:00:00,2020-10-06 12:00:00,6,prebreak,ok,0.0,neither,,22642,6|2020-10-01,ok,0.10638773909353551,0.06599681813588484,6|recent|16796,recent,0.10638773909353551
2020-10-06 12:00:00,2020-10-06 12:00:00,2020-10-06 18:00:00,2020-10-07 18:00:00,6,prebreak,ok,0.0,neither,,22647,6|2020-10-01,ok,0.10638773909353551,0.05576791738694353,6|recent|16801,recent,0.10638773909353551
2020-10-07 18:00:00,2020-10-07 18:00:00,2020-10-08 00:00:00,2020-10-09 00:00:00,6,prebreak,ok,0.0,neither,,22652,6|2020-10-01,ok,0.10638773909353551,0.06421747549502639,6|recent|16806,recent,0.10638773909353551
2020-10-09 00:00:00,2020-10-09 00:00:00,2020-10-09 06:00:00,2020-10-10 06:00:00,6,prebreak,ok,0.0,upper_first,20.0,22657,6|2020-10-01,ok,0.10638773909353551,0.06912743429817543,6|recent|16811,recent,0.10638773909353551
2020-10-10 06:00:00,2020-10-10 06:00:00,2020-10-10 12:00:00,2020-10-11 12:00:00,6,prebreak,ok,0.0,neither,,22662,6|2020-10-01,ok,0.10638773909353551,0.07125658794942816,6|recent|16816,recent,0.10638773909353551
2020-10-11 12:00:00,2020-10-11 12:00:00,2020-10-11 18:00:00,2020-10-12 18:00:00,6,prebreak,ok,0.0,neither,,22667,6|2020-10-01,ok,0.10638773909353551,0.08170471544744601,6|recent|16821,recent,0.10638773909353551
2020-10-12 18:00:00,2020-10-12 18:00:00,2020-10-13 00:00:00,2020-10-14 00:00:00,6,prebreak,ok,0.0,neither,,22672,6|2020-10-01,ok,0.10638773909353551,0.08114340647819725,6|recent|16826,recent,0.10638773909353551
2020-10-14 00:00:00,2020-10-14 00:00:00,2020-10-14 06:00:00,2020-10-15 06:00:00,6,prebreak,ok,0.0,neither,,22677,6|2020-10-01,ok,0.10638773909353551,0.08899224202200623,6|recent|16831,recent,0.10638773909353551
2020-10-15 06:00:00,2020-10-15 06:00:00,2020-10-15 12:00:00,2020-10-16 12:00:00,6,prebreak,ok,0.0,neither,,22682,6|2020-10-01,ok,0.10638773909353551,0.09961723051670827,6|recent|16836,recent,0.10638773909353551
2020-10-16 12:00:00,2020-10-16 12:00:00,2020-10-16 18:00:00,2020-10-17 18:00:00,6,prebreak,ok,0.0,neither,,22687,6|2020-10-01,ok,0.10638773909353551,0.09711308123457747,6|recent|16841,recent,0.10638773909353551
2020-10-17 18:00:00,2020-10-17 18:00:00,2020-10-18 00:00:00,2020-10-19 00:00:00,6,prebreak,ok,0.0,neither,,22692,6|2020-10-01,ok,0.10638773909353551,0.08556576845495124,6|recent|16846,recent,0.10638773909353551
2020-10-19 00:00:00,2020-10-19 00:00:00,2020-10-19 06:00:00,2020-10-20 06:00:00,6,prebreak,ok,0.0,upper_first,9.0,22697,6|2020-10-01,ok,0.10638773909353551,0.07221241063178473,6|recent|16851,recent,0.10638773909353551
2020-10-20 06:00:00,2020-10-20 06:00:00,2020-10-20 12:00:00,2020-10-21 12:00:00,6,prebreak,ok,,censored,,22702,6|2020-10-01,ok,0.10638773909353551,0.05817324157341946,6|recent|16856,recent,0.10638773909353551
2020-11-20 00:00:00,2020-11-20 00:00:00,2020-11-20 06:00:00,2020-11-21 06:00:00,6,prebreak,ok,0.0,upper_first,9.0,22825,6|2020-10-01,ok,0.10638773909353551,0.15898133039122733,6|recent|16979,recent,0.10638773909353551
2020-11-21 06:00:00,2020-11-21 06:00:00,2020-11-21 12:00:00,2020-11-22 12:00:00,6,prebreak,ok,1.0,lower_first,23.0,22830,6|2020-10-01,ok,0.10638773909353551,0.14406872745929605,6|recent|16984,recent,0.10638773909353551
2020-11-22 12:00:00,2020-11-22 12:00:00,2020-11-22 18:00:00,2020-11-23 18:00:00,6,prebreak,ok,0.0,neither,,22835,6|2020-10-01,ok,0.10638773909353551,0.14837324355056064,6|recent|16989,recent,0.10638773909353551
2020-11-23 18:00:00,2020-11-23 18:00:00,2020-11-24 00:00:00,2020-11-25 00:00:00,6,prebreak,ok,0.0,upper_first,9.0,22840,6|2020-10-01,ok,0.10638773909353551,0.13357392998481077,6|recent|16994,recent,0.10638773909353551
2020-11-25 00:00:00,2020-11-25 00:00:00,2020-11-25 06:00:00,2020-11-26 06:00:00,6,prebreak,ok,0.0,upper_first,7.0,22845,6|2020-10-01,ok,0.10638773909353551,0.12909518341870446,6|recent|16999,recent,0.10638773909353551
2020-11-27 12:00:00,2020-11-27 12:00:00,2020-11-27 18:00:00,2020-11-28 18:00:00,6,prebreak,ok,0.0,upper_first,16.0,22855,6|2020-10-01,ok,0.10638773909353551,0.19884817417808454,6|recent|17009,recent,0.10638773909353551
2020-11-28 18:00:00,2020-11-28 18:00:00,2020-11-29 00:00:00,2020-11-30 00:00:00,6,prebreak,ok,0.0,upper_first,21.0,22860,6|2020-10-01,ok,0.10638773909353551,0.18185969671281174,6|recent|17014,recent,0.10638773909353551
2020-11-30 00:00:00,2020-11-30 00:00:00,2020-11-30 06:00:00,2020-12-01 06:00:00,6,prebreak,ok,0.0,upper_first,7.0,22865,6|2020-10-01,ok,0.10638773909353551,0.13040051511775871,6|recent|17019,recent,0.10638773909353551
2020-12-01 06:00:00,2020-12-01 06:00:00,2020-12-01 12:00:00,2020-12-02 12:00:00,6,prebreak,ok,1.0,lower_first,0.0,22870,6|2020-10-01,ok,0.10638773909353551,0.10913375462852974,6|recent|17024,recent,0.10638773909353551
2020-12-02 12:00:00,2020-12-02 12:00:00,2020-12-02 18:00:00,2020-12-03 18:00:00,6,prebreak,ok,0.0,upper_first,22.0,22875,6|2020-10-01,ok,0.10638773909353551,0.16159504364055835,6|recent|17029,recent,0.10638773909353551
2020-12-03 18:00:00,2020-12-03 18:00:00,2020-12-04 00:00:00,2020-12-05 00:00:00,6,prebreak,ok,0.0,neither,,22880,6|2020-10-01,ok,0.10638773909353551,0.16754621995572813,6|recent|17034,recent,0.10638773909353551
2020-12-05 00:00:00,2020-12-05 00:00:00,2020-12-05 06:00:00,2020-12-06 06:00:00,6,prebreak,ok,0.0,neither,,22885,6|2020-10-01,ok,0.10638773909353551,0.13679710968190562,6|recent|17039,recent,0.10638773909353551
2020-12-06 06:00:00,2020-12-06 06:00:00,2020-12-06 12:00:00,2020-12-07 12:00:00,6,prebreak,ok,0.0,neither,,22890,6|2020-10-01,ok,0.10638773909353551,0.11488405613501886,6|recent|17044,recent,0.10638773909353551
2020-12-07 12:00:00,2020-12-07 12:00:00,2020-12-07 18:00:00,2020-12-08 18:00:00,6,prebreak,ok,0.0,neither,,22895,6|2020-10-01,ok,0.10638773909353551,0.10522792429545243,6|recent|17049,recent,0.10638773909353551
2020-12-10 12:00:00,2020-12-10 12:00:00,2020-12-10 18:00:00,2020-12-11 18:00:00,6,prebreak,ok,0.0,neither,,22907,6|2020-10-01,ok,0.10638773909353551,0.1255400991749731,6|recent|17061,recent,0.10638773909353551
2020-12-11 18:00:00,2020-12-11 18:00:00,2020-12-12 00:00:00,2020-12-13 00:00:00,6,prebreak,ok,0.0,upper_first,18.0,22912,6|2020-10-01,ok,0.10638773909353551,0.12232206232436707,6|recent|17066,recent,0.10638773909353551
2020-12-13 00:00:00,2020-12-13 00:00:00,2020-12-13 06:00:00,2020-12-14 06:00:00,6,prebreak,ok,0.0,neither,,22917,6|2020-10-01,ok,0.10638773909353551,0.09498009359362461,6|recent|17071,recent,0.10638773909353551
2020-12-14 06:00:00,2020-12-14 06:00:00,2020-12-14 12:00:00,2020-12-15 12:00:00,6,prebreak,ok,0.0,neither,,22922,6|2020-10-01,ok,0.10638773909353551,0.08849187127336193,6|recent|17076,recent,0.10638773909353551
2020-12-15 12:00:00,2020-12-15 12:00:00,2020-12-15 18:00:00,2020-12-16 18:00:00,6,prebreak,ok,0.0,upper_first,19.0,22927,6|2020-10-01,ok,0.10638773909353551,0.08881853463765006,6|recent|17081,recent,0.10638773909353551
2020-12-16 18:00:00,2020-12-16 18:00:00,2020-12-17 00:00:00,2020-12-18 00:00:00,6,prebreak,ok,0.0,upper_first,3.0,22932,6|2020-10-01,ok,0.10638773909353551,0.09329060197895285,6|recent|17086,recent,0.10638773909353551
2020-12-18 00:00:00,2020-12-18 00:00:00,2020-12-18 06:00:00,2020-12-19 06:00:00,6,prebreak,ok,0.0,neither,,22937,6|2020-10-01,ok,0.10638773909353551,0.12859537433127835,6|recent|17091,recent,0.10638773909353551
2020-12-19 06:00:00,2020-12-19 06:00:00,2020-12-19 12:00:00,2020-12-20 12:00:00,6,prebreak,ok,0.0,upper_first,2.0,22942,6|2020-10-01,ok,0.10638773909353551,0.13178366208418474,6|recent|17096,recent,0.10638773909353551
2020-12-20 12:00:00,2020-12-20 12:00:00,2020-12-20 18:00:00,2020-12-21 18:00:00,6,prebreak,ok,1.0,lower_first,16.0,22947,6|2020-10-01,ok,0.10638773909353551,0.13719332508666007,6|recent|17101,recent,0.10638773909353551
2020-12-21 18:00:00,2020-12-21 18:00:00,2020-12-22 00:00:00,2020-12-23 00:00:00,6,prebreak,ok,0.0,upper_first,13.0,22952,6|2020-10-01,ok,0.10638773909353551,0.16845536691840013,6|recent|17106,recent,0.10638773909353551
2020-12-23 00:00:00,2020-12-23 00:00:00,2020-12-23 06:00:00,2020-12-24 06:00:00,6,prebreak,ok,0.0,neither,,22957,6|2020-10-01,ok,0.10638773909353551,0.16553185723084063,6|recent|17111,recent,0.10638773909353551
2020-12-24 06:00:00,2020-12-24 06:00:00,2020-12-24 12:00:00,2020-12-25 12:00:00,6,prebreak,ok,0.0,upper_first,21.0,22962,6|2020-10-01,ok,0.10638773909353551,0.1797225300177761,6|recent|17116,recent,0.10638773909353551
2020-12-25 12:00:00,2020-12-25 12:00:00,2020-12-25 18:00:00,2020-12-26 18:00:00,6,prebreak,ok,0.0,upper_first,8.0,22967,6|2020-10-01,ok,0.10638773909353551,0.12243336617541062,6|recent|17121,recent,0.10638773909353551
2020-12-26 18:00:00,2020-12-26 18:00:00,2020-12-27 00:00:00,2020-12-28 00:00:00,6,prebreak,ok,0.0,upper_first,6.0,22972,6|2020-10-01,ok,0.10638773909353551,0.10476644967390851,6|recent|17126,recent,0.10638773909353551
2020-12-28 00:00:00,2020-12-28 00:00:00,2020-12-28 06:00:00,2020-12-29 06:00:00,6,prebreak,ok,0.0,neither,,22977,6|2020-10-01,ok,0.10638773909353551,0.15060109741135413,6|recent|17131,recent,0.10638773909353551
2020-12-29 06:00:00,2020-12-29 06:00:00,2020-12-29 12:00:00,2020-12-30 12:00:00,6,prebreak,ok,0.0,upper_first,12.0,22982,6|2020-10-01,ok,0.10638773909353551,0.1671351269952285,6|recent|17136,recent,0.10638773909353551
2020-12-30 12:00:00,2020-12-30 12:00:00,2020-12-30 18:00:00,2020-12-31 18:00:00,6,prebreak,ok,0.0,upper_first,6.0,22987,6|2020-10-01,ok,0.10638773909353551,0.15653678632378232,6|recent|17141,recent,0.10638773909353551
2020-12-31 18:00:00,2020-12-31 18:00:00,2021-01-01 00:00:00,2021-01-02 00:00:00,6,prebreak,ok,0.0,neither,,22992,6|2020-10-01,ok,0.10638773909353551,0.12572988245394773,6|recent|17146,recent,0.10638773909353551
2021-01-02 00:00:00,2021-01-02 00:00:00,2021-01-02 06:00:00,2021-01-03 06:00:00,6,prebreak,ok,0.0,upper_first,6.0,22997,6|2021-01-01,ok,0.10463157531902292,0.12266178189271551,6|recent|17151,recent,0.10463157531902292
2021-01-03 06:00:00,2021-01-03 06:00:00,2021-01-03 12:00:00,2021-01-04 12:00:00,6,prebreak,ok,1.0,lower_first,4.0,23002,6|2021-01-01,ok,0.10463157531902292,0.17215472148388258,6|recent|17156,recent,0.10463157531902292
2021-01-04 12:00:00,2021-01-04 12:00:00,2021-01-04 18:00:00,2021-01-05 18:00:00,6,prebreak,ok,0.0,upper_first,5.0,23007,6|2021-01-01,ok,0.10463157531902292,0.23813195421306288,6|recent|17161,recent,0.10463157531902292
2021-01-05 18:00:00,2021-01-05 18:00:00,2021-01-06 00:00:00,2021-01-07 00:00:00,6,prebreak,ok,0.0,upper_first,4.0,23012,6|2021-01-01,ok,0.10463157531902292,0.2141638232518459,6|recent|17166,recent,0.10463157531902292
2021-01-07 00:00:00,2021-01-07 00:00:00,2021-01-07 06:00:00,2021-01-08 06:00:00,6,prebreak,ok,0.0,upper_first,8.0,23017,6|2021-01-01,ok,0.10463157531902292,0.1693612515700619,6|recent|17171,recent,0.10463157531902292
2021-01-08 06:00:00,2021-01-08 06:00:00,2021-01-08 12:00:00,2021-01-09 12:00:00,6,prebreak,ok,1.0,lower_first,8.0,23022,6|2021-01-01,ok,0.10463157531902292,0.1787993095281256,6|recent|17176,recent,0.10463157531902292
2021-01-09 12:00:00,2021-01-09 12:00:00,2021-01-09 18:00:00,2021-01-10 18:00:00,6,prebreak,ok,1.0,lower_first,23.0,23027,6|2021-01-01,ok,0.10463157531902292,0.18712664695882625,6|recent|17181,recent,0.10463157531902292
2021-01-10 18:00:00,2021-01-10 18:00:00,2021-01-11 00:00:00,2021-01-12 00:00:00,6,prebreak,ok,1.0,lower_first,0.0,23032,6|2021-01-01,ok,0.10463157531902292,0.21878449831451569,6|recent|17186,recent,0.10463157531902292
2021-01-12 12:00:00,2021-01-12 12:00:00,2021-01-12 18:00:00,2021-01-13 18:00:00,6,prebreak,ok,1.0,lower_first,6.0,23039,6|2021-01-01,ok,0.10463157531902292,0.24799765253194941,6|recent|17193,recent,0.10463157531902292
2021-01-13 18:00:00,2021-01-13 18:00:00,2021-01-14 00:00:00,2021-01-15 00:00:00,6,prebreak,ok,0.0,upper_first,7.0,23044,6|2021-01-01,ok,0.10463157531902292,0.2621478731666891,6|recent|17198,recent,0.10463157531902292
2021-01-15 00:00:00,2021-01-15 00:00:00,2021-01-15 06:00:00,2021-01-16 06:00:00,6,prebreak,ok,1.0,lower_first,9.0,23049,6|2021-01-01,ok,0.10463157531902292,0.21299970771184293,6|recent|17203,recent,0.10463157531902292
2021-01-16 06:00:00,2021-01-16 06:00:00,2021-01-16 12:00:00,2021-01-17 12:00:00,6,prebreak,ok,1.0,lower_first,9.0,23054,6|2021-01-01,ok,0.10463157531902292,0.19437939373542737,6|recent|17208,recent,0.10463157531902292
2021-01-18 12:00:00,2021-01-18 12:00:00,2021-01-18 18:00:00,2021-01-19 18:00:00,6,prebreak,ok,0.0,upper_first,5.0,23063,6|2021-01-01,ok,0.10463157531902292,0.1817872849345815,6|recent|17217,recent,0.10463157531902292
2021-01-19 18:00:00,2021-01-19 18:00:00,2021-01-20 00:00:00,2021-01-21 00:00:00,6,prebreak,ok,1.0,lower_first,11.0,23068,6|2021-01-01,ok,0.10463157531902292,0.16031047875347337,6|recent|17222,recent,0.10463157531902292
2021-01-21 00:00:00,2021-01-21 00:00:00,2021-01-21 06:00:00,2021-01-22 06:00:00,6,prebreak,ok,1.0,lower_first,3.0,23073,6|2021-01-01,ok,0.10463157531902292,0.16238179176697068,6|recent|17227,recent,0.10463157531902292
2021-01-23 06:00:00,2021-01-23 06:00:00,2021-01-23 12:00:00,2021-01-24 12:00:00,6,prebreak,ok,0.0,upper_first,16.0,23082,6|2021-01-01,ok,0.10463157531902292,0.2007958995615871,6|recent|17236,recent,0.10463157531902292
2021-01-24 12:00:00,2021-01-24 12:00:00,2021-01-24 18:00:00,2021-01-25 18:00:00,6,prebreak,ok,0.0,upper_first,6.0,23087,6|2021-01-01,ok,0.10463157531902292,0.1952275177100008,6|recent|17241,recent,0.10463157531902292
2021-01-25 18:00:00,2021-01-25 18:00:00,2021-01-26 00:00:00,2021-01-27 00:00:00,6,prebreak,ok,0.0,neither,,23092,6|2021-01-01,ok,0.10463157531902292,0.15425256396118517,6|recent|17246,recent,0.10463157531902292
2021-01-27 00:00:00,2021-01-27 00:00:00,2021-01-27 06:00:00,2021-01-28 06:00:00,6,prebreak,ok,1.0,lower_first,8.0,23097,6|2021-01-01,ok,0.10463157531902292,0.16855423246903406,6|recent|17251,recent,0.10463157531902292
2021-01-28 18:00:00,2021-01-28 18:00:00,2021-01-29 00:00:00,2021-01-30 00:00:00,6,prebreak,ok,0.0,upper_first,8.0,23104,6|2021-01-01,ok,0.10463157531902292,0.18404211205957202,6|recent|17258,recent,0.10463157531902292
2021-01-30 00:00:00,2021-01-30 00:00:00,2021-01-30 06:00:00,2021-01-31 06:00:00,6,prebreak,ok,0.0,upper_first,9.0,23109,6|2021-01-01,ok,0.10463157531902292,0.24540372267172014,6|recent|17263,recent,0.10463157531902292
2021-01-31 06:00:00,2021-01-31 06:00:00,2021-01-31 12:00:00,2021-02-01 12:00:00,6,prebreak,ok,0.0,upper_first,21.0,23114,6|2021-01-01,ok,0.10463157531902292,0.23709997911380432,6|recent|17268,recent,0.10463157531902292
2021-02-01 12:00:00,2021-02-01 12:00:00,2021-02-01 18:00:00,2021-02-02 18:00:00,6,prebreak,ok,0.0,upper_first,15.0,23119,6|2021-01-01,ok,0.10463157531902292,0.17338768963736542,6|recent|17273,recent,0.10463157531902292
2021-02-02 18:00:00,2021-02-02 18:00:00,2021-02-03 00:00:00,2021-02-04 00:00:00,6,prebreak,ok,0.0,upper_first,4.0,23124,6|2021-01-01,ok,0.10463157531902292,0.1428019900570761,6|recent|17278,recent,0.10463157531902292
2021-02-04 00:00:00,2021-02-04 00:00:00,2021-02-04 06:00:00,2021-02-05 06:00:00,6,prebreak,ok,0.0,upper_first,2.0,23129,6|2021-01-01,ok,0.10463157531902292,0.11993993583242595,6|recent|17283,recent,0.10463157531902292
2021-02-05 06:00:00,2021-02-05 06:00:00,2021-02-05 12:00:00,2021-02-06 12:00:00,6,prebreak,ok,0.0,upper_first,12.0,23134,6|2021-01-01,ok,0.10463157531902292,0.12538413456654002,6|recent|17288,recent,0.10463157531902292
2021-02-06 12:00:00,2021-02-06 12:00:00,2021-02-06 18:00:00,2021-02-07 18:00:00,6,prebreak,ok,1.0,lower_first,10.0,23139,6|2021-01-01,ok,0.10463157531902292,0.11303390878201733,6|recent|17293,recent,0.10463157531902292
2021-02-07 18:00:00,2021-02-07 18:00:00,2021-02-08 00:00:00,2021-02-09 00:00:00,6,prebreak,ok,0.0,upper_first,12.0,23144,6|2021-01-01,ok,0.10463157531902292,0.14697472535928494,6|recent|17298,recent,0.10463157531902292
2021-02-09 00:00:00,2021-02-09 00:00:00,2021-02-09 06:00:00,2021-02-10 06:00:00,6,prebreak,ok,0.0,neither,,23149,6|2021-01-01,ok,0.10463157531902292,0.16413410971193573,6|recent|17303,recent,0.10463157531902292
2021-02-10 06:00:00,2021-02-10 06:00:00,2021-02-10 12:00:00,2021-02-11 12:00:00,6,prebreak,ok,1.0,lower_first,3.0,23154,6|2021-01-01,ok,0.10463157531902292,0.19278968265607604,6|recent|17308,recent,0.10463157531902292
2021-02-11 12:00:00,2021-02-11 12:00:00,2021-02-11 18:00:00,2021-02-12 18:00:00,6,prebreak,ok,0.0,upper_first,6.0,23159,6|2021-01-01,ok,0.10463157531902292,0.1982524933947781,6|recent|17313,recent,0.10463157531902292
2021-02-12 18:00:00,2021-02-12 18:00:00,2021-02-13 00:00:00,2021-02-14 00:00:00,6,prebreak,ok,0.0,neither,,23164,6|2021-01-01,ok,0.10463157531902292,0.14746983367278785,6|recent|17318,recent,0.10463157531902292
2021-02-14 00:00:00,2021-02-14 00:00:00,2021-02-14 06:00:00,2021-02-15 06:00:00,6,prebreak,ok,1.0,lower_first,20.0,23169,6|2021-01-01,ok,0.10463157531902292,0.14137922449316834,6|recent|17323,recent,0.10463157531902292
2021-02-15 06:00:00,2021-02-15 06:00:00,2021-02-15 12:00:00,2021-02-16 12:00:00,6,prebreak,ok,0.0,upper_first,15.0,23174,6|2021-01-01,ok,0.10463157531902292,0.15547765741167002,6|recent|17328,recent,0.10463157531902292
2021-02-16 12:00:00,2021-02-16 12:00:00,2021-02-16 18:00:00,2021-02-17 18:00:00,6,prebreak,ok,0.0,upper_first,8.0,23179,6|2021-01-01,ok,0.10463157531902292,0.13621323771442895,6|recent|17333,recent,0.10463157531902292
2021-02-17 18:00:00,2021-02-17 18:00:00,2021-02-18 00:00:00,2021-02-19 00:00:00,6,prebreak,ok,0.0,neither,,23184,6|2021-01-01,ok,0.10463157531902292,0.12747175687244403,6|recent|17338,recent,0.10463157531902292
2021-02-19 00:00:00,2021-02-19 00:00:00,2021-02-19 06:00:00,2021-02-20 06:00:00,6,prebreak,ok,0.0,upper_first,8.0,23189,6|2021-01-01,ok,0.10463157531902292,0.12237268519493484,6|recent|17343,recent,0.10463157531902292
2021-02-20 06:00:00,2021-02-20 06:00:00,2021-02-20 12:00:00,2021-02-21 12:00:00,6,prebreak,ok,0.0,neither,,23194,6|2021-01-01,ok,0.10463157531902292,0.10663469657641432,6|recent|17348,recent,0.10463157531902292
2021-02-21 12:00:00,2021-02-21 12:00:00,2021-02-21 18:00:00,2021-02-22 18:00:00,6,prebreak,ok,1.0,lower_first,15.0,23199,6|2021-01-01,ok,0.10463157531902292,0.11866546402785026,6|recent|17353,recent,0.10463157531902292
2021-02-24 12:00:00,2021-02-24 12:00:00,2021-02-24 18:00:00,2021-02-25 18:00:00,6,prebreak,ok,0.0,upper_first,19.0,23211,6|2021-01-01,ok,0.10463157531902292,0.24339773586911426,6|recent|17365,recent,0.10463157531902292
2021-02-25 18:00:00,2021-02-25 18:00:00,2021-02-26 00:00:00,2021-02-27 00:00:00,6,prebreak,ok,1.0,lower_first,7.0,23216,6|2021-01-01,ok,0.10463157531902292,0.24813520320761115,6|recent|17370,recent,0.10463157531902292
2021-02-27 00:00:00,2021-02-27 00:00:00,2021-02-27 06:00:00,2021-02-28 06:00:00,6,prebreak,ok,1.0,lower_first,17.0,23221,6|2021-01-01,ok,0.10463157531902292,0.21263693999536956,6|recent|17375,recent,0.10463157531902292
2021-02-28 06:00:00,2021-02-28 06:00:00,2021-02-28 12:00:00,2021-03-01 12:00:00,6,prebreak,ok,1.0,lower_first,4.0,23226,6|2021-01-01,ok,0.10463157531902292,0.209821955724646,6|recent|17380,recent,0.10463157531902292
2021-03-01 18:00:00,2021-03-01 18:00:00,2021-03-02 00:00:00,2021-03-03 00:00:00,6,prebreak,ok,1.0,lower_first,20.0,23232,6|2021-01-01,ok,0.10463157531902292,0.15867432559439923,6|recent|17386,recent,0.10463157531902292
2021-03-03 00:00:00,2021-03-03 00:00:00,2021-03-03 06:00:00,2021-03-04 06:00:00,6,prebreak,ok,0.0,upper_first,2.0,23237,6|2021-01-01,ok,0.10463157531902292,0.1454422118164982,6|recent|17391,recent,0.10463157531902292
2021-03-04 06:00:00,2021-03-04 06:00:00,2021-03-04 12:00:00,2021-03-05 12:00:00,6,prebreak,ok,1.0,lower_first,12.0,23242,6|2021-01-01,ok,0.10463157531902292,0.1607795299974732,6|recent|17396,recent,0.10463157531902292
2021-03-06 06:00:00,2021-03-06 06:00:00,2021-03-06 12:00:00,2021-03-07 12:00:00,6,prebreak,ok,0.0,upper_first,14.0,23250,6|2021-01-01,ok,0.10463157531902292,0.17612725730221987,6|recent|17404,recent,0.10463157531902292
2021-03-07 12:00:00,2021-03-07 12:00:00,2021-03-07 18:00:00,2021-03-08 18:00:00,6,prebreak,ok,0.0,neither,,23255,6|2021-01-01,ok,0.10463157531902292,0.13257396767826707,6|recent|17409,recent,0.10463157531902292
2021-03-08 18:00:00,2021-03-08 18:00:00,2021-03-09 00:00:00,2021-03-10 00:00:00,6,prebreak,ok,0.0,upper_first,3.0,23260,6|2021-01-01,ok,0.10463157531902292,0.11597052482178968,6|recent|17414,recent,0.10463157531902292
2021-03-10 00:00:00,2021-03-10 00:00:00,2021-03-10 06:00:00,2021-03-11 06:00:00,6,prebreak,ok,0.0,upper_first,3.0,23265,6|2021-01-01,ok,0.10463157531902292,0.12214634613490301,6|recent|17419,recent,0.10463157531902292
2021-03-11 06:00:00,2021-03-11 06:00:00,2021-03-11 12:00:00,2021-03-12 12:00:00,6,prebreak,ok,0.0,upper_first,9.0,23270,6|2021-01-01,ok,0.10463157531902292,0.13544600734535908,6|recent|17424,recent,0.10463157531902292
2021-03-12 12:00:00,2021-03-12 12:00:00,2021-03-12 18:00:00,2021-03-13 18:00:00,6,prebreak,ok,0.0,upper_first,16.0,23275,6|2021-01-01,ok,0.10463157531902292,0.1448649157306835,6|recent|17429,recent,0.10463157531902292
2021-03-13 18:00:00,2021-03-13 18:00:00,2021-03-14 00:00:00,2021-03-15 00:00:00,6,prebreak,ok,0.0,neither,,23280,6|2021-01-01,ok,0.10463157531902292,0.1272568315573875,6|recent|17434,recent,0.10463157531902292
2021-03-15 00:00:00,2021-03-15 00:00:00,2021-03-15 06:00:00,2021-03-16 06:00:00,6,prebreak,ok,1.0,lower_first,3.0,23285,6|2021-01-01,ok,0.10463157531902292,0.12044408566340697,6|recent|17439,recent,0.10463157531902292
2021-03-17 06:00:00,2021-03-17 06:00:00,2021-03-17 12:00:00,2021-03-18 12:00:00,6,prebreak,ok,0.0,upper_first,6.0,23294,6|2021-01-01,ok,0.10463157531902292,0.16011396856495358,6|recent|17448,recent,0.10463157531902292
2021-03-18 12:00:00,2021-03-18 12:00:00,2021-03-18 18:00:00,2021-03-19 18:00:00,6,prebreak,ok,0.0,neither,,23299,6|2021-01-01,ok,0.10463157531902292,0.14857583463007856,6|recent|17453,recent,0.10463157531902292
2021-03-19 18:00:00,2021-03-19 18:00:00,2021-03-20 00:00:00,2021-03-21 00:00:00,6,prebreak,ok,0.0,upper_first,13.0,23304,6|2021-01-01,ok,0.10463157531902292,0.14155804922578408,6|recent|17458,recent,0.10463157531902292
2021-03-21 00:00:00,2021-03-21 00:00:00,2021-03-21 06:00:00,2021-03-22 06:00:00,6,prebreak,ok,0.0,neither,,23309,6|2021-01-01,ok,0.10463157531902292,0.13594161621040937,6|recent|17463,recent,0.10463157531902292
2021-03-22 12:00:00,2021-03-22 12:00:00,2021-03-22 18:00:00,2021-03-23 18:00:00,6,prebreak,ok,1.0,lower_first,2.0,23315,6|2021-01-01,ok,0.10463157531902292,0.11576121216105507,6|recent|17469,recent,0.10463157531902292
2021-03-24 06:00:00,2021-03-24 06:00:00,2021-03-24 12:00:00,2021-03-25 12:00:00,6,prebreak,ok,1.0,lower_first,8.0,23322,6|2021-01-01,ok,0.10463157531902292,0.14001915077980698,6|recent|17476,recent,0.10463157531902292
2021-03-26 18:00:00,2021-03-26 18:00:00,2021-03-27 00:00:00,2021-03-28 00:00:00,6,prebreak,ok,0.0,neither,,23332,6|2021-01-01,ok,0.10463157531902292,0.14484307696222495,6|recent|17486,recent,0.10463157531902292
2021-03-28 00:00:00,2021-03-28 00:00:00,2021-03-28 06:00:00,2021-03-29 06:00:00,6,prebreak,ok,0.0,neither,,23337,6|2021-01-01,ok,0.10463157531902292,0.13003024547947337,6|recent|17491,recent,0.10463157531902292
2021-03-29 06:00:00,2021-03-29 06:00:00,2021-03-29 12:00:00,2021-03-30 12:00:00,6,prebreak,ok,0.0,neither,,23342,6|2021-01-01,ok,0.10463157531902292,0.1195858422107525,6|recent|17496,recent,0.10463157531902292
2021-03-30 12:00:00,2021-03-30 12:00:00,2021-03-30 18:00:00,2021-03-31 18:00:00,6,prebreak,ok,0.0,neither,,23347,6|2021-01-01,ok,0.10463157531902292,0.10536463859007918,6|recent|17501,recent,0.10463157531902292
2021-03-31 18:00:00,2021-03-31 18:00:00,2021-04-01 00:00:00,2021-04-02 00:00:00,6,prebreak,ok,0.0,neither,,23352,6|2021-01-01,ok,0.10463157531902292,0.111121926880911,6|recent|17506,recent,0.10463157531902292
2021-04-02 00:00:00,2021-04-02 00:00:00,2021-04-02 06:00:00,2021-04-03 06:00:00,6,prebreak,ok,0.0,neither,,23357,6|2021-04-01,ok,0.14160353493016087,0.12008584477748993,6|recent|17511,recent,0.14160353493016087
2021-04-03 06:00:00,2021-04-03 06:00:00,2021-04-03 12:00:00,2021-04-04 12:00:00,6,prebreak,ok,0.0,neither,,23362,6|2021-04-01,ok,0.14160353493016087,0.1133317021321303,6|recent|17516,recent,0.14160353493016087
2021-04-05 06:00:00,2021-04-05 06:00:00,2021-04-05 12:00:00,2021-04-06 12:00:00,6,prebreak,ok,0.0,neither,,23370,6|2021-04-01,ok,0.14160353493016087,0.11220960216617508,6|recent|17524,recent,0.14160353493016087
2021-04-06 12:00:00,2021-04-06 12:00:00,2021-04-06 18:00:00,2021-04-07 18:00:00,6,prebreak,ok,0.0,neither,,23375,6|2021-04-01,ok,0.14160353493016087,0.10503840572163452,6|recent|17529,recent,0.14160353493016087
2021-04-08 12:00:00,2021-04-08 12:00:00,2021-04-08 18:00:00,2021-04-09 18:00:00,6,prebreak,ok,0.0,neither,,23383,6|2021-04-01,ok,0.14160353493016087,0.10963021131012535,6|recent|17537,recent,0.14160353493016087
2021-04-09 18:00:00,2021-04-09 18:00:00,2021-04-10 00:00:00,2021-04-11 00:00:00,6,prebreak,ok,0.0,upper_first,4.0,23388,6|2021-04-01,ok,0.14160353493016087,0.09836934222549738,6|recent|17542,recent,0.14160353493016087
2021-04-11 00:00:00,2021-04-11 00:00:00,2021-04-11 06:00:00,2021-04-12 06:00:00,6,prebreak,ok,0.0,neither,,23393,6|2021-04-01,ok,0.14160353493016087,0.11196388444857736,6|recent|17547,recent,0.14160353493016087
2021-04-12 06:00:00,2021-04-12 06:00:00,2021-04-12 12:00:00,2021-04-13 12:00:00,6,prebreak,ok,0.0,upper_first,20.0,23398,6|2021-04-01,ok,0.14160353493016087,0.11810813521002056,6|recent|17552,recent,0.14160353493016087
2021-04-13 12:00:00,2021-04-13 12:00:00,2021-04-13 18:00:00,2021-04-14 18:00:00,6,prebreak,ok,0.0,neither,,23403,6|2021-04-01,ok,0.14160353493016087,0.09647897012137856,6|recent|17557,recent,0.14160353493016087
2021-04-14 18:00:00,2021-04-14 18:00:00,2021-04-15 00:00:00,2021-04-16 00:00:00,6,prebreak,ok,0.0,neither,,23408,6|2021-04-01,ok,0.14160353493016087,0.13318705848854664,6|recent|17562,recent,0.14160353493016087
2021-04-16 00:00:00,2021-04-16 00:00:00,2021-04-16 06:00:00,2021-04-17 06:00:00,6,prebreak,ok,0.0,neither,,23413,6|2021-04-01,ok,0.14160353493016087,0.11889144605688005,6|recent|17567,recent,0.14160353493016087
2021-04-17 12:00:00,2021-04-17 12:00:00,2021-04-17 18:00:00,2021-04-18 18:00:00,6,prebreak,ok,1.0,lower_first,9.0,23419,6|2021-04-01,ok,0.14160353493016087,0.1337722519437192,6|recent|17573,recent,0.14160353493016087
2021-04-19 06:00:00,2021-04-19 06:00:00,2021-04-19 12:00:00,2021-04-20 12:00:00,6,prebreak,ok,1.0,lower_first,3.0,23426,6|2021-04-01,ok,0.14160353493016087,0.15029490105306006,6|recent|17580,recent,0.14160353493016087
2021-04-20 12:00:00,2021-04-20 12:00:00,2021-04-20 18:00:00,2021-04-21 18:00:00,6,prebreak,ok,0.0,neither,,23431,6|2021-04-01,ok,0.14160353493016087,0.16897320079385827,6|recent|17585,recent,0.14160353493016087
2021-04-21 18:00:00,2021-04-21 18:00:00,2021-04-22 00:00:00,2021-04-23 00:00:00,6,prebreak,ok,0.0,upper_first,12.0,23436,6|2021-04-01,ok,0.14160353493016087,0.15095670799844504,6|recent|17590,recent,0.14160353493016087
2021-04-23 00:00:00,2021-04-23 00:00:00,2021-04-23 06:00:00,2021-04-24 06:00:00,6,prebreak,ok,0.0,upper_first,13.0,23441,6|2021-04-01,ok,0.14160353493016087,0.18129385713330895,6|recent|17595,recent,0.14160353493016087
2021-04-24 12:00:00,2021-04-24 12:00:00,2021-04-24 18:00:00,2021-04-25 18:00:00,6,prebreak,ok,0.0,neither,,23447,6|2021-04-01,ok,0.14160353493016087,0.19172568095091425,6|recent|17601,recent,0.14160353493016087
2021-04-25 18:00:00,2021-04-25 18:00:00,2021-04-26 00:00:00,2021-04-27 00:00:00,6,prebreak,ok,0.0,upper_first,0.0,23452,6|2021-04-01,ok,0.14160353493016087,0.17245477643625903,6|recent|17606,recent,0.14160353493016087
2021-04-27 00:00:00,2021-04-27 00:00:00,2021-04-27 06:00:00,2021-04-28 06:00:00,6,prebreak,ok,0.0,upper_first,19.0,23457,6|2021-04-01,ok,0.14160353493016087,0.1520990387746456,6|recent|17611,recent,0.14160353493016087
2021-04-28 06:00:00,2021-04-28 06:00:00,2021-04-28 12:00:00,2021-04-29 12:00:00,6,prebreak,ok,0.0,neither,,23462,6|2021-04-01,ok,0.14160353493016087,0.14040909798951537,6|recent|17616,recent,0.14160353493016087
2021-04-29 12:00:00,2021-04-29 12:00:00,2021-04-29 18:00:00,2021-04-30 18:00:00,6,prebreak,ok,0.0,upper_first,11.0,23467,6|2021-04-01,ok,0.14160353493016087,0.12262381446264921,6|recent|17621,recent,0.14160353493016087
2021-04-30 18:00:00,2021-04-30 18:00:00,2021-05-01 00:00:00,2021-05-02 00:00:00,6,prebreak,ok,0.0,neither,,23472,6|2021-04-01,ok,0.14160353493016087,0.10842014370891395,6|recent|17626,recent,0.14160353493016087
2021-05-02 00:00:00,2021-05-02 00:00:00,2021-05-02 06:00:00,2021-05-03 06:00:00,6,prebreak,ok,0.0,neither,,23477,6|2021-04-01,ok,0.14160353493016087,0.10947028478843221,6|recent|17631,recent,0.14160353493016087
2021-05-03 06:00:00,2021-05-03 06:00:00,2021-05-03 12:00:00,2021-05-04 12:00:00,6,prebreak,ok,1.0,lower_first,12.0,23482,6|2021-04-01,ok,0.14160353493016087,0.10426207638161807,6|recent|17636,recent,0.14160353493016087
2021-05-05 18:00:00,2021-05-05 18:00:00,2021-05-06 00:00:00,2021-05-07 00:00:00,6,prebreak,ok,0.0,neither,,23492,6|2021-04-01,ok,0.14160353493016087,0.12845715198370997,6|recent|17646,recent,0.14160353493016087
2021-05-07 00:00:00,2021-05-07 00:00:00,2021-05-07 06:00:00,2021-05-08 06:00:00,6,prebreak,ok,0.0,upper_first,6.0,23497,6|2021-04-01,ok,0.14160353493016087,0.1460080247066895,6|recent|17651,recent,0.14160353493016087
2021-05-08 06:00:00,2021-05-08 06:00:00,2021-05-08 12:00:00,2021-05-09 12:00:00,6,prebreak,ok,0.0,neither,,23502,6|2021-04-01,ok,0.14160353493016087,0.114679258902867,6|recent|17656,recent,0.14160353493016087
2021-05-09 12:00:00,2021-05-09 12:00:00,2021-05-09 18:00:00,2021-05-10 18:00:00,6,prebreak,ok,0.0,upper_first,9.0,23507,6|2021-04-01,ok,0.14160353493016087,0.12935997387608902,6|recent|17661,recent,0.14160353493016087
2021-05-10 18:00:00,2021-05-10 18:00:00,2021-05-11 00:00:00,2021-05-12 00:00:00,6,prebreak,ok,0.0,neither,,23512,6|2021-04-01,ok,0.14160353493016087,0.15053758790744307,6|recent|17666,recent,0.14160353493016087
2021-05-12 00:00:00,2021-05-12 00:00:00,2021-05-12 06:00:00,2021-05-13 06:00:00,6,prebreak,ok,1.0,lower_first,12.0,23517,6|2021-04-01,ok,0.14160353493016087,0.14347654377103133,6|recent|17671,recent,0.14160353493016087
2021-05-14 00:00:00,2021-05-14 00:00:00,2021-05-14 06:00:00,2021-05-15 06:00:00,6,prebreak,ok,0.0,upper_first,9.0,23525,6|2021-04-01,ok,0.14160353493016087,0.17580065454289023,6|recent|17679,recent,0.14160353493016087
2021-05-15 06:00:00,2021-05-15 06:00:00,2021-05-15 12:00:00,2021-05-16 12:00:00,6,prebreak,ok,1.0,lower_first,12.0,23530,6|2021-04-01,ok,0.14160353493016087,0.19256054262922903,6|recent|17684,recent,0.14160353493016087
2021-05-16 12:00:00,2021-05-16 12:00:00,2021-05-16 18:00:00,2021-05-17 18:00:00,6,prebreak,ok,1.0,lower_first,1.0,23535,6|2021-04-01,ok,0.14160353493016087,0.16067850242999343,6|recent|17689,recent,0.14160353493016087
2021-05-18 06:00:00,2021-05-18 06:00:00,2021-05-18 12:00:00,2021-05-19 12:00:00,6,prebreak,ok,1.0,lower_first,2.0,23542,6|2021-04-01,ok,0.14160353493016087,0.19954723235755595,6|recent|17696,recent,0.14160353493016087
2021-05-20 18:00:00,2021-05-20 18:00:00,2021-05-21 00:00:00,2021-05-22 00:00:00,6,prebreak,ok,0.0,upper_first,0.0,23552,6|2021-04-01,ok,0.14160353493016087,0.28838154833754664,6|recent|17706,recent,0.14160353493016087
2021-05-22 00:00:00,2021-05-22 00:00:00,2021-05-22 06:00:00,2021-05-23 06:00:00,6,prebreak,ok,0.0,upper_first,4.0,23557,6|2021-04-01,ok,0.14160353493016087,0.31153556404966837,6|recent|17711,recent,0.14160353493016087
2021-05-23 06:00:00,2021-05-23 06:00:00,2021-05-23 12:00:00,2021-05-24 12:00:00,6,prebreak,ok,1.0,lower_first,0.0,23562,6|2021-04-01,ok,0.14160353493016087,0.2392580742545408,6|recent|17716,recent,0.14160353493016087
2021-05-24 18:00:00,2021-05-24 18:00:00,2021-05-25 00:00:00,2021-05-26 00:00:00,6,prebreak,ok,1.0,lower_first,10.0,23568,6|2021-04-01,ok,0.14160353493016087,0.20304721755437571,6|recent|17722,recent,0.14160353493016087
2021-05-26 00:00:00,2021-05-26 00:00:00,2021-05-26 06:00:00,2021-05-27 06:00:00,6,prebreak,ok,0.0,upper_first,0.0,23573,6|2021-04-01,ok,0.14160353493016087,0.19997963376078562,6|recent|17727,recent,0.14160353493016087
2021-05-27 06:00:00,2021-05-27 06:00:00,2021-05-27 12:00:00,2021-05-28 12:00:00,6,prebreak,ok,1.0,lower_first,16.0,23578,6|2021-04-01,ok,0.14160353493016087,0.19965459304171132,6|recent|17732,recent,0.14160353493016087
2021-05-30 00:00:00,2021-05-30 00:00:00,2021-05-30 06:00:00,2021-05-31 06:00:00,6,prebreak,ok,0.0,upper_first,5.0,23589,6|2021-04-01,ok,0.14160353493016087,0.18356402380030043,6|recent|17743,recent,0.14160353493016087
2021-05-31 06:00:00,2021-05-31 06:00:00,2021-05-31 12:00:00,2021-06-01 12:00:00,6,prebreak,ok,0.0,neither,,23594,6|2021-04-01,ok,0.14160353493016087,0.1879775120297175,6|recent|17748,recent,0.14160353493016087
2021-06-01 12:00:00,2021-06-01 12:00:00,2021-06-01 18:00:00,2021-06-02 18:00:00,6,prebreak,ok,0.0,upper_first,13.0,23599,6|2021-04-01,ok,0.14160353493016087,0.15475630374753255,6|recent|17753,recent,0.14160353493016087
2021-06-02 18:00:00,2021-06-02 18:00:00,2021-06-03 00:00:00,2021-06-04 00:00:00,6,prebreak,ok,0.0,upper_first,5.0,23604,6|2021-04-01,ok,0.14160353493016087,0.12159666575575603,6|recent|17758,recent,0.14160353493016087
2021-06-04 00:00:00,2021-06-04 00:00:00,2021-06-04 06:00:00,2021-06-05 06:00:00,6,prebreak,ok,0.0,upper_first,19.0,23609,6|2021-04-01,ok,0.14160353493016087,0.12281226976430308,6|recent|17763,recent,0.14160353493016087
2021-06-05 06:00:00,2021-06-05 06:00:00,2021-06-05 12:00:00,2021-06-06 12:00:00,6,prebreak,ok,0.0,neither,,23614,6|2021-04-01,ok,0.14160353493016087,0.11413741205587569,6|recent|17768,recent,0.14160353493016087
2021-06-07 00:00:00,2021-06-07 00:00:00,2021-06-07 06:00:00,2021-06-08 06:00:00,6,prebreak,ok,1.0,lower_first,14.0,23621,6|2021-04-01,ok,0.14160353493016087,0.1525357597795727,6|recent|17775,recent,0.14160353493016087
2021-06-09 18:00:00,2021-06-09 18:00:00,2021-06-10 00:00:00,2021-06-11 00:00:00,6,prebreak,ok,0.0,neither,,23632,6|2021-04-01,ok,0.14160353493016087,0.14679558592990885,6|recent|17786,recent,0.14160353493016087
2021-06-11 00:00:00,2021-06-11 00:00:00,2021-06-11 06:00:00,2021-06-12 06:00:00,6,prebreak,ok,1.0,lower_first,22.0,23637,6|2021-04-01,ok,0.14160353493016087,0.15739764741720425,6|recent|17791,recent,0.14160353493016087
2021-06-12 06:00:00,2021-06-12 06:00:00,2021-06-12 12:00:00,2021-06-13 12:00:00,6,prebreak,ok,0.0,neither,,23642,6|2021-04-01,ok,0.14160353493016087,0.18091637913581557,6|recent|17796,recent,0.14160353493016087
2021-06-13 12:00:00,2021-06-13 12:00:00,2021-06-13 18:00:00,2021-06-14 18:00:00,6,prebreak,ok,0.0,upper_first,2.0,23647,6|2021-04-01,ok,0.14160353493016087,0.1261914247670318,6|recent|17801,recent,0.14160353493016087
2021-06-14 18:00:00,2021-06-14 18:00:00,2021-06-15 00:00:00,2021-06-16 00:00:00,6,prebreak,ok,0.0,neither,,23652,6|2021-04-01,ok,0.14160353493016087,0.13448035971230357,6|recent|17806,recent,0.14160353493016087
2021-06-16 00:00:00,2021-06-16 00:00:00,2021-06-16 06:00:00,2021-06-17 06:00:00,6,prebreak,ok,1.0,lower_first,17.0,23657,6|2021-04-01,ok,0.14160353493016087,0.1414548591603589,6|recent|17811,recent,0.14160353493016087
2021-06-17 06:00:00,2021-06-17 06:00:00,2021-06-17 12:00:00,2021-06-18 12:00:00,6,prebreak,ok,1.0,lower_first,22.0,23662,6|2021-04-01,ok,0.14160353493016087,0.13351800803003666,6|recent|17816,recent,0.14160353493016087
2021-06-20 06:00:00,2021-06-20 06:00:00,2021-06-20 12:00:00,2021-06-21 12:00:00,6,prebreak,ok,0.0,upper_first,6.0,23674,6|2021-04-01,ok,0.14160353493016087,0.13887086660176037,6|recent|17828,recent,0.14160353493016087
2021-06-23 18:00:00,2021-06-23 18:00:00,2021-06-24 00:00:00,2021-06-25 00:00:00,6,prebreak,ok,0.0,upper_first,17.0,23688,6|2021-04-01,ok,0.14160353493016087,0.22292016157492334,6|recent|17842,recent,0.14160353493016087
2021-06-25 00:00:00,2021-06-25 00:00:00,2021-06-25 06:00:00,2021-06-26 06:00:00,6,prebreak,ok,1.0,lower_first,7.0,23693,6|2021-04-01,ok,0.14160353493016087,0.19622103990552703,6|recent|17847,recent,0.14160353493016087
2021-06-27 12:00:00,2021-06-27 12:00:00,2021-06-27 18:00:00,2021-06-28 18:00:00,6,prebreak,ok,0.0,upper_first,4.0,23703,6|2021-04-01,ok,0.14160353493016087,0.16541153732392463,6|recent|17857,recent,0.14160353493016087
2021-06-28 18:00:00,2021-06-28 18:00:00,2021-06-29 00:00:00,2021-06-30 00:00:00,6,prebreak,ok,0.0,upper_first,10.0,23708,6|2021-04-01,ok,0.14160353493016087,0.1738446887799758,6|recent|17862,recent,0.14160353493016087
2021-06-30 00:00:00,2021-06-30 00:00:00,2021-06-30 06:00:00,2021-07-01 06:00:00,6,prebreak,ok,0.0,neither,,23713,6|2021-04-01,ok,0.14160353493016087,0.15717232929760466,6|recent|17867,recent,0.14160353493016087
2021-07-01 06:00:00,2021-07-01 06:00:00,2021-07-01 12:00:00,2021-07-02 12:00:00,6,prebreak,ok,0.0,neither,,23718,6|2021-07-01,ok,0.1709109671482346,0.18210287476992004,6|recent|17872,recent,0.1709109671482346
2021-07-02 12:00:00,2021-07-02 12:00:00,2021-07-02 18:00:00,2021-07-03 18:00:00,6,prebreak,ok,0.0,upper_first,13.0,23723,6|2021-07-01,ok,0.1709109671482346,0.17123945874106664,6|recent|17877,recent,0.1709109671482346
2021-07-03 18:00:00,2021-07-03 18:00:00,2021-07-04 00:00:00,2021-07-05 00:00:00,6,prebreak,ok,0.0,upper_first,7.0,23728,6|2021-07-01,ok,0.1709109671482346,0.15137284520666833,6|recent|17882,recent,0.1709109671482346
2021-07-05 00:00:00,2021-07-05 00:00:00,2021-07-05 06:00:00,2021-07-06 06:00:00,6,prebreak,ok,0.0,neither,,23733,6|2021-07-01,ok,0.1709109671482346,0.12765320540531563,6|recent|17887,recent,0.1709109671482346
2021-07-06 06:00:00,2021-07-06 06:00:00,2021-07-06 12:00:00,2021-07-07 12:00:00,6,prebreak,ok,0.0,neither,,23738,6|2021-07-01,ok,0.1709109671482346,0.1430196885052083,6|recent|17892,recent,0.1709109671482346
2021-07-07 12:00:00,2021-07-07 12:00:00,2021-07-07 18:00:00,2021-07-08 18:00:00,6,prebreak,ok,1.0,lower_first,11.0,23743,6|2021-07-01,ok,0.1709109671482346,0.1527555794273175,6|recent|17897,recent,0.1709109671482346
2021-07-09 12:00:00,2021-07-09 12:00:00,2021-07-09 18:00:00,2021-07-10 18:00:00,6,prebreak,ok,0.0,neither,,23751,6|2021-07-01,ok,0.1709109671482346,0.13378987741871393,6|recent|17905,recent,0.1709109671482346
2021-07-10 18:00:00,2021-07-10 18:00:00,2021-07-11 00:00:00,2021-07-12 00:00:00,6,prebreak,ok,0.0,upper_first,21.0,23756,6|2021-07-01,ok,0.1709109671482346,0.1321656628196962,6|recent|17910,recent,0.1709109671482346
2021-07-12 00:00:00,2021-07-12 00:00:00,2021-07-12 06:00:00,2021-07-13 06:00:00,6,prebreak,ok,0.0,neither,,23761,6|2021-07-01,ok,0.1709109671482346,0.10956932757131425,6|recent|17915,recent,0.1709109671482346
2021-07-15 06:00:00,2021-07-15 06:00:00,2021-07-15 12:00:00,2021-07-16 12:00:00,6,prebreak,ok,0.0,neither,,23774,6|2021-07-01,ok,0.1709109671482346,0.12959223313052323,6|recent|17928,recent,0.1709109671482346
2021-07-16 18:00:00,2021-07-16 18:00:00,2021-07-17 00:00:00,2021-07-18 00:00:00,6,prebreak,ok,0.0,neither,,23780,6|2021-07-01,ok,0.1709109671482346,0.1266298725893101,6|recent|17934,recent,0.1709109671482346
2021-07-18 00:00:00,2021-07-18 00:00:00,2021-07-18 06:00:00,2021-07-19 06:00:00,6,prebreak,ok,0.0,neither,,23785,6|2021-07-01,ok,0.1709109671482346,0.12233861594443313,6|recent|17939,recent,0.1709109671482346
2021-07-19 06:00:00,2021-07-19 06:00:00,2021-07-19 12:00:00,2021-07-20 12:00:00,6,prebreak,ok,1.0,lower_first,15.0,23790,6|2021-07-01,ok,0.1709109671482346,0.12117204421046417,6|recent|17944,recent,0.1709109671482346
2021-07-21 12:00:00,2021-07-21 12:00:00,2021-07-21 18:00:00,2021-07-22 18:00:00,6,prebreak,ok,0.0,neither,,23799,6|2021-07-01,ok,0.1709109671482346,0.12522729636136595,6|recent|17953,recent,0.1709109671482346
2021-07-22 18:00:00,2021-07-22 18:00:00,2021-07-23 00:00:00,2021-07-24 00:00:00,6,prebreak,ok,0.0,upper_first,22.0,23804,6|2021-07-01,ok,0.1709109671482346,0.12443554001822316,6|recent|17958,recent,0.1709109671482346
2021-07-24 00:00:00,2021-07-24 00:00:00,2021-07-24 06:00:00,2021-07-25 06:00:00,6,prebreak,ok,0.0,neither,,23809,6|2021-07-01,ok,0.1709109671482346,0.10031014236029998,6|recent|17963,recent,0.1709109671482346
2021-07-25 06:00:00,2021-07-25 06:00:00,2021-07-25 12:00:00,2021-07-26 12:00:00,6,prebreak,ok,0.0,upper_first,12.0,23814,6|2021-07-01,ok,0.1709109671482346,0.10790186956817002,6|recent|17968,recent,0.1709109671482346
2021-07-26 12:00:00,2021-07-26 12:00:00,2021-07-26 18:00:00,2021-07-27 18:00:00,6,prebreak,ok,0.0,upper_first,1.0,23819,6|2021-07-01,ok,0.1709109671482346,0.14172056584711112,6|recent|17973,recent,0.1709109671482346
2021-07-27 18:00:00,2021-07-27 18:00:00,2021-07-28 00:00:00,2021-07-29 00:00:00,6,prebreak,ok,0.0,upper_first,11.0,23824,6|2021-07-01,ok,0.1709109671482346,0.19957929778375152,6|recent|17978,recent,0.1709109671482346
2021-07-29 00:00:00,2021-07-29 00:00:00,2021-07-29 06:00:00,2021-07-30 06:00:00,6,prebreak,ok,0.0,neither,,23829,6|2021-07-01,ok,0.1709109671482346,0.21392135856884598,6|recent|17983,recent,0.1709109671482346
2021-07-30 06:00:00,2021-07-30 06:00:00,2021-07-30 12:00:00,2021-07-31 12:00:00,6,prebreak,ok,0.0,upper_first,7.0,23834,6|2021-07-01,ok,0.1709109671482346,0.18593421181362774,6|recent|17988,recent,0.1709109671482346
2021-07-31 12:00:00,2021-07-31 12:00:00,2021-07-31 18:00:00,2021-08-01 18:00:00,6,prebreak,ok,0.0,upper_first,9.0,23839,6|2021-07-01,ok,0.1709109671482346,0.17924101340409673,6|recent|17993,recent,0.1709109671482346
2021-08-01 18:00:00,2021-08-01 18:00:00,2021-08-02 00:00:00,2021-08-03 00:00:00,6,prebreak,ok,0.0,neither,,23844,6|2021-07-01,ok,0.1709109671482346,0.14665592789034332,6|recent|17998,recent,0.1709109671482346
2021-08-04 06:00:00,2021-08-04 06:00:00,2021-08-04 12:00:00,2021-08-05 12:00:00,6,prebreak,ok,0.0,upper_first,3.0,23854,6|2021-07-01,ok,0.1709109671482346,0.1406950405430428,6|recent|18008,recent,0.1709109671482346
2021-08-05 12:00:00,2021-08-05 12:00:00,2021-08-05 18:00:00,2021-08-06 18:00:00,6,prebreak,ok,0.0,upper_first,21.0,23859,6|2021-07-01,ok,0.1709109671482346,0.1448933388815456,6|recent|18013,recent,0.1709109671482346
2021-08-06 18:00:00,2021-08-06 18:00:00,2021-08-07 00:00:00,2021-08-08 00:00:00,6,prebreak,ok,0.0,upper_first,12.0,23864,6|2021-07-01,ok,0.1709109671482346,0.1410527689732145,6|recent|18018,recent,0.1709109671482346
2021-08-08 00:00:00,2021-08-08 00:00:00,2021-08-08 06:00:00,2021-08-09 06:00:00,6,prebreak,ok,0.0,neither,,23869,6|2021-07-01,ok,0.1709109671482346,0.14750260182882027,6|recent|18023,recent,0.1709109671482346
2021-08-09 06:00:00,2021-08-09 06:00:00,2021-08-09 12:00:00,2021-08-10 12:00:00,6,prebreak,ok,0.0,neither,,23874,6|2021-07-01,ok,0.1709109671482346,0.1556040467173522,6|recent|18028,recent,0.1709109671482346
2021-08-10 12:00:00,2021-08-10 12:00:00,2021-08-10 18:00:00,2021-08-11 18:00:00,6,prebreak,ok,0.0,upper_first,14.0,23879,6|2021-07-01,ok,0.1709109671482346,0.15767901401654247,6|recent|18033,recent,0.1709109671482346
2021-08-11 18:00:00,2021-08-11 18:00:00,2021-08-12 00:00:00,2021-08-13 00:00:00,6,prebreak,ok,0.0,neither,,23884,6|2021-07-01,ok,0.1709109671482346,0.1297236026089896,6|recent|18038,recent,0.1709109671482346
2021-08-13 18:00:00,2021-08-13 18:00:00,2021-08-14 00:00:00,2021-08-15 00:00:00,6,prebreak,ok,0.0,neither,,23892,6|2021-07-01,ok,0.1709109671482346,0.10765884939466182,6|recent|18046,recent,0.1709109671482346
2021-08-15 00:00:00,2021-08-15 00:00:00,2021-08-15 06:00:00,2021-08-16 06:00:00,6,prebreak,ok,0.0,upper_first,21.0,23897,6|2021-07-01,ok,0.1709109671482346,0.12816625537298557,6|recent|18051,recent,0.1709109671482346
2021-08-16 06:00:00,2021-08-16 06:00:00,2021-08-16 12:00:00,2021-08-17 12:00:00,6,prebreak,ok,0.0,neither,,23902,6|2021-07-01,ok,0.1709109671482346,0.13063768701972436,6|recent|18056,recent,0.1709109671482346
2021-08-17 12:00:00,2021-08-17 12:00:00,2021-08-17 18:00:00,2021-08-18 18:00:00,6,prebreak,ok,0.0,neither,,23907,6|2021-07-01,ok,0.1709109671482346,0.1341667438261165,6|recent|18061,recent,0.1709109671482346
2021-08-19 00:00:00,2021-08-19 00:00:00,2021-08-19 06:00:00,2021-08-20 06:00:00,6,prebreak,ok,0.0,upper_first,9.0,23913,6|2021-07-01,ok,0.1709109671482346,0.1559532944297745,6|recent|18067,recent,0.1709109671482346
2021-08-20 06:00:00,2021-08-20 06:00:00,2021-08-20 12:00:00,2021-08-21 12:00:00,6,prebreak,ok,0.0,upper_first,2.0,23918,6|2021-07-01,ok,0.1709109671482346,0.12992914704575648,6|recent|18072,recent,0.1709109671482346
2021-08-21 12:00:00,2021-08-21 12:00:00,2021-08-21 18:00:00,2021-08-22 18:00:00,6,prebreak,ok,0.0,neither,,23923,6|2021-07-01,ok,0.1709109671482346,0.12721563379673742,6|recent|18077,recent,0.1709109671482346
2021-08-22 18:00:00,2021-08-22 18:00:00,2021-08-23 00:00:00,2021-08-24 00:00:00,6,prebreak,ok,0.0,neither,,23928,6|2021-07-01,ok,0.1709109671482346,0.13561274971865583,6|recent|18082,recent,0.1709109671482346
2021-08-24 00:00:00,2021-08-24 00:00:00,2021-08-24 06:00:00,2021-08-25 06:00:00,6,prebreak,ok,0.0,neither,,23933,6|2021-07-01,ok,0.1709109671482346,0.125915439821276,6|recent|18087,recent,0.1709109671482346
2021-08-27 06:00:00,2021-08-27 06:00:00,2021-08-27 12:00:00,2021-08-28 12:00:00,6,prebreak,ok,0.0,upper_first,8.0,23946,6|2021-07-01,ok,0.1709109671482346,0.136611709511966,6|recent|18100,recent,0.1709109671482346
2021-08-28 12:00:00,2021-08-28 12:00:00,2021-08-28 18:00:00,2021-08-29 18:00:00,6,prebreak,ok,0.0,neither,,23951,6|2021-07-01,ok,0.1709109671482346,0.12047251217223894,6|recent|18105,recent,0.1709109671482346
2021-08-29 18:00:00,2021-08-29 18:00:00,2021-08-30 00:00:00,2021-08-31 00:00:00,6,prebreak,ok,0.0,neither,,23956,6|2021-07-01,ok,0.1709109671482346,0.10495887107662999,6|recent|18110,recent,0.1709109671482346
2021-09-01 06:00:00,2021-09-01 06:00:00,2021-09-01 12:00:00,2021-09-02 12:00:00,6,prebreak,ok,0.0,upper_first,13.0,23966,6|2021-07-01,ok,0.1709109671482346,0.11807205379018938,6|recent|18120,recent,0.1709109671482346
2021-09-02 12:00:00,2021-09-02 12:00:00,2021-09-02 18:00:00,2021-09-03 18:00:00,6,prebreak,ok,0.0,upper_first,20.0,23971,6|2021-07-01,ok,0.1709109671482346,0.12286322084429133,6|recent|18125,recent,0.1709109671482346
2021-09-03 18:00:00,2021-09-03 18:00:00,2021-09-04 00:00:00,2021-09-05 00:00:00,6,prebreak,ok,0.0,neither,,23976,6|2021-07-01,ok,0.1709109671482346,0.11932464034674524,6|recent|18130,recent,0.1709109671482346
2021-09-05 00:00:00,2021-09-05 00:00:00,2021-09-05 06:00:00,2021-09-06 06:00:00,6,prebreak,ok,0.0,upper_first,14.0,23981,6|2021-07-01,ok,0.1709109671482346,0.1295422682222279,6|recent|18135,recent,0.1709109671482346
2021-09-06 06:00:00,2021-09-06 06:00:00,2021-09-06 12:00:00,2021-09-07 12:00:00,6,prebreak,ok,0.0,neither,,23986,6|2021-07-01,ok,0.1709109671482346,0.10486664711657363,6|recent|18140,recent,0.1709109671482346
2021-09-07 12:00:00,2021-09-07 12:00:00,2021-09-07 18:00:00,2021-09-08 18:00:00,6,prebreak,ok,0.0,neither,,23991,6|2021-07-01,ok,0.1709109671482346,0.12220107318818887,6|recent|18145,recent,0.1709109671482346
2021-09-08 18:00:00,2021-09-08 18:00:00,2021-09-09 00:00:00,2021-09-10 00:00:00,6,prebreak,ok,0.0,neither,,23996,6|2021-07-01,ok,0.1709109671482346,0.18223434462788105,6|recent|18150,recent,0.1709109671482346
2021-09-10 00:00:00,2021-09-10 00:00:00,2021-09-10 06:00:00,2021-09-11 06:00:00,6,prebreak,ok,1.0,lower_first,15.0,24001,6|2021-07-01,ok,0.1709109671482346,0.1896885959329874,6|recent|18155,recent,0.1709109671482346
2021-09-11 06:00:00,2021-09-11 06:00:00,2021-09-11 12:00:00,2021-09-12 12:00:00,6,prebreak,ok,0.0,neither,,24006,6|2021-07-01,ok,0.1709109671482346,0.14402543644906848,6|recent|18160,recent,0.1709109671482346
2021-09-12 12:00:00,2021-09-12 12:00:00,2021-09-12 18:00:00,2021-09-13 18:00:00,6,prebreak,ok,1.0,lower_first,20.0,24011,6|2021-07-01,ok,0.1709109671482346,0.11244706141592581,6|recent|18165,recent,0.1709109671482346
2021-09-14 18:00:00,2021-09-14 18:00:00,2021-09-15 00:00:00,2021-09-16 00:00:00,6,prebreak,ok,0.0,neither,,24020,6|2021-07-01,ok,0.1709109671482346,0.16358582401015284,6|recent|18174,recent,0.1709109671482346
2021-09-16 00:00:00,2021-09-16 00:00:00,2021-09-16 06:00:00,2021-09-17 06:00:00,6,prebreak,ok,0.0,neither,,24025,6|2021-07-01,ok,0.1709109671482346,0.1586169117245031,6|recent|18179,recent,0.1709109671482346
2021-09-17 06:00:00,2021-09-17 06:00:00,2021-09-17 12:00:00,2021-09-18 12:00:00,6,prebreak,ok,0.0,neither,,24030,6|2021-07-01,ok,0.1709109671482346,0.11232021139284178,6|recent|18184,recent,0.1709109671482346
2021-09-18 12:00:00,2021-09-18 12:00:00,2021-09-18 18:00:00,2021-09-19 18:00:00,6,prebreak,ok,0.0,neither,,24035,6|2021-07-01,ok,0.1709109671482346,0.12398567088163706,6|recent|18189,recent,0.1709109671482346
2021-09-19 18:00:00,2021-09-19 18:00:00,2021-09-20 00:00:00,2021-09-21 00:00:00,6,prebreak,ok,1.0,lower_first,7.0,24040,6|2021-07-01,ok,0.1709109671482346,0.11899170264109123,6|recent|18194,recent,0.1709109671482346
2021-09-22 06:00:00,2021-09-22 06:00:00,2021-09-22 12:00:00,2021-09-23 12:00:00,6,prebreak,ok,0.0,upper_first,3.0,24050,6|2021-07-01,ok,0.1709109671482346,0.18314625454068822,6|recent|18204,recent,0.1709109671482346
2021-09-23 12:00:00,2021-09-23 12:00:00,2021-09-23 18:00:00,2021-09-24 18:00:00,6,prebreak,ok,1.0,lower_first,15.0,24055,6|2021-07-01,ok,0.1709109671482346,0.18676252052109582,6|recent|18209,recent,0.1709109671482346
2021-09-24 18:00:00,2021-09-24 18:00:00,2021-09-25 00:00:00,2021-09-26 00:00:00,6,prebreak,ok,0.0,neither,,24060,6|2021-07-01,ok,0.1709109671482346,0.2008782538016998,6|recent|18214,recent,0.1709109671482346
2021-09-26 00:00:00,2021-09-26 00:00:00,2021-09-26 06:00:00,2021-09-27 06:00:00,6,prebreak,ok,0.0,upper_first,3.0,24065,6|2021-07-01,ok,0.1709109671482346,0.1769650827260632,6|recent|18219,recent,0.1709109671482346
2021-09-27 06:00:00,2021-09-27 06:00:00,2021-09-27 12:00:00,2021-09-28 12:00:00,6,prebreak,ok,1.0,lower_first,20.0,24070,6|2021-07-01,ok,0.1709109671482346,0.1776308956232709,6|recent|18224,recent,0.1709109671482346
2021-09-28 12:00:00,2021-09-28 12:00:00,2021-09-28 18:00:00,2021-09-29 18:00:00,6,prebreak,ok,0.0,neither,,24075,6|2021-07-01,ok,0.1709109671482346,0.162345859169333,6|recent|18229,recent,0.1709109671482346
2021-09-29 18:00:00,2021-09-29 18:00:00,2021-09-30 00:00:00,2021-10-01 00:00:00,6,prebreak,ok,0.0,upper_first,1.0,24080,6|2021-07-01,ok,0.1709109671482346,0.15308577253707917,6|recent|18234,recent,0.1709109671482346
2021-10-01 00:00:00,2021-10-01 00:00:00,2021-10-01 06:00:00,2021-10-02 06:00:00,6,prebreak,ok,0.0,upper_first,4.0,24085,6|2021-10-01,ok,0.16315991257762966,0.1361936510513276,6|recent|18239,recent,0.16315991257762966
2021-10-02 06:00:00,2021-10-02 06:00:00,2021-10-02 12:00:00,2021-10-03 12:00:00,6,prebreak,ok,0.0,neither,,24090,6|2021-10-01,ok,0.16315991257762966,0.1413123064601433,6|recent|18244,recent,0.16315991257762966
2021-10-03 12:00:00,2021-10-03 12:00:00,2021-10-03 18:00:00,2021-10-04 18:00:00,6,prebreak,ok,0.0,neither,,24095,6|2021-10-01,ok,0.16315991257762966,0.13688682451464643,6|recent|18249,recent,0.16315991257762966
2021-10-04 18:00:00,2021-10-04 18:00:00,2021-10-05 00:00:00,2021-10-06 00:00:00,6,prebreak,ok,0.0,upper_first,18.0,24100,6|2021-10-01,ok,0.16315991257762966,0.10834514306186403,6|recent|18254,recent,0.16315991257762966
2021-10-06 00:00:00,2021-10-06 00:00:00,2021-10-06 06:00:00,2021-10-07 06:00:00,6,prebreak,ok,0.0,upper_first,7.0,24105,6|2021-10-01,ok,0.16315991257762966,0.10691707736568039,6|recent|18259,recent,0.16315991257762966
2021-10-07 06:00:00,2021-10-07 06:00:00,2021-10-07 12:00:00,2021-10-08 12:00:00,6,prebreak,ok,0.0,upper_first,20.0,24110,6|2021-10-01,ok,0.16315991257762966,0.11771510971864771,6|recent|18264,recent,0.16315991257762966
2021-10-08 12:00:00,2021-10-08 12:00:00,2021-10-08 18:00:00,2021-10-09 18:00:00,6,prebreak,ok,0.0,neither,,24115,6|2021-10-01,ok,0.16315991257762966,0.1333551393184882,6|recent|18269,recent,0.16315991257762966
2021-10-09 18:00:00,2021-10-09 18:00:00,2021-10-10 00:00:00,2021-10-11 00:00:00,6,prebreak,ok,0.0,neither,,24120,6|2021-10-01,ok,0.16315991257762966,0.13333174876763357,6|recent|18274,recent,0.16315991257762966
2021-10-11 00:00:00,2021-10-11 00:00:00,2021-10-11 06:00:00,2021-10-12 06:00:00,6,prebreak,ok,0.0,neither,,24125,6|2021-10-01,ok,0.16315991257762966,0.13065317837924603,6|recent|18279,recent,0.16315991257762966
2021-10-12 06:00:00,2021-10-12 06:00:00,2021-10-12 12:00:00,2021-10-13 12:00:00,6,prebreak,ok,1.0,lower_first,8.0,24130,6|2021-10-01,ok,0.16315991257762966,0.10494039544714245,6|recent|18284,recent,0.16315991257762966
2021-10-13 12:00:00,2021-10-13 12:00:00,2021-10-13 18:00:00,2021-10-14 18:00:00,6,prebreak,ok,0.0,neither,,24135,6|2021-10-01,ok,0.16315991257762966,0.13412152725713355,6|recent|18289,recent,0.16315991257762966
2021-10-14 18:00:00,2021-10-14 18:00:00,2021-10-15 00:00:00,2021-10-16 00:00:00,6,prebreak,ok,0.0,upper_first,2.0,24140,6|2021-10-01,ok,0.16315991257762966,0.12552106181362543,6|recent|18294,recent,0.16315991257762966
2021-10-16 00:00:00,2021-10-16 00:00:00,2021-10-16 06:00:00,2021-10-17 06:00:00,6,prebreak,ok,0.0,neither,,24145,6|2021-10-01,ok,0.16315991257762966,0.1396364015358812,6|recent|18299,recent,0.16315991257762966
2021-10-17 06:00:00,2021-10-17 06:00:00,2021-10-17 12:00:00,2021-10-18 12:00:00,6,prebreak,ok,0.0,neither,,24150,6|2021-10-01,ok,0.16315991257762966,0.1440192794131746,6|recent|18304,recent,0.16315991257762966
2021-10-18 12:00:00,2021-10-18 12:00:00,2021-10-18 18:00:00,2021-10-19 18:00:00,6,prebreak,ok,0.0,neither,,24155,6|2021-10-01,ok,0.16315991257762966,0.15311166376401292,6|recent|18309,recent,0.16315991257762966
2021-10-19 18:00:00,2021-10-19 18:00:00,2021-10-20 00:00:00,2021-10-21 00:00:00,6,prebreak,ok,0.0,upper_first,14.0,24160,6|2021-10-01,ok,0.16315991257762966,0.12029745144681676,6|recent|18314,recent,0.16315991257762966
2021-10-21 00:00:00,2021-10-21 00:00:00,2021-10-21 06:00:00,2021-10-22 06:00:00,6,prebreak,ok,0.0,neither,,24165,6|2021-10-01,ok,0.16315991257762966,0.12086284835600318,6|recent|18319,recent,0.16315991257762966
2021-10-22 06:00:00,2021-10-22 06:00:00,2021-10-22 12:00:00,2021-10-23 12:00:00,6,prebreak,ok,1.0,lower_first,4.0,24170,6|2021-10-01,ok,0.16315991257762966,0.14015486401437016,6|recent|18324,recent,0.16315991257762966
2021-10-23 18:00:00,2021-10-23 18:00:00,2021-10-24 00:00:00,2021-10-25 00:00:00,6,prebreak,ok,0.0,neither,,24176,6|2021-10-01,ok,0.16315991257762966,0.1502160871870227,6|recent|18330,recent,0.16315991257762966
2021-10-25 00:00:00,2021-10-25 00:00:00,2021-10-25 06:00:00,2021-10-26 06:00:00,6,prebreak,ok,0.0,upper_first,10.0,24181,6|2021-10-01,ok,0.16315991257762966,0.14058793451035603,6|recent|18335,recent,0.16315991257762966
2021-10-26 06:00:00,2021-10-26 06:00:00,2021-10-26 12:00:00,2021-10-27 12:00:00,6,prebreak,ok,1.0,lower_first,20.0,24186,6|2021-10-01,ok,0.16315991257762966,0.12400084512059058,6|recent|18340,recent,0.16315991257762966
2021-10-28 12:00:00,2021-10-28 12:00:00,2021-10-28 18:00:00,2021-10-29 18:00:00,6,prebreak,ok,1.0,lower_first,0.0,24195,6|2021-10-01,ok,0.16315991257762966,0.12387704470479766,6|recent|18349,recent,0.16315991257762966
2021-10-29 18:00:00,2021-10-29 18:00:00,2021-10-30 00:00:00,2021-10-31 00:00:00,6,prebreak,ok,0.0,neither,,24200,6|2021-10-01,ok,0.16315991257762966,0.14058558202338928,6|recent|18354,recent,0.16315991257762966
2021-10-31 00:00:00,2021-10-31 00:00:00,2021-10-31 06:00:00,2021-11-01 06:00:00,6,prebreak,ok,0.0,neither,,24205,6|2021-10-01,ok,0.16315991257762966,0.1326487520161079,6|recent|18359,recent,0.16315991257762966
2021-11-02 06:00:00,2021-11-02 06:00:00,2021-11-02 12:00:00,2021-11-03 12:00:00,6,prebreak,ok,0.0,neither,,24214,6|2021-10-01,ok,0.16315991257762966,0.12281495448339358,6|recent|18368,recent,0.16315991257762966
2021-11-03 12:00:00,2021-11-03 12:00:00,2021-11-03 18:00:00,2021-11-04 18:00:00,6,prebreak,ok,0.0,neither,,24219,6|2021-10-01,ok,0.16315991257762966,0.13566856540195518,6|recent|18373,recent,0.16315991257762966
2021-11-04 18:00:00,2021-11-04 18:00:00,2021-11-05 00:00:00,2021-11-06 00:00:00,6,prebreak,ok,0.0,neither,,24224,6|2021-10-01,ok,0.16315991257762966,0.14453280825519466,6|recent|18378,recent,0.16315991257762966
2021-11-06 00:00:00,2021-11-06 00:00:00,2021-11-06 06:00:00,2021-11-07 06:00:00,6,prebreak,ok,0.0,neither,,24229,6|2021-10-01,ok,0.16315991257762966,0.12291174884460357,6|recent|18383,recent,0.16315991257762966
2021-11-07 06:00:00,2021-11-07 06:00:00,2021-11-07 12:00:00,2021-11-08 12:00:00,6,prebreak,ok,0.0,upper_first,12.0,24234,6|2021-10-01,ok,0.16315991257762966,0.10328761206858188,6|recent|18388,recent,0.16315991257762966
2021-11-08 12:00:00,2021-11-08 12:00:00,2021-11-08 18:00:00,2021-11-09 18:00:00,6,prebreak,ok,0.0,upper_first,9.0,24239,6|2021-10-01,ok,0.16315991257762966,0.08415487972987797,6|recent|18393,recent,0.16315991257762966
2021-11-09 18:00:00,2021-11-09 18:00:00,2021-11-10 00:00:00,2021-11-11 00:00:00,6,prebreak,ok,0.0,upper_first,14.0,24244,6|2021-10-01,ok,0.16315991257762966,0.10891817790096911,6|recent|18398,recent,0.16315991257762966
2021-11-11 00:00:00,2021-11-11 00:00:00,2021-11-11 06:00:00,2021-11-12 06:00:00,6,prebreak,ok,0.0,neither,,24249,6|2021-10-01,ok,0.16315991257762966,0.1686481143033007,6|recent|18403,recent,0.16315991257762966
2021-11-12 06:00:00,2021-11-12 06:00:00,2021-11-12 12:00:00,2021-11-13 12:00:00,6,prebreak,ok,0.0,neither,,24254,6|2021-10-01,ok,0.16315991257762966,0.13549042447101953,6|recent|18408,recent,0.16315991257762966
2021-11-13 12:00:00,2021-11-13 12:00:00,2021-11-13 18:00:00,2021-11-14 18:00:00,6,prebreak,ok,0.0,neither,,24259,6|2021-10-01,ok,0.16315991257762966,0.1396650487826452,6|recent|18413,recent,0.16315991257762966
2021-11-14 18:00:00,2021-11-14 18:00:00,2021-11-15 00:00:00,2021-11-16 00:00:00,6,prebreak,ok,0.0,neither,,24264,6|2021-10-01,ok,0.16315991257762966,0.10707718933229729,6|recent|18418,recent,0.16315991257762966
2021-11-16 00:00:00,2021-11-16 00:00:00,2021-11-16 06:00:00,2021-11-17 06:00:00,6,prebreak,ok,0.0,neither,,24269,6|2021-10-01,ok,0.16315991257762966,0.11310793322708831,6|recent|18423,recent,0.16315991257762966
2021-11-17 12:00:00,2021-11-17 12:00:00,2021-11-17 18:00:00,2021-11-18 18:00:00,6,prebreak,ok,1.0,lower_first,22.0,24275,6|2021-10-01,ok,0.16315991257762966,0.13158693929953305,6|recent|18429,recent,0.16315991257762966
2021-11-20 06:00:00,2021-11-20 06:00:00,2021-11-20 12:00:00,2021-11-21 12:00:00,6,prebreak,ok,0.0,neither,,24286,6|2021-10-01,ok,0.16315991257762966,0.14338044286099633,6|recent|18440,recent,0.16315991257762966
2021-11-21 12:00:00,2021-11-21 12:00:00,2021-11-21 18:00:00,2021-11-22 18:00:00,6,prebreak,ok,0.0,neither,,24291,6|2021-10-01,ok,0.16315991257762966,0.1399299240637184,6|recent|18445,recent,0.16315991257762966
2021-11-22 18:00:00,2021-11-22 18:00:00,2021-11-23 00:00:00,2021-11-24 00:00:00,6,prebreak,ok,0.0,neither,,24296,6|2021-10-01,ok,0.16315991257762966,0.14400429279529825,6|recent|18450,recent,0.16315991257762966
2021-11-24 00:00:00,2021-11-24 00:00:00,2021-11-24 06:00:00,2021-11-25 06:00:00,6,prebreak,ok,0.0,neither,,24301,6|2021-10-01,ok,0.16315991257762966,0.14423347896017447,6|recent|18455,recent,0.16315991257762966
2021-11-25 06:00:00,2021-11-25 06:00:00,2021-11-25 12:00:00,2021-11-26 12:00:00,6,prebreak,ok,1.0,lower_first,20.0,24306,6|2021-10-01,ok,0.16315991257762966,0.15273645833314067,6|recent|18460,recent,0.16315991257762966
2021-11-27 12:00:00,2021-11-27 12:00:00,2021-11-27 18:00:00,2021-11-28 18:00:00,6,prebreak,ok,0.0,neither,,24315,6|2021-10-01,ok,0.16315991257762966,0.14257021727351646,6|recent|18469,recent,0.16315991257762966
2021-11-28 18:00:00,2021-11-28 18:00:00,2021-11-29 00:00:00,2021-11-30 00:00:00,6,prebreak,ok,0.0,neither,,24320,6|2021-10-01,ok,0.16315991257762966,0.1420111422779052,6|recent|18474,recent,0.16315991257762966
2021-11-30 00:00:00,2021-11-30 00:00:00,2021-11-30 06:00:00,2021-12-01 06:00:00,6,prebreak,ok,0.0,upper_first,6.0,24325,6|2021-10-01,ok,0.16315991257762966,0.13309719465276781,6|recent|18479,recent,0.16315991257762966
2021-12-01 06:00:00,2021-12-01 06:00:00,2021-12-01 12:00:00,2021-12-02 12:00:00,6,prebreak,ok,0.0,upper_first,4.0,24330,6|2021-10-01,ok,0.16315991257762966,0.15642849922422178,6|recent|18484,recent,0.16315991257762966
2021-12-02 12:00:00,2021-12-02 12:00:00,2021-12-02 18:00:00,2021-12-03 18:00:00,6,prebreak,ok,0.0,neither,,24335,6|2021-10-01,ok,0.16315991257762966,0.1640034546309752,6|recent|18489,recent,0.16315991257762966
2021-12-05 06:00:00,2021-12-05 06:00:00,2021-12-05 12:00:00,2021-12-06 12:00:00,6,prebreak,ok,0.0,neither,,24346,6|2021-10-01,ok,0.16315991257762966,0.16174042947160286,6|recent|18500,recent,0.16315991257762966
2021-12-06 12:00:00,2021-12-06 12:00:00,2021-12-06 18:00:00,2021-12-07 18:00:00,6,prebreak,ok,0.0,upper_first,3.0,24351,6|2021-10-01,ok,0.16315991257762966,0.18215373330807602,6|recent|18505,recent,0.16315991257762966
2021-12-07 18:00:00,2021-12-07 18:00:00,2021-12-08 00:00:00,2021-12-09 00:00:00,6,prebreak,ok,0.0,neither,,24356,6|2021-10-01,ok,0.16315991257762966,0.14860369671432871,6|recent|18510,recent,0.16315991257762966
2021-12-09 00:00:00,2021-12-09 00:00:00,2021-12-09 06:00:00,2021-12-10 06:00:00,6,prebreak,ok,0.0,neither,,24361,6|2021-10-01,ok,0.16315991257762966,0.15571997964420678,6|recent|18515,recent,0.16315991257762966
2021-12-12 00:00:00,2021-12-12 00:00:00,2021-12-12 06:00:00,2021-12-13 06:00:00,6,prebreak,ok,0.0,upper_first,11.0,24373,6|2021-10-01,ok,0.16315991257762966,0.13354886171596755,6|recent|18527,recent,0.16315991257762966
2021-12-13 06:00:00,2021-12-13 06:00:00,2021-12-13 12:00:00,2021-12-14 12:00:00,6,prebreak,ok,1.0,lower_first,7.0,24378,6|2021-10-01,ok,0.16315991257762966,0.14360247263439796,6|recent|18532,recent,0.16315991257762966
2021-12-14 12:00:00,2021-12-14 12:00:00,2021-12-14 18:00:00,2021-12-15 18:00:00,6,prebreak,ok,0.0,upper_first,3.0,24383,6|2021-10-01,ok,0.16315991257762966,0.12839816192474685,6|recent|18537,recent,0.16315991257762966
2021-12-15 18:00:00,2021-12-15 18:00:00,2021-12-16 00:00:00,2021-12-17 00:00:00,6,prebreak,ok,0.0,neither,,24388,6|2021-10-01,ok,0.16315991257762966,0.14789482708908086,6|recent|18542,recent,0.16315991257762966
2021-12-17 00:00:00,2021-12-17 00:00:00,2021-12-17 06:00:00,2021-12-18 06:00:00,6,prebreak,ok,0.0,neither,,24393,6|2021-10-01,ok,0.16315991257762966,0.14598196210552458,6|recent|18547,recent,0.16315991257762966
2021-12-18 18:00:00,2021-12-18 18:00:00,2021-12-19 00:00:00,2021-12-20 00:00:00,6,prebreak,ok,0.0,upper_first,14.0,24400,6|2021-10-01,ok,0.16315991257762966,0.15164627512920134,6|recent|18554,recent,0.16315991257762966
2021-12-20 00:00:00,2021-12-20 00:00:00,2021-12-20 06:00:00,2021-12-21 06:00:00,6,prebreak,ok,0.0,upper_first,21.0,24405,6|2021-10-01,ok,0.16315991257762966,0.14287009731808237,6|recent|18559,recent,0.16315991257762966
2021-12-21 06:00:00,2021-12-21 06:00:00,2021-12-21 12:00:00,2021-12-22 12:00:00,6,prebreak,ok,0.0,neither,,24410,6|2021-10-01,ok,0.16315991257762966,0.12035072761476813,6|recent|18564,recent,0.16315991257762966
2021-12-22 12:00:00,2021-12-22 12:00:00,2021-12-22 18:00:00,2021-12-23 18:00:00,6,prebreak,ok,0.0,upper_first,23.0,24415,6|2021-10-01,ok,0.16315991257762966,0.12429256298543476,6|recent|18569,recent,0.16315991257762966
2021-12-23 18:00:00,2021-12-23 18:00:00,2021-12-24 00:00:00,2021-12-25 00:00:00,6,prebreak,ok,0.0,neither,,24420,6|2021-10-01,ok,0.16315991257762966,0.09908148098791168,6|recent|18574,recent,0.16315991257762966
2021-12-25 00:00:00,2021-12-25 00:00:00,2021-12-25 06:00:00,2021-12-26 06:00:00,6,prebreak,ok,0.0,neither,,24425,6|2021-10-01,ok,0.16315991257762966,0.11300862512524873,6|recent|18579,recent,0.16315991257762966
2021-12-26 06:00:00,2021-12-26 06:00:00,2021-12-26 12:00:00,2021-12-27 12:00:00,6,prebreak,ok,0.0,upper_first,10.0,24430,6|2021-10-01,ok,0.16315991257762966,0.10720449464391678,6|recent|18584,recent,0.16315991257762966
2021-12-27 12:00:00,2021-12-27 12:00:00,2021-12-27 18:00:00,2021-12-28 18:00:00,6,prebreak,ok,1.0,lower_first,10.0,24435,6|2021-10-01,ok,0.16315991257762966,0.08619684432453317,6|recent|18589,recent,0.16315991257762966
2021-12-31 00:00:00,2021-12-31 00:00:00,2021-12-31 06:00:00,2022-01-01 06:00:00,6,prebreak,ok,0.0,neither,,24449,6|2021-10-01,ok,0.16315991257762966,0.1322834549263569,6|recent|18603,recent,0.16315991257762966
2022-01-02 00:00:00,2022-01-02 00:00:00,2022-01-02 06:00:00,2022-01-03 06:00:00,6,prebreak,ok,0.0,neither,,24457,6|2022-01-01,ok,0.15599742297806507,0.1356415225843527,6|recent|18611,recent,0.15599742297806507
2022-01-03 06:00:00,2022-01-03 06:00:00,2022-01-03 12:00:00,2022-01-04 12:00:00,6,prebreak,ok,0.0,neither,,24462,6|2022-01-01,ok,0.15599742297806507,0.13722185376585228,6|recent|18616,recent,0.15599742297806507
2022-01-04 12:00:00,2022-01-04 12:00:00,2022-01-04 18:00:00,2022-01-05 18:00:00,6,prebreak,ok,0.0,neither,,24467,6|2022-01-01,ok,0.15599742297806507,0.1019221054803801,6|recent|18621,recent,0.15599742297806507
2022-01-05 18:00:00,2022-01-05 18:00:00,2022-01-06 00:00:00,2022-01-07 00:00:00,6,prebreak,ok,0.0,neither,,24472,6|2022-01-01,ok,0.15599742297806507,0.12184282714812665,6|recent|18626,recent,0.15599742297806507
2022-01-07 00:00:00,2022-01-07 00:00:00,2022-01-07 06:00:00,2022-01-08 06:00:00,6,prebreak,ok,0.0,neither,,24477,6|2022-01-01,ok,0.15599742297806507,0.14192418717392988,6|recent|18631,recent,0.15599742297806507
2022-01-08 06:00:00,2022-01-08 06:00:00,2022-01-08 12:00:00,2022-01-09 12:00:00,6,prebreak,ok,0.0,neither,,24482,6|2022-01-01,ok,0.15599742297806507,0.15552336409311535,6|recent|18636,recent,0.15599742297806507
2022-01-09 12:00:00,2022-01-09 12:00:00,2022-01-09 18:00:00,2022-01-10 18:00:00,6,prebreak,ok,1.0,lower_first,20.0,24487,6|2022-01-01,ok,0.15599742297806507,0.14638688862614974,6|recent|18641,recent,0.15599742297806507
2022-01-10 18:00:00,2022-01-10 18:00:00,2022-01-11 00:00:00,2022-01-12 00:00:00,6,prebreak,ok,0.0,upper_first,17.0,24492,6|2022-01-01,ok,0.15599742297806507,0.12861586889522608,6|recent|18646,recent,0.15599742297806507
2022-01-12 00:00:00,2022-01-12 00:00:00,2022-01-12 06:00:00,2022-01-13 06:00:00,6,prebreak,ok,0.0,upper_first,7.0,24497,6|2022-01-01,ok,0.15599742297806507,0.13055919485314857,6|recent|18651,recent,0.15599742297806507
2022-01-13 06:00:00,2022-01-13 06:00:00,2022-01-13 12:00:00,2022-01-14 12:00:00,6,prebreak,ok,0.0,neither,,24502,6|2022-01-01,ok,0.15599742297806507,0.12197715248006441,6|recent|18656,recent,0.15599742297806507
2022-01-14 12:00:00,2022-01-14 12:00:00,2022-01-14 18:00:00,2022-01-15 18:00:00,6,prebreak,ok,0.0,neither,,24507,6|2022-01-01,ok,0.15599742297806507,0.12800900540665167,6|recent|18661,recent,0.15599742297806507
2022-01-15 18:00:00,2022-01-15 18:00:00,2022-01-16 00:00:00,2022-01-17 00:00:00,6,prebreak,ok,0.0,neither,,24512,6|2022-01-01,ok,0.15599742297806507,0.1094121423551278,6|recent|18666,recent,0.15599742297806507
2022-01-17 00:00:00,2022-01-17 00:00:00,2022-01-17 06:00:00,2022-01-18 06:00:00,6,prebreak,ok,0.0,neither,,24517,6|2022-01-01,ok,0.15599742297806507,0.09699634092167389,6|recent|18671,recent,0.15599742297806507
2022-01-19 00:00:00,2022-01-19 00:00:00,2022-01-19 06:00:00,2022-01-20 06:00:00,6,prebreak,ok,0.0,neither,,24525,6|2022-01-01,ok,0.15599742297806507,0.09160916440468231,6|recent|18679,recent,0.15599742297806507
2022-01-20 12:00:00,2022-01-20 12:00:00,2022-01-20 18:00:00,2022-01-21 18:00:00,6,prebreak,ok,1.0,lower_first,4.0,24531,6|2022-01-01,ok,0.15599742297806507,0.11419627746231605,6|recent|18685,recent,0.15599742297806507
2022-01-23 12:00:00,2022-01-23 12:00:00,2022-01-23 18:00:00,2022-01-24 18:00:00,6,prebreak,ok,0.0,upper_first,5.0,24543,6|2022-01-01,ok,0.15599742297806507,0.2034596012385947,6|recent|18697,recent,0.15599742297806507
2022-01-25 12:00:00,2022-01-25 12:00:00,2022-01-25 18:00:00,2022-01-26 18:00:00,6,prebreak,ok,0.0,upper_first,20.0,24551,6|2022-01-01,ok,0.15599742297806507,0.19119893823851614,6|recent|18705,recent,0.15599742297806507
2022-01-26 18:00:00,2022-01-26 18:00:00,2022-01-27 00:00:00,2022-01-28 00:00:00,6,prebreak,ok,0.0,neither,,24556,6|2022-01-01,ok,0.15599742297806507,0.17492492089949216,6|recent|18710,recent,0.15599742297806507
2022-01-28 00:00:00,2022-01-28 00:00:00,2022-01-28 06:00:00,2022-01-29 06:00:00,6,prebreak,ok,0.0,neither,,24561,6|2022-01-01,ok,0.15599742297806507,0.16720375135028856,6|recent|18715,recent,0.15599742297806507
2022-01-29 06:00:00,2022-01-29 06:00:00,2022-01-29 12:00:00,2022-01-30 12:00:00,6,prebreak,ok,0.0,neither,,24566,6|2022-01-01,ok,0.15599742297806507,0.1596782844085096,6|recent|18720,recent,0.15599742297806507
2022-01-30 12:00:00,2022-01-30 12:00:00,2022-01-30 18:00:00,2022-01-31 18:00:00,6,prebreak,ok,0.0,neither,,24571,6|2022-01-01,ok,0.15599742297806507,0.13050886139050455,6|recent|18725,recent,0.15599742297806507
2022-01-31 18:00:00,2022-01-31 18:00:00,2022-02-01 00:00:00,2022-02-02 00:00:00,6,prebreak,ok,0.0,neither,,24576,6|2022-01-01,ok,0.15599742297806507,0.12153574924960016,6|recent|18730,recent,0.15599742297806507
2022-02-02 00:00:00,2022-02-02 00:00:00,2022-02-02 06:00:00,2022-02-03 06:00:00,6,prebreak,ok,0.0,neither,,24581,6|2022-01-01,ok,0.15599742297806507,0.12229224048598665,6|recent|18735,recent,0.15599742297806507
2022-02-03 06:00:00,2022-02-03 06:00:00,2022-02-03 12:00:00,2022-02-04 12:00:00,6,prebreak,ok,0.0,upper_first,18.0,24586,6|2022-01-01,ok,0.15599742297806507,0.12770631624075962,6|recent|18740,recent,0.15599742297806507
2022-02-04 12:00:00,2022-02-04 12:00:00,2022-02-04 18:00:00,2022-02-05 18:00:00,6,prebreak,ok,0.0,upper_first,5.0,24591,6|2022-01-01,ok,0.15599742297806507,0.12858493182562974,6|recent|18745,recent,0.15599742297806507
2022-02-05 18:00:00,2022-02-05 18:00:00,2022-02-06 00:00:00,2022-02-07 00:00:00,6,prebreak,ok,0.0,upper_first,23.0,24596,6|2022-01-01,ok,0.15599742297806507,0.14441140556038445,6|recent|18750,recent,0.15599742297806507
2022-02-07 00:00:00,2022-02-07 00:00:00,2022-02-07 06:00:00,2022-02-08 06:00:00,6,prebreak,ok,0.0,upper_first,10.0,24601,6|2022-01-01,ok,0.15599742297806507,0.13072488539429764,6|recent|18755,recent,0.15599742297806507
2022-02-08 06:00:00,2022-02-08 06:00:00,2022-02-08 12:00:00,2022-02-09 12:00:00,6,prebreak,ok,0.0,neither,,24606,6|2022-01-01,ok,0.15599742297806507,0.10223276530823615,6|recent|18760,recent,0.15599742297806507
2022-02-09 12:00:00,2022-02-09 12:00:00,2022-02-09 18:00:00,2022-02-10 18:00:00,6,prebreak,ok,0.0,upper_first,21.0,24611,6|2022-01-01,ok,0.15599742297806507,0.14222373288851115,6|recent|18765,recent,0.15599742297806507
2022-02-10 18:00:00,2022-02-10 18:00:00,2022-02-11 00:00:00,2022-02-12 00:00:00,6,prebreak,ok,0.0,neither,,24616,6|2022-01-01,ok,0.15599742297806507,0.14838766045880447,6|recent|18770,recent,0.15599742297806507
2022-02-12 00:00:00,2022-02-12 00:00:00,2022-02-12 06:00:00,2022-02-13 06:00:00,6,prebreak,ok,0.0,neither,,24621,6|2022-01-01,ok,0.15599742297806507,0.16308417612496015,6|recent|18775,recent,0.15599742297806507
2022-02-13 06:00:00,2022-02-13 06:00:00,2022-02-13 12:00:00,2022-02-14 12:00:00,6,prebreak,ok,0.0,neither,,24626,6|2022-01-01,ok,0.15599742297806507,0.15885682018761094,6|recent|18780,recent,0.15599742297806507
2022-02-15 06:00:00,2022-02-15 06:00:00,2022-02-15 12:00:00,2022-02-16 12:00:00,6,prebreak,ok,0.0,neither,,24634,6|2022-01-01,ok,0.15599742297806507,0.11585624857711248,6|recent|18788,recent,0.15599742297806507
2022-02-16 12:00:00,2022-02-16 12:00:00,2022-02-16 18:00:00,2022-02-17 18:00:00,6,prebreak,ok,0.0,neither,,24639,6|2022-01-01,ok,0.15599742297806507,0.1063686041365995,6|recent|18793,recent,0.15599742297806507
2022-02-17 18:00:00,2022-02-17 18:00:00,2022-02-18 00:00:00,2022-02-19 00:00:00,6,prebreak,ok,0.0,neither,,24644,6|2022-01-01,ok,0.15599742297806507,0.13633526233894103,6|recent|18798,recent,0.15599742297806507
2022-02-19 00:00:00,2022-02-19 00:00:00,2022-02-19 06:00:00,2022-02-20 06:00:00,6,prebreak,ok,0.0,neither,,24649,6|2022-01-01,ok,0.15599742297806507,0.1293304906212804,6|recent|18803,recent,0.15599742297806507
2022-02-23 06:00:00,2022-02-23 06:00:00,2022-02-23 12:00:00,2022-02-24 12:00:00,6,prebreak,ok,1.0,lower_first,12.0,24666,6|2022-01-01,ok,0.15599742297806507,0.1815542902940189,6|recent|18820,recent,0.15599742297806507
2022-02-25 06:00:00,2022-02-25 06:00:00,2022-02-25 12:00:00,2022-02-26 12:00:00,6,prebreak,ok,0.0,upper_first,12.0,24674,6|2022-01-01,ok,0.15599742297806507,0.16924104880369556,6|recent|18828,recent,0.15599742297806507
2022-02-26 12:00:00,2022-02-26 12:00:00,2022-02-26 18:00:00,2022-02-27 18:00:00,6,prebreak,ok,0.0,neither,,24679,6|2022-01-01,ok,0.15599742297806507,0.17484103759369896,6|recent|18833,recent,0.15599742297806507
2022-02-27 18:00:00,2022-02-27 18:00:00,2022-02-28 00:00:00,2022-03-01 00:00:00,6,prebreak,ok,0.0,upper_first,14.0,24684,6|2022-01-01,ok,0.15599742297806507,0.16279702595885898,6|recent|18838,recent,0.15599742297806507
2022-03-01 00:00:00,2022-03-01 00:00:00,2022-03-01 06:00:00,2022-03-02 06:00:00,6,prebreak,ok,0.0,upper_first,6.0,24689,6|2022-01-01,ok,0.15599742297806507,0.1760266306113626,6|recent|18843,recent,0.15599742297806507
2022-03-02 06:00:00,2022-03-02 06:00:00,2022-03-02 12:00:00,2022-03-03 12:00:00,6,prebreak,ok,0.0,neither,,24694,6|2022-01-01,ok,0.15599742297806507,0.17860921397960672,6|recent|18848,recent,0.15599742297806507
2022-03-03 12:00:00,2022-03-03 12:00:00,2022-03-03 18:00:00,2022-03-04 18:00:00,6,prebreak,ok,0.0,neither,,24699,6|2022-01-01,ok,0.15599742297806507,0.17822017513753224,6|recent|18853,recent,0.15599742297806507
2022-03-06 00:00:00,2022-03-06 00:00:00,2022-03-06 06:00:00,2022-03-07 06:00:00,6,prebreak,ok,0.0,neither,,24709,6|2022-01-01,ok,0.15599742297806507,0.1348596791276551,6|recent|18863,recent,0.15599742297806507
2022-03-09 00:00:00,2022-03-09 00:00:00,2022-03-09 06:00:00,2022-03-10 06:00:00,6,prebreak,ok,1.0,lower_first,22.0,24721,6|2022-01-01,ok,0.15599742297806507,0.1475103761215058,6|recent|18875,recent,0.15599742297806507
2022-03-10 06:00:00,2022-03-10 06:00:00,2022-03-10 12:00:00,2022-03-11 12:00:00,6,prebreak,ok,0.0,upper_first,1.0,24726,6|2022-01-01,ok,0.15599742297806507,0.18689762469277857,6|recent|18880,recent,0.15599742297806507
2022-03-11 12:00:00,2022-03-11 12:00:00,2022-03-11 18:00:00,2022-03-12 18:00:00,6,prebreak,ok,0.0,neither,,24731,6|2022-01-01,ok,0.15599742297806507,0.1788606617789059,6|recent|18885,recent,0.15599742297806507
2022-03-12 18:00:00,2022-03-12 18:00:00,2022-03-13 00:00:00,2022-03-14 00:00:00,6,prebreak,ok,0.0,neither,,24736,6|2022-01-01,ok,0.15599742297806507,0.15909097802943808,6|recent|18890,recent,0.15599742297806507
2022-03-15 00:00:00,2022-03-15 00:00:00,2022-03-15 06:00:00,2022-03-16 06:00:00,6,prebreak,ok,0.0,upper_first,20.0,24745,6|2022-01-01,ok,0.15599742297806507,0.10843486813815084,6|recent|18899,recent,0.15599742297806507
2022-03-16 06:00:00,2022-03-16 06:00:00,2022-03-16 12:00:00,2022-03-17 12:00:00,6,prebreak,ok,0.0,neither,,24750,6|2022-01-01,ok,0.15599742297806507,0.1751611823856002,6|recent|18904,recent,0.15599742297806507
2022-03-17 12:00:00,2022-03-17 12:00:00,2022-03-17 18:00:00,2022-03-18 18:00:00,6,prebreak,ok,0.0,neither,,24755,6|2022-01-01,ok,0.15599742297806507,0.17588163877391863,6|recent|18909,recent,0.15599742297806507
2022-03-18 18:00:00,2022-03-18 18:00:00,2022-03-19 00:00:00,2022-03-20 00:00:00,6,prebreak,ok,0.0,neither,,24760,6|2022-01-01,ok,0.15599742297806507,0.16803930209117524,6|recent|18914,recent,0.15599742297806507
2022-03-20 00:00:00,2022-03-20 00:00:00,2022-03-20 06:00:00,2022-03-21 06:00:00,6,prebreak,ok,0.0,neither,,24765,6|2022-01-01,ok,0.15599742297806507,0.09632833284598528,6|recent|18919,recent,0.15599742297806507
2022-03-21 06:00:00,2022-03-21 06:00:00,2022-03-21 12:00:00,2022-03-22 12:00:00,6,prebreak,ok,0.0,upper_first,15.0,24770,6|2022-01-01,ok,0.15599742297806507,0.09395608138960872,6|recent|18924,recent,0.15599742297806507
2022-03-22 12:00:00,2022-03-22 12:00:00,2022-03-22 18:00:00,2022-03-23 18:00:00,6,prebreak,ok,0.0,neither,,24775,6|2022-01-01,ok,0.15599742297806507,0.10936167768267692,6|recent|18929,recent,0.15599742297806507
2022-03-23 18:00:00,2022-03-23 18:00:00,2022-03-24 00:00:00,2022-03-25 00:00:00,6,prebreak,ok,0.0,upper_first,16.0,24780,6|2022-01-01,ok,0.15599742297806507,0.12200857331910195,6|recent|18934,recent,0.15599742297806507
2022-03-25 00:00:00,2022-03-25 00:00:00,2022-03-25 06:00:00,2022-03-26 06:00:00,6,prebreak,ok,0.0,neither,,24785,6|2022-01-01,ok,0.15599742297806507,0.11617976315977453,6|recent|18939,recent,0.15599742297806507
2022-03-26 06:00:00,2022-03-26 06:00:00,2022-03-26 12:00:00,2022-03-27 12:00:00,6,prebreak,ok,0.0,neither,,24790,6|2022-01-01,ok,0.15599742297806507,0.09947213505695524,6|recent|18944,recent,0.15599742297806507
2022-03-27 12:00:00,2022-03-27 12:00:00,2022-03-27 18:00:00,2022-03-28 18:00:00,6,prebreak,ok,0.0,upper_first,2.0,24795,6|2022-01-01,ok,0.15599742297806507,0.08271032945345796,6|recent|18949,recent,0.15599742297806507
2022-03-28 18:00:00,2022-03-28 18:00:00,2022-03-29 00:00:00,2022-03-30 00:00:00,6,prebreak,ok,0.0,neither,,24800,6|2022-01-01,ok,0.15599742297806507,0.08604904274292804,6|recent|18954,recent,0.15599742297806507
2022-03-30 00:00:00,2022-03-30 00:00:00,2022-03-30 06:00:00,2022-03-31 06:00:00,6,prebreak,ok,0.0,neither,,24805,6|2022-01-01,ok,0.15599742297806507,0.10244057252223407,6|recent|18959,recent,0.15599742297806507
2022-03-31 06:00:00,2022-03-31 06:00:00,2022-03-31 12:00:00,2022-04-01 12:00:00,6,prebreak,ok,1.0,lower_first,14.0,24810,6|2022-01-01,ok,0.15599742297806507,0.10331172156433172,6|recent|18964,recent,0.15599742297806507
2022-04-02 06:00:00,2022-04-02 06:00:00,2022-04-02 12:00:00,2022-04-03 12:00:00,6,prebreak,ok,0.0,neither,,24818,6|2022-04-01,ok,0.15252793710857063,0.11443335595775883,6|recent|18972,recent,0.15252793710857063
2022-04-03 12:00:00,2022-04-03 12:00:00,2022-04-03 18:00:00,2022-04-04 18:00:00,6,prebreak,ok,0.0,neither,,24823,6|2022-04-01,ok,0.15252793710857063,0.12007403871396671,6|recent|18977,recent,0.15252793710857063
2022-04-05 18:00:00,2022-04-05 18:00:00,2022-04-06 00:00:00,2022-04-07 00:00:00,6,prebreak,ok,1.0,lower_first,18.0,24832,6|2022-04-01,ok,0.15252793710857063,0.11254077663628195,6|recent|18986,recent,0.15252793710857063
2022-04-08 06:00:00,2022-04-08 06:00:00,2022-04-08 12:00:00,2022-04-09 12:00:00,6,prebreak,ok,0.0,neither,,24842,6|2022-04-01,ok,0.15252793710857063,0.10706924489456886,6|recent|18996,recent,0.15252793710857063
2022-04-10 00:00:00,2022-04-10 00:00:00,2022-04-10 06:00:00,2022-04-11 06:00:00,6,prebreak,ok,0.0,neither,,24849,6|2022-04-01,ok,0.15252793710857063,0.11429919352158627,6|recent|19003,recent,0.15252793710857063
2022-04-11 06:00:00,2022-04-11 06:00:00,2022-04-11 12:00:00,2022-04-12 12:00:00,6,prebreak,ok,0.0,neither,,24854,6|2022-04-01,ok,0.15252793710857063,0.11751148160177241,6|recent|19008,recent,0.15252793710857063
2022-04-13 00:00:00,2022-04-13 00:00:00,2022-04-13 06:00:00,2022-04-14 06:00:00,6,prebreak,ok,0.0,upper_first,9.0,24861,6|2022-04-01,ok,0.15252793710857063,0.13092447249793127,6|recent|19015,recent,0.15252793710857063
2022-04-14 06:00:00,2022-04-14 06:00:00,2022-04-14 12:00:00,2022-04-15 12:00:00,6,prebreak,ok,0.0,neither,,24866,6|2022-04-01,ok,0.15252793710857063,0.13312976289718848,6|recent|19020,recent,0.15252793710857063
2022-04-15 12:00:00,2022-04-15 12:00:00,2022-04-15 18:00:00,2022-04-16 18:00:00,6,prebreak,ok,0.0,neither,,24871,6|2022-04-01,ok,0.15252793710857063,0.1254623870133311,6|recent|19025,recent,0.15252793710857063
2022-04-16 18:00:00,2022-04-16 18:00:00,2022-04-17 00:00:00,2022-04-18 00:00:00,6,prebreak,ok,0.0,neither,,24876,6|2022-04-01,ok,0.15252793710857063,0.10201825504551379,6|recent|19030,recent,0.15252793710857063
2022-04-19 06:00:00,2022-04-19 06:00:00,2022-04-19 12:00:00,2022-04-20 12:00:00,6,prebreak,ok,0.0,upper_first,22.0,24886,6|2022-04-01,ok,0.15252793710857063,0.10829225331776744,6|recent|19040,recent,0.15252793710857063
2022-04-20 12:00:00,2022-04-20 12:00:00,2022-04-20 18:00:00,2022-04-21 18:00:00,6,prebreak,ok,0.0,upper_first,17.0,24891,6|2022-04-01,ok,0.15252793710857063,0.10242457902740135,6|recent|19045,recent,0.15252793710857063
2022-04-21 18:00:00,2022-04-21 18:00:00,2022-04-22 00:00:00,2022-04-23 00:00:00,6,prebreak,ok,0.0,neither,,24896,6|2022-04-01,ok,0.15252793710857063,0.1109415315800547,6|recent|19050,recent,0.15252793710857063
2022-04-23 18:00:00,2022-04-23 18:00:00,2022-04-24 00:00:00,2022-04-25 00:00:00,6,prebreak,ok,0.0,neither,,24904,6|2022-04-01,ok,0.15252793710857063,0.10709980298993194,6|recent|19058,recent,0.15252793710857063
2022-04-25 00:00:00,2022-04-25 00:00:00,2022-04-25 06:00:00,2022-04-26 06:00:00,6,prebreak,ok,0.0,upper_first,12.0,24909,6|2022-04-01,ok,0.15252793710857063,0.08385216942346038,6|recent|19063,recent,0.15252793710857063
2022-04-26 12:00:00,2022-04-26 12:00:00,2022-04-26 18:00:00,2022-04-27 18:00:00,6,prebreak,ok,0.0,neither,,24915,6|2022-04-01,ok,0.15252793710857063,0.09467431917566108,6|recent|19069,recent,0.15252793710857063
2022-04-27 18:00:00,2022-04-27 18:00:00,2022-04-28 00:00:00,2022-04-29 00:00:00,6,prebreak,ok,0.0,neither,,24920,6|2022-04-01,ok,0.15252793710857063,0.1307369651921187,6|recent|19074,recent,0.15252793710857063
2022-04-29 00:00:00,2022-04-29 00:00:00,2022-04-29 06:00:00,2022-04-30 06:00:00,6,prebreak,ok,0.0,neither,,24925,6|2022-04-01,ok,0.15252793710857063,0.12056134959722256,6|recent|19079,recent,0.15252793710857063
2022-04-30 06:00:00,2022-04-30 06:00:00,2022-04-30 12:00:00,2022-05-01 12:00:00,6,prebreak,ok,0.0,neither,,24930,6|2022-04-01,ok,0.15252793710857063,0.1255006789816275,6|recent|19084,recent,0.15252793710857063
2022-05-02 00:00:00,2022-05-02 00:00:00,2022-05-02 06:00:00,2022-05-03 06:00:00,6,prebreak,ok,0.0,neither,,24937,6|2022-04-01,ok,0.15252793710857063,0.10875540750608367,6|recent|19091,recent,0.15252793710857063
2022-05-03 06:00:00,2022-05-03 06:00:00,2022-05-03 12:00:00,2022-05-04 12:00:00,6,prebreak,ok,0.0,neither,,24942,6|2022-04-01,ok,0.15252793710857063,0.10895250402981389,6|recent|19096,recent,0.15252793710857063
2022-05-04 12:00:00,2022-05-04 12:00:00,2022-05-04 18:00:00,2022-05-05 18:00:00,6,prebreak,ok,1.0,lower_first,21.0,24947,6|2022-04-01,ok,0.15252793710857063,0.09895911606011118,6|recent|19101,recent,0.15252793710857063
2022-05-07 00:00:00,2022-05-07 00:00:00,2022-05-07 06:00:00,2022-05-08 06:00:00,6,prebreak,ok,0.0,neither,,24957,6|2022-04-01,ok,0.15252793710857063,0.14729051071892485,6|recent|19111,recent,0.15252793710857063
2022-05-11 00:00:00,2022-05-11 00:00:00,2022-05-11 06:00:00,2022-05-12 06:00:00,6,prebreak,ok,1.0,lower_first,6.0,24973,6|2022-04-01,ok,0.15252793710857063,0.19825103590922333,6|recent|19127,recent,0.15252793710857063
2022-05-13 12:00:00,2022-05-13 12:00:00,2022-05-13 18:00:00,2022-05-14 18:00:00,6,prebreak,ok,0.0,neither,,24983,6|2022-04-01,ok,0.15252793710857063,0.27810674516496964,6|recent|19137,recent,0.15252793710857063
2022-05-14 18:00:00,2022-05-14 18:00:00,2022-05-15 00:00:00,2022-05-16 00:00:00,6,prebreak,ok,0.0,upper_first,20.0,24988,6|2022-04-01,ok,0.15252793710857063,0.23110365963871193,6|recent|19142,recent,0.15252793710857063
2022-05-16 00:00:00,2022-05-16 00:00:00,2022-05-16 06:00:00,2022-05-17 06:00:00,6,prebreak,ok,0.0,neither,,24993,6|2022-04-01,ok,0.15252793710857063,0.14560818953175608,6|recent|19147,recent,0.15252793710857063
2022-05-17 06:00:00,2022-05-17 06:00:00,2022-05-17 12:00:00,2022-05-18 12:00:00,6,prebreak,ok,0.0,neither,,24998,6|2022-04-01,ok,0.15252793710857063,0.15312597754188986,6|recent|19152,recent,0.15252793710857063
2022-05-18 12:00:00,2022-05-18 12:00:00,2022-05-18 18:00:00,2022-05-19 18:00:00,6,prebreak,ok,0.0,upper_first,20.0,25003,6|2022-04-01,ok,0.15252793710857063,0.1637558888878389,6|recent|19157,recent,0.15252793710857063
2022-05-20 00:00:00,2022-05-20 00:00:00,2022-05-20 06:00:00,2022-05-21 06:00:00,6,prebreak,ok,0.0,neither,,25009,6|2022-04-01,ok,0.15252793710857063,0.13389936979203343,6|recent|19163,recent,0.15252793710857063
2022-05-21 06:00:00,2022-05-21 06:00:00,2022-05-21 12:00:00,2022-05-22 12:00:00,6,prebreak,ok,0.0,upper_first,21.0,25014,6|2022-04-01,ok,0.15252793710857063,0.1462856166074271,6|recent|19168,recent,0.15252793710857063
2022-05-22 12:00:00,2022-05-22 12:00:00,2022-05-22 18:00:00,2022-05-23 18:00:00,6,prebreak,ok,0.0,neither,,25019,6|2022-04-01,ok,0.15252793710857063,0.1286095801839612,6|recent|19173,recent,0.15252793710857063
2022-05-23 18:00:00,2022-05-23 18:00:00,2022-05-24 00:00:00,2022-05-25 00:00:00,6,prebreak,ok,0.0,neither,,25024,6|2022-04-01,ok,0.15252793710857063,0.08556115061578344,6|recent|19178,recent,0.15252793710857063
2022-05-25 00:00:00,2022-05-25 00:00:00,2022-05-25 06:00:00,2022-05-26 06:00:00,6,prebreak,ok,0.0,neither,,25029,6|2022-04-01,ok,0.15252793710857063,0.1182113137449416,6|recent|19183,recent,0.15252793710857063
2022-05-26 06:00:00,2022-05-26 06:00:00,2022-05-26 12:00:00,2022-05-27 12:00:00,6,prebreak,ok,0.0,neither,,25034,6|2022-04-01,ok,0.15252793710857063,0.11974298507655942,6|recent|19188,recent,0.15252793710857063
2022-05-27 12:00:00,2022-05-27 12:00:00,2022-05-27 18:00:00,2022-05-28 18:00:00,6,prebreak,ok,0.0,upper_first,19.0,25039,6|2022-04-01,ok,0.15252793710857063,0.12518693482617366,6|recent|19193,recent,0.15252793710857063
2022-05-28 18:00:00,2022-05-28 18:00:00,2022-05-29 00:00:00,2022-05-30 00:00:00,6,prebreak,ok,0.0,neither,,25044,6|2022-04-01,ok,0.15252793710857063,0.13131814503265554,6|recent|19198,recent,0.15252793710857063
2022-05-30 00:00:00,2022-05-30 00:00:00,2022-05-30 06:00:00,2022-05-31 06:00:00,6,prebreak,ok,0.0,upper_first,14.0,25049,6|2022-04-01,ok,0.15252793710857063,0.10063014238226443,6|recent|19203,recent,0.15252793710857063
2022-05-31 06:00:00,2022-05-31 06:00:00,2022-05-31 12:00:00,2022-06-01 12:00:00,6,prebreak,ok,0.0,neither,,25054,6|2022-04-01,ok,0.15252793710857063,0.08755805266976413,6|recent|19208,recent,0.15252793710857063
2022-06-01 12:00:00,2022-06-01 12:00:00,2022-06-01 18:00:00,2022-06-02 18:00:00,6,prebreak,ok,0.0,neither,,25059,6|2022-04-01,ok,0.15252793710857063,0.10875549181275343,6|recent|19213,recent,0.15252793710857063
2022-06-02 18:00:00,2022-06-02 18:00:00,2022-06-03 00:00:00,2022-06-04 00:00:00,6,prebreak,ok,0.0,neither,,25064,6|2022-04-01,ok,0.15252793710857063,0.13269305858591596,6|recent|19218,recent,0.15252793710857063
2022-06-04 00:00:00,2022-06-04 00:00:00,2022-06-04 06:00:00,2022-06-05 06:00:00,6,prebreak,ok,0.0,neither,,25069,6|2022-04-01,ok,0.15252793710857063,0.11834972164982961,6|recent|19223,recent,0.15252793710857063
2022-06-05 06:00:00,2022-06-05 06:00:00,2022-06-05 12:00:00,2022-06-06 12:00:00,6,prebreak,ok,0.0,upper_first,13.0,25074,6|2022-04-01,ok,0.15252793710857063,0.09357433836037768,6|recent|19228,recent,0.15252793710857063
2022-06-06 12:00:00,2022-06-06 12:00:00,2022-06-06 18:00:00,2022-06-07 18:00:00,6,prebreak,ok,1.0,lower_first,7.0,25079,6|2022-04-01,ok,0.15252793710857063,0.08290675384349147,6|recent|19233,recent,0.15252793710857063
2022-06-07 18:00:00,2022-06-07 18:00:00,2022-06-08 00:00:00,2022-06-09 00:00:00,6,prebreak,ok,0.0,neither,,25084,6|2022-04-01,ok,0.15252793710857063,0.14241173835212603,6|recent|19238,recent,0.15252793710857063
2022-06-09 00:00:00,2022-06-09 00:00:00,2022-06-09 06:00:00,2022-06-10 06:00:00,6,prebreak,ok,0.0,neither,,25089,6|2022-04-01,ok,0.15252793710857063,0.1820560720280614,6|recent|19243,recent,0.15252793710857063
2022-06-10 06:00:00,2022-06-10 06:00:00,2022-06-10 12:00:00,2022-06-11 12:00:00,6,prebreak,ok,0.0,neither,,25094,6|2022-04-01,ok,0.15252793710857063,0.1531285995931242,6|recent|19248,recent,0.15252793710857063
2022-06-15 06:00:00,2022-06-15 06:00:00,2022-06-15 12:00:00,2022-06-16 12:00:00,6,prebreak,ok,0.0,upper_first,6.0,25114,6|2022-04-01,ok,0.15252793710857063,0.24466021408821287,6|recent|19268,recent,0.15252793710857063
2022-06-16 12:00:00,2022-06-16 12:00:00,2022-06-16 18:00:00,2022-06-17 18:00:00,6,prebreak,ok,0.0,neither,,25119,6|2022-04-01,ok,0.15252793710857063,0.2568926594719665,6|recent|19273,recent,0.15252793710857063
2022-06-17 18:00:00,2022-06-17 18:00:00,2022-06-18 00:00:00,2022-06-19 00:00:00,6,prebreak,ok,1.0,lower_first,6.0,25124,6|2022-04-01,ok,0.15252793710857063,0.22121438007787034,6|recent|19278,recent,0.15252793710857063
2022-06-20 00:00:00,2022-06-20 00:00:00,2022-06-20 06:00:00,2022-06-21 06:00:00,6,prebreak,ok,0.0,upper_first,3.0,25133,6|2022-04-01,ok,0.15252793710857063,0.21914261890254433,6|recent|19287,recent,0.15252793710857063
2022-06-21 06:00:00,2022-06-21 06:00:00,2022-06-21 12:00:00,2022-06-22 12:00:00,6,prebreak,ok,0.0,upper_first,1.0,25138,6|2022-04-01,ok,0.15252793710857063,0.22783307739590616,6|recent|19292,recent,0.15252793710857063
2022-06-22 12:00:00,2022-06-22 12:00:00,2022-06-22 18:00:00,2022-06-23 18:00:00,6,prebreak,ok,0.0,neither,,25143,6|2022-04-01,ok,0.15252793710857063,0.19762081716211571,6|recent|19297,recent,0.15252793710857063
2022-06-23 18:00:00,2022-06-23 18:00:00,2022-06-24 00:00:00,2022-06-25 00:00:00,6,prebreak,ok,0.0,neither,,25148,6|2022-04-01,ok,0.15252793710857063,0.17297659494698336,6|recent|19302,recent,0.15252793710857063
2022-06-25 00:00:00,2022-06-25 00:00:00,2022-06-25 06:00:00,2022-06-26 06:00:00,6,prebreak,ok,0.0,neither,,25153,6|2022-04-01,ok,0.15252793710857063,0.15067242084888882,6|recent|19307,recent,0.15252793710857063
2022-06-26 06:00:00,2022-06-26 06:00:00,2022-06-26 12:00:00,2022-06-27 12:00:00,6,prebreak,ok,0.0,neither,,25158,6|2022-04-01,ok,0.15252793710857063,0.12322674336301428,6|recent|19312,recent,0.15252793710857063
2022-06-27 12:00:00,2022-06-27 12:00:00,2022-06-27 18:00:00,2022-06-28 18:00:00,6,prebreak,ok,0.0,neither,,25163,6|2022-04-01,ok,0.15252793710857063,0.11011942417846009,6|recent|19317,recent,0.15252793710857063
2022-06-28 18:00:00,2022-06-28 18:00:00,2022-06-29 00:00:00,2022-06-30 00:00:00,6,prebreak,ok,0.0,neither,,25168,6|2022-04-01,ok,0.15252793710857063,0.12426297602805243,6|recent|19322,recent,0.15252793710857063
2022-07-02 00:00:00,2022-07-02 00:00:00,2022-07-02 06:00:00,2022-07-03 06:00:00,6,prebreak,ok,0.0,neither,,25181,6|2022-07-01,ok,0.1527471876531352,0.1831086818069872,6|recent|19335,recent,0.1527471876531352
2022-07-03 06:00:00,2022-07-03 06:00:00,2022-07-03 12:00:00,2022-07-04 12:00:00,6,prebreak,ok,0.0,upper_first,23.0,25186,6|2022-07-01,ok,0.1527471876531352,0.18592345005979768,6|recent|19340,recent,0.1527471876531352
2022-07-04 12:00:00,2022-07-04 12:00:00,2022-07-04 18:00:00,2022-07-05 18:00:00,6,prebreak,ok,0.0,neither,,25191,6|2022-07-01,ok,0.1527471876531352,0.08685983352544599,6|recent|19345,recent,0.1527471876531352
2022-07-05 18:00:00,2022-07-05 18:00:00,2022-07-06 00:00:00,2022-07-07 00:00:00,6,prebreak,ok,0.0,neither,,25196,6|2022-07-01,ok,0.1527471876531352,0.11578662751076906,6|recent|19350,recent,0.1527471876531352
2022-07-07 00:00:00,2022-07-07 00:00:00,2022-07-07 06:00:00,2022-07-08 06:00:00,6,prebreak,ok,0.0,upper_first,8.0,25201,6|2022-07-01,ok,0.1527471876531352,0.12747477202158475,6|recent|19355,recent,0.1527471876531352
2022-07-08 06:00:00,2022-07-08 06:00:00,2022-07-08 12:00:00,2022-07-09 12:00:00,6,prebreak,ok,0.0,neither,,25206,6|2022-07-01,ok,0.1527471876531352,0.13741132760788077,6|recent|19360,recent,0.1527471876531352
2022-07-09 12:00:00,2022-07-09 12:00:00,2022-07-09 18:00:00,2022-07-10 18:00:00,6,prebreak,ok,1.0,lower_first,22.0,25211,6|2022-07-01,ok,0.1527471876531352,0.13950974658022172,6|recent|19365,recent,0.1527471876531352
2022-07-10 18:00:00,2022-07-10 18:00:00,2022-07-11 00:00:00,2022-07-12 00:00:00,6,prebreak,ok,0.0,neither,,25216,6|2022-07-01,ok,0.1527471876531352,0.15248249972344807,6|recent|19370,recent,0.1527471876531352
2022-07-14 18:00:00,2022-07-14 18:00:00,2022-07-15 00:00:00,2022-07-16 00:00:00,6,prebreak,ok,0.0,upper_first,20.0,25232,6|2022-07-01,ok,0.1527471876531352,0.14823049001313512,6|recent|19386,recent,0.1527471876531352
2022-07-16 00:00:00,2022-07-16 00:00:00,2022-07-16 06:00:00,2022-07-17 06:00:00,6,prebreak,ok,0.0,upper_first,10.0,25237,6|2022-07-01,ok,0.1527471876531352,0.1574240884054512,6|recent|19391,recent,0.1527471876531352
2022-07-17 06:00:00,2022-07-17 06:00:00,2022-07-17 12:00:00,2022-07-18 12:00:00,6,prebreak,ok,0.0,upper_first,18.0,25242,6|2022-07-01,ok,0.1527471876531352,0.1420855722735508,6|recent|19396,recent,0.1527471876531352
2022-07-18 12:00:00,2022-07-18 12:00:00,2022-07-18 18:00:00,2022-07-19 18:00:00,6,prebreak,ok,0.0,upper_first,5.0,25247,6|2022-07-01,ok,0.1527471876531352,0.14177952958167062,6|recent|19401,recent,0.1527471876531352
2022-07-19 18:00:00,2022-07-19 18:00:00,2022-07-20 00:00:00,2022-07-21 00:00:00,6,prebreak,ok,0.0,upper_first,14.0,25252,6|2022-07-01,ok,0.1527471876531352,0.15944556133757307,6|recent|19406,recent,0.1527471876531352
2022-07-21 00:00:00,2022-07-21 00:00:00,2022-07-21 06:00:00,2022-07-22 06:00:00,6,prebreak,ok,0.0,neither,,25257,6|2022-07-01,ok,0.1527471876531352,0.18522885900036562,6|recent|19411,recent,0.1527471876531352
2022-07-22 06:00:00,2022-07-22 06:00:00,2022-07-22 12:00:00,2022-07-23 12:00:00,6,prebreak,ok,1.0,lower_first,22.0,25262,6|2022-07-01,ok,0.1527471876531352,0.17475703798296022,6|recent|19416,recent,0.1527471876531352
2022-07-24 18:00:00,2022-07-24 18:00:00,2022-07-25 00:00:00,2022-07-26 00:00:00,6,prebreak,ok,1.0,lower_first,23.0,25272,6|2022-07-01,ok,0.1527471876531352,0.14168651083062306,6|recent|19426,recent,0.1527471876531352
2022-07-27 18:00:00,2022-07-27 18:00:00,2022-07-28 00:00:00,2022-07-29 00:00:00,6,prebreak,ok,0.0,upper_first,15.0,25284,6|2022-07-01,ok,0.1527471876531352,0.11914979362991396,6|recent|19438,recent,0.1527471876531352
2022-07-29 00:00:00,2022-07-29 00:00:00,2022-07-29 06:00:00,2022-07-30 06:00:00,6,prebreak,ok,0.0,neither,,25289,6|2022-07-01,ok,0.1527471876531352,0.14996621322835602,6|recent|19443,recent,0.1527471876531352
2022-07-30 06:00:00,2022-07-30 06:00:00,2022-07-30 12:00:00,2022-07-31 12:00:00,6,prebreak,ok,0.0,neither,,25294,6|2022-07-01,ok,0.1527471876531352,0.1533807130807043,6|recent|19448,recent,0.1527471876531352
2022-07-31 12:00:00,2022-07-31 12:00:00,2022-07-31 18:00:00,2022-08-01 18:00:00,6,prebreak,ok,0.0,neither,,25299,6|2022-07-01,ok,0.1527471876531352,0.1491301628801073,6|recent|19453,recent,0.1527471876531352
2022-08-03 12:00:00,2022-08-03 12:00:00,2022-08-03 18:00:00,2022-08-04 18:00:00,6,prebreak,ok,0.0,neither,,25311,6|2022-07-01,ok,0.1527471876531352,0.12767385085750663,6|recent|19465,recent,0.1527471876531352
2022-08-05 18:00:00,2022-08-05 18:00:00,2022-08-06 00:00:00,2022-08-07 00:00:00,6,prebreak,ok,0.0,neither,,25320,6|2022-07-01,ok,0.1527471876531352,0.13745656564182138,6|recent|19474,recent,0.1527471876531352
2022-08-07 00:00:00,2022-08-07 00:00:00,2022-08-07 06:00:00,2022-08-08 06:00:00,6,prebreak,ok,0.0,neither,,25325,6|2022-07-01,ok,0.1527471876531352,0.1175291424683558,6|recent|19479,recent,0.1527471876531352
2022-08-08 06:00:00,2022-08-08 06:00:00,2022-08-08 12:00:00,2022-08-09 12:00:00,6,prebreak,ok,0.0,neither,,25330,6|2022-07-01,ok,0.1527471876531352,0.09946508638643678,6|recent|19484,recent,0.1527471876531352
2022-08-09 12:00:00,2022-08-09 12:00:00,2022-08-09 18:00:00,2022-08-10 18:00:00,6,prebreak,ok,0.0,upper_first,18.0,25335,6|2022-07-01,ok,0.1527471876531352,0.10639229067897568,6|recent|19489,recent,0.1527471876531352
2022-08-11 06:00:00,2022-08-11 06:00:00,2022-08-11 12:00:00,2022-08-12 12:00:00,6,prebreak,ok,0.0,neither,,25342,6|2022-07-01,ok,0.1527471876531352,0.14363942963122694,6|recent|19496,recent,0.1527471876531352
2022-08-12 12:00:00,2022-08-12 12:00:00,2022-08-12 18:00:00,2022-08-13 18:00:00,6,prebreak,ok,0.0,upper_first,9.0,25347,6|2022-07-01,ok,0.1527471876531352,0.1494597735664549,6|recent|19501,recent,0.1527471876531352
2022-08-13 18:00:00,2022-08-13 18:00:00,2022-08-14 00:00:00,2022-08-15 00:00:00,6,prebreak,ok,0.0,neither,,25352,6|2022-07-01,ok,0.1527471876531352,0.12208657308951673,6|recent|19506,recent,0.1527471876531352
2022-08-15 00:00:00,2022-08-15 00:00:00,2022-08-15 06:00:00,2022-08-16 06:00:00,6,prebreak,ok,0.0,neither,,25357,6|2022-07-01,ok,0.1527471876531352,0.09804642013781184,6|recent|19511,recent,0.1527471876531352
2022-08-16 06:00:00,2022-08-16 06:00:00,2022-08-16 12:00:00,2022-08-17 12:00:00,6,prebreak,ok,0.0,neither,,25362,6|2022-07-01,ok,0.1527471876531352,0.12773640907006517,6|recent|19516,recent,0.1527471876531352
2022-08-19 00:00:00,2022-08-19 00:00:00,2022-08-19 06:00:00,2022-08-20 06:00:00,6,prebreak,ok,1.0,lower_first,0.0,25373,6|2022-07-01,ok,0.1527471876531352,0.11914621726365655,6|recent|19527,recent,0.1527471876531352
2022-08-21 00:00:00,2022-08-21 00:00:00,2022-08-21 06:00:00,2022-08-22 06:00:00,6,prebreak,ok,0.0,neither,,25381,6|2022-07-01,ok,0.1527471876531352,0.14419677642424772,6|recent|19535,recent,0.1527471876531352
2022-08-22 06:00:00,2022-08-22 06:00:00,2022-08-22 12:00:00,2022-08-23 12:00:00,6,prebreak,ok,0.0,neither,,25386,6|2022-07-01,ok,0.1527471876531352,0.13777218114236145,6|recent|19540,recent,0.1527471876531352
2022-08-23 12:00:00,2022-08-23 12:00:00,2022-08-23 18:00:00,2022-08-24 18:00:00,6,prebreak,ok,0.0,neither,,25391,6|2022-07-01,ok,0.1527471876531352,0.10958688404269193,6|recent|19545,recent,0.1527471876531352
2022-08-24 18:00:00,2022-08-24 18:00:00,2022-08-25 00:00:00,2022-08-26 00:00:00,6,prebreak,ok,0.0,neither,,25396,6|2022-07-01,ok,0.1527471876531352,0.1085337770277584,6|recent|19550,recent,0.1527471876531352
2022-08-26 00:00:00,2022-08-26 00:00:00,2022-08-26 06:00:00,2022-08-27 06:00:00,6,prebreak,ok,1.0,lower_first,17.0,25401,6|2022-07-01,ok,0.1527471876531352,0.10457835140006723,6|recent|19555,recent,0.1527471876531352
2022-08-28 00:00:00,2022-08-28 00:00:00,2022-08-28 06:00:00,2022-08-29 06:00:00,6,prebreak,ok,0.0,neither,,25409,6|2022-07-01,ok,0.1527471876531352,0.13322400772619555,6|recent|19563,recent,0.1527471876531352
2022-08-30 00:00:00,2022-08-30 00:00:00,2022-08-30 06:00:00,2022-08-31 06:00:00,6,prebreak,ok,0.0,neither,,25417,6|2022-07-01,ok,0.1527471876531352,0.09937482925067276,6|recent|19571,recent,0.1527471876531352
2022-08-31 06:00:00,2022-08-31 06:00:00,2022-08-31 12:00:00,2022-09-01 12:00:00,6,prebreak,ok,0.0,neither,,25422,6|2022-07-01,ok,0.1527471876531352,0.10919563326680648,6|recent|19576,recent,0.1527471876531352
2022-09-01 12:00:00,2022-09-01 12:00:00,2022-09-01 18:00:00,2022-09-02 18:00:00,6,prebreak,ok,0.0,upper_first,18.0,25427,6|2022-07-01,ok,0.1527471876531352,0.11536298607967596,6|recent|19581,recent,0.1527471876531352
2022-09-02 18:00:00,2022-09-02 18:00:00,2022-09-03 00:00:00,2022-09-04 00:00:00,6,prebreak,ok,0.0,neither,,25432,6|2022-07-01,ok,0.1527471876531352,0.11822996511811591,6|recent|19586,recent,0.1527471876531352
2022-09-04 00:00:00,2022-09-04 00:00:00,2022-09-04 06:00:00,2022-09-05 06:00:00,6,prebreak,ok,0.0,neither,,25437,6|2022-07-01,ok,0.1527471876531352,0.10185084387065607,6|recent|19591,recent,0.1527471876531352
2022-09-05 06:00:00,2022-09-05 06:00:00,2022-09-05 12:00:00,2022-09-06 12:00:00,6,prebreak,ok,0.0,neither,,25442,6|2022-07-01,ok,0.1527471876531352,0.09721191186796453,6|recent|19596,recent,0.1527471876531352
2022-09-06 12:00:00,2022-09-06 12:00:00,2022-09-06 18:00:00,2022-09-07 18:00:00,6,prebreak,ok,0.0,neither,,25447,6|2022-07-01,ok,0.1527471876531352,0.09664705909188825,6|recent|19601,recent,0.1527471876531352
2022-09-08 06:00:00,2022-09-08 06:00:00,2022-09-08 12:00:00,2022-09-09 12:00:00,6,prebreak,ok,0.0,upper_first,15.0,25454,6|2022-07-01,ok,0.1527471876531352,0.13374983768712279,6|recent|19608,recent,0.1527471876531352
2022-09-09 12:00:00,2022-09-09 12:00:00,2022-09-09 18:00:00,2022-09-10 18:00:00,6,prebreak,ok,0.0,neither,,25459,6|2022-07-01,ok,0.1527471876531352,0.13774090126242025,6|recent|19613,recent,0.1527471876531352
2022-09-10 18:00:00,2022-09-10 18:00:00,2022-09-11 00:00:00,2022-09-12 00:00:00,6,prebreak,ok,0.0,neither,,25464,6|2022-07-01,ok,0.1527471876531352,0.11659442396790257,6|recent|19618,recent,0.1527471876531352
2022-09-12 00:00:00,2022-09-12 00:00:00,2022-09-12 06:00:00,2022-09-13 06:00:00,6,prebreak,ok,0.0,upper_first,5.0,25469,6|2022-07-01,ok,0.1527471876531352,0.11140316059604174,6|recent|19623,recent,0.1527471876531352
2022-09-13 06:00:00,2022-09-13 06:00:00,2022-09-13 12:00:00,2022-09-14 12:00:00,6,prebreak,ok,1.0,lower_first,0.0,25474,6|2022-07-01,ok,0.1527471876531352,0.12076956923742904,6|recent|19628,recent,0.1527471876531352
2022-09-16 00:00:00,2022-09-16 00:00:00,2022-09-16 06:00:00,2022-09-17 06:00:00,6,prebreak,ok,0.0,neither,,25485,6|2022-07-01,ok,0.1527471876531352,0.17059873216338406,6|recent|19639,recent,0.1527471876531352
2022-09-17 18:00:00,2022-09-17 18:00:00,2022-09-18 00:00:00,2022-09-19 00:00:00,6,prebreak,ok,0.0,neither,,25492,6|2022-07-01,ok,0.1527471876531352,0.11416726929674764,6|recent|19646,recent,0.1527471876531352
2022-09-19 00:00:00,2022-09-19 00:00:00,2022-09-19 06:00:00,2022-09-20 06:00:00,6,prebreak,ok,0.0,upper_first,7.0,25497,6|2022-07-01,ok,0.1527471876531352,0.10533973807447201,6|recent|19651,recent,0.1527471876531352
2022-09-20 06:00:00,2022-09-20 06:00:00,2022-09-20 12:00:00,2022-09-21 12:00:00,6,prebreak,ok,0.0,neither,,25502,6|2022-07-01,ok,0.1527471876531352,0.14887476470563224,6|recent|19656,recent,0.1527471876531352
2022-09-21 12:00:00,2022-09-21 12:00:00,2022-09-21 18:00:00,2022-09-22 18:00:00,6,prebreak,ok,1.0,lower_first,0.0,25507,6|2022-07-01,ok,0.1527471876531352,0.15531698519301645,6|recent|19661,recent,0.1527471876531352
2022-09-22 18:00:00,2022-09-22 18:00:00,2022-09-23 00:00:00,2022-09-24 00:00:00,6,prebreak,ok,0.0,neither,,25512,6|2022-07-01,ok,0.1527471876531352,0.16431191432317893,6|recent|19666,recent,0.1527471876531352
2022-09-24 00:00:00,2022-09-24 00:00:00,2022-09-24 06:00:00,2022-09-25 06:00:00,6,prebreak,ok,0.0,neither,,25517,6|2022-07-01,ok,0.1527471876531352,0.15881863207339966,6|recent|19671,recent,0.1527471876531352
2022-09-25 06:00:00,2022-09-25 06:00:00,2022-09-25 12:00:00,2022-09-26 12:00:00,6,prebreak,ok,0.0,neither,,25522,6|2022-07-01,ok,0.1527471876531352,0.12211078791714994,6|recent|19676,recent,0.1527471876531352
2022-09-26 12:00:00,2022-09-26 12:00:00,2022-09-26 18:00:00,2022-09-27 18:00:00,6,prebreak,ok,0.0,upper_first,7.0,25527,6|2022-07-01,ok,0.1527471876531352,0.12058610571658557,6|recent|19681,recent,0.1527471876531352
2022-09-27 18:00:00,2022-09-27 18:00:00,2022-09-28 00:00:00,2022-09-29 00:00:00,6,prebreak,ok,0.0,upper_first,16.0,25532,6|2022-07-01,ok,0.1527471876531352,0.16618928185447457,6|recent|19686,recent,0.1527471876531352
2022-09-29 00:00:00,2022-09-29 00:00:00,2022-09-29 06:00:00,2022-09-30 06:00:00,6,prebreak,ok,0.0,neither,,25537,6|2022-07-01,ok,0.1527471876531352,0.16795307877694662,6|recent|19691,recent,0.1527471876531352
2022-09-30 06:00:00,2022-09-30 06:00:00,2022-09-30 12:00:00,2022-10-01 12:00:00,6,prebreak,ok,0.0,upper_first,2.0,25542,6|2022-07-01,ok,0.1527471876531352,0.1576582518089525,6|recent|19696,recent,0.1527471876531352
2022-10-01 12:00:00,2022-10-01 12:00:00,2022-10-01 18:00:00,2022-10-02 18:00:00,6,prebreak,ok,0.0,neither,,25547,6|2022-10-01,ok,0.1428655525234999,0.13372338714778298,6|recent|19701,recent,0.1428655525234999
2022-10-02 18:00:00,2022-10-02 18:00:00,2022-10-03 00:00:00,2022-10-04 00:00:00,6,prebreak,ok,0.0,upper_first,18.0,25552,6|2022-10-01,ok,0.1428655525234999,0.11626481890744232,6|recent|19706,recent,0.1428655525234999
2022-10-04 00:00:00,2022-10-04 00:00:00,2022-10-04 06:00:00,2022-10-05 06:00:00,6,prebreak,ok,0.0,upper_first,8.0,25557,6|2022-10-01,ok,0.1428655525234999,0.07843110017728,6|recent|19711,recent,0.1428655525234999
2022-10-05 06:00:00,2022-10-05 06:00:00,2022-10-05 12:00:00,2022-10-06 12:00:00,6,prebreak,ok,0.0,neither,,25562,6|2022-10-01,ok,0.1428655525234999,0.08917386351932206,6|recent|19716,recent,0.1428655525234999
2022-10-06 12:00:00,2022-10-06 12:00:00,2022-10-06 18:00:00,2022-10-07 18:00:00,6,prebreak,ok,0.0,neither,,25567,6|2022-10-01,ok,0.1428655525234999,0.09773727916347452,6|recent|19721,recent,0.1428655525234999
2022-10-08 18:00:00,2022-10-08 18:00:00,2022-10-09 00:00:00,2022-10-10 00:00:00,6,prebreak,ok,0.0,neither,,25576,6|2022-10-01,ok,0.1428655525234999,0.10220953990785911,6|recent|19730,recent,0.1428655525234999
2022-10-10 00:00:00,2022-10-10 00:00:00,2022-10-10 06:00:00,2022-10-11 06:00:00,6,prebreak,ok,0.0,neither,,25581,6|2022-10-01,ok,0.1428655525234999,0.08559978499864915,6|recent|19735,recent,0.1428655525234999
2022-10-11 12:00:00,2022-10-11 12:00:00,2022-10-11 18:00:00,2022-10-12 18:00:00,6,prebreak,ok,0.0,neither,,25587,6|2022-10-01,ok,0.1428655525234999,0.07504995825199617,6|recent|19741,recent,0.1428655525234999
2022-10-12 18:00:00,2022-10-12 18:00:00,2022-10-13 00:00:00,2022-10-14 00:00:00,6,prebreak,ok,1.0,lower_first,12.0,25592,6|2022-10-01,ok,0.1428655525234999,0.0804605052872965,6|recent|19746,recent,0.1428655525234999
2022-10-14 18:00:00,2022-10-14 18:00:00,2022-10-15 00:00:00,2022-10-16 00:00:00,6,prebreak,ok,0.0,neither,,25600,6|2022-10-01,ok,0.1428655525234999,0.128838955669888,6|recent|19754,recent,0.1428655525234999
2022-10-16 00:00:00,2022-10-16 00:00:00,2022-10-16 06:00:00,2022-10-17 06:00:00,6,prebreak,ok,0.0,neither,,25605,6|2022-10-01,ok,0.1428655525234999,0.1306605925068474,6|recent|19759,recent,0.1428655525234999
2022-10-17 06:00:00,2022-10-17 06:00:00,2022-10-17 12:00:00,2022-10-18 12:00:00,6,prebreak,ok,0.0,neither,,25610,6|2022-10-01,ok,0.1428655525234999,0.09185187545402188,6|recent|19764,recent,0.1428655525234999
2022-10-18 12:00:00,2022-10-18 12:00:00,2022-10-18 18:00:00,2022-10-19 18:00:00,6,prebreak,ok,0.0,neither,,25615,6|2022-10-01,ok,0.1428655525234999,0.07419667812047433,6|recent|19769,recent,0.1428655525234999
2022-10-19 18:00:00,2022-10-19 18:00:00,2022-10-20 00:00:00,2022-10-21 00:00:00,6,prebreak,ok,0.0,neither,,25620,6|2022-10-01,ok,0.1428655525234999,0.0963954556815114,6|recent|19774,recent,0.1428655525234999
2022-10-21 06:00:00,2022-10-21 06:00:00,2022-10-21 12:00:00,2022-10-22 12:00:00,6,prebreak,ok,0.0,neither,,25626,6|2022-10-01,ok,0.1428655525234999,0.09019763713700643,6|recent|19780,recent,0.1428655525234999
2022-10-22 18:00:00,2022-10-22 18:00:00,2022-10-23 00:00:00,2022-10-24 00:00:00,6,prebreak,ok,0.0,neither,,25632,6|2022-10-01,ok,0.1428655525234999,0.07728295180604489,6|recent|19786,recent,0.1428655525234999
2022-10-24 00:00:00,2022-10-24 00:00:00,2022-10-24 06:00:00,2022-10-25 06:00:00,6,prebreak,ok,0.0,neither,,25637,6|2022-10-01,ok,0.1428655525234999,0.06862110439993019,6|recent|19791,recent,0.1428655525234999
2022-10-25 06:00:00,2022-10-25 06:00:00,2022-10-25 12:00:00,2022-10-26 12:00:00,6,prebreak,ok,0.0,upper_first,5.0,25642,6|2022-10-01,ok,0.1428655525234999,0.0673531536617977,6|recent|19796,recent,0.1428655525234999
2022-10-26 12:00:00,2022-10-26 12:00:00,2022-10-26 18:00:00,2022-10-27 18:00:00,6,prebreak,ok,0.0,neither,,25647,6|2022-10-01,ok,0.1428655525234999,0.09343098973392,6|recent|19801,recent,0.1428655525234999
2022-10-27 18:00:00,2022-10-27 18:00:00,2022-10-28 00:00:00,2022-10-29 00:00:00,6,prebreak,ok,0.0,neither,,25652,6|2022-10-01,ok,0.1428655525234999,0.09647750955726382,6|recent|19806,recent,0.1428655525234999
2022-10-29 00:00:00,2022-10-29 00:00:00,2022-10-29 06:00:00,2022-10-30 06:00:00,6,prebreak,ok,0.0,neither,,25657,6|2022-10-01,ok,0.1428655525234999,0.11030252258713628,6|recent|19811,recent,0.1428655525234999
2022-10-30 06:00:00,2022-10-30 06:00:00,2022-10-30 12:00:00,2022-10-31 12:00:00,6,prebreak,ok,0.0,neither,,25662,6|2022-10-01,ok,0.1428655525234999,0.09665216486809294,6|recent|19816,recent,0.1428655525234999
2022-10-31 12:00:00,2022-10-31 12:00:00,2022-10-31 18:00:00,2022-11-01 18:00:00,6,prebreak,ok,0.0,neither,,25667,6|2022-10-01,ok,0.1428655525234999,0.08978285377453626,6|recent|19821,recent,0.1428655525234999
2022-11-01 18:00:00,2022-11-01 18:00:00,2022-11-02 00:00:00,2022-11-03 00:00:00,6,prebreak,ok,0.0,neither,,25672,6|2022-10-01,ok,0.1428655525234999,0.09599153413541076,6|recent|19826,recent,0.1428655525234999
2022-11-03 00:00:00,2022-11-03 00:00:00,2022-11-03 06:00:00,2022-11-04 06:00:00,6,prebreak,ok,0.0,neither,,25677,6|2022-10-01,ok,0.1428655525234999,0.09391138449563291,6|recent|19831,recent,0.1428655525234999
2022-11-04 06:00:00,2022-11-04 06:00:00,2022-11-04 12:00:00,2022-11-05 12:00:00,6,prebreak,ok,0.0,upper_first,2.0,25682,6|2022-10-01,ok,0.1428655525234999,0.07573405727445351,6|recent|19836,recent,0.1428655525234999
2022-11-05 12:00:00,2022-11-05 12:00:00,2022-11-05 18:00:00,2022-11-06 18:00:00,6,prebreak,ok,0.0,neither,,25687,6|2022-10-01,ok,0.1428655525234999,0.10986791390111765,6|recent|19841,recent,0.1428655525234999
2022-11-06 18:00:00,2022-11-06 18:00:00,2022-11-07 00:00:00,2022-11-08 00:00:00,6,prebreak,ok,0.0,neither,,25692,6|2022-10-01,ok,0.1428655525234999,0.10242673780111455,6|recent|19846,recent,0.1428655525234999
2022-11-11 00:00:00,2022-11-11 00:00:00,2022-11-11 06:00:00,2022-11-12 06:00:00,6,prebreak,ok,1.0,lower_first,8.0,25709,6|2022-10-01,ok,0.1428655525234999,0.25190553896781986,6|recent|19863,recent,0.1428655525234999
2022-11-12 06:00:00,2022-11-12 06:00:00,2022-11-12 12:00:00,2022-11-13 12:00:00,6,prebreak,ok,0.0,neither,,25714,6|2022-10-01,ok,0.1428655525234999,0.2275050970100987,6|recent|19868,recent,0.1428655525234999
2022-11-13 12:00:00,2022-11-13 12:00:00,2022-11-13 18:00:00,2022-11-14 18:00:00,6,prebreak,ok,0.0,upper_first,19.0,25719,6|2022-10-01,ok,0.1428655525234999,0.20345484551898185,6|recent|19873,recent,0.1428655525234999
2022-11-15 06:00:00,2022-11-15 06:00:00,2022-11-15 12:00:00,2022-11-16 12:00:00,6,prebreak,ok,0.0,neither,,25726,6|2022-10-01,ok,0.1428655525234999,0.15153053323686697,6|recent|19880,recent,0.1428655525234999
2022-11-16 12:00:00,2022-11-16 12:00:00,2022-11-16 18:00:00,2022-11-17 18:00:00,6,prebreak,ok,0.0,neither,,25731,6|2022-10-01,ok,0.1428655525234999,0.15514746704352,6|recent|19885,recent,0.1428655525234999
2022-11-17 18:00:00,2022-11-17 18:00:00,2022-11-18 00:00:00,2022-11-19 00:00:00,6,prebreak,ok,0.0,neither,,25736,6|2022-10-01,ok,0.1428655525234999,0.11931409212704286,6|recent|19890,recent,0.1428655525234999
2022-11-19 00:00:00,2022-11-19 00:00:00,2022-11-19 06:00:00,2022-11-20 06:00:00,6,prebreak,ok,0.0,neither,,25741,6|2022-10-01,ok,0.1428655525234999,0.08787463125130476,6|recent|19895,recent,0.1428655525234999
2022-11-20 06:00:00,2022-11-20 06:00:00,2022-11-20 12:00:00,2022-11-21 12:00:00,6,prebreak,ok,0.0,neither,,25746,6|2022-10-01,ok,0.1428655525234999,0.07547874059321971,6|recent|19900,recent,0.1428655525234999
2022-11-23 00:00:00,2022-11-23 00:00:00,2022-11-23 06:00:00,2022-11-24 06:00:00,6,prebreak,ok,0.0,neither,,25757,6|2022-10-01,ok,0.1428655525234999,0.11150093439384703,6|recent|19911,recent,0.1428655525234999
2022-11-24 06:00:00,2022-11-24 06:00:00,2022-11-24 12:00:00,2022-11-25 12:00:00,6,prebreak,ok,0.0,neither,,25762,6|2022-10-01,ok,0.1428655525234999,0.1128400897767662,6|recent|19916,recent,0.1428655525234999
2022-11-25 12:00:00,2022-11-25 12:00:00,2022-11-25 18:00:00,2022-11-26 18:00:00,6,prebreak,ok,0.0,neither,,25767,6|2022-10-01,ok,0.1428655525234999,0.10158081717463535,6|recent|19921,recent,0.1428655525234999
2022-11-26 18:00:00,2022-11-26 18:00:00,2022-11-27 00:00:00,2022-11-28 00:00:00,6,prebreak,ok,0.0,neither,,25772,6|2022-10-01,ok,0.1428655525234999,0.07849171813826314,6|recent|19926,recent,0.1428655525234999
2022-11-28 00:00:00,2022-11-28 00:00:00,2022-11-28 06:00:00,2022-11-29 06:00:00,6,prebreak,ok,0.0,neither,,25777,6|2022-10-01,ok,0.1428655525234999,0.054020652730961405,6|recent|19931,recent,0.1428655525234999
2022-11-29 06:00:00,2022-11-29 06:00:00,2022-11-29 12:00:00,2022-11-30 12:00:00,6,prebreak,ok,0.0,upper_first,14.0,25782,6|2022-10-01,ok,0.1428655525234999,0.08165140325362535,6|recent|19936,recent,0.1428655525234999
2022-11-30 12:00:00,2022-11-30 12:00:00,2022-11-30 18:00:00,2022-12-01 18:00:00,6,prebreak,ok,0.0,upper_first,19.0,25787,6|2022-10-01,ok,0.1428655525234999,0.09948201481870836,6|recent|19941,recent,0.1428655525234999
2022-12-01 18:00:00,2022-12-01 18:00:00,2022-12-02 00:00:00,2022-12-03 00:00:00,6,prebreak,ok,0.0,neither,,25792,6|2022-10-01,ok,0.1428655525234999,0.09079264255764714,6|recent|19946,recent,0.1428655525234999
2022-12-03 00:00:00,2022-12-03 00:00:00,2022-12-03 06:00:00,2022-12-04 06:00:00,6,prebreak,ok,0.0,neither,,25797,6|2022-10-01,ok,0.1428655525234999,0.08965991394016633,6|recent|19951,recent,0.1428655525234999
2022-12-04 06:00:00,2022-12-04 06:00:00,2022-12-04 12:00:00,2022-12-05 12:00:00,6,prebreak,ok,0.0,neither,,25802,6|2022-10-01,ok,0.1428655525234999,0.05732074979352708,6|recent|19956,recent,0.1428655525234999
2022-12-05 12:00:00,2022-12-05 12:00:00,2022-12-05 18:00:00,2022-12-06 18:00:00,6,prebreak,ok,0.0,neither,,25807,6|2022-10-01,ok,0.1428655525234999,0.055316422281032444,6|recent|19961,recent,0.1428655525234999
2022-12-06 18:00:00,2022-12-06 18:00:00,2022-12-07 00:00:00,2022-12-08 00:00:00,6,prebreak,ok,0.0,neither,,25812,6|2022-10-01,ok,0.1428655525234999,0.06404460073803418,6|recent|19966,recent,0.1428655525234999
2022-12-08 12:00:00,2022-12-08 12:00:00,2022-12-08 18:00:00,2022-12-09 18:00:00,6,prebreak,ok,0.0,neither,,25819,6|2022-10-01,ok,0.1428655525234999,0.06596054196703988,6|recent|19973,recent,0.1428655525234999
2022-12-09 18:00:00,2022-12-09 18:00:00,2022-12-10 00:00:00,2022-12-11 00:00:00,6,prebreak,ok,0.0,neither,,25824,6|2022-10-01,ok,0.1428655525234999,0.07631492307371632,6|recent|19978,recent,0.1428655525234999
2022-12-11 00:00:00,2022-12-11 00:00:00,2022-12-11 06:00:00,2022-12-12 06:00:00,6,prebreak,ok,0.0,neither,,25829,6|2022-10-01,ok,0.1428655525234999,0.06455890491963719,6|recent|19983,recent,0.1428655525234999
2022-12-13 06:00:00,2022-12-13 06:00:00,2022-12-13 12:00:00,2022-12-14 12:00:00,6,prebreak,ok,0.0,upper_first,1.0,25838,6|2022-10-01,ok,0.1428655525234999,0.051248062542639944,6|recent|19992,recent,0.1428655525234999
2022-12-14 12:00:00,2022-12-14 12:00:00,2022-12-14 18:00:00,2022-12-15 18:00:00,6,prebreak,ok,0.0,neither,,25843,6|2022-10-01,ok,0.1428655525234999,0.09636559452096291,6|recent|19997,recent,0.1428655525234999
2022-12-15 18:00:00,2022-12-15 18:00:00,2022-12-16 00:00:00,2022-12-17 00:00:00,6,prebreak,ok,0.0,neither,,25848,6|2022-10-01,ok,0.1428655525234999,0.12382462898066898,6|recent|20002,recent,0.1428655525234999
2022-12-18 00:00:00,2022-12-18 00:00:00,2022-12-18 06:00:00,2022-12-19 06:00:00,6,prebreak,ok,0.0,neither,,25857,6|2022-10-01,ok,0.1428655525234999,0.09632145114962232,6|recent|20011,recent,0.1428655525234999
2022-12-19 06:00:00,2022-12-19 06:00:00,2022-12-19 12:00:00,2022-12-20 12:00:00,6,prebreak,ok,0.0,neither,,25862,6|2022-10-01,ok,0.1428655525234999,0.08928666855101881,6|recent|20016,recent,0.1428655525234999
2022-12-21 00:00:00,2022-12-21 00:00:00,2022-12-21 06:00:00,2022-12-22 06:00:00,6,prebreak,ok,0.0,neither,,25869,6|2022-10-01,ok,0.1428655525234999,0.06908511189156077,6|recent|20023,recent,0.1428655525234999
2022-12-22 06:00:00,2022-12-22 06:00:00,2022-12-22 12:00:00,2022-12-23 12:00:00,6,prebreak,ok,0.0,neither,,25874,6|2022-10-01,ok,0.1428655525234999,0.07227772344023237,6|recent|20028,recent,0.1428655525234999
2022-12-23 12:00:00,2022-12-23 12:00:00,2022-12-23 18:00:00,2022-12-24 18:00:00,6,prebreak,ok,0.0,neither,,25879,6|2022-10-01,ok,0.1428655525234999,0.0666200530338195,6|recent|20033,recent,0.1428655525234999
2022-12-24 18:00:00,2022-12-24 18:00:00,2022-12-25 00:00:00,2022-12-26 00:00:00,6,prebreak,ok,0.0,neither,,25884,6|2022-10-01,ok,0.1428655525234999,0.0555004204810103,6|recent|20038,recent,0.1428655525234999
2022-12-26 00:00:00,2022-12-26 00:00:00,2022-12-26 06:00:00,2022-12-27 06:00:00,6,prebreak,ok,0.0,neither,,25889,6|2022-10-01,ok,0.1428655525234999,0.04003920389788983,6|recent|20043,recent,0.1428655525234999
2022-12-27 06:00:00,2022-12-27 06:00:00,2022-12-27 12:00:00,2022-12-28 12:00:00,6,prebreak,ok,0.0,neither,,25894,6|2022-10-01,ok,0.1428655525234999,0.03965631803214374,6|recent|20048,recent,0.1428655525234999
2022-12-28 18:00:00,2022-12-28 18:00:00,2022-12-29 00:00:00,2022-12-30 00:00:00,6,prebreak,ok,0.0,neither,,25900,6|2022-10-01,ok,0.1428655525234999,0.06629404284437813,6|recent|20054,recent,0.1428655525234999
2022-12-30 00:00:00,2022-12-30 00:00:00,2022-12-30 06:00:00,2022-12-31 06:00:00,6,prebreak,ok,0.0,neither,,25905,6|2022-10-01,ok,0.1428655525234999,0.06530751119482592,6|recent|20059,recent,0.1428655525234999
2022-12-31 18:00:00,2022-12-31 18:00:00,2023-01-01 00:00:00,2023-01-02 00:00:00,6,prebreak,ok,0.0,neither,,25912,6|2022-10-01,ok,0.1428655525234999,0.052798930761599014,6|recent|20066,recent,0.1428655525234999
2023-01-02 00:00:00,2023-01-02 00:00:00,2023-01-02 06:00:00,2023-01-03 06:00:00,6,prebreak,ok,0.0,neither,,25917,6|2023-01-01,ok,0.12499331119252836,0.04474326144065745,6|recent|20071,recent,0.12499331119252836
2023-01-03 06:00:00,2023-01-03 06:00:00,2023-01-03 12:00:00,2023-01-04 12:00:00,6,prebreak,ok,0.0,neither,,25922,6|2023-01-01,ok,0.12499331119252836,0.036672839227306436,6|recent|20076,recent,0.12499331119252836
2023-01-04 12:00:00,2023-01-04 12:00:00,2023-01-04 18:00:00,2023-01-05 18:00:00,6,prebreak,ok,0.0,neither,,25927,6|2023-01-01,ok,0.12499331119252836,0.04665273635320717,6|recent|20081,recent,0.12499331119252836
2023-01-05 18:00:00,2023-01-05 18:00:00,2023-01-06 00:00:00,2023-01-07 00:00:00,6,prebreak,ok,0.0,neither,,25932,6|2023-01-01,ok,0.12499331119252836,0.05071441108771706,6|recent|20086,recent,0.12499331119252836
2023-01-07 00:00:00,2023-01-07 00:00:00,2023-01-07 06:00:00,2023-01-08 06:00:00,6,prebreak,ok,0.0,neither,,25937,6|2023-01-01,ok,0.12499331119252836,0.053634748379886195,6|recent|20091,recent,0.12499331119252836
2023-01-08 06:00:00,2023-01-08 06:00:00,2023-01-08 12:00:00,2023-01-09 12:00:00,6,prebreak,ok,0.0,neither,,25942,6|2023-01-01,ok,0.12499331119252836,0.040227765798056876,6|recent|20096,recent,0.12499331119252836
2023-01-09 12:00:00,2023-01-09 12:00:00,2023-01-09 18:00:00,2023-01-10 18:00:00,6,prebreak,ok,0.0,neither,,25947,6|2023-01-01,ok,0.12499331119252836,0.04726723923844366,6|recent|20101,recent,0.12499331119252836
2023-01-10 18:00:00,2023-01-10 18:00:00,2023-01-11 00:00:00,2023-01-12 00:00:00,6,prebreak,ok,0.0,upper_first,23.0,25952,6|2023-01-01,ok,0.12499331119252836,0.04914486751779075,6|recent|20106,recent,0.12499331119252836
2023-01-12 00:00:00,2023-01-12 00:00:00,2023-01-12 06:00:00,2023-01-13 06:00:00,6,prebreak,ok,0.0,upper_first,11.0,25957,6|2023-01-01,ok,0.12499331119252836,0.049866772893187285,6|recent|20111,recent,0.12499331119252836
2023-01-13 06:00:00,2023-01-13 06:00:00,2023-01-13 12:00:00,2023-01-14 12:00:00,6,prebreak,ok,0.0,upper_first,8.0,25962,6|2023-01-01,ok,0.12499331119252836,0.1245727235036683,6|recent|20116,recent,0.12499331119252836
2023-01-14 12:00:00,2023-01-14 12:00:00,2023-01-14 18:00:00,2023-01-15 18:00:00,6,prebreak,ok,0.0,neither,,25967,6|2023-01-01,ok,0.12499331119252836,0.1561823544414276,6|recent|20121,recent,0.12499331119252836
2023-01-15 18:00:00,2023-01-15 18:00:00,2023-01-16 00:00:00,2023-01-17 00:00:00,6,prebreak,ok,0.0,neither,,25972,6|2023-01-01,ok,0.12499331119252836,0.14919920951871554,6|recent|20126,recent,0.12499331119252836
2023-01-17 00:00:00,2023-01-17 00:00:00,2023-01-17 06:00:00,2023-01-18 06:00:00,6,prebreak,ok,0.0,neither,,25977,6|2023-01-01,ok,0.12499331119252836,0.14409376045920916,6|recent|20131,recent,0.12499331119252836
2023-01-18 06:00:00,2023-01-18 06:00:00,2023-01-18 12:00:00,2023-01-19 12:00:00,6,prebreak,ok,0.0,neither,,25982,6|2023-01-01,ok,0.12499331119252836,0.0949926104751114,6|recent|20136,recent,0.12499331119252836
2023-01-19 12:00:00,2023-01-19 12:00:00,2023-01-19 18:00:00,2023-01-20 18:00:00,6,prebreak,ok,0.0,neither,,25987,6|2023-01-01,ok,0.12499331119252836,0.09713474030957253,6|recent|20141,recent,0.12499331119252836
2023-01-20 18:00:00,2023-01-20 18:00:00,2023-01-21 00:00:00,2023-01-22 00:00:00,6,prebreak,ok,0.0,upper_first,10.0,25992,6|2023-01-01,ok,0.12499331119252836,0.09202955853987192,6|recent|20146,recent,0.12499331119252836
2023-01-22 00:00:00,2023-01-22 00:00:00,2023-01-22 06:00:00,2023-01-23 06:00:00,6,prebreak,ok,0.0,neither,,25997,6|2023-01-01,ok,0.12499331119252836,0.12148452830395205,6|recent|20151,recent,0.12499331119252836
2023-01-23 06:00:00,2023-01-23 06:00:00,2023-01-23 12:00:00,2023-01-24 12:00:00,6,prebreak,ok,0.0,neither,,26002,6|2023-01-01,ok,0.12499331119252836,0.12508879897186748,6|recent|20156,recent,0.12499331119252836
2023-01-24 12:00:00,2023-01-24 12:00:00,2023-01-24 18:00:00,2023-01-25 18:00:00,6,prebreak,ok,0.0,neither,,26007,6|2023-01-01,ok,0.12499331119252836,0.1169879638672973,6|recent|20161,recent,0.12499331119252836
2023-01-25 18:00:00,2023-01-25 18:00:00,2023-01-26 00:00:00,2023-01-27 00:00:00,6,prebreak,ok,0.0,neither,,26012,6|2023-01-01,ok,0.12499331119252836,0.10768751230216934,6|recent|20166,recent,0.12499331119252836
2023-01-27 00:00:00,2023-01-27 00:00:00,2023-01-27 06:00:00,2023-01-28 06:00:00,6,prebreak,ok,0.0,neither,,26017,6|2023-01-01,ok,0.12499331119252836,0.12973767432070862,6|recent|20171,recent,0.12499331119252836
2023-01-28 06:00:00,2023-01-28 06:00:00,2023-01-28 12:00:00,2023-01-29 12:00:00,6,prebreak,ok,0.0,neither,,26022,6|2023-01-01,ok,0.12499331119252836,0.13296969374371143,6|recent|20176,recent,0.12499331119252836
2023-01-29 12:00:00,2023-01-29 12:00:00,2023-01-29 18:00:00,2023-01-30 18:00:00,6,prebreak,ok,0.0,neither,,26027,6|2023-01-01,ok,0.12499331119252836,0.08728313144760134,6|recent|20181,recent,0.12499331119252836
2023-01-30 18:00:00,2023-01-30 18:00:00,2023-01-31 00:00:00,2023-02-01 00:00:00,6,prebreak,ok,0.0,neither,,26032,6|2023-01-01,ok,0.12499331119252836,0.0973026901223479,6|recent|20186,recent,0.12499331119252836
2023-02-01 00:00:00,2023-02-01 00:00:00,2023-02-01 06:00:00,2023-02-02 06:00:00,6,prebreak,ok,0.0,upper_first,16.0,26037,6|2023-01-01,ok,0.12499331119252836,0.11155906849283376,6|recent|20191,recent,0.12499331119252836
2023-02-02 06:00:00,2023-02-02 06:00:00,2023-02-02 12:00:00,2023-02-03 12:00:00,6,prebreak,ok,0.0,neither,,26042,6|2023-01-01,ok,0.12499331119252836,0.11428085679026806,6|recent|20196,recent,0.12499331119252836
2023-02-03 12:00:00,2023-02-03 12:00:00,2023-02-03 18:00:00,2023-02-04 18:00:00,6,prebreak,ok,0.0,neither,,26047,6|2023-01-01,ok,0.12499331119252836,0.11490553155173584,6|recent|20201,recent,0.12499331119252836
2023-02-04 18:00:00,2023-02-04 18:00:00,2023-02-05 00:00:00,2023-02-06 00:00:00,6,prebreak,ok,0.0,neither,,26052,6|2023-01-01,ok,0.12499331119252836,0.11526120696893742,6|recent|20206,recent,0.12499331119252836
2023-02-06 18:00:00,2023-02-06 18:00:00,2023-02-07 00:00:00,2023-02-08 00:00:00,6,prebreak,ok,0.0,neither,,26060,6|2023-01-01,ok,0.12499331119252836,0.07878614040443631,6|recent|20214,recent,0.12499331119252836
2023-02-08 00:00:00,2023-02-08 00:00:00,2023-02-08 06:00:00,2023-02-09 06:00:00,6,prebreak,ok,0.0,neither,,26065,6|2023-01-01,ok,0.12499331119252836,0.09541815867210128,6|recent|20219,recent,0.12499331119252836
2023-02-11 00:00:00,2023-02-11 00:00:00,2023-02-11 06:00:00,2023-02-12 06:00:00,6,prebreak,ok,0.0,neither,,26077,6|2023-01-01,ok,0.12499331119252836,0.10548652750487807,6|recent|20231,recent,0.12499331119252836
2023-02-12 06:00:00,2023-02-12 06:00:00,2023-02-12 12:00:00,2023-02-13 12:00:00,6,prebreak,ok,0.0,neither,,26082,6|2023-01-01,ok,0.12499331119252836,0.09683445900946745,6|recent|20236,recent,0.12499331119252836
2023-02-13 12:00:00,2023-02-13 12:00:00,2023-02-13 18:00:00,2023-02-14 18:00:00,6,prebreak,ok,0.0,upper_first,20.0,26087,6|2023-01-01,ok,0.12499331119252836,0.08237672983404352,6|recent|20241,recent,0.12499331119252836
2023-02-14 18:00:00,2023-02-14 18:00:00,2023-02-15 00:00:00,2023-02-16 00:00:00,6,prebreak,ok,0.0,upper_first,12.0,26092,6|2023-01-01,ok,0.12499331119252836,0.0993439198263317,6|recent|20246,recent,0.12499331119252836
2023-02-16 00:00:00,2023-02-16 00:00:00,2023-02-16 06:00:00,2023-02-17 06:00:00,6,prebreak,ok,1.0,lower_first,18.0,26097,6|2023-01-01,ok,0.12499331119252836,0.1104377741510893,6|recent|20251,recent,0.12499331119252836
2023-02-17 06:00:00,2023-02-17 06:00:00,2023-02-17 12:00:00,2023-02-18 12:00:00,6,prebreak,ok,0.0,upper_first,5.0,26102,6|2023-01-01,ok,0.12499331119252836,0.14205418352698101,6|recent|20256,recent,0.12499331119252836
2023-02-18 12:00:00,2023-02-18 12:00:00,2023-02-18 18:00:00,2023-02-19 18:00:00,6,prebreak,ok,0.0,neither,,26107,6|2023-01-01,ok,0.12499331119252836,0.1457241535995287,6|recent|20261,recent,0.12499331119252836
2023-02-19 18:00:00,2023-02-19 18:00:00,2023-02-20 00:00:00,2023-02-21 00:00:00,6,prebreak,ok,0.0,upper_first,14.0,26112,6|2023-01-01,ok,0.12499331119252836,0.1205200588406455,6|recent|20266,recent,0.12499331119252836
2023-02-21 00:00:00,2023-02-21 00:00:00,2023-02-21 06:00:00,2023-02-22 06:00:00,6,prebreak,ok,0.0,neither,,26117,6|2023-01-01,ok,0.12499331119252836,0.0910457215713878,6|recent|20271,recent,0.12499331119252836
2023-02-22 06:00:00,2023-02-22 06:00:00,2023-02-22 12:00:00,2023-02-23 12:00:00,6,prebreak,ok,0.0,neither,,26122,6|2023-01-01,ok,0.12499331119252836,0.11091718028493072,6|recent|20276,recent,0.12499331119252836
2023-02-23 18:00:00,2023-02-23 18:00:00,2023-02-24 00:00:00,2023-02-25 00:00:00,6,prebreak,ok,1.0,lower_first,19.0,26128,6|2023-01-01,ok,0.12499331119252836,0.11951057074851384,6|recent|20282,recent,0.12499331119252836
2023-02-25 18:00:00,2023-02-25 18:00:00,2023-02-26 00:00:00,2023-02-27 00:00:00,6,prebreak,ok,0.0,neither,,26136,6|2023-01-01,ok,0.12499331119252836,0.10619148865177737,6|recent|20290,recent,0.12499331119252836
2023-02-27 00:00:00,2023-02-27 00:00:00,2023-02-27 06:00:00,2023-02-28 06:00:00,6,prebreak,ok,0.0,neither,,26141,6|2023-01-01,ok,0.12499331119252836,0.08324217804827923,6|recent|20295,recent,0.12499331119252836
2023-02-28 06:00:00,2023-02-28 06:00:00,2023-02-28 12:00:00,2023-03-01 12:00:00,6,prebreak,ok,0.0,neither,,26146,6|2023-01-01,ok,0.12499331119252836,0.08174781533718589,6|recent|20300,recent,0.12499331119252836
2023-03-01 12:00:00,2023-03-01 12:00:00,2023-03-01 18:00:00,2023-03-02 18:00:00,6,prebreak,ok,0.0,neither,,26151,6|2023-01-01,ok,0.12499331119252836,0.09568508018189381,6|recent|20305,recent,0.12499331119252836
2023-03-02 18:00:00,2023-03-02 18:00:00,2023-03-03 00:00:00,2023-03-04 00:00:00,6,prebreak,ok,1.0,lower_first,1.0,26156,6|2023-01-01,ok,0.12499331119252836,0.09040951974459335,6|recent|20310,recent,0.12499331119252836
2023-03-04 06:00:00,2023-03-04 06:00:00,2023-03-04 12:00:00,2023-03-05 12:00:00,6,prebreak,ok,,censored,,26162,6|2023-01-01,ok,0.12499331119252836,0.1472931636197088,6|recent|20316,recent,0.12499331119252836
2023-04-04 00:00:00,2023-04-04 00:00:00,2023-04-04 06:00:00,2023-04-05 06:00:00,6,prebreak,ok,0.0,upper_first,18.0,26285,6|2023-04-01,ok,0.115440760755619,0.10042701170094116,6|recent|20439,recent,0.115440760755619
2023-04-05 06:00:00,2023-04-05 06:00:00,2023-04-05 12:00:00,2023-04-06 12:00:00,6,prebreak,ok,0.0,neither,,26290,6|2023-04-01,ok,0.115440760755619,0.10320420272343657,6|recent|20444,recent,0.115440760755619
2023-04-06 12:00:00,2023-04-06 12:00:00,2023-04-06 18:00:00,2023-04-07 18:00:00,6,prebreak,ok,0.0,neither,,26295,6|2023-04-01,ok,0.115440760755619,0.10027364608863924,6|recent|20449,recent,0.115440760755619
2023-04-07 18:00:00,2023-04-07 18:00:00,2023-04-08 00:00:00,2023-04-09 00:00:00,6,prebreak,ok,0.0,neither,,26300,6|2023-04-01,ok,0.115440760755619,0.0900223983726728,6|recent|20454,recent,0.115440760755619
2023-04-09 00:00:00,2023-04-09 00:00:00,2023-04-09 06:00:00,2023-04-10 06:00:00,6,prebreak,ok,0.0,neither,,26305,6|2023-04-01,ok,0.115440760755619,0.06654277561165753,6|recent|20459,recent,0.115440760755619
2023-04-10 06:00:00,2023-04-10 06:00:00,2023-04-10 12:00:00,2023-04-11 12:00:00,6,prebreak,ok,0.0,upper_first,4.0,26310,6|2023-04-01,ok,0.115440760755619,0.06892686094650842,6|recent|20464,recent,0.115440760755619
2023-04-11 12:00:00,2023-04-11 12:00:00,2023-04-11 18:00:00,2023-04-12 18:00:00,6,prebreak,ok,0.0,neither,,26315,6|2023-04-01,ok,0.115440760755619,0.08906932711544022,6|recent|20469,recent,0.115440760755619
2023-04-12 18:00:00,2023-04-12 18:00:00,2023-04-13 00:00:00,2023-04-14 00:00:00,6,prebreak,ok,0.0,neither,,26320,6|2023-04-01,ok,0.115440760755619,0.08841798285696116,6|recent|20474,recent,0.115440760755619
2023-04-14 00:00:00,2023-04-14 00:00:00,2023-04-14 06:00:00,2023-04-15 06:00:00,6,prebreak,ok,0.0,neither,,26325,6|2023-04-01,ok,0.115440760755619,0.08529147067436281,6|recent|20479,recent,0.115440760755619
2023-04-15 06:00:00,2023-04-15 06:00:00,2023-04-15 12:00:00,2023-04-16 12:00:00,6,prebreak,ok,0.0,neither,,26330,6|2023-04-01,ok,0.115440760755619,0.08589069922409669,6|recent|20484,recent,0.115440760755619
2023-04-16 12:00:00,2023-04-16 12:00:00,2023-04-16 18:00:00,2023-04-17 18:00:00,6,prebreak,ok,0.0,neither,,26335,6|2023-04-01,ok,0.115440760755619,0.08506492355653307,6|recent|20489,recent,0.115440760755619
2023-04-18 12:00:00,2023-04-18 12:00:00,2023-04-18 18:00:00,2023-04-19 18:00:00,6,prebreak,ok,0.0,neither,,26343,6|2023-04-01,ok,0.115440760755619,0.07038971430335385,6|recent|20497,recent,0.115440760755619
2023-04-19 18:00:00,2023-04-19 18:00:00,2023-04-20 00:00:00,2023-04-21 00:00:00,6,prebreak,ok,0.0,neither,,26348,6|2023-04-01,ok,0.115440760755619,0.11718094709923386,6|recent|20502,recent,0.115440760755619
2023-04-23 00:00:00,2023-04-23 00:00:00,2023-04-23 06:00:00,2023-04-24 06:00:00,6,prebreak,ok,0.0,neither,,26361,6|2023-04-01,ok,0.115440760755619,0.09785953533598207,6|recent|20515,recent,0.115440760755619
2023-04-24 06:00:00,2023-04-24 06:00:00,2023-04-24 12:00:00,2023-04-25 12:00:00,6,prebreak,ok,0.0,neither,,26366,6|2023-04-01,ok,0.115440760755619,0.09216303852340195,6|recent|20520,recent,0.115440760755619
2023-04-25 18:00:00,2023-04-25 18:00:00,2023-04-26 00:00:00,2023-04-27 00:00:00,6,prebreak,ok,0.0,upper_first,12.0,26372,6|2023-04-01,ok,0.115440760755619,0.08652783763240669,6|recent|20526,recent,0.115440760755619
2023-04-27 00:00:00,2023-04-27 00:00:00,2023-04-27 06:00:00,2023-04-28 06:00:00,6,prebreak,ok,0.0,neither,,26377,6|2023-04-01,ok,0.115440760755619,0.1774428496318282,6|recent|20531,recent,0.115440760755619
2023-04-28 06:00:00,2023-04-28 06:00:00,2023-04-28 12:00:00,2023-04-29 12:00:00,6,prebreak,ok,0.0,neither,,26382,6|2023-04-01,ok,0.115440760755619,0.17862322830776778,6|recent|20536,recent,0.115440760755619
2023-04-29 12:00:00,2023-04-29 12:00:00,2023-04-29 18:00:00,2023-04-30 18:00:00,6,prebreak,ok,0.0,neither,,26387,6|2023-04-01,ok,0.115440760755619,0.1752798752031254,6|recent|20541,recent,0.115440760755619
2023-04-30 18:00:00,2023-04-30 18:00:00,2023-05-01 00:00:00,2023-05-02 00:00:00,6,prebreak,ok,1.0,lower_first,20.0,26392,6|2023-04-01,ok,0.115440760755619,0.07818043980492403,6|recent|20546,recent,0.115440760755619
2023-05-03 00:00:00,2023-05-03 00:00:00,2023-05-03 06:00:00,2023-05-04 06:00:00,6,prebreak,ok,0.0,neither,,26401,6|2023-04-01,ok,0.115440760755619,0.10888453121930504,6|recent|20555,recent,0.115440760755619
2023-05-04 06:00:00,2023-05-04 06:00:00,2023-05-04 12:00:00,2023-05-05 12:00:00,6,prebreak,ok,0.0,neither,,26406,6|2023-04-01,ok,0.115440760755619,0.09642962985624617,6|recent|20560,recent,0.115440760755619
2023-05-05 12:00:00,2023-05-05 12:00:00,2023-05-05 18:00:00,2023-05-06 18:00:00,6,prebreak,ok,0.0,neither,,26411,6|2023-04-01,ok,0.115440760755619,0.09211322067900612,6|recent|20565,recent,0.115440760755619
2023-05-06 18:00:00,2023-05-06 18:00:00,2023-05-07 00:00:00,2023-05-08 00:00:00,6,prebreak,ok,0.0,neither,,26416,6|2023-04-01,ok,0.115440760755619,0.09925708577595922,6|recent|20570,recent,0.115440760755619
2023-05-08 00:00:00,2023-05-08 00:00:00,2023-05-08 06:00:00,2023-05-09 06:00:00,6,prebreak,ok,0.0,neither,,26421,6|2023-04-01,ok,0.115440760755619,0.09340554805412862,6|recent|20575,recent,0.115440760755619
2023-05-10 00:00:00,2023-05-10 00:00:00,2023-05-10 06:00:00,2023-05-11 06:00:00,6,prebreak,ok,0.0,neither,,26429,6|2023-04-01,ok,0.115440760755619,0.0993583654791863,6|recent|20583,recent,0.115440760755619
2023-05-11 06:00:00,2023-05-11 06:00:00,2023-05-11 12:00:00,2023-05-12 12:00:00,6,prebreak,ok,0.0,neither,,26434,6|2023-04-01,ok,0.115440760755619,0.11789077598351994,6|recent|20588,recent,0.115440760755619
2023-05-13 06:00:00,2023-05-13 06:00:00,2023-05-13 12:00:00,2023-05-14 12:00:00,6,prebreak,ok,0.0,neither,,26442,6|2023-04-01,ok,0.115440760755619,0.11403746359834695,6|recent|20596,recent,0.115440760755619
2023-05-14 12:00:00,2023-05-14 12:00:00,2023-05-14 18:00:00,2023-05-15 18:00:00,6,prebreak,ok,0.0,neither,,26447,6|2023-04-01,ok,0.115440760755619,0.0753718453861819,6|recent|20601,recent,0.115440760755619
2023-05-15 18:00:00,2023-05-15 18:00:00,2023-05-16 00:00:00,2023-05-17 00:00:00,6,prebreak,ok,0.0,neither,,26452,6|2023-04-01,ok,0.115440760755619,0.06160704613877147,6|recent|20606,recent,0.115440760755619
2023-05-17 00:00:00,2023-05-17 00:00:00,2023-05-17 06:00:00,2023-05-18 06:00:00,6,prebreak,ok,0.0,neither,,26457,6|2023-04-01,ok,0.115440760755619,0.0739085521494082,6|recent|20611,recent,0.115440760755619
2023-05-18 12:00:00,2023-05-18 12:00:00,2023-05-18 18:00:00,2023-05-19 18:00:00,6,prebreak,ok,0.0,neither,,26463,6|2023-04-01,ok,0.115440760755619,0.073834741124521,6|recent|20617,recent,0.115440760755619
2023-05-19 18:00:00,2023-05-19 18:00:00,2023-05-20 00:00:00,2023-05-21 00:00:00,6,prebreak,ok,0.0,neither,,26468,6|2023-04-01,ok,0.115440760755619,0.09521771120374796,6|recent|20622,recent,0.115440760755619
2023-05-21 00:00:00,2023-05-21 00:00:00,2023-05-21 06:00:00,2023-05-22 06:00:00,6,prebreak,ok,0.0,neither,,26473,6|2023-04-01,ok,0.115440760755619,0.08370292128814005,6|recent|20627,recent,0.115440760755619
2023-05-22 06:00:00,2023-05-22 06:00:00,2023-05-22 12:00:00,2023-05-23 12:00:00,6,prebreak,ok,0.0,neither,,26478,6|2023-04-01,ok,0.115440760755619,0.05693106190795047,6|recent|20632,recent,0.115440760755619
2023-05-23 12:00:00,2023-05-23 12:00:00,2023-05-23 18:00:00,2023-05-24 18:00:00,6,prebreak,ok,0.0,neither,,26483,6|2023-04-01,ok,0.115440760755619,0.06988778482273561,6|recent|20637,recent,0.115440760755619
2023-05-25 18:00:00,2023-05-25 18:00:00,2023-05-26 00:00:00,2023-05-27 00:00:00,6,prebreak,ok,0.0,neither,,26492,6|2023-04-01,ok,0.115440760755619,0.08166412910324063,6|recent|20646,recent,0.115440760755619
2023-05-27 00:00:00,2023-05-27 00:00:00,2023-05-27 06:00:00,2023-05-28 06:00:00,6,prebreak,ok,0.0,neither,,26497,6|2023-04-01,ok,0.115440760755619,0.07540595395746208,6|recent|20651,recent,0.115440760755619
2023-05-28 06:00:00,2023-05-28 06:00:00,2023-05-28 12:00:00,2023-05-29 12:00:00,6,prebreak,ok,0.0,upper_first,10.0,26502,6|2023-04-01,ok,0.115440760755619,0.052758440017410195,6|recent|20656,recent,0.115440760755619
2023-05-29 12:00:00,2023-05-29 12:00:00,2023-05-29 18:00:00,2023-05-30 18:00:00,6,prebreak,ok,0.0,neither,,26507,6|2023-04-01,ok,0.115440760755619,0.0634661095879698,6|recent|20661,recent,0.115440760755619
2023-05-30 18:00:00,2023-05-30 18:00:00,2023-05-31 00:00:00,2023-06-01 00:00:00,6,prebreak,ok,0.0,neither,,26512,6|2023-04-01,ok,0.115440760755619,0.07019353629513425,6|recent|20666,recent,0.115440760755619
2023-06-02 06:00:00,2023-06-02 06:00:00,2023-06-02 12:00:00,2023-06-03 12:00:00,6,prebreak,ok,0.0,neither,,26522,6|2023-04-01,ok,0.115440760755619,0.08263186718881227,6|recent|20676,recent,0.115440760755619
2023-06-03 12:00:00,2023-06-03 12:00:00,2023-06-03 18:00:00,2023-06-04 18:00:00,6,prebreak,ok,0.0,neither,,26527,6|2023-04-01,ok,0.115440760755619,0.07339531946588554,6|recent|20681,recent,0.115440760755619
2023-06-04 18:00:00,2023-06-04 18:00:00,2023-06-05 00:00:00,2023-06-06 00:00:00,6,prebreak,ok,1.0,lower_first,16.0,26532,6|2023-04-01,ok,0.115440760755619,0.055216160538000034,6|recent|20686,recent,0.115440760755619
2023-06-06 18:00:00,2023-06-06 18:00:00,2023-06-07 00:00:00,2023-06-08 00:00:00,6,prebreak,ok,0.0,neither,,26540,6|2023-04-01,ok,0.115440760755619,0.0975691687219537,6|recent|20694,recent,0.115440760755619
2023-06-08 00:00:00,2023-06-08 00:00:00,2023-06-08 06:00:00,2023-06-09 06:00:00,6,prebreak,ok,0.0,neither,,26545,6|2023-04-01,ok,0.115440760755619,0.12278876299497532,6|recent|20699,recent,0.115440760755619
2023-06-09 06:00:00,2023-06-09 06:00:00,2023-06-09 12:00:00,2023-06-10 12:00:00,6,prebreak,ok,0.0,neither,,26550,6|2023-04-01,ok,0.115440760755619,0.10545210119820023,6|recent|20704,recent,0.115440760755619
2023-06-11 06:00:00,2023-06-11 06:00:00,2023-06-11 12:00:00,2023-06-12 12:00:00,6,prebreak,ok,0.0,neither,,26558,6|2023-04-01,ok,0.115440760755619,0.11109914298013021,6|recent|20712,recent,0.115440760755619
2023-06-12 12:00:00,2023-06-12 12:00:00,2023-06-12 18:00:00,2023-06-13 18:00:00,6,prebreak,ok,0.0,neither,,26563,6|2023-04-01,ok,0.115440760755619,0.10601796618247328,6|recent|20717,recent,0.115440760755619
2023-06-13 18:00:00,2023-06-13 18:00:00,2023-06-14 00:00:00,2023-06-15 00:00:00,6,prebreak,ok,0.0,neither,,26568,6|2023-04-01,ok,0.115440760755619,0.0988364989137743,6|recent|20722,recent,0.115440760755619
2023-06-16 00:00:00,2023-06-16 00:00:00,2023-06-16 06:00:00,2023-06-17 06:00:00,6,prebreak,ok,0.0,upper_first,11.0,26577,6|2023-04-01,ok,0.115440760755619,0.11450799673369792,6|recent|20731,recent,0.115440760755619
2023-06-17 06:00:00,2023-06-17 06:00:00,2023-06-17 12:00:00,2023-06-18 12:00:00,6,prebreak,ok,0.0,neither,,26582,6|2023-04-01,ok,0.115440760755619,0.11162297656237061,6|recent|20736,recent,0.115440760755619
2023-06-18 12:00:00,2023-06-18 12:00:00,2023-06-18 18:00:00,2023-06-19 18:00:00,6,prebreak,ok,0.0,neither,,26587,6|2023-04-01,ok,0.115440760755619,0.07137186745203149,6|recent|20741,recent,0.115440760755619
2023-06-19 18:00:00,2023-06-19 18:00:00,2023-06-20 00:00:00,2023-06-21 00:00:00,6,prebreak,ok,0.0,upper_first,17.0,26592,6|2023-04-01,ok,0.115440760755619,0.07268543263354194,6|recent|20746,recent,0.115440760755619
2023-06-21 00:00:00,2023-06-21 00:00:00,2023-06-21 06:00:00,2023-06-22 06:00:00,6,prebreak,ok,0.0,upper_first,9.0,26597,6|2023-04-01,ok,0.115440760755619,0.08093763289690521,6|recent|20751,recent,0.115440760755619
2023-06-22 06:00:00,2023-06-22 06:00:00,2023-06-22 12:00:00,2023-06-23 12:00:00,6,prebreak,ok,0.0,neither,,26602,6|2023-04-01,ok,0.115440760755619,0.08555736890244739,6|recent|20756,recent,0.115440760755619
2023-06-23 12:00:00,2023-06-23 12:00:00,2023-06-23 18:00:00,2023-06-24 18:00:00,6,prebreak,ok,0.0,neither,,26607,6|2023-04-01,ok,0.115440760755619,0.09705411842175658,6|recent|20761,recent,0.115440760755619
2023-06-24 18:00:00,2023-06-24 18:00:00,2023-06-25 00:00:00,2023-06-26 00:00:00,6,prebreak,ok,0.0,neither,,26612,6|2023-04-01,ok,0.115440760755619,0.11836019052143228,6|recent|20766,recent,0.115440760755619
2023-06-26 00:00:00,2023-06-26 00:00:00,2023-06-26 06:00:00,2023-06-27 06:00:00,6,prebreak,ok,0.0,neither,,26617,6|2023-04-01,ok,0.115440760755619,0.10773575356721903,6|recent|20771,recent,0.115440760755619
2023-06-27 06:00:00,2023-06-27 06:00:00,2023-06-27 12:00:00,2023-06-28 12:00:00,6,prebreak,ok,0.0,neither,,26622,6|2023-04-01,ok,0.115440760755619,0.0840788896459324,6|recent|20776,recent,0.115440760755619
2023-06-28 12:00:00,2023-06-28 12:00:00,2023-06-28 18:00:00,2023-06-29 18:00:00,6,prebreak,ok,0.0,neither,,26627,6|2023-04-01,ok,0.115440760755619,0.08879477057946783,6|recent|20781,recent,0.115440760755619
2023-06-29 18:00:00,2023-06-29 18:00:00,2023-06-30 00:00:00,2023-07-01 00:00:00,6,prebreak,ok,0.0,neither,,26632,6|2023-04-01,ok,0.115440760755619,0.08194701305590153,6|recent|20786,recent,0.115440760755619
2023-07-01 00:00:00,2023-07-01 00:00:00,2023-07-01 06:00:00,2023-07-02 06:00:00,6,prebreak,ok,0.0,neither,,26637,6|2023-07-01,ok,0.10110857192448612,0.09988005744244947,6|recent|20791,recent,0.10110857192448612
2023-07-02 06:00:00,2023-07-02 06:00:00,2023-07-02 12:00:00,2023-07-03 12:00:00,6,prebreak,ok,0.0,neither,,26642,6|2023-07-01,ok,0.10110857192448612,0.09389564813084979,6|recent|20796,recent,0.10110857192448612
2023-07-03 12:00:00,2023-07-03 12:00:00,2023-07-03 18:00:00,2023-07-04 18:00:00,6,prebreak,ok,0.0,neither,,26647,6|2023-07-01,ok,0.10110857192448612,0.08541927645718264,6|recent|20801,recent,0.10110857192448612
2023-07-04 18:00:00,2023-07-04 18:00:00,2023-07-05 00:00:00,2023-07-06 00:00:00,6,prebreak,ok,0.0,neither,,26652,6|2023-07-01,ok,0.10110857192448612,0.058935472785277734,6|recent|20806,recent,0.10110857192448612
2023-07-06 00:00:00,2023-07-06 00:00:00,2023-07-06 06:00:00,2023-07-07 06:00:00,6,prebreak,ok,0.0,upper_first,3.0,26657,6|2023-07-01,ok,0.10110857192448612,0.06889481240725283,6|recent|20811,recent,0.10110857192448612
2023-07-07 06:00:00,2023-07-07 06:00:00,2023-07-07 12:00:00,2023-07-08 12:00:00,6,prebreak,ok,0.0,neither,,26662,6|2023-07-01,ok,0.10110857192448612,0.08943007835781577,6|recent|20816,recent,0.10110857192448612
2023-07-08 12:00:00,2023-07-08 12:00:00,2023-07-08 18:00:00,2023-07-09 18:00:00,6,prebreak,ok,0.0,neither,,26667,6|2023-07-01,ok,0.10110857192448612,0.09376389805452233,6|recent|20821,recent,0.10110857192448612
2023-07-09 18:00:00,2023-07-09 18:00:00,2023-07-10 00:00:00,2023-07-11 00:00:00,6,prebreak,ok,0.0,neither,,26672,6|2023-07-01,ok,0.10110857192448612,0.058500268534368426,6|recent|20826,recent,0.10110857192448612
2023-07-11 00:00:00,2023-07-11 00:00:00,2023-07-11 06:00:00,2023-07-12 06:00:00,6,prebreak,ok,0.0,neither,,26677,6|2023-07-01,ok,0.10110857192448612,0.07344927553827274,6|recent|20831,recent,0.10110857192448612
2023-07-12 06:00:00,2023-07-12 06:00:00,2023-07-12 12:00:00,2023-07-13 12:00:00,6,prebreak,ok,0.0,neither,,26682,6|2023-07-01,ok,0.10110857192448612,0.07558140354838028,6|recent|20836,recent,0.10110857192448612
2023-07-13 12:00:00,2023-07-13 12:00:00,2023-07-13 18:00:00,2023-07-14 18:00:00,6,prebreak,ok,0.0,neither,,26687,6|2023-07-01,ok,0.10110857192448612,0.08193881859233815,6|recent|20841,recent,0.10110857192448612
2023-07-14 18:00:00,2023-07-14 18:00:00,2023-07-15 00:00:00,2023-07-16 00:00:00,6,prebreak,ok,0.0,neither,,26692,6|2023-07-01,ok,0.10110857192448612,0.09114186058568283,6|recent|20846,recent,0.10110857192448612
2023-07-16 00:00:00,2023-07-16 00:00:00,2023-07-16 06:00:00,2023-07-17 06:00:00,6,prebreak,ok,0.0,neither,,26697,6|2023-07-01,ok,0.10110857192448612,0.1028856605057745,6|recent|20851,recent,0.10110857192448612
2023-07-17 06:00:00,2023-07-17 06:00:00,2023-07-17 12:00:00,2023-07-18 12:00:00,6,prebreak,ok,0.0,neither,,26702,6|2023-07-01,ok,0.10110857192448612,0.08657562397348893,6|recent|20856,recent,0.10110857192448612
2023-07-19 00:00:00,2023-07-19 00:00:00,2023-07-19 06:00:00,2023-07-20 06:00:00,6,prebreak,ok,0.0,neither,,26709,6|2023-07-01,ok,0.10110857192448612,0.06868684045037078,6|recent|20863,recent,0.10110857192448612
2023-07-20 06:00:00,2023-07-20 06:00:00,2023-07-20 12:00:00,2023-07-21 12:00:00,6,prebreak,ok,0.0,neither,,26714,6|2023-07-01,ok,0.10110857192448612,0.07190517630348495,6|recent|20868,recent,0.10110857192448612
2023-07-21 12:00:00,2023-07-21 12:00:00,2023-07-21 18:00:00,2023-07-22 18:00:00,6,prebreak,ok,0.0,neither,,26719,6|2023-07-01,ok,0.10110857192448612,0.0772857722998663,6|recent|20873,recent,0.10110857192448612
2023-07-22 18:00:00,2023-07-22 18:00:00,2023-07-23 00:00:00,2023-07-24 00:00:00,6,prebreak,ok,0.0,neither,,26724,6|2023-07-01,ok,0.10110857192448612,0.06749476434101807,6|recent|20878,recent,0.10110857192448612
2023-07-24 00:00:00,2023-07-24 00:00:00,2023-07-24 06:00:00,2023-07-25 06:00:00,6,prebreak,ok,0.0,neither,,26729,6|2023-07-01,ok,0.10110857192448612,0.05086483671248962,6|recent|20883,recent,0.10110857192448612
2023-07-25 12:00:00,2023-07-25 12:00:00,2023-07-25 18:00:00,2023-07-26 18:00:00,6,prebreak,ok,0.0,neither,,26735,6|2023-07-01,ok,0.10110857192448612,0.0776404011948231,6|recent|20889,recent,0.10110857192448612
2023-07-26 18:00:00,2023-07-26 18:00:00,2023-07-27 00:00:00,2023-07-28 00:00:00,6,prebreak,ok,0.0,neither,,26740,6|2023-07-01,ok,0.10110857192448612,0.08041398200259992,6|recent|20894,recent,0.10110857192448612
2023-07-28 00:00:00,2023-07-28 00:00:00,2023-07-28 06:00:00,2023-07-29 06:00:00,6,prebreak,ok,0.0,neither,,26745,6|2023-07-01,ok,0.10110857192448612,0.05389305464731169,6|recent|20899,recent,0.10110857192448612
2023-07-29 06:00:00,2023-07-29 06:00:00,2023-07-29 12:00:00,2023-07-30 12:00:00,6,prebreak,ok,0.0,neither,,26750,6|2023-07-01,ok,0.10110857192448612,0.05509368654880991,6|recent|20904,recent,0.10110857192448612
2023-07-30 12:00:00,2023-07-30 12:00:00,2023-07-30 18:00:00,2023-07-31 18:00:00,6,prebreak,ok,0.0,neither,,26755,6|2023-07-01,ok,0.10110857192448612,0.0418460208437024,6|recent|20909,recent,0.10110857192448612
2023-07-31 18:00:00,2023-07-31 18:00:00,2023-08-01 00:00:00,2023-08-02 00:00:00,6,prebreak,ok,0.0,neither,,26760,6|2023-07-01,ok,0.10110857192448612,0.04603520965353902,6|recent|20914,recent,0.10110857192448612
2023-08-02 06:00:00,2023-08-02 06:00:00,2023-08-02 12:00:00,2023-08-03 12:00:00,6,prebreak,ok,0.0,neither,,26766,6|2023-07-01,ok,0.10110857192448612,0.07470537869069241,6|recent|20920,recent,0.10110857192448612
2023-08-03 12:00:00,2023-08-03 12:00:00,2023-08-03 18:00:00,2023-08-04 18:00:00,6,prebreak,ok,0.0,neither,,26771,6|2023-07-01,ok,0.10110857192448612,0.07834847983746145,6|recent|20925,recent,0.10110857192448612
2023-08-04 18:00:00,2023-08-04 18:00:00,2023-08-05 00:00:00,2023-08-06 00:00:00,6,prebreak,ok,0.0,neither,,26776,6|2023-07-01,ok,0.10110857192448612,0.08098472220983631,6|recent|20930,recent,0.10110857192448612
2023-08-06 00:00:00,2023-08-06 00:00:00,2023-08-06 06:00:00,2023-08-07 06:00:00,6,prebreak,ok,0.0,neither,,26781,6|2023-07-01,ok,0.10110857192448612,0.04860307626974836,6|recent|20935,recent,0.10110857192448612
2023-08-07 06:00:00,2023-08-07 06:00:00,2023-08-07 12:00:00,2023-08-08 12:00:00,6,prebreak,ok,0.0,neither,,26786,6|2023-07-01,ok,0.10110857192448612,0.037622630545082025,6|recent|20940,recent,0.10110857192448612
2023-08-08 12:00:00,2023-08-08 12:00:00,2023-08-08 18:00:00,2023-08-09 18:00:00,6,prebreak,ok,0.0,neither,,26791,6|2023-07-01,ok,0.10110857192448612,0.0388398797886479,6|recent|20945,recent,0.10110857192448612
2023-08-09 18:00:00,2023-08-09 18:00:00,2023-08-10 00:00:00,2023-08-11 00:00:00,6,prebreak,ok,0.0,neither,,26796,6|2023-07-01,ok,0.10110857192448612,0.07006989388375465,6|recent|20950,recent,0.10110857192448612
2023-08-11 00:00:00,2023-08-11 00:00:00,2023-08-11 06:00:00,2023-08-12 06:00:00,6,prebreak,ok,0.0,neither,,26801,6|2023-07-01,ok,0.10110857192448612,0.07359696220080614,6|recent|20955,recent,0.10110857192448612
2023-08-12 06:00:00,2023-08-12 06:00:00,2023-08-12 12:00:00,2023-08-13 12:00:00,6,prebreak,ok,0.0,neither,,26806,6|2023-07-01,ok,0.10110857192448612,0.06008973083032919,6|recent|20960,recent,0.10110857192448612
2023-08-13 12:00:00,2023-08-13 12:00:00,2023-08-13 18:00:00,2023-08-14 18:00:00,6,prebreak,ok,0.0,neither,,26811,6|2023-07-01,ok,0.10110857192448612,0.038139003531774324,6|recent|20965,recent,0.10110857192448612
2023-08-14 18:00:00,2023-08-14 18:00:00,2023-08-15 00:00:00,2023-08-16 00:00:00,6,prebreak,ok,0.0,neither,,26816,6|2023-07-01,ok,0.10110857192448612,0.030963815164131537,6|recent|20970,recent,0.10110857192448612
2023-08-16 00:00:00,2023-08-16 00:00:00,2023-08-16 06:00:00,2023-08-17 06:00:00,6,prebreak,ok,0.0,neither,,26821,6|2023-07-01,ok,0.10110857192448612,0.04652627991947542,6|recent|20975,recent,0.10110857192448612
2023-08-19 00:00:00,2023-08-19 00:00:00,2023-08-19 06:00:00,2023-08-20 06:00:00,6,prebreak,ok,0.0,neither,,26833,6|2023-07-01,ok,0.10110857192448612,0.11787025225199503,6|recent|20987,recent,0.10110857192448612
2023-08-20 06:00:00,2023-08-20 06:00:00,2023-08-20 12:00:00,2023-08-21 12:00:00,6,prebreak,ok,0.0,neither,,26838,6|2023-07-01,ok,0.10110857192448612,0.12407508892589048,6|recent|20992,recent,0.10110857192448612
2023-08-21 12:00:00,2023-08-21 12:00:00,2023-08-21 18:00:00,2023-08-22 18:00:00,6,prebreak,ok,0.0,neither,,26843,6|2023-07-01,ok,0.10110857192448612,0.06283752645891649,6|recent|20997,recent,0.10110857192448612
2023-08-22 18:00:00,2023-08-22 18:00:00,2023-08-23 00:00:00,2023-08-24 00:00:00,6,prebreak,ok,0.0,neither,,26848,6|2023-07-01,ok,0.10110857192448612,0.059173512559720594,6|recent|21002,recent,0.10110857192448612
2023-08-24 00:00:00,2023-08-24 00:00:00,2023-08-24 06:00:00,2023-08-25 06:00:00,6,prebreak,ok,0.0,neither,,26853,6|2023-07-01,ok,0.10110857192448612,0.07723448337491093,6|recent|21007,recent,0.10110857192448612
2023-08-25 06:00:00,2023-08-25 06:00:00,2023-08-25 12:00:00,2023-08-26 12:00:00,6,prebreak,ok,0.0,neither,,26858,6|2023-07-01,ok,0.10110857192448612,0.0800246951249158,6|recent|21012,recent,0.10110857192448612
2023-08-26 12:00:00,2023-08-26 12:00:00,2023-08-26 18:00:00,2023-08-27 18:00:00,6,prebreak,ok,0.0,neither,,26863,6|2023-07-01,ok,0.10110857192448612,0.08191341438687164,6|recent|21017,recent,0.10110857192448612
2023-08-27 18:00:00,2023-08-27 18:00:00,2023-08-28 00:00:00,2023-08-29 00:00:00,6,prebreak,ok,0.0,neither,,26868,6|2023-07-01,ok,0.10110857192448612,0.05209384022358826,6|recent|21022,recent,0.10110857192448612
2023-08-29 00:00:00,2023-08-29 00:00:00,2023-08-29 06:00:00,2023-08-30 06:00:00,6,prebreak,ok,0.0,upper_first,8.0,26873,6|2023-07-01,ok,0.10110857192448612,0.03884023499855427,6|recent|21027,recent,0.10110857192448612
2023-08-30 06:00:00,2023-08-30 06:00:00,2023-08-30 12:00:00,2023-08-31 12:00:00,6,prebreak,ok,0.0,neither,,26878,6|2023-07-01,ok,0.10110857192448612,0.141372672949426,6|recent|21032,recent,0.10110857192448612
2023-08-31 12:00:00,2023-08-31 12:00:00,2023-08-31 18:00:00,2023-09-01 18:00:00,6,prebreak,ok,0.0,neither,,26883,6|2023-07-01,ok,0.10110857192448612,0.14029521775540235,6|recent|21037,recent,0.10110857192448612
2023-09-02 18:00:00,2023-09-02 18:00:00,2023-09-03 00:00:00,2023-09-04 00:00:00,6,prebreak,ok,0.0,neither,,26892,6|2023-07-01,ok,0.10110857192448612,0.09806401888021442,6|recent|21046,recent,0.10110857192448612
2023-09-04 00:00:00,2023-09-04 00:00:00,2023-09-04 06:00:00,2023-09-05 06:00:00,6,prebreak,ok,0.0,neither,,26897,6|2023-07-01,ok,0.10110857192448612,0.06297883258026198,6|recent|21051,recent,0.10110857192448612
2023-09-06 00:00:00,2023-09-06 00:00:00,2023-09-06 06:00:00,2023-09-07 06:00:00,6,prebreak,ok,0.0,neither,,26905,6|2023-07-01,ok,0.10110857192448612,0.045346554850576,6|recent|21059,recent,0.10110857192448612
2023-09-07 06:00:00,2023-09-07 06:00:00,2023-09-07 12:00:00,2023-09-08 12:00:00,6,prebreak,ok,0.0,neither,,26910,6|2023-07-01,ok,0.10110857192448612,0.059021121148670586,6|recent|21064,recent,0.10110857192448612
2023-09-08 12:00:00,2023-09-08 12:00:00,2023-09-08 18:00:00,2023-09-09 18:00:00,6,prebreak,ok,0.0,neither,,26915,6|2023-07-01,ok,0.10110857192448612,0.07347115369419492,6|recent|21069,recent,0.10110857192448612
2023-09-09 18:00:00,2023-09-09 18:00:00,2023-09-10 00:00:00,2023-09-11 00:00:00,6,prebreak,ok,0.0,neither,,26920,6|2023-07-01,ok,0.10110857192448612,0.0687122686768312,6|recent|21074,recent,0.10110857192448612
2023-09-11 00:00:00,2023-09-11 00:00:00,2023-09-11 06:00:00,2023-09-12 06:00:00,6,prebreak,ok,0.0,neither,,26925,6|2023-07-01,ok,0.10110857192448612,0.050111920203315535,6|recent|21079,recent,0.10110857192448612
2023-09-12 18:00:00,2023-09-12 18:00:00,2023-09-13 00:00:00,2023-09-14 00:00:00,6,prebreak,ok,0.0,neither,,26932,6|2023-07-01,ok,0.10110857192448612,0.0973447865099128,6|recent|21086,recent,0.10110857192448612
2023-09-14 00:00:00,2023-09-14 00:00:00,2023-09-14 06:00:00,2023-09-15 06:00:00,6,prebreak,ok,0.0,neither,,26937,6|2023-07-01,ok,0.10110857192448612,0.09826902361361954,6|recent|21091,recent,0.10110857192448612
2023-09-15 06:00:00,2023-09-15 06:00:00,2023-09-15 12:00:00,2023-09-16 12:00:00,6,prebreak,ok,0.0,neither,,26942,6|2023-07-01,ok,0.10110857192448612,0.08618812293018834,6|recent|21096,recent,0.10110857192448612
2023-09-16 12:00:00,2023-09-16 12:00:00,2023-09-16 18:00:00,2023-09-17 18:00:00,6,prebreak,ok,0.0,neither,,26947,6|2023-07-01,ok,0.10110857192448612,0.0847960124930767,6|recent|21101,recent,0.10110857192448612
2023-09-17 18:00:00,2023-09-17 18:00:00,2023-09-18 00:00:00,2023-09-19 00:00:00,6,prebreak,ok,0.0,upper_first,12.0,26952,6|2023-07-01,ok,0.10110857192448612,0.06653263417912443,6|recent|21106,recent,0.10110857192448612
2023-09-19 00:00:00,2023-09-19 00:00:00,2023-09-19 06:00:00,2023-09-20 06:00:00,6,prebreak,ok,0.0,neither,,26957,6|2023-07-01,ok,0.10110857192448612,0.08225543554879282,6|recent|21111,recent,0.10110857192448612
2023-09-20 06:00:00,2023-09-20 06:00:00,2023-09-20 12:00:00,2023-09-21 12:00:00,6,prebreak,ok,0.0,neither,,26962,6|2023-07-01,ok,0.10110857192448612,0.09604048679647072,6|recent|21116,recent,0.10110857192448612
2023-09-21 12:00:00,2023-09-21 12:00:00,2023-09-21 18:00:00,2023-09-22 18:00:00,6,prebreak,ok,0.0,neither,,26967,6|2023-07-01,ok,0.10110857192448612,0.10049899665996309,6|recent|21121,recent,0.10110857192448612
2023-09-22 18:00:00,2023-09-22 18:00:00,2023-09-23 00:00:00,2023-09-24 00:00:00,6,prebreak,ok,0.0,neither,,26972,6|2023-07-01,ok,0.10110857192448612,0.07408008565874452,6|recent|21126,recent,0.10110857192448612
2023-09-24 00:00:00,2023-09-24 00:00:00,2023-09-24 06:00:00,2023-09-25 06:00:00,6,prebreak,ok,0.0,neither,,26977,6|2023-07-01,ok,0.10110857192448612,0.058390137826726876,6|recent|21131,recent,0.10110857192448612
2023-09-26 00:00:00,2023-09-26 00:00:00,2023-09-26 06:00:00,2023-09-27 06:00:00,6,prebreak,ok,0.0,neither,,26985,6|2023-07-01,ok,0.10110857192448612,0.051094945886696864,6|recent|21139,recent,0.10110857192448612
2023-09-27 06:00:00,2023-09-27 06:00:00,2023-09-27 12:00:00,2023-09-28 12:00:00,6,prebreak,ok,0.0,neither,,26990,6|2023-07-01,ok,0.10110857192448612,0.056509266606207656,6|recent|21144,recent,0.10110857192448612
2023-09-28 12:00:00,2023-09-28 12:00:00,2023-09-28 18:00:00,2023-09-29 18:00:00,6,prebreak,ok,0.0,neither,,26995,6|2023-07-01,ok,0.10110857192448612,0.07552636941869205,6|recent|21149,recent,0.10110857192448612
2023-09-29 18:00:00,2023-09-29 18:00:00,2023-09-30 00:00:00,2023-10-01 00:00:00,6,prebreak,ok,0.0,neither,,27000,6|2023-07-01,ok,0.10110857192448612,0.08355360543595122,6|recent|21154,recent,0.10110857192448612
2018-01-12 06:00:00,2018-01-12 06:00:00,2018-01-12 12:00:00,2018-01-13 12:00:00,6,prebreak,ok,0.0,upper_first,19.0,18654,6|2018-01-01,ok,0.12730769068776435,0.20935765326877379,6|price|12808,price,0.20935765326877379
2018-01-13 12:00:00,2018-01-13 12:00:00,2018-01-13 18:00:00,2018-01-14 18:00:00,6,prebreak,ok,1.0,lower_first,15.0,18659,6|2018-01-01,ok,0.12730769068776435,0.18921222400764895,6|price|12813,price,0.18921222400764895
2018-01-14 18:00:00,2018-01-14 18:00:00,2018-01-15 00:00:00,2018-01-16 00:00:00,6,prebreak,ok,0.0,upper_first,12.0,18664,6|2018-01-01,ok,0.12730769068776435,0.13900565671959433,6|price|12818,price,0.13900565671959433
2018-01-16 00:00:00,2018-01-16 00:00:00,2018-01-16 06:00:00,2018-01-17 06:00:00,6,prebreak,ok,1.0,lower_first,2.0,18669,6|2018-01-01,ok,0.12730769068776435,0.1217431816631644,6|price|12823,price,0.1217431816631644
2018-01-18 18:00:00,2018-01-18 18:00:00,2018-01-19 00:00:00,2018-01-20 00:00:00,6,prebreak,ok,0.0,upper_first,1.0,18680,6|2018-01-01,ok,0.12730769068776435,0.2813763013792528,6|price|12834,price,0.2813763013792528
2018-01-20 00:00:00,2018-01-20 00:00:00,2018-01-20 06:00:00,2018-01-21 06:00:00,6,prebreak,ok,0.0,upper_first,12.0,18685,6|2018-01-01,ok,0.12730769068776435,0.2401968016034494,6|price|12839,price,0.2401968016034494
2018-01-21 06:00:00,2018-01-21 06:00:00,2018-01-21 12:00:00,2018-01-22 12:00:00,6,prebreak,ok,1.0,lower_first,4.0,18690,6|2018-01-01,ok,0.12730769068776435,0.19516882840332603,6|price|12844,price,0.19516882840332603
2018-01-22 12:00:00,2018-01-22 12:00:00,2018-01-22 18:00:00,2018-01-23 18:00:00,6,prebreak,ok,1.0,lower_first,3.0,18695,6|2018-01-01,ok,0.12730769068776435,0.18554427388255623,6|price|12849,price,0.18554427388255623
2018-01-23 18:00:00,2018-01-23 18:00:00,2018-01-24 00:00:00,2018-01-25 00:00:00,6,prebreak,ok,0.0,upper_first,12.0,18700,6|2018-01-01,ok,0.12730769068776435,0.2028113351270195,6|price|12854,price,0.2028113351270195
2018-01-25 00:00:00,2018-01-25 00:00:00,2018-01-25 06:00:00,2018-01-26 06:00:00,6,prebreak,ok,1.0,lower_first,9.0,18705,6|2018-01-01,ok,0.12730769068776435,0.19835976866171098,6|price|12859,price,0.19835976866171098
2018-01-26 06:00:00,2018-01-26 06:00:00,2018-01-26 12:00:00,2018-01-27 12:00:00,6,prebreak,ok,0.0,upper_first,3.0,18710,6|2018-01-01,ok,0.12730769068776435,0.1650412053072519,6|price|12864,price,0.1650412053072519
2018-01-27 12:00:00,2018-01-27 12:00:00,2018-01-27 18:00:00,2018-01-28 18:00:00,6,prebreak,ok,0.0,upper_first,12.0,18715,6|2018-01-01,ok,0.12730769068776435,0.16632063625000912,6|price|12869,price,0.16632063625000912
2018-01-28 18:00:00,2018-01-28 18:00:00,2018-01-29 00:00:00,2018-01-30 00:00:00,6,prebreak,ok,1.0,lower_first,11.0,18720,6|2018-01-01,ok,0.12730769068776435,0.15257710663876273,6|price|12874,price,0.15257710663876273
2018-01-30 00:00:00,2018-01-30 00:00:00,2018-01-30 06:00:00,2018-01-31 06:00:00,6,prebreak,ok,1.0,lower_first,7.0,18725,6|2018-01-01,ok,0.12730769068776435,0.137341369329733,6|price|12879,price,0.137341369329733
2018-03-03 12:00:00,2018-03-03 12:00:00,2018-03-03 18:00:00,2018-03-04 18:00:00,6,prebreak,ok,0.0,neither,,18855,6|2018-01-01,ok,0.12730769068776435,0.12684310030053134,6|price|13009,price,0.12684310030053134
2018-03-04 18:00:00,2018-03-04 18:00:00,2018-03-05 00:00:00,2018-03-06 00:00:00,6,prebreak,ok,0.0,neither,,18860,6|2018-01-01,ok,0.12730769068776435,0.1318219743024953,6|price|13014,price,0.1318219743024953
2018-03-06 00:00:00,2018-03-06 00:00:00,2018-03-06 06:00:00,2018-03-07 06:00:00,6,prebreak,ok,1.0,lower_first,11.0,18865,6|2018-01-01,ok,0.12730769068776435,0.11916145539785317,6|price|13019,price,0.11916145539785317
2018-03-10 06:00:00,2018-03-10 06:00:00,2018-03-10 12:00:00,2018-03-11 12:00:00,6,prebreak,ok,1.0,lower_first,8.0,18882,6|2018-01-01,ok,0.12730769068776435,0.2284529369320377,6|price|13036,price,0.2284529369320377
2018-03-11 12:00:00,2018-03-11 12:00:00,2018-03-11 18:00:00,2018-03-12 18:00:00,6,prebreak,ok,1.0,lower_first,21.0,18887,6|2018-01-01,ok,0.12730769068776435,0.19962147582679177,6|price|13041,price,0.19962147582679177
2018-03-12 18:00:00,2018-03-12 18:00:00,2018-03-13 00:00:00,2018-03-14 00:00:00,6,prebreak,ok,0.0,upper_first,4.0,18892,6|2018-01-01,ok,0.12730769068776435,0.20479891162509886,6|price|13046,price,0.20479891162509886
2018-03-14 00:00:00,2018-03-14 00:00:00,2018-03-14 06:00:00,2018-03-15 06:00:00,6,prebreak,ok,1.0,lower_first,4.0,18897,6|2018-01-01,ok,0.12730769068776435,0.21341677200993187,6|price|13051,price,0.21341677200993187
2018-03-16 06:00:00,2018-03-16 06:00:00,2018-03-16 12:00:00,2018-03-17 12:00:00,6,prebreak,ok,0.0,upper_first,1.0,18906,6|2018-01-01,ok,0.12730769068776435,0.1984637881170774,6|price|13060,price,0.1984637881170774
2018-03-17 12:00:00,2018-03-17 12:00:00,2018-03-17 18:00:00,2018-03-18 18:00:00,6,prebreak,ok,1.0,lower_first,19.0,18911,6|2018-01-01,ok,0.12730769068776435,0.17644347984591083,6|price|13065,price,0.17644347984591083
2018-03-19 18:00:00,2018-03-19 18:00:00,2018-03-20 00:00:00,2018-03-21 00:00:00,6,prebreak,ok,0.0,upper_first,17.0,18920,6|2018-01-01,ok,0.12730769068776435,0.17778135670474854,6|price|13074,price,0.17778135670474854
2018-03-21 00:00:00,2018-03-21 00:00:00,2018-03-21 06:00:00,2018-03-22 06:00:00,6,prebreak,ok,0.0,neither,,18925,6|2018-01-01,ok,0.12730769068776435,0.1667109096397607,6|price|13079,price,0.1667109096397607
2018-03-22 06:00:00,2018-03-22 06:00:00,2018-03-22 12:00:00,2018-03-23 12:00:00,6,prebreak,ok,0.0,neither,,18930,6|2018-01-01,ok,0.12730769068776435,0.11818744065990368,6|price|13084,price,0.11818744065990368
2018-03-23 12:00:00,2018-03-23 12:00:00,2018-03-23 18:00:00,2018-03-24 18:00:00,6,prebreak,ok,0.0,upper_first,5.0,18935,6|2018-01-01,ok,0.12730769068776435,0.12087782051245267,6|price|13089,price,0.12087782051245267
2018-03-24 18:00:00,2018-03-24 18:00:00,2018-03-25 00:00:00,2018-03-26 00:00:00,6,prebreak,ok,0.0,neither,,18940,6|2018-01-01,ok,0.12730769068776435,0.1310477779267538,6|price|13094,price,0.1310477779267538
2018-03-26 00:00:00,2018-03-26 00:00:00,2018-03-26 06:00:00,2018-03-27 06:00:00,6,prebreak,ok,1.0,lower_first,6.0,18945,6|2018-01-01,ok,0.12730769068776435,0.13875490064342025,6|price|13099,price,0.13875490064342025
2018-03-28 06:00:00,2018-03-28 06:00:00,2018-03-28 12:00:00,2018-03-29 12:00:00,6,prebreak,ok,1.0,lower_first,16.0,18954,6|2018-01-01,ok,0.12730769068776435,0.14105792998711025,6|price|13108,price,0.14105792998711025
2018-03-31 06:00:00,2018-03-31 06:00:00,2018-03-31 12:00:00,2018-04-01 12:00:00,6,prebreak,ok,1.0,lower_first,19.0,18966,6|2018-01-01,ok,0.12730769068776435,0.1688173366575655,6|price|13120,price,0.1688173366575655
2018-04-01 12:00:00,2018-04-01 12:00:00,2018-04-01 18:00:00,2018-04-02 18:00:00,6,prebreak,ok,0.0,upper_first,6.0,18971,6|2018-04-01,ok,0.16481999154147045,0.2543165085534307,6|price|13125,price,0.2543165085534307
2018-04-02 18:00:00,2018-04-02 18:00:00,2018-04-03 00:00:00,2018-04-04 00:00:00,6,prebreak,ok,0.0,upper_first,4.0,18976,6|2018-04-01,ok,0.16481999154147045,0.19808790981078891,6|price|13130,price,0.19808790981078891
2018-04-04 00:00:00,2018-04-04 00:00:00,2018-04-04 06:00:00,2018-04-05 06:00:00,6,prebreak,ok,1.0,lower_first,8.0,18981,6|2018-04-01,ok,0.16481999154147045,0.1593748150594004,6|price|13135,price,0.1593748150594004
2018-04-06 06:00:00,2018-04-06 06:00:00,2018-04-06 12:00:00,2018-04-07 12:00:00,6,prebreak,ok,0.0,upper_first,13.0,18990,6|2018-04-01,ok,0.16481999154147045,0.17590906181181232,6|price|13144,price,0.17590906181181232
2018-04-07 12:00:00,2018-04-07 12:00:00,2018-04-07 18:00:00,2018-04-08 18:00:00,6,prebreak,ok,0.0,neither,,18995,6|2018-04-01,ok,0.16481999154147045,0.18852225725864397,6|price|13149,price,0.18852225725864397
2018-04-08 18:00:00,2018-04-08 18:00:00,2018-04-09 00:00:00,2018-04-10 00:00:00,6,prebreak,ok,1.0,lower_first,19.0,19000,6|2018-04-01,ok,0.16481999154147045,0.14468365657503254,6|price|13154,price,0.14468365657503254
2018-04-10 00:00:00,2018-04-10 00:00:00,2018-04-10 06:00:00,2018-04-11 06:00:00,6,prebreak,ok,0.0,neither,,19005,6|2018-04-01,ok,0.16481999154147045,0.15286285454894974,6|price|13159,price,0.15286285454894974
2018-04-11 06:00:00,2018-04-11 06:00:00,2018-04-11 12:00:00,2018-04-12 12:00:00,6,prebreak,ok,0.0,upper_first,23.0,19010,6|2018-04-01,ok,0.16481999154147045,0.1427898352645622,6|price|13164,price,0.1427898352645622
2018-04-12 18:00:00,2018-04-12 18:00:00,2018-04-13 00:00:00,2018-04-14 00:00:00,6,prebreak,ok,0.0,upper_first,7.0,19016,6|2018-04-01,ok,0.16481999154147045,0.23035452717440733,6|price|13170,price,0.23035452717440733
2018-04-14 00:00:00,2018-04-14 00:00:00,2018-04-14 06:00:00,2018-04-15 06:00:00,6,prebreak,ok,0.0,neither,,19021,6|2018-04-01,ok,0.16481999154147045,0.25329006587450126,6|price|13175,price,0.25329006587450126
2018-04-15 06:00:00,2018-04-15 06:00:00,2018-04-15 12:00:00,2018-04-16 12:00:00,6,prebreak,ok,0.0,neither,,19026,6|2018-04-01,ok,0.16481999154147045,0.24513163312614364,6|price|13180,price,0.24513163312614364
2018-04-16 12:00:00,2018-04-16 12:00:00,2018-04-16 18:00:00,2018-04-17 18:00:00,6,prebreak,ok,0.0,neither,,19031,6|2018-04-01,ok,0.16481999154147045,0.1724686273518634,6|price|13185,price,0.1724686273518634
2018-04-17 18:00:00,2018-04-17 18:00:00,2018-04-18 00:00:00,2018-04-19 00:00:00,6,prebreak,ok,0.0,upper_first,6.0,19036,6|2018-04-01,ok,0.16481999154147045,0.1706463327604134,6|price|13190,price,0.1706463327604134
2018-04-19 00:00:00,2018-04-19 00:00:00,2018-04-19 06:00:00,2018-04-20 06:00:00,6,prebreak,ok,0.0,neither,,19041,6|2018-04-01,ok,0.16481999154147045,0.16500768547095165,6|price|13195,price,0.16500768547095165
2018-04-20 06:00:00,2018-04-20 06:00:00,2018-04-20 12:00:00,2018-04-21 12:00:00,6,prebreak,ok,0.0,upper_first,10.0,19046,6|2018-04-01,ok,0.16481999154147045,0.12803238503474823,6|price|13200,price,0.12803238503474823
2018-04-21 12:00:00,2018-04-21 12:00:00,2018-04-21 18:00:00,2018-04-22 18:00:00,6,prebreak,ok,0.0,neither,,19051,6|2018-04-01,ok,0.16481999154147045,0.14284542379563128,6|price|13205,price,0.14284542379563128
2018-04-22 18:00:00,2018-04-22 18:00:00,2018-04-23 00:00:00,2018-04-24 00:00:00,6,prebreak,ok,0.0,neither,,19056,6|2018-04-01,ok,0.16481999154147045,0.12770239010948134,6|price|13210,price,0.12770239010948134
2018-04-24 00:00:00,2018-04-24 00:00:00,2018-04-24 06:00:00,2018-04-25 06:00:00,6,prebreak,ok,0.0,upper_first,16.0,19061,6|2018-04-01,ok,0.16481999154147045,0.10774259603895586,6|price|13215,price,0.10774259603895586
2018-04-25 06:00:00,2018-04-25 06:00:00,2018-04-25 12:00:00,2018-04-26 12:00:00,6,prebreak,ok,1.0,lower_first,2.0,19066,6|2018-04-01,ok,0.16481999154147045,0.148177920103333,6|price|13220,price,0.148177920103333
2018-04-26 18:00:00,2018-04-26 18:00:00,2018-04-27 00:00:00,2018-04-28 00:00:00,6,prebreak,ok,0.0,neither,,19072,6|2018-04-01,ok,0.16481999154147045,0.21551812807824855,6|price|13226,price,0.21551812807824855
2018-04-28 00:00:00,2018-04-28 00:00:00,2018-04-28 06:00:00,2018-04-29 06:00:00,6,prebreak,ok,0.0,upper_first,6.0,19077,6|2018-04-01,ok,0.16481999154147045,0.2281234660038578,6|price|13231,price,0.2281234660038578
2018-04-29 06:00:00,2018-04-29 06:00:00,2018-04-29 12:00:00,2018-04-30 12:00:00,6,prebreak,ok,0.0,neither,,19082,6|2018-04-01,ok,0.16481999154147045,0.15995981919344937,6|price|13236,price,0.15995981919344937
2018-04-30 12:00:00,2018-04-30 12:00:00,2018-04-30 18:00:00,2018-05-01 18:00:00,6,prebreak,ok,1.0,lower_first,18.0,19087,6|2018-04-01,ok,0.16481999154147045,0.16136498877676553,6|price|13241,price,0.16136498877676553
2018-05-01 18:00:00,2018-05-01 18:00:00,2018-05-02 00:00:00,2018-05-03 00:00:00,6,prebreak,ok,0.0,neither,,19092,6|2018-04-01,ok,0.16481999154147045,0.16297821925434702,6|price|13246,price,0.16297821925434702
2018-05-03 00:00:00,2018-05-03 00:00:00,2018-05-03 06:00:00,2018-05-04 06:00:00,6,prebreak,ok,0.0,upper_first,10.0,19097,6|2018-04-01,ok,0.16481999154147045,0.14965555004161255,6|price|13251,price,0.14965555004161255
2018-05-04 06:00:00,2018-05-04 06:00:00,2018-05-04 12:00:00,2018-05-05 12:00:00,6,prebreak,ok,0.0,neither,,19102,6|2018-04-01,ok,0.16481999154147045,0.12377573658002163,6|price|13256,price,0.12377573658002163
2018-05-05 12:00:00,2018-05-05 12:00:00,2018-05-05 18:00:00,2018-05-06 18:00:00,6,prebreak,ok,0.0,neither,,19107,6|2018-04-01,ok,0.16481999154147045,0.11990972697734988,6|price|13261,price,0.11990972697734988
2018-05-06 18:00:00,2018-05-06 18:00:00,2018-05-07 00:00:00,2018-05-08 00:00:00,6,prebreak,ok,0.0,neither,,19112,6|2018-04-01,ok,0.16481999154147045,0.14959582057051668,6|price|13266,price,0.14959582057051668
2018-05-08 06:00:00,2018-05-08 06:00:00,2018-05-08 12:00:00,2018-05-09 12:00:00,6,prebreak,ok,0.0,neither,,19118,6|2018-04-01,ok,0.16481999154147045,0.14118475799816574,6|price|13272,price,0.14118475799816574
2018-07-04 06:00:00,2018-07-04 06:00:00,2018-07-04 12:00:00,2018-07-05 12:00:00,6,prebreak,ok,0.0,upper_first,1.0,19346,6|2018-07-01,ok,0.16033612730160307,0.12436348426462826,6|price|13500,price,0.12436348426462826
2018-07-05 12:00:00,2018-07-05 12:00:00,2018-07-05 18:00:00,2018-07-06 18:00:00,6,prebreak,ok,0.0,neither,,19351,6|2018-07-01,ok,0.16033612730160307,0.15406904099053184,6|price|13505,price,0.15406904099053184
2018-07-06 18:00:00,2018-07-06 18:00:00,2018-07-07 00:00:00,2018-07-08 00:00:00,6,prebreak,ok,0.0,upper_first,23.0,19356,6|2018-07-01,ok,0.16033612730160307,0.12365504810079256,6|price|13510,price,0.12365504810079256
2018-07-08 06:00:00,2018-07-08 06:00:00,2018-07-08 12:00:00,2018-07-09 12:00:00,6,prebreak,ok,0.0,neither,,19362,6|2018-07-01,ok,0.16033612730160307,0.1113752417771075,6|price|13516,price,0.1113752417771075
2018-07-10 06:00:00,2018-07-10 06:00:00,2018-07-10 12:00:00,2018-07-11 12:00:00,6,prebreak,ok,0.0,neither,,19370,6|2018-07-01,ok,0.16033612730160307,0.10052157673233929,6|price|13524,price,0.10052157673233929
2018-07-12 00:00:00,2018-07-12 00:00:00,2018-07-12 06:00:00,2018-07-13 06:00:00,6,prebreak,ok,0.0,neither,,19377,6|2018-07-01,ok,0.16033612730160307,0.11328294710657869,6|price|13531,price,0.11328294710657869
2018-07-13 12:00:00,2018-07-13 12:00:00,2018-07-13 18:00:00,2018-07-14 18:00:00,6,prebreak,ok,0.0,neither,,19383,6|2018-07-01,ok,0.16033612730160307,0.11831901282426543,6|price|13537,price,0.11831901282426543
2018-07-15 00:00:00,2018-07-15 00:00:00,2018-07-15 06:00:00,2018-07-16 06:00:00,6,prebreak,ok,0.0,neither,,19389,6|2018-07-01,ok,0.16033612730160307,0.10122947576874809,6|price|13543,price,0.10122947576874809
2018-07-18 00:00:00,2018-07-18 00:00:00,2018-07-18 06:00:00,2018-07-19 06:00:00,6,prebreak,ok,0.0,neither,,19401,6|2018-07-01,ok,0.16033612730160307,0.15777699774866302,6|price|13555,price,0.15777699774866302
2018-07-19 06:00:00,2018-07-19 06:00:00,2018-07-19 12:00:00,2018-07-20 12:00:00,6,prebreak,ok,0.0,neither,,19406,6|2018-07-01,ok,0.16033612730160307,0.15731185548665824,6|price|13560,price,0.15731185548665824
2018-07-20 12:00:00,2018-07-20 12:00:00,2018-07-20 18:00:00,2018-07-21 18:00:00,6,prebreak,ok,0.0,neither,,19411,6|2018-07-01,ok,0.16033612730160307,0.16814524271948939,6|price|13565,price,0.16814524271948939
2018-07-21 18:00:00,2018-07-21 18:00:00,2018-07-22 00:00:00,2018-07-23 00:00:00,6,prebreak,ok,0.0,neither,,19416,6|2018-07-01,ok,0.16033612730160307,0.12863740978113616,6|price|13570,price,0.12863740978113616
2018-07-23 00:00:00,2018-07-23 00:00:00,2018-07-23 06:00:00,2018-07-24 06:00:00,6,prebreak,ok,0.0,upper_first,23.0,19421,6|2018-07-01,ok,0.16033612730160307,0.13795729749796587,6|price|13575,price,0.13795729749796587
2018-07-24 18:00:00,2018-07-24 18:00:00,2018-07-25 00:00:00,2018-07-26 00:00:00,6,prebreak,ok,0.0,neither,,19428,6|2018-07-01,ok,0.16033612730160307,0.10976070581559519,6|price|13582,price,0.10976070581559519
2018-07-26 00:00:00,2018-07-26 00:00:00,2018-07-26 06:00:00,2018-07-27 06:00:00,6,prebreak,ok,0.0,neither,,19433,6|2018-07-01,ok,0.16033612730160307,0.10853138499425964,6|price|13587,price,0.10853138499425964
2018-07-27 06:00:00,2018-07-27 06:00:00,2018-07-27 12:00:00,2018-07-28 12:00:00,6,prebreak,ok,0.0,upper_first,3.0,19438,6|2018-07-01,ok,0.16033612730160307,0.14841336627240634,6|price|13592,price,0.14841336627240634
2018-07-28 18:00:00,2018-07-28 18:00:00,2018-07-29 00:00:00,2018-07-30 00:00:00,6,prebreak,ok,0.0,neither,,19444,6|2018-07-01,ok,0.16033612730160307,0.1524120633075481,6|price|13598,price,0.1524120633075481
2018-07-30 00:00:00,2018-07-30 00:00:00,2018-07-30 06:00:00,2018-07-31 06:00:00,6,prebreak,ok,0.0,neither,,19449,6|2018-07-01,ok,0.16033612730160307,0.12376445590607046,6|price|13603,price,0.12376445590607046
2018-08-02 06:00:00,2018-08-02 06:00:00,2018-08-02 12:00:00,2018-08-03 12:00:00,6,prebreak,ok,0.0,neither,,19462,6|2018-07-01,ok,0.16033612730160307,0.1601675479678521,6|price|13616,price,0.1601675479678521
2018-08-04 06:00:00,2018-08-04 06:00:00,2018-08-04 12:00:00,2018-08-05 12:00:00,6,prebreak,ok,1.0,lower_first,2.0,19470,6|2018-07-01,ok,0.16033612730160307,0.14101159457167636,6|price|13624,price,0.14101159457167636
2018-08-06 06:00:00,2018-08-06 06:00:00,2018-08-06 12:00:00,2018-08-07 12:00:00,6,prebreak,ok,0.0,neither,,19478,6|2018-07-01,ok,0.16033612730160307,0.1590602404643049,6|price|13632,price,0.1590602404643049
2018-08-09 18:00:00,2018-08-09 18:00:00,2018-08-10 00:00:00,2018-08-11 00:00:00,6,prebreak,ok,,censored,,19492,6|2018-07-01,ok,0.16033612730160307,0.17108268776567212,6|price|13646,price,0.17108268776567212
2018-09-09 18:00:00,2018-09-09 18:00:00,2018-09-10 00:00:00,2018-09-11 00:00:00,6,prebreak,ok,0.0,neither,,19616,6|2018-07-01,ok,0.16033612730160307,0.1462557409089696,6|price|13770,price,0.1462557409089696
2018-09-11 00:00:00,2018-09-11 00:00:00,2018-09-11 06:00:00,2018-09-12 06:00:00,6,prebreak,ok,0.0,neither,,19621,6|2018-07-01,ok,0.16033612730160307,0.14101011064147911,6|price|13775,price,0.14101011064147911
2018-09-12 06:00:00,2018-09-12 06:00:00,2018-09-12 12:00:00,2018-09-13 12:00:00,6,prebreak,ok,0.0,upper_first,12.0,19626,6|2018-07-01,ok,0.16033612730160307,0.13706784868454813,6|price|13780,price,0.13706784868454813
2018-09-14 12:00:00,2018-09-14 12:00:00,2018-09-14 18:00:00,2018-09-15 18:00:00,6,prebreak,ok,0.0,neither,,19635,6|2018-07-01,ok,0.16033612730160307,0.10384150845199726,6|price|13789,price,0.10384150845199726
2018-09-15 18:00:00,2018-09-15 18:00:00,2018-09-16 00:00:00,2018-09-17 00:00:00,6,prebreak,ok,0.0,neither,,19640,6|2018-07-01,ok,0.16033612730160307,0.10015978790862362,6|price|13794,price,0.10015978790862362
2018-09-19 12:00:00,2018-09-19 12:00:00,2018-09-19 18:00:00,2018-09-20 18:00:00,6,prebreak,ok,0.0,neither,,19655,6|2018-07-01,ok,0.16033612730160307,0.10587467958912114,6|price|13809,price,0.10587467958912114
2018-09-21 00:00:00,2018-09-21 00:00:00,2018-09-21 06:00:00,2018-09-22 06:00:00,6,prebreak,ok,0.0,upper_first,2.0,19661,6|2018-07-01,ok,0.16033612730160307,0.14548978589310932,6|price|13815,price,0.14548978589310932
2018-09-22 06:00:00,2018-09-22 06:00:00,2018-09-22 12:00:00,2018-09-23 12:00:00,6,prebreak,ok,0.0,neither,,19666,6|2018-07-01,ok,0.16033612730160307,0.14801893373713906,6|price|13820,price,0.14801893373713906
2018-09-23 12:00:00,2018-09-23 12:00:00,2018-09-23 18:00:00,2018-09-24 18:00:00,6,prebreak,ok,0.0,neither,,19671,6|2018-07-01,ok,0.16033612730160307,0.10362154520065976,6|price|13825,price,0.10362154520065976
2018-09-27 00:00:00,2018-09-27 00:00:00,2018-09-27 06:00:00,2018-09-28 06:00:00,6,prebreak,ok,0.0,upper_first,13.0,19685,6|2018-07-01,ok,0.16033612730160307,0.10693943863911086,6|price|13839,price,0.10693943863911086
2018-09-28 12:00:00,2018-09-28 12:00:00,2018-09-28 18:00:00,2018-09-29 18:00:00,6,prebreak,ok,0.0,neither,,19691,6|2018-07-01,ok,0.16033612730160307,0.10770073851471428,6|price|13845,price,0.10770073851471428
2018-09-29 18:00:00,2018-09-29 18:00:00,2018-09-30 00:00:00,2018-10-01 00:00:00,6,prebreak,ok,0.0,neither,,19696,6|2018-07-01,ok,0.16033612730160307,0.12152398016012736,6|price|13850,price,0.12152398016012736
2018-10-01 06:00:00,2018-10-01 06:00:00,2018-10-01 12:00:00,2018-10-02 12:00:00,6,prebreak,ok,0.0,neither,,19702,6|2018-10-01,ok,0.14044577682854759,0.10115611291303471,6|price|13856,price,0.10115611291303471
2018-10-12 06:00:00,2018-10-12 06:00:00,2018-10-12 12:00:00,2018-10-13 12:00:00,6,prebreak,ok,0.0,neither,,19746,6|2018-10-01,ok,0.14044577682854759,0.11256756284354283,6|price|13900,price,0.11256756284354283
2018-10-13 12:00:00,2018-10-13 12:00:00,2018-10-13 18:00:00,2018-10-14 18:00:00,6,prebreak,ok,0.0,neither,,19751,6|2018-10-01,ok,0.14044577682854759,0.11161538776105422,6|price|13905,price,0.11161538776105422
2018-10-15 12:00:00,2018-10-15 12:00:00,2018-10-15 18:00:00,2018-10-16 18:00:00,6,prebreak,ok,0.0,neither,,19759,6|2018-10-01,ok,0.14044577682854759,0.1595269298440935,6|price|13913,price,0.1595269298440935
2018-10-16 18:00:00,2018-10-16 18:00:00,2018-10-17 00:00:00,2018-10-18 00:00:00,6,prebreak,ok,0.0,neither,,19764,6|2018-10-01,ok,0.14044577682854759,0.15760971678005783,6|price|13918,price,0.15760971678005783
2018-10-18 00:00:00,2018-10-18 00:00:00,2018-10-18 06:00:00,2018-10-19 06:00:00,6,prebreak,ok,0.0,neither,,19769,6|2018-10-01,ok,0.14044577682854759,0.15410766288494762,6|price|13923,price,0.15410766288494762
2018-11-16 18:00:00,2018-11-16 18:00:00,2018-11-17 00:00:00,2018-11-18 00:00:00,6,prebreak,ok,0.0,neither,,19888,6|2018-10-01,ok,0.14044577682854759,0.22271618001717278,6|price|14042,price,0.22271618001717278
2018-11-18 00:00:00,2018-11-18 00:00:00,2018-11-18 06:00:00,2018-11-19 06:00:00,6,prebreak,ok,0.0,neither,,19893,6|2018-10-01,ok,0.14044577682854759,0.17235279984336213,6|price|14047,price,0.17235279984336213
2018-11-19 06:00:00,2018-11-19 06:00:00,2018-11-19 12:00:00,2018-11-20 12:00:00,6,prebreak,ok,1.0,lower_first,4.0,19898,6|2018-10-01,ok,0.14044577682854759,0.11371128523026083,6|price|14052,price,0.11371128523026083
2018-11-21 12:00:00,2018-11-21 12:00:00,2018-11-21 18:00:00,2018-11-22 18:00:00,6,prebreak,ok,0.0,upper_first,5.0,19907,6|2018-10-01,ok,0.14044577682854759,0.2507252182757924,6|price|14061,price,0.2507252182757924
2018-11-22 18:00:00,2018-11-22 18:00:00,2018-11-23 00:00:00,2018-11-24 00:00:00,6,prebreak,ok,0.0,neither,,19912,6|2018-10-01,ok,0.14044577682854759,0.25851266230844727,6|price|14066,price,0.25851266230844727
2018-11-24 00:00:00,2018-11-24 00:00:00,2018-11-24 06:00:00,2018-11-25 06:00:00,6,prebreak,ok,1.0,lower_first,15.0,19917,6|2018-10-01,ok,0.14044577682854759,0.19462505658210225,6|price|14071,price,0.19462505658210225
2018-11-26 06:00:00,2018-11-26 06:00:00,2018-11-26 12:00:00,2018-11-27 12:00:00,6,prebreak,ok,1.0,lower_first,2.0,19926,6|2018-10-01,ok,0.14044577682854759,0.22517918302048165,6|price|14080,price,0.22517918302048165
2018-11-27 12:00:00,2018-11-27 12:00:00,2018-11-27 18:00:00,2018-11-28 18:00:00,6,prebreak,ok,0.0,upper_first,3.0,19931,6|2018-10-01,ok,0.14044577682854759,0.2667361994271193,6|price|14085,price,0.2667361994271193
2018-11-28 18:00:00,2018-11-28 18:00:00,2018-11-29 00:00:00,2018-11-30 00:00:00,6,prebreak,ok,0.0,upper_first,9.0,19936,6|2018-10-01,ok,0.14044577682854759,0.20999470283182115,6|price|14090,price,0.20999470283182115
2018-11-30 00:00:00,2018-11-30 00:00:00,2018-11-30 06:00:00,2018-12-01 06:00:00,6,prebreak,ok,1.0,lower_first,4.0,19941,6|2018-10-01,ok,0.14044577682854759,0.1761843779014446,6|price|14095,price,0.1761843779014446
2018-12-01 06:00:00,2018-12-01 06:00:00,2018-12-01 12:00:00,2018-12-02 12:00:00,6,prebreak,ok,0.0,upper_first,4.0,19946,6|2018-10-01,ok,0.14044577682854759,0.19195146588761436,6|price|14100,price,0.19195146588761436
2018-12-02 12:00:00,2018-12-02 12:00:00,2018-12-02 18:00:00,2018-12-03 18:00:00,6,prebreak,ok,1.0,lower_first,21.0,19951,6|2018-10-01,ok,0.14044577682854759,0.17289286548856259,6|price|14105,price,0.17289286548856259
2018-12-04 18:00:00,2018-12-04 18:00:00,2018-12-05 00:00:00,2018-12-06 00:00:00,6,prebreak,ok,1.0,lower_first,16.0,19960,6|2018-10-01,ok,0.14044577682854759,0.18114375405682917,6|price|14114,price,0.18114375405682917
2018-12-06 18:00:00,2018-12-06 18:00:00,2018-12-07 00:00:00,2018-12-08 00:00:00,6,prebreak,ok,1.0,lower_first,16.0,19968,6|2018-10-01,ok,0.14044577682854759,0.18196021182263317,6|price|14122,price,0.18196021182263317
2018-12-08 18:00:00,2018-12-08 18:00:00,2018-12-09 00:00:00,2018-12-10 00:00:00,6,prebreak,ok,0.0,upper_first,14.0,19976,6|2018-10-01,ok,0.14044577682854759,0.23519000066901086,6|price|14130,price,0.23519000066901086
2018-12-10 00:00:00,2018-12-10 00:00:00,2018-12-10 06:00:00,2018-12-11 06:00:00,6,prebreak,ok,0.0,neither,,19981,6|2018-10-01,ok,0.14044577682854759,0.22978929144991547,6|price|14135,price,0.22978929144991547
2018-12-11 06:00:00,2018-12-11 06:00:00,2018-12-11 12:00:00,2018-12-12 12:00:00,6,prebreak,ok,0.0,upper_first,23.0,19986,6|2018-10-01,ok,0.14044577682854759,0.14573330994400535,6|price|14140,price,0.14573330994400535
2018-12-12 12:00:00,2018-12-12 12:00:00,2018-12-12 18:00:00,2018-12-13 18:00:00,6,prebreak,ok,0.0,neither,,19991,6|2018-10-01,ok,0.14044577682854759,0.10429348635877819,6|price|14145,price,0.10429348635877819
2018-12-15 18:00:00,2018-12-15 18:00:00,2018-12-16 00:00:00,2018-12-17 00:00:00,6,prebreak,ok,0.0,neither,,20004,6|2018-10-01,ok,0.14044577682854759,0.118808078115981,6|price|14158,price,0.118808078115981
2018-12-18 00:00:00,2018-12-18 00:00:00,2018-12-18 06:00:00,2018-12-19 06:00:00,6,prebreak,ok,0.0,upper_first,17.0,20013,6|2018-10-01,ok,0.14044577682854759,0.11675933025350921,6|price|14167,price,0.11675933025350921
2018-12-19 06:00:00,2018-12-19 06:00:00,2018-12-19 12:00:00,2018-12-20 12:00:00,6,prebreak,ok,0.0,upper_first,20.0,20018,6|2018-10-01,ok,0.14044577682854759,0.12490177872135741,6|price|14172,price,0.12490177872135741
2018-12-20 12:00:00,2018-12-20 12:00:00,2018-12-20 18:00:00,2018-12-21 18:00:00,6,prebreak,ok,0.0,neither,,20023,6|2018-10-01,ok,0.14044577682854759,0.15995531575548466,6|price|14177,price,0.15995531575548466
2018-12-21 18:00:00,2018-12-21 18:00:00,2018-12-22 00:00:00,2018-12-23 00:00:00,6,prebreak,ok,0.0,upper_first,23.0,20028,6|2018-10-01,ok,0.14044577682854759,0.21535396832291354,6|price|14182,price,0.21535396832291354
2018-12-23 00:00:00,2018-12-23 00:00:00,2018-12-23 06:00:00,2018-12-24 06:00:00,6,prebreak,ok,0.0,upper_first,18.0,20033,6|2018-10-01,ok,0.14044577682854759,0.2132623036484255,6|price|14187,price,0.2132623036484255
2018-12-24 06:00:00,2018-12-24 06:00:00,2018-12-24 12:00:00,2018-12-25 12:00:00,6,prebreak,ok,1.0,lower_first,12.0,20038,6|2018-10-01,ok,0.14044577682854759,0.16347891213990523,6|price|14192,price,0.16347891213990523
2019-02-08 18:00:00,2019-02-08 18:00:00,2019-02-09 00:00:00,2019-02-10 00:00:00,6,prebreak,ok,0.0,neither,,20224,6|2019-01-01,ok,0.14340869320469574,0.1307848452017761,6|price|14378,price,0.1307848452017761
2019-02-10 00:00:00,2019-02-10 00:00:00,2019-02-10 06:00:00,2019-02-11 06:00:00,6,prebreak,ok,0.0,neither,,20229,6|2019-01-01,ok,0.14340869320469574,0.13673878123831898,6|price|14383,price,0.13673878123831898
2019-02-11 06:00:00,2019-02-11 06:00:00,2019-02-11 12:00:00,2019-02-12 12:00:00,6,prebreak,ok,0.0,neither,,20234,6|2019-01-01,ok,0.14340869320469574,0.15226798702242814,6|price|14388,price,0.15226798702242814
2019-02-20 00:00:00,2019-02-20 00:00:00,2019-02-20 06:00:00,2019-02-21 06:00:00,6,prebreak,ok,0.0,neither,,20269,6|2019-01-01,ok,0.14340869320469574,0.10911170617506148,6|price|14423,price,0.10911170617506148
2019-02-21 06:00:00,2019-02-21 06:00:00,2019-02-21 12:00:00,2019-02-22 12:00:00,6,prebreak,ok,0.0,neither,,20274,6|2019-01-01,ok,0.14340869320469574,0.10393401962513024,6|price|14428,price,0.10393401962513024
2019-02-22 12:00:00,2019-02-22 12:00:00,2019-02-22 18:00:00,2019-02-23 18:00:00,6,prebreak,ok,0.0,upper_first,23.0,20279,6|2019-01-01,ok,0.14340869320469574,0.10318435812068788,6|price|14433,price,0.10318435812068788
2019-02-24 00:00:00,2019-02-24 00:00:00,2019-02-24 06:00:00,2019-02-25 06:00:00,6,prebreak,ok,1.0,lower_first,8.0,20285,6|2019-01-01,ok,0.14340869320469574,0.10659897070446679,6|price|14439,price,0.10659897070446679
2019-02-25 18:00:00,2019-02-25 18:00:00,2019-02-26 00:00:00,2019-02-27 00:00:00,6,prebreak,ok,0.0,neither,,20292,6|2019-01-01,ok,0.14340869320469574,0.2002838500513251,6|price|14446,price,0.2002838500513251
2019-02-27 00:00:00,2019-02-27 00:00:00,2019-02-27 06:00:00,2019-02-28 06:00:00,6,prebreak,ok,0.0,neither,,20297,6|2019-01-01,ok,0.14340869320469574,0.19029239815786048,6|price|14451,price,0.19029239815786048
2019-04-02 06:00:00,2019-04-02 06:00:00,2019-04-02 12:00:00,2019-04-03 12:00:00,6,prebreak,ok,0.0,upper_first,11.0,20434,6|2019-04-01,ok,0.11953934380164892,0.185224612465291,6|price|14588,price,0.185224612465291
2019-04-03 12:00:00,2019-04-03 12:00:00,2019-04-03 18:00:00,2019-04-04 18:00:00,6,prebreak,ok,0.0,upper_first,2.0,20439,6|2019-04-01,ok,0.11953934380164892,0.20172738116270184,6|price|14593,price,0.20172738116270184
2019-04-04 18:00:00,2019-04-04 18:00:00,2019-04-05 00:00:00,2019-04-06 00:00:00,6,prebreak,ok,0.0,upper_first,13.0,20444,6|2019-04-01,ok,0.11953934380164892,0.23276110392383703,6|price|14598,price,0.23276110392383703
2019-04-06 00:00:00,2019-04-06 00:00:00,2019-04-06 06:00:00,2019-04-07 06:00:00,6,prebreak,ok,0.0,upper_first,10.0,20449,6|2019-04-01,ok,0.11953934380164892,0.18442687145528708,6|price|14603,price,0.18442687145528708
2019-04-07 06:00:00,2019-04-07 06:00:00,2019-04-07 12:00:00,2019-04-08 12:00:00,6,prebreak,ok,0.0,upper_first,10.0,20454,6|2019-04-01,ok,0.11953934380164892,0.12247876385182216,6|price|14608,price,0.12247876385182216
2019-04-08 12:00:00,2019-04-08 12:00:00,2019-04-08 18:00:00,2019-04-09 18:00:00,6,prebreak,ok,0.0,neither,,20459,6|2019-04-01,ok,0.11953934380164892,0.13903285325399367,6|price|14613,price,0.13903285325399367
2019-04-09 18:00:00,2019-04-09 18:00:00,2019-04-10 00:00:00,2019-04-11 00:00:00,6,prebreak,ok,0.0,upper_first,18.0,20464,6|2019-04-01,ok,0.11953934380164892,0.11939634501951865,6|price|14618,price,0.11939634501951865
2019-04-11 00:00:00,2019-04-11 00:00:00,2019-04-11 06:00:00,2019-04-12 06:00:00,6,prebreak,ok,,censored,,20469,6|2019-04-01,ok,0.11953934380164892,0.12533835067118232,6|price|14623,price,0.12533835067118232
2019-05-11 18:00:00,2019-05-11 18:00:00,2019-05-12 00:00:00,2019-05-13 00:00:00,6,prebreak,ok,0.0,upper_first,6.0,20592,6|2019-04-01,ok,0.11953934380164892,0.1040613479555037,6|price|14746,price,0.1040613479555037
2019-05-13 00:00:00,2019-05-13 00:00:00,2019-05-13 06:00:00,2019-05-14 06:00:00,6,prebreak,ok,0.0,upper_first,5.0,20597,6|2019-04-01,ok,0.11953934380164892,0.16941380079796764,6|price|14751,price,0.16941380079796764
2019-05-14 06:00:00,2019-05-14 06:00:00,2019-05-14 12:00:00,2019-05-15 12:00:00,6,prebreak,ok,1.0,lower_first,8.0,20602,6|2019-04-01,ok,0.11953934380164892,0.20025035006288922,6|price|14756,price,0.20025035006288922
2019-05-15 12:00:00,2019-05-15 12:00:00,2019-05-15 18:00:00,2019-05-16 18:00:00,6,prebreak,ok,0.0,upper_first,6.0,20607,6|2019-04-01,ok,0.11953934380164892,0.20889263654566428,6|price|14761,price,0.20889263654566428
2019-05-16 18:00:00,2019-05-16 18:00:00,2019-05-17 00:00:00,2019-05-18 00:00:00,6,prebreak,ok,1.0,lower_first,2.0,20612,6|2019-04-01,ok,0.11953934380164892,0.22186035690821113,6|price|14766,price,0.22186035690821113
2019-05-18 06:00:00,2019-05-18 06:00:00,2019-05-18 12:00:00,2019-05-19 12:00:00,6,prebreak,ok,0.0,upper_first,13.0,20618,6|2019-04-01,ok,0.11953934380164892,0.19878453647130456,6|price|14772,price,0.19878453647130456
2019-05-19 12:00:00,2019-05-19 12:00:00,2019-05-19 18:00:00,2019-05-20 18:00:00,6,prebreak,ok,0.0,upper_first,4.0,20623,6|2019-04-01,ok,0.11953934380164892,0.1885350545606589,6|price|14777,price,0.1885350545606589
2019-05-20 18:00:00,2019-05-20 18:00:00,2019-05-21 00:00:00,2019-05-22 00:00:00,6,prebreak,ok,0.0,neither,,20628,6|2019-04-01,ok,0.11953934380164892,0.16847865549330163,6|price|14782,price,0.16847865549330163
2019-05-22 00:00:00,2019-05-22 00:00:00,2019-05-22 06:00:00,2019-05-23 06:00:00,6,prebreak,ok,1.0,lower_first,16.0,20633,6|2019-04-01,ok,0.11953934380164892,0.18702286279622823,6|price|14787,price,0.18702286279622823
2019-05-23 06:00:00,2019-05-23 06:00:00,2019-05-23 12:00:00,2019-05-24 12:00:00,6,prebreak,ok,0.0,upper_first,4.0,20638,6|2019-04-01,ok,0.11953934380164892,0.1543619942564397,6|price|14792,price,0.1543619942564397
2019-05-24 12:00:00,2019-05-24 12:00:00,2019-05-24 18:00:00,2019-05-25 18:00:00,6,prebreak,ok,0.0,neither,,20643,6|2019-04-01,ok,0.11953934380164892,0.11670189600829332,6|price|14797,price,0.11670189600829332
2019-05-25 18:00:00,2019-05-25 18:00:00,2019-05-26 00:00:00,2019-05-27 00:00:00,6,prebreak,ok,0.0,upper_first,19.0,20648,6|2019-04-01,ok,0.11953934380164892,0.10420700907791733,6|price|14802,price,0.10420700907791733
2019-05-27 00:00:00,2019-05-27 00:00:00,2019-05-27 06:00:00,2019-05-28 06:00:00,6,prebreak,ok,0.0,neither,,20653,6|2019-04-01,ok,0.11953934380164892,0.12759876448841076,6|price|14807,price,0.12759876448841076
2019-05-28 06:00:00,2019-05-28 06:00:00,2019-05-28 12:00:00,2019-05-29 12:00:00,6,prebreak,ok,0.0,neither,,20658,6|2019-04-01,ok,0.11953934380164892,0.16037236613031045,6|price|14812,price,0.16037236613031045
2019-05-29 12:00:00,2019-05-29 12:00:00,2019-05-29 18:00:00,2019-05-30 18:00:00,6,prebreak,ok,0.0,upper_first,21.0,20663,6|2019-04-01,ok,0.11953934380164892,0.15911942419443273,6|price|14817,price,0.15911942419443273
2019-05-30 18:00:00,2019-05-30 18:00:00,2019-05-31 00:00:00,2019-06-01 00:00:00,6,prebreak,ok,0.0,upper_first,21.0,20668,6|2019-04-01,ok,0.11953934380164892,0.15295022271329978,6|price|14822,price,0.15295022271329978
2019-06-01 00:00:00,2019-06-01 00:00:00,2019-06-01 06:00:00,2019-06-02 06:00:00,6,prebreak,ok,0.0,neither,,20673,6|2019-04-01,ok,0.11953934380164892,0.1503539011269387,6|price|14827,price,0.1503539011269387
2019-06-02 06:00:00,2019-06-02 06:00:00,2019-06-02 12:00:00,2019-06-03 12:00:00,6,prebreak,ok,0.0,neither,,20678,6|2019-04-01,ok,0.11953934380164892,0.1463824763908987,6|price|14832,price,0.1463824763908987
2019-06-03 12:00:00,2019-06-03 12:00:00,2019-06-03 18:00:00,2019-06-04 18:00:00,6,prebreak,ok,1.0,lower_first,5.0,20683,6|2019-04-01,ok,0.11953934380164892,0.10266192855442988,6|price|14837,price,0.10266192855442988
2019-06-06 00:00:00,2019-06-06 00:00:00,2019-06-06 06:00:00,2019-06-07 06:00:00,6,prebreak,ok,0.0,neither,,20693,6|2019-04-01,ok,0.11953934380164892,0.20238715082370076,6|price|14847,price,0.20238715082370076
2019-06-07 06:00:00,2019-06-07 06:00:00,2019-06-07 12:00:00,2019-06-08 12:00:00,6,prebreak,ok,0.0,neither,,20698,6|2019-04-01,ok,0.11953934380164892,0.16754412333198013,6|price|14852,price,0.16754412333198013
2019-06-08 12:00:00,2019-06-08 12:00:00,2019-06-08 18:00:00,2019-06-09 18:00:00,6,prebreak,ok,0.0,neither,,20703,6|2019-04-01,ok,0.11953934380164892,0.11363389671986658,6|price|14857,price,0.11363389671986658
2019-06-09 18:00:00,2019-06-09 18:00:00,2019-06-10 00:00:00,2019-06-11 00:00:00,6,prebreak,ok,0.0,upper_first,11.0,20708,6|2019-04-01,ok,0.11953934380164892,0.13399512309126582,6|price|14862,price,0.13399512309126582
2019-06-11 00:00:00,2019-06-11 00:00:00,2019-06-11 06:00:00,2019-06-12 06:00:00,6,prebreak,ok,0.0,neither,,20713,6|2019-04-01,ok,0.11953934380164892,0.12457245147811631,6|price|14867,price,0.12457245147811631
2019-06-12 06:00:00,2019-06-12 06:00:00,2019-06-12 12:00:00,2019-06-13 12:00:00,6,prebreak,ok,0.0,upper_first,3.0,20718,6|2019-04-01,ok,0.11953934380164892,0.12547189092552063,6|price|14872,price,0.12547189092552063
2019-06-13 12:00:00,2019-06-13 12:00:00,2019-06-13 18:00:00,2019-06-14 18:00:00,6,prebreak,ok,0.0,upper_first,19.0,20723,6|2019-04-01,ok,0.11953934380164892,0.1292198303592785,6|price|14877,price,0.1292198303592785
2019-06-16 12:00:00,2019-06-16 12:00:00,2019-06-16 18:00:00,2019-06-17 18:00:00,6,prebreak,ok,0.0,upper_first,17.0,20735,6|2019-04-01,ok,0.11953934380164892,0.11237418246628336,6|price|14889,price,0.11237418246628336
2019-06-17 18:00:00,2019-06-17 18:00:00,2019-06-18 00:00:00,2019-06-19 00:00:00,6,prebreak,ok,0.0,neither,,20740,6|2019-04-01,ok,0.11953934380164892,0.15245961658966786,6|price|14894,price,0.15245961658966786
2019-06-19 00:00:00,2019-06-19 00:00:00,2019-06-19 06:00:00,2019-06-20 06:00:00,6,prebreak,ok,0.0,neither,,20745,6|2019-04-01,ok,0.11953934380164892,0.1635865107544289,6|price|14899,price,0.1635865107544289
2019-06-20 06:00:00,2019-06-20 06:00:00,2019-06-20 12:00:00,2019-06-21 12:00:00,6,prebreak,ok,,censored,,20750,6|2019-04-01,ok,0.11953934380164892,0.11855172537960541,6|price|14904,price,0.11855172537960541
2019-07-20 18:00:00,2019-07-20 18:00:00,2019-07-21 00:00:00,2019-07-22 00:00:00,6,prebreak,ok,0.0,neither,,20872,6|2019-07-01,ok,0.12006479626515275,0.20363873332620294,6|price|15026,price,0.20363873332620294
2019-07-22 00:00:00,2019-07-22 00:00:00,2019-07-22 06:00:00,2019-07-23 06:00:00,6,prebreak,ok,1.0,lower_first,13.0,20877,6|2019-07-01,ok,0.12006479626515275,0.13569399173973454,6|price|15031,price,0.13569399173973454
2019-07-25 06:00:00,2019-07-25 06:00:00,2019-07-25 12:00:00,2019-07-26 12:00:00,6,prebreak,ok,0.0,neither,,20890,6|2019-07-01,ok,0.12006479626515275,0.1499722951296412,6|price|15044,price,0.1499722951296412
2019-07-26 12:00:00,2019-07-26 12:00:00,2019-07-26 18:00:00,2019-07-27 18:00:00,6,prebreak,ok,0.0,upper_first,6.0,20895,6|2019-07-01,ok,0.12006479626515275,0.1434521316463833,6|price|15049,price,0.1434521316463833
2019-07-28 12:00:00,2019-07-28 12:00:00,2019-07-28 18:00:00,2019-07-29 18:00:00,6,prebreak,ok,0.0,neither,,20903,6|2019-07-01,ok,0.12006479626515275,0.16393484740160086,6|price|15057,price,0.16393484740160086
2019-07-29 18:00:00,2019-07-29 18:00:00,2019-07-30 00:00:00,2019-07-31 00:00:00,6,prebreak,ok,0.0,upper_first,15.0,20908,6|2019-07-01,ok,0.12006479626515275,0.15920987457218522,6|price|15062,price,0.15920987457218522
2019-08-01 06:00:00,2019-08-01 06:00:00,2019-08-01 12:00:00,2019-08-02 12:00:00,6,prebreak,ok,0.0,upper_first,7.0,20918,6|2019-07-01,ok,0.12006479626515275,0.10234473694473217,6|price|15072,price,0.10234473694473217
2019-08-04 06:00:00,2019-08-04 06:00:00,2019-08-04 12:00:00,2019-08-05 12:00:00,6,prebreak,ok,0.0,upper_first,3.0,20930,6|2019-07-01,ok,0.12006479626515275,0.1004481443957234,6|price|15084,price,0.1004481443957234
2019-08-05 12:00:00,2019-08-05 12:00:00,2019-08-05 18:00:00,2019-08-06 18:00:00,6,prebreak,ok,0.0,upper_first,12.0,20935,6|2019-07-01,ok,0.12006479626515275,0.10410668651643351,6|price|15089,price,0.10410668651643351
2019-08-06 18:00:00,2019-08-06 18:00:00,2019-08-07 00:00:00,2019-08-08 00:00:00,6,prebreak,ok,0.0,upper_first,13.0,20940,6|2019-07-01,ok,0.12006479626515275,0.14592549000535768,6|price|15094,price,0.14592549000535768
2019-08-08 00:00:00,2019-08-08 00:00:00,2019-08-08 06:00:00,2019-08-09 06:00:00,6,prebreak,ok,0.0,neither,,20945,6|2019-07-01,ok,0.12006479626515275,0.17234729485218994,6|price|15099,price,0.17234729485218994
2019-08-09 06:00:00,2019-08-09 06:00:00,2019-08-09 12:00:00,2019-08-10 12:00:00,6,prebreak,ok,0.0,neither,,20950,6|2019-07-01,ok,0.12006479626515275,0.17957150416624332,6|price|15104,price,0.17957150416624332
2019-08-11 12:00:00,2019-08-11 12:00:00,2019-08-11 18:00:00,2019-08-12 18:00:00,6,prebreak,ok,0.0,neither,,20959,6|2019-07-01,ok,0.12006479626515275,0.13600118142119594,6|price|15113,price,0.13600118142119594
2019-08-12 18:00:00,2019-08-12 18:00:00,2019-08-13 00:00:00,2019-08-14 00:00:00,6,prebreak,ok,1.0,lower_first,16.0,20964,6|2019-07-01,ok,0.12006479626515275,0.12438540510728877,6|price|15118,price,0.12438540510728877
2019-08-16 12:00:00,2019-08-16 12:00:00,2019-08-16 18:00:00,2019-08-17 18:00:00,6,prebreak,ok,0.0,neither,,20979,6|2019-07-01,ok,0.12006479626515275,0.15384462158514714,6|price|15133,price,0.15384462158514714
2019-08-17 18:00:00,2019-08-17 18:00:00,2019-08-18 00:00:00,2019-08-19 00:00:00,6,prebreak,ok,0.0,neither,,20984,6|2019-07-01,ok,0.12006479626515275,0.17898103694816062,6|price|15138,price,0.17898103694816062
2019-08-19 00:00:00,2019-08-19 00:00:00,2019-08-19 06:00:00,2019-08-20 06:00:00,6,prebreak,ok,0.0,upper_first,1.0,20989,6|2019-07-01,ok,0.12006479626515275,0.14669262760470497,6|price|15143,price,0.14669262760470497
2019-08-20 06:00:00,2019-08-20 06:00:00,2019-08-20 12:00:00,2019-08-21 12:00:00,6,prebreak,ok,1.0,lower_first,16.0,20994,6|2019-07-01,ok,0.12006479626515275,0.123388133809076,6|price|15148,price,0.123388133809076
2019-08-21 12:00:00,2019-08-21 12:00:00,2019-08-21 18:00:00,2019-08-22 18:00:00,6,prebreak,ok,0.0,neither,,20999,6|2019-07-01,ok,0.12006479626515275,0.13021907074321368,6|price|15153,price,0.13021907074321368
2019-08-23 06:00:00,2019-08-23 06:00:00,2019-08-23 12:00:00,2019-08-24 12:00:00,6,prebreak,ok,0.0,upper_first,1.0,21006,6|2019-07-01,ok,0.12006479626515275,0.1446892604648911,6|price|15160,price,0.1446892604648911
2019-08-24 12:00:00,2019-08-24 12:00:00,2019-08-24 18:00:00,2019-08-25 18:00:00,6,prebreak,ok,0.0,upper_first,18.0,21011,6|2019-07-01,ok,0.12006479626515275,0.15193779357540624,6|price|15165,price,0.15193779357540624
2019-08-25 18:00:00,2019-08-25 18:00:00,2019-08-26 00:00:00,2019-08-27 00:00:00,6,prebreak,ok,0.0,upper_first,0.0,21016,6|2019-07-01,ok,0.12006479626515275,0.12523028197406444,6|price|15170,price,0.12523028197406444
2019-08-27 00:00:00,2019-08-27 00:00:00,2019-08-27 06:00:00,2019-08-28 06:00:00,6,prebreak,ok,0.0,neither,,21021,6|2019-07-01,ok,0.12006479626515275,0.13503661616519214,6|price|15175,price,0.13503661616519214
2019-08-28 06:00:00,2019-08-28 06:00:00,2019-08-28 12:00:00,2019-08-29 12:00:00,6,prebreak,ok,1.0,lower_first,6.0,21026,6|2019-07-01,ok,0.12006479626515275,0.1316073437334181,6|price|15180,price,0.1316073437334181
2019-08-30 12:00:00,2019-08-30 12:00:00,2019-08-30 18:00:00,2019-08-31 18:00:00,6,prebreak,ok,0.0,neither,,21035,6|2019-07-01,ok,0.12006479626515275,0.1369056166981392,6|price|15189,price,0.1369056166981392
2019-08-31 18:00:00,2019-08-31 18:00:00,2019-09-01 00:00:00,2019-09-02 00:00:00,6,prebreak,ok,0.0,neither,,21040,6|2019-07-01,ok,0.12006479626515275,0.13509954514157504,6|price|15194,price,0.13509954514157504
2019-09-05 12:00:00,2019-09-05 12:00:00,2019-09-05 18:00:00,2019-09-06 18:00:00,6,prebreak,ok,0.0,upper_first,17.0,21059,6|2019-07-01,ok,0.12006479626515275,0.10514710883615021,6|price|15213,price,0.10514710883615021
2019-09-06 18:00:00,2019-09-06 18:00:00,2019-09-07 00:00:00,2019-09-08 00:00:00,6,prebreak,ok,0.0,neither,,21064,6|2019-07-01,ok,0.12006479626515275,0.14782110731598685,6|price|15218,price,0.14782110731598685
2019-09-08 00:00:00,2019-09-08 00:00:00,2019-09-08 06:00:00,2019-09-09 06:00:00,6,prebreak,ok,0.0,neither,,21069,6|2019-07-01,ok,0.12006479626515275,0.12643802985673877,6|price|15223,price,0.12643802985673877
2019-09-09 06:00:00,2019-09-09 06:00:00,2019-09-09 12:00:00,2019-09-10 12:00:00,6,prebreak,ok,0.0,neither,,21074,6|2019-07-01,ok,0.12006479626515275,0.12901567274980497,6|price|15228,price,0.12901567274980497
2019-09-12 06:00:00,2019-09-12 06:00:00,2019-09-12 12:00:00,2019-09-13 12:00:00,6,prebreak,ok,0.0,neither,,21086,6|2019-07-01,ok,0.12006479626515275,0.107767524984707,6|price|15240,price,0.107767524984707
2019-09-20 06:00:00,2019-09-20 06:00:00,2019-09-20 12:00:00,2019-09-21 12:00:00,6,prebreak,ok,0.0,neither,,21118,6|2019-07-01,ok,0.12006479626515275,0.10368606645899979,6|price|15272,price,0.10368606645899979
2019-09-21 18:00:00,2019-09-21 18:00:00,2019-09-22 00:00:00,2019-09-23 00:00:00,6,prebreak,ok,0.0,neither,,21124,6|2019-07-01,ok,0.12006479626515275,0.10358177408915631,6|price|15278,price,0.10358177408915631
2019-09-26 00:00:00,2019-09-26 00:00:00,2019-09-26 06:00:00,2019-09-27 06:00:00,6,prebreak,ok,1.0,lower_first,9.0,21141,6|2019-07-01,ok,0.12006479626515275,0.20982763985255587,6|price|15295,price,0.20982763985255587
2019-09-27 18:00:00,2019-09-27 18:00:00,2019-09-28 00:00:00,2019-09-29 00:00:00,6,prebreak,ok,0.0,neither,,21148,6|2019-07-01,ok,0.12006479626515275,0.2278282006040074,6|price|15302,price,0.2278282006040074
2019-09-29 00:00:00,2019-09-29 00:00:00,2019-09-29 06:00:00,2019-09-30 06:00:00,6,prebreak,ok,1.0,lower_first,22.0,21153,6|2019-07-01,ok,0.12006479626515275,0.1271445634530167,6|price|15307,price,0.1271445634530167
2019-10-01 12:00:00,2019-10-01 12:00:00,2019-10-01 18:00:00,2019-10-02 18:00:00,6,prebreak,ok,0.0,neither,,21163,6|2019-10-01,ok,0.12748393834245855,0.10849526393196202,6|price|15317,price,0.10849526393196202
2019-10-02 18:00:00,2019-10-02 18:00:00,2019-10-03 00:00:00,2019-10-04 00:00:00,6,prebreak,ok,0.0,neither,,21168,6|2019-10-01,ok,0.12748393834245855,0.11676170283609175,6|price|15322,price,0.11676170283609175
2019-10-04 00:00:00,2019-10-04 00:00:00,2019-10-04 06:00:00,2019-10-05 06:00:00,6,prebreak,ok,0.0,neither,,21173,6|2019-10-01,ok,0.12748393834245855,0.1100897345396923,6|price|15327,price,0.1100897345396923
2019-10-05 18:00:00,2019-10-05 18:00:00,2019-10-06 00:00:00,2019-10-07 00:00:00,6,prebreak,ok,0.0,neither,,21180,6|2019-10-01,ok,0.12748393834245855,0.10129113440053855,6|price|15334,price,0.10129113440053855
2019-10-08 00:00:00,2019-10-08 00:00:00,2019-10-08 06:00:00,2019-10-09 06:00:00,6,prebreak,ok,0.0,neither,,21189,6|2019-10-01,ok,0.12748393834245855,0.10560025319842416,6|price|15343,price,0.10560025319842416
2019-10-09 06:00:00,2019-10-09 06:00:00,2019-10-09 12:00:00,2019-10-10 12:00:00,6,prebreak,ok,0.0,upper_first,2.0,21194,6|2019-10-01,ok,0.12748393834245855,0.10434477315314981,6|price|15348,price,0.10434477315314981
2019-10-11 06:00:00,2019-10-11 06:00:00,2019-10-11 12:00:00,2019-10-12 12:00:00,6,prebreak,ok,0.0,neither,,21202,6|2019-10-01,ok,0.12748393834245855,0.11334268173364215,6|price|15356,price,0.11334268173364215
2019-10-12 12:00:00,2019-10-12 12:00:00,2019-10-12 18:00:00,2019-10-13 18:00:00,6,prebreak,ok,0.0,neither,,21207,6|2019-10-01,ok,0.12748393834245855,0.1379387057944231,6|price|15361,price,0.1379387057944231
2019-10-13 18:00:00,2019-10-13 18:00:00,2019-10-14 00:00:00,2019-10-15 00:00:00,6,prebreak,ok,0.0,neither,,21212,6|2019-10-01,ok,0.12748393834245855,0.11095049291634583,6|price|15366,price,0.11095049291634583
2019-10-15 18:00:00,2019-10-15 18:00:00,2019-10-16 00:00:00,2019-10-17 00:00:00,6,prebreak,ok,0.0,neither,,21220,6|2019-10-01,ok,0.12748393834245855,0.10821106885517202,6|price|15374,price,0.10821106885517202
2019-10-24 18:00:00,2019-10-24 18:00:00,2019-10-25 00:00:00,2019-10-26 00:00:00,6,prebreak,ok,0.0,upper_first,12.0,21256,6|2019-10-01,ok,0.12748393834245855,0.14948514724858222,6|price|15410,price,0.14948514724858222
2019-10-26 00:00:00,2019-10-26 00:00:00,2019-10-26 06:00:00,2019-10-27 06:00:00,6,prebreak,ok,1.0,lower_first,3.0,21261,6|2019-10-01,ok,0.12748393834245855,0.17334371886881295,6|price|15415,price,0.17334371886881295
2019-10-27 06:00:00,2019-10-27 06:00:00,2019-10-27 12:00:00,2019-10-28 12:00:00,6,prebreak,ok,0.0,upper_first,2.0,21266,6|2019-10-01,ok,0.12748393834245855,0.2300538493775013,6|price|15420,price,0.2300538493775013
2019-10-28 12:00:00,2019-10-28 12:00:00,2019-10-28 18:00:00,2019-10-29 18:00:00,6,prebreak,ok,0.0,neither,,21271,6|2019-10-01,ok,0.12748393834245855,0.24194164067780363,6|price|15425,price,0.24194164067780363
2019-10-29 18:00:00,2019-10-29 18:00:00,2019-10-30 00:00:00,2019-10-31 00:00:00,6,prebreak,ok,0.0,neither,,21276,6|2019-10-01,ok,0.12748393834245855,0.15829493672202968,6|price|15430,price,0.15829493672202968
2019-10-31 00:00:00,2019-10-31 00:00:00,2019-10-31 06:00:00,2019-11-01 06:00:00,6,prebreak,ok,,censored,,21281,6|2019-10-01,ok,0.12748393834245855,0.1518884487024342,6|price|15435,price,0.1518884487024342
2019-12-01 00:00:00,2019-12-01 00:00:00,2019-12-01 06:00:00,2019-12-02 06:00:00,6,prebreak,ok,0.0,neither,,21405,6|2019-10-01,ok,0.12748393834245855,0.12664097362718976,6|price|15559,price,0.12664097362718976
2019-12-02 06:00:00,2019-12-02 06:00:00,2019-12-02 12:00:00,2019-12-03 12:00:00,6,prebreak,ok,0.0,neither,,21410,6|2019-10-01,ok,0.12748393834245855,0.14023942253833044,6|price|15564,price,0.14023942253833044
2019-12-03 12:00:00,2019-12-03 12:00:00,2019-12-03 18:00:00,2019-12-04 18:00:00,6,prebreak,ok,0.0,upper_first,19.0,21415,6|2019-10-01,ok,0.12748393834245855,0.12039751006100245,6|price|15569,price,0.12039751006100245
2019-12-05 06:00:00,2019-12-05 06:00:00,2019-12-05 12:00:00,2019-12-06 12:00:00,6,prebreak,ok,0.0,neither,,21422,6|2019-10-01,ok,0.12748393834245855,0.1470550442952925,6|price|15576,price,0.1470550442952925
2019-12-06 12:00:00,2019-12-06 12:00:00,2019-12-06 18:00:00,2019-12-07 18:00:00,6,prebreak,ok,0.0,neither,,21427,6|2019-10-01,ok,0.12748393834245855,0.15623434069155942,6|price|15581,price,0.15623434069155942
2019-12-07 18:00:00,2019-12-07 18:00:00,2019-12-08 00:00:00,2019-12-09 00:00:00,6,prebreak,ok,0.0,neither,,21432,6|2019-10-01,ok,0.12748393834245855,0.11949295870632304,6|price|15586,price,0.11949295870632304
2019-12-11 18:00:00,2019-12-11 18:00:00,2019-12-12 00:00:00,2019-12-13 00:00:00,6,prebreak,ok,0.0,neither,,21448,6|2019-10-01,ok,0.12748393834245855,0.101605829932867,6|price|15602,price,0.101605829932867
2019-12-19 18:00:00,2019-12-19 18:00:00,2019-12-20 00:00:00,2019-12-21 00:00:00,6,prebreak,ok,0.0,neither,,21480,6|2019-10-01,ok,0.12748393834245855,0.15535445514145185,6|price|15634,price,0.15535445514145185
2019-12-21 00:00:00,2019-12-21 00:00:00,2019-12-21 06:00:00,2019-12-22 06:00:00,6,prebreak,ok,0.0,neither,,21485,6|2019-10-01,ok,0.12748393834245855,0.1330065833796067,6|price|15639,price,0.1330065833796067
2019-12-23 18:00:00,2019-12-23 18:00:00,2019-12-24 00:00:00,2019-12-25 00:00:00,6,prebreak,ok,0.0,neither,,21496,6|2019-10-01,ok,0.12748393834245855,0.10121899183033327,6|price|15650,price,0.10121899183033327
2019-12-25 00:00:00,2019-12-25 00:00:00,2019-12-25 06:00:00,2019-12-26 06:00:00,6,prebreak,ok,0.0,neither,,21501,6|2019-10-01,ok,0.12748393834245855,0.12545677291373944,6|price|15655,price,0.12545677291373944
2019-12-27 00:00:00,2019-12-27 00:00:00,2019-12-27 06:00:00,2019-12-28 06:00:00,6,prebreak,ok,0.0,neither,,21509,6|2019-10-01,ok,0.12748393834245855,0.12027086139602321,6|price|15663,price,0.12027086139602321
2020-01-04 06:00:00,2020-01-04 06:00:00,2020-01-04 12:00:00,2020-01-05 12:00:00,6,prebreak,ok,0.0,neither,,21542,6|2020-01-01,ok,0.11363199152114793,0.11158528635090846,6|price|15696,price,0.11158528635090846
2020-01-05 12:00:00,2020-01-05 12:00:00,2020-01-05 18:00:00,2020-01-06 18:00:00,6,prebreak,ok,0.0,neither,,21547,6|2020-01-01,ok,0.11363199152114793,0.11283903997168905,6|price|15701,price,0.11283903997168905
2020-01-08 06:00:00,2020-01-08 06:00:00,2020-01-08 12:00:00,2020-01-09 12:00:00,6,prebreak,ok,1.0,lower_first,8.0,21558,6|2020-01-01,ok,0.11363199152114793,0.10652966777818085,6|price|15712,price,0.10652966777818085
2020-01-09 12:00:00,2020-01-09 12:00:00,2020-01-09 18:00:00,2020-01-10 18:00:00,6,prebreak,ok,0.0,upper_first,21.0,21563,6|2020-01-01,ok,0.11363199152114793,0.1557866073616222,6|price|15717,price,0.1557866073616222
2020-01-11 12:00:00,2020-01-11 12:00:00,2020-01-11 18:00:00,2020-01-12 18:00:00,6,prebreak,ok,0.0,neither,,21571,6|2020-01-01,ok,0.11363199152114793,0.13476423103658391,6|price|15725,price,0.13476423103658391
2020-01-12 18:00:00,2020-01-12 18:00:00,2020-01-13 00:00:00,2020-01-14 00:00:00,6,prebreak,ok,0.0,neither,,21576,6|2020-01-01,ok,0.11363199152114793,0.10836797577127238,6|price|15730,price,0.10836797577127238
2020-01-15 06:00:00,2020-01-15 06:00:00,2020-01-15 12:00:00,2020-01-16 12:00:00,6,prebreak,ok,0.0,neither,,21586,6|2020-01-01,ok,0.11363199152114793,0.12336920812969696,6|price|15740,price,0.12336920812969696
2020-01-16 12:00:00,2020-01-16 12:00:00,2020-01-16 18:00:00,2020-01-17 18:00:00,6,prebreak,ok,0.0,upper_first,12.0,21591,6|2020-01-01,ok,0.11363199152114793,0.12147493389068535,6|price|15745,price,0.12147493389068535
2020-01-17 18:00:00,2020-01-17 18:00:00,2020-01-18 00:00:00,2020-01-19 00:00:00,6,prebreak,ok,0.0,neither,,21596,6|2020-01-01,ok,0.11363199152114793,0.1307223864665756,6|price|15750,price,0.1307223864665756
2020-01-19 12:00:00,2020-01-19 12:00:00,2020-01-19 18:00:00,2020-01-20 18:00:00,6,prebreak,ok,0.0,neither,,21603,6|2020-01-01,ok,0.11363199152114793,0.1537150214051081,6|price|15757,price,0.1537150214051081
2020-01-20 18:00:00,2020-01-20 18:00:00,2020-01-21 00:00:00,2020-01-22 00:00:00,6,prebreak,ok,0.0,neither,,21608,6|2020-01-01,ok,0.11363199152114793,0.13869411617827448,6|price|15762,price,0.13869411617827448
2020-01-22 00:00:00,2020-01-22 00:00:00,2020-01-22 06:00:00,2020-01-23 06:00:00,6,prebreak,ok,0.0,neither,,21613,6|2020-01-01,ok,0.11363199152114793,0.1362426443608993,6|price|15767,price,0.1362426443608993
2020-01-23 06:00:00,2020-01-23 06:00:00,2020-01-23 12:00:00,2020-01-24 12:00:00,6,prebreak,ok,0.0,neither,,21618,6|2020-01-01,ok,0.11363199152114793,0.11359653662831921,6|price|15772,price,0.11359653662831921
2020-01-25 12:00:00,2020-01-25 12:00:00,2020-01-25 18:00:00,2020-01-26 18:00:00,6,prebreak,ok,0.0,upper_first,23.0,21627,6|2020-01-01,ok,0.11363199152114793,0.11061948620827398,6|price|15781,price,0.11061948620827398
2020-01-29 12:00:00,2020-01-29 12:00:00,2020-01-29 18:00:00,2020-01-30 18:00:00,6,prebreak,ok,,censored,,21643,6|2020-01-01,ok,0.11363199152114793,0.10390606742428138,6|price|15797,price,0.10390606742428138
2020-03-01 00:00:00,2020-03-01 00:00:00,2020-03-01 06:00:00,2020-03-02 06:00:00,6,prebreak,ok,0.0,neither,,21769,6|2020-01-01,ok,0.11363199152114793,0.13148468681422604,6|price|15923,price,0.13148468681422604
2020-03-02 06:00:00,2020-03-02 06:00:00,2020-03-02 12:00:00,2020-03-03 12:00:00,6,prebreak,ok,0.0,neither,,21774,6|2020-01-01,ok,0.11363199152114793,0.10921016685921671,6|price|15928,price,0.10921016685921671
2020-03-03 18:00:00,2020-03-03 18:00:00,2020-03-04 00:00:00,2020-03-05 00:00:00,6,prebreak,ok,0.0,neither,,21780,6|2020-01-01,ok,0.11363199152114793,0.10274179833396999,6|price|15934,price,0.10274179833396999
2020-03-08 06:00:00,2020-03-08 06:00:00,2020-03-08 12:00:00,2020-03-09 12:00:00,6,prebreak,ok,1.0,lower_first,3.0,21798,6|2020-01-01,ok,0.11363199152114793,0.10761692743335918,6|price|15952,price,0.10761692743335918
2020-03-10 06:00:00,2020-03-10 06:00:00,2020-03-10 12:00:00,2020-03-11 12:00:00,6,prebreak,ok,0.0,neither,,21806,6|2020-01-01,ok,0.11363199152114793,0.12782843822840068,6|price|15960,price,0.12782843822840068
2020-03-11 12:00:00,2020-03-11 12:00:00,2020-03-11 18:00:00,2020-03-12 18:00:00,6,prebreak,ok,0.0,upper_first,4.0,21811,6|2020-01-01,ok,0.11363199152114793,0.15943038495851,6|price|15965,price,0.15943038495851
2020-03-14 06:00:00,2020-03-14 06:00:00,2020-03-14 12:00:00,2020-03-15 12:00:00,6,prebreak,ok,1.0,lower_first,10.0,21822,6|2020-01-01,ok,0.11363199152114793,0.404774966749806,6|price|15976,price,0.404774966749806
2020-03-15 12:00:00,2020-03-15 12:00:00,2020-03-15 18:00:00,2020-03-16 18:00:00,6,prebreak,ok,0.0,upper_first,3.0,21827,6|2020-01-01,ok,0.11363199152114793,0.3769311707885571,6|price|15981,price,0.3769311707885571
2020-03-17 12:00:00,2020-03-17 12:00:00,2020-03-17 18:00:00,2020-03-18 18:00:00,6,prebreak,ok,0.0,upper_first,3.0,21835,6|2020-01-01,ok,0.11363199152114793,0.31299285971978247,6|price|15989,price,0.31299285971978247
2020-03-18 18:00:00,2020-03-18 18:00:00,2020-03-19 00:00:00,2020-03-20 00:00:00,6,prebreak,ok,0.0,upper_first,9.0,21840,6|2020-01-01,ok,0.11363199152114793,0.3109442367853877,6|price|15994,price,0.3109442367853877
2020-03-20 00:00:00,2020-03-20 00:00:00,2020-03-20 06:00:00,2020-03-21 06:00:00,6,prebreak,ok,0.0,upper_first,2.0,21845,6|2020-01-01,ok,0.11363199152114793,0.19038680240171013,6|price|15999,price,0.19038680240171013
2020-03-21 06:00:00,2020-03-21 06:00:00,2020-03-21 12:00:00,2020-03-22 12:00:00,6,prebreak,ok,0.0,upper_first,8.0,21850,6|2020-01-01,ok,0.11363199152114793,0.2193687942555613,6|price|16004,price,0.2193687942555613
2020-03-22 12:00:00,2020-03-22 12:00:00,2020-03-22 18:00:00,2020-03-23 18:00:00,6,prebreak,ok,1.0,lower_first,6.0,21855,6|2020-01-01,ok,0.11363199152114793,0.23762205434841394,6|price|16009,price,0.23762205434841394
2020-03-23 18:00:00,2020-03-23 18:00:00,2020-03-24 00:00:00,2020-03-25 00:00:00,6,prebreak,ok,0.0,upper_first,0.0,21860,6|2020-01-01,ok,0.11363199152114793,0.20821519439398548,6|price|16014,price,0.20821519439398548
2020-03-25 00:00:00,2020-03-25 00:00:00,2020-03-25 06:00:00,2020-03-26 06:00:00,6,prebreak,ok,0.0,upper_first,3.0,21865,6|2020-01-01,ok,0.11363199152114793,0.17841902687073252,6|price|16019,price,0.17841902687073252
2020-03-26 06:00:00,2020-03-26 06:00:00,2020-03-26 12:00:00,2020-03-27 12:00:00,6,prebreak,ok,0.0,upper_first,12.0,21870,6|2020-01-01,ok,0.11363199152114793,0.18906800203293878,6|price|16024,price,0.18906800203293878
2020-03-27 12:00:00,2020-03-27 12:00:00,2020-03-27 18:00:00,2020-03-28 18:00:00,6,prebreak,ok,1.0,lower_first,5.0,21875,6|2020-01-01,ok,0.11363199152114793,0.15196562276218192,6|price|16029,price,0.15196562276218192
2020-03-29 18:00:00,2020-03-29 18:00:00,2020-03-30 00:00:00,2020-03-31 00:00:00,6,prebreak,ok,0.0,upper_first,5.0,21884,6|2020-01-01,ok,0.11363199152114793,0.16461981960317798,6|price|16038,price,0.16461981960317798
2020-03-31 00:00:00,2020-03-31 00:00:00,2020-03-31 06:00:00,2020-04-01 06:00:00,6,prebreak,ok,0.0,neither,,21889,6|2020-01-01,ok,0.11363199152114793,0.16074626012875773,6|price|16043,price,0.16074626012875773
2020-04-01 06:00:00,2020-04-01 06:00:00,2020-04-01 12:00:00,2020-04-02 12:00:00,6,prebreak,ok,0.0,upper_first,10.0,21894,6|2020-04-01,ok,0.12031153368399489,0.13997195794189407,6|price|16048,price,0.13997195794189407
2020-04-02 12:00:00,2020-04-02 12:00:00,2020-04-02 18:00:00,2020-04-03 18:00:00,6,prebreak,ok,1.0,lower_first,1.0,21899,6|2020-04-01,ok,0.12031153368399489,0.12207675935655803,6|price|16053,price,0.12207675935655803
2020-04-03 18:00:00,2020-04-03 18:00:00,2020-04-04 00:00:00,2020-04-05 00:00:00,6,prebreak,ok,0.0,upper_first,20.0,21904,6|2020-04-01,ok,0.12031153368399489,0.17217318770760762,6|price|16058,price,0.17217318770760762
2020-04-05 00:00:00,2020-04-05 00:00:00,2020-04-05 06:00:00,2020-04-06 06:00:00,6,prebreak,ok,0.0,upper_first,23.0,21909,6|2020-04-01,ok,0.12031153368399489,0.16058987329974397,6|price|16063,price,0.16058987329974397
2020-04-06 06:00:00,2020-04-06 06:00:00,2020-04-06 12:00:00,2020-04-07 12:00:00,6,prebreak,ok,0.0,upper_first,11.0,21914,6|2020-04-01,ok,0.12031153368399489,0.11139060184388737,6|price|16068,price,0.11139060184388737
2020-04-08 00:00:00,2020-04-08 00:00:00,2020-04-08 06:00:00,2020-04-09 06:00:00,6,prebreak,ok,0.0,neither,,21921,6|2020-04-01,ok,0.12031153368399489,0.11487168618073743,6|price|16075,price,0.11487168618073743
2020-04-09 06:00:00,2020-04-09 06:00:00,2020-04-09 12:00:00,2020-04-10 12:00:00,6,prebreak,ok,0.0,neither,,21926,6|2020-04-01,ok,0.12031153368399489,0.12488290161072617,6|price|16080,price,0.12488290161072617
2020-04-11 18:00:00,2020-04-11 18:00:00,2020-04-12 00:00:00,2020-04-13 00:00:00,6,prebreak,ok,0.0,upper_first,16.0,21936,6|2020-04-01,ok,0.12031153368399489,0.14095262524946334,6|price|16090,price,0.14095262524946334
2020-04-13 00:00:00,2020-04-13 00:00:00,2020-04-13 06:00:00,2020-04-14 06:00:00,6,prebreak,ok,0.0,upper_first,16.0,21941,6|2020-04-01,ok,0.12031153368399489,0.1521879707806432,6|price|16095,price,0.1521879707806432
2020-04-14 06:00:00,2020-04-14 06:00:00,2020-04-14 12:00:00,2020-04-15 12:00:00,6,prebreak,ok,0.0,neither,,21946,6|2020-04-01,ok,0.12031153368399489,0.12928559260062195,6|price|16100,price,0.12928559260062195
2020-04-15 12:00:00,2020-04-15 12:00:00,2020-04-15 18:00:00,2020-04-16 18:00:00,6,prebreak,ok,0.0,upper_first,13.0,21951,6|2020-04-01,ok,0.12031153368399489,0.15200779021433494,6|price|16105,price,0.15200779021433494
2020-04-16 18:00:00,2020-04-16 18:00:00,2020-04-17 00:00:00,2020-04-18 00:00:00,6,prebreak,ok,0.0,neither,,21956,6|2020-04-01,ok,0.12031153368399489,0.11922409269397846,6|price|16110,price,0.11922409269397846
2020-04-18 00:00:00,2020-04-18 00:00:00,2020-04-18 06:00:00,2020-04-19 06:00:00,6,prebreak,ok,0.0,neither,,21961,6|2020-04-01,ok,0.12031153368399489,0.12202779454805722,6|price|16115,price,0.12202779454805722
2020-04-19 06:00:00,2020-04-19 06:00:00,2020-04-19 12:00:00,2020-04-20 12:00:00,6,prebreak,ok,0.0,neither,,21966,6|2020-04-01,ok,0.12031153368399489,0.1284187741838701,6|price|16120,price,0.1284187741838701
2020-04-22 00:00:00,2020-04-22 00:00:00,2020-04-22 06:00:00,2020-04-23 06:00:00,6,prebreak,ok,0.0,upper_first,8.0,21977,6|2020-04-01,ok,0.12031153368399489,0.13613248925271618,6|price|16131,price,0.13613248925271618
2020-04-23 06:00:00,2020-04-23 06:00:00,2020-04-23 12:00:00,2020-04-24 12:00:00,6,prebreak,ok,0.0,upper_first,2.0,21982,6|2020-04-01,ok,0.12031153368399489,0.11925504872799121,6|price|16136,price,0.11925504872799121
2020-04-24 12:00:00,2020-04-24 12:00:00,2020-04-24 18:00:00,2020-04-25 18:00:00,6,prebreak,ok,0.0,neither,,21987,6|2020-04-01,ok,0.12031153368399489,0.11146214026605142,6|price|16141,price,0.11146214026605142
2020-04-25 18:00:00,2020-04-25 18:00:00,2020-04-26 00:00:00,2020-04-27 00:00:00,6,prebreak,ok,0.0,neither,,21992,6|2020-04-01,ok,0.12031153368399489,0.11744510693319767,6|price|16146,price,0.11744510693319767
2020-04-30 12:00:00,2020-04-30 12:00:00,2020-04-30 18:00:00,2020-05-01 18:00:00,6,prebreak,ok,0.0,upper_first,1.0,22011,6|2020-04-01,ok,0.12031153368399489,0.18713802874621316,6|price|16165,price,0.18713802874621316
2020-05-01 18:00:00,2020-05-01 18:00:00,2020-05-02 00:00:00,2020-05-03 00:00:00,6,prebreak,ok,0.0,neither,,22016,6|2020-04-01,ok,0.12031153368399489,0.19648009653204196,6|price|16170,price,0.19648009653204196
2020-05-03 00:00:00,2020-05-03 00:00:00,2020-05-03 06:00:00,2020-05-04 06:00:00,6,prebreak,ok,1.0,lower_first,19.0,22021,6|2020-04-01,ok,0.12031153368399489,0.1906652233110177,6|price|16175,price,0.1906652233110177
2020-05-05 06:00:00,2020-05-05 06:00:00,2020-05-05 12:00:00,2020-05-06 12:00:00,6,prebreak,ok,0.0,upper_first,22.0,22030,6|2020-04-01,ok,0.12031153368399489,0.12479517787023722,6|price|16184,price,0.12479517787023722
2020-05-06 12:00:00,2020-05-06 12:00:00,2020-05-06 18:00:00,2020-05-07 18:00:00,6,prebreak,ok,0.0,upper_first,19.0,22035,6|2020-04-01,ok,0.12031153368399489,0.10256942699288739,6|price|16189,price,0.10256942699288739
2020-05-08 00:00:00,2020-05-08 00:00:00,2020-05-08 06:00:00,2020-05-09 06:00:00,6,prebreak,ok,0.0,neither,,22041,6|2020-04-01,ok,0.12031153368399489,0.10292984015122553,6|price|16195,price,0.10292984015122553
2020-05-09 06:00:00,2020-05-09 06:00:00,2020-05-09 12:00:00,2020-05-10 12:00:00,6,prebreak,ok,1.0,lower_first,12.0,22046,6|2020-04-01,ok,0.12031153368399489,0.12220976186493018,6|price|16200,price,0.12220976186493018
2020-05-11 06:00:00,2020-05-11 06:00:00,2020-05-11 12:00:00,2020-05-12 12:00:00,6,prebreak,ok,1.0,lower_first,4.0,22054,6|2020-04-01,ok,0.12031153368399489,0.22085267566784594,6|price|16208,price,0.22085267566784594
2020-05-12 12:00:00,2020-05-12 12:00:00,2020-05-12 18:00:00,2020-05-13 18:00:00,6,prebreak,ok,0.0,upper_first,21.0,22059,6|2020-04-01,ok,0.12031153368399489,0.22914799787284879,6|price|16213,price,0.22914799787284879
2020-05-13 18:00:00,2020-05-13 18:00:00,2020-05-14 00:00:00,2020-05-15 00:00:00,6,prebreak,ok,0.0,upper_first,8.0,22064,6|2020-04-01,ok,0.12031153368399489,0.15640100335512908,6|price|16218,price,0.15640100335512908
2020-05-15 06:00:00,2020-05-15 06:00:00,2020-05-15 12:00:00,2020-05-16 12:00:00,6,prebreak,ok,0.0,neither,,22070,6|2020-04-01,ok,0.12031153368399489,0.13103620962424709,6|price|16224,price,0.13103620962424709
2020-05-16 12:00:00,2020-05-16 12:00:00,2020-05-16 18:00:00,2020-05-17 18:00:00,6,prebreak,ok,0.0,upper_first,18.0,22075,6|2020-04-01,ok,0.12031153368399489,0.15160883665728775,6|price|16229,price,0.15160883665728775
2020-05-17 18:00:00,2020-05-17 18:00:00,2020-05-18 00:00:00,2020-05-19 00:00:00,6,prebreak,ok,0.0,neither,,22080,6|2020-04-01,ok,0.12031153368399489,0.12620041007299537,6|price|16234,price,0.12620041007299537
2020-05-19 00:00:00,2020-05-19 00:00:00,2020-05-19 06:00:00,2020-05-20 06:00:00,6,prebreak,ok,0.0,upper_first,5.0,22085,6|2020-04-01,ok,0.12031153368399489,0.11723900548039977,6|price|16239,price,0.11723900548039977
2020-05-20 06:00:00,2020-05-20 06:00:00,2020-05-20 12:00:00,2020-05-21 12:00:00,6,prebreak,ok,1.0,lower_first,22.0,22090,6|2020-04-01,ok,0.12031153368399489,0.14105252019662737,6|price|16244,price,0.14105252019662737
2020-05-23 00:00:00,2020-05-23 00:00:00,2020-05-23 06:00:00,2020-05-24 06:00:00,6,prebreak,ok,0.0,neither,,22101,6|2020-04-01,ok,0.12031153368399489,0.1527218715761817,6|price|16255,price,0.1527218715761817
2020-05-24 06:00:00,2020-05-24 06:00:00,2020-05-24 12:00:00,2020-05-25 12:00:00,6,prebreak,ok,1.0,lower_first,12.0,22106,6|2020-04-01,ok,0.12031153368399489,0.1262895198297575,6|price|16260,price,0.1262895198297575
2020-05-26 00:00:00,2020-05-26 00:00:00,2020-05-26 06:00:00,2020-05-27 06:00:00,6,prebreak,ok,0.0,neither,,22113,6|2020-04-01,ok,0.12031153368399489,0.13530691058295072,6|price|16267,price,0.13530691058295072
2020-05-27 06:00:00,2020-05-27 06:00:00,2020-05-27 12:00:00,2020-05-28 12:00:00,6,prebreak,ok,0.0,neither,,22118,6|2020-04-01,ok,0.12031153368399489,0.13631691839886753,6|price|16272,price,0.13631691839886753
2020-05-29 12:00:00,2020-05-29 12:00:00,2020-05-29 18:00:00,2020-05-30 18:00:00,6,prebreak,ok,0.0,neither,,22127,6|2020-04-01,ok,0.12031153368399489,0.10542212115521067,6|price|16281,price,0.10542212115521067
2020-05-31 00:00:00,2020-05-31 00:00:00,2020-05-31 06:00:00,2020-06-01 06:00:00,6,prebreak,ok,0.0,neither,,22133,6|2020-04-01,ok,0.12031153368399489,0.10175072502140613,6|price|16287,price,0.10175072502140613
2020-06-01 06:00:00,2020-06-01 06:00:00,2020-06-01 12:00:00,2020-06-02 12:00:00,6,prebreak,ok,0.0,upper_first,11.0,22138,6|2020-04-01,ok,0.12031153368399489,0.10379985740888521,6|price|16292,price,0.10379985740888521
2020-06-02 12:00:00,2020-06-02 12:00:00,2020-06-02 18:00:00,2020-06-03 18:00:00,6,prebreak,ok,0.0,neither,,22143,6|2020-04-01,ok,0.12031153368399489,0.12751422903031778,6|price|16297,price,0.12751422903031778
2020-06-03 18:00:00,2020-06-03 18:00:00,2020-06-04 00:00:00,2020-06-05 00:00:00,6,prebreak,ok,0.0,neither,,22148,6|2020-04-01,ok,0.12031153368399489,0.1755232817092993,6|price|16302,price,0.1755232817092993
2020-06-05 00:00:00,2020-06-05 00:00:00,2020-06-05 06:00:00,2020-06-06 06:00:00,6,prebreak,ok,0.0,neither,,22153,6|2020-04-01,ok,0.12031153368399489,0.17003266014083457,6|price|16307,price,0.17003266014083457
2020-06-12 18:00:00,2020-06-12 18:00:00,2020-06-13 00:00:00,2020-06-14 00:00:00,6,prebreak,ok,0.0,neither,,22184,6|2020-04-01,ok,0.12031153368399489,0.1620042466999373,6|price|16338,price,0.1620042466999373
2020-06-14 00:00:00,2020-06-14 00:00:00,2020-06-14 06:00:00,2020-06-15 06:00:00,6,prebreak,ok,0.0,neither,,22189,6|2020-04-01,ok,0.12031153368399489,0.1441449272371638,6|price|16343,price,0.1441449272371638
2020-06-24 12:00:00,2020-06-24 12:00:00,2020-06-24 18:00:00,2020-06-25 18:00:00,6,prebreak,ok,0.0,neither,,22231,6|2020-04-01,ok,0.12031153368399489,0.1208208141116611,6|price|16385,price,0.1208208141116611
2020-06-26 06:00:00,2020-06-26 06:00:00,2020-06-26 12:00:00,2020-06-27 12:00:00,6,prebreak,ok,0.0,neither,,22238,6|2020-04-01,ok,0.12031153368399489,0.1103906376823233,6|price|16392,price,0.1103906376823233
2020-06-27 12:00:00,2020-06-27 12:00:00,2020-06-27 18:00:00,2020-06-28 18:00:00,6,prebreak,ok,0.0,neither,,22243,6|2020-04-01,ok,0.12031153368399489,0.10136020069913133,6|price|16397,price,0.10136020069913133
2020-07-28 00:00:00,2020-07-28 00:00:00,2020-07-28 06:00:00,2020-07-29 06:00:00,6,prebreak,ok,0.0,neither,,22365,6|2020-07-01,ok,0.1185276401202647,0.11519840772907458,6|price|16519,price,0.11519840772907458
2020-07-29 06:00:00,2020-07-29 06:00:00,2020-07-29 12:00:00,2020-07-30 12:00:00,6,prebreak,ok,0.0,neither,,22370,6|2020-07-01,ok,0.1185276401202647,0.14804285492486646,6|price|16524,price,0.14804285492486646
2020-07-30 12:00:00,2020-07-30 12:00:00,2020-07-30 18:00:00,2020-07-31 18:00:00,6,prebreak,ok,0.0,upper_first,21.0,22375,6|2020-07-01,ok,0.1185276401202647,0.16429338945468333,6|price|16529,price,0.16429338945468333
2020-07-31 18:00:00,2020-07-31 18:00:00,2020-08-01 00:00:00,2020-08-02 00:00:00,6,prebreak,ok,0.0,upper_first,6.0,22380,6|2020-07-01,ok,0.1185276401202647,0.11037818859641887,6|price|16534,price,0.11037818859641887
2020-08-02 00:00:00,2020-08-02 00:00:00,2020-08-02 06:00:00,2020-08-03 06:00:00,6,prebreak,ok,0.0,neither,,22385,6|2020-07-01,ok,0.1185276401202647,0.10123708917346173,6|price|16539,price,0.10123708917346173
2020-08-03 06:00:00,2020-08-03 06:00:00,2020-08-03 12:00:00,2020-08-04 12:00:00,6,prebreak,ok,0.0,neither,,22390,6|2020-07-01,ok,0.1185276401202647,0.1746692025740761,6|price|16544,price,0.1746692025740761
2020-08-04 12:00:00,2020-08-04 12:00:00,2020-08-04 18:00:00,2020-08-05 18:00:00,6,prebreak,ok,0.0,upper_first,18.0,22395,6|2020-07-01,ok,0.1185276401202647,0.1834350523520956,6|price|16549,price,0.1834350523520956
2020-08-06 06:00:00,2020-08-06 06:00:00,2020-08-06 12:00:00,2020-08-07 12:00:00,6,prebreak,ok,0.0,neither,,22402,6|2020-07-01,ok,0.1185276401202647,0.1032735678796468,6|price|16556,price,0.1032735678796468
2020-08-07 18:00:00,2020-08-07 18:00:00,2020-08-08 00:00:00,2020-08-09 00:00:00,6,prebreak,ok,0.0,neither,,22408,6|2020-07-01,ok,0.1185276401202647,0.1022243152090397,6|price|16562,price,0.1022243152090397
2020-08-10 12:00:00,2020-08-10 12:00:00,2020-08-10 18:00:00,2020-08-11 18:00:00,6,prebreak,ok,1.0,lower_first,22.0,22419,6|2020-07-01,ok,0.1185276401202647,0.11840456435213799,6|price|16573,price,0.11840456435213799
2020-08-11 18:00:00,2020-08-11 18:00:00,2020-08-12 00:00:00,2020-08-13 00:00:00,6,prebreak,ok,0.0,neither,,22424,6|2020-07-01,ok,0.1185276401202647,0.12479796354006657,6|price|16578,price,0.12479796354006657
2020-08-13 00:00:00,2020-08-13 00:00:00,2020-08-13 06:00:00,2020-08-14 06:00:00,6,prebreak,ok,0.0,neither,,22429,6|2020-07-01,ok,0.1185276401202647,0.12430742332816411,6|price|16583,price,0.12430742332816411
2020-08-14 06:00:00,2020-08-14 06:00:00,2020-08-14 12:00:00,2020-08-15 12:00:00,6,prebreak,ok,0.0,neither,,22434,6|2020-07-01,ok,0.1185276401202647,0.10739162084845598,6|price|16588,price,0.10739162084845598
2020-08-18 00:00:00,2020-08-18 00:00:00,2020-08-18 06:00:00,2020-08-19 06:00:00,6,prebreak,ok,0.0,neither,,22449,6|2020-07-01,ok,0.1185276401202647,0.10430654636070462,6|price|16603,price,0.10430654636070462
2020-08-19 06:00:00,2020-08-19 06:00:00,2020-08-19 12:00:00,2020-08-20 12:00:00,6,prebreak,ok,0.0,neither,,22454,6|2020-07-01,ok,0.1185276401202647,0.13741965446049864,6|price|16608,price,0.13741965446049864
2020-08-20 12:00:00,2020-08-20 12:00:00,2020-08-20 18:00:00,2020-08-21 18:00:00,6,prebreak,ok,0.0,neither,,22459,6|2020-07-01,ok,0.1185276401202647,0.12244455816986953,6|price|16613,price,0.12244455816986953
2020-08-27 18:00:00,2020-08-27 18:00:00,2020-08-28 00:00:00,2020-08-29 00:00:00,6,prebreak,ok,0.0,neither,,22488,6|2020-07-01,ok,0.1185276401202647,0.10049146713310068,6|price|16642,price,0.10049146713310068
2020-09-03 12:00:00,2020-09-03 12:00:00,2020-09-03 18:00:00,2020-09-04 18:00:00,6,prebreak,ok,1.0,lower_first,5.0,22515,6|2020-07-01,ok,0.1185276401202647,0.11665914404730661,6|price|16669,price,0.11665914404730661
2020-10-14 18:00:00,2020-10-14 18:00:00,2020-10-15 00:00:00,2020-10-16 00:00:00,6,prebreak,ok,0.0,neither,,22680,6|2020-10-01,ok,0.10638773909353551,0.10364809242080421,6|price|16834,price,0.10364809242080421
2020-10-16 06:00:00,2020-10-16 06:00:00,2020-10-16 12:00:00,2020-10-17 12:00:00,6,prebreak,ok,0.0,neither,,22686,6|2020-10-01,ok,0.10638773909353551,0.10319755898286675,6|price|16840,price,0.10319755898286675
2020-11-20 00:00:00,2020-11-20 00:00:00,2020-11-20 06:00:00,2020-11-21 06:00:00,6,prebreak,ok,0.0,upper_first,9.0,22825,6|2020-10-01,ok,0.10638773909353551,0.15898133039122733,6|price|16979,price,0.15898133039122733
2020-11-21 06:00:00,2020-11-21 06:00:00,2020-11-21 12:00:00,2020-11-22 12:00:00,6,prebreak,ok,1.0,lower_first,23.0,22830,6|2020-10-01,ok,0.10638773909353551,0.14406872745929605,6|price|16984,price,0.14406872745929605
2020-11-22 12:00:00,2020-11-22 12:00:00,2020-11-22 18:00:00,2020-11-23 18:00:00,6,prebreak,ok,0.0,neither,,22835,6|2020-10-01,ok,0.10638773909353551,0.14837324355056064,6|price|16989,price,0.14837324355056064
2020-11-23 18:00:00,2020-11-23 18:00:00,2020-11-24 00:00:00,2020-11-25 00:00:00,6,prebreak,ok,0.0,upper_first,9.0,22840,6|2020-10-01,ok,0.10638773909353551,0.13357392998481077,6|price|16994,price,0.13357392998481077
2020-11-25 00:00:00,2020-11-25 00:00:00,2020-11-25 06:00:00,2020-11-26 06:00:00,6,prebreak,ok,0.0,upper_first,7.0,22845,6|2020-10-01,ok,0.10638773909353551,0.12909518341870446,6|price|16999,price,0.12909518341870446
2020-11-27 12:00:00,2020-11-27 12:00:00,2020-11-27 18:00:00,2020-11-28 18:00:00,6,prebreak,ok,0.0,upper_first,16.0,22855,6|2020-10-01,ok,0.10638773909353551,0.19884817417808454,6|price|17009,price,0.19884817417808454
2020-11-28 18:00:00,2020-11-28 18:00:00,2020-11-29 00:00:00,2020-11-30 00:00:00,6,prebreak,ok,0.0,upper_first,21.0,22860,6|2020-10-01,ok,0.10638773909353551,0.18185969671281174,6|price|17014,price,0.18185969671281174
2020-11-30 00:00:00,2020-11-30 00:00:00,2020-11-30 06:00:00,2020-12-01 06:00:00,6,prebreak,ok,0.0,upper_first,7.0,22865,6|2020-10-01,ok,0.10638773909353551,0.13040051511775871,6|price|17019,price,0.13040051511775871
2020-12-01 06:00:00,2020-12-01 06:00:00,2020-12-01 12:00:00,2020-12-02 12:00:00,6,prebreak,ok,1.0,lower_first,0.0,22870,6|2020-10-01,ok,0.10638773909353551,0.10913375462852974,6|price|17024,price,0.10913375462852974
2020-12-02 12:00:00,2020-12-02 12:00:00,2020-12-02 18:00:00,2020-12-03 18:00:00,6,prebreak,ok,0.0,upper_first,22.0,22875,6|2020-10-01,ok,0.10638773909353551,0.16159504364055835,6|price|17029,price,0.16159504364055835
2020-12-03 18:00:00,2020-12-03 18:00:00,2020-12-04 00:00:00,2020-12-05 00:00:00,6,prebreak,ok,0.0,neither,,22880,6|2020-10-01,ok,0.10638773909353551,0.16754621995572813,6|price|17034,price,0.16754621995572813
2020-12-05 00:00:00,2020-12-05 00:00:00,2020-12-05 06:00:00,2020-12-06 06:00:00,6,prebreak,ok,0.0,neither,,22885,6|2020-10-01,ok,0.10638773909353551,0.13679710968190562,6|price|17039,price,0.13679710968190562
2020-12-06 06:00:00,2020-12-06 06:00:00,2020-12-06 12:00:00,2020-12-07 12:00:00,6,prebreak,ok,0.0,neither,,22890,6|2020-10-01,ok,0.10638773909353551,0.11488405613501886,6|price|17044,price,0.11488405613501886
2020-12-07 12:00:00,2020-12-07 12:00:00,2020-12-07 18:00:00,2020-12-08 18:00:00,6,prebreak,ok,0.0,neither,,22895,6|2020-10-01,ok,0.10638773909353551,0.10522792429545243,6|price|17049,price,0.10522792429545243
2020-12-10 12:00:00,2020-12-10 12:00:00,2020-12-10 18:00:00,2020-12-11 18:00:00,6,prebreak,ok,0.0,neither,,22907,6|2020-10-01,ok,0.10638773909353551,0.1255400991749731,6|price|17061,price,0.1255400991749731
2020-12-11 18:00:00,2020-12-11 18:00:00,2020-12-12 00:00:00,2020-12-13 00:00:00,6,prebreak,ok,0.0,upper_first,18.0,22912,6|2020-10-01,ok,0.10638773909353551,0.12232206232436707,6|price|17066,price,0.12232206232436707
2020-12-17 12:00:00,2020-12-17 12:00:00,2020-12-17 18:00:00,2020-12-18 18:00:00,6,prebreak,ok,0.0,neither,,22935,6|2020-10-01,ok,0.10638773909353551,0.10155005634424269,6|price|17089,price,0.10155005634424269
2020-12-18 18:00:00,2020-12-18 18:00:00,2020-12-19 00:00:00,2020-12-20 00:00:00,6,prebreak,ok,0.0,upper_first,16.0,22940,6|2020-10-01,ok,0.10638773909353551,0.13162740858402713,6|price|17094,price,0.13162740858402713
2020-12-20 00:00:00,2020-12-20 00:00:00,2020-12-20 06:00:00,2020-12-21 06:00:00,6,prebreak,ok,0.0,upper_first,14.0,22945,6|2020-10-01,ok,0.10638773909353551,0.13545414054639565,6|price|17099,price,0.13545414054639565
2020-12-21 06:00:00,2020-12-21 06:00:00,2020-12-21 12:00:00,2020-12-22 12:00:00,6,prebreak,ok,0.0,upper_first,4.0,22950,6|2020-10-01,ok,0.10638773909353551,0.12436627993974825,6|price|17104,price,0.12436627993974825
2020-12-22 12:00:00,2020-12-22 12:00:00,2020-12-22 18:00:00,2020-12-23 18:00:00,6,prebreak,ok,0.0,upper_first,7.0,22955,6|2020-10-01,ok,0.10638773909353551,0.1687674852718049,6|price|17109,price,0.1687674852718049
2020-12-23 18:00:00,2020-12-23 18:00:00,2020-12-24 00:00:00,2020-12-25 00:00:00,6,prebreak,ok,0.0,neither,,22960,6|2020-10-01,ok,0.10638773909353551,0.1739537775954168,6|price|17114,price,0.1739537775954168
2020-12-25 00:00:00,2020-12-25 00:00:00,2020-12-25 06:00:00,2020-12-26 06:00:00,6,prebreak,ok,0.0,upper_first,5.0,22965,6|2020-10-01,ok,0.10638773909353551,0.14508043783034205,6|price|17119,price,0.14508043783034205
2020-12-26 06:00:00,2020-12-26 06:00:00,2020-12-26 12:00:00,2020-12-27 12:00:00,6,prebreak,ok,0.0,upper_first,3.0,22970,6|2020-10-01,ok,0.10638773909353551,0.13950616744486247,6|price|17124,price,0.13950616744486247
2020-12-27 12:00:00,2020-12-27 12:00:00,2020-12-27 18:00:00,2020-12-28 18:00:00,6,prebreak,ok,0.0,neither,,22975,6|2020-10-01,ok,0.10638773909353551,0.10792707935358725,6|price|17129,price,0.10792707935358725
2020-12-28 18:00:00,2020-12-28 18:00:00,2020-12-29 00:00:00,2020-12-30 00:00:00,6,prebreak,ok,0.0,neither,,22980,6|2020-10-01,ok,0.10638773909353551,0.14077390122461697,6|price|17134,price,0.14077390122461697
2020-12-30 00:00:00,2020-12-30 00:00:00,2020-12-30 06:00:00,2020-12-31 06:00:00,6,prebreak,ok,0.0,upper_first,13.0,22985,6|2020-10-01,ok,0.10638773909353551,0.14847574075310516,6|price|17139,price,0.14847574075310516
2020-12-31 06:00:00,2020-12-31 06:00:00,2020-12-31 12:00:00,2021-01-01 12:00:00,6,prebreak,ok,0.0,neither,,22990,6|2020-10-01,ok,0.10638773909353551,0.11424971247040616,6|price|17144,price,0.11424971247040616
2021-01-01 12:00:00,2021-01-01 12:00:00,2021-01-01 18:00:00,2021-01-02 18:00:00,6,prebreak,ok,0.0,upper_first,18.0,22995,6|2021-01-01,ok,0.10463157531902292,0.12081687432616062,6|price|17149,price,0.12081687432616062
2021-01-02 18:00:00,2021-01-02 18:00:00,2021-01-03 00:00:00,2021-01-04 00:00:00,6,prebreak,ok,0.0,upper_first,4.0,23000,6|2021-01-01,ok,0.10463157531902292,0.10589928356047927,6|price|17154,price,0.10589928356047927
2021-01-04 00:00:00,2021-01-04 00:00:00,2021-01-04 06:00:00,2021-01-05 06:00:00,6,prebreak,ok,1.0,lower_first,3.0,23005,6|2021-01-01,ok,0.10463157531902292,0.19333164638108924,6|price|17159,price,0.19333164638108924
2021-01-05 06:00:00,2021-01-05 06:00:00,2021-01-05 12:00:00,2021-01-06 12:00:00,6,prebreak,ok,0.0,upper_first,5.0,23010,6|2021-01-01,ok,0.10463157531902292,0.24376035369055235,6|price|17164,price,0.24376035369055235
2021-01-06 12:00:00,2021-01-06 12:00:00,2021-01-06 18:00:00,2021-01-07 18:00:00,6,prebreak,ok,0.0,upper_first,2.0,23015,6|2021-01-01,ok,0.10463157531902292,0.19340203128281092,6|price|17169,price,0.19340203128281092
2021-01-07 18:00:00,2021-01-07 18:00:00,2021-01-08 00:00:00,2021-01-09 00:00:00,6,prebreak,ok,1.0,lower_first,2.0,23020,6|2021-01-01,ok,0.10463157531902292,0.1576688664578348,6|price|17174,price,0.1576688664578348
2021-01-09 00:00:00,2021-01-09 00:00:00,2021-01-09 06:00:00,2021-01-10 06:00:00,6,prebreak,ok,0.0,upper_first,3.0,23025,6|2021-01-01,ok,0.10463157531902292,0.19994845079060442,6|price|17179,price,0.19994845079060442
2021-01-10 06:00:00,2021-01-10 06:00:00,2021-01-10 12:00:00,2021-01-11 12:00:00,6,prebreak,ok,1.0,lower_first,5.0,23030,6|2021-01-01,ok,0.10463157531902292,0.20200829678577062,6|price|17184,price,0.20200829678577062
2021-01-12 12:00:00,2021-01-12 12:00:00,2021-01-12 18:00:00,2021-01-13 18:00:00,6,prebreak,ok,1.0,lower_first,6.0,23039,6|2021-01-01,ok,0.10463157531902292,0.24799765253194941,6|price|17193,price,0.24799765253194941
2021-01-13 18:00:00,2021-01-13 18:00:00,2021-01-14 00:00:00,2021-01-15 00:00:00,6,prebreak,ok,0.0,upper_first,7.0,23044,6|2021-01-01,ok,0.10463157531902292,0.2621478731666891,6|price|17198,price,0.2621478731666891
2021-01-15 00:00:00,2021-01-15 00:00:00,2021-01-15 06:00:00,2021-01-16 06:00:00,6,prebreak,ok,1.0,lower_first,9.0,23049,6|2021-01-01,ok,0.10463157531902292,0.21299970771184293,6|price|17203,price,0.21299970771184293
2021-01-16 06:00:00,2021-01-16 06:00:00,2021-01-16 12:00:00,2021-01-17 12:00:00,6,prebreak,ok,1.0,lower_first,9.0,23054,6|2021-01-01,ok,0.10463157531902292,0.19437939373542737,6|price|17208,price,0.19437939373542737
2021-01-18 12:00:00,2021-01-18 12:00:00,2021-01-18 18:00:00,2021-01-19 18:00:00,6,prebreak,ok,0.0,upper_first,5.0,23063,6|2021-01-01,ok,0.10463157531902292,0.1817872849345815,6|price|17217,price,0.1817872849345815
2021-01-19 18:00:00,2021-01-19 18:00:00,2021-01-20 00:00:00,2021-01-21 00:00:00,6,prebreak,ok,1.0,lower_first,11.0,23068,6|2021-01-01,ok,0.10463157531902292,0.16031047875347337,6|price|17222,price,0.16031047875347337
2021-01-21 00:00:00,2021-01-21 00:00:00,2021-01-21 06:00:00,2021-01-22 06:00:00,6,prebreak,ok,1.0,lower_first,3.0,23073,6|2021-01-01,ok,0.10463157531902292,0.16238179176697068,6|price|17227,price,0.16238179176697068
2021-01-23 06:00:00,2021-01-23 06:00:00,2021-01-23 12:00:00,2021-01-24 12:00:00,6,prebreak,ok,0.0,upper_first,16.0,23082,6|2021-01-01,ok,0.10463157531902292,0.2007958995615871,6|price|17236,price,0.2007958995615871
2021-01-24 12:00:00,2021-01-24 12:00:00,2021-01-24 18:00:00,2021-01-25 18:00:00,6,prebreak,ok,0.0,upper_first,6.0,23087,6|2021-01-01,ok,0.10463157531902292,0.1952275177100008,6|price|17241,price,0.1952275177100008
2021-01-25 18:00:00,2021-01-25 18:00:00,2021-01-26 00:00:00,2021-01-27 00:00:00,6,prebreak,ok,0.0,neither,,23092,6|2021-01-01,ok,0.10463157531902292,0.15425256396118517,6|price|17246,price,0.15425256396118517
2021-01-27 00:00:00,2021-01-27 00:00:00,2021-01-27 06:00:00,2021-01-28 06:00:00,6,prebreak,ok,1.0,lower_first,8.0,23097,6|2021-01-01,ok,0.10463157531902292,0.16855423246903406,6|price|17251,price,0.16855423246903406
2021-01-28 18:00:00,2021-01-28 18:00:00,2021-01-29 00:00:00,2021-01-30 00:00:00,6,prebreak,ok,0.0,upper_first,8.0,23104,6|2021-01-01,ok,0.10463157531902292,0.18404211205957202,6|price|17258,price,0.18404211205957202
2021-01-30 00:00:00,2021-01-30 00:00:00,2021-01-30 06:00:00,2021-01-31 06:00:00,6,prebreak,ok,0.0,upper_first,9.0,23109,6|2021-01-01,ok,0.10463157531902292,0.24540372267172014,6|price|17263,price,0.24540372267172014
2021-01-31 06:00:00,2021-01-31 06:00:00,2021-01-31 12:00:00,2021-02-01 12:00:00,6,prebreak,ok,0.0,upper_first,21.0,23114,6|2021-01-01,ok,0.10463157531902292,0.23709997911380432,6|price|17268,price,0.23709997911380432
2021-02-01 12:00:00,2021-02-01 12:00:00,2021-02-01 18:00:00,2021-02-02 18:00:00,6,prebreak,ok,0.0,upper_first,15.0,23119,6|2021-01-01,ok,0.10463157531902292,0.17338768963736542,6|price|17273,price,0.17338768963736542
2021-02-02 18:00:00,2021-02-02 18:00:00,2021-02-03 00:00:00,2021-02-04 00:00:00,6,prebreak,ok,0.0,upper_first,4.0,23124,6|2021-01-01,ok,0.10463157531902292,0.1428019900570761,6|price|17278,price,0.1428019900570761
2021-02-04 00:00:00,2021-02-04 00:00:00,2021-02-04 06:00:00,2021-02-05 06:00:00,6,prebreak,ok,0.0,upper_first,2.0,23129,6|2021-01-01,ok,0.10463157531902292,0.11993993583242595,6|price|17283,price,0.11993993583242595
2021-02-05 06:00:00,2021-02-05 06:00:00,2021-02-05 12:00:00,2021-02-06 12:00:00,6,prebreak,ok,0.0,upper_first,12.0,23134,6|2021-01-01,ok,0.10463157531902292,0.12538413456654002,6|price|17288,price,0.12538413456654002
2021-02-06 12:00:00,2021-02-06 12:00:00,2021-02-06 18:00:00,2021-02-07 18:00:00,6,prebreak,ok,1.0,lower_first,10.0,23139,6|2021-01-01,ok,0.10463157531902292,0.11303390878201733,6|price|17293,price,0.11303390878201733
2021-02-07 18:00:00,2021-02-07 18:00:00,2021-02-08 00:00:00,2021-02-09 00:00:00,6,prebreak,ok,0.0,upper_first,12.0,23144,6|2021-01-01,ok,0.10463157531902292,0.14697472535928494,6|price|17298,price,0.14697472535928494
2021-02-09 00:00:00,2021-02-09 00:00:00,2021-02-09 06:00:00,2021-02-10 06:00:00,6,prebreak,ok,0.0,neither,,23149,6|2021-01-01,ok,0.10463157531902292,0.16413410971193573,6|price|17303,price,0.16413410971193573
2021-02-10 06:00:00,2021-02-10 06:00:00,2021-02-10 12:00:00,2021-02-11 12:00:00,6,prebreak,ok,1.0,lower_first,3.0,23154,6|2021-01-01,ok,0.10463157531902292,0.19278968265607604,6|price|17308,price,0.19278968265607604
2021-02-11 12:00:00,2021-02-11 12:00:00,2021-02-11 18:00:00,2021-02-12 18:00:00,6,prebreak,ok,0.0,upper_first,6.0,23159,6|2021-01-01,ok,0.10463157531902292,0.1982524933947781,6|price|17313,price,0.1982524933947781
2021-02-12 18:00:00,2021-02-12 18:00:00,2021-02-13 00:00:00,2021-02-14 00:00:00,6,prebreak,ok,0.0,neither,,23164,6|2021-01-01,ok,0.10463157531902292,0.14746983367278785,6|price|17318,price,0.14746983367278785
2021-02-14 00:00:00,2021-02-14 00:00:00,2021-02-14 06:00:00,2021-02-15 06:00:00,6,prebreak,ok,1.0,lower_first,20.0,23169,6|2021-01-01,ok,0.10463157531902292,0.14137922449316834,6|price|17323,price,0.14137922449316834
2021-02-15 06:00:00,2021-02-15 06:00:00,2021-02-15 12:00:00,2021-02-16 12:00:00,6,prebreak,ok,0.0,upper_first,15.0,23174,6|2021-01-01,ok,0.10463157531902292,0.15547765741167002,6|price|17328,price,0.15547765741167002
2021-02-16 12:00:00,2021-02-16 12:00:00,2021-02-16 18:00:00,2021-02-17 18:00:00,6,prebreak,ok,0.0,upper_first,8.0,23179,6|2021-01-01,ok,0.10463157531902292,0.13621323771442895,6|price|17333,price,0.13621323771442895
2021-02-17 18:00:00,2021-02-17 18:00:00,2021-02-18 00:00:00,2021-02-19 00:00:00,6,prebreak,ok,0.0,neither,,23184,6|2021-01-01,ok,0.10463157531902292,0.12747175687244403,6|price|17338,price,0.12747175687244403
2021-02-19 00:00:00,2021-02-19 00:00:00,2021-02-19 06:00:00,2021-02-20 06:00:00,6,prebreak,ok,0.0,upper_first,8.0,23189,6|2021-01-01,ok,0.10463157531902292,0.12237268519493484,6|price|17343,price,0.12237268519493484
2021-02-20 06:00:00,2021-02-20 06:00:00,2021-02-20 12:00:00,2021-02-21 12:00:00,6,prebreak,ok,0.0,neither,,23194,6|2021-01-01,ok,0.10463157531902292,0.10663469657641432,6|price|17348,price,0.10663469657641432
2021-02-21 12:00:00,2021-02-21 12:00:00,2021-02-21 18:00:00,2021-02-22 18:00:00,6,prebreak,ok,1.0,lower_first,15.0,23199,6|2021-01-01,ok,0.10463157531902292,0.11866546402785026,6|price|17353,price,0.11866546402785026
2021-02-24 12:00:00,2021-02-24 12:00:00,2021-02-24 18:00:00,2021-02-25 18:00:00,6,prebreak,ok,0.0,upper_first,19.0,23211,6|2021-01-01,ok,0.10463157531902292,0.24339773586911426,6|price|17365,price,0.24339773586911426
2021-02-25 18:00:00,2021-02-25 18:00:00,2021-02-26 00:00:00,2021-02-27 00:00:00,6,prebreak,ok,1.0,lower_first,7.0,23216,6|2021-01-01,ok,0.10463157531902292,0.24813520320761115,6|price|17370,price,0.24813520320761115
2021-02-27 00:00:00,2021-02-27 00:00:00,2021-02-27 06:00:00,2021-02-28 06:00:00,6,prebreak,ok,1.0,lower_first,17.0,23221,6|2021-01-01,ok,0.10463157531902292,0.21263693999536956,6|price|17375,price,0.21263693999536956
2021-02-28 06:00:00,2021-02-28 06:00:00,2021-02-28 12:00:00,2021-03-01 12:00:00,6,prebreak,ok,1.0,lower_first,4.0,23226,6|2021-01-01,ok,0.10463157531902292,0.209821955724646,6|price|17380,price,0.209821955724646
2021-03-01 18:00:00,2021-03-01 18:00:00,2021-03-02 00:00:00,2021-03-03 00:00:00,6,prebreak,ok,1.0,lower_first,20.0,23232,6|2021-01-01,ok,0.10463157531902292,0.15867432559439923,6|price|17386,price,0.15867432559439923
2021-03-03 00:00:00,2021-03-03 00:00:00,2021-03-03 06:00:00,2021-03-04 06:00:00,6,prebreak,ok,0.0,upper_first,2.0,23237,6|2021-01-01,ok,0.10463157531902292,0.1454422118164982,6|price|17391,price,0.1454422118164982
2021-03-04 06:00:00,2021-03-04 06:00:00,2021-03-04 12:00:00,2021-03-05 12:00:00,6,prebreak,ok,1.0,lower_first,12.0,23242,6|2021-01-01,ok,0.10463157531902292,0.1607795299974732,6|price|17396,price,0.1607795299974732
2021-03-06 06:00:00,2021-03-06 06:00:00,2021-03-06 12:00:00,2021-03-07 12:00:00,6,prebreak,ok,0.0,upper_first,14.0,23250,6|2021-01-01,ok,0.10463157531902292,0.17612725730221987,6|price|17404,price,0.17612725730221987
2021-03-07 12:00:00,2021-03-07 12:00:00,2021-03-07 18:00:00,2021-03-08 18:00:00,6,prebreak,ok,0.0,neither,,23255,6|2021-01-01,ok,0.10463157531902292,0.13257396767826707,6|price|17409,price,0.13257396767826707
2021-03-08 18:00:00,2021-03-08 18:00:00,2021-03-09 00:00:00,2021-03-10 00:00:00,6,prebreak,ok,0.0,upper_first,3.0,23260,6|2021-01-01,ok,0.10463157531902292,0.11597052482178968,6|price|17414,price,0.11597052482178968
2021-03-10 00:00:00,2021-03-10 00:00:00,2021-03-10 06:00:00,2021-03-11 06:00:00,6,prebreak,ok,0.0,upper_first,3.0,23265,6|2021-01-01,ok,0.10463157531902292,0.12214634613490301,6|price|17419,price,0.12214634613490301
2021-03-11 06:00:00,2021-03-11 06:00:00,2021-03-11 12:00:00,2021-03-12 12:00:00,6,prebreak,ok,0.0,upper_first,9.0,23270,6|2021-01-01,ok,0.10463157531902292,0.13544600734535908,6|price|17424,price,0.13544600734535908
2021-03-12 12:00:00,2021-03-12 12:00:00,2021-03-12 18:00:00,2021-03-13 18:00:00,6,prebreak,ok,0.0,upper_first,16.0,23275,6|2021-01-01,ok,0.10463157531902292,0.1448649157306835,6|price|17429,price,0.1448649157306835
2021-03-13 18:00:00,2021-03-13 18:00:00,2021-03-14 00:00:00,2021-03-15 00:00:00,6,prebreak,ok,0.0,neither,,23280,6|2021-01-01,ok,0.10463157531902292,0.1272568315573875,6|price|17434,price,0.1272568315573875
2021-03-15 00:00:00,2021-03-15 00:00:00,2021-03-15 06:00:00,2021-03-16 06:00:00,6,prebreak,ok,1.0,lower_first,3.0,23285,6|2021-01-01,ok,0.10463157531902292,0.12044408566340697,6|price|17439,price,0.12044408566340697
2021-03-17 06:00:00,2021-03-17 06:00:00,2021-03-17 12:00:00,2021-03-18 12:00:00,6,prebreak,ok,0.0,upper_first,6.0,23294,6|2021-01-01,ok,0.10463157531902292,0.16011396856495358,6|price|17448,price,0.16011396856495358
2021-03-18 12:00:00,2021-03-18 12:00:00,2021-03-18 18:00:00,2021-03-19 18:00:00,6,prebreak,ok,0.0,neither,,23299,6|2021-01-01,ok,0.10463157531902292,0.14857583463007856,6|price|17453,price,0.14857583463007856
2021-03-19 18:00:00,2021-03-19 18:00:00,2021-03-20 00:00:00,2021-03-21 00:00:00,6,prebreak,ok,0.0,upper_first,13.0,23304,6|2021-01-01,ok,0.10463157531902292,0.14155804922578408,6|price|17458,price,0.14155804922578408
2021-03-21 00:00:00,2021-03-21 00:00:00,2021-03-21 06:00:00,2021-03-22 06:00:00,6,prebreak,ok,0.0,neither,,23309,6|2021-01-01,ok,0.10463157531902292,0.13594161621040937,6|price|17463,price,0.13594161621040937
2021-03-22 12:00:00,2021-03-22 12:00:00,2021-03-22 18:00:00,2021-03-23 18:00:00,6,prebreak,ok,1.0,lower_first,2.0,23315,6|2021-01-01,ok,0.10463157531902292,0.11576121216105507,6|price|17469,price,0.11576121216105507
2021-03-24 06:00:00,2021-03-24 06:00:00,2021-03-24 12:00:00,2021-03-25 12:00:00,6,prebreak,ok,1.0,lower_first,8.0,23322,6|2021-01-01,ok,0.10463157531902292,0.14001915077980698,6|price|17476,price,0.14001915077980698
2021-03-26 18:00:00,2021-03-26 18:00:00,2021-03-27 00:00:00,2021-03-28 00:00:00,6,prebreak,ok,0.0,neither,,23332,6|2021-01-01,ok,0.10463157531902292,0.14484307696222495,6|price|17486,price,0.14484307696222495
2021-03-28 00:00:00,2021-03-28 00:00:00,2021-03-28 06:00:00,2021-03-29 06:00:00,6,prebreak,ok,0.0,neither,,23337,6|2021-01-01,ok,0.10463157531902292,0.13003024547947337,6|price|17491,price,0.13003024547947337
2021-03-29 06:00:00,2021-03-29 06:00:00,2021-03-29 12:00:00,2021-03-30 12:00:00,6,prebreak,ok,0.0,neither,,23342,6|2021-01-01,ok,0.10463157531902292,0.1195858422107525,6|price|17496,price,0.1195858422107525
2021-03-30 12:00:00,2021-03-30 12:00:00,2021-03-30 18:00:00,2021-03-31 18:00:00,6,prebreak,ok,0.0,neither,,23347,6|2021-01-01,ok,0.10463157531902292,0.10536463859007918,6|price|17501,price,0.10536463859007918
2021-03-31 18:00:00,2021-03-31 18:00:00,2021-04-01 00:00:00,2021-04-02 00:00:00,6,prebreak,ok,0.0,neither,,23352,6|2021-01-01,ok,0.10463157531902292,0.111121926880911,6|price|17506,price,0.111121926880911
2021-04-02 00:00:00,2021-04-02 00:00:00,2021-04-02 06:00:00,2021-04-03 06:00:00,6,prebreak,ok,0.0,neither,,23357,6|2021-04-01,ok,0.14160353493016087,0.12008584477748993,6|price|17511,price,0.12008584477748993
2021-04-03 06:00:00,2021-04-03 06:00:00,2021-04-03 12:00:00,2021-04-04 12:00:00,6,prebreak,ok,0.0,neither,,23362,6|2021-04-01,ok,0.14160353493016087,0.1133317021321303,6|price|17516,price,0.1133317021321303
2021-04-05 06:00:00,2021-04-05 06:00:00,2021-04-05 12:00:00,2021-04-06 12:00:00,6,prebreak,ok,0.0,neither,,23370,6|2021-04-01,ok,0.14160353493016087,0.11220960216617508,6|price|17524,price,0.11220960216617508
2021-04-06 12:00:00,2021-04-06 12:00:00,2021-04-06 18:00:00,2021-04-07 18:00:00,6,prebreak,ok,0.0,neither,,23375,6|2021-04-01,ok,0.14160353493016087,0.10503840572163452,6|price|17529,price,0.10503840572163452
2021-04-08 12:00:00,2021-04-08 12:00:00,2021-04-08 18:00:00,2021-04-09 18:00:00,6,prebreak,ok,0.0,neither,,23383,6|2021-04-01,ok,0.14160353493016087,0.10963021131012535,6|price|17537,price,0.10963021131012535
2021-04-10 00:00:00,2021-04-10 00:00:00,2021-04-10 06:00:00,2021-04-11 06:00:00,6,prebreak,ok,0.0,neither,,23389,6|2021-04-01,ok,0.14160353493016087,0.1013980367417978,6|price|17543,price,0.1013980367417978
2021-04-11 06:00:00,2021-04-11 06:00:00,2021-04-11 12:00:00,2021-04-12 12:00:00,6,prebreak,ok,0.0,neither,,23394,6|2021-04-01,ok,0.14160353493016087,0.11787869902753623,6|price|17548,price,0.11787869902753623
2021-04-12 12:00:00,2021-04-12 12:00:00,2021-04-12 18:00:00,2021-04-13 18:00:00,6,prebreak,ok,0.0,upper_first,14.0,23399,6|2021-04-01,ok,0.14160353493016087,0.12024281709215989,6|price|17553,price,0.12024281709215989
2021-04-13 18:00:00,2021-04-13 18:00:00,2021-04-14 00:00:00,2021-04-15 00:00:00,6,prebreak,ok,0.0,neither,,23404,6|2021-04-01,ok,0.14160353493016087,0.1064810594170167,6|price|17558,price,0.1064810594170167
2021-04-15 00:00:00,2021-04-15 00:00:00,2021-04-15 06:00:00,2021-04-16 06:00:00,6,prebreak,ok,0.0,neither,,23409,6|2021-04-01,ok,0.14160353493016087,0.12109251870911351,6|price|17563,price,0.12109251870911351
2021-04-16 06:00:00,2021-04-16 06:00:00,2021-04-16 12:00:00,2021-04-17 12:00:00,6,prebreak,ok,0.0,neither,,23414,6|2021-04-01,ok,0.14160353493016087,0.14604804737001065,6|price|17568,price,0.14604804737001065
2021-04-17 12:00:00,2021-04-17 12:00:00,2021-04-17 18:00:00,2021-04-18 18:00:00,6,prebreak,ok,1.0,lower_first,9.0,23419,6|2021-04-01,ok,0.14160353493016087,0.1337722519437192,6|price|17573,price,0.1337722519437192
2021-04-19 06:00:00,2021-04-19 06:00:00,2021-04-19 12:00:00,2021-04-20 12:00:00,6,prebreak,ok,1.0,lower_first,3.0,23426,6|2021-04-01,ok,0.14160353493016087,0.15029490105306006,6|price|17580,price,0.15029490105306006
2021-04-20 12:00:00,2021-04-20 12:00:00,2021-04-20 18:00:00,2021-04-21 18:00:00,6,prebreak,ok,0.0,neither,,23431,6|2021-04-01,ok,0.14160353493016087,0.16897320079385827,6|price|17585,price,0.16897320079385827
2021-04-21 18:00:00,2021-04-21 18:00:00,2021-04-22 00:00:00,2021-04-23 00:00:00,6,prebreak,ok,0.0,upper_first,12.0,23436,6|2021-04-01,ok,0.14160353493016087,0.15095670799844504,6|price|17590,price,0.15095670799844504
2021-04-23 00:00:00,2021-04-23 00:00:00,2021-04-23 06:00:00,2021-04-24 06:00:00,6,prebreak,ok,0.0,upper_first,13.0,23441,6|2021-04-01,ok,0.14160353493016087,0.18129385713330895,6|price|17595,price,0.18129385713330895
2021-04-24 12:00:00,2021-04-24 12:00:00,2021-04-24 18:00:00,2021-04-25 18:00:00,6,prebreak,ok,0.0,neither,,23447,6|2021-04-01,ok,0.14160353493016087,0.19172568095091425,6|price|17601,price,0.19172568095091425
2021-04-25 18:00:00,2021-04-25 18:00:00,2021-04-26 00:00:00,2021-04-27 00:00:00,6,prebreak,ok,0.0,upper_first,0.0,23452,6|2021-04-01,ok,0.14160353493016087,0.17245477643625903,6|price|17606,price,0.17245477643625903
2021-04-27 00:00:00,2021-04-27 00:00:00,2021-04-27 06:00:00,2021-04-28 06:00:00,6,prebreak,ok,0.0,upper_first,19.0,23457,6|2021-04-01,ok,0.14160353493016087,0.1520990387746456,6|price|17611,price,0.1520990387746456
2021-04-28 06:00:00,2021-04-28 06:00:00,2021-04-28 12:00:00,2021-04-29 12:00:00,6,prebreak,ok,0.0,neither,,23462,6|2021-04-01,ok,0.14160353493016087,0.14040909798951537,6|price|17616,price,0.14040909798951537
2021-04-29 12:00:00,2021-04-29 12:00:00,2021-04-29 18:00:00,2021-04-30 18:00:00,6,prebreak,ok,0.0,upper_first,11.0,23467,6|2021-04-01,ok,0.14160353493016087,0.12262381446264921,6|price|17621,price,0.12262381446264921
2021-04-30 18:00:00,2021-04-30 18:00:00,2021-05-01 00:00:00,2021-05-02 00:00:00,6,prebreak,ok,0.0,neither,,23472,6|2021-04-01,ok,0.14160353493016087,0.10842014370891395,6|price|17626,price,0.10842014370891395
2021-05-02 00:00:00,2021-05-02 00:00:00,2021-05-02 06:00:00,2021-05-03 06:00:00,6,prebreak,ok,0.0,neither,,23477,6|2021-04-01,ok,0.14160353493016087,0.10947028478843221,6|price|17631,price,0.10947028478843221
2021-05-03 06:00:00,2021-05-03 06:00:00,2021-05-03 12:00:00,2021-05-04 12:00:00,6,prebreak,ok,1.0,lower_first,12.0,23482,6|2021-04-01,ok,0.14160353493016087,0.10426207638161807,6|price|17636,price,0.10426207638161807
2021-05-05 18:00:00,2021-05-05 18:00:00,2021-05-06 00:00:00,2021-05-07 00:00:00,6,prebreak,ok,0.0,neither,,23492,6|2021-04-01,ok,0.14160353493016087,0.12845715198370997,6|price|17646,price,0.12845715198370997
2021-05-07 00:00:00,2021-05-07 00:00:00,2021-05-07 06:00:00,2021-05-08 06:00:00,6,prebreak,ok,0.0,upper_first,6.0,23497,6|2021-04-01,ok,0.14160353493016087,0.1460080247066895,6|price|17651,price,0.1460080247066895
2021-05-08 06:00:00,2021-05-08 06:00:00,2021-05-08 12:00:00,2021-05-09 12:00:00,6,prebreak,ok,0.0,neither,,23502,6|2021-04-01,ok,0.14160353493016087,0.114679258902867,6|price|17656,price,0.114679258902867
2021-05-09 12:00:00,2021-05-09 12:00:00,2021-05-09 18:00:00,2021-05-10 18:00:00,6,prebreak,ok,0.0,upper_first,9.0,23507,6|2021-04-01,ok,0.14160353493016087,0.12935997387608902,6|price|17661,price,0.12935997387608902
2021-05-10 18:00:00,2021-05-10 18:00:00,2021-05-11 00:00:00,2021-05-12 00:00:00,6,prebreak,ok,0.0,neither,,23512,6|2021-04-01,ok,0.14160353493016087,0.15053758790744307,6|price|17666,price,0.15053758790744307
2021-05-12 00:00:00,2021-05-12 00:00:00,2021-05-12 06:00:00,2021-05-13 06:00:00,6,prebreak,ok,1.0,lower_first,12.0,23517,6|2021-04-01,ok,0.14160353493016087,0.14347654377103133,6|price|17671,price,0.14347654377103133
2021-05-14 00:00:00,2021-05-14 00:00:00,2021-05-14 06:00:00,2021-05-15 06:00:00,6,prebreak,ok,0.0,upper_first,9.0,23525,6|2021-04-01,ok,0.14160353493016087,0.17580065454289023,6|price|17679,price,0.17580065454289023
2021-05-15 06:00:00,2021-05-15 06:00:00,2021-05-15 12:00:00,2021-05-16 12:00:00,6,prebreak,ok,1.0,lower_first,12.0,23530,6|2021-04-01,ok,0.14160353493016087,0.19256054262922903,6|price|17684,price,0.19256054262922903
2021-05-16 12:00:00,2021-05-16 12:00:00,2021-05-16 18:00:00,2021-05-17 18:00:00,6,prebreak,ok,1.0,lower_first,1.0,23535,6|2021-04-01,ok,0.14160353493016087,0.16067850242999343,6|price|17689,price,0.16067850242999343
2021-05-18 06:00:00,2021-05-18 06:00:00,2021-05-18 12:00:00,2021-05-19 12:00:00,6,prebreak,ok,1.0,lower_first,2.0,23542,6|2021-04-01,ok,0.14160353493016087,0.19954723235755595,6|price|17696,price,0.19954723235755595
2021-05-20 18:00:00,2021-05-20 18:00:00,2021-05-21 00:00:00,2021-05-22 00:00:00,6,prebreak,ok,0.0,upper_first,0.0,23552,6|2021-04-01,ok,0.14160353493016087,0.28838154833754664,6|price|17706,price,0.28838154833754664
2021-05-22 00:00:00,2021-05-22 00:00:00,2021-05-22 06:00:00,2021-05-23 06:00:00,6,prebreak,ok,0.0,upper_first,4.0,23557,6|2021-04-01,ok,0.14160353493016087,0.31153556404966837,6|price|17711,price,0.31153556404966837
2021-05-23 06:00:00,2021-05-23 06:00:00,2021-05-23 12:00:00,2021-05-24 12:00:00,6,prebreak,ok,1.0,lower_first,0.0,23562,6|2021-04-01,ok,0.14160353493016087,0.2392580742545408,6|price|17716,price,0.2392580742545408
2021-05-24 18:00:00,2021-05-24 18:00:00,2021-05-25 00:00:00,2021-05-26 00:00:00,6,prebreak,ok,1.0,lower_first,10.0,23568,6|2021-04-01,ok,0.14160353493016087,0.20304721755437571,6|price|17722,price,0.20304721755437571
2021-05-26 00:00:00,2021-05-26 00:00:00,2021-05-26 06:00:00,2021-05-27 06:00:00,6,prebreak,ok,0.0,upper_first,0.0,23573,6|2021-04-01,ok,0.14160353493016087,0.19997963376078562,6|price|17727,price,0.19997963376078562
2021-05-27 06:00:00,2021-05-27 06:00:00,2021-05-27 12:00:00,2021-05-28 12:00:00,6,prebreak,ok,1.0,lower_first,16.0,23578,6|2021-04-01,ok,0.14160353493016087,0.19965459304171132,6|price|17732,price,0.19965459304171132
2021-05-30 00:00:00,2021-05-30 00:00:00,2021-05-30 06:00:00,2021-05-31 06:00:00,6,prebreak,ok,0.0,upper_first,5.0,23589,6|2021-04-01,ok,0.14160353493016087,0.18356402380030043,6|price|17743,price,0.18356402380030043
2021-05-31 06:00:00,2021-05-31 06:00:00,2021-05-31 12:00:00,2021-06-01 12:00:00,6,prebreak,ok,0.0,neither,,23594,6|2021-04-01,ok,0.14160353493016087,0.1879775120297175,6|price|17748,price,0.1879775120297175
2021-06-01 12:00:00,2021-06-01 12:00:00,2021-06-01 18:00:00,2021-06-02 18:00:00,6,prebreak,ok,0.0,upper_first,13.0,23599,6|2021-04-01,ok,0.14160353493016087,0.15475630374753255,6|price|17753,price,0.15475630374753255
2021-06-02 18:00:00,2021-06-02 18:00:00,2021-06-03 00:00:00,2021-06-04 00:00:00,6,prebreak,ok,0.0,upper_first,5.0,23604,6|2021-04-01,ok,0.14160353493016087,0.12159666575575603,6|price|17758,price,0.12159666575575603
2021-06-04 00:00:00,2021-06-04 00:00:00,2021-06-04 06:00:00,2021-06-05 06:00:00,6,prebreak,ok,0.0,upper_first,19.0,23609,6|2021-04-01,ok,0.14160353493016087,0.12281226976430308,6|price|17763,price,0.12281226976430308
2021-06-05 06:00:00,2021-06-05 06:00:00,2021-06-05 12:00:00,2021-06-06 12:00:00,6,prebreak,ok,0.0,neither,,23614,6|2021-04-01,ok,0.14160353493016087,0.11413741205587569,6|price|17768,price,0.11413741205587569
2021-06-07 00:00:00,2021-06-07 00:00:00,2021-06-07 06:00:00,2021-06-08 06:00:00,6,prebreak,ok,1.0,lower_first,14.0,23621,6|2021-04-01,ok,0.14160353493016087,0.1525357597795727,6|price|17775,price,0.1525357597795727
2021-06-09 18:00:00,2021-06-09 18:00:00,2021-06-10 00:00:00,2021-06-11 00:00:00,6,prebreak,ok,0.0,neither,,23632,6|2021-04-01,ok,0.14160353493016087,0.14679558592990885,6|price|17786,price,0.14679558592990885
2021-06-11 00:00:00,2021-06-11 00:00:00,2021-06-11 06:00:00,2021-06-12 06:00:00,6,prebreak,ok,1.0,lower_first,22.0,23637,6|2021-04-01,ok,0.14160353493016087,0.15739764741720425,6|price|17791,price,0.15739764741720425
2021-06-12 06:00:00,2021-06-12 06:00:00,2021-06-12 12:00:00,2021-06-13 12:00:00,6,prebreak,ok,0.0,neither,,23642,6|2021-04-01,ok,0.14160353493016087,0.18091637913581557,6|price|17796,price,0.18091637913581557
2021-06-13 12:00:00,2021-06-13 12:00:00,2021-06-13 18:00:00,2021-06-14 18:00:00,6,prebreak,ok,0.0,upper_first,2.0,23647,6|2021-04-01,ok,0.14160353493016087,0.1261914247670318,6|price|17801,price,0.1261914247670318
2021-06-14 18:00:00,2021-06-14 18:00:00,2021-06-15 00:00:00,2021-06-16 00:00:00,6,prebreak,ok,0.0,neither,,23652,6|2021-04-01,ok,0.14160353493016087,0.13448035971230357,6|price|17806,price,0.13448035971230357
2021-06-16 00:00:00,2021-06-16 00:00:00,2021-06-16 06:00:00,2021-06-17 06:00:00,6,prebreak,ok,1.0,lower_first,17.0,23657,6|2021-04-01,ok,0.14160353493016087,0.1414548591603589,6|price|17811,price,0.1414548591603589
2021-06-17 06:00:00,2021-06-17 06:00:00,2021-06-17 12:00:00,2021-06-18 12:00:00,6,prebreak,ok,1.0,lower_first,22.0,23662,6|2021-04-01,ok,0.14160353493016087,0.13351800803003666,6|price|17816,price,0.13351800803003666
2021-06-20 06:00:00,2021-06-20 06:00:00,2021-06-20 12:00:00,2021-06-21 12:00:00,6,prebreak,ok,0.0,upper_first,6.0,23674,6|2021-04-01,ok,0.14160353493016087,0.13887086660176037,6|price|17828,price,0.13887086660176037
2021-06-23 18:00:00,2021-06-23 18:00:00,2021-06-24 00:00:00,2021-06-25 00:00:00,6,prebreak,ok,0.0,upper_first,17.0,23688,6|2021-04-01,ok,0.14160353493016087,0.22292016157492334,6|price|17842,price,0.22292016157492334
2021-06-25 00:00:00,2021-06-25 00:00:00,2021-06-25 06:00:00,2021-06-26 06:00:00,6,prebreak,ok,1.0,lower_first,7.0,23693,6|2021-04-01,ok,0.14160353493016087,0.19622103990552703,6|price|17847,price,0.19622103990552703
2021-06-27 12:00:00,2021-06-27 12:00:00,2021-06-27 18:00:00,2021-06-28 18:00:00,6,prebreak,ok,0.0,upper_first,4.0,23703,6|2021-04-01,ok,0.14160353493016087,0.16541153732392463,6|price|17857,price,0.16541153732392463
2021-06-28 18:00:00,2021-06-28 18:00:00,2021-06-29 00:00:00,2021-06-30 00:00:00,6,prebreak,ok,0.0,upper_first,10.0,23708,6|2021-04-01,ok,0.14160353493016087,0.1738446887799758,6|price|17862,price,0.1738446887799758
2021-06-30 00:00:00,2021-06-30 00:00:00,2021-06-30 06:00:00,2021-07-01 06:00:00,6,prebreak,ok,0.0,neither,,23713,6|2021-04-01,ok,0.14160353493016087,0.15717232929760466,6|price|17867,price,0.15717232929760466
2021-07-01 06:00:00,2021-07-01 06:00:00,2021-07-01 12:00:00,2021-07-02 12:00:00,6,prebreak,ok,0.0,neither,,23718,6|2021-07-01,ok,0.1709109671482346,0.18210287476992004,6|price|17872,price,0.18210287476992004
2021-07-02 12:00:00,2021-07-02 12:00:00,2021-07-02 18:00:00,2021-07-03 18:00:00,6,prebreak,ok,0.0,upper_first,13.0,23723,6|2021-07-01,ok,0.1709109671482346,0.17123945874106664,6|price|17877,price,0.17123945874106664
2021-07-03 18:00:00,2021-07-03 18:00:00,2021-07-04 00:00:00,2021-07-05 00:00:00,6,prebreak,ok,0.0,upper_first,7.0,23728,6|2021-07-01,ok,0.1709109671482346,0.15137284520666833,6|price|17882,price,0.15137284520666833
2021-07-05 00:00:00,2021-07-05 00:00:00,2021-07-05 06:00:00,2021-07-06 06:00:00,6,prebreak,ok,0.0,neither,,23733,6|2021-07-01,ok,0.1709109671482346,0.12765320540531563,6|price|17887,price,0.12765320540531563
2021-07-06 06:00:00,2021-07-06 06:00:00,2021-07-06 12:00:00,2021-07-07 12:00:00,6,prebreak,ok,0.0,neither,,23738,6|2021-07-01,ok,0.1709109671482346,0.1430196885052083,6|price|17892,price,0.1430196885052083
2021-07-07 12:00:00,2021-07-07 12:00:00,2021-07-07 18:00:00,2021-07-08 18:00:00,6,prebreak,ok,1.0,lower_first,11.0,23743,6|2021-07-01,ok,0.1709109671482346,0.1527555794273175,6|price|17897,price,0.1527555794273175
2021-07-09 12:00:00,2021-07-09 12:00:00,2021-07-09 18:00:00,2021-07-10 18:00:00,6,prebreak,ok,0.0,neither,,23751,6|2021-07-01,ok,0.1709109671482346,0.13378987741871393,6|price|17905,price,0.13378987741871393
2021-07-10 18:00:00,2021-07-10 18:00:00,2021-07-11 00:00:00,2021-07-12 00:00:00,6,prebreak,ok,0.0,upper_first,21.0,23756,6|2021-07-01,ok,0.1709109671482346,0.1321656628196962,6|price|17910,price,0.1321656628196962
2021-07-12 00:00:00,2021-07-12 00:00:00,2021-07-12 06:00:00,2021-07-13 06:00:00,6,prebreak,ok,0.0,neither,,23761,6|2021-07-01,ok,0.1709109671482346,0.10956932757131425,6|price|17915,price,0.10956932757131425
2021-07-15 06:00:00,2021-07-15 06:00:00,2021-07-15 12:00:00,2021-07-16 12:00:00,6,prebreak,ok,0.0,neither,,23774,6|2021-07-01,ok,0.1709109671482346,0.12959223313052323,6|price|17928,price,0.12959223313052323
2021-07-16 18:00:00,2021-07-16 18:00:00,2021-07-17 00:00:00,2021-07-18 00:00:00,6,prebreak,ok,0.0,neither,,23780,6|2021-07-01,ok,0.1709109671482346,0.1266298725893101,6|price|17934,price,0.1266298725893101
2021-07-18 00:00:00,2021-07-18 00:00:00,2021-07-18 06:00:00,2021-07-19 06:00:00,6,prebreak,ok,0.0,neither,,23785,6|2021-07-01,ok,0.1709109671482346,0.12233861594443313,6|price|17939,price,0.12233861594443313
2021-07-19 06:00:00,2021-07-19 06:00:00,2021-07-19 12:00:00,2021-07-20 12:00:00,6,prebreak,ok,1.0,lower_first,15.0,23790,6|2021-07-01,ok,0.1709109671482346,0.12117204421046417,6|price|17944,price,0.12117204421046417
2021-07-21 12:00:00,2021-07-21 12:00:00,2021-07-21 18:00:00,2021-07-22 18:00:00,6,prebreak,ok,0.0,neither,,23799,6|2021-07-01,ok,0.1709109671482346,0.12522729636136595,6|price|17953,price,0.12522729636136595
2021-07-22 18:00:00,2021-07-22 18:00:00,2021-07-23 00:00:00,2021-07-24 00:00:00,6,prebreak,ok,0.0,upper_first,22.0,23804,6|2021-07-01,ok,0.1709109671482346,0.12443554001822316,6|price|17958,price,0.12443554001822316
2021-07-24 00:00:00,2021-07-24 00:00:00,2021-07-24 06:00:00,2021-07-25 06:00:00,6,prebreak,ok,0.0,neither,,23809,6|2021-07-01,ok,0.1709109671482346,0.10031014236029998,6|price|17963,price,0.10031014236029998
2021-07-25 06:00:00,2021-07-25 06:00:00,2021-07-25 12:00:00,2021-07-26 12:00:00,6,prebreak,ok,0.0,upper_first,12.0,23814,6|2021-07-01,ok,0.1709109671482346,0.10790186956817002,6|price|17968,price,0.10790186956817002
2021-07-26 12:00:00,2021-07-26 12:00:00,2021-07-26 18:00:00,2021-07-27 18:00:00,6,prebreak,ok,0.0,upper_first,1.0,23819,6|2021-07-01,ok,0.1709109671482346,0.14172056584711112,6|price|17973,price,0.14172056584711112
2021-07-27 18:00:00,2021-07-27 18:00:00,2021-07-28 00:00:00,2021-07-29 00:00:00,6,prebreak,ok,0.0,upper_first,11.0,23824,6|2021-07-01,ok,0.1709109671482346,0.19957929778375152,6|price|17978,price,0.19957929778375152
2021-07-29 00:00:00,2021-07-29 00:00:00,2021-07-29 06:00:00,2021-07-30 06:00:00,6,prebreak,ok,0.0,neither,,23829,6|2021-07-01,ok,0.1709109671482346,0.21392135856884598,6|price|17983,price,0.21392135856884598
2021-07-30 06:00:00,2021-07-30 06:00:00,2021-07-30 12:00:00,2021-07-31 12:00:00,6,prebreak,ok,0.0,upper_first,7.0,23834,6|2021-07-01,ok,0.1709109671482346,0.18593421181362774,6|price|17988,price,0.18593421181362774
2021-07-31 12:00:00,2021-07-31 12:00:00,2021-07-31 18:00:00,2021-08-01 18:00:00,6,prebreak,ok,0.0,upper_first,9.0,23839,6|2021-07-01,ok,0.1709109671482346,0.17924101340409673,6|price|17993,price,0.17924101340409673
2021-08-01 18:00:00,2021-08-01 18:00:00,2021-08-02 00:00:00,2021-08-03 00:00:00,6,prebreak,ok,0.0,neither,,23844,6|2021-07-01,ok,0.1709109671482346,0.14665592789034332,6|price|17998,price,0.14665592789034332
2021-08-04 06:00:00,2021-08-04 06:00:00,2021-08-04 12:00:00,2021-08-05 12:00:00,6,prebreak,ok,0.0,upper_first,3.0,23854,6|2021-07-01,ok,0.1709109671482346,0.1406950405430428,6|price|18008,price,0.1406950405430428
2021-08-05 12:00:00,2021-08-05 12:00:00,2021-08-05 18:00:00,2021-08-06 18:00:00,6,prebreak,ok,0.0,upper_first,21.0,23859,6|2021-07-01,ok,0.1709109671482346,0.1448933388815456,6|price|18013,price,0.1448933388815456
2021-08-06 18:00:00,2021-08-06 18:00:00,2021-08-07 00:00:00,2021-08-08 00:00:00,6,prebreak,ok,0.0,upper_first,12.0,23864,6|2021-07-01,ok,0.1709109671482346,0.1410527689732145,6|price|18018,price,0.1410527689732145
2021-08-08 00:00:00,2021-08-08 00:00:00,2021-08-08 06:00:00,2021-08-09 06:00:00,6,prebreak,ok,0.0,neither,,23869,6|2021-07-01,ok,0.1709109671482346,0.14750260182882027,6|price|18023,price,0.14750260182882027
2021-08-09 06:00:00,2021-08-09 06:00:00,2021-08-09 12:00:00,2021-08-10 12:00:00,6,prebreak,ok,0.0,neither,,23874,6|2021-07-01,ok,0.1709109671482346,0.1556040467173522,6|price|18028,price,0.1556040467173522
2021-08-10 12:00:00,2021-08-10 12:00:00,2021-08-10 18:00:00,2021-08-11 18:00:00,6,prebreak,ok,0.0,upper_first,14.0,23879,6|2021-07-01,ok,0.1709109671482346,0.15767901401654247,6|price|18033,price,0.15767901401654247
2021-08-11 18:00:00,2021-08-11 18:00:00,2021-08-12 00:00:00,2021-08-13 00:00:00,6,prebreak,ok,0.0,neither,,23884,6|2021-07-01,ok,0.1709109671482346,0.1297236026089896,6|price|18038,price,0.1297236026089896
2021-08-13 18:00:00,2021-08-13 18:00:00,2021-08-14 00:00:00,2021-08-15 00:00:00,6,prebreak,ok,0.0,neither,,23892,6|2021-07-01,ok,0.1709109671482346,0.10765884939466182,6|price|18046,price,0.10765884939466182
2021-08-15 00:00:00,2021-08-15 00:00:00,2021-08-15 06:00:00,2021-08-16 06:00:00,6,prebreak,ok,0.0,upper_first,21.0,23897,6|2021-07-01,ok,0.1709109671482346,0.12816625537298557,6|price|18051,price,0.12816625537298557
2021-08-16 06:00:00,2021-08-16 06:00:00,2021-08-16 12:00:00,2021-08-17 12:00:00,6,prebreak,ok,0.0,neither,,23902,6|2021-07-01,ok,0.1709109671482346,0.13063768701972436,6|price|18056,price,0.13063768701972436
2021-08-17 12:00:00,2021-08-17 12:00:00,2021-08-17 18:00:00,2021-08-18 18:00:00,6,prebreak,ok,0.0,neither,,23907,6|2021-07-01,ok,0.1709109671482346,0.1341667438261165,6|price|18061,price,0.1341667438261165
2021-08-19 00:00:00,2021-08-19 00:00:00,2021-08-19 06:00:00,2021-08-20 06:00:00,6,prebreak,ok,0.0,upper_first,9.0,23913,6|2021-07-01,ok,0.1709109671482346,0.1559532944297745,6|price|18067,price,0.1559532944297745
2021-08-20 06:00:00,2021-08-20 06:00:00,2021-08-20 12:00:00,2021-08-21 12:00:00,6,prebreak,ok,0.0,upper_first,2.0,23918,6|2021-07-01,ok,0.1709109671482346,0.12992914704575648,6|price|18072,price,0.12992914704575648
2021-08-21 12:00:00,2021-08-21 12:00:00,2021-08-21 18:00:00,2021-08-22 18:00:00,6,prebreak,ok,0.0,neither,,23923,6|2021-07-01,ok,0.1709109671482346,0.12721563379673742,6|price|18077,price,0.12721563379673742
2021-08-22 18:00:00,2021-08-22 18:00:00,2021-08-23 00:00:00,2021-08-24 00:00:00,6,prebreak,ok,0.0,neither,,23928,6|2021-07-01,ok,0.1709109671482346,0.13561274971865583,6|price|18082,price,0.13561274971865583
2021-08-24 00:00:00,2021-08-24 00:00:00,2021-08-24 06:00:00,2021-08-25 06:00:00,6,prebreak,ok,0.0,neither,,23933,6|2021-07-01,ok,0.1709109671482346,0.125915439821276,6|price|18087,price,0.125915439821276
2021-08-27 06:00:00,2021-08-27 06:00:00,2021-08-27 12:00:00,2021-08-28 12:00:00,6,prebreak,ok,0.0,upper_first,8.0,23946,6|2021-07-01,ok,0.1709109671482346,0.136611709511966,6|price|18100,price,0.136611709511966
2021-08-28 12:00:00,2021-08-28 12:00:00,2021-08-28 18:00:00,2021-08-29 18:00:00,6,prebreak,ok,0.0,neither,,23951,6|2021-07-01,ok,0.1709109671482346,0.12047251217223894,6|price|18105,price,0.12047251217223894
2021-08-29 18:00:00,2021-08-29 18:00:00,2021-08-30 00:00:00,2021-08-31 00:00:00,6,prebreak,ok,0.0,neither,,23956,6|2021-07-01,ok,0.1709109671482346,0.10495887107662999,6|price|18110,price,0.10495887107662999
2021-09-01 06:00:00,2021-09-01 06:00:00,2021-09-01 12:00:00,2021-09-02 12:00:00,6,prebreak,ok,0.0,upper_first,13.0,23966,6|2021-07-01,ok,0.1709109671482346,0.11807205379018938,6|price|18120,price,0.11807205379018938
2021-09-02 12:00:00,2021-09-02 12:00:00,2021-09-02 18:00:00,2021-09-03 18:00:00,6,prebreak,ok,0.0,upper_first,20.0,23971,6|2021-07-01,ok,0.1709109671482346,0.12286322084429133,6|price|18125,price,0.12286322084429133
2021-09-03 18:00:00,2021-09-03 18:00:00,2021-09-04 00:00:00,2021-09-05 00:00:00,6,prebreak,ok,0.0,neither,,23976,6|2021-07-01,ok,0.1709109671482346,0.11932464034674524,6|price|18130,price,0.11932464034674524
2021-09-05 00:00:00,2021-09-05 00:00:00,2021-09-05 06:00:00,2021-09-06 06:00:00,6,prebreak,ok,0.0,upper_first,14.0,23981,6|2021-07-01,ok,0.1709109671482346,0.1295422682222279,6|price|18135,price,0.1295422682222279
2021-09-06 06:00:00,2021-09-06 06:00:00,2021-09-06 12:00:00,2021-09-07 12:00:00,6,prebreak,ok,0.0,neither,,23986,6|2021-07-01,ok,0.1709109671482346,0.10486664711657363,6|price|18140,price,0.10486664711657363
2021-09-07 12:00:00,2021-09-07 12:00:00,2021-09-07 18:00:00,2021-09-08 18:00:00,6,prebreak,ok,0.0,neither,,23991,6|2021-07-01,ok,0.1709109671482346,0.12220107318818887,6|price|18145,price,0.12220107318818887
2021-09-08 18:00:00,2021-09-08 18:00:00,2021-09-09 00:00:00,2021-09-10 00:00:00,6,prebreak,ok,0.0,neither,,23996,6|2021-07-01,ok,0.1709109671482346,0.18223434462788105,6|price|18150,price,0.18223434462788105
2021-09-10 00:00:00,2021-09-10 00:00:00,2021-09-10 06:00:00,2021-09-11 06:00:00,6,prebreak,ok,1.0,lower_first,15.0,24001,6|2021-07-01,ok,0.1709109671482346,0.1896885959329874,6|price|18155,price,0.1896885959329874
2021-09-11 06:00:00,2021-09-11 06:00:00,2021-09-11 12:00:00,2021-09-12 12:00:00,6,prebreak,ok,0.0,neither,,24006,6|2021-07-01,ok,0.1709109671482346,0.14402543644906848,6|price|18160,price,0.14402543644906848
2021-09-12 12:00:00,2021-09-12 12:00:00,2021-09-12 18:00:00,2021-09-13 18:00:00,6,prebreak,ok,1.0,lower_first,20.0,24011,6|2021-07-01,ok,0.1709109671482346,0.11244706141592581,6|price|18165,price,0.11244706141592581
2021-09-14 18:00:00,2021-09-14 18:00:00,2021-09-15 00:00:00,2021-09-16 00:00:00,6,prebreak,ok,0.0,neither,,24020,6|2021-07-01,ok,0.1709109671482346,0.16358582401015284,6|price|18174,price,0.16358582401015284
2021-09-16 00:00:00,2021-09-16 00:00:00,2021-09-16 06:00:00,2021-09-17 06:00:00,6,prebreak,ok,0.0,neither,,24025,6|2021-07-01,ok,0.1709109671482346,0.1586169117245031,6|price|18179,price,0.1586169117245031
2021-09-17 06:00:00,2021-09-17 06:00:00,2021-09-17 12:00:00,2021-09-18 12:00:00,6,prebreak,ok,0.0,neither,,24030,6|2021-07-01,ok,0.1709109671482346,0.11232021139284178,6|price|18184,price,0.11232021139284178
2021-09-18 12:00:00,2021-09-18 12:00:00,2021-09-18 18:00:00,2021-09-19 18:00:00,6,prebreak,ok,0.0,neither,,24035,6|2021-07-01,ok,0.1709109671482346,0.12398567088163706,6|price|18189,price,0.12398567088163706
2021-09-19 18:00:00,2021-09-19 18:00:00,2021-09-20 00:00:00,2021-09-21 00:00:00,6,prebreak,ok,1.0,lower_first,7.0,24040,6|2021-07-01,ok,0.1709109671482346,0.11899170264109123,6|price|18194,price,0.11899170264109123
2021-09-22 06:00:00,2021-09-22 06:00:00,2021-09-22 12:00:00,2021-09-23 12:00:00,6,prebreak,ok,0.0,upper_first,3.0,24050,6|2021-07-01,ok,0.1709109671482346,0.18314625454068822,6|price|18204,price,0.18314625454068822
2021-09-23 12:00:00,2021-09-23 12:00:00,2021-09-23 18:00:00,2021-09-24 18:00:00,6,prebreak,ok,1.0,lower_first,15.0,24055,6|2021-07-01,ok,0.1709109671482346,0.18676252052109582,6|price|18209,price,0.18676252052109582
2021-09-24 18:00:00,2021-09-24 18:00:00,2021-09-25 00:00:00,2021-09-26 00:00:00,6,prebreak,ok,0.0,neither,,24060,6|2021-07-01,ok,0.1709109671482346,0.2008782538016998,6|price|18214,price,0.2008782538016998
2021-09-26 00:00:00,2021-09-26 00:00:00,2021-09-26 06:00:00,2021-09-27 06:00:00,6,prebreak,ok,0.0,upper_first,3.0,24065,6|2021-07-01,ok,0.1709109671482346,0.1769650827260632,6|price|18219,price,0.1769650827260632
2021-09-27 06:00:00,2021-09-27 06:00:00,2021-09-27 12:00:00,2021-09-28 12:00:00,6,prebreak,ok,1.0,lower_first,20.0,24070,6|2021-07-01,ok,0.1709109671482346,0.1776308956232709,6|price|18224,price,0.1776308956232709
2021-09-28 12:00:00,2021-09-28 12:00:00,2021-09-28 18:00:00,2021-09-29 18:00:00,6,prebreak,ok,0.0,neither,,24075,6|2021-07-01,ok,0.1709109671482346,0.162345859169333,6|price|18229,price,0.162345859169333
2021-09-29 18:00:00,2021-09-29 18:00:00,2021-09-30 00:00:00,2021-10-01 00:00:00,6,prebreak,ok,0.0,upper_first,1.0,24080,6|2021-07-01,ok,0.1709109671482346,0.15308577253707917,6|price|18234,price,0.15308577253707917
2021-10-01 00:00:00,2021-10-01 00:00:00,2021-10-01 06:00:00,2021-10-02 06:00:00,6,prebreak,ok,0.0,upper_first,4.0,24085,6|2021-10-01,ok,0.16315991257762966,0.1361936510513276,6|price|18239,price,0.1361936510513276
2021-10-02 06:00:00,2021-10-02 06:00:00,2021-10-02 12:00:00,2021-10-03 12:00:00,6,prebreak,ok,0.0,neither,,24090,6|2021-10-01,ok,0.16315991257762966,0.1413123064601433,6|price|18244,price,0.1413123064601433
2021-10-03 12:00:00,2021-10-03 12:00:00,2021-10-03 18:00:00,2021-10-04 18:00:00,6,prebreak,ok,0.0,neither,,24095,6|2021-10-01,ok,0.16315991257762966,0.13688682451464643,6|price|18249,price,0.13688682451464643
2021-10-04 18:00:00,2021-10-04 18:00:00,2021-10-05 00:00:00,2021-10-06 00:00:00,6,prebreak,ok,0.0,upper_first,18.0,24100,6|2021-10-01,ok,0.16315991257762966,0.10834514306186403,6|price|18254,price,0.10834514306186403
2021-10-06 00:00:00,2021-10-06 00:00:00,2021-10-06 06:00:00,2021-10-07 06:00:00,6,prebreak,ok,0.0,upper_first,7.0,24105,6|2021-10-01,ok,0.16315991257762966,0.10691707736568039,6|price|18259,price,0.10691707736568039
2021-10-07 06:00:00,2021-10-07 06:00:00,2021-10-07 12:00:00,2021-10-08 12:00:00,6,prebreak,ok,0.0,upper_first,20.0,24110,6|2021-10-01,ok,0.16315991257762966,0.11771510971864771,6|price|18264,price,0.11771510971864771
2021-10-08 12:00:00,2021-10-08 12:00:00,2021-10-08 18:00:00,2021-10-09 18:00:00,6,prebreak,ok,0.0,neither,,24115,6|2021-10-01,ok,0.16315991257762966,0.1333551393184882,6|price|18269,price,0.1333551393184882
2021-10-09 18:00:00,2021-10-09 18:00:00,2021-10-10 00:00:00,2021-10-11 00:00:00,6,prebreak,ok,0.0,neither,,24120,6|2021-10-01,ok,0.16315991257762966,0.13333174876763357,6|price|18274,price,0.13333174876763357
2021-10-11 00:00:00,2021-10-11 00:00:00,2021-10-11 06:00:00,2021-10-12 06:00:00,6,prebreak,ok,0.0,neither,,24125,6|2021-10-01,ok,0.16315991257762966,0.13065317837924603,6|price|18279,price,0.13065317837924603
2021-10-12 06:00:00,2021-10-12 06:00:00,2021-10-12 12:00:00,2021-10-13 12:00:00,6,prebreak,ok,1.0,lower_first,8.0,24130,6|2021-10-01,ok,0.16315991257762966,0.10494039544714245,6|price|18284,price,0.10494039544714245
2021-10-13 12:00:00,2021-10-13 12:00:00,2021-10-13 18:00:00,2021-10-14 18:00:00,6,prebreak,ok,0.0,neither,,24135,6|2021-10-01,ok,0.16315991257762966,0.13412152725713355,6|price|18289,price,0.13412152725713355
2021-10-14 18:00:00,2021-10-14 18:00:00,2021-10-15 00:00:00,2021-10-16 00:00:00,6,prebreak,ok,0.0,upper_first,2.0,24140,6|2021-10-01,ok,0.16315991257762966,0.12552106181362543,6|price|18294,price,0.12552106181362543
2021-10-16 00:00:00,2021-10-16 00:00:00,2021-10-16 06:00:00,2021-10-17 06:00:00,6,prebreak,ok,0.0,neither,,24145,6|2021-10-01,ok,0.16315991257762966,0.1396364015358812,6|price|18299,price,0.1396364015358812
2021-10-17 06:00:00,2021-10-17 06:00:00,2021-10-17 12:00:00,2021-10-18 12:00:00,6,prebreak,ok,0.0,neither,,24150,6|2021-10-01,ok,0.16315991257762966,0.1440192794131746,6|price|18304,price,0.1440192794131746
2021-10-18 12:00:00,2021-10-18 12:00:00,2021-10-18 18:00:00,2021-10-19 18:00:00,6,prebreak,ok,0.0,neither,,24155,6|2021-10-01,ok,0.16315991257762966,0.15311166376401292,6|price|18309,price,0.15311166376401292
2021-10-19 18:00:00,2021-10-19 18:00:00,2021-10-20 00:00:00,2021-10-21 00:00:00,6,prebreak,ok,0.0,upper_first,14.0,24160,6|2021-10-01,ok,0.16315991257762966,0.12029745144681676,6|price|18314,price,0.12029745144681676
2021-10-21 00:00:00,2021-10-21 00:00:00,2021-10-21 06:00:00,2021-10-22 06:00:00,6,prebreak,ok,0.0,neither,,24165,6|2021-10-01,ok,0.16315991257762966,0.12086284835600318,6|price|18319,price,0.12086284835600318
2021-10-22 06:00:00,2021-10-22 06:00:00,2021-10-22 12:00:00,2021-10-23 12:00:00,6,prebreak,ok,1.0,lower_first,4.0,24170,6|2021-10-01,ok,0.16315991257762966,0.14015486401437016,6|price|18324,price,0.14015486401437016
2021-10-23 18:00:00,2021-10-23 18:00:00,2021-10-24 00:00:00,2021-10-25 00:00:00,6,prebreak,ok,0.0,neither,,24176,6|2021-10-01,ok,0.16315991257762966,0.1502160871870227,6|price|18330,price,0.1502160871870227
2021-10-25 00:00:00,2021-10-25 00:00:00,2021-10-25 06:00:00,2021-10-26 06:00:00,6,prebreak,ok,0.0,upper_first,10.0,24181,6|2021-10-01,ok,0.16315991257762966,0.14058793451035603,6|price|18335,price,0.14058793451035603
2021-10-26 06:00:00,2021-10-26 06:00:00,2021-10-26 12:00:00,2021-10-27 12:00:00,6,prebreak,ok,1.0,lower_first,20.0,24186,6|2021-10-01,ok,0.16315991257762966,0.12400084512059058,6|price|18340,price,0.12400084512059058
2021-10-28 12:00:00,2021-10-28 12:00:00,2021-10-28 18:00:00,2021-10-29 18:00:00,6,prebreak,ok,1.0,lower_first,0.0,24195,6|2021-10-01,ok,0.16315991257762966,0.12387704470479766,6|price|18349,price,0.12387704470479766
2021-10-29 18:00:00,2021-10-29 18:00:00,2021-10-30 00:00:00,2021-10-31 00:00:00,6,prebreak,ok,0.0,neither,,24200,6|2021-10-01,ok,0.16315991257762966,0.14058558202338928,6|price|18354,price,0.14058558202338928
2021-10-31 00:00:00,2021-10-31 00:00:00,2021-10-31 06:00:00,2021-11-01 06:00:00,6,prebreak,ok,0.0,neither,,24205,6|2021-10-01,ok,0.16315991257762966,0.1326487520161079,6|price|18359,price,0.1326487520161079
2021-11-02 06:00:00,2021-11-02 06:00:00,2021-11-02 12:00:00,2021-11-03 12:00:00,6,prebreak,ok,0.0,neither,,24214,6|2021-10-01,ok,0.16315991257762966,0.12281495448339358,6|price|18368,price,0.12281495448339358
2021-11-03 12:00:00,2021-11-03 12:00:00,2021-11-03 18:00:00,2021-11-04 18:00:00,6,prebreak,ok,0.0,neither,,24219,6|2021-10-01,ok,0.16315991257762966,0.13566856540195518,6|price|18373,price,0.13566856540195518
2021-11-04 18:00:00,2021-11-04 18:00:00,2021-11-05 00:00:00,2021-11-06 00:00:00,6,prebreak,ok,0.0,neither,,24224,6|2021-10-01,ok,0.16315991257762966,0.14453280825519466,6|price|18378,price,0.14453280825519466
2021-11-06 00:00:00,2021-11-06 00:00:00,2021-11-06 06:00:00,2021-11-07 06:00:00,6,prebreak,ok,0.0,neither,,24229,6|2021-10-01,ok,0.16315991257762966,0.12291174884460357,6|price|18383,price,0.12291174884460357
2021-11-07 06:00:00,2021-11-07 06:00:00,2021-11-07 12:00:00,2021-11-08 12:00:00,6,prebreak,ok,0.0,upper_first,12.0,24234,6|2021-10-01,ok,0.16315991257762966,0.10328761206858188,6|price|18388,price,0.10328761206858188
2021-11-09 18:00:00,2021-11-09 18:00:00,2021-11-10 00:00:00,2021-11-11 00:00:00,6,prebreak,ok,0.0,upper_first,14.0,24244,6|2021-10-01,ok,0.16315991257762966,0.10891817790096911,6|price|18398,price,0.10891817790096911
2021-11-11 00:00:00,2021-11-11 00:00:00,2021-11-11 06:00:00,2021-11-12 06:00:00,6,prebreak,ok,0.0,neither,,24249,6|2021-10-01,ok,0.16315991257762966,0.1686481143033007,6|price|18403,price,0.1686481143033007
2021-11-12 06:00:00,2021-11-12 06:00:00,2021-11-12 12:00:00,2021-11-13 12:00:00,6,prebreak,ok,0.0,neither,,24254,6|2021-10-01,ok,0.16315991257762966,0.13549042447101953,6|price|18408,price,0.13549042447101953
2021-11-13 12:00:00,2021-11-13 12:00:00,2021-11-13 18:00:00,2021-11-14 18:00:00,6,prebreak,ok,0.0,neither,,24259,6|2021-10-01,ok,0.16315991257762966,0.1396650487826452,6|price|18413,price,0.1396650487826452
2021-11-14 18:00:00,2021-11-14 18:00:00,2021-11-15 00:00:00,2021-11-16 00:00:00,6,prebreak,ok,0.0,neither,,24264,6|2021-10-01,ok,0.16315991257762966,0.10707718933229729,6|price|18418,price,0.10707718933229729
2021-11-16 00:00:00,2021-11-16 00:00:00,2021-11-16 06:00:00,2021-11-17 06:00:00,6,prebreak,ok,0.0,neither,,24269,6|2021-10-01,ok,0.16315991257762966,0.11310793322708831,6|price|18423,price,0.11310793322708831
2021-11-17 12:00:00,2021-11-17 12:00:00,2021-11-17 18:00:00,2021-11-18 18:00:00,6,prebreak,ok,1.0,lower_first,22.0,24275,6|2021-10-01,ok,0.16315991257762966,0.13158693929953305,6|price|18429,price,0.13158693929953305
2021-11-20 06:00:00,2021-11-20 06:00:00,2021-11-20 12:00:00,2021-11-21 12:00:00,6,prebreak,ok,0.0,neither,,24286,6|2021-10-01,ok,0.16315991257762966,0.14338044286099633,6|price|18440,price,0.14338044286099633
2021-11-21 12:00:00,2021-11-21 12:00:00,2021-11-21 18:00:00,2021-11-22 18:00:00,6,prebreak,ok,0.0,neither,,24291,6|2021-10-01,ok,0.16315991257762966,0.1399299240637184,6|price|18445,price,0.1399299240637184
2021-11-22 18:00:00,2021-11-22 18:00:00,2021-11-23 00:00:00,2021-11-24 00:00:00,6,prebreak,ok,0.0,neither,,24296,6|2021-10-01,ok,0.16315991257762966,0.14400429279529825,6|price|18450,price,0.14400429279529825
2021-11-24 00:00:00,2021-11-24 00:00:00,2021-11-24 06:00:00,2021-11-25 06:00:00,6,prebreak,ok,0.0,neither,,24301,6|2021-10-01,ok,0.16315991257762966,0.14423347896017447,6|price|18455,price,0.14423347896017447
2021-11-25 06:00:00,2021-11-25 06:00:00,2021-11-25 12:00:00,2021-11-26 12:00:00,6,prebreak,ok,1.0,lower_first,20.0,24306,6|2021-10-01,ok,0.16315991257762966,0.15273645833314067,6|price|18460,price,0.15273645833314067
2021-11-27 12:00:00,2021-11-27 12:00:00,2021-11-27 18:00:00,2021-11-28 18:00:00,6,prebreak,ok,0.0,neither,,24315,6|2021-10-01,ok,0.16315991257762966,0.14257021727351646,6|price|18469,price,0.14257021727351646
2021-11-28 18:00:00,2021-11-28 18:00:00,2021-11-29 00:00:00,2021-11-30 00:00:00,6,prebreak,ok,0.0,neither,,24320,6|2021-10-01,ok,0.16315991257762966,0.1420111422779052,6|price|18474,price,0.1420111422779052
2021-11-30 00:00:00,2021-11-30 00:00:00,2021-11-30 06:00:00,2021-12-01 06:00:00,6,prebreak,ok,0.0,upper_first,6.0,24325,6|2021-10-01,ok,0.16315991257762966,0.13309719465276781,6|price|18479,price,0.13309719465276781
2021-12-01 06:00:00,2021-12-01 06:00:00,2021-12-01 12:00:00,2021-12-02 12:00:00,6,prebreak,ok,0.0,upper_first,4.0,24330,6|2021-10-01,ok,0.16315991257762966,0.15642849922422178,6|price|18484,price,0.15642849922422178
2021-12-02 12:00:00,2021-12-02 12:00:00,2021-12-02 18:00:00,2021-12-03 18:00:00,6,prebreak,ok,0.0,neither,,24335,6|2021-10-01,ok,0.16315991257762966,0.1640034546309752,6|price|18489,price,0.1640034546309752
2021-12-05 06:00:00,2021-12-05 06:00:00,2021-12-05 12:00:00,2021-12-06 12:00:00,6,prebreak,ok,0.0,neither,,24346,6|2021-10-01,ok,0.16315991257762966,0.16174042947160286,6|price|18500,price,0.16174042947160286
2021-12-06 12:00:00,2021-12-06 12:00:00,2021-12-06 18:00:00,2021-12-07 18:00:00,6,prebreak,ok,0.0,upper_first,3.0,24351,6|2021-10-01,ok,0.16315991257762966,0.18215373330807602,6|price|18505,price,0.18215373330807602
2021-12-07 18:00:00,2021-12-07 18:00:00,2021-12-08 00:00:00,2021-12-09 00:00:00,6,prebreak,ok,0.0,neither,,24356,6|2021-10-01,ok,0.16315991257762966,0.14860369671432871,6|price|18510,price,0.14860369671432871
2021-12-09 00:00:00,2021-12-09 00:00:00,2021-12-09 06:00:00,2021-12-10 06:00:00,6,prebreak,ok,0.0,neither,,24361,6|2021-10-01,ok,0.16315991257762966,0.15571997964420678,6|price|18515,price,0.15571997964420678
2021-12-12 00:00:00,2021-12-12 00:00:00,2021-12-12 06:00:00,2021-12-13 06:00:00,6,prebreak,ok,0.0,upper_first,11.0,24373,6|2021-10-01,ok,0.16315991257762966,0.13354886171596755,6|price|18527,price,0.13354886171596755
2021-12-13 06:00:00,2021-12-13 06:00:00,2021-12-13 12:00:00,2021-12-14 12:00:00,6,prebreak,ok,1.0,lower_first,7.0,24378,6|2021-10-01,ok,0.16315991257762966,0.14360247263439796,6|price|18532,price,0.14360247263439796
2021-12-14 12:00:00,2021-12-14 12:00:00,2021-12-14 18:00:00,2021-12-15 18:00:00,6,prebreak,ok,0.0,upper_first,3.0,24383,6|2021-10-01,ok,0.16315991257762966,0.12839816192474685,6|price|18537,price,0.12839816192474685
2021-12-15 18:00:00,2021-12-15 18:00:00,2021-12-16 00:00:00,2021-12-17 00:00:00,6,prebreak,ok,0.0,neither,,24388,6|2021-10-01,ok,0.16315991257762966,0.14789482708908086,6|price|18542,price,0.14789482708908086
2021-12-17 00:00:00,2021-12-17 00:00:00,2021-12-17 06:00:00,2021-12-18 06:00:00,6,prebreak,ok,0.0,neither,,24393,6|2021-10-01,ok,0.16315991257762966,0.14598196210552458,6|price|18547,price,0.14598196210552458
2021-12-18 18:00:00,2021-12-18 18:00:00,2021-12-19 00:00:00,2021-12-20 00:00:00,6,prebreak,ok,0.0,upper_first,14.0,24400,6|2021-10-01,ok,0.16315991257762966,0.15164627512920134,6|price|18554,price,0.15164627512920134
2021-12-20 00:00:00,2021-12-20 00:00:00,2021-12-20 06:00:00,2021-12-21 06:00:00,6,prebreak,ok,0.0,upper_first,21.0,24405,6|2021-10-01,ok,0.16315991257762966,0.14287009731808237,6|price|18559,price,0.14287009731808237
2021-12-21 06:00:00,2021-12-21 06:00:00,2021-12-21 12:00:00,2021-12-22 12:00:00,6,prebreak,ok,0.0,neither,,24410,6|2021-10-01,ok,0.16315991257762966,0.12035072761476813,6|price|18564,price,0.12035072761476813
2021-12-22 12:00:00,2021-12-22 12:00:00,2021-12-22 18:00:00,2021-12-23 18:00:00,6,prebreak,ok,0.0,upper_first,23.0,24415,6|2021-10-01,ok,0.16315991257762966,0.12429256298543476,6|price|18569,price,0.12429256298543476
2021-12-24 00:00:00,2021-12-24 00:00:00,2021-12-24 06:00:00,2021-12-25 06:00:00,6,prebreak,ok,0.0,neither,,24421,6|2021-10-01,ok,0.16315991257762966,0.1072051403795977,6|price|18575,price,0.1072051403795977
2021-12-25 06:00:00,2021-12-25 06:00:00,2021-12-25 12:00:00,2021-12-26 12:00:00,6,prebreak,ok,0.0,neither,,24426,6|2021-10-01,ok,0.16315991257762966,0.10592509245813402,6|price|18580,price,0.10592509245813402
2021-12-26 12:00:00,2021-12-26 12:00:00,2021-12-26 18:00:00,2021-12-27 18:00:00,6,prebreak,ok,0.0,upper_first,23.0,24431,6|2021-10-01,ok,0.16315991257762966,0.10616014570287366,6|price|18585,price,0.10616014570287366
2021-12-31 00:00:00,2021-12-31 00:00:00,2021-12-31 06:00:00,2022-01-01 06:00:00,6,prebreak,ok,0.0,neither,,24449,6|2021-10-01,ok,0.16315991257762966,0.1322834549263569,6|price|18603,price,0.1322834549263569
2022-01-02 00:00:00,2022-01-02 00:00:00,2022-01-02 06:00:00,2022-01-03 06:00:00,6,prebreak,ok,0.0,neither,,24457,6|2022-01-01,ok,0.15599742297806507,0.1356415225843527,6|price|18611,price,0.1356415225843527
2022-01-03 06:00:00,2022-01-03 06:00:00,2022-01-03 12:00:00,2022-01-04 12:00:00,6,prebreak,ok,0.0,neither,,24462,6|2022-01-01,ok,0.15599742297806507,0.13722185376585228,6|price|18616,price,0.13722185376585228
2022-01-04 12:00:00,2022-01-04 12:00:00,2022-01-04 18:00:00,2022-01-05 18:00:00,6,prebreak,ok,0.0,neither,,24467,6|2022-01-01,ok,0.15599742297806507,0.1019221054803801,6|price|18621,price,0.1019221054803801
2022-01-05 18:00:00,2022-01-05 18:00:00,2022-01-06 00:00:00,2022-01-07 00:00:00,6,prebreak,ok,0.0,neither,,24472,6|2022-01-01,ok,0.15599742297806507,0.12184282714812665,6|price|18626,price,0.12184282714812665
2022-01-07 00:00:00,2022-01-07 00:00:00,2022-01-07 06:00:00,2022-01-08 06:00:00,6,prebreak,ok,0.0,neither,,24477,6|2022-01-01,ok,0.15599742297806507,0.14192418717392988,6|price|18631,price,0.14192418717392988
2022-01-08 06:00:00,2022-01-08 06:00:00,2022-01-08 12:00:00,2022-01-09 12:00:00,6,prebreak,ok,0.0,neither,,24482,6|2022-01-01,ok,0.15599742297806507,0.15552336409311535,6|price|18636,price,0.15552336409311535
2022-01-09 12:00:00,2022-01-09 12:00:00,2022-01-09 18:00:00,2022-01-10 18:00:00,6,prebreak,ok,1.0,lower_first,20.0,24487,6|2022-01-01,ok,0.15599742297806507,0.14638688862614974,6|price|18641,price,0.14638688862614974
2022-01-10 18:00:00,2022-01-10 18:00:00,2022-01-11 00:00:00,2022-01-12 00:00:00,6,prebreak,ok,0.0,upper_first,17.0,24492,6|2022-01-01,ok,0.15599742297806507,0.12861586889522608,6|price|18646,price,0.12861586889522608
2022-01-12 00:00:00,2022-01-12 00:00:00,2022-01-12 06:00:00,2022-01-13 06:00:00,6,prebreak,ok,0.0,upper_first,7.0,24497,6|2022-01-01,ok,0.15599742297806507,0.13055919485314857,6|price|18651,price,0.13055919485314857
2022-01-13 06:00:00,2022-01-13 06:00:00,2022-01-13 12:00:00,2022-01-14 12:00:00,6,prebreak,ok,0.0,neither,,24502,6|2022-01-01,ok,0.15599742297806507,0.12197715248006441,6|price|18656,price,0.12197715248006441
2022-01-14 12:00:00,2022-01-14 12:00:00,2022-01-14 18:00:00,2022-01-15 18:00:00,6,prebreak,ok,0.0,neither,,24507,6|2022-01-01,ok,0.15599742297806507,0.12800900540665167,6|price|18661,price,0.12800900540665167
2022-01-15 18:00:00,2022-01-15 18:00:00,2022-01-16 00:00:00,2022-01-17 00:00:00,6,prebreak,ok,0.0,neither,,24512,6|2022-01-01,ok,0.15599742297806507,0.1094121423551278,6|price|18666,price,0.1094121423551278
2022-01-17 06:00:00,2022-01-17 06:00:00,2022-01-17 12:00:00,2022-01-18 12:00:00,6,prebreak,ok,0.0,neither,,24518,6|2022-01-01,ok,0.15599742297806507,0.10356219987732453,6|price|18672,price,0.10356219987732453
2022-01-19 06:00:00,2022-01-19 06:00:00,2022-01-19 12:00:00,2022-01-20 12:00:00,6,prebreak,ok,0.0,neither,,24526,6|2022-01-01,ok,0.15599742297806507,0.10978745572761298,6|price|18680,price,0.10978745572761298
2022-01-20 12:00:00,2022-01-20 12:00:00,2022-01-20 18:00:00,2022-01-21 18:00:00,6,prebreak,ok,1.0,lower_first,4.0,24531,6|2022-01-01,ok,0.15599742297806507,0.11419627746231605,6|price|18685,price,0.11419627746231605
2022-01-23 12:00:00,2022-01-23 12:00:00,2022-01-23 18:00:00,2022-01-24 18:00:00,6,prebreak,ok,0.0,upper_first,5.0,24543,6|2022-01-01,ok,0.15599742297806507,0.2034596012385947,6|price|18697,price,0.2034596012385947
2022-01-25 12:00:00,2022-01-25 12:00:00,2022-01-25 18:00:00,2022-01-26 18:00:00,6,prebreak,ok,0.0,upper_first,20.0,24551,6|2022-01-01,ok,0.15599742297806507,0.19119893823851614,6|price|18705,price,0.19119893823851614
2022-01-26 18:00:00,2022-01-26 18:00:00,2022-01-27 00:00:00,2022-01-28 00:00:00,6,prebreak,ok,0.0,neither,,24556,6|2022-01-01,ok,0.15599742297806507,0.17492492089949216,6|price|18710,price,0.17492492089949216
2022-01-28 00:00:00,2022-01-28 00:00:00,2022-01-28 06:00:00,2022-01-29 06:00:00,6,prebreak,ok,0.0,neither,,24561,6|2022-01-01,ok,0.15599742297806507,0.16720375135028856,6|price|18715,price,0.16720375135028856
2022-01-29 06:00:00,2022-01-29 06:00:00,2022-01-29 12:00:00,2022-01-30 12:00:00,6,prebreak,ok,0.0,neither,,24566,6|2022-01-01,ok,0.15599742297806507,0.1596782844085096,6|price|18720,price,0.1596782844085096
2022-01-30 12:00:00,2022-01-30 12:00:00,2022-01-30 18:00:00,2022-01-31 18:00:00,6,prebreak,ok,0.0,neither,,24571,6|2022-01-01,ok,0.15599742297806507,0.13050886139050455,6|price|18725,price,0.13050886139050455
2022-01-31 18:00:00,2022-01-31 18:00:00,2022-02-01 00:00:00,2022-02-02 00:00:00,6,prebreak,ok,0.0,neither,,24576,6|2022-01-01,ok,0.15599742297806507,0.12153574924960016,6|price|18730,price,0.12153574924960016
2022-02-02 00:00:00,2022-02-02 00:00:00,2022-02-02 06:00:00,2022-02-03 06:00:00,6,prebreak,ok,0.0,neither,,24581,6|2022-01-01,ok,0.15599742297806507,0.12229224048598665,6|price|18735,price,0.12229224048598665
2022-02-03 06:00:00,2022-02-03 06:00:00,2022-02-03 12:00:00,2022-02-04 12:00:00,6,prebreak,ok,0.0,upper_first,18.0,24586,6|2022-01-01,ok,0.15599742297806507,0.12770631624075962,6|price|18740,price,0.12770631624075962
2022-02-04 12:00:00,2022-02-04 12:00:00,2022-02-04 18:00:00,2022-02-05 18:00:00,6,prebreak,ok,0.0,upper_first,5.0,24591,6|2022-01-01,ok,0.15599742297806507,0.12858493182562974,6|price|18745,price,0.12858493182562974
2022-02-05 18:00:00,2022-02-05 18:00:00,2022-02-06 00:00:00,2022-02-07 00:00:00,6,prebreak,ok,0.0,upper_first,23.0,24596,6|2022-01-01,ok,0.15599742297806507,0.14441140556038445,6|price|18750,price,0.14441140556038445
2022-02-07 00:00:00,2022-02-07 00:00:00,2022-02-07 06:00:00,2022-02-08 06:00:00,6,prebreak,ok,0.0,upper_first,10.0,24601,6|2022-01-01,ok,0.15599742297806507,0.13072488539429764,6|price|18755,price,0.13072488539429764
2022-02-08 06:00:00,2022-02-08 06:00:00,2022-02-08 12:00:00,2022-02-09 12:00:00,6,prebreak,ok,0.0,neither,,24606,6|2022-01-01,ok,0.15599742297806507,0.10223276530823615,6|price|18760,price,0.10223276530823615
2022-02-09 12:00:00,2022-02-09 12:00:00,2022-02-09 18:00:00,2022-02-10 18:00:00,6,prebreak,ok,0.0,upper_first,21.0,24611,6|2022-01-01,ok,0.15599742297806507,0.14222373288851115,6|price|18765,price,0.14222373288851115
2022-02-10 18:00:00,2022-02-10 18:00:00,2022-02-11 00:00:00,2022-02-12 00:00:00,6,prebreak,ok,0.0,neither,,24616,6|2022-01-01,ok,0.15599742297806507,0.14838766045880447,6|price|18770,price,0.14838766045880447
2022-02-12 00:00:00,2022-02-12 00:00:00,2022-02-12 06:00:00,2022-02-13 06:00:00,6,prebreak,ok,0.0,neither,,24621,6|2022-01-01,ok,0.15599742297806507,0.16308417612496015,6|price|18775,price,0.16308417612496015
2022-02-13 06:00:00,2022-02-13 06:00:00,2022-02-13 12:00:00,2022-02-14 12:00:00,6,prebreak,ok,0.0,neither,,24626,6|2022-01-01,ok,0.15599742297806507,0.15885682018761094,6|price|18780,price,0.15885682018761094
2022-02-15 06:00:00,2022-02-15 06:00:00,2022-02-15 12:00:00,2022-02-16 12:00:00,6,prebreak,ok,0.0,neither,,24634,6|2022-01-01,ok,0.15599742297806507,0.11585624857711248,6|price|18788,price,0.11585624857711248
2022-02-16 12:00:00,2022-02-16 12:00:00,2022-02-16 18:00:00,2022-02-17 18:00:00,6,prebreak,ok,0.0,neither,,24639,6|2022-01-01,ok,0.15599742297806507,0.1063686041365995,6|price|18793,price,0.1063686041365995
2022-02-17 18:00:00,2022-02-17 18:00:00,2022-02-18 00:00:00,2022-02-19 00:00:00,6,prebreak,ok,0.0,neither,,24644,6|2022-01-01,ok,0.15599742297806507,0.13633526233894103,6|price|18798,price,0.13633526233894103
2022-02-19 00:00:00,2022-02-19 00:00:00,2022-02-19 06:00:00,2022-02-20 06:00:00,6,prebreak,ok,0.0,neither,,24649,6|2022-01-01,ok,0.15599742297806507,0.1293304906212804,6|price|18803,price,0.1293304906212804
2022-02-23 06:00:00,2022-02-23 06:00:00,2022-02-23 12:00:00,2022-02-24 12:00:00,6,prebreak,ok,1.0,lower_first,12.0,24666,6|2022-01-01,ok,0.15599742297806507,0.1815542902940189,6|price|18820,price,0.1815542902940189
2022-02-25 06:00:00,2022-02-25 06:00:00,2022-02-25 12:00:00,2022-02-26 12:00:00,6,prebreak,ok,0.0,upper_first,12.0,24674,6|2022-01-01,ok,0.15599742297806507,0.16924104880369556,6|price|18828,price,0.16924104880369556
2022-02-26 12:00:00,2022-02-26 12:00:00,2022-02-26 18:00:00,2022-02-27 18:00:00,6,prebreak,ok,0.0,neither,,24679,6|2022-01-01,ok,0.15599742297806507,0.17484103759369896,6|price|18833,price,0.17484103759369896
2022-02-27 18:00:00,2022-02-27 18:00:00,2022-02-28 00:00:00,2022-03-01 00:00:00,6,prebreak,ok,0.0,upper_first,14.0,24684,6|2022-01-01,ok,0.15599742297806507,0.16279702595885898,6|price|18838,price,0.16279702595885898
2022-03-01 00:00:00,2022-03-01 00:00:00,2022-03-01 06:00:00,2022-03-02 06:00:00,6,prebreak,ok,0.0,upper_first,6.0,24689,6|2022-01-01,ok,0.15599742297806507,0.1760266306113626,6|price|18843,price,0.1760266306113626
2022-03-02 06:00:00,2022-03-02 06:00:00,2022-03-02 12:00:00,2022-03-03 12:00:00,6,prebreak,ok,0.0,neither,,24694,6|2022-01-01,ok,0.15599742297806507,0.17860921397960672,6|price|18848,price,0.17860921397960672
2022-03-03 12:00:00,2022-03-03 12:00:00,2022-03-03 18:00:00,2022-03-04 18:00:00,6,prebreak,ok,0.0,neither,,24699,6|2022-01-01,ok,0.15599742297806507,0.17822017513753224,6|price|18853,price,0.17822017513753224
2022-03-06 00:00:00,2022-03-06 00:00:00,2022-03-06 06:00:00,2022-03-07 06:00:00,6,prebreak,ok,0.0,neither,,24709,6|2022-01-01,ok,0.15599742297806507,0.1348596791276551,6|price|18863,price,0.1348596791276551
2022-03-09 00:00:00,2022-03-09 00:00:00,2022-03-09 06:00:00,2022-03-10 06:00:00,6,prebreak,ok,1.0,lower_first,22.0,24721,6|2022-01-01,ok,0.15599742297806507,0.1475103761215058,6|price|18875,price,0.1475103761215058
2022-03-10 06:00:00,2022-03-10 06:00:00,2022-03-10 12:00:00,2022-03-11 12:00:00,6,prebreak,ok,0.0,upper_first,1.0,24726,6|2022-01-01,ok,0.15599742297806507,0.18689762469277857,6|price|18880,price,0.18689762469277857
2022-03-11 12:00:00,2022-03-11 12:00:00,2022-03-11 18:00:00,2022-03-12 18:00:00,6,prebreak,ok,0.0,neither,,24731,6|2022-01-01,ok,0.15599742297806507,0.1788606617789059,6|price|18885,price,0.1788606617789059
2022-03-12 18:00:00,2022-03-12 18:00:00,2022-03-13 00:00:00,2022-03-14 00:00:00,6,prebreak,ok,0.0,neither,,24736,6|2022-01-01,ok,0.15599742297806507,0.15909097802943808,6|price|18890,price,0.15909097802943808
2022-03-15 00:00:00,2022-03-15 00:00:00,2022-03-15 06:00:00,2022-03-16 06:00:00,6,prebreak,ok,0.0,upper_first,20.0,24745,6|2022-01-01,ok,0.15599742297806507,0.10843486813815084,6|price|18899,price,0.10843486813815084
2022-03-16 06:00:00,2022-03-16 06:00:00,2022-03-16 12:00:00,2022-03-17 12:00:00,6,prebreak,ok,0.0,neither,,24750,6|2022-01-01,ok,0.15599742297806507,0.1751611823856002,6|price|18904,price,0.1751611823856002
2022-03-17 12:00:00,2022-03-17 12:00:00,2022-03-17 18:00:00,2022-03-18 18:00:00,6,prebreak,ok,0.0,neither,,24755,6|2022-01-01,ok,0.15599742297806507,0.17588163877391863,6|price|18909,price,0.17588163877391863
2022-03-18 18:00:00,2022-03-18 18:00:00,2022-03-19 00:00:00,2022-03-20 00:00:00,6,prebreak,ok,0.0,neither,,24760,6|2022-01-01,ok,0.15599742297806507,0.16803930209117524,6|price|18914,price,0.16803930209117524
2022-03-22 12:00:00,2022-03-22 12:00:00,2022-03-22 18:00:00,2022-03-23 18:00:00,6,prebreak,ok,0.0,neither,,24775,6|2022-01-01,ok,0.15599742297806507,0.10936167768267692,6|price|18929,price,0.10936167768267692
2022-03-23 18:00:00,2022-03-23 18:00:00,2022-03-24 00:00:00,2022-03-25 00:00:00,6,prebreak,ok,0.0,upper_first,16.0,24780,6|2022-01-01,ok,0.15599742297806507,0.12200857331910195,6|price|18934,price,0.12200857331910195
2022-03-25 00:00:00,2022-03-25 00:00:00,2022-03-25 06:00:00,2022-03-26 06:00:00,6,prebreak,ok,0.0,neither,,24785,6|2022-01-01,ok,0.15599742297806507,0.11617976315977453,6|price|18939,price,0.11617976315977453
2022-03-26 12:00:00,2022-03-26 12:00:00,2022-03-26 18:00:00,2022-03-27 18:00:00,6,prebreak,ok,0.0,neither,,24791,6|2022-01-01,ok,0.15599742297806507,0.10008809802568505,6|price|18945,price,0.10008809802568505
2022-03-29 18:00:00,2022-03-29 18:00:00,2022-03-30 00:00:00,2022-03-31 00:00:00,6,prebreak,ok,0.0,neither,,24804,6|2022-01-01,ok,0.15599742297806507,0.10090672199360044,6|price|18958,price,0.10090672199360044
2022-03-31 00:00:00,2022-03-31 00:00:00,2022-03-31 06:00:00,2022-04-01 06:00:00,6,prebreak,ok,1.0,lower_first,20.0,24809,6|2022-01-01,ok,0.15599742297806507,0.10420649961504355,6|price|18963,price,0.10420649961504355
2022-04-02 06:00:00,2022-04-02 06:00:00,2022-04-02 12:00:00,2022-04-03 12:00:00,6,prebreak,ok,0.0,neither,,24818,6|2022-04-01,ok,0.15252793710857063,0.11443335595775883,6|price|18972,price,0.11443335595775883
2022-04-03 12:00:00,2022-04-03 12:00:00,2022-04-03 18:00:00,2022-04-04 18:00:00,6,prebreak,ok,0.0,neither,,24823,6|2022-04-01,ok,0.15252793710857063,0.12007403871396671,6|price|18977,price,0.12007403871396671
2022-04-05 18:00:00,2022-04-05 18:00:00,2022-04-06 00:00:00,2022-04-07 00:00:00,6,prebreak,ok,1.0,lower_first,18.0,24832,6|2022-04-01,ok,0.15252793710857063,0.11254077663628195,6|price|18986,price,0.11254077663628195
2022-04-08 06:00:00,2022-04-08 06:00:00,2022-04-08 12:00:00,2022-04-09 12:00:00,6,prebreak,ok,0.0,neither,,24842,6|2022-04-01,ok,0.15252793710857063,0.10706924489456886,6|price|18996,price,0.10706924489456886
2022-04-10 00:00:00,2022-04-10 00:00:00,2022-04-10 06:00:00,2022-04-11 06:00:00,6,prebreak,ok,0.0,neither,,24849,6|2022-04-01,ok,0.15252793710857063,0.11429919352158627,6|price|19003,price,0.11429919352158627
2022-04-11 06:00:00,2022-04-11 06:00:00,2022-04-11 12:00:00,2022-04-12 12:00:00,6,prebreak,ok,0.0,neither,,24854,6|2022-04-01,ok,0.15252793710857063,0.11751148160177241,6|price|19008,price,0.11751148160177241
2022-04-13 00:00:00,2022-04-13 00:00:00,2022-04-13 06:00:00,2022-04-14 06:00:00,6,prebreak,ok,0.0,upper_first,9.0,24861,6|2022-04-01,ok,0.15252793710857063,0.13092447249793127,6|price|19015,price,0.13092447249793127
2022-04-14 06:00:00,2022-04-14 06:00:00,2022-04-14 12:00:00,2022-04-15 12:00:00,6,prebreak,ok,0.0,neither,,24866,6|2022-04-01,ok,0.15252793710857063,0.13312976289718848,6|price|19020,price,0.13312976289718848
2022-04-15 12:00:00,2022-04-15 12:00:00,2022-04-15 18:00:00,2022-04-16 18:00:00,6,prebreak,ok,0.0,neither,,24871,6|2022-04-01,ok,0.15252793710857063,0.1254623870133311,6|price|19025,price,0.1254623870133311
2022-04-16 18:00:00,2022-04-16 18:00:00,2022-04-17 00:00:00,2022-04-18 00:00:00,6,prebreak,ok,0.0,neither,,24876,6|2022-04-01,ok,0.15252793710857063,0.10201825504551379,6|price|19030,price,0.10201825504551379
2022-04-19 06:00:00,2022-04-19 06:00:00,2022-04-19 12:00:00,2022-04-20 12:00:00,6,prebreak,ok,0.0,upper_first,22.0,24886,6|2022-04-01,ok,0.15252793710857063,0.10829225331776744,6|price|19040,price,0.10829225331776744
2022-04-20 12:00:00,2022-04-20 12:00:00,2022-04-20 18:00:00,2022-04-21 18:00:00,6,prebreak,ok,0.0,upper_first,17.0,24891,6|2022-04-01,ok,0.15252793710857063,0.10242457902740135,6|price|19045,price,0.10242457902740135
2022-04-21 18:00:00,2022-04-21 18:00:00,2022-04-22 00:00:00,2022-04-23 00:00:00,6,prebreak,ok,0.0,neither,,24896,6|2022-04-01,ok,0.15252793710857063,0.1109415315800547,6|price|19050,price,0.1109415315800547
2022-04-23 18:00:00,2022-04-23 18:00:00,2022-04-24 00:00:00,2022-04-25 00:00:00,6,prebreak,ok,0.0,neither,,24904,6|2022-04-01,ok,0.15252793710857063,0.10709980298993194,6|price|19058,price,0.10709980298993194
2022-04-26 18:00:00,2022-04-26 18:00:00,2022-04-27 00:00:00,2022-04-28 00:00:00,6,prebreak,ok,0.0,upper_first,13.0,24916,6|2022-04-01,ok,0.15252793710857063,0.13315264375043034,6|price|19070,price,0.13315264375043034
2022-04-28 00:00:00,2022-04-28 00:00:00,2022-04-28 06:00:00,2022-04-29 06:00:00,6,prebreak,ok,0.0,neither,,24921,6|2022-04-01,ok,0.15252793710857063,0.13066514194537954,6|price|19075,price,0.13066514194537954
2022-04-29 06:00:00,2022-04-29 06:00:00,2022-04-29 12:00:00,2022-04-30 12:00:00,6,prebreak,ok,0.0,neither,,24926,6|2022-04-01,ok,0.15252793710857063,0.12295962683593661,6|price|19080,price,0.12295962683593661
2022-04-30 12:00:00,2022-04-30 12:00:00,2022-04-30 18:00:00,2022-05-01 18:00:00,6,prebreak,ok,0.0,neither,,24931,6|2022-04-01,ok,0.15252793710857063,0.12256506702750161,6|price|19085,price,0.12256506702750161
2022-05-02 00:00:00,2022-05-02 00:00:00,2022-05-02 06:00:00,2022-05-03 06:00:00,6,prebreak,ok,0.0,neither,,24937,6|2022-04-01,ok,0.15252793710857063,0.10875540750608367,6|price|19091,price,0.10875540750608367
2022-05-03 06:00:00,2022-05-03 06:00:00,2022-05-03 12:00:00,2022-05-04 12:00:00,6,prebreak,ok,0.0,neither,,24942,6|2022-04-01,ok,0.15252793710857063,0.10895250402981389,6|price|19096,price,0.10895250402981389
2022-05-07 00:00:00,2022-05-07 00:00:00,2022-05-07 06:00:00,2022-05-08 06:00:00,6,prebreak,ok,0.0,neither,,24957,6|2022-04-01,ok,0.15252793710857063,0.14729051071892485,6|price|19111,price,0.14729051071892485
2022-05-11 00:00:00,2022-05-11 00:00:00,2022-05-11 06:00:00,2022-05-12 06:00:00,6,prebreak,ok,1.0,lower_first,6.0,24973,6|2022-04-01,ok,0.15252793710857063,0.19825103590922333,6|price|19127,price,0.19825103590922333
2022-05-13 12:00:00,2022-05-13 12:00:00,2022-05-13 18:00:00,2022-05-14 18:00:00,6,prebreak,ok,0.0,neither,,24983,6|2022-04-01,ok,0.15252793710857063,0.27810674516496964,6|price|19137,price,0.27810674516496964
2022-05-14 18:00:00,2022-05-14 18:00:00,2022-05-15 00:00:00,2022-05-16 00:00:00,6,prebreak,ok,0.0,upper_first,20.0,24988,6|2022-04-01,ok,0.15252793710857063,0.23110365963871193,6|price|19142,price,0.23110365963871193
2022-05-16 00:00:00,2022-05-16 00:00:00,2022-05-16 06:00:00,2022-05-17 06:00:00,6,prebreak,ok,0.0,neither,,24993,6|2022-04-01,ok,0.15252793710857063,0.14560818953175608,6|price|19147,price,0.14560818953175608
2022-05-17 06:00:00,2022-05-17 06:00:00,2022-05-17 12:00:00,2022-05-18 12:00:00,6,prebreak,ok,0.0,neither,,24998,6|2022-04-01,ok,0.15252793710857063,0.15312597754188986,6|price|19152,price,0.15312597754188986
2022-05-18 12:00:00,2022-05-18 12:00:00,2022-05-18 18:00:00,2022-05-19 18:00:00,6,prebreak,ok,0.0,upper_first,20.0,25003,6|2022-04-01,ok,0.15252793710857063,0.1637558888878389,6|price|19157,price,0.1637558888878389
2022-05-20 00:00:00,2022-05-20 00:00:00,2022-05-20 06:00:00,2022-05-21 06:00:00,6,prebreak,ok,0.0,neither,,25009,6|2022-04-01,ok,0.15252793710857063,0.13389936979203343,6|price|19163,price,0.13389936979203343
2022-05-21 06:00:00,2022-05-21 06:00:00,2022-05-21 12:00:00,2022-05-22 12:00:00,6,prebreak,ok,0.0,upper_first,21.0,25014,6|2022-04-01,ok,0.15252793710857063,0.1462856166074271,6|price|19168,price,0.1462856166074271
2022-05-22 12:00:00,2022-05-22 12:00:00,2022-05-22 18:00:00,2022-05-23 18:00:00,6,prebreak,ok,0.0,neither,,25019,6|2022-04-01,ok,0.15252793710857063,0.1286095801839612,6|price|19173,price,0.1286095801839612
2022-05-24 00:00:00,2022-05-24 00:00:00,2022-05-24 06:00:00,2022-05-25 06:00:00,6,prebreak,ok,0.0,neither,,25025,6|2022-04-01,ok,0.15252793710857063,0.12222992939106546,6|price|19179,price,0.12222992939106546
2022-05-25 06:00:00,2022-05-25 06:00:00,2022-05-25 12:00:00,2022-05-26 12:00:00,6,prebreak,ok,0.0,neither,,25030,6|2022-04-01,ok,0.15252793710857063,0.12003367199030608,6|price|19184,price,0.12003367199030608
2022-05-26 12:00:00,2022-05-26 12:00:00,2022-05-26 18:00:00,2022-05-27 18:00:00,6,prebreak,ok,0.0,neither,,25035,6|2022-04-01,ok,0.15252793710857063,0.13843583663957734,6|price|19189,price,0.13843583663957734
2022-05-27 18:00:00,2022-05-27 18:00:00,2022-05-28 00:00:00,2022-05-29 00:00:00,6,prebreak,ok,0.0,neither,,25040,6|2022-04-01,ok,0.15252793710857063,0.1383102402303205,6|price|19194,price,0.1383102402303205
2022-05-29 00:00:00,2022-05-29 00:00:00,2022-05-29 06:00:00,2022-05-30 06:00:00,6,prebreak,ok,0.0,upper_first,20.0,25045,6|2022-04-01,ok,0.15252793710857063,0.12652145356931943,6|price|19199,price,0.12652145356931943
2022-06-01 00:00:00,2022-06-01 00:00:00,2022-06-01 06:00:00,2022-06-02 06:00:00,6,prebreak,ok,1.0,lower_first,11.0,25057,6|2022-04-01,ok,0.15252793710857063,0.1029263229694239,6|price|19211,price,0.1029263229694239
2022-06-02 06:00:00,2022-06-02 06:00:00,2022-06-02 12:00:00,2022-06-03 12:00:00,6,prebreak,ok,0.0,neither,,25062,6|2022-04-01,ok,0.15252793710857063,0.1368360292888429,6|price|19216,price,0.1368360292888429
2022-06-03 12:00:00,2022-06-03 12:00:00,2022-06-03 18:00:00,2022-06-04 18:00:00,6,prebreak,ok,0.0,neither,,25067,6|2022-04-01,ok,0.15252793710857063,0.13143996806019956,6|price|19221,price,0.13143996806019956
2022-06-04 18:00:00,2022-06-04 18:00:00,2022-06-05 00:00:00,2022-06-06 00:00:00,6,prebreak,ok,0.0,neither,,25072,6|2022-04-01,ok,0.15252793710857063,0.10446636820460009,6|price|19226,price,0.10446636820460009
2022-06-07 06:00:00,2022-06-07 06:00:00,2022-06-07 12:00:00,2022-06-08 12:00:00,6,prebreak,ok,0.0,upper_first,7.0,25082,6|2022-04-01,ok,0.15252793710857063,0.1485855337987224,6|price|19236,price,0.1485855337987224
2022-06-08 12:00:00,2022-06-08 12:00:00,2022-06-08 18:00:00,2022-06-09 18:00:00,6,prebreak,ok,0.0,neither,,25087,6|2022-04-01,ok,0.15252793710857063,0.17008720019824974,6|price|19241,price,0.17008720019824974
2022-06-09 18:00:00,2022-06-09 18:00:00,2022-06-10 00:00:00,2022-06-11 00:00:00,6,prebreak,ok,0.0,neither,,25092,6|2022-04-01,ok,0.15252793710857063,0.17365105366869246,6|price|19246,price,0.17365105366869246
2022-06-15 06:00:00,2022-06-15 06:00:00,2022-06-15 12:00:00,2022-06-16 12:00:00,6,prebreak,ok,0.0,upper_first,6.0,25114,6|2022-04-01,ok,0.15252793710857063,0.24466021408821287,6|price|19268,price,0.24466021408821287
2022-06-16 12:00:00,2022-06-16 12:00:00,2022-06-16 18:00:00,2022-06-17 18:00:00,6,prebreak,ok,0.0,neither,,25119,6|2022-04-01,ok,0.15252793710857063,0.2568926594719665,6|price|19273,price,0.2568926594719665
2022-06-17 18:00:00,2022-06-17 18:00:00,2022-06-18 00:00:00,2022-06-19 00:00:00,6,prebreak,ok,1.0,lower_first,6.0,25124,6|2022-04-01,ok,0.15252793710857063,0.22121438007787034,6|price|19278,price,0.22121438007787034
2022-06-20 00:00:00,2022-06-20 00:00:00,2022-06-20 06:00:00,2022-06-21 06:00:00,6,prebreak,ok,0.0,upper_first,3.0,25133,6|2022-04-01,ok,0.15252793710857063,0.21914261890254433,6|price|19287,price,0.21914261890254433
2022-06-21 06:00:00,2022-06-21 06:00:00,2022-06-21 12:00:00,2022-06-22 12:00:00,6,prebreak,ok,0.0,upper_first,1.0,25138,6|2022-04-01,ok,0.15252793710857063,0.22783307739590616,6|price|19292,price,0.22783307739590616
2022-06-22 12:00:00,2022-06-22 12:00:00,2022-06-22 18:00:00,2022-06-23 18:00:00,6,prebreak,ok,0.0,neither,,25143,6|2022-04-01,ok,0.15252793710857063,0.19762081716211571,6|price|19297,price,0.19762081716211571
2022-06-23 18:00:00,2022-06-23 18:00:00,2022-06-24 00:00:00,2022-06-25 00:00:00,6,prebreak,ok,0.0,neither,,25148,6|2022-04-01,ok,0.15252793710857063,0.17297659494698336,6|price|19302,price,0.17297659494698336
2022-06-25 00:00:00,2022-06-25 00:00:00,2022-06-25 06:00:00,2022-06-26 06:00:00,6,prebreak,ok,0.0,neither,,25153,6|2022-04-01,ok,0.15252793710857063,0.15067242084888882,6|price|19307,price,0.15067242084888882
2022-06-26 06:00:00,2022-06-26 06:00:00,2022-06-26 12:00:00,2022-06-27 12:00:00,6,prebreak,ok,0.0,neither,,25158,6|2022-04-01,ok,0.15252793710857063,0.12322674336301428,6|price|19312,price,0.12322674336301428
2022-06-27 12:00:00,2022-06-27 12:00:00,2022-06-27 18:00:00,2022-06-28 18:00:00,6,prebreak,ok,0.0,neither,,25163,6|2022-04-01,ok,0.15252793710857063,0.11011942417846009,6|price|19317,price,0.11011942417846009
2022-06-28 18:00:00,2022-06-28 18:00:00,2022-06-29 00:00:00,2022-06-30 00:00:00,6,prebreak,ok,0.0,neither,,25168,6|2022-04-01,ok,0.15252793710857063,0.12426297602805243,6|price|19322,price,0.12426297602805243
2022-07-02 00:00:00,2022-07-02 00:00:00,2022-07-02 06:00:00,2022-07-03 06:00:00,6,prebreak,ok,0.0,neither,,25181,6|2022-07-01,ok,0.1527471876531352,0.1831086818069872,6|price|19335,price,0.1831086818069872
2022-07-03 06:00:00,2022-07-03 06:00:00,2022-07-03 12:00:00,2022-07-04 12:00:00,6,prebreak,ok,0.0,upper_first,23.0,25186,6|2022-07-01,ok,0.1527471876531352,0.18592345005979768,6|price|19340,price,0.18592345005979768
2022-07-05 06:00:00,2022-07-05 06:00:00,2022-07-05 12:00:00,2022-07-06 12:00:00,6,prebreak,ok,0.0,upper_first,6.0,25194,6|2022-07-01,ok,0.1527471876531352,0.1027945808598869,6|price|19348,price,0.1027945808598869
2022-07-06 12:00:00,2022-07-06 12:00:00,2022-07-06 18:00:00,2022-07-07 18:00:00,6,prebreak,ok,0.0,upper_first,20.0,25199,6|2022-07-01,ok,0.1527471876531352,0.13502565286082763,6|price|19353,price,0.13502565286082763
2022-07-07 18:00:00,2022-07-07 18:00:00,2022-07-08 00:00:00,2022-07-09 00:00:00,6,prebreak,ok,0.0,upper_first,1.0,25204,6|2022-07-01,ok,0.1527471876531352,0.12585206130310797,6|price|19358,price,0.12585206130310797
2022-07-09 00:00:00,2022-07-09 00:00:00,2022-07-09 06:00:00,2022-07-10 06:00:00,6,prebreak,ok,0.0,neither,,25209,6|2022-07-01,ok,0.1527471876531352,0.14332327203534934,6|price|19363,price,0.14332327203534934
2022-07-10 06:00:00,2022-07-10 06:00:00,2022-07-10 12:00:00,2022-07-11 12:00:00,6,prebreak,ok,0.0,neither,,25214,6|2022-07-01,ok,0.1527471876531352,0.14720796568412722,6|price|19368,price,0.14720796568412722
2022-07-14 18:00:00,2022-07-14 18:00:00,2022-07-15 00:00:00,2022-07-16 00:00:00,6,prebreak,ok,0.0,upper_first,20.0,25232,6|2022-07-01,ok,0.1527471876531352,0.14823049001313512,6|price|19386,price,0.14823049001313512
2022-07-16 00:00:00,2022-07-16 00:00:00,2022-07-16 06:00:00,2022-07-17 06:00:00,6,prebreak,ok,0.0,upper_first,10.0,25237,6|2022-07-01,ok,0.1527471876531352,0.1574240884054512,6|price|19391,price,0.1574240884054512
2022-07-17 06:00:00,2022-07-17 06:00:00,2022-07-17 12:00:00,2022-07-18 12:00:00,6,prebreak,ok,0.0,upper_first,18.0,25242,6|2022-07-01,ok,0.1527471876531352,0.1420855722735508,6|price|19396,price,0.1420855722735508
2022-07-18 12:00:00,2022-07-18 12:00:00,2022-07-18 18:00:00,2022-07-19 18:00:00,6,prebreak,ok,0.0,upper_first,5.0,25247,6|2022-07-01,ok,0.1527471876531352,0.14177952958167062,6|price|19401,price,0.14177952958167062
2022-07-19 18:00:00,2022-07-19 18:00:00,2022-07-20 00:00:00,2022-07-21 00:00:00,6,prebreak,ok,0.0,upper_first,14.0,25252,6|2022-07-01,ok,0.1527471876531352,0.15944556133757307,6|price|19406,price,0.15944556133757307
2022-07-21 00:00:00,2022-07-21 00:00:00,2022-07-21 06:00:00,2022-07-22 06:00:00,6,prebreak,ok,0.0,neither,,25257,6|2022-07-01,ok,0.1527471876531352,0.18522885900036562,6|price|19411,price,0.18522885900036562
2022-07-22 06:00:00,2022-07-22 06:00:00,2022-07-22 12:00:00,2022-07-23 12:00:00,6,prebreak,ok,1.0,lower_first,22.0,25262,6|2022-07-01,ok,0.1527471876531352,0.17475703798296022,6|price|19416,price,0.17475703798296022
2022-07-24 18:00:00,2022-07-24 18:00:00,2022-07-25 00:00:00,2022-07-26 00:00:00,6,prebreak,ok,1.0,lower_first,23.0,25272,6|2022-07-01,ok,0.1527471876531352,0.14168651083062306,6|price|19426,price,0.14168651083062306
2022-07-27 18:00:00,2022-07-27 18:00:00,2022-07-28 00:00:00,2022-07-29 00:00:00,6,prebreak,ok,0.0,upper_first,15.0,25284,6|2022-07-01,ok,0.1527471876531352,0.11914979362991396,6|price|19438,price,0.11914979362991396
2022-07-29 00:00:00,2022-07-29 00:00:00,2022-07-29 06:00:00,2022-07-30 06:00:00,6,prebreak,ok,0.0,neither,,25289,6|2022-07-01,ok,0.1527471876531352,0.14996621322835602,6|price|19443,price,0.14996621322835602
2022-07-30 06:00:00,2022-07-30 06:00:00,2022-07-30 12:00:00,2022-07-31 12:00:00,6,prebreak,ok,0.0,neither,,25294,6|2022-07-01,ok,0.1527471876531352,0.1533807130807043,6|price|19448,price,0.1533807130807043
2022-07-31 12:00:00,2022-07-31 12:00:00,2022-07-31 18:00:00,2022-08-01 18:00:00,6,prebreak,ok,0.0,neither,,25299,6|2022-07-01,ok,0.1527471876531352,0.1491301628801073,6|price|19453,price,0.1491301628801073
2022-08-03 12:00:00,2022-08-03 12:00:00,2022-08-03 18:00:00,2022-08-04 18:00:00,6,prebreak,ok,0.0,neither,,25311,6|2022-07-01,ok,0.1527471876531352,0.12767385085750663,6|price|19465,price,0.12767385085750663
2022-08-05 18:00:00,2022-08-05 18:00:00,2022-08-06 00:00:00,2022-08-07 00:00:00,6,prebreak,ok,0.0,neither,,25320,6|2022-07-01,ok,0.1527471876531352,0.13745656564182138,6|price|19474,price,0.13745656564182138
2022-08-07 00:00:00,2022-08-07 00:00:00,2022-08-07 06:00:00,2022-08-08 06:00:00,6,prebreak,ok,0.0,neither,,25325,6|2022-07-01,ok,0.1527471876531352,0.1175291424683558,6|price|19479,price,0.1175291424683558
2022-08-08 12:00:00,2022-08-08 12:00:00,2022-08-08 18:00:00,2022-08-09 18:00:00,6,prebreak,ok,0.0,neither,,25331,6|2022-07-01,ok,0.1527471876531352,0.10062857252687549,6|price|19485,price,0.10062857252687549
2022-08-09 18:00:00,2022-08-09 18:00:00,2022-08-10 00:00:00,2022-08-11 00:00:00,6,prebreak,ok,0.0,upper_first,12.0,25336,6|2022-07-01,ok,0.1527471876531352,0.10799838333492487,6|price|19490,price,0.10799838333492487
2022-08-11 06:00:00,2022-08-11 06:00:00,2022-08-11 12:00:00,2022-08-12 12:00:00,6,prebreak,ok,0.0,neither,,25342,6|2022-07-01,ok,0.1527471876531352,0.14363942963122694,6|price|19496,price,0.14363942963122694
2022-08-12 12:00:00,2022-08-12 12:00:00,2022-08-12 18:00:00,2022-08-13 18:00:00,6,prebreak,ok,0.0,upper_first,9.0,25347,6|2022-07-01,ok,0.1527471876531352,0.1494597735664549,6|price|19501,price,0.1494597735664549
2022-08-13 18:00:00,2022-08-13 18:00:00,2022-08-14 00:00:00,2022-08-15 00:00:00,6,prebreak,ok,0.0,neither,,25352,6|2022-07-01,ok,0.1527471876531352,0.12208657308951673,6|price|19506,price,0.12208657308951673
2022-08-15 12:00:00,2022-08-15 12:00:00,2022-08-15 18:00:00,2022-08-16 18:00:00,6,prebreak,ok,0.0,neither,,25359,6|2022-07-01,ok,0.1527471876531352,0.13063991899396915,6|price|19513,price,0.13063991899396915
2022-08-19 00:00:00,2022-08-19 00:00:00,2022-08-19 06:00:00,2022-08-20 06:00:00,6,prebreak,ok,1.0,lower_first,0.0,25373,6|2022-07-01,ok,0.1527471876531352,0.11914621726365655,6|price|19527,price,0.11914621726365655
2022-08-21 00:00:00,2022-08-21 00:00:00,2022-08-21 06:00:00,2022-08-22 06:00:00,6,prebreak,ok,0.0,neither,,25381,6|2022-07-01,ok,0.1527471876531352,0.14419677642424772,6|price|19535,price,0.14419677642424772
2022-08-22 06:00:00,2022-08-22 06:00:00,2022-08-22 12:00:00,2022-08-23 12:00:00,6,prebreak,ok,0.0,neither,,25386,6|2022-07-01,ok,0.1527471876531352,0.13777218114236145,6|price|19540,price,0.13777218114236145
2022-08-23 12:00:00,2022-08-23 12:00:00,2022-08-23 18:00:00,2022-08-24 18:00:00,6,prebreak,ok,0.0,neither,,25391,6|2022-07-01,ok,0.1527471876531352,0.10958688404269193,6|price|19545,price,0.10958688404269193
2022-08-24 18:00:00,2022-08-24 18:00:00,2022-08-25 00:00:00,2022-08-26 00:00:00,6,prebreak,ok,0.0,neither,,25396,6|2022-07-01,ok,0.1527471876531352,0.1085337770277584,6|price|19550,price,0.1085337770277584
2022-08-26 00:00:00,2022-08-26 00:00:00,2022-08-26 06:00:00,2022-08-27 06:00:00,6,prebreak,ok,1.0,lower_first,17.0,25401,6|2022-07-01,ok,0.1527471876531352,0.10457835140006723,6|price|19555,price,0.10457835140006723
2022-08-28 00:00:00,2022-08-28 00:00:00,2022-08-28 06:00:00,2022-08-29 06:00:00,6,prebreak,ok,0.0,neither,,25409,6|2022-07-01,ok,0.1527471876531352,0.13322400772619555,6|price|19563,price,0.13322400772619555
2022-08-30 18:00:00,2022-08-30 18:00:00,2022-08-31 00:00:00,2022-09-01 00:00:00,6,prebreak,ok,0.0,upper_first,2.0,25420,6|2022-07-01,ok,0.1527471876531352,0.11235252587963102,6|price|19574,price,0.11235252587963102
2022-09-01 00:00:00,2022-09-01 00:00:00,2022-09-01 06:00:00,2022-09-02 06:00:00,6,prebreak,ok,0.0,neither,,25425,6|2022-07-01,ok,0.1527471876531352,0.12444515686629114,6|price|19579,price,0.12444515686629114
2022-09-02 06:00:00,2022-09-02 06:00:00,2022-09-02 12:00:00,2022-09-03 12:00:00,6,prebreak,ok,0.0,neither,,25430,6|2022-07-01,ok,0.1527471876531352,0.11857146196541715,6|price|19584,price,0.11857146196541715
2022-09-03 12:00:00,2022-09-03 12:00:00,2022-09-03 18:00:00,2022-09-04 18:00:00,6,prebreak,ok,0.0,neither,,25435,6|2022-07-01,ok,0.1527471876531352,0.1109830011725003,6|price|19589,price,0.1109830011725003
2022-09-08 06:00:00,2022-09-08 06:00:00,2022-09-08 12:00:00,2022-09-09 12:00:00,6,prebreak,ok,0.0,upper_first,15.0,25454,6|2022-07-01,ok,0.1527471876531352,0.13374983768712279,6|price|19608,price,0.13374983768712279
2022-09-09 12:00:00,2022-09-09 12:00:00,2022-09-09 18:00:00,2022-09-10 18:00:00,6,prebreak,ok,0.0,neither,,25459,6|2022-07-01,ok,0.1527471876531352,0.13774090126242025,6|price|19613,price,0.13774090126242025
2022-09-10 18:00:00,2022-09-10 18:00:00,2022-09-11 00:00:00,2022-09-12 00:00:00,6,prebreak,ok,0.0,neither,,25464,6|2022-07-01,ok,0.1527471876531352,0.11659442396790257,6|price|19618,price,0.11659442396790257
2022-09-12 00:00:00,2022-09-12 00:00:00,2022-09-12 06:00:00,2022-09-13 06:00:00,6,prebreak,ok,0.0,upper_first,5.0,25469,6|2022-07-01,ok,0.1527471876531352,0.11140316059604174,6|price|19623,price,0.11140316059604174
2022-09-13 06:00:00,2022-09-13 06:00:00,2022-09-13 12:00:00,2022-09-14 12:00:00,6,prebreak,ok,1.0,lower_first,0.0,25474,6|2022-07-01,ok,0.1527471876531352,0.12076956923742904,6|price|19628,price,0.12076956923742904
2022-09-16 00:00:00,2022-09-16 00:00:00,2022-09-16 06:00:00,2022-09-17 06:00:00,6,prebreak,ok,0.0,neither,,25485,6|2022-07-01,ok,0.1527471876531352,0.17059873216338406,6|price|19639,price,0.17059873216338406
2022-09-17 18:00:00,2022-09-17 18:00:00,2022-09-18 00:00:00,2022-09-19 00:00:00,6,prebreak,ok,0.0,neither,,25492,6|2022-07-01,ok,0.1527471876531352,0.11416726929674764,6|price|19646,price,0.11416726929674764
2022-09-19 00:00:00,2022-09-19 00:00:00,2022-09-19 06:00:00,2022-09-20 06:00:00,6,prebreak,ok,0.0,upper_first,7.0,25497,6|2022-07-01,ok,0.1527471876531352,0.10533973807447201,6|price|19651,price,0.10533973807447201
2022-09-20 06:00:00,2022-09-20 06:00:00,2022-09-20 12:00:00,2022-09-21 12:00:00,6,prebreak,ok,0.0,neither,,25502,6|2022-07-01,ok,0.1527471876531352,0.14887476470563224,6|price|19656,price,0.14887476470563224
2022-09-21 12:00:00,2022-09-21 12:00:00,2022-09-21 18:00:00,2022-09-22 18:00:00,6,prebreak,ok,1.0,lower_first,0.0,25507,6|2022-07-01,ok,0.1527471876531352,0.15531698519301645,6|price|19661,price,0.15531698519301645
2022-09-22 18:00:00,2022-09-22 18:00:00,2022-09-23 00:00:00,2022-09-24 00:00:00,6,prebreak,ok,0.0,neither,,25512,6|2022-07-01,ok,0.1527471876531352,0.16431191432317893,6|price|19666,price,0.16431191432317893
2022-09-24 00:00:00,2022-09-24 00:00:00,2022-09-24 06:00:00,2022-09-25 06:00:00,6,prebreak,ok,0.0,neither,,25517,6|2022-07-01,ok,0.1527471876531352,0.15881863207339966,6|price|19671,price,0.15881863207339966
2022-09-25 06:00:00,2022-09-25 06:00:00,2022-09-25 12:00:00,2022-09-26 12:00:00,6,prebreak,ok,0.0,neither,,25522,6|2022-07-01,ok,0.1527471876531352,0.12211078791714994,6|price|19676,price,0.12211078791714994
2022-09-26 12:00:00,2022-09-26 12:00:00,2022-09-26 18:00:00,2022-09-27 18:00:00,6,prebreak,ok,0.0,upper_first,7.0,25527,6|2022-07-01,ok,0.1527471876531352,0.12058610571658557,6|price|19681,price,0.12058610571658557
2022-09-27 18:00:00,2022-09-27 18:00:00,2022-09-28 00:00:00,2022-09-29 00:00:00,6,prebreak,ok,0.0,upper_first,16.0,25532,6|2022-07-01,ok,0.1527471876531352,0.16618928185447457,6|price|19686,price,0.16618928185447457
2022-09-29 00:00:00,2022-09-29 00:00:00,2022-09-29 06:00:00,2022-09-30 06:00:00,6,prebreak,ok,0.0,neither,,25537,6|2022-07-01,ok,0.1527471876531352,0.16795307877694662,6|price|19691,price,0.16795307877694662
2022-09-30 06:00:00,2022-09-30 06:00:00,2022-09-30 12:00:00,2022-10-01 12:00:00,6,prebreak,ok,0.0,upper_first,2.0,25542,6|2022-07-01,ok,0.1527471876531352,0.1576582518089525,6|price|19696,price,0.1576582518089525
2022-10-01 12:00:00,2022-10-01 12:00:00,2022-10-01 18:00:00,2022-10-02 18:00:00,6,prebreak,ok,0.0,neither,,25547,6|2022-10-01,ok,0.1428655525234999,0.13372338714778298,6|price|19701,price,0.13372338714778298
2022-10-02 18:00:00,2022-10-02 18:00:00,2022-10-03 00:00:00,2022-10-04 00:00:00,6,prebreak,ok,0.0,upper_first,18.0,25552,6|2022-10-01,ok,0.1428655525234999,0.11626481890744232,6|price|19706,price,0.11626481890744232
2022-10-07 00:00:00,2022-10-07 00:00:00,2022-10-07 06:00:00,2022-10-08 06:00:00,6,prebreak,ok,0.0,neither,,25569,6|2022-10-01,ok,0.1428655525234999,0.1037893681673526,6|price|19723,price,0.1037893681673526
2022-10-08 18:00:00,2022-10-08 18:00:00,2022-10-09 00:00:00,2022-10-10 00:00:00,6,prebreak,ok,0.0,neither,,25576,6|2022-10-01,ok,0.1428655525234999,0.10220953990785911,6|price|19730,price,0.10220953990785911
2022-10-14 18:00:00,2022-10-14 18:00:00,2022-10-15 00:00:00,2022-10-16 00:00:00,6,prebreak,ok,0.0,neither,,25600,6|2022-10-01,ok,0.1428655525234999,0.128838955669888,6|price|19754,price,0.128838955669888
2022-10-16 00:00:00,2022-10-16 00:00:00,2022-10-16 06:00:00,2022-10-17 06:00:00,6,prebreak,ok,0.0,neither,,25605,6|2022-10-01,ok,0.1428655525234999,0.1306605925068474,6|price|19759,price,0.1306605925068474
2022-10-28 00:00:00,2022-10-28 00:00:00,2022-10-28 06:00:00,2022-10-29 06:00:00,6,prebreak,ok,0.0,neither,,25653,6|2022-10-01,ok,0.1428655525234999,0.10533944075954395,6|price|19807,price,0.10533944075954395
2022-10-29 06:00:00,2022-10-29 06:00:00,2022-10-29 12:00:00,2022-10-30 12:00:00,6,prebreak,ok,0.0,neither,,25658,6|2022-10-01,ok,0.1428655525234999,0.10954059813577022,6|price|19812,price,0.10954059813577022
2022-11-04 18:00:00,2022-11-04 18:00:00,2022-11-05 00:00:00,2022-11-06 00:00:00,6,prebreak,ok,0.0,neither,,25684,6|2022-10-01,ok,0.1428655525234999,0.10651745145835331,6|price|19838,price,0.10651745145835331
2022-11-06 00:00:00,2022-11-06 00:00:00,2022-11-06 06:00:00,2022-11-07 06:00:00,6,prebreak,ok,0.0,neither,,25689,6|2022-10-01,ok,0.1428655525234999,0.10469781409352726,6|price|19843,price,0.10469781409352726
2022-11-07 06:00:00,2022-11-07 06:00:00,2022-11-07 12:00:00,2022-11-08 12:00:00,6,prebreak,ok,1.0,lower_first,16.0,25694,6|2022-10-01,ok,0.1428655525234999,0.11210201824568158,6|price|19848,price,0.11210201824568158
2022-11-11 00:00:00,2022-11-11 00:00:00,2022-11-11 06:00:00,2022-11-12 06:00:00,6,prebreak,ok,1.0,lower_first,8.0,25709,6|2022-10-01,ok,0.1428655525234999,0.25190553896781986,6|price|19863,price,0.25190553896781986
2022-11-12 06:00:00,2022-11-12 06:00:00,2022-11-12 12:00:00,2022-11-13 12:00:00,6,prebreak,ok,0.0,neither,,25714,6|2022-10-01,ok,0.1428655525234999,0.2275050970100987,6|price|19868,price,0.2275050970100987
2022-11-13 12:00:00,2022-11-13 12:00:00,2022-11-13 18:00:00,2022-11-14 18:00:00,6,prebreak,ok,0.0,upper_first,19.0,25719,6|2022-10-01,ok,0.1428655525234999,0.20345484551898185,6|price|19873,price,0.20345484551898185
2022-11-15 06:00:00,2022-11-15 06:00:00,2022-11-15 12:00:00,2022-11-16 12:00:00,6,prebreak,ok,0.0,neither,,25726,6|2022-10-01,ok,0.1428655525234999,0.15153053323686697,6|price|19880,price,0.15153053323686697
2022-11-16 12:00:00,2022-11-16 12:00:00,2022-11-16 18:00:00,2022-11-17 18:00:00,6,prebreak,ok,0.0,neither,,25731,6|2022-10-01,ok,0.1428655525234999,0.15514746704352,6|price|19885,price,0.15514746704352
2022-11-17 18:00:00,2022-11-17 18:00:00,2022-11-18 00:00:00,2022-11-19 00:00:00,6,prebreak,ok,0.0,neither,,25736,6|2022-10-01,ok,0.1428655525234999,0.11931409212704286,6|price|19890,price,0.11931409212704286
2022-11-23 00:00:00,2022-11-23 00:00:00,2022-11-23 06:00:00,2022-11-24 06:00:00,6,prebreak,ok,0.0,neither,,25757,6|2022-10-01,ok,0.1428655525234999,0.11150093439384703,6|price|19911,price,0.11150093439384703
2022-11-24 06:00:00,2022-11-24 06:00:00,2022-11-24 12:00:00,2022-11-25 12:00:00,6,prebreak,ok,0.0,neither,,25762,6|2022-10-01,ok,0.1428655525234999,0.1128400897767662,6|price|19916,price,0.1128400897767662
2022-11-25 12:00:00,2022-11-25 12:00:00,2022-11-25 18:00:00,2022-11-26 18:00:00,6,prebreak,ok,0.0,neither,,25767,6|2022-10-01,ok,0.1428655525234999,0.10158081717463535,6|price|19921,price,0.10158081717463535
2022-11-30 18:00:00,2022-11-30 18:00:00,2022-12-01 00:00:00,2022-12-02 00:00:00,6,prebreak,ok,0.0,neither,,25788,6|2022-10-01,ok,0.1428655525234999,0.10313822066712232,6|price|19942,price,0.10313822066712232
2022-12-15 00:00:00,2022-12-15 00:00:00,2022-12-15 06:00:00,2022-12-16 06:00:00,6,prebreak,ok,0.0,neither,,25845,6|2022-10-01,ok,0.1428655525234999,0.11554515100914252,6|price|19999,price,0.11554515100914252
2022-12-16 06:00:00,2022-12-16 06:00:00,2022-12-16 12:00:00,2022-12-17 12:00:00,6,prebreak,ok,0.0,neither,,25850,6|2022-10-01,ok,0.1428655525234999,0.12592165512196168,6|price|20004,price,0.12592165512196168
2023-01-13 00:00:00,2023-01-13 00:00:00,2023-01-13 06:00:00,2023-01-14 06:00:00,6,prebreak,ok,0.0,upper_first,11.0,25961,6|2023-01-01,ok,0.12499331119252836,0.12262472472041731,6|price|20115,price,0.12262472472041731
2023-01-14 06:00:00,2023-01-14 06:00:00,2023-01-14 12:00:00,2023-01-15 12:00:00,6,prebreak,ok,0.0,neither,,25966,6|2023-01-01,ok,0.12499331119252836,0.14105902574892953,6|price|20120,price,0.14105902574892953
2023-01-15 12:00:00,2023-01-15 12:00:00,2023-01-15 18:00:00,2023-01-16 18:00:00,6,prebreak,ok,0.0,neither,,25971,6|2023-01-01,ok,0.12499331119252836,0.1523211450868874,6|price|20125,price,0.1523211450868874
2023-01-16 18:00:00,2023-01-16 18:00:00,2023-01-17 00:00:00,2023-01-18 00:00:00,6,prebreak,ok,0.0,neither,,25976,6|2023-01-01,ok,0.12499331119252836,0.13995542869605562,6|price|20130,price,0.13995542869605562
2023-01-18 00:00:00,2023-01-18 00:00:00,2023-01-18 06:00:00,2023-01-19 06:00:00,6,prebreak,ok,0.0,neither,,25981,6|2023-01-01,ok,0.12499331119252836,0.10031626141721196,6|price|20135,price,0.10031626141721196
2023-01-19 06:00:00,2023-01-19 06:00:00,2023-01-19 12:00:00,2023-01-20 12:00:00,6,prebreak,ok,0.0,neither,,25986,6|2023-01-01,ok,0.12499331119252836,0.10397735558351184,6|price|20140,price,0.10397735558351184
2023-01-21 00:00:00,2023-01-21 00:00:00,2023-01-21 06:00:00,2023-01-22 06:00:00,6,prebreak,ok,0.0,upper_first,4.0,25993,6|2023-01-01,ok,0.12499331119252836,0.10937688622004568,6|price|20147,price,0.10937688622004568
2023-01-22 06:00:00,2023-01-22 06:00:00,2023-01-22 12:00:00,2023-01-23 12:00:00,6,prebreak,ok,0.0,neither,,25998,6|2023-01-01,ok,0.12499331119252836,0.11856560130206646,6|price|20152,price,0.11856560130206646
2023-01-23 12:00:00,2023-01-23 12:00:00,2023-01-23 18:00:00,2023-01-24 18:00:00,6,prebreak,ok,0.0,neither,,26003,6|2023-01-01,ok,0.12499331119252836,0.12483839943055368,6|price|20157,price,0.12483839943055368
2023-01-24 18:00:00,2023-01-24 18:00:00,2023-01-25 00:00:00,2023-01-26 00:00:00,6,prebreak,ok,0.0,upper_first,21.0,26008,6|2023-01-01,ok,0.12499331119252836,0.11149340563200816,6|price|20162,price,0.11149340563200816
2023-01-26 00:00:00,2023-01-26 00:00:00,2023-01-26 06:00:00,2023-01-27 06:00:00,6,prebreak,ok,0.0,neither,,26013,6|2023-01-01,ok,0.12499331119252836,0.13295363705064847,6|price|20167,price,0.13295363705064847
2023-01-27 06:00:00,2023-01-27 06:00:00,2023-01-27 12:00:00,2023-01-28 12:00:00,6,prebreak,ok,0.0,neither,,26018,6|2023-01-01,ok,0.12499331119252836,0.13053057642877147,6|price|20172,price,0.13053057642877147
2023-01-28 12:00:00,2023-01-28 12:00:00,2023-01-28 18:00:00,2023-01-29 18:00:00,6,prebreak,ok,0.0,neither,,26023,6|2023-01-01,ok,0.12499331119252836,0.13382279804028205,6|price|20177,price,0.13382279804028205
2023-01-30 12:00:00,2023-01-30 12:00:00,2023-01-30 18:00:00,2023-01-31 18:00:00,6,prebreak,ok,0.0,neither,,26031,6|2023-01-01,ok,0.12499331119252836,0.10056153187932956,6|price|20185,price,0.10056153187932956
2023-02-01 00:00:00,2023-02-01 00:00:00,2023-02-01 06:00:00,2023-02-02 06:00:00,6,prebreak,ok,0.0,upper_first,16.0,26037,6|2023-01-01,ok,0.12499331119252836,0.11155906849283376,6|price|20191,price,0.11155906849283376
2023-02-02 06:00:00,2023-02-02 06:00:00,2023-02-02 12:00:00,2023-02-03 12:00:00,6,prebreak,ok,0.0,neither,,26042,6|2023-01-01,ok,0.12499331119252836,0.11428085679026806,6|price|20196,price,0.11428085679026806
2023-02-03 12:00:00,2023-02-03 12:00:00,2023-02-03 18:00:00,2023-02-04 18:00:00,6,prebreak,ok,0.0,neither,,26047,6|2023-01-01,ok,0.12499331119252836,0.11490553155173584,6|price|20201,price,0.11490553155173584
2023-02-04 18:00:00,2023-02-04 18:00:00,2023-02-05 00:00:00,2023-02-06 00:00:00,6,prebreak,ok,0.0,neither,,26052,6|2023-01-01,ok,0.12499331119252836,0.11526120696893742,6|price|20206,price,0.11526120696893742
2023-02-08 18:00:00,2023-02-08 18:00:00,2023-02-09 00:00:00,2023-02-10 00:00:00,6,prebreak,ok,1.0,lower_first,21.0,26068,6|2023-01-01,ok,0.12499331119252836,0.10012003858505193,6|price|20222,price,0.10012003858505193
2023-02-11 00:00:00,2023-02-11 00:00:00,2023-02-11 06:00:00,2023-02-12 06:00:00,6,prebreak,ok,0.0,neither,,26077,6|2023-01-01,ok,0.12499331119252836,0.10548652750487807,6|price|20231,price,0.10548652750487807
2023-02-16 00:00:00,2023-02-16 00:00:00,2023-02-16 06:00:00,2023-02-17 06:00:00,6,prebreak,ok,1.0,lower_first,18.0,26097,6|2023-01-01,ok,0.12499331119252836,0.1104377741510893,6|price|20251,price,0.1104377741510893
2023-02-17 06:00:00,2023-02-17 06:00:00,2023-02-17 12:00:00,2023-02-18 12:00:00,6,prebreak,ok,0.0,upper_first,5.0,26102,6|2023-01-01,ok,0.12499331119252836,0.14205418352698101,6|price|20256,price,0.14205418352698101
2023-02-18 12:00:00,2023-02-18 12:00:00,2023-02-18 18:00:00,2023-02-19 18:00:00,6,prebreak,ok,0.0,neither,,26107,6|2023-01-01,ok,0.12499331119252836,0.1457241535995287,6|price|20261,price,0.1457241535995287
2023-02-19 18:00:00,2023-02-19 18:00:00,2023-02-20 00:00:00,2023-02-21 00:00:00,6,prebreak,ok,0.0,upper_first,14.0,26112,6|2023-01-01,ok,0.12499331119252836,0.1205200588406455,6|price|20266,price,0.1205200588406455
2023-02-22 00:00:00,2023-02-22 00:00:00,2023-02-22 06:00:00,2023-02-23 06:00:00,6,prebreak,ok,0.0,neither,,26121,6|2023-01-01,ok,0.12499331119252836,0.10863540374172896,6|price|20275,price,0.10863540374172896
2023-02-23 18:00:00,2023-02-23 18:00:00,2023-02-24 00:00:00,2023-02-25 00:00:00,6,prebreak,ok,1.0,lower_first,19.0,26128,6|2023-01-01,ok,0.12499331119252836,0.11951057074851384,6|price|20282,price,0.11951057074851384
2023-02-25 18:00:00,2023-02-25 18:00:00,2023-02-26 00:00:00,2023-02-27 00:00:00,6,prebreak,ok,0.0,neither,,26136,6|2023-01-01,ok,0.12499331119252836,0.10619148865177737,6|price|20290,price,0.10619148865177737
2023-03-04 06:00:00,2023-03-04 06:00:00,2023-03-04 12:00:00,2023-03-05 12:00:00,6,prebreak,ok,,censored,,26162,6|2023-01-01,ok,0.12499331119252836,0.1472931636197088,6|price|20316,price,0.1472931636197088
2023-04-04 00:00:00,2023-04-04 00:00:00,2023-04-04 06:00:00,2023-04-05 06:00:00,6,prebreak,ok,0.0,upper_first,18.0,26285,6|2023-04-01,ok,0.115440760755619,0.10042701170094116,6|price|20439,price,0.10042701170094116
2023-04-05 06:00:00,2023-04-05 06:00:00,2023-04-05 12:00:00,2023-04-06 12:00:00,6,prebreak,ok,0.0,neither,,26290,6|2023-04-01,ok,0.115440760755619,0.10320420272343657,6|price|20444,price,0.10320420272343657
2023-04-06 12:00:00,2023-04-06 12:00:00,2023-04-06 18:00:00,2023-04-07 18:00:00,6,prebreak,ok,0.0,neither,,26295,6|2023-04-01,ok,0.115440760755619,0.10027364608863924,6|price|20449,price,0.10027364608863924
2023-04-19 12:00:00,2023-04-19 12:00:00,2023-04-19 18:00:00,2023-04-20 18:00:00,6,prebreak,ok,0.0,neither,,26347,6|2023-04-01,ok,0.115440760755619,0.11596685079912383,6|price|20501,price,0.11596685079912383
2023-04-23 12:00:00,2023-04-23 12:00:00,2023-04-23 18:00:00,2023-04-24 18:00:00,6,prebreak,ok,0.0,neither,,26363,6|2023-04-01,ok,0.115440760755619,0.10010978955745689,6|price|20517,price,0.10010978955745689
2023-04-26 18:00:00,2023-04-26 18:00:00,2023-04-27 00:00:00,2023-04-28 00:00:00,6,prebreak,ok,0.0,upper_first,0.0,26376,6|2023-04-01,ok,0.115440760755619,0.11109630938012313,6|price|20530,price,0.11109630938012313
2023-04-28 00:00:00,2023-04-28 00:00:00,2023-04-28 06:00:00,2023-04-29 06:00:00,6,prebreak,ok,0.0,neither,,26381,6|2023-04-01,ok,0.115440760755619,0.18348133706513267,6|price|20535,price,0.18348133706513267
2023-04-29 06:00:00,2023-04-29 06:00:00,2023-04-29 12:00:00,2023-04-30 12:00:00,6,prebreak,ok,0.0,neither,,26386,6|2023-04-01,ok,0.115440760755619,0.17584042252522974,6|price|20540,price,0.17584042252522974
2023-05-03 00:00:00,2023-05-03 00:00:00,2023-05-03 06:00:00,2023-05-04 06:00:00,6,prebreak,ok,0.0,neither,,26401,6|2023-04-01,ok,0.115440760755619,0.10888453121930504,6|price|20555,price,0.10888453121930504
2023-05-10 06:00:00,2023-05-10 06:00:00,2023-05-10 12:00:00,2023-05-11 12:00:00,6,prebreak,ok,0.0,neither,,26430,6|2023-04-01,ok,0.115440760755619,0.10007290840096511,6|price|20584,price,0.10007290840096511
2023-05-11 12:00:00,2023-05-11 12:00:00,2023-05-11 18:00:00,2023-05-12 18:00:00,6,prebreak,ok,0.0,neither,,26435,6|2023-04-01,ok,0.115440760755619,0.11344142594273615,6|price|20589,price,0.11344142594273615
2023-05-13 06:00:00,2023-05-13 06:00:00,2023-05-13 12:00:00,2023-05-14 12:00:00,6,prebreak,ok,0.0,neither,,26442,6|2023-04-01,ok,0.115440760755619,0.11403746359834695,6|price|20596,price,0.11403746359834695
2023-06-07 00:00:00,2023-06-07 00:00:00,2023-06-07 06:00:00,2023-06-08 06:00:00,6,prebreak,ok,0.0,neither,,26541,6|2023-04-01,ok,0.115440760755619,0.10544726011265262,6|price|20695,price,0.10544726011265262
2023-06-08 06:00:00,2023-06-08 06:00:00,2023-06-08 12:00:00,2023-06-09 12:00:00,6,prebreak,ok,0.0,neither,,26546,6|2023-04-01,ok,0.115440760755619,0.12291562879445296,6|price|20700,price,0.12291562879445296
2023-06-09 12:00:00,2023-06-09 12:00:00,2023-06-09 18:00:00,2023-06-10 18:00:00,6,prebreak,ok,0.0,neither,,26551,6|2023-04-01,ok,0.115440760755619,0.10502942052817021,6|price|20705,price,0.10502942052817021
2023-06-11 06:00:00,2023-06-11 06:00:00,2023-06-11 12:00:00,2023-06-12 12:00:00,6,prebreak,ok,0.0,neither,,26558,6|2023-04-01,ok,0.115440760755619,0.11109914298013021,6|price|20712,price,0.11109914298013021
2023-06-12 12:00:00,2023-06-12 12:00:00,2023-06-12 18:00:00,2023-06-13 18:00:00,6,prebreak,ok,0.0,neither,,26563,6|2023-04-01,ok,0.115440760755619,0.10601796618247328,6|price|20717,price,0.10601796618247328
2023-06-16 00:00:00,2023-06-16 00:00:00,2023-06-16 06:00:00,2023-06-17 06:00:00,6,prebreak,ok,0.0,upper_first,11.0,26577,6|2023-04-01,ok,0.115440760755619,0.11450799673369792,6|price|20731,price,0.11450799673369792
2023-06-17 06:00:00,2023-06-17 06:00:00,2023-06-17 12:00:00,2023-06-18 12:00:00,6,prebreak,ok,0.0,neither,,26582,6|2023-04-01,ok,0.115440760755619,0.11162297656237061,6|price|20736,price,0.11162297656237061
2023-06-23 18:00:00,2023-06-23 18:00:00,2023-06-24 00:00:00,2023-06-25 00:00:00,6,prebreak,ok,0.0,neither,,26608,6|2023-04-01,ok,0.115440760755619,0.10956405932190225,6|price|20762,price,0.10956405932190225
2023-06-25 00:00:00,2023-06-25 00:00:00,2023-06-25 06:00:00,2023-06-26 06:00:00,6,prebreak,ok,0.0,neither,,26613,6|2023-04-01,ok,0.115440760755619,0.1178864626540469,6|price|20767,price,0.1178864626540469
2023-06-26 06:00:00,2023-06-26 06:00:00,2023-06-26 12:00:00,2023-06-27 12:00:00,6,prebreak,ok,0.0,neither,,26618,6|2023-04-01,ok,0.115440760755619,0.1103032868242119,6|price|20772,price,0.1103032868242119
2023-06-30 18:00:00,2023-06-30 18:00:00,2023-07-01 00:00:00,2023-07-02 00:00:00,6,prebreak,ok,0.0,neither,,26636,6|2023-04-01,ok,0.115440760755619,0.10161634860853698,6|price|20790,price,0.10161634860853698
2023-07-16 00:00:00,2023-07-16 00:00:00,2023-07-16 06:00:00,2023-07-17 06:00:00,6,prebreak,ok,0.0,neither,,26697,6|2023-07-01,ok,0.10110857192448612,0.1028856605057745,6|price|20851,price,0.1028856605057745
2023-08-19 00:00:00,2023-08-19 00:00:00,2023-08-19 06:00:00,2023-08-20 06:00:00,6,prebreak,ok,0.0,neither,,26833,6|2023-07-01,ok,0.10110857192448612,0.11787025225199503,6|price|20987,price,0.11787025225199503
2023-08-20 06:00:00,2023-08-20 06:00:00,2023-08-20 12:00:00,2023-08-21 12:00:00,6,prebreak,ok,0.0,neither,,26838,6|2023-07-01,ok,0.10110857192448612,0.12407508892589048,6|price|20992,price,0.12407508892589048
2023-08-29 18:00:00,2023-08-29 18:00:00,2023-08-30 00:00:00,2023-08-31 00:00:00,6,prebreak,ok,0.0,neither,,26876,6|2023-07-01,ok,0.10110857192448612,0.13153992741047127,6|price|21030,price,0.13153992741047127
2023-08-31 00:00:00,2023-08-31 00:00:00,2023-08-31 06:00:00,2023-09-01 06:00:00,6,prebreak,ok,1.0,lower_first,15.0,26881,6|2023-07-01,ok,0.10110857192448612,0.1384124933929475,6|price|21035,price,0.1384124933929475
2023-09-01 06:00:00,2023-09-01 06:00:00,2023-09-01 12:00:00,2023-09-02 12:00:00,6,prebreak,ok,0.0,neither,,26886,6|2023-07-01,ok,0.10110857192448612,0.15482258461073012,6|price|21040,price,0.15482258461073012
2023-09-13 00:00:00,2023-09-13 00:00:00,2023-09-13 06:00:00,2023-09-14 06:00:00,6,prebreak,ok,0.0,neither,,26933,6|2023-07-01,ok,0.10110857192448612,0.1000245623062907,6|price|21087,price,0.1000245623062907
2023-09-14 06:00:00,2023-09-14 06:00:00,2023-09-14 12:00:00,2023-09-15 12:00:00,6,prebreak,ok,0.0,neither,,26938,6|2023-07-01,ok,0.10110857192448612,0.10565293242291807,6|price|21092,price,0.10565293242291807
2023-09-21 12:00:00,2023-09-21 12:00:00,2023-09-21 18:00:00,2023-09-22 18:00:00,6,prebreak,ok,0.0,neither,,26967,6|2023-07-01,ok,0.10110857192448612,0.10049899665996309,6|price|21121,price,0.10049899665996309
2023-10-03 00:00:00,2023-10-03 00:00:00,2023-10-03 06:00:00,2023-10-04 06:00:00,6,prebreak,ok,0.0,neither,,27013,6|2023-10-01,ok,0.0850664820463239,0.10214761530451472,6|price|21167,price,0.10214761530451472
2023-10-04 06:00:00,2023-10-04 06:00:00,2023-10-04 12:00:00,2023-10-05 12:00:00,6,prebreak,ok,0.0,neither,,27018,6|2023-10-01,ok,0.0850664820463239,0.10776474374022649,6|price|21172,price,0.10776474374022649
2023-10-24 00:00:00,2023-10-24 00:00:00,2023-10-24 06:00:00,2023-10-25 06:00:00,6,prebreak,ok,0.0,neither,,27097,6|2023-10-01,ok,0.0850664820463239,0.1272039963755223,6|price|21251,price,0.1272039963755223
2023-10-25 06:00:00,2023-10-25 06:00:00,2023-10-25 12:00:00,2023-10-26 12:00:00,6,prebreak,ok,0.0,neither,,27102,6|2023-10-01,ok,0.0850664820463239,0.14409294224013075,6|price|21256,price,0.14409294224013075
2023-10-26 12:00:00,2023-10-26 12:00:00,2023-10-26 18:00:00,2023-10-27 18:00:00,6,prebreak,ok,0.0,neither,,27107,6|2023-10-01,ok,0.0850664820463239,0.14858726437920886,6|price|21261,price,0.14858726437920886
2023-10-27 18:00:00,2023-10-27 18:00:00,2023-10-28 00:00:00,2023-10-29 00:00:00,6,prebreak,ok,0.0,neither,,27112,6|2023-10-01,ok,0.0850664820463239,0.10213351150447575,6|price|21266,price,0.10213351150447575
2023-11-02 06:00:00,2023-11-02 06:00:00,2023-11-02 12:00:00,2023-11-03 12:00:00,6,prebreak,ok,0.0,neither,,27134,6|2023-10-01,ok,0.0850664820463239,0.10050399472228955,6|price|21288,price,0.10050399472228955
2023-11-03 12:00:00,2023-11-03 12:00:00,2023-11-03 18:00:00,2023-11-04 18:00:00,6,prebreak,ok,0.0,neither,,27139,6|2023-10-01,ok,0.0850664820463239,0.10981635881764902,6|price|21293,price,0.10981635881764902
2023-11-04 18:00:00,2023-11-04 18:00:00,2023-11-05 00:00:00,2023-11-06 00:00:00,6,prebreak,ok,0.0,neither,,27144,6|2023-10-01,ok,0.0850664820463239,0.10238332506340547,6|price|21298,price,0.10238332506340547
2023-11-09 18:00:00,2023-11-09 18:00:00,2023-11-10 00:00:00,2023-11-11 00:00:00,6,prebreak,ok,0.0,neither,,27164,6|2023-10-01,ok,0.0850664820463239,0.1161730391151969,6|price|21318,price,0.1161730391151969
2023-11-11 00:00:00,2023-11-11 00:00:00,2023-11-11 06:00:00,2023-11-12 06:00:00,6,prebreak,ok,0.0,neither,,27169,6|2023-10-01,ok,0.0850664820463239,0.11373940081298516,6|price|21323,price,0.11373940081298516
2023-11-12 06:00:00,2023-11-12 06:00:00,2023-11-12 12:00:00,2023-11-13 12:00:00,6,prebreak,ok,0.0,neither,,27174,6|2023-10-01,ok,0.0850664820463239,0.11186715705875895,6|price|21328,price,0.11186715705875895
2023-11-16 00:00:00,2023-11-16 00:00:00,2023-11-16 06:00:00,2023-11-17 06:00:00,6,prebreak,ok,1.0,lower_first,13.0,27189,6|2023-10-01,ok,0.0850664820463239,0.10379012429794476,6|price|21343,price,0.10379012429794476
2023-11-17 06:00:00,2023-11-17 06:00:00,2023-11-17 12:00:00,2023-11-18 12:00:00,6,prebreak,ok,0.0,neither,,27194,6|2023-10-01,ok,0.0850664820463239,0.11441153018286389,6|price|21348,price,0.11441153018286389
2023-11-18 12:00:00,2023-11-18 12:00:00,2023-11-18 18:00:00,2023-11-19 18:00:00,6,prebreak,ok,0.0,neither,,27199,6|2023-10-01,ok,0.0850664820463239,0.1096618794308884,6|price|21353,price,0.1096618794308884
2023-11-23 00:00:00,2023-11-23 00:00:00,2023-11-23 06:00:00,2023-11-24 06:00:00,6,prebreak,ok,0.0,neither,,27217,6|2023-10-01,ok,0.0850664820463239,0.10631558692521326,6|price|21371,price,0.10631558692521326
2023-12-12 06:00:00,2023-12-12 06:00:00,2023-12-12 12:00:00,2023-12-13 12:00:00,6,prebreak,ok,0.0,neither,,27294,6|2023-10-01,ok,0.0850664820463239,0.10234468989608035,6|price|21448,price,0.10234468989608035
2023-12-13 12:00:00,2023-12-13 12:00:00,2023-12-13 18:00:00,2023-12-14 18:00:00,6,prebreak,ok,0.0,upper_first,4.0,27299,6|2023-10-01,ok,0.0850664820463239,0.12201723077244764,6|price|21453,price,0.12201723077244764
2023-12-14 18:00:00,2023-12-14 18:00:00,2023-12-15 00:00:00,2023-12-16 00:00:00,6,prebreak,ok,0.0,neither,,27304,6|2023-10-01,ok,0.0850664820463239,0.10537750657890853,6|price|21458,price,0.10537750657890853
2023-12-19 18:00:00,2023-12-19 18:00:00,2023-12-20 00:00:00,2023-12-21 00:00:00,6,prebreak,ok,0.0,upper_first,13.0,27324,6|2023-10-01,ok,0.0850664820463239,0.10308044821658825,6|price|21478,price,0.10308044821658825
2023-12-21 00:00:00,2023-12-21 00:00:00,2023-12-21 06:00:00,2023-12-22 06:00:00,6,prebreak,ok,0.0,neither,,27329,6|2023-10-01,ok,0.0850664820463239,0.11069643139051043,6|price|21483,price,0.11069643139051043
2023-12-22 06:00:00,2023-12-22 06:00:00,2023-12-22 12:00:00,2023-12-23 12:00:00,6,prebreak,ok,0.0,neither,,27334,6|2023-10-01,ok,0.0850664820463239,0.10208513872893844,6|price|21488,price,0.10208513872893844
2023-12-23 12:00:00,2023-12-23 12:00:00,2023-12-23 18:00:00,2023-12-24 18:00:00,6,prebreak,ok,0.0,neither,,27339,6|2023-10-01,ok,0.0850664820463239,0.1007609032304463,6|price|21493,price,0.1007609032304463
2024-01-03 18:00:00,2024-01-03 18:00:00,2024-01-04 00:00:00,2024-01-05 00:00:00,6,prebreak,ok,0.0,upper_first,15.0,27384,6|2024-01-01,ok,0.07205625198385615,0.12076470424341915,6|price|21538,price,0.12076470424341915
2024-01-05 00:00:00,2024-01-05 00:00:00,2024-01-05 06:00:00,2024-01-06 06:00:00,6,prebreak,ok,0.0,neither,,27389,6|2024-01-01,ok,0.07205625198385615,0.13005484250441768,6|price|21543,price,0.13005484250441768
2024-01-06 06:00:00,2024-01-06 06:00:00,2024-01-06 12:00:00,2024-01-07 12:00:00,6,prebreak,ok,0.0,neither,,27394,6|2024-01-01,ok,0.07205625198385615,0.1258330704838188,6|price|21548,price,0.1258330704838188
2024-01-09 18:00:00,2024-01-09 18:00:00,2024-01-10 00:00:00,2024-01-11 00:00:00,6,prebreak,ok,0.0,upper_first,23.0,27408,6|2024-01-01,ok,0.07205625198385615,0.10311019295468407,6|price|21562,price,0.10311019295468407
2024-01-11 00:00:00,2024-01-11 00:00:00,2024-01-11 06:00:00,2024-01-12 06:00:00,6,prebreak,ok,0.0,upper_first,6.0,27413,6|2024-01-01,ok,0.07205625198385615,0.1442573317229414,6|price|21567,price,0.1442573317229414
2024-01-12 06:00:00,2024-01-12 06:00:00,2024-01-12 12:00:00,2024-01-13 12:00:00,6,prebreak,ok,1.0,lower_first,4.0,27418,6|2024-01-01,ok,0.07205625198385615,0.16389841330659655,6|price|21572,price,0.16389841330659655
2024-01-14 00:00:00,2024-01-14 00:00:00,2024-01-14 06:00:00,2024-01-15 06:00:00,6,prebreak,ok,0.0,neither,,27425,6|2024-01-01,ok,0.07205625198385615,0.14732565800626823,6|price|21579,price,0.14732565800626823
2024-01-15 06:00:00,2024-01-15 06:00:00,2024-01-15 12:00:00,2024-01-16 12:00:00,6,prebreak,ok,0.0,neither,,27430,6|2024-01-01,ok,0.07205625198385615,0.11052802483098194,6|price|21584,price,0.11052802483098194
2024-01-20 18:00:00,2024-01-20 18:00:00,2024-01-21 00:00:00,2024-01-22 00:00:00,6,prebreak,ok,0.0,neither,,27452,6|2024-01-01,ok,0.07205625198385615,0.10275992773331241,6|price|21606,price,0.10275992773331241
2024-01-24 12:00:00,2024-01-24 12:00:00,2024-01-24 18:00:00,2024-01-25 18:00:00,6,prebreak,ok,0.0,neither,,27467,6|2024-01-01,ok,0.07205625198385615,0.10269783840804496,6|price|21621,price,0.10269783840804496
2024-01-25 18:00:00,2024-01-25 18:00:00,2024-01-26 00:00:00,2024-01-27 00:00:00,6,prebreak,ok,0.0,upper_first,11.0,27472,6|2024-01-01,ok,0.07205625198385615,0.10416570724807966,6|price|21626,price,0.10416570724807966
2024-02-01 06:00:00,2024-02-01 06:00:00,2024-02-01 12:00:00,2024-02-02 12:00:00,6,prebreak,ok,0.0,upper_first,12.0,27498,6|2024-01-01,ok,0.07205625198385615,0.10142098274490449,6|price|21652,price,0.10142098274490449
2024-02-13 18:00:00,2024-02-13 18:00:00,2024-02-14 00:00:00,2024-02-15 00:00:00,6,prebreak,ok,0.0,upper_first,9.0,27548,6|2024-01-01,ok,0.07205625198385615,0.1071404785386041,6|price|21702,price,0.1071404785386041
2024-02-15 00:00:00,2024-02-15 00:00:00,2024-02-15 06:00:00,2024-02-16 06:00:00,6,prebreak,ok,0.0,neither,,27553,6|2024-01-01,ok,0.07205625198385615,0.11010099699736856,6|price|21707,price,0.11010099699736856
2024-02-23 00:00:00,2024-02-23 00:00:00,2024-02-23 06:00:00,2024-02-24 06:00:00,6,prebreak,ok,0.0,neither,,27585,6|2024-01-01,ok,0.07205625198385615,0.10251053594754132,6|price|21739,price,0.10251053594754132
2024-02-28 12:00:00,2024-02-28 12:00:00,2024-02-28 18:00:00,2024-02-29 18:00:00,6,prebreak,ok,0.0,upper_first,12.0,27607,6|2024-01-01,ok,0.07205625198385615,0.10118842974419005,6|price|21761,price,0.10118842974419005
2024-02-29 18:00:00,2024-02-29 18:00:00,2024-03-01 00:00:00,2024-03-02 00:00:00,6,prebreak,ok,0.0,upper_first,20.0,27612,6|2024-01-01,ok,0.07205625198385615,0.13234562958245336,6|price|21766,price,0.13234562958245336
2024-03-02 00:00:00,2024-03-02 00:00:00,2024-03-02 06:00:00,2024-03-03 06:00:00,6,prebreak,ok,0.0,neither,,27617,6|2024-01-01,ok,0.07205625198385615,0.13898727525799862,6|price|21771,price,0.13898727525799862
2024-03-03 06:00:00,2024-03-03 06:00:00,2024-03-03 12:00:00,2024-03-04 12:00:00,6,prebreak,ok,0.0,upper_first,12.0,27622,6|2024-01-01,ok,0.07205625198385615,0.10378789169137105,6|price|21776,price,0.10378789169137105
2024-03-05 12:00:00,2024-03-05 12:00:00,2024-03-05 18:00:00,2024-03-06 18:00:00,6,prebreak,ok,1.0,lower_first,1.0,27631,6|2024-01-01,ok,0.07205625198385615,0.1006800607969591,6|price|21785,price,0.1006800607969591
2024-03-06 18:00:00,2024-03-06 18:00:00,2024-03-07 00:00:00,2024-03-08 00:00:00,6,prebreak,ok,0.0,neither,,27636,6|2024-01-01,ok,0.07205625198385615,0.16947550612901452,6|price|21790,price,0.16947550612901452
2024-03-08 00:00:00,2024-03-08 00:00:00,2024-03-08 06:00:00,2024-03-09 06:00:00,6,prebreak,ok,0.0,upper_first,9.0,27641,6|2024-01-01,ok,0.07205625198385615,0.16700211975297868,6|price|21795,price,0.16700211975297868
2024-03-09 06:00:00,2024-03-09 06:00:00,2024-03-09 12:00:00,2024-03-10 12:00:00,6,prebreak,ok,0.0,neither,,27646,6|2024-01-01,ok,0.07205625198385615,0.12252312261551479,6|price|21800,price,0.12252312261551479
2024-03-12 18:00:00,2024-03-12 18:00:00,2024-03-13 00:00:00,2024-03-14 00:00:00,6,prebreak,ok,0.0,upper_first,8.0,27660,6|2024-01-01,ok,0.07205625198385615,0.107335829556271,6|price|21814,price,0.107335829556271
2024-03-14 00:00:00,2024-03-14 00:00:00,2024-03-14 06:00:00,2024-03-15 06:00:00,6,prebreak,ok,1.0,lower_first,12.0,27665,6|2024-01-01,ok,0.07205625198385615,0.10560193971604823,6|price|21819,price,0.10560193971604823
2024-03-15 06:00:00,2024-03-15 06:00:00,2024-03-15 12:00:00,2024-03-16 12:00:00,6,prebreak,ok,0.0,upper_first,6.0,27670,6|2024-01-01,ok,0.07205625198385615,0.13608983062200125,6|price|21824,price,0.13608983062200125
2024-03-16 12:00:00,2024-03-16 12:00:00,2024-03-16 18:00:00,2024-03-17 18:00:00,6,prebreak,ok,0.0,neither,,27675,6|2024-01-01,ok,0.07205625198385615,0.15862669103883928,6|price|21829,price,0.15862669103883928
2024-03-18 00:00:00,2024-03-18 00:00:00,2024-03-18 06:00:00,2024-03-19 06:00:00,6,prebreak,ok,1.0,lower_first,21.0,27681,6|2024-01-01,ok,0.07205625198385615,0.16137963138972658,6|price|21835,price,0.16137963138972658
2024-03-19 06:00:00,2024-03-19 06:00:00,2024-03-19 12:00:00,2024-03-20 12:00:00,6,prebreak,ok,0.0,upper_first,4.0,27686,6|2024-01-01,ok,0.07205625198385615,0.13153259650366692,6|price|21840,price,0.13153259650366692
2024-03-21 00:00:00,2024-03-21 00:00:00,2024-03-21 06:00:00,2024-03-22 06:00:00,6,prebreak,ok,0.0,neither,,27693,6|2024-01-01,ok,0.07205625198385615,0.1527444944588795,6|price|21847,price,0.1527444944588795
2024-03-22 06:00:00,2024-03-22 06:00:00,2024-03-22 12:00:00,2024-03-23 12:00:00,6,prebreak,ok,0.0,neither,,27698,6|2024-01-01,ok,0.07205625198385615,0.15241352908332242,6|price|21852,price,0.15241352908332242
2024-03-23 12:00:00,2024-03-23 12:00:00,2024-03-23 18:00:00,2024-03-24 18:00:00,6,prebreak,ok,0.0,neither,,27703,6|2024-01-01,ok,0.07205625198385615,0.13832955883572792,6|price|21857,price,0.13832955883572792
2024-03-24 18:00:00,2024-03-24 18:00:00,2024-03-25 00:00:00,2024-03-26 00:00:00,6,prebreak,ok,0.0,upper_first,14.0,27708,6|2024-01-01,ok,0.07205625198385615,0.12112956509357721,6|price|21862,price,0.12112956509357721
2024-03-26 00:00:00,2024-03-26 00:00:00,2024-03-26 06:00:00,2024-03-27 06:00:00,6,prebreak,ok,0.0,neither,,27713,6|2024-01-01,ok,0.07205625198385615,0.10669823313795417,6|price|21867,price,0.10669823313795417
2024-03-27 06:00:00,2024-03-27 06:00:00,2024-03-27 12:00:00,2024-03-28 12:00:00,6,prebreak,ok,0.0,neither,,27718,6|2024-01-01,ok,0.07205625198385615,0.10022730057060461,6|price|21872,price,0.10022730057060461
2024-03-28 12:00:00,2024-03-28 12:00:00,2024-03-28 18:00:00,2024-03-29 18:00:00,6,prebreak,ok,0.0,neither,,27723,6|2024-01-01,ok,0.07205625198385615,0.11064999712673891,6|price|21877,price,0.11064999712673891
2024-03-29 18:00:00,2024-03-29 18:00:00,2024-03-30 00:00:00,2024-03-31 00:00:00,6,prebreak,ok,0.0,neither,,27728,6|2024-01-01,ok,0.07205625198385615,0.10130477531291783,6|price|21882,price,0.10130477531291783
2024-04-03 06:00:00,2024-04-03 06:00:00,2024-04-03 12:00:00,2024-04-04 12:00:00,6,prebreak,ok,0.0,neither,,27746,6|2024-04-01,ok,0.07619241599046454,0.11654470383627383,6|price|21900,price,0.11654470383627383
2024-04-04 12:00:00,2024-04-04 12:00:00,2024-04-04 18:00:00,2024-04-05 18:00:00,6,prebreak,ok,0.0,neither,,27751,6|2024-04-01,ok,0.07619241599046454,0.12056842963252068,6|price|21905,price,0.12056842963252068
2024-04-06 06:00:00,2024-04-06 06:00:00,2024-04-06 12:00:00,2024-04-07 12:00:00,6,prebreak,ok,0.0,upper_first,14.0,27758,6|2024-04-01,ok,0.07619241599046454,0.10108887137734901,6|price|21912,price,0.10108887137734901
2024-04-12 18:00:00,2024-04-12 18:00:00,2024-04-13 00:00:00,2024-04-14 00:00:00,6,prebreak,ok,1.0,lower_first,20.0,27784,6|2024-04-01,ok,0.07619241599046454,0.10415701883695827,6|price|21938,price,0.10415701883695827
2024-04-15 00:00:00,2024-04-15 00:00:00,2024-04-15 06:00:00,2024-04-16 06:00:00,6,prebreak,ok,1.0,lower_first,22.0,27793,6|2024-04-01,ok,0.07619241599046454,0.16129333016705652,6|price|21947,price,0.16129333016705652
2024-04-16 06:00:00,2024-04-16 06:00:00,2024-04-16 12:00:00,2024-04-17 12:00:00,6,prebreak,ok,0.0,neither,,27798,6|2024-04-01,ok,0.07619241599046454,0.16890521208293652,6|price|21952,price,0.16890521208293652
2024-04-17 12:00:00,2024-04-17 12:00:00,2024-04-17 18:00:00,2024-04-18 18:00:00,6,prebreak,ok,0.0,upper_first,20.0,27803,6|2024-04-01,ok,0.07619241599046454,0.13843523325423615,6|price|21957,price,0.13843523325423615
2024-04-18 18:00:00,2024-04-18 18:00:00,2024-04-19 00:00:00,2024-04-20 00:00:00,6,prebreak,ok,1.0,lower_first,2.0,27808,6|2024-04-01,ok,0.07619241599046454,0.13058663659924513,6|price|21962,price,0.13058663659924513
2024-04-20 00:00:00,2024-04-20 00:00:00,2024-04-20 06:00:00,2024-04-21 06:00:00,6,prebreak,ok,0.0,neither,,27813,6|2024-04-01,ok,0.07619241599046454,0.1520221853188085,6|price|21967,price,0.1520221853188085
2024-04-21 06:00:00,2024-04-21 06:00:00,2024-04-21 12:00:00,2024-04-22 12:00:00,6,prebreak,ok,0.0,neither,,27818,6|2024-04-01,ok,0.07619241599046454,0.13368198726522307,6|price|21972,price,0.13368198726522307
2024-05-02 12:00:00,2024-05-02 12:00:00,2024-05-02 18:00:00,2024-05-03 18:00:00,6,prebreak,ok,0.0,upper_first,19.0,27863,6|2024-04-01,ok,0.07619241599046454,0.16128723395872446,6|price|22017,price,0.16128723395872446
2024-05-03 18:00:00,2024-05-03 18:00:00,2024-05-04 00:00:00,2024-05-05 00:00:00,6,prebreak,ok,0.0,neither,,27868,6|2024-04-01,ok,0.07619241599046454,0.15400636412565658,6|price|22022,price,0.15400636412565658
2024-05-05 00:00:00,2024-05-05 00:00:00,2024-05-05 06:00:00,2024-05-06 06:00:00,6,prebreak,ok,0.0,neither,,27873,6|2024-04-01,ok,0.07619241599046454,0.10221888294980988,6|price|22027,price,0.10221888294980988
2024-05-06 12:00:00,2024-05-06 12:00:00,2024-05-06 18:00:00,2024-05-07 18:00:00,6,prebreak,ok,0.0,neither,,27879,6|2024-04-01,ok,0.07619241599046454,0.10265659795938958,6|price|22033,price,0.10265659795938958
2024-05-07 18:00:00,2024-05-07 18:00:00,2024-05-08 00:00:00,2024-05-09 00:00:00,6,prebreak,ok,0.0,neither,,27884,6|2024-04-01,ok,0.07619241599046454,0.10067543766208101,6|price|22038,price,0.10067543766208101
2024-05-10 18:00:00,2024-05-10 18:00:00,2024-05-11 00:00:00,2024-05-12 00:00:00,6,prebreak,ok,0.0,neither,,27896,6|2024-04-01,ok,0.07619241599046454,0.11215563836805756,6|price|22050,price,0.11215563836805756
2024-05-12 00:00:00,2024-05-12 00:00:00,2024-05-12 06:00:00,2024-05-13 06:00:00,6,prebreak,ok,0.0,neither,,27901,6|2024-04-01,ok,0.07619241599046454,0.10699188231222237,6|price|22055,price,0.10699188231222237
2024-05-21 18:00:00,2024-05-21 18:00:00,2024-05-22 00:00:00,2024-05-23 00:00:00,6,prebreak,ok,0.0,neither,,27940,6|2024-04-01,ok,0.07619241599046454,0.10221706501874368,6|price|22094,price,0.10221706501874368
2024-05-23 00:00:00,2024-05-23 00:00:00,2024-05-23 06:00:00,2024-05-24 06:00:00,6,prebreak,ok,0.0,neither,,27945,6|2024-04-01,ok,0.07619241599046454,0.10440823660422269,6|price|22099,price,0.10440823660422269
2024-06-13 00:00:00,2024-06-13 00:00:00,2024-06-13 06:00:00,2024-06-14 06:00:00,6,prebreak,ok,0.0,neither,,28029,6|2024-04-01,ok,0.07619241599046454,0.1020266958885154,6|price|22183,price,0.1020266958885154
2024-06-14 06:00:00,2024-06-14 06:00:00,2024-06-14 12:00:00,2024-06-15 12:00:00,6,prebreak,ok,0.0,neither,,28034,6|2024-04-01,ok,0.07619241599046454,0.10739212981752172,6|price|22188,price,0.10739212981752172
2024-06-15 18:00:00,2024-06-15 18:00:00,2024-06-16 00:00:00,2024-06-17 00:00:00,6,prebreak,ok,0.0,neither,,28040,6|2024-04-01,ok,0.07619241599046454,0.10025754337746223,6|price|22194,price,0.10025754337746223
2024-06-26 00:00:00,2024-06-26 00:00:00,2024-06-26 06:00:00,2024-06-27 06:00:00,6,prebreak,ok,0.0,neither,,28081,6|2024-04-01,ok,0.07619241599046454,0.10263981797575382,6|price|22235,price,0.10263981797575382
2024-06-27 06:00:00,2024-06-27 06:00:00,2024-06-27 12:00:00,2024-06-28 12:00:00,6,prebreak,ok,0.0,neither,,28086,6|2024-04-01,ok,0.07619241599046454,0.10446251331976726,6|price|22240,price,0.10446251331976726
2024-07-06 06:00:00,2024-07-06 06:00:00,2024-07-06 12:00:00,2024-07-07 12:00:00,6,prebreak,ok,0.0,upper_first,11.0,28122,6|2024-07-01,ok,0.07443128551140371,0.14213164805229914,6|price|22276,price,0.14213164805229914
2024-07-07 12:00:00,2024-07-07 12:00:00,2024-07-07 18:00:00,2024-07-08 18:00:00,6,prebreak,ok,1.0,lower_first,7.0,28127,6|2024-07-01,ok,0.07443128551140371,0.12293968490780734,6|price|22281,price,0.12293968490780734
2024-07-08 18:00:00,2024-07-08 18:00:00,2024-07-09 00:00:00,2024-07-10 00:00:00,6,prebreak,ok,0.0,neither,,28132,6|2024-07-01,ok,0.07443128551140371,0.11616117800515527,6|price|22286,price,0.11616117800515527
2024-07-10 00:00:00,2024-07-10 00:00:00,2024-07-10 06:00:00,2024-07-11 06:00:00,6,prebreak,ok,0.0,neither,,28137,6|2024-07-01,ok,0.07443128551140371,0.1182813679723587,6|price|22291,price,0.1182813679723587
2024-07-11 06:00:00,2024-07-11 06:00:00,2024-07-11 12:00:00,2024-07-12 12:00:00,6,prebreak,ok,0.0,neither,,28142,6|2024-07-01,ok,0.07443128551140371,0.12182504879633865,6|price|22296,price,0.12182504879633865
2024-07-12 12:00:00,2024-07-12 12:00:00,2024-07-12 18:00:00,2024-07-13 18:00:00,6,prebreak,ok,0.0,neither,,28147,6|2024-07-01,ok,0.07443128551140371,0.1007900638085362,6|price|22301,price,0.1007900638085362
2024-07-16 18:00:00,2024-07-16 18:00:00,2024-07-17 00:00:00,2024-07-18 00:00:00,6,prebreak,ok,0.0,neither,,28164,6|2024-07-01,ok,0.07443128551140371,0.10096692154546492,6|price|22318,price,0.10096692154546492
2024-07-18 18:00:00,2024-07-18 18:00:00,2024-07-19 00:00:00,2024-07-20 00:00:00,6,prebreak,ok,0.0,upper_first,14.0,28172,6|2024-07-01,ok,0.07443128551140371,0.10575303130301057,6|price|22326,price,0.10575303130301057
2024-07-23 18:00:00,2024-07-23 18:00:00,2024-07-24 00:00:00,2024-07-25 00:00:00,6,prebreak,ok,0.0,neither,,28192,6|2024-07-01,ok,0.07443128551140371,0.10359147947564927,6|price|22346,price,0.10359147947564927
2024-07-25 00:00:00,2024-07-25 00:00:00,2024-07-25 06:00:00,2024-07-26 06:00:00,6,prebreak,ok,0.0,upper_first,18.0,28197,6|2024-07-01,ok,0.07443128551140371,0.10380037811571922,6|price|22351,price,0.10380037811571922
2024-07-29 18:00:00,2024-07-29 18:00:00,2024-07-30 00:00:00,2024-07-31 00:00:00,6,prebreak,ok,0.0,neither,,28216,6|2024-07-01,ok,0.07443128551140371,0.11045524153406323,6|price|22370,price,0.11045524153406323
2024-08-02 18:00:00,2024-08-02 18:00:00,2024-08-03 00:00:00,2024-08-04 00:00:00,6,prebreak,ok,0.0,neither,,28232,6|2024-07-01,ok,0.07443128551140371,0.1305216888538669,6|price|22386,price,0.1305216888538669
2024-08-06 12:00:00,2024-08-06 12:00:00,2024-08-06 18:00:00,2024-08-07 18:00:00,6,prebreak,ok,0.0,neither,,28247,6|2024-07-01,ok,0.07443128551140371,0.20472897797561804,6|price|22401,price,0.20472897797561804
2024-08-07 18:00:00,2024-08-07 18:00:00,2024-08-08 00:00:00,2024-08-09 00:00:00,6,prebreak,ok,0.0,upper_first,1.0,28252,6|2024-07-01,ok,0.07443128551140371,0.2034946204606974,6|price|22406,price,0.2034946204606974
2024-08-09 00:00:00,2024-08-09 00:00:00,2024-08-09 06:00:00,2024-08-10 06:00:00,6,prebreak,ok,0.0,neither,,28257,6|2024-07-01,ok,0.07443128551140371,0.1548010286421396,6|price|22411,price,0.1548010286421396
2024-08-10 06:00:00,2024-08-10 06:00:00,2024-08-10 12:00:00,2024-08-11 12:00:00,6,prebreak,ok,0.0,neither,,28262,6|2024-07-01,ok,0.07443128551140371,0.13336725952320747,6|price|22416,price,0.13336725952320747
2024-08-11 12:00:00,2024-08-11 12:00:00,2024-08-11 18:00:00,2024-08-12 18:00:00,6,prebreak,ok,0.0,neither,,28267,6|2024-07-01,ok,0.07443128551140371,0.11940799046966943,6|price|22421,price,0.11940799046966943
2024-08-13 00:00:00,2024-08-13 00:00:00,2024-08-13 06:00:00,2024-08-14 06:00:00,6,prebreak,ok,0.0,upper_first,10.0,28273,6|2024-07-01,ok,0.07443128551140371,0.13375131302368906,6|price|22427,price,0.13375131302368906
2024-08-14 06:00:00,2024-08-14 06:00:00,2024-08-14 12:00:00,2024-08-15 12:00:00,6,prebreak,ok,1.0,lower_first,13.0,28278,6|2024-07-01,ok,0.07443128551140371,0.14465871055574417,6|price|22432,price,0.14465871055574417
2024-08-15 12:00:00,2024-08-15 12:00:00,2024-08-15 18:00:00,2024-08-16 18:00:00,6,prebreak,ok,0.0,neither,,28283,6|2024-07-01,ok,0.07443128551140371,0.14661013239023182,6|price|22437,price,0.14661013239023182
2024-08-17 00:00:00,2024-08-17 00:00:00,2024-08-17 06:00:00,2024-08-18 06:00:00,6,prebreak,ok,0.0,neither,,28289,6|2024-07-01,ok,0.07443128551140371,0.1215508687852247,6|price|22443,price,0.1215508687852247
2024-08-18 06:00:00,2024-08-18 06:00:00,2024-08-18 12:00:00,2024-08-19 12:00:00,6,prebreak,ok,0.0,neither,,28294,6|2024-07-01,ok,0.07443128551140371,0.10697673631858758,6|price|22448,price,0.10697673631858758
2024-08-20 18:00:00,2024-08-20 18:00:00,2024-08-21 00:00:00,2024-08-22 00:00:00,6,prebreak,ok,0.0,upper_first,18.0,28304,6|2024-07-01,ok,0.07443128551140371,0.1095085812106215,6|price|22458,price,0.1095085812106215
2024-08-22 00:00:00,2024-08-22 00:00:00,2024-08-22 06:00:00,2024-08-23 06:00:00,6,prebreak,ok,0.0,neither,,28309,6|2024-07-01,ok,0.07443128551140371,0.10637721722116171,6|price|22463,price,0.10637721722116171
2024-08-23 06:00:00,2024-08-23 06:00:00,2024-08-23 12:00:00,2024-08-24 12:00:00,6,prebreak,ok,0.0,upper_first,5.0,28314,6|2024-07-01,ok,0.07443128551140371,0.10265913088996369,6|price|22468,price,0.10265913088996369
2024-08-29 00:00:00,2024-08-29 00:00:00,2024-08-29 06:00:00,2024-08-30 06:00:00,6,prebreak,ok,0.0,neither,,28337,6|2024-07-01,ok,0.07443128551140371,0.11101432579289139,6|price|22491,price,0.11101432579289139
2024-08-30 06:00:00,2024-08-30 06:00:00,2024-08-30 12:00:00,2024-08-31 12:00:00,6,prebreak,ok,0.0,neither,,28342,6|2024-07-01,ok,0.07443128551140371,0.12546170491421396,6|price|22496,price,0.12546170491421396
2024-08-31 12:00:00,2024-08-31 12:00:00,2024-08-31 18:00:00,2024-09-01 18:00:00,6,prebreak,ok,0.0,neither,,28347,6|2024-07-01,ok,0.07443128551140371,0.11472983159452534,6|price|22501,price,0.11472983159452534
2024-09-01 18:00:00,2024-09-01 18:00:00,2024-09-02 00:00:00,2024-09-03 00:00:00,6,prebreak,ok,0.0,upper_first,20.0,28352,6|2024-07-01,ok,0.07443128551140371,0.10405323623014365,6|price|22506,price,0.10405323623014365
2024-09-05 06:00:00,2024-09-05 06:00:00,2024-09-05 12:00:00,2024-09-06 12:00:00,6,prebreak,ok,0.0,neither,,28366,6|2024-07-01,ok,0.07443128551140371,0.10612409595345013,6|price|22520,price,0.10612409595345013
2024-09-06 12:00:00,2024-09-06 12:00:00,2024-09-06 18:00:00,2024-09-07 18:00:00,6,prebreak,ok,0.0,neither,,28371,6|2024-07-01,ok,0.07443128551140371,0.10768372179771306,6|price|22525,price,0.10768372179771306
2024-09-08 00:00:00,2024-09-08 00:00:00,2024-09-08 06:00:00,2024-09-09 06:00:00,6,prebreak,ok,0.0,neither,,28377,6|2024-07-01,ok,0.07443128551140371,0.11664596407959009,6|price|22531,price,0.11664596407959009
2024-09-09 06:00:00,2024-09-09 06:00:00,2024-09-09 12:00:00,2024-09-10 12:00:00,6,prebreak,ok,0.0,upper_first,7.0,28382,6|2024-07-01,ok,0.07443128551140371,0.11319925749151805,6|price|22536,price,0.11319925749151805
2024-09-11 06:00:00,2024-09-11 06:00:00,2024-09-11 12:00:00,2024-09-12 12:00:00,6,prebreak,ok,0.0,neither,,28390,6|2024-07-01,ok,0.07443128551140371,0.10508639788565825,6|price|22544,price,0.10508639788565825
2024-09-12 12:00:00,2024-09-12 12:00:00,2024-09-12 18:00:00,2024-09-13 18:00:00,6,prebreak,ok,0.0,neither,,28395,6|2024-07-01,ok,0.07443128551140371,0.11312416361108174,6|price|22549,price,0.11312416361108174
2024-09-13 18:00:00,2024-09-13 18:00:00,2024-09-14 00:00:00,2024-09-15 00:00:00,6,prebreak,ok,0.0,neither,,28400,6|2024-07-01,ok,0.07443128551140371,0.1038529191304203,6|price|22554,price,0.1038529191304203
2024-09-18 00:00:00,2024-09-18 00:00:00,2024-09-18 06:00:00,2024-09-19 06:00:00,6,prebreak,ok,0.0,upper_first,18.0,28417,6|2024-07-01,ok,0.07443128551140371,0.1010662789975723,6|price|22571,price,0.1010662789975723
2024-09-19 06:00:00,2024-09-19 06:00:00,2024-09-19 12:00:00,2024-09-20 12:00:00,6,prebreak,ok,0.0,neither,,28422,6|2024-07-01,ok,0.07443128551140371,0.10807004826298361,6|price|22576,price,0.10807004826298361
2024-09-20 12:00:00,2024-09-20 12:00:00,2024-09-20 18:00:00,2024-09-21 18:00:00,6,prebreak,ok,0.0,neither,,28427,6|2024-07-01,ok,0.07443128551140371,0.10100711358933132,6|price|22581,price,0.10100711358933132
2024-10-03 00:00:00,2024-10-03 00:00:00,2024-10-03 06:00:00,2024-10-04 06:00:00,6,prebreak,ok,0.0,neither,,28477,6|2024-10-01,ok,0.07119180898067551,0.10592759765493352,6|price|22631,price,0.10592759765493352
2024-10-04 06:00:00,2024-10-04 06:00:00,2024-10-04 12:00:00,2024-10-05 12:00:00,6,prebreak,ok,0.0,neither,,28482,6|2024-10-01,ok,0.07119180898067551,0.10878199006721788,6|price|22636,price,0.10878199006721788
2024-10-05 12:00:00,2024-10-05 12:00:00,2024-10-05 18:00:00,2024-10-06 18:00:00,6,prebreak,ok,0.0,neither,,28487,6|2024-10-01,ok,0.07119180898067551,0.10085911290999672,6|price|22641,price,0.10085911290999672
2024-10-09 12:00:00,2024-10-09 12:00:00,2024-10-09 18:00:00,2024-10-10 18:00:00,6,prebreak,ok,0.0,neither,,28503,6|2024-10-01,ok,0.07119180898067551,0.10028667568096608,6|price|22657,price,0.10028667568096608
2024-10-15 18:00:00,2024-10-15 18:00:00,2024-10-16 00:00:00,2024-10-17 00:00:00,6,prebreak,ok,0.0,neither,,28528,6|2024-10-01,ok,0.07119180898067551,0.1239517840015918,6|price|22682,price,0.1239517840015918
2024-10-17 00:00:00,2024-10-17 00:00:00,2024-10-17 06:00:00,2024-10-18 06:00:00,6,prebreak,ok,0.0,neither,,28533,6|2024-10-01,ok,0.07119180898067551,0.12388238771471169,6|price|22687,price,0.12388238771471169
2024-10-18 06:00:00,2024-10-18 06:00:00,2024-10-18 12:00:00,2024-10-19 12:00:00,6,prebreak,ok,0.0,neither,,28538,6|2024-10-01,ok,0.07119180898067551,0.11906656864088327,6|price|22692,price,0.11906656864088327
2024-11-02 06:00:00,2024-11-02 06:00:00,2024-11-02 12:00:00,2024-11-03 12:00:00,6,prebreak,ok,0.0,neither,,28598,6|2024-10-01,ok,0.07119180898067551,0.10909890074228557,6|price|22752,price,0.10909890074228557
2024-11-06 00:00:00,2024-11-06 00:00:00,2024-11-06 06:00:00,2024-11-07 06:00:00,6,prebreak,ok,0.0,neither,,28613,6|2024-10-01,ok,0.07119180898067551,0.10227838096247518,6|price|22767,price,0.10227838096247518
2024-11-07 06:00:00,2024-11-07 06:00:00,2024-11-07 12:00:00,2024-11-08 12:00:00,6,prebreak,ok,0.0,neither,,28618,6|2024-10-01,ok,0.07119180898067551,0.1168346393832503,6|price|22772,price,0.1168346393832503
2024-11-08 12:00:00,2024-11-08 12:00:00,2024-11-08 18:00:00,2024-11-09 18:00:00,6,prebreak,ok,0.0,neither,,28623,6|2024-10-01,ok,0.07119180898067551,0.11725100272089735,6|price|22777,price,0.11725100272089735
2024-11-12 12:00:00,2024-11-12 12:00:00,2024-11-12 18:00:00,2024-11-13 18:00:00,6,prebreak,ok,0.0,upper_first,1.0,28639,6|2024-10-01,ok,0.07119180898067551,0.1081131958277128,6|price|22793,price,0.1081131958277128
2024-11-13 18:00:00,2024-11-13 18:00:00,2024-11-14 00:00:00,2024-11-15 00:00:00,6,prebreak,ok,0.0,neither,,28644,6|2024-10-01,ok,0.07119180898067551,0.11896644797405193,6|price|22798,price,0.11896644797405193
2024-11-15 00:00:00,2024-11-15 00:00:00,2024-11-15 06:00:00,2024-11-16 06:00:00,6,prebreak,ok,0.0,upper_first,6.0,28649,6|2024-10-01,ok,0.07119180898067551,0.16353098953668835,6|price|22803,price,0.16353098953668835
2024-11-16 06:00:00,2024-11-16 06:00:00,2024-11-16 12:00:00,2024-11-17 12:00:00,6,prebreak,ok,0.0,neither,,28654,6|2024-10-01,ok,0.07119180898067551,0.1499135329728401,6|price|22808,price,0.1499135329728401
2024-11-17 12:00:00,2024-11-17 12:00:00,2024-11-17 18:00:00,2024-11-18 18:00:00,6,prebreak,ok,0.0,neither,,28659,6|2024-10-01,ok,0.07119180898067551,0.11685884880672412,6|price|22813,price,0.11685884880672412
2024-11-18 18:00:00,2024-11-18 18:00:00,2024-11-19 00:00:00,2024-11-20 00:00:00,6,prebreak,ok,0.0,upper_first,17.0,28664,6|2024-10-01,ok,0.07119180898067551,0.1089668355127388,6|price|22818,price,0.1089668355127388
2024-11-20 00:00:00,2024-11-20 00:00:00,2024-11-20 06:00:00,2024-11-21 06:00:00,6,prebreak,ok,0.0,upper_first,21.0,28669,6|2024-10-01,ok,0.07119180898067551,0.11979048172743711,6|price|22823,price,0.11979048172743711
2024-11-21 06:00:00,2024-11-21 06:00:00,2024-11-21 12:00:00,2024-11-22 12:00:00,6,prebreak,ok,0.0,neither,,28674,6|2024-10-01,ok,0.07119180898067551,0.11698747265223648,6|price|22828,price,0.11698747265223648
2024-11-28 00:00:00,2024-11-28 00:00:00,2024-11-28 06:00:00,2024-11-29 06:00:00,6,prebreak,ok,0.0,neither,,28701,6|2024-10-01,ok,0.07119180898067551,0.11958520117962142,6|price|22855,price,0.11958520117962142
2024-12-04 18:00:00,2024-12-04 18:00:00,2024-12-05 00:00:00,2024-12-06 00:00:00,6,prebreak,ok,0.0,upper_first,3.0,28728,6|2024-10-01,ok,0.07119180898067551,0.1092036175352695,6|price|22882,price,0.1092036175352695
2024-12-06 00:00:00,2024-12-06 00:00:00,2024-12-06 06:00:00,2024-12-07 06:00:00,6,prebreak,ok,0.0,upper_first,11.0,28733,6|2024-10-01,ok,0.07119180898067551,0.1442484179989446,6|price|22887,price,0.1442484179989446
2024-12-07 06:00:00,2024-12-07 06:00:00,2024-12-07 12:00:00,2024-12-08 12:00:00,6,prebreak,ok,0.0,neither,,28738,6|2024-10-01,ok,0.07119180898067551,0.13514086034287773,6|price|22892,price,0.13514086034287773
2024-12-08 12:00:00,2024-12-08 12:00:00,2024-12-08 18:00:00,2024-12-09 18:00:00,6,prebreak,ok,0.0,neither,,28743,6|2024-10-01,ok,0.07119180898067551,0.10150389162709225,6|price|22897,price,0.10150389162709225
2024-12-11 00:00:00,2024-12-11 00:00:00,2024-12-11 06:00:00,2024-12-12 06:00:00,6,prebreak,ok,0.0,upper_first,9.0,28753,6|2024-10-01,ok,0.07119180898067551,0.12127233110925392,6|price|22907,price,0.12127233110925392
2024-12-12 06:00:00,2024-12-12 06:00:00,2024-12-12 12:00:00,2024-12-13 12:00:00,6,prebreak,ok,0.0,neither,,28758,6|2024-10-01,ok,0.07119180898067551,0.123910695715492,6|price|22912,price,0.123910695715492
2024-12-13 12:00:00,2024-12-13 12:00:00,2024-12-13 18:00:00,2024-12-14 18:00:00,6,prebreak,ok,0.0,neither,,28763,6|2024-10-01,ok,0.07119180898067551,0.1096789949900983,6|price|22917,price,0.1096789949900983
2024-12-18 06:00:00,2024-12-18 06:00:00,2024-12-18 12:00:00,2024-12-19 12:00:00,6,prebreak,ok,1.0,lower_first,13.0,28782,6|2024-10-01,ok,0.07119180898067551,0.10220302355367325,6|price|22936,price,0.10220302355367325
2024-12-21 12:00:00,2024-12-21 12:00:00,2024-12-21 18:00:00,2024-12-22 18:00:00,6,prebreak,ok,0.0,neither,,28795,6|2024-10-01,ok,0.07119180898067551,0.14080448544338442,6|price|22949,price,0.14080448544338442
2024-12-22 18:00:00,2024-12-22 18:00:00,2024-12-23 00:00:00,2024-12-24 00:00:00,6,prebreak,ok,0.0,neither,,28800,6|2024-10-01,ok,0.07119180898067551,0.13336377992288287,6|price|22954,price,0.13336377992288287
2024-12-25 00:00:00,2024-12-25 00:00:00,2024-12-25 06:00:00,2024-12-26 06:00:00,6,prebreak,ok,0.0,neither,,28809,6|2024-10-01,ok,0.07119180898067551,0.11732750395319799,6|price|22963,price,0.11732750395319799
2024-12-26 06:00:00,2024-12-26 06:00:00,2024-12-26 12:00:00,2024-12-27 12:00:00,6,prebreak,ok,0.0,neither,,28814,6|2024-10-01,ok,0.07119180898067551,0.10419073270579726,6|price|22968,price,0.10419073270579726
2024-12-27 12:00:00,2024-12-27 12:00:00,2024-12-27 18:00:00,2024-12-28 18:00:00,6,prebreak,ok,0.0,neither,,28819,6|2024-10-01,ok,0.07119180898067551,0.10675024685163294,6|price|22973,price,0.10675024685163294
2024-12-31 18:00:00,2024-12-31 18:00:00,2025-01-01 00:00:00,2025-01-02 00:00:00,6,prebreak,ok,0.0,neither,,28836,6|2024-10-01,ok,0.07119180898067551,0.10324070982906047,6|price|22990,price,0.10324070982906047
2025-01-02 00:00:00,2025-01-02 00:00:00,2025-01-02 06:00:00,2025-01-03 06:00:00,6,prebreak,ok,0.0,neither,,28841,6|2025-01-01,ok,0.06745350296086262,0.10362507634445481,6|price|22995,price,0.10362507634445481
2025-01-10 18:00:00,2025-01-10 18:00:00,2025-01-11 00:00:00,2025-01-12 00:00:00,6,prebreak,ok,0.0,neither,,28876,6|2025-01-01,ok,0.06745350296086262,0.10268203611877542,6|price|23030,price,0.10268203611877542
2025-01-12 00:00:00,2025-01-12 00:00:00,2025-01-12 06:00:00,2025-01-13 06:00:00,6,prebreak,ok,0.0,neither,,28881,6|2025-01-01,ok,0.06745350296086262,0.10628993620606791,6|price|23035,price,0.10628993620606791
2025-01-17 06:00:00,2025-01-17 06:00:00,2025-01-17 12:00:00,2025-01-18 12:00:00,6,prebreak,ok,0.0,upper_first,5.0,28902,6|2025-01-01,ok,0.06745350296086262,0.10029050641018962,6|price|23056,price,0.10029050641018962
2025-01-18 12:00:00,2025-01-18 12:00:00,2025-01-18 18:00:00,2025-01-19 18:00:00,6,prebreak,ok,0.0,neither,,28907,6|2025-01-01,ok,0.06745350296086262,0.10241335328558868,6|price|23061,price,0.10241335328558868
2025-01-20 00:00:00,2025-01-20 00:00:00,2025-01-20 06:00:00,2025-01-21 06:00:00,6,prebreak,ok,0.0,upper_first,0.0,28913,6|2025-01-01,ok,0.06745350296086262,0.12089470419115579,6|price|23067,price,0.12089470419115579
2025-01-21 06:00:00,2025-01-21 06:00:00,2025-01-21 12:00:00,2025-01-22 12:00:00,6,prebreak,ok,0.0,upper_first,6.0,28918,6|2025-01-01,ok,0.06745350296086262,0.17309417839675456,6|price|23072,price,0.17309417839675456
2025-01-22 12:00:00,2025-01-22 12:00:00,2025-01-22 18:00:00,2025-01-23 18:00:00,6,prebreak,ok,0.0,neither,,28923,6|2025-01-01,ok,0.06745350296086262,0.1712431147658162,6|price|23077,price,0.1712431147658162
2025-01-23 18:00:00,2025-01-23 18:00:00,2025-01-24 00:00:00,2025-01-25 00:00:00,6,prebreak,ok,0.0,upper_first,18.0,28928,6|2025-01-01,ok,0.06745350296086262,0.12766155533758333,6|price|23082,price,0.12766155533758333
2025-01-25 00:00:00,2025-01-25 00:00:00,2025-01-25 06:00:00,2025-01-26 06:00:00,6,prebreak,ok,0.0,neither,,28933,6|2025-01-01,ok,0.06745350296086262,0.10264102115391166,6|price|23087,price,0.10264102115391166
2025-01-28 12:00:00,2025-01-28 12:00:00,2025-01-28 18:00:00,2025-01-29 18:00:00,6,prebreak,ok,0.0,neither,,28947,6|2025-01-01,ok,0.06745350296086262,0.10275214877580796,6|price|23101,price,0.10275214877580796
2025-01-29 18:00:00,2025-01-29 18:00:00,2025-01-30 00:00:00,2025-01-31 00:00:00,6,prebreak,ok,0.0,neither,,28952,6|2025-01-01,ok,0.06745350296086262,0.10866257195111574,6|price|23106,price,0.10866257195111574
2025-02-04 06:00:00,2025-02-04 06:00:00,2025-02-04 12:00:00,2025-02-05 12:00:00,6,prebreak,ok,0.0,neither,,28974,6|2025-01-01,ok,0.06745350296086262,0.13735315372015564,6|price|23128,price,0.13735315372015564
2025-02-05 12:00:00,2025-02-05 12:00:00,2025-02-05 18:00:00,2025-02-06 18:00:00,6,prebreak,ok,0.0,neither,,28979,6|2025-01-01,ok,0.06745350296086262,0.14196320056289272,6|price|23133,price,0.14196320056289272
2025-02-06 18:00:00,2025-02-06 18:00:00,2025-02-07 00:00:00,2025-02-08 00:00:00,6,prebreak,ok,0.0,upper_first,14.0,28984,6|2025-01-01,ok,0.06745350296086262,0.1168952255909874,6|price|23138,price,0.1168952255909874
2025-02-26 12:00:00,2025-02-26 12:00:00,2025-02-26 18:00:00,2025-02-27 18:00:00,6,prebreak,ok,0.0,neither,,29063,6|2025-01-01,ok,0.06745350296086262,0.10600281341264414,6|price|23217,price,0.10600281341264414
2025-02-28 00:00:00,2025-02-28 00:00:00,2025-02-28 06:00:00,2025-03-01 06:00:00,6,prebreak,ok,0.0,upper_first,8.0,29069,6|2025-01-01,ok,0.06745350296086262,0.1255260679944325,6|price|23223,price,0.1255260679944325
2025-03-01 06:00:00,2025-03-01 06:00:00,2025-03-01 12:00:00,2025-03-02 12:00:00,6,prebreak,ok,0.0,neither,,29074,6|2025-01-01,ok,0.06745350296086262,0.1312050177559326,6|price|23228,price,0.1312050177559326
2025-03-02 12:00:00,2025-03-02 12:00:00,2025-03-02 18:00:00,2025-03-03 18:00:00,6,prebreak,ok,1.0,lower_first,20.0,29079,6|2025-01-01,ok,0.06745350296086262,0.11725399211186675,6|price|23233,price,0.11725399211186675
2025-03-03 18:00:00,2025-03-03 18:00:00,2025-03-04 00:00:00,2025-03-05 00:00:00,6,prebreak,ok,1.0,lower_first,15.0,29084,6|2025-01-01,ok,0.06745350296086262,0.1620275150193357,6|price|23238,price,0.1620275150193357
2025-03-05 06:00:00,2025-03-05 06:00:00,2025-03-05 12:00:00,2025-03-06 12:00:00,6,prebreak,ok,0.0,upper_first,17.0,29090,6|2025-01-01,ok,0.06745350296086262,0.19612530756207996,6|price|23244,price,0.19612530756207996
2025-03-06 12:00:00,2025-03-06 12:00:00,2025-03-06 18:00:00,2025-03-07 18:00:00,6,prebreak,ok,0.0,upper_first,6.0,29095,6|2025-01-01,ok,0.06745350296086262,0.1658606944128311,6|price|23249,price,0.1658606944128311
2025-03-07 18:00:00,2025-03-07 18:00:00,2025-03-08 00:00:00,2025-03-09 00:00:00,6,prebreak,ok,0.0,neither,,29100,6|2025-01-01,ok,0.06745350296086262,0.1740700075053777,6|price|23254,price,0.1740700075053777
2025-03-09 00:00:00,2025-03-09 00:00:00,2025-03-09 06:00:00,2025-03-10 06:00:00,6,prebreak,ok,1.0,lower_first,15.0,29105,6|2025-01-01,ok,0.06745350296086262,0.16356084245654773,6|price|23259,price,0.16356084245654773
2025-03-12 00:00:00,2025-03-12 00:00:00,2025-03-12 06:00:00,2025-03-13 06:00:00,6,prebreak,ok,0.0,upper_first,6.0,29117,6|2025-01-01,ok,0.06745350296086262,0.13968945191424273,6|price|23271,price,0.13968945191424273
2025-03-13 06:00:00,2025-03-13 06:00:00,2025-03-13 12:00:00,2025-03-14 12:00:00,6,prebreak,ok,0.0,neither,,29122,6|2025-01-01,ok,0.06745350296086262,0.14127096916519108,6|price|23276,price,0.14127096916519108
2025-03-14 12:00:00,2025-03-14 12:00:00,2025-03-14 18:00:00,2025-03-15 18:00:00,6,prebreak,ok,0.0,neither,,29127,6|2025-01-01,ok,0.06745350296086262,0.117920046612663,6|price|23281,price,0.117920046612663
2025-03-20 18:00:00,2025-03-20 18:00:00,2025-03-21 00:00:00,2025-03-22 00:00:00,6,prebreak,ok,0.0,neither,,29152,6|2025-01-01,ok,0.06745350296086262,0.10134075046390659,6|price|23306,price,0.10134075046390659
2025-04-03 00:00:00,2025-04-03 00:00:00,2025-04-03 06:00:00,2025-04-04 06:00:00,6,prebreak,ok,0.0,neither,,29205,6|2025-04-01,ok,0.07469582401578197,0.11594428821363624,6|price|23359,price,0.11594428821363624
2025-04-04 18:00:00,2025-04-04 18:00:00,2025-04-05 00:00:00,2025-04-06 00:00:00,6,prebreak,ok,0.0,neither,,29212,6|2025-04-01,ok,0.07469582401578197,0.11963290536166651,6|price|23366,price,0.11963290536166651
2025-04-06 00:00:00,2025-04-06 00:00:00,2025-04-06 06:00:00,2025-04-07 06:00:00,6,prebreak,ok,1.0,lower_first,12.0,29217,6|2025-04-01,ok,0.07469582401578197,0.10196634052632042,6|price|23371,price,0.10196634052632042
2025-04-08 12:00:00,2025-04-08 12:00:00,2025-04-08 18:00:00,2025-04-09 18:00:00,6,prebreak,ok,0.0,upper_first,23.0,29227,6|2025-04-01,ok,0.07469582401578197,0.13740879605227396,6|price|23381,price,0.13740879605227396
2025-04-09 18:00:00,2025-04-09 18:00:00,2025-04-10 00:00:00,2025-04-11 00:00:00,6,prebreak,ok,1.0,lower_first,16.0,29232,6|2025-04-01,ok,0.07469582401578197,0.15474116995308973,6|price|23386,price,0.15474116995308973
2025-04-11 00:00:00,2025-04-11 00:00:00,2025-04-11 06:00:00,2025-04-12 06:00:00,6,prebreak,ok,0.0,upper_first,7.0,29237,6|2025-04-01,ok,0.07469582401578197,0.15595707077464516,6|price|23391,price,0.15595707077464516
2025-04-12 06:00:00,2025-04-12 06:00:00,2025-04-12 12:00:00,2025-04-13 12:00:00,6,prebreak,ok,0.0,upper_first,13.0,29242,6|2025-04-01,ok,0.07469582401578197,0.14721822620849195,6|price|23396,price,0.14721822620849195
2025-04-13 12:00:00,2025-04-13 12:00:00,2025-04-13 18:00:00,2025-04-14 18:00:00,6,prebreak,ok,0.0,neither,,29247,6|2025-04-01,ok,0.07469582401578197,0.10898789057446674,6|price|23401,price,0.10898789057446674
2025-04-17 00:00:00,2025-04-17 00:00:00,2025-04-17 06:00:00,2025-04-18 06:00:00,6,prebreak,ok,0.0,neither,,29261,6|2025-04-01,ok,0.07469582401578197,0.10194670272708393,6|price|23415,price,0.10194670272708393
2025-05-21 12:00:00,2025-05-21 12:00:00,2025-05-21 18:00:00,2025-05-22 18:00:00,6,prebreak,ok,0.0,upper_first,5.0,29399,6|2025-04-01,ok,0.07469582401578197,0.1031193180962084,6|price|23553,price,0.1031193180962084
2025-05-22 18:00:00,2025-05-22 18:00:00,2025-05-23 00:00:00,2025-05-24 00:00:00,6,prebreak,ok,0.0,neither,,29404,6|2025-04-01,ok,0.07469582401578197,0.1054057031247947,6|price|23558,price,0.1054057031247947
2025-05-24 00:00:00,2025-05-24 00:00:00,2025-05-24 06:00:00,2025-05-25 06:00:00,6,prebreak,ok,0.0,neither,,29409,6|2025-04-01,ok,0.07469582401578197,0.11256059355316074,6|price|23563,price,0.11256059355316074
2025-06-24 00:00:00,2025-06-24 00:00:00,2025-06-24 06:00:00,2025-06-25 06:00:00,6,prebreak,ok,0.0,neither,,29533,6|2025-04-01,ok,0.07469582401578197,0.10069521549556712,6|price|23687,price,0.10069521549556712
2025-10-12 00:00:00,2025-10-12 00:00:00,2025-10-12 06:00:00,2025-10-13 06:00:00,6,prebreak,ok,0.0,upper_first,14.0,29973,6|2025-10-01,ok,0.05572131571316166,0.1028492749163756,6|price|24127,price,0.1028492749163756
2025-10-13 06:00:00,2025-10-13 06:00:00,2025-10-13 12:00:00,2025-10-14 12:00:00,6,prebreak,ok,0.0,neither,,29978,6|2025-10-01,ok,0.05572131571316166,0.10310058482760158,6|price|24132,price,0.10310058482760158
2025-10-22 00:00:00,2025-10-22 00:00:00,2025-10-22 06:00:00,2025-10-23 06:00:00,6,prebreak,ok,0.0,neither,,30013,6|2025-10-01,ok,0.05572131571316166,0.11293929569510984,6|price|24167,price,0.11293929569510984
2025-10-23 06:00:00,2025-10-23 06:00:00,2025-10-23 12:00:00,2025-10-24 12:00:00,6,prebreak,ok,0.0,neither,,30018,6|2025-10-01,ok,0.05572131571316166,0.10857794931059037,6|price|24172,price,0.10857794931059037
2025-10-24 12:00:00,2025-10-24 12:00:00,2025-10-24 18:00:00,2025-10-25 18:00:00,6,prebreak,ok,,censored,,30023,6|2025-10-01,ok,0.05572131571316166,0.10810608103071415,6|price|24177,price,0.10810608103071415
2025-12-02 18:00:00,2025-12-02 18:00:00,2025-12-03 00:00:00,2025-12-04 00:00:00,6,prebreak,ok,0.0,upper_first,22.0,30180,6|2025-10-01,ok,0.05572131571316166,0.10945405759453007,6|price|24334,price,0.10945405759453007
2025-12-04 00:00:00,2025-12-04 00:00:00,2025-12-04 06:00:00,2025-12-05 06:00:00,6,prebreak,ok,0.0,neither,,30185,6|2025-10-01,ok,0.05572131571316166,0.11414542002513954,6|price|24339,price,0.11414542002513954
2025-12-10 00:00:00,2025-12-10 00:00:00,2025-12-10 06:00:00,2025-12-11 06:00:00,6,prebreak,ok,0.0,neither,,30209,6|2025-10-01,ok,0.05572131571316166,0.10189299254388684,6|price|24363,price,0.10189299254388684
2025-12-12 18:00:00,2025-12-12 18:00:00,2025-12-13 00:00:00,2025-12-14 00:00:00,6,prebreak,ok,0.0,neither,,30220,6|2025-10-01,ok,0.05572131571316166,0.10274437644176165,6|price|24374,price,0.10274437644176165
2025-12-17 18:00:00,2025-12-17 18:00:00,2025-12-18 00:00:00,2025-12-19 00:00:00,6,prebreak,ok,0.0,upper_first,13.0,30240,6|2025-10-01,ok,0.05572131571316166,0.11504725192813586,6|price|24394,price,0.11504725192813586
2025-12-20 00:00:00,2025-12-20 00:00:00,2025-12-20 06:00:00,2025-12-21 06:00:00,6,prebreak,ok,0.0,neither,,30249,6|2025-10-01,ok,0.05572131571316166,0.1207573111254367,6|price|24403,price,0.1207573111254367
2026-01-22 18:00:00,2026-01-22 18:00:00,2026-01-23 00:00:00,2026-01-24 00:00:00,6,prebreak,ok,0.0,neither,,30384,6|2026-01-01,ok,0.053178497784205456,0.1058222606845417,6|price|24538,price,0.1058222606845417
2026-01-24 00:00:00,2026-01-24 00:00:00,2026-01-24 06:00:00,2026-01-25 06:00:00,6,prebreak,ok,0.0,neither,,30389,6|2026-01-01,ok,0.053178497784205456,0.10335345624701886,6|price|24543,price,0.10335345624701886
2026-01-31 06:00:00,2026-01-31 06:00:00,2026-01-31 12:00:00,2026-02-01 12:00:00,6,prebreak,ok,1.0,lower_first,5.0,30418,6|2026-01-01,ok,0.053178497784205456,0.1019016492513564,6|price|24572,price,0.1019016492513564
2026-02-01 18:00:00,2026-02-01 18:00:00,2026-02-02 00:00:00,2026-02-03 00:00:00,6,prebreak,ok,0.0,upper_first,15.0,30424,6|2026-01-01,ok,0.053178497784205456,0.10316548335993621,6|price|24578,price,0.10316548335993621
2026-02-03 00:00:00,2026-02-03 00:00:00,2026-02-03 06:00:00,2026-02-04 06:00:00,6,prebreak,ok,1.0,lower_first,12.0,30429,6|2026-01-01,ok,0.053178497784205456,0.10343575826851534,6|price|24583,price,0.10343575826851534
2026-02-07 00:00:00,2026-02-07 00:00:00,2026-02-07 06:00:00,2026-02-08 06:00:00,6,prebreak,ok,0.0,neither,,30445,6|2026-01-01,ok,0.053178497784205456,0.16131416318966507,6|price|24599,price,0.16131416318966507
2026-02-08 06:00:00,2026-02-08 06:00:00,2026-02-08 12:00:00,2026-02-09 12:00:00,6,prebreak,ok,0.0,neither,,30450,6|2026-01-01,ok,0.053178497784205456,0.16117551567597715,6|price|24604,price,0.16117551567597715
2026-02-09 12:00:00,2026-02-09 12:00:00,2026-02-09 18:00:00,2026-02-10 18:00:00,6,prebreak,ok,0.0,neither,,30455,6|2026-01-01,ok,0.053178497784205456,0.12653739654860593,6|price|24609,price,0.12653739654860593
2026-02-10 18:00:00,2026-02-10 18:00:00,2026-02-11 00:00:00,2026-02-12 00:00:00,6,prebreak,ok,0.0,neither,,30460,6|2026-01-01,ok,0.053178497784205456,0.10337941358736527,6|price|24614,price,0.10337941358736527
2026-02-12 12:00:00,2026-02-12 12:00:00,2026-02-12 18:00:00,2026-02-13 18:00:00,6,prebreak,ok,0.0,upper_first,19.0,30467,6|2026-01-01,ok,0.053178497784205456,0.10407944087510002,6|price|24621,price,0.10407944087510002
2026-02-13 18:00:00,2026-02-13 18:00:00,2026-02-14 00:00:00,2026-02-15 00:00:00,6,prebreak,ok,0.0,neither,,30472,6|2026-01-01,ok,0.053178497784205456,0.1041157085293233,6|price|24626,price,0.1041157085293233
2026-02-18 18:00:00,2026-02-18 18:00:00,2026-02-19 00:00:00,2026-02-20 00:00:00,6,prebreak,ok,0.0,neither,,30492,6|2026-01-01,ok,0.053178497784205456,0.10071516879370254,6|price|24646,price,0.10071516879370254
2026-02-24 06:00:00,2026-02-24 06:00:00,2026-02-24 12:00:00,2026-02-25 12:00:00,6,prebreak,ok,0.0,upper_first,13.0,30514,6|2026-01-01,ok,0.053178497784205456,0.1046121710871093,6|price|24668,price,0.1046121710871093
2026-02-25 12:00:00,2026-02-25 12:00:00,2026-02-25 18:00:00,2026-02-26 18:00:00,6,prebreak,ok,0.0,neither,,30519,6|2026-01-01,ok,0.053178497784205456,0.11631556817712839,6|price|24673,price,0.11631556817712839
2026-02-27 12:00:00,2026-02-27 12:00:00,2026-02-27 18:00:00,2026-02-28 18:00:00,6,prebreak,ok,0.0,neither,,30527,6|2026-01-01,ok,0.053178497784205456,0.10034448167176628,6|price|24681,price,0.10034448167176628
2026-03-01 12:00:00,2026-03-01 12:00:00,2026-03-01 18:00:00,2026-03-02 18:00:00,6,prebreak,ok,0.0,upper_first,21.0,30535,6|2026-01-01,ok,0.053178497784205456,0.11525745728611345,6|price|24689,price,0.11525745728611345
2026-03-02 18:00:00,2026-03-02 18:00:00,2026-03-03 00:00:00,2026-03-04 00:00:00,6,prebreak,ok,0.0,neither,,30540,6|2026-01-01,ok,0.053178497784205456,0.12974490211511197,6|price|24694,price,0.12974490211511197
2026-03-04 00:00:00,2026-03-04 00:00:00,2026-03-04 06:00:00,2026-03-05 06:00:00,6,prebreak,ok,0.0,upper_first,2.0,30545,6|2026-01-01,ok,0.053178497784205456,0.12240951747126005,6|price|24699,price,0.12240951747126005
2026-03-05 06:00:00,2026-03-05 06:00:00,2026-03-05 12:00:00,2026-03-06 12:00:00,6,prebreak,ok,0.0,neither,,30550,6|2026-01-01,ok,0.053178497784205456,0.12438988925022419,6|price|24704,price,0.12438988925022419
2026-03-06 12:00:00,2026-03-06 12:00:00,2026-03-06 18:00:00,2026-03-07 18:00:00,6,prebreak,ok,0.0,neither,,30555,6|2026-01-01,ok,0.053178497784205456,0.10843018700414254,6|price|24709,price,0.10843018700414254
2026-03-11 00:00:00,2026-03-11 00:00:00,2026-03-11 06:00:00,2026-03-12 06:00:00,6,prebreak,ok,0.0,neither,,30573,6|2026-01-01,ok,0.053178497784205456,0.10598460438034328,6|price|24727,price,0.10598460438034328
2026-03-12 06:00:00,2026-03-12 06:00:00,2026-03-12 12:00:00,2026-03-13 12:00:00,6,prebreak,ok,0.0,upper_first,22.0,30578,6|2026-01-01,ok,0.053178497784205456,0.1100942891119876,6|price|24732,price,0.1100942891119876
2026-03-13 18:00:00,2026-03-13 18:00:00,2026-03-14 00:00:00,2026-03-15 00:00:00,6,prebreak,ok,0.0,neither,,30584,6|2026-01-01,ok,0.053178497784205456,0.10020096497963912,6|price|24738,price,0.10020096497963912
2026-03-24 00:00:00,2026-03-24 00:00:00,2026-03-24 06:00:00,2026-03-25 06:00:00,6,prebreak,ok,0.0,neither,,30625,6|2026-01-01,ok,0.053178497784205456,0.10264063489247752,6|price|24779,price,0.10264063489247752
2026-03-25 06:00:00,2026-03-25 06:00:00,2026-03-25 12:00:00,2026-03-26 12:00:00,6,prebreak,ok,0.0,neither,,30630,6|2026-01-01,ok,0.053178497784205456,0.10395760425378593,6|price|24784,price,0.10395760425378593
2026-03-26 12:00:00,2026-03-26 12:00:00,2026-03-26 18:00:00,2026-03-27 18:00:00,6,prebreak,ok,0.0,neither,,30635,6|2026-01-01,ok,0.053178497784205456,0.10554000509483692,6|price|24789,price,0.10554000509483692
2026-04-02 12:00:00,2026-04-02 12:00:00,2026-04-02 18:00:00,2026-04-03 18:00:00,6,prebreak,ok,0.0,neither,,30663,6|2026-04-01,ok,0.05346860799330655,0.10007870558530682,6|price|24817,price,0.10007870558530682
2026-06-07 12:00:00,2026-06-07 12:00:00,2026-06-07 18:00:00,2026-06-08 18:00:00,6,prebreak,ok,0.0,upper_first,4.0,30927,6|2026-04-01,ok,0.05346860799330655,0.1330449051226131,6|price|25081,price,0.1330449051226131
2026-06-08 18:00:00,2026-06-08 18:00:00,2026-06-09 00:00:00,2026-06-10 00:00:00,6,prebreak,ok,0.0,neither,,30932,6|2026-04-01,ok,0.05346860799330655,0.10873283196209545,6|price|25086,price,0.10873283196209545
2026-06-26 18:00:00,2026-06-26 18:00:00,2026-06-27 00:00:00,2026-06-28 00:00:00,6,prebreak,ok,0.0,neither,,31004,6|2026-04-01,ok,0.05346860799330655,0.14696912068274842,6|price|25158,price,0.14696912068274842
2026-06-28 00:00:00,2026-06-28 00:00:00,2026-06-28 06:00:00,2026-06-29 06:00:00,6,prebreak,ok,0.0,neither,,31009,6|2026-04-01,ok,0.05346860799330655,0.1380540408141771,6|price|25163,price,0.1380540408141771
2026-08-21 12:00:00,2026-08-21 12:00:00,2026-08-21 18:00:00,2026-08-22 18:00:00,6,prebreak,ok,0.0,neither,,31227,6|2026-07-01,ok,0.04763093812985623,0.1124896933432716,6|price|25381,price,0.1124896933432716
2026-08-22 18:00:00,2026-08-22 18:00:00,2026-08-23 00:00:00,2026-08-24 00:00:00,6,prebreak,ok,0.0,neither,,31232,6|2026-07-01,ok,0.04763093812985623,0.11266753580783118,6|price|25386,price,0.11266753580783118
2026-08-24 00:00:00,2026-08-24 00:00:00,2026-08-24 06:00:00,2026-08-25 06:00:00,6,prebreak,ok,0.0,upper_first,8.0,31237,6|2026-07-01,ok,0.04763093812985623,0.11371272922902417,6|price|25391,price,0.11371272922902417
