claim_id,claim,source_ids,source_urls,version_date,retrieved_at,observation,evidence_class,limitation,contradiction,falsifier,mastermind_implication
CL01,Public trade/OI observations do not identify a unique signed dealer book.,R18; R04; I12,https://www.optionseducation.org/referencelibrary/faq/general-information; https://www.sec.gov/files/dera-hope-reasonable-prc-2503.pdf; https://github.com/mastermindx-market-intelligence/macro/blob/c9631f8b2469587dec643bec94b16e77c09ef511/engine/options_flow.py,R18: current page; no publication date supplied; R04: 2025-03-16 PDF; SEC hosting page 2025-04-17; I12: c9631f8b2469587dec643bec94b16e77c09ef511,2026-10-06,Opposite capacity assignments reproduce the same public observations.,Accounting proof and empirical capacity context,Probabilities require added assumptions or richer labels.,Legacy measured-dealer naming overstates the observation.,Construct a unique capacity assignment from the same public fields without extra assumptions.,Maintain scenario/posterior uncertainty and correct downstream labels.
CL02,Buying-to-close increases signed dealer inventory.,R18; A30,https://www.optionseducation.org/referencelibrary/faq/general-information; https://datashop.cboe.com/documents/Open_Close_10m_Spec_v1.6.pdf,R18: current page; no publication date supplied; A30: 2026-02-17,2026-10-06,Signed change is q times dealer-buyer minus dealer-seller capacity.,Accounting identity,Does not establish an absolute starting position.,Opening-only inventory gates discard real risk changes.,Independent position-conservation counterexample.,Use all scoped MM buys and sells.
CL03,"Later OI is a constraint, not a live feature or unique trade label.",R18; C13; I04,https://www.optionseducation.org/referencelibrary/faq/general-information; https://squeezemetrics.com/monitor/static/guide.pdf; https://github.com/mastermindx-market-intelligence/macro/blob/c9631f8b2469587dec643bec94b16e77c09ef511/research/options_intelligence/2026-10-03/options-signal-catalog.md,R18: current page; no publication date supplied; C13: Not supplied / not verified; I04: c9631f8b2469587dec643bec94b16e77c09ef511,2026-10-06,Many open/close assignments fit one net clearing change.,Identification/accounting,Expiry and nontrade changes weaken the constraint.,Synthetic-OI precision may mask underdetermination.,Prospective filter must outperform before later OI exists.,Separate causal filter from later smoother.
CL04,Current Macro already has a typed spot-time Greek surface.,I23; I24; IPR7306,https://github.com/mastermindx-market-intelligence/macro/blob/c9631f8b2469587dec643bec94b16e77c09ef511/engine/options_scenario_surface.py; https://github.com/mastermindx-market-intelligence/macro/blob/c9631f8b2469587dec643bec94b16e77c09ef511/scripts/build_options_scenario_surface.py; https://github.com/mastermindx-market-intelligence/macro/pull/7306,I23: c9631f8b2469587dec643bec94b16e77c09ef511; I24: c9631f8b2469587dec643bec94b16e77c09ef511; IPR7306: 2026-10-04T01:08:57Z,2026-10-06,Source present; #7306 merged2026-10-04.,Pinned implementation,No verified scheduler/API/consumer or endpoint hedge field.,Older census descriptions of missing source are stale.,Inspect exact current builder output and publication receipts.,"Extend existing owner, no second GEX engine."
CL05,Actual-spot gamma regime and Terminal hedge-profile semantics are already repaired.,I11; I50,https://github.com/mastermindx-market-intelligence/macro/blob/c9631f8b2469587dec643bec94b16e77c09ef511/engine/gex_engine.py; https://github.com/mastermindx-market-intelligence/mastermind-terminal/blob/ad36a332cd4b53af1d917a94f6fb3a10e27dad84/terminal/lib/marketStructure.ts,I11: c9631f8b2469587dec643bec94b16e77c09ef511; I50: ad36a332cd4b53af1d917a94f6fb3a10e27dad84,2026-10-06,Current source uses spot gamma and reports subtotal completeness.,Pinned implementation,Other per-cell and aggregate coverage gaps remain.,October3 defects cannot be copied forward as new tasks.,Source fixture contradicts stated semantics.,Reuse accepted repairs.
CL06,Current public Flow aggregates cannot reconstruct a full atomic tape.,I13; I14; I25; I26,https://github.com/mastermindx-market-intelligence/macro/blob/c9631f8b2469587dec643bec94b16e77c09ef511/engine/live_flow.py; https://github.com/mastermindx-market-intelligence/macro/blob/c9631f8b2469587dec643bec94b16e77c09ef511/collectors/thetadata.py; https://github.com/mastermindx-market-intelligence/macro/blob/c9631f8b2469587dec643bec94b16e77c09ef511/scripts/live_flow_poller.py; https://github.com/mastermindx-market-intelligence/macro/blob/c9631f8b2469587dec643bec94b16e77c09ef511/scripts/build_flow_surface.py,I13: c9631f8b2469587dec643bec94b16e77c09ef511; I14: c9631f8b2469587dec643bec94b16e77c09ef511; I25: c9631f8b2469587dec643bec94b16e77c09ef511; I26: c9631f8b2469587dec643bec94b16e77c09ef511,2026-10-06,Contract/poll coalescing and aggregate/discard paths exist.,Pinned implementation,Private retention/current runtime not queried.,Fields in a parser do not establish retained history.,Provide full original event/sequence/correction manifest.,Request projection through current capture owner.
CL07,Dollar-delta change includes revaluation of the old hedge.,C12; I03,https://squeezemetrics.com/download/The_Implied_Order_Book.pdf; https://github.com/mastermindx-market-intelligence/macro/blob/c9631f8b2469587dec643bec94b16e77c09ef511/research/options_intelligence/2026-10-03/CONTRACTS.md,C12: 2020-07-06; I03: c9631f8b2469587dec643bec94b16e77c09ef511,2026-10-06,S1(B1-B0) differs from S1B1-S0B0 by old-holding marking.,Mathematical identity / synthetic witness,Endpoint reference notional is still not actual execution.,A legacy IOB example conflates these objects.,Independent hedge-unit accounting witness fails.,Difference units before valuing trades.
CL08,Futures notional is not cash consideration.,X01; X05; X06; X07,https://www.cboe.com/tradable-products/sp-500/spx-options/spx-specifications; https://www.cboe.com/tradable_products/sp_500/mini_spx_options/specifications; https://www.theocc.com/clearance-and-settlement/clearing/equity-options-product-specifications; https://www.cmegroup.com/education/courses/introduction-to-equity-index-products/discover-equity-index-notional-value-and-price,X01: Not supplied / not verified; X05: Not supplied / not verified; X06: Not supplied / not verified; X07: Not supplied / not verified,2026-10-06,Native multipliers and risk conversion differ by product.,Contract arithmetic,Margin/variation P&L and execution prices need separate accounting.,SPX synthetic shares or ETF100 multiplier applied to futures is wrong.,Native payoff/hedge conversion fails.,Retain native units and common-factor residuals.
CL09,Damping does not by itself prove a pinning attractor.,R09; R01,https://www.sciencedirect.com/science/article/pii/S0304405X05000577; https://abarbon.com/papers/gamma-fragility,R09: 2005 journal publication; R01: 2021-03-19 author revision; SSRN predecessor distinguished,2026-10-06,Negative hedge-response slope can exist without anchored inward flow.,Original topology reasoning,Actual execution field remains modeled.,Large OI/gamma is often described as support.,Frozen-root inward-flow and matched outcome tests fail.,"Separate absorption, attraction, acceleration and neutral nodes."
CL10,Large gamma does not establish economically material impact.,R01; R10; R11,https://abarbon.com/papers/gamma-fragility; https://arxiv.org/abs/1011.6402; https://arxiv.org/abs/1104.4596,R01: 2021-03-19 author revision; SSRN predecessor distinguished; R10: preprint v3 2011-04-13; journal2014; R11: 2011 preprint; publication2013,2026-10-06,Liquidity and demand scale jointly affect plausible transmission.,Mechanism and empirical association,Execution fraction and endogenous liquidity unknown.,Raw GEX size cannot answer tape-control question.,Ratio adds no value over raw demand/liquidity at adequate power.,Use horizon/instrument-matched participation and capacity gates.
CL11,The 2026 0DTE evidence is conditional and not unanimous.,R02; R03; R05,https://www.jean-sebastienfontaine.com/papers/0dte-options-volatility.pdf; https://cdn.cboe.com/resources/education/research_publications/gammasqueezes.pdf; https://peterywon.github.io/,R02: 2026-07-15; subsumes two prior working papers; R03: 2025-01-25; R05: author site updated 2026; latest complete draft not accessible,2026-10-06,"Presence, inherited inventory and activity-share studies use different treatments.",Empirical evidence with identification limits,R05 latest full methods unavailable; R02 predecessor papers merged.,Attenuation and amplification estimates cannot be pooled as one estimand.,Matched-treatment replication rejects claimed channel.,Register separate mechanisms and retain conflict.
CL12,Signed-charm directional narratives have adverse internal evidence.,I15,https://github.com/mastermindx-market-intelligence/macro/blob/c9631f8b2469587dec643bec94b16e77c09ef511/research/OPTIONS_OPEX_VANNA_CHARM_ADJUDICATION.md,I15: c9631f8b2469587dec643bec94b16e77c09ef511,2026-10-06,Existing adjudication rejects simple signed charm and qualifies surviving variants.,Prior internal empirical result,This commission did not rerun it.,Mechanical charm sign is tempting but insufficient.,New preregistered variant must survive original controls/placebos.,Preserve killed hypotheses and exact surviving specifications.
CL13,Theta all-Greeks latest method has a one-hour 0DTE time floor.,A28,https://www.thetadata.net/docs/operations/option_history_greeks_all.html,A28: current docs observed 2026-10-06,2026-10-06,Current endpoint version description states the minimum.,Vendor technical documentation,Account endpoint/version and price convention need receipts.,A generic exact-time Greek label can be overstrong.,Versioned sample and independent input-matched repricing disagree.,Qualify final-hour fields; separate fixed-IV and refitted-IV tests.
CL14,There is no universal gamma correction for a time floor.,I05; R15,https://github.com/mastermindx-market-intelligence/macro/blob/c9631f8b2469587dec643bec94b16e77c09ef511/research/options_intelligence/2026-10-03/options-near-expiry-spec.md; https://arxiv.org/abs/1204.0646,I05: c9631f8b2469587dec643bec94b16e77c09ef511; R15: v4 2013-03-21; publication2014,2026-10-06,Same-price IV refit can compensate in a special zero-carry model.,Synthetic mathematical witness,Special equality is not a full market model.,Assuming gamma scales only as inverse square-root time ignores IV fitting.,Paired fixed/refit cases violate asserted universal factor.,Retain joint IV/Greek diagnostic.
CL15,SPY's routine auction-publication clock is Arca's.,A01; A44,https://www.nyse.com/trade/auctions; https://www.ssga.com/us/en/institutional/etfs/state-street-spdr-sp-500-etf-trust-spy,A01: current page observed 2026-10-06; A44: page as-of dates 2026-10-05/06,2026-10-06,Primary issuer listing plus Arca auction schedule.,Issuer/exchange documentation,Security-calendar and actual completion can vary.,Universal before15:50 framing misclassifies SPY15:30.,Qualified venue/calendar message history contradicts mapping.,Use primary venue and phase at each observation.
CL16,Nasdaq EOII and full NOII are distinct phases.,A13; A15,https://listingcenter.nasdaq.com/rulebook/nasdaq/rules/nasdaq-equity-4; https://www.nasdaqtrader.com/TraderNews.aspx?id=ETA2019-66,A13: current page observed 2026-10-06; A15: 2019-08-22,2026-10-06,"Reduced10s state at15:50, full1s state at15:55 on normal close.",Exchange rule/implementation notice,Early price fields unavailable by design; historical regimes differ.,15:50 is often called full NOII.,Replay phase-specific fields and deadlines from operative rules.,Typed phase adapter; zero placeholder is not a real price.
CL17,NYSE2026-36 technology activation was not verified.,A07; A09,https://www.govinfo.gov/content/pkg/FR-2026-08-18/pdf/2026-16783.pdf; https://www.nyse.com/market-data/technical-documents,A07: 2026-08-18; A09: observed 2026-10-06,2026-10-06,Filing and catalog distinguish future rollout/current versions.,Exchange/regulatory version evidence,No rollout notice or live behavior receipt in this commission.,Legal effectiveness and newest PDF date can be mistaken for deployment.,Dated implementation update plus matching production sample.,Keep pending and operative regimes separate.
CL18,Early MOC products need original complete archives before usefulness can be tested.,A19; A20; A21,https://www.amerx.com/market-on-close-portal; https://mrtopstep.com/catalog/market-imbalance-meter; https://www.financialjuice.com/News/7218281/1-Early-MOC-imbalance-528-mln-sell-side.aspx?xy=rss,A19: current product page observed 2026-10-06; A20: current listing observed 2026-10-06; A21: 2023-02-13,2026-10-06,A broker early channel exists; current MiM catalog is last10min.,First-party descriptions and published example,History/API/rights/coverage not established.,Older anecdotes do not prove a current14:00 machine feed.,Complete PIT archive fails public/early persistence baseline.,Trial only after bounded source/rights admission.
CL19,Cboe MM net buy-minus-sell volume informs covered position changes.,A29; A30,https://datashop.cboe.com/cboe-options-open-close-volume-summary; https://datashop.cboe.com/documents/Open_Close_10m_Spec_v1.6.pdf,A29: current catalog; announced changes 2026-11-08; A30: 2026-02-17,2026-10-06,Cumulative per-series contract volumes and participant categories documented.,Exchange data specification,Venue/initial-history/adjustment limits; no actual hedges.,Open-close product name does not imply MM opening/closing fields.,Independent compatible-interval conservation fails.,Scoped higher-information benchmark.
CL20,"Cboe cadence, correction vintage and cost materially affect feasible horizon.",A29; A31; A33,https://datashop.cboe.com/cboe-options-open-close-volume-summary; https://datashop.cboe.com/documents/Open_Close_1m_Spec_v1.5.pdf; https://cdn.cboe.com/resources/membership/Cboe_FeeSchedule.pdf,A29: current catalog; announced changes 2026-11-08; A31: 2026-03-27; A33: 2026-10-01,2026-10-06,Current10m/1m specifications and dated fee schedule differ.,Exchange specifications and published price components,Not an all-in quote or current subscription.,Faster nominal cadence can have lag/correction limitations.,Original receipt archive and agreement contradict assumed delivery/use.,Evaluate timed value of information before higher spend.
CL21,"The November8,2026 Cboe change is future at research cut.",A29; A31,https://datashop.cboe.com/cboe-options-open-close-volume-summary; https://datashop.cboe.com/documents/Open_Close_1m_Spec_v1.5.pdf,A29: current catalog; announced changes 2026-11-08; A31: 2026-03-27,2026-10-06,Catalog announces later correction/schema change.,Versioned vendor/exchange notice,Actual implementation still needs confirmation.,Applying future semantics to current history is wrong.,Dated new-version sample and activation notice.,Separate pre/postchange datasets.
CL22,Trade-attached NBBO is not continuous quote-event history.,A23; A27; A67; A69; I08,https://www.thetadata.net/docs/operations/option_history_trade_quote.html; https://www.thetadata.net/docs/operations/option_history_quote.html; https://http-docs.thetadata.us/Streaming/US-Options/Full-Trade-Stream.html; https://http-docs.thetadata.us/Streaming/Getting-Started.html; https://github.com/mastermindx-market-intelligence/macro/blob/c9631f8b2469587dec643bec94b16e77c09ef511/research/market_microstructure/commission15/COMMISSION_15_HARDENED_REPORT.md,A23: current docs observed 2026-10-06; A27: current docs observed 2026-10-06; A67: Current retrieved documentation; runtime not tested; A69: Current retrieved documentation; runtime not tested; I08: c9631f8b2469587dec643bec94b16e77c09ef511,2026-10-06,Trade channels and dedicated quote channels have different sampling.,Technical specification and prior audit,Subscription/universe/capture can further restrict coverage.,Next quotes in a trade stream can leak into signing.,Compare event sequence and own receipts against promised channel.,No fabricated OFI/capacity; future quote refusal.
CL23,Historical OPRA clock/granularity differs from current product capability.,A56,https://databento.com/docs/venues-and-datasets/opra-pillar,A56: current docs; structural history break 2023-03-28,2026-10-06,Pre2023-03-28 subsampling and flagged receive-time semantics documented.,Vendor technical specification,Does not establish a Master's current entitlement/history.,Today's tick schema cannot reconstruct past delivery times.,Original archive metadata contradicts assumed event stream.,Use explicit historical data grades.
CL24,"Cross-product aggregation requires native contracts, basis and overlap control.",X01; X02; X03; X04; X05; X06; X07; X08,https://www.cboe.com/tradable-products/sp-500/spx-options/spx-specifications; https://cdn.cboe.com/resources/spx/Settlement_of_Standard_AM_Settled_SP_500_Index_Options.pdf; https://www.cboe.com/tradable_products/sp_500/spx_weekly_options/specifications/; https://www.cboe.com/tradable-products/sp-500/xsp-options/specifications; https://www.cboe.com/tradable_products/sp_500/mini_spx_options/specifications; https://www.theocc.com/clearance-and-settlement/clearing/equity-options-product-specifications; https://www.cmegroup.com/education/courses/introduction-to-equity-index-products/discover-equity-index-notional-value-and-price; https://www.cmegroup.com/articles/faqs/e-mini-s-p-500-tuesday-and-thursday-options-frequently-asked-questions.html,X01: Not supplied / not verified; X02: Not supplied / not verified; X03: Not supplied / not verified; X04: Not supplied / not verified; X05: Not supplied / not verified; X06: Not supplied / not verified; X07: Not supplied / not verified; X08: Not supplied / not verified,2026-10-06,Product reference specifications differ.,Exchange/clearing contract facts plus original normalization,No observed institution-level cross-book identity.,Futures chart mapping is not multi-book netting.,Residual hedge risk or duplicate exposure exceeds registered tolerance.,Separate native books until common-factor qualification.
CL25,SPX AM settlement is a separate outcome from cash-session extrema.,X02,https://cdn.cboe.com/resources/spx/Settlement_of_Standard_AM_Settled_SP_500_Index_Options.pdf,X02: Not supplied / not verified,2026-10-06,SOQ uses constituent opens and does not have one fixed observation clock.,Official settlement documentation,Special fixing can differ from index path extrema.,Treating every expiry as16:00 cash close fabricates transitions.,Exact product fixing record and retained hedge accounting.,Explicit fixing/last-trade/payment states.
CL26,ETF baskets/net shares do not identify contemporaneous cash buying.,A42; A43; A44; A53,https://www.dtcc.com/products-and-services/data-services/corporate-actions-reference-data/etf-portfolio-data-service; https://dtcclearning.com/products-and-services/equities-clearing/etf-processing/etf-timeline.html; https://www.ssga.com/us/en/institutional/etfs/state-street-spdr-sp-500-etf-trust-spy; https://www.fca.org.uk/publications/occasional-papers-fca-research/occasional-paper-68-etf-mispricing,A42: current page observed 2026-10-06; A43: current indexed official material; A44: page as-of dates 2026-10-05/06; A53: 2025-05-30,2026-10-06,Portfolio files and daily net shares have limited observation scope.,Reference documentation and empirical regulatory study,Gross creation/redemption/AP inventory and prehedges remain hidden.,Basket notional often overstates immediate stock demand.,Legal transaction evidence or cash/in-kind reconciliation rejects proxy.,Use scenarios and overlap bounds.
CL27,"Index announcements, effective dates and implementation closes differ.",A45; A59; A60; A61; A62; A63,https://www.lseg.com/en/media-centre/press-releases/ftse-russell/2026/russell-reconstitution-2026-schedule; https://www.msci.com/eqb/pressreleases/archive/ir_dates.pdf; https://www.spglobal.com/spdji/en/documents/methodologies/methodology-sp-us-indices.pdf; https://www.spglobal.com/spdji/en/documents/methodologies/methodology-sp-equity-indices-policies-practices.pdf; https://indexes.nasdaq.com/docs/Methodology_NDX.pdf; https://ir.nasdaq.com/news-releases/news-release-details/nasdaq-concludes-public-consultation-nasdaq-100-indexr,A45: 2026-03-02; A59: 2026-08-12; A60: 2026-07; A61: 2026-08; A62: 2026; A63: 2026-03-30,2026-10-06,Provider-specific schedules and policies documented.,Index-provider documentation,Actual weight/AUM/history licensing still needed.,A universal quarterly/third-Friday rule fails some families.,Original dated change/pro-forma files contradict schedule mapping.,Version all event inputs and price-drifted weights.
CL28,Off-exchange prints do not disclose institutional intent.,I16; A46; A47; A64; A65; A66,https://github.com/mastermindx-market-intelligence/macro/blob/c9631f8b2469587dec643bec94b16e77c09ef511/research/DARKPOOL_DESK_AUDIT_AND_UPGRADE_2026-08-05.md; https://www.finra.org/filing-reporting/otc-transparency; https://www.finra.org/rules-guidance/rulebooks/finra-rules/6110; https://massive.com/docs/rest/stocks/trades-quotes/trades; https://massive.com/docs/websocket/stocks/trades; https://massive.com/docs/rest/stocks/market-operations/condition-codes,I16: c9631f8b2469587dec643bec94b16e77c09ef511; A46: current page observed 2026-10-06; A47: current page observed 2026-10-06; A64: Current retrieved documentation; runtime not tested; A65: Current retrieved documentation; runtime not tested; A66: Current retrieved documentation; runtime not tested,2026-10-06,"Reported venue, conditions and clocks are limited observations.",Regulator/vendor facts and current audit,TRF is not an ATS/beneficial owner label.,Accumulation/distribution labels overstate public data.,Prospective matched response/retest study fails intent-free hypothesis.,"Observed execution memory, not hidden-owner narratives."
CL29,Matured response and retests can be features only after completion.,I10; I18,https://github.com/mastermindx-market-intelligence/macro/blob/c9631f8b2469587dec643bec94b16e77c09ef511/research/market_microstructure/commission15/VALIDATION_PROTOCOL.md; https://github.com/mastermindx-market-intelligence/macro/blob/c9631f8b2469587dec643bec94b16e77c09ef511/research/LIVE_ENTRY_RADAR_PR0_RESEARCH_CONTRACT.md,I10: c9631f8b2469587dec643bec94b16e77c09ef511; I18: c9631f8b2469587dec643bec94b16e77c09ef511,2026-10-06,Outcome interval and actual availability determine causal eligibility.,PIT research rule,"Missing paths are unobservable, not negative outcomes.",Later retest success can leak into earlier shelf strength.,Clock audit finds any future observation in a feature.,Immutable formation and label-maturity lineage.
CL30,"Close-side, state-persistence and conditional-hold accuracy are different.",C09; C28; C46; C61,https://support.spotgamma.com/hc/en-us/articles/31209900542867-SpotGamma-SPX-Key-Levels-Statistics; https://menthorq.com/guide/levels-backtesting-add-historical-probability-to-every-key-trading-level/; https://help.quantdata.us/en/articles/16936089-mastering-the-exposure-forecast-pin-grind-and-volatile-market-states; https://zerogex.io/education/how-often-do-gamma-walls-break,C09: Not supplied / not verified; C28: Not supplied / not verified; C46: Not supplied / not verified; C61: 2026-09-04,2026-10-06,Vendor labels describe distinct events.,Documented product/empirical claim definitions,Public results lack a shared population/width/OOS standard.,Headline percentages look comparable but are not.,Rescore matched frozen outcomes/widths/distances.,Calibrate each named event separately.
CL31,A scenario ensemble fraction is not a forecast probability.,I03; R16; R17,https://github.com/mastermindx-market-intelligence/macro/blob/c9631f8b2469587dec643bec94b16e77c09ef511/research/options_intelligence/2026-10-03/CONTRACTS.md; https://sites.stat.washington.edu/people/raftery/Research/PDF/Gneiting2007jasa.pdf; https://arxiv.org/abs/2106.00170,I03: c9631f8b2469587dec643bec94b16e77c09ef511; R16: 2007; R17: v3 2021-10-28,2026-10-06,Probability calibration requires declared target and evaluation.,Original statistical design,Posterior assumptions and conditional coverage can fail.,A0–100 quality score can masquerade as certainty.,Reliability and proper-score tests fail.,"Separate observation quality, model uncertainty and calibration."
CL32,ES extrema/16:00 mark do not automatically validate SPX close/extrema.,X01; X06; X07; I05,https://www.cboe.com/tradable-products/sp-500/spx-options/spx-specifications; https://www.theocc.com/clearance-and-settlement/clearing/equity-options-product-specifications; https://www.cmegroup.com/education/courses/introduction-to-equity-index-products/discover-equity-index-notional-value-and-price; https://github.com/mastermindx-market-intelligence/macro/blob/c9631f8b2469587dec643bec94b16e77c09ef511/research/options_intelligence/2026-10-03/options-near-expiry-spec.md,X01: Not supplied / not verified; X06: Not supplied / not verified; X07: Not supplied / not verified; I05: c9631f8b2469587dec643bec94b16e77c09ef511,2026-10-06,"Index, future and ETF have distinct price/fixing conventions.",Contract facts and original target design,Future basis path and official index source are needed.,Formation-time coordinate mapping can be overinterpreted.,Direct SPX target scoring disagrees with ES-mapped distribution.,Register each target and residual risk.
CL33,Existing accepted P5 population and adapter must be preserved.,I01; I03; I05,https://github.com/mastermindx-market-intelligence/macro/blob/c9631f8b2469587dec643bec94b16e77c09ef511/research/options_intelligence/2026-10-03/MASTER_PLAN.md; https://github.com/mastermindx-market-intelligence/macro/blob/c9631f8b2469587dec643bec94b16e77c09ef511/research/options_intelligence/2026-10-03/CONTRACTS.md; https://github.com/mastermindx-market-intelligence/macro/blob/c9631f8b2469587dec643bec94b16e77c09ef511/research/options_intelligence/2026-10-03/options-near-expiry-spec.md,I01: c9631f8b2469587dec643bec94b16e77c09ef511; I03: c9631f8b2469587dec643bec94b16e77c09ef511; I05: c9631f8b2469587dec643bec94b16e77c09ef511,2026-10-06,"P5 v1 SPY/QQQ/IWM,10min variance,B1-RI/B2-RI specified.",Pinned accepted research contract,Accepted specification is not empirical or native-policy qualification.,SPX/ES15min work would silently change the accepted claim.,Registration/payload audit finds cohort/target substitution.,Add a new explicit research cohort.
CL34,Better data with no statistically significant gain is not automatically a kill.,R16; I10,https://sites.stat.washington.edu/people/raftery/Research/PDF/Gneiting2007jasa.pdf; https://github.com/mastermindx-market-intelligence/macro/blob/c9631f8b2469587dec643bec94b16e77c09ef511/research/market_microstructure/commission15/VALIDATION_PROTOCOL.md,R16: 2007; I10: c9631f8b2469587dec643bec94b16e77c09ef511,2026-10-06,Power and minimum useful effect determine futility.,Original proposed decision rule,Finite coverage and limited participant universe constrain conclusion.,Nonsignificance can be confused with equivalence.,Confidence interval still permits useful gain.,"Report inconclusive or scoped futility, never universal null."
CL35,No actual market forecast was tested in this commission.,I10,https://github.com/mastermindx-market-intelligence/macro/blob/c9631f8b2469587dec643bec94b16e77c09ef511/research/market_microstructure/commission15/VALIDATION_PROTOCOL.md,I10: c9631f8b2469587dec643bec94b16e77c09ef511,2026-10-06,"Research sources and62 synthetic assertions, no market panel or trained model.",Commission execution evidence,"No alpha, entitlement, live-capture or deployment result.",A polished artifact can look production-qualified.,Inspection of delivered results reveals only synthetic states.,Research complete; empirical gates explicitly pending.
CL36,Vendor API availability does not establish integration rights.,C55; A25; A26; A33; A39,https://www.firmtape.com/licensing; https://www.thetadata.net/subscriber-agreement; https://cdn.opraplan.com/documents/OPRA_Fee_Schedule.pdf; https://cdn.cboe.com/resources/membership/Cboe_FeeSchedule.pdf; https://www.cmegroup.com/market-data/license-data/market-data-policy-education-center.html,C55: Not supplied / not verified; A25: current retrieved agreement; A26: current public retrieved PDF; exact effective-date header not separately established; A33: 2026-10-01; A39: June 2026 agreement; August 2026 schedule updates listed,2026-10-06,Public terms/data-use classes impose separate scope.,"Published agreements/catalogs, not legal adjudication",Executed agreement and use classification still required.,Display/replay/redistribution tier is not blanket competing-product permission.,Actual written license excludes proposed use.,Acquire only through current owners and permitted scope.
CL37,Incumbent research adapter and native policy replay answer different questions.,I01; I03; I18,https://github.com/mastermindx-market-intelligence/macro/blob/c9631f8b2469587dec643bec94b16e77c09ef511/research/options_intelligence/2026-10-03/MASTER_PLAN.md; https://github.com/mastermindx-market-intelligence/macro/blob/c9631f8b2469587dec643bec94b16e77c09ef511/research/options_intelligence/2026-10-03/CONTRACTS.md; https://github.com/mastermindx-market-intelligence/macro/blob/c9631f8b2469587dec643bec94b16e77c09ef511/research/LIVE_ENTRY_RADAR_PR0_RESEARCH_CONTRACT.md,I01: c9631f8b2469587dec643bec94b16e77c09ef511; I03: c9631f8b2469587dec643bec94b16e77c09ef511; I18: c9631f8b2469587dec643bec94b16e77c09ef511,2026-10-06,B1-RI is a fixed target-trained summary adapter.,Pinned accepted contract,Actual past policy outputs/candidate receipts may be absent.,Adapter uplift is overclaimed as production outperformance.,Native policy paired replay fails despite adapter gain.,Report both and mark unavailable comparator honestly.
CL38,Missing input should not become measured zero.,I03; I23; I28; I50,https://github.com/mastermindx-market-intelligence/macro/blob/c9631f8b2469587dec643bec94b16e77c09ef511/research/options_intelligence/2026-10-03/CONTRACTS.md; https://github.com/mastermindx-market-intelligence/macro/blob/c9631f8b2469587dec643bec94b16e77c09ef511/engine/options_scenario_surface.py; https://github.com/mastermindx-market-intelligence/macro/blob/c9631f8b2469587dec643bec94b16e77c09ef511/engine/options_structure_intraday.py; https://github.com/mastermindx-market-intelligence/mastermind-terminal/blob/ad36a332cd4b53af1d917a94f6fb3a10e27dad84/terminal/lib/marketStructure.ts,I03: c9631f8b2469587dec643bec94b16e77c09ef511; I23: c9631f8b2469587dec643bec94b16e77c09ef511; I28: c9631f8b2469587dec643bec94b16e77c09ef511; I50: ad36a332cd4b53af1d917a94f6fb3a10e27dad84,2026-10-06,Current fields have explicit completeness/availability limits.,Pinned source and proposed consumer law,Some partial sums still need stronger denominators.,Zero-filled unknown Greeks can imply false neutrality.,Dropout fixtures change state from neutral to unavailable.,Typed missingness and coverage in canonical payload.
CL39,Net endpoint hedge change and gross path turnover differ.,I03,https://github.com/mastermindx-market-intelligence/macro/blob/c9631f8b2469587dec643bec94b16e77c09ef511/research/options_intelligence/2026-10-03/CONTRACTS.md,I03: c9631f8b2469587dec643bec94b16e77c09ef511,2026-10-06,Two paths with same B_end-B_start can trade different gross quantities.,Synthetic accounting identity,"Immediate tracking is a scenario, not actual execution.",E abs(Q_net) can be mislabeled gross turnover.,Constructed oscillating path conserves net but changes sum abs trades.,"Separate net pressure, expected absolute net and gross execution turnover."
CL40,A first-passage model is appropriate but not proven superior.,R11; R16,https://arxiv.org/abs/1104.4596; https://sites.stat.washington.edu/people/raftery/Research/PDF/Gneiting2007jasa.pdf,R11: 2011 preprint; publication2013; R16: 2007,2026-10-06,It matches sequential touch/hold/break events conceptually.,Model-design reasoning,Distributional/quantile models may win on other targets.,Theoretical fit can be confused with empirical dominance.,Matched-budget OOS benchmark favors simpler alternative.,Use competing models; no compulsory neural architecture.
CL41,MAS-260 records an existing GEX forecast-promotion closure and active price/volatility baseline.,M01; IPR7328,https://linear.app/mastermindx/issue/MAS-260/options-exposure-outlook-research-calibrated-forecasts-and-terminal; https://github.com/mastermindx-market-intelligence/macro/pull/7328,"M01: Native issue updated 2026-09-24; current-frontier section 2026-09-21; IPR7328: Open head 9515f2558a006c913a7c0eb30d966c47fa1a143b, observed 2026-10-06",2026-10-06,Current native owner frontier distinguishes negative predictive result from local unqualified shadow and input-quality exercises.,Attributed current internal owner result,"Negative-test target, population, exact score, uncertainty and artifact were not disclosed or independently reproduced.",A new synthetic mechanism or inventory story does not reopen the rejected forecast claim.,Recover exact incumbent dossier; genuinely different registered inventory inputs must add value over active baseline.,Preserve closure and reuse existing forecast/outcome/consumer owners after custody reconciliation.
CL42,"First-study futility must be specific to short-horizon, remaining-extreme and close endpoints.",R16; I10; M01,https://sites.stat.washington.edu/people/raftery/Research/PDF/Gneiting2007jasa.pdf; https://github.com/mastermindx-market-intelligence/macro/blob/c9631f8b2469587dec643bec94b16e77c09ef511/research/market_microstructure/commission15/VALIDATION_PROTOCOL.md; https://linear.app/mastermindx/issue/MAS-260/options-exposure-outlook-research-calibrated-forecasts-and-terminal,R16: 2007; I10: c9631f8b2469587dec643bec94b16e77c09ef511; M01: Native issue updated 2026-09-24; current-frontier section 2026-09-21,2026-10-06,A fifteen-minute null cannot settle a separate close forecast target; non-inferiority is not useful closing uplift.,Original preregistered-design proposal,"Useful thresholds, power and multiplicity remain owner-registration dependencies.",Stopping all inventory work after only the primary null overstates the evidence.,Required F1/F2/F3 confidence bounds still admit a useful effect.,Return all three frozen verdicts; broad stop requires scoped negative evidence or explicit cost decision with unresolved families named.
CR01,A frequently refreshed exposure map contains newly observed dealer inventory.,C58; C60,https://www.quantedoptions.com/learn/how-it-works; https://zerogex.io/help/platform/data-coverage,C58: Not supplied / not verified; C60: Not supplied / not verified,2026-10-06,Repricing-only ticker models are explicitly documented. [C58] [C60],"First-party description / attributed vendor claim, as qualified",Repricing-only ticker models are explicitly documented. [C58] [C60],Repricing-only ticker models are explicitly documented. [C58] [C60],"Freeze positions; reprice spot/IV/time. If this reproduces most changes, label them sensitivity updates. Require transaction attribution for the remainder.",Use as a lawful mechanism/comparator; require the stated acceptance evidence before integration.
CR02,Synthetic OI has one unambiguous intraday cadence.,C10; C11,https://support.spotgamma.com/hc/en-us/articles/39946919887891-What-is-the-Equity-Hub-Synthetic-OI-Open-Interest-Model; https://spotgamma.com/equity-hub-synthetic-oi-lp/,C10: Not supplied / not verified; C11: Not supplied / not verified,2026-10-06,SpotGamma support and landing descriptions differ. [C10] [C11],"First-party description / attributed vendor claim, as qualified",SpotGamma support and landing descriptions differ. [C10] [C11],SpotGamma support and landing descriptions differ. [C10] [C11],Product/version-specific publication receipts and measured component refresh intervals.,Use as a lawful mechanism/comparator; require the stated acceptance evidence before integration.
CR03,Participant-tagged flow establishes the full dealer book.,C40; C58,https://optionsdepth.com/faq; https://www.quantedoptions.com/learn/how-it-works,C40: Not supplied / not verified; C58: Not supplied / not verified,2026-10-06,"Richer attribution is claimed, but initial holdings and extra-book hedges remain unresolved. [C40] [C58]","First-party description / attributed vendor claim, as qualified","Richer attribution is claimed, but initial holdings and extra-book hedges remain unresolved. [C40] [C58]","Richer attribution is claimed, but initial holdings and extra-book hedges remain unresolved. [C40] [C58]","Reconcile a known seed, all eligible events, corrections, expirations and transfers against independent positions, with coverage by venue/product.",Use as a lawful mechanism/comparator; require the stated acceptance evidence before integration.
CR04,Matching a next-day OI change identifies each print’s opening/closing status.,C13,https://squeezemetrics.com/monitor/static/guide.pdf,C13: Not supplied / not verified,2026-10-06,"DDOI uses later OI, but many latent assignments can fit one net change. [C13]","First-party description / attributed vendor claim, as qualified","DDOI uses later OI, but many latent assignments can fit one net change. [C13]","DDOI uses later OI, but many latent assignments can fit one net change. [C13]",Enumerate observationally equivalent assignments; evaluate real-time posterior calibration on independent labels. Do not backfill future OI into live features.,Use as a lawful mechanism/comparator; require the stated acceptance evidence before integration.
CR05,A change in hedge dollar value equals dollars of additional hedge purchases.,C12,https://squeezemetrics.com/download/The_Implied_Order_Book.pdf,C12: 2020-07-06,2026-10-06,The IOB numerical example mixes existing-position repricing with changed units. [C12],"First-party description / attributed vendor claim, as qualified",The IOB numerical example mixes existing-position repricing with changed units. [C12],The IOB numerical example mixes existing-position repricing with changed units. [C12],"Compare endpoint units required with prior units, then value only the difference at the chosen execution/scenario price.",Use as a lawful mechanism/comparator; require the stated acceptance evidence before integration.
CR06,The sign of short-gamma hedge demand can be read from vendor colors or prose.,C47; C48,https://help.quantdata.us/en/articles/11133167-mastering-the-interval-map-visualizing-greeks-exposure-in-real-time; https://help.quantdata.us/en/articles/7852449-what-is-gamma-exposure-gex,C47: 2025-04-25; C48: 2024-08-31,2026-10-06,QuantData’s Interval Map explanations conflict. [C47] [C48],"First-party description / attributed vendor claim, as qualified",QuantData’s Interval Map explanations conflict. [C47] [C48],QuantData’s Interval Map explanations conflict. [C47] [C48],"Explicit long/short call/put unit tests across spot directions; identical sign conventions in data, chart and narrative.",Use as a lawful mechanism/comparator; require the stated acceptance evidence before integration.
CR07,A high wall hold percentage establishes tradable containment.,C09; C28; C61,https://support.spotgamma.com/hc/en-us/articles/31209900542867-SpotGamma-SPX-Key-Levels-Statistics; https://menthorq.com/guide/levels-backtesting-add-historical-probability-to-every-key-trading-level/; https://zerogex.io/education/how-often-do-gamma-walls-break,C09: Not supplied / not verified; C28: Not supplied / not verified; C61: 2026-09-04,2026-10-06,"Published nonbreach, closing-side and conditional-touch outcomes differ. [C09] [C28] [C61]","First-party description / attributed vendor claim, as qualified","Published nonbreach, closing-side and conditional-touch outcomes differ. [C09] [C28] [C61]","Published nonbreach, closing-side and conditional-touch outcomes differ. [C09] [C28] [C61]","Score touch, subsequent break, first-passage order, close side and session extreme separately against distance/IV/technical baselines.",Use as a lawful mechanism/comparator; require the stated acceptance evidence before integration.
CR08,A state-persistence probability predicts direction.,C46,https://help.quantdata.us/en/articles/16936089-mastering-the-exposure-forecast-pin-grind-and-volatile-market-states,C46: Not supplied / not verified,2026-10-06,QuantData explicitly separates the two. [C46],"First-party description / attributed vendor claim, as qualified",QuantData explicitly separates the two. [C46],QuantData explicitly separates the two. [C46],Calibrate each declared outcome separately; reject any UI conversion from regime probability to buy/sell probability.,Use as a lawful mechanism/comparator; require the stated acceptance evidence before integration.
CR09,Volume centroids reveal opening speculation and tomorrow’s/closing targets.,C19; C20,https://www.gammaedge.com/blog/price-follows-speculation-spx-0dte-volume-patterns; https://www.gammaedge.com/blog/price-follows-speculation-specpa-specps-part-2,C19: 2026-04-24; C20: 2026-05-01,2026-10-06,Volume patterns and inferred positioning are different objects. [C19] [C20],"First-party description / attributed vendor claim, as qualified",Volume patterns and inferred positioning are different objects. [C19] [C20],Volume patterns and inferred positioning are different objects. [C19] [C20],Control contemporaneous spot and moneyness migration; require lead-lag skill and incremental out-of-sample value.,Use as a lawful mechanism/comparator; require the stated acceptance evidence before integration.
CR10,A vendor’s historical trade score demonstrates population precision.,C51,https://momoedge.ai/,C51: Not supplied / not verified,2026-10-06,MomoEdge’s indexed performance/maturity accounting is unresolved. [C51],"First-party description / attributed vendor claim, as qualified",MomoEdge’s indexed performance/maturity accounting is unresolved. [C51],MomoEdge’s indexed performance/maturity accounting is unresolved. [C51],"Frozen model, all eligible candidates, matured labels, exact score threshold, denominator, horizon and complete misses.",Use as a lawful mechanism/comparator; require the stated acceptance evidence before integration.
CR11,Dark short volume proves institutional buying.,C17,https://www.finra.org/rules-guidance/notices/information-notice-051019,C17: 2019-05-10,2026-10-06,FINRA documents a customer-selling pathway to short-marked public prints. [C17],"First-party description / attributed vendor claim, as qualified",FINRA documents a customer-selling pathway to short-marked public prints. [C17],FINRA documents a customer-selling pathway to short-marked public prints. [C17],Test the hypothesis without owner labels; reject deterministic buyer-motive attribution.,Use as a lawful mechanism/comparator; require the stated acceptance evidence before integration.
CR12,ES support means a combined S&P options book.,C29; C54; C57; C60,https://menthorq.com/guide/levels-conversion/; https://www.firmtape.com/guide; https://www.quantedoptions.com/orderflow-plugin; https://zerogex.io/help/platform/data-coverage,C29: Not supplied / not verified; C54: Not supplied / not verified; C57: Not supplied / not verified; C60: Not supplied / not verified,2026-10-06,Several products explicitly transform the display coordinate only. [C29] [C54] [C57] [C60],"First-party description / attributed vendor claim, as qualified",Several products explicitly transform the display coordinate only. [C29] [C54] [C57] [C60],Several products explicitly transform the display coordinate only. [C29] [C54] [C57] [C60],Trace every contributing contract and multiplier; compare chart mapping with actual common-risk aggregation.,Use as a lawful mechanism/comparator; require the stated acceptance evidence before integration.
CR13,Dollar-DEX regressions measure actual dealer hedge speed.,C53,https://www.firmtape.com/research/how-fast-do-dealers-hedge,C53: 2026-08-28,2026-10-06,"FirmTape’s regressor includes exposure changes, with tiny/weak held-out results. [C53]","First-party description / attributed vendor claim, as qualified","FirmTape’s regressor includes exposure changes, with tiny/weak held-out results. [C53]","FirmTape’s regressor includes exposure changes, with tiny/weak held-out results. [C53]","Decompose trades and repricing, control stock-led information, and validate against independently observed execution where available.",Use as a lawful mechanism/comparator; require the stated acceptance evidence before integration.
CR14,Complete historical minutes prove complete live tape.,C56,https://www.firmtape.com/status,C56: Not supplied / not verified,2026-10-06,FirmTape separately logs drops and rebuilds. [C56],"First-party description / attributed vendor claim, as qualified",FirmTape separately logs drops and rebuilds. [C56],FirmTape separately logs drops and rebuilds. [C56],"Compare event counts/sequences, received-at values and revision vintages. Keep original-live and rebuilt histories separate.",Use as a lawful mechanism/comparator; require the stated acceptance evidence before integration.
CR15,A zero-flow root must attract price.,C63,https://zerogex.io/education/forced-flow-and-zero-flow-explained,C63: 2026-10-05,2026-10-06,ZeroGEX distinguishes root topology and does not claim a multi-session target result. [C63],"First-party description / attributed vendor claim, as qualified",ZeroGEX distinguishes root topology and does not claim a multi-session target result. [C63],ZeroGEX distinguishes root topology and does not claim a multi-session target result. [C63],Frozen point-in-time roots; slope class; placebo roots; distance/volatility controls; out-of-sample touch/attraction/extreme/close outcomes.,Use as a lawful mechanism/comparator; require the stated acceptance evidence before integration.
CR16,Calendar amplification or charm sign adds predictive evidence.,C62,https://zerogex.io/education/eod-pressure-explained,C62: 2026-06-12,2026-10-06,ZeroGEX’s weights and timing are heuristic. [C62],"First-party description / attributed vendor claim, as qualified",ZeroGEX’s weights and timing are heuristic. [C62],ZeroGEX’s weights and timing are heuristic. [C62],"Compare exact runoff with incumbent controls, calendar-only and price-momentum baselines; respect Mastermind’s prior signed-charm refutation.",Use as a lawful mechanism/comparator; require the stated acceptance evidence before integration.
CR17,An API or redistribution tier authorizes the intended integration.,C55,https://www.firmtape.com/licensing,C55: Not supplied / not verified,2026-10-06,FirmTape explicitly excludes a competing positioning terminal. [C55],"First-party description / attributed vendor claim, as qualified",FirmTape explicitly excludes a competing positioning terminal. [C55],FirmTape explicitly excludes a competing positioning terminal. [C55],"Review the actual contracted use, derived-data rights and consumer scope before acquisition; do not infer rights from a schema.",Use as a lawful mechanism/comparator; require the stated acceptance evidence before integration.
DC-D01,Theta options trade_quote documented representation and price scope,A22; A23; A25; A26,https://www.thetadata.net/commercial-use; https://www.thetadata.net/docs/operations/option_history_trade_quote.html; https://www.thetadata.net/subscriber-agreement; https://cdn.opraplan.com/documents/OPRA_Fee_Schedule.pdf,A22: prices observed 2026-10-06; A23: current docs observed 2026-10-06; A25: current retrieved agreement; A26: current public retrieved PDF; exact effective-date header not separately established,2026-10-06,Trade price/size/venue/condition/sequence; attached bid/ask price/size/venue/condition; history: Commercial catalog advertises 14 years; endpoint/sample unverified; price components: Options commercial headline 1600/month; conditional promotions not assumed,Source specification/catalog or pinned ownership,Integrated path in supplied corpus; raw retention/current entitlement unverified; Theta permitted-use agreement plus applicable OPRA classification; Executed contract required; unknown,"Commercial copy, current endpoint, historical schema and operative agreement can differ; row-specific caveats control.","Dated atomic sample, archive manifest, contract and current successful endpoint receipt","Essential trade/quote representation for public signing; Theta is the existing candidate, not an exclusive vendor requirement; Engineering judgment, not a measured delivery estimate: Moderate: retain atomic events, align clocks, reconcile corrections and build immutable replay"
DC-D02,Theta options quote history tick documented representation and price scope,A27; A25,https://www.thetadata.net/docs/operations/option_history_quote.html; https://www.thetadata.net/subscriber-agreement,A27: current docs observed 2026-10-06; A25: current retrieved agreement,2026-10-06,"Bid/ask prices, sizes, venues and conditions; history: Per D01; quote-event completeness unverified; price components: See D01; exact tier confirmation required",Source specification/catalog or pinned ownership,Public documentation only; no purchase or account test; Same contract/exchange qualification as D01; Executed contract required; unknown,"Commercial copy, current endpoint, historical schema and operative agreement can differ; row-specific caveats control.",Tick response versus interval sample; sequence/gap and entitlement evidence,"Essential for quote-event/liquidity models; optional for an initial trade-sampled baseline; vendor replaceable; Engineering judgment, not a measured delivery estimate: Moderate to high: volume sizing, event storage, stale/gap handling and stream versus snapshot validation"
DC-D03,Theta all-Greeks history documented representation and price scope,A28; A25,https://www.thetadata.net/docs/operations/option_history_greeks_all.html; https://www.thetadata.net/subscriber-agreement,A28: current docs observed 2026-10-06; A25: current retrieved agreement,2026-10-06,"Delta, gamma, vega, theta, charm/vanna and model inputs as supported; history: Endpoint-specific depth unverified; price components: See D01; endpoint entitlement unknown",Source specification/catalog or pinned ownership,Public documentation only; no purchase or account test; Executed Theta terms required; Executed contract required; unknown,"Commercial copy, current endpoint, historical schema and operative agreement can differ; row-specific caveats control.",Final-hour sample and independent maturity/input comparison,"Sensitivity representation essential for Greek pressure; this vendor calculation optional; Engineering judgment, not a measured delivery estimate: Moderate: version inputs, settlement clocks and independent final-hour model comparison"
DC-D04,Theta options OI documented representation and price scope,A24; A25,https://www.thetadata.net/docs/operations/option_history_open_interest.html; https://www.thetadata.net/subscriber-agreement,A24: current docs observed 2026-10-06; A25: current retrieved agreement,2026-10-06,Contract open interest and date; history: Exact endpoint archive unverified; price components: See D01,Source specification/catalog or pinned ownership,Public documentation only; no purchase or account test; Executed Theta terms required; Executed contract required; unknown,"Commercial copy, current endpoint, historical schema and operative agreement can differ; row-specific caveats control.","Economic-date, publication-date and available-date mapping sample","Essential if using OI-based state assumptions; optional for pure intraday flow increments; Engineering judgment, not a measured delivery estimate: Low to moderate: economic/publication-date contract, revisions and missing-versus-zero handling"
DC-D05,Theta stocks Nasdaq Basic live documented representation and price scope,A22; A25,https://www.thetadata.net/commercial-use; https://www.thetadata.net/subscriber-agreement,A22: prices observed 2026-10-06; A25: current retrieved agreement,2026-10-06,Stock trades and quotes per endpoint; history: Catalog stock history varies by source; price components: Stocks commercial headline 1200/month,Source specification/catalog or pinned ownership,Public documentation only; no purchase or account test; Nasdaq/Theta use classification required; Executed contract required; unknown,"Commercial copy, current endpoint, historical schema and operative agreement can differ; row-specific caveats control.",Source identity and national-coverage receipt; current agreement,"Optional local-venue reference; insufficient as the required consolidated live equity BBO; Engineering judgment, not a measured delivery estimate: Low if already integrated; moderate to reconcile source scope without creating another quote owner"
DC-D06,Theta stocks CTA/UTP delayed documented representation and price scope,A22; A25; A68,https://www.thetadata.net/commercial-use; https://www.thetadata.net/subscriber-agreement; https://thetadata.net/docs/Articles/Getting-Started/Subscriptions.html,A22: prices observed 2026-10-06; A25: current retrieved agreement; A68: Current retrieved documentation; runtime not tested,2026-10-06,Consolidated stock data per endpoint; history: Commercial CTA 9-year claim conflicts with v3 subscription page CTA from 2020-01-01; UTP from 2012-06-01; endpoint receipt required; price components: See D05,Source specification/catalog or pinned ownership,Public documentation only; no purchase or account test; Theta and SIP licensing required; Executed contract required; unknown,"Commercial copy, current endpoint, historical schema and operative agreement can differ; row-specific caveats control.",Endpoint sample with source and receive clocks,"Optional historical/delayed reference; unsuitable for live feature timestamps without delay; Engineering judgment, not a measured delivery estimate: Low: explicit delay tags and source-specific history manifest"
DC-D07,Existing Terminal Quote Plane documented representation and price scope,I08; I09; I10; I14,https://github.com/mastermindx-market-intelligence/macro/blob/c9631f8b2469587dec643bec94b16e77c09ef511/research/market_microstructure/commission15/COMMISSION_15_HARDENED_REPORT.md; https://github.com/mastermindx-market-intelligence/macro/blob/c9631f8b2469587dec643bec94b16e77c09ef511/research/market_microstructure/commission15/CURRENT_STATE_AND_HARDENING_LOG.md; https://github.com/mastermindx-market-intelligence/macro/blob/c9631f8b2469587dec643bec94b16e77c09ef511/research/market_microstructure/commission15/VALIDATION_PROTOCOL.md; https://github.com/mastermindx-market-intelligence/macro/blob/c9631f8b2469587dec643bec94b16e77c09ef511/collectors/thetadata.py,I08: c9631f8b2469587dec643bec94b16e77c09ef511; I09: c9631f8b2469587dec643bec94b16e77c09ef511; I10: c9631f8b2469587dec643bec94b16e77c09ef511; I14: c9631f8b2469587dec643bec94b16e77c09ef511,2026-10-06,"Required trade/BBO sizes, venues, conditions and timestamps; history: No new retention inventory obtained; price components: Existing account cost not reviewed",Source specification/catalog or pinned ownership,Ownership established in corpus; no current probe; Existing executed agreement not reviewed; Executed contract required; unknown,"Commercial copy, current endpoint, historical schema and operative agreement can differ; row-specific caveats control.","Current owner manifest, sample, health and rights","Essential equity-reference ownership and current quote evidence for live priced signals; Engineering judgment, not a measured delivery estimate: Moderate: owner manifest, immutable quote archive, freshness and current entitlement receipts"
DC-D08,Theta index values documented representation and price scope,A22; A25; A68,https://www.thetadata.net/commercial-use; https://www.thetadata.net/subscriber-agreement; https://thetadata.net/docs/Articles/Getting-Started/Subscriptions.html,A22: prices observed 2026-10-06; A25: current retrieved agreement; A68: Current retrieved documentation; runtime not tested,2026-10-06,Index levels; history: Pro generic start 2017; RUT/DJX ends 2024-07-01; NDX underlying history from 2026-05-11 per v3 docs; price components: Indices commercial headline 400/month,Source specification/catalog or pinned ownership,Public documentation only; no purchase or account test; Index license and Theta permitted use; Executed contract required; unknown,"Commercial copy, current endpoint, historical schema and operative agreement can differ; row-specific caveats control.","Current source, permission and calculation timestamps","Essential appropriate index reference for index-level hypotheses; alternative reference vendor possible; Engineering judgment, not a measured delivery estimate: Low to moderate: symbol-specific source/history limits and calculation/receipt clocks"
DC-D09,Databento OPRA.PILLAR alternative documented representation and price scope,A56; A26,https://databento.com/docs/venues-and-datasets/opra-pillar; https://cdn.opraplan.com/documents/OPRA_Fee_Schedule.pdf,A56: current docs; structural history break 2023-03-28; A26: current public retrieved PDF; exact effective-date header not separately established,2026-10-06,"Trades, TCBBO, event consolidated BBO where available, definitions, OI; history: Structural break 2023-03-28; older quotes subsampled; price components: Specific current OPRA plan quote not verified",Source specification/catalog or pinned ownership,Public documentation only; no purchase or account test; Databento plus OPRA classification required; Executed contract required; unknown,"Commercial copy, current endpoint, historical schema and operative agreement can differ; row-specific caveats control.",Matched event sample and priced right-sized license,"Optional alternative/comparator to D01/D02; not an additional mandatory subscription; Engineering judgment, not a measured delivery estimate: Moderate to high: schema mapping, large quote archive, vintage and clock-break handling"
DC-D10,OPRA non-display fee layer documented representation and price scope,A26,https://cdn.opraplan.com/documents/OPRA_Fee_Schedule.pdf,A26: current public retrieved PDF; exact effective-date header not separately established,2026-10-06,License classifications; history: Not a delivery/archive service; price components: Category 1 own behalf 2000/month; Category 2 clients 2000; Category 3 matching 2000/platform,Source specification/catalog or pinned ownership,Public documentation only; no purchase or account test; Analysis included in non-display; narrow natural-person exemption not assumed; Separate applicable agreement classification,"Commercial copy, current endpoint, historical schema and operative agreement can differ; row-specific caveats control.",Actual use classification; avoid stacking every category,"Essential rights classification when the selected OPRA use is in scope; not a separate alpha input; Engineering judgment, not a measured delivery estimate: Low engineering: maintain use/fee evidence and entitlement configuration; commercial review separate"
DC-D11,Cboe C1 Open-Close 10-minute documented representation and price scope,A29; A30; A33,https://datashop.cboe.com/cboe-options-open-close-volume-summary; https://datashop.cboe.com/documents/Open_Close_10m_Spec_v1.6.pdf; https://cdn.cboe.com/resources/membership/Cboe_FeeSchedule.pdf,A29: current catalog; announced changes 2026-11-08; A30: 2026-02-17; A33: 2026-10-01,2026-10-06,Cumulative MM buy/sell contracts and trade counts; other capacities/open-close where defined; history: Advertised from 2011-01-03; price components: 3000/month or 36000/year,Source specification/catalog or pinned ownership,Public documentation only; no purchase or account test; Internal research catalog terms; actual agreement unverified; Executed contract required; unknown,"Commercial copy, current endpoint, historical schema and operative agreement can differ; row-specific caveats control.","Small licensed panel, original release files, revisions and session tests","Optional high-priority participant pilot after public-data baseline; essential only to the labeled-capacity experiment; Engineering judgment, not a measured delivery estimate: Moderate: cumulative differencing, segment mapping, original-release archive and corrections"
DC-D12,Cboe C1 Open-Close one-minute documented representation and price scope,A29; A31; A33,https://datashop.cboe.com/cboe-options-open-close-volume-summary; https://datashop.cboe.com/documents/Open_Close_1m_Spec_v1.5.pdf; https://cdn.cboe.com/resources/membership/Cboe_FeeSchedule.pdf,A29: current catalog; announced changes 2026-11-08; A31: 2026-03-27; A33: 2026-10-01,2026-10-06,Cumulative capacity fields; history: Advertised from 2019-10-07; price components: 12000/month or 144000/year,Source specification/catalog or pinned ownership,Public documentation only; no purchase or account test; Executed Cboe agreement required; Executed contract required; unknown,"Commercial copy, current endpoint, historical schema and operative agreement can differ; row-specific caveats control.",Pre/post-change correction and latency sample,"Optional later refinement after ten-minute marginal value is demonstrated; Engineering judgment, not a measured delivery estimate: Moderate to high: greater file volume, release-lag monitoring and pre/post-November correction regimes"
DC-D13,Cboe C1 Open-Close EOD documented representation and price scope,A29; A32; A33,https://datashop.cboe.com/cboe-options-open-close-volume-summary; https://datashop.cboe.com/documents/Open_Close_EOD_Spec_v1.3.pdf; https://cdn.cboe.com/resources/membership/Cboe_FeeSchedule.pdf,A29: current catalog; announced changes 2026-11-08; A32: version 1.3; A33: 2026-10-01,2026-10-06,EOD capacity transactions and series statistics; history: Advertised from 2005-01-03; price components: 600/month,Source specification/catalog or pinned ownership,Public documentation only; no purchase or account test; Executed Cboe agreement required; Executed contract required; unknown,"Commercial copy, current endpoint, historical schema and operative agreement can differ; row-specific caveats control.",Series-inception completeness and historical semantic manifest,"Initialization evidence essential for claimed absolute covered inventory; this EOD product optional for flow-only research; Engineering judgment, not a measured delivery estimate: Moderate: contract-inception history, OI/date regimes and lifecycle adjustments"
DC-D14,Cboe C1 enhanced trade-by-trade documented representation and price scope,A35; A33,https://datashop.cboe.com/enhanced-us-options-trade-by-trade-execution-detail; https://cdn.cboe.com/resources/membership/Cboe_FeeSchedule.pdf,A35: C1 history from 2019-10-07; A33: 2026-10-01,2026-10-06,Execution time/series/price/size/capacity/side/position type; local/NBBO; execution/complex IDs; history: From 2019-10-07; price components: 12000/month,Source specification/catalog or pinned ownership,Public documentation only; no purchase or account test; Executed Cboe agreement required; Executed contract required; unknown,"Commercial copy, current endpoint, historical schema and operative agreement can differ; row-specific caveats control.",Matched OPRA sample and per-capacity field dictionary,"Optional later trade-signing/complex-package label audit; Engineering judgment, not a measured delivery estimate: High: execution-ID reconciliation, package/capacity mappings and corrected-label chronology"
DC-D15,Cboe BZX Open-Close documented representation and price scope,A29; A34,https://datashop.cboe.com/cboe-options-open-close-volume-summary; https://www.cboe.com/us/options/membership/fee_schedule/bzx/,A29: current catalog; announced changes 2026-11-08; A34: current page observed 2026-10-06,2026-10-06,Venue capacity aggregates; history: EOD 2018-01-02; intraday 2019-03-01 advertised; price components: EOD 500/month; ten-minute 1500; one-minute 6000,Source specification/catalog or pinned ownership,Public documentation only; no purchase or account test; Cboe venue-specific executed terms; Executed contract required; unknown,"Commercial copy, current endpoint, historical schema and operative agreement can differ; row-specific caveats control.",Coverage overlap and added predictive value,"Optional cross-venue expansion; required coverage evidence only if BZX inventory claims are made; Engineering judgment, not a measured delivery estimate: Moderate incremental to D11: venue mapping, overlap and added-value evaluation"
DC-D16,Cboe C2/EDGX Open-Close documented representation and price scope,A29,https://datashop.cboe.com/cboe-options-open-close-volume-summary,A29: current catalog; announced changes 2026-11-08,2026-10-06,Venue capacity aggregates; history: EOD 2018-01-02; intraday 2019-03-01 advertised; price components: Current venue-specific prices not verified; do not copy C1/BZX,Source specification/catalog or pinned ownership,Public documentation only; no purchase or account test; Separate executed terms; Executed contract required; unknown,"Commercial copy, current endpoint, historical schema and operative agreement can differ; row-specific caveats control.",Exact product quote and sample,"Optional cross-venue expansion; no C1/BZX price or rights extrapolation; Engineering judgment, not a measured delivery estimate: Moderate incremental to D11: separate files, rights, source mappings and coverage reconciliation"
DC-D17,NYSE Arca/American options Open-Close documented representation and price scope,A36; A37; A09,https://www.nyse.com/publicdocs/nyse/data/NYSE_Options_Exchange_Open-Close_Client_Specification_v1.0d.pdf; https://www.nyse.com/data-products/catalog/open-close-volume-summary; https://www.nyse.com/market-data/technical-documents,A36: 2025-12-05; A37: observed 2026-10-06; A09: observed 2026-10-06,2026-10-06,Cumulative capacities; MM buy/sell; contracts versus trades; history: EOD December 2018; Arca 10m August 2022; American 10m November 2023; price components: Not verified,Source specification/catalog or pinned ownership,Public documentation only; no purchase or account test; NYSE contract and exact interval entitlement; Executed contract required; unknown,"Commercial copy, current endpoint, historical schema and operative agreement can differ; row-specific caveats control.","Current 1m availability, schema and immutable interval sample","Optional cross-venue participant expansion; one-minute capability remains unqualified; Engineering judgment, not a measured delivery estimate: Moderate to high: distinct schema, cumulative/final semantics and unresolved one-minute rollout"
DC-D18,NYSE Pillar Order Imbalances documented representation and price scope,A10; A18; A04; A07,https://www.ice.com/publicdocs/nyse/data/NYSE_Pillar_Order_Imbalances_Client_Specification_v2.2n.pdf; https://www.nyse.com/publicdocs/nyse/data/NYSE_Market_Data_Pricing.pdf; https://www.nyse.com/data-insights/nyse-closing-auction-price-discovery-opportunities-reach-new-highs; https://www.govinfo.gov/content/pkg/FR-2026-08-18/pdf/2026-16783.pdf,A10: 2025-10-23; A18: 2026-05-14; A04: 2024-08-29; A07: 2026-08-18,2026-10-06,"Reference, paired/total/unpaired, side, clearing prices, type/status/sequence; history: History depth/vendor archive unknown; price components: Access 500/month; applicable non-display categories 2000/month each",Source specification/catalog or pinned ownership,Public documentation only; no purchase or account test; NYSE use category plus vendor/transport agreement; Executed contract required; unknown,"Commercial copy, current endpoint, historical schema and operative agreement can differ; row-specific caveats control.","Current entitlement, gaps/corrections, historical regime and effective-rule manifest","Essential NYSE auction-state representation for NYSE nowcasts; delivery vendor replaceable; Engineering judgment, not a measured delivery estimate: High: venue phase machine, schemas, sequence/recovery, corrections and deployed-rule history"
DC-D19,NYSE Arca Order Imbalances documented representation and price scope,A01; A10; A11; A18; A44,https://www.nyse.com/trade/auctions; https://www.ice.com/publicdocs/nyse/data/NYSE_Pillar_Order_Imbalances_Client_Specification_v2.2n.pdf; https://www.nyse.com/publicdocs/nyse/data/NYSE_Pillar_Depth_Client_Specification_v1.4.pdf; https://www.nyse.com/publicdocs/nyse/data/NYSE_Market_Data_Pricing.pdf; https://www.ssga.com/us/en/institutional/etfs/state-street-spdr-sp-500-etf-trust-spy,A01: current page observed 2026-10-06; A10: 2025-10-23; A11: version 1.4; used only for explicit early-close clock statement; A18: 2026-05-14; A44: page as-of dates 2026-10-05/06,2026-10-06,D18 plus venue-applicable indicative price/collars/status; history: Archive depth unknown; price components: Access 500/month; applicable non-display categories 500/month each,Source specification/catalog or pinned ownership,Public documentation only; no purchase or account test; Arca use category; transport/vendor extra; Executed contract required; unknown,"Commercial copy, current endpoint, historical schema and operative agreement can differ; row-specific caveats control.",Primary-listing map and calendar-specific sample,"Essential Arca auction-state representation for SPY/Arca nowcasts; delivery vendor replaceable; Engineering judgment, not a measured delivery estimate: Moderate incremental to D18: Arca-specific timing, collars and primary-listing mapping"
DC-D20,Nasdaq NOII via TotalView/ITCH documented representation and price scope,A13; A15; A16; A17,https://listingcenter.nasdaq.com/rulebook/nasdaq/rules/nasdaq-equity-4; https://www.nasdaqtrader.com/TraderNews.aspx?id=ETA2019-66; https://www.nasdaqtrader.com/content/technicalsupport/specifications/dataproducts/NQTVITCHspecification.pdf; https://www.nasdaqtrader.com/TraderNews.aspx?id=dtn2009-059,A13: current page observed 2026-10-06; A15: 2019-08-22; A16: ITCH 5.0 current retrieved PDF; A17: 2009,2026-10-06,Paired/imbalance/side/reference; full near/far; cross/broken-trade messages; history: Historical offering documented since 2009; complete current archive unverified; price components: Current non-display/NOII entitlement price not verified,Source specification/catalog or pinned ownership,Public documentation only; no purchase or account test; Nasdaq/vendor agreement required; Executed contract required; unknown,"Commercial copy, current endpoint, historical schema and operative agreement can differ; row-specific caveats control.","EOII/full historical coverage, rights, latency and cross corrections","Essential Nasdaq auction-state representation for Nasdaq nowcasts; delivery vendor replaceable; Engineering judgment, not a measured delivery estimate: High: EOII/full phase distinction, ITCH mapping, broken trades and halt/cross behavior"
DC-D21,AmerX early MOC portal documented representation and price scope,A19; A06; A08,https://www.amerx.com/market-on-close-portal; https://www.nyse.com/publicdocs/nyse/markets/nyse/rule-interpretations/2026/Q1_2026_Quarterly_Expiration_RM_3.20.2026.pdf; https://www.nyse.com/publicdocs/nyse/markets/nyse/Functional_Differences_NYSE_Pillar.pdf,A19: current product page observed 2026-10-06; A06: 2026-03-20; A08: 2026-08-03,2026-10-06,Advertised early imbalance/floor information; history: No complete history verified; price components: Unknown; broker arrangement,Source specification/catalog or pinned ownership,Public documentation only; no purchase or account test; API/research license unknown; Executed contract required; unknown,"Commercial copy, current endpoint, historical schema and operative agreement can differ; row-specific caveats control.","Full panel, selection policy, original timestamps and executable license","Optional licensed early-channel experiment; not required to build a public-data pre-publication forecast; Engineering judgment, not a measured delivery estimate: High until qualified: selected-universe bias, unavailable history and publication/revision contract"
DC-D22,MrTopStep Market Imbalance Meter documented representation and price scope,A20,https://mrtopstep.com/catalog/market-imbalance-meter,A20: current listing observed 2026-10-06,2026-10-06,Aggregate/sector display and timed table; history: No licensed historical panel verified; price components: 75/month; 175/quarter; 500/year,Source specification/catalog or pinned ownership,Public documentation only; no purchase or account test; Consumer display does not prove machine rights; Executed contract required; unknown,"Commercial copy, current endpoint, historical schema and operative agreement can differ; row-specific caveats control.",Machine/archive agreement before any integration,"Optional consumer comparator; not an essential machine data source; Engineering judgment, not a measured delivery estimate: Low for manual comparison; unknown/high if no supported licensed archive/API exists"
DC-D23,FinancialJuice early-MOC headlines documented representation and price scope,A21,https://www.financialjuice.com/News/7218281/1-Early-MOC-imbalance-528-mln-sell-side.aspx?xy=rss,A21: 2023-02-13,2026-10-06,Headline dollar imbalance; history: Public 2023-02-13 example; no complete panel; price components: API/research price unknown,Source specification/catalog or pinned ownership,Public documentation only; no purchase or account test; Unknown; Executed contract required; unknown,"Commercial copy, current endpoint, historical schema and operative agreement can differ; row-specific caveats control.",Licensed archive and exact source/publication metadata,"Optional headline provenance experiment; weak standalone panel; Engineering judgment, not a measured delivery estimate: Moderate to high: full historical selection, timestamp provenance and revision completeness"
DC-D24,Databento GLBX.MDP3 futures documented representation and price scope,A40; A41; A38; A39,https://databento.com/docs/venues-and-datasets/glbx-mdp3; https://databento.com/pricing; https://www.cmegroup.com/market-data/files/june-2026-market-data-fee-list.pdf; https://www.cmegroup.com/market-data/license-data/market-data-policy-education-center.html,A40: current docs; history from June 2010; A41: current prices observed 2026-10-06; A38: 2026-06-01; A39: June 2026 agreement; August 2026 schedule updates listed,2026-10-06,"Trade/MBP/MBO, definitions, statistics, implied/explicit context; history: From June 2010; MBO-era distinction May 2017; price components: CME Standard 199/month personal; Plus 1750; Unlimited 4500; commercial/exchange fees may add",Source specification/catalog or pinned ownership,Public documentation only; no purchase or account test; CME category and Databento contract; Standard not commercial permission; Executed contract required; unknown,"Commercial copy, current endpoint, historical schema and operative agreement can differ; row-specific caveats control.",Exact contract/schema session sample and license,"Essential futures representation for an ES/NQ cross-product claim; this vendor and full depth are optional choices; Engineering judgment, not a measured delivery estimate: High initially: futures identity/roll, event-complete books, implied liquidity and shared clock normalization"
DC-D25,CME futures options via GLBX/DataMine documented representation and price scope,A40; A58; A38; A39,https://databento.com/docs/venues-and-datasets/glbx-mdp3; https://www.cmegroup.com/market-data/browse-data/catalog/futures-and-options-data.html; https://www.cmegroup.com/market-data/files/june-2026-market-data-fee-list.pdf; https://www.cmegroup.com/market-data/license-data/market-data-policy-education-center.html,A40: current docs; history from June 2010; A58: current official catalog indexed; A38: 2026-06-01; A39: June 2026 agreement; August 2026 schedule updates listed,2026-10-06,Option definitions/trades/books/stats; OI; Greeks independently calculated if needed; history: Dataset catalog history is not every-contract event history; price components: D24 delivery plan plus applicable CME rights; DataMine quote unknown,Source specification/catalog or pinned ownership,Public documentation only; no purchase or account test; CME futures-options scope and use qualification; Executed contract required; unknown,"Commercial copy, current endpoint, historical schema and operative agreement can differ; row-specific caveats control.",Contract-specific coverage and timestamp/definition sample,"Essential only when CME options are within the claimed cross-product coverage; optional later extension; Engineering judgment, not a measured delivery estimate: High: options-to-future mapping, expiry/exercise and preliminary/final statistics"
DC-D26,CME non-display fee layer documented representation and price scope,A38; A39,https://www.cmegroup.com/market-data/files/june-2026-market-data-fee-list.pdf; https://www.cmegroup.com/market-data/license-data/market-data-policy-education-center.html,A38: 2026-06-01; A39: June 2026 agreement; August 2026 schedule updates listed,2026-10-06,"Research/principal use categories; history: License layer, not archive delivery; price components: Datafeed 610/month per exchange; research Cat C 363 (1 app), 486 (2-3), 609 (4+); principal A1 tiers 609/1820/3640",Source specification/catalog or pinned ownership,Public documentation only; no purchase or account test; Actual entity/use/app classification needed; Current CME agreement/AI policy; exact use unresolved,"Commercial copy, current endpoint, historical schema and operative agreement can differ; row-specific caveats control.",Confirmed category; no display-price substitution or automatic stacking,"Essential CME rights classification when selected usage is in scope; Engineering judgment, not a measured delivery estimate: Low engineering: entitlement/use metadata; legal/commercial effort separate"
DC-D27,DTCC ETF Portfolio Data documented representation and price scope,A42; A43,https://www.dtcc.com/products-and-services/data-services/corporate-actions-reference-data/etf-portfolio-data-service; https://dtcclearning.com/products-and-services/equities-clearing/etf-processing/etf-timeline.html,A42: current page observed 2026-10-06; A43: current indexed official material,2026-10-06,Portfolio composition and supplemental reference; history: Historical catalog offered; depth unverified; price components: Quote required; not verified,Source specification/catalog or pinned ownership,Public documentation only; no purchase or account test; DTCC service agreement; Executed contract required; unknown,"Commercial copy, current endpoint, historical schema and operative agreement can differ; row-specific caveats control.",PIT basket/revision sample and current service rights,"Optional basket enhancement; contemporaneous basket representation essential if creation-basket demand is claimed; Engineering judgment, not a measured delivery estimate: Moderate: PCF versions, dates, substitutions and corporate actions"
DC-D28,Issuer ETF NAV/shares/holdings documented representation and price scope,A44,https://www.ssga.com/us/en/institutional/etfs/state-street-spdr-sp-500-etf-trust-spy,A44: page as-of dates 2026-10-05/06,2026-10-06,"NAV, shares outstanding, holdings, listing; history: Public dated current/history links; complete archive unverified; price components: Public web access; machine/history license cost unknown",Source specification/catalog or pinned ownership,Public documentation only; no purchase or account test; Issuer/data-provider terms required; Executed contract required; unknown,"Commercial copy, current endpoint, historical schema and operative agreement can differ; row-specific caveats control.",Dated release archive and split/net-share reconciliation,"Essential dated issuer observations for ETF net-share-flow proxy; optional for baseline options-only model; Engineering judgment, not a measured delivery estimate: Low to moderate: dated capture, split adjustments and daily availability without intraday inference"
DC-D29,NYSE Arca EOD ETP report documented representation and price scope,A48,https://www.nyse.com/publicdocs/nyse/data/NYSE_Arca_EOD_ETF_Report_Product_Spec.pdf,A48: 2025-04-10,2026-10-06,Primary/consolidated prices and volume; close bid/ask/mid; history: Depth unverified; price components: Not verified,Source specification/catalog or pinned ownership,Public documentation only; no purchase or account test; NYSE product agreement; Executed contract required; unknown,"Commercial copy, current endpoint, historical schema and operative agreement can differ; row-specific caveats control.","Report sample, delivery calendar, exact rights","Optional external close-label cross-check; not a primary-flow requirement; Engineering judgment, not a measured delivery estimate: Low: report parser, calendar and delivery/revision manifest"
DC-D30,FTSE Russell membership/rebalance notices documented representation and price scope,A45,https://www.lseg.com/en/media-centre/press-releases/ftse-russell/2026/russell-reconstitution-2026-schedule,A45: 2026-03-02,2026-10-06,"Rank date, preliminary/revised membership, effective dates; history: Public notices; licensed full revision panel unverified; price components: Public notices; weights/research feed quote unknown",Source specification/catalog or pinned ownership,Public documentation only; no purchase or account test; Provider license for machine/weight history; Executed contract required; unknown,"Commercial copy, current endpoint, historical schema and operative agreement can differ; row-specific caveats control.","PIT weights, AUM assumptions and original announcements","Essential Russell event representation within rebalance program; specific licensed feed optional; Engineering judgment, not a measured delivery estimate: Moderate: original notices, preliminary/final membership and 2026 regime transition"
DC-D31,MSCI review schedule/change files documented representation and price scope,A59,https://www.msci.com/eqb/pressreleases/archive/ir_dates.pdf,A59: 2026-08-12,2026-10-06,"Announcement, effective date, membership and weight changes where licensed; history: Public review archive; licensed changes/weights unverified; price components: Public schedule; commercial files price unknown",Source specification/catalog or pinned ownership,Public documentation only; no purchase or account test; MSCI license required for exact usage; Executed contract required; unknown,"Commercial copy, current endpoint, historical schema and operative agreement can differ; row-specific caveats control.",Licensed PIT change panel and timestamps,"Essential MSCI event representation within rebalance program; specific licensed feed optional; Engineering judgment, not a measured delivery estimate: Moderate: announcement/effectiveness mapping, PIT weight files and revised schedules"
DC-D32,S&P DJI notices/pro-forma weights documented representation and price scope,A60; A61,https://www.spglobal.com/spdji/en/documents/methodologies/methodology-sp-us-indices.pdf; https://www.spglobal.com/spdji/en/documents/methodologies/methodology-sp-equity-indices-policies-practices.pdf,A60: 2026-07; A61: 2026-08,2026-10-06,"Composition, shares, IWF, AWF and effective announcements; history: Methodology public; full historical pro-forma archive unverified; price components: Public methodology; files/license quote unknown",Source specification/catalog or pinned ownership,Public documentation only; no purchase or account test; S&P DJI exact-use license; Executed contract required; unknown,"Commercial copy, current endpoint, historical schema and operative agreement can differ; row-specific caveats control.",Original pro-forma vintages and family-specific methodology,"Essential S&P event representation within rebalance program; specific licensed feed optional; Engineering judgment, not a measured delivery estimate: Moderate to high: as-needed membership, pro-formas, shares/IWF and event exceptions"
DC-D33,Nasdaq GIW/GIFFD NDX reference data documented representation and price scope,A62; A63,https://indexes.nasdaq.com/docs/Methodology_NDX.pdf; https://ir.nasdaq.com/news-releases/news-release-details/nasdaq-concludes-public-consultation-nasdaq-100-indexr,A62: 2026; A63: 2026-03-30,2026-10-06,"Members, index shares/weights, reference/notice/effective dates; history: Distribution services documented; panel not obtained; price components: Exact commercial feed/weight license unknown",Source specification/catalog or pinned ownership,Public documentation only; no purchase or account test; Nasdaq reference/derived-use agreement; Executed contract required; unknown,"Commercial copy, current endpoint, historical schema and operative agreement can differ; row-specific caveats control.",Original share/weight files and current pricing/rights,"Essential Nasdaq event representation within rebalance program; specific licensed feed optional; Engineering judgment, not a measured delivery estimate: Moderate: historical methodology, Fast Entry/special events and original weights"
DC-D34,FINRA ATS/non-ATS transparency documented representation and price scope,A46; A47,https://www.finra.org/filing-reporting/otc-transparency; https://www.finra.org/rules-guidance/rulebooks/finra-rules/6110,A46: current page observed 2026-10-06; A47: current page observed 2026-10-06,2026-10-06,Shares/trades by security and ATS/member with low-activity aggregation; history: Historical public aggregates; exact retained panel from existing owner; price components: Public access; commercial API/use terms unverified,Source specification/catalog or pinned ownership,Corpus integration exists; no current health claim; Verify applicable commercial/API terms; Executed contract required; unknown,"Commercial copy, current endpoint, historical schema and operative agreement can differ; row-specific caveats control.",Original releases and current data-use agreement,"Optional delayed market-structure context; never a live dealer-flow dependency; Engineering judgment, not a measured delivery estimate: Low incremental: actual release times, revisions and unsigned feature enforcement"
DC-D35,Author closing-auction research dataset documented representation and price scope,A49; A50,https://www.sciencedirect.com/science/article/pii/S1386418123000502; https://bogousslavsky.github.io/data/,A49: 2023; A50: documented sample 2010–2018,2026-10-06,Late-day/auction volume and closing deviation aggregates; history: 2010-2018 documented; price components: Author download link; no price stated,Source specification/catalog or pinned ownership,Public documentation only; no purchase or account test; Research reuse terms need review; Executed contract required; unknown,"Commercial copy, current endpoint, historical schema and operative agreement can differ; row-specific caveats control.","Dataset checksum, variables, filters and reuse terms","Optional older-regime external benchmark; Engineering judgment, not a measured delivery estimate: Low: obtain permissible dataset, validate filters and map outcome definitions"
DC-D36,Massive consolidated stock trades / intraday off-exchange prints documented representation and price scope,A64; A65; A66; A46; A47,https://massive.com/docs/rest/stocks/trades-quotes/trades; https://massive.com/docs/websocket/stocks/trades; https://massive.com/docs/rest/stocks/market-operations/condition-codes; https://www.finra.org/filing-reporting/otc-transparency; https://www.finra.org/rules-guidance/rulebooks/finra-rules/6110,A64: Current retrieved documentation; runtime not tested; A65: Current retrieved documentation; runtime not tested; A66: Current retrieved documentation; runtime not tested; A46: current page observed 2026-10-06; A47: current page observed 2026-10-06,2026-10-06,"Price/size, exchange/tape, trade ID, conditions, correction (REST), sequence, TRF ID and timestamps; history: REST catalog to 2003-09-10; per-field/venue history unverified; price components: Individual Advanced 199/month real-time; business/non-display/SIP rights price unknown",Source specification/catalog or pinned ownership,"Official documentation candidate only; no API runtime or entitlement verified; Business, SIP and internal machine-use rights unverified; Executed agreement required; unknown","Commercial copy, current endpoint, historical schema and operative agreement can differ; row-specific caveats control.","Original live/REST sample, condition/exchange registry, reporting-lag/correction audit and rights","Essential intraday trade representation if testing intraday off-exchange effects; Massive optional alternative; not required for core options model; Engineering judgment, not a measured delivery estimate: Moderate to high: live/REST clock normalization, condition registry, TRF mapping, duplicate/correction handling and own-receipt archive"
DC-D37,Theta live options full-trade stream plus selected-contract quote stream documented representation and price scope,A67; A68; A69; A70; A25; A26,https://http-docs.thetadata.us/Streaming/US-Options/Full-Trade-Stream.html; https://thetadata.net/docs/Articles/Getting-Started/Subscriptions.html; https://http-docs.thetadata.us/Streaming/Getting-Started.html; https://http-docs.thetadata.us/Streaming/US-Options/Quote-Stream.html; https://www.thetadata.net/subscriber-agreement; https://cdn.opraplan.com/documents/OPRA_Fee_Schedule.pdf,A67: Current retrieved documentation; runtime not tested; A68: Current retrieved documentation; runtime not tested; A69: Current retrieved documentation; runtime not tested; A70: Current retrieved documentation; runtime not tested; A25: current retrieved agreement; A26: current public retrieved PDF; exact effective-date header not separately established,2026-10-06,"Contract, trade price/size/condition/exchange/sequence/date/ms_of_day; quote prices/sizes/venues/conditions; status; history: Live channel has no automatic retained-history guarantee; archive separately; price components: D01 commercial catalog only; actual streaming rights/cost unverified",Source specification/catalog or pinned ownership,Documented capability only; current live subscription/socket not tested; Options Pro full trade documented; selected quotes Standard/Pro; executed commercial/OPRA terms required; Unknown; full raw retention not established,"Commercial copy, current endpoint, historical schema and operative agreement can differ; row-specific caveats control.","Live acknowledgment, production heartbeat, expected events, selected-contract limits, gap recovery and raw-storage manifest","Essential live event delivery for a live options product; streaming not required for historical-only research; Theta is current candidate; Engineering judgment, not a measured delivery estimate: High: one canonical stream consumer, acknowledgments, resubscription, heartbeat/gap recovery, contract limits, backpressure and atomic event retention"
HF-DPF-01,"OI strike concentration is a candidate, not a validated effect",I04; I11; I14; I19; R18,https://github.com/mastermindx-market-intelligence/macro/blob/c9631f8b2469587dec643bec94b16e77c09ef511/research/options_intelligence/2026-10-03/options-signal-catalog.md; https://github.com/mastermindx-market-intelligence/macro/blob/c9631f8b2469587dec643bec94b16e77c09ef511/engine/gex_engine.py; https://github.com/mastermindx-market-intelligence/macro/blob/c9631f8b2469587dec643bec94b16e77c09ef511/collectors/thetadata.py; https://github.com/mastermindx-market-intelligence/macro/blob/c9631f8b2469587dec643bec94b16e77c09ef511/engine/thetadata_store.py; https://www.optionseducation.org/referencelibrary/faq/general-information,I04: c9631f8b2469587dec643bec94b16e77c09ef511; I11: c9631f8b2469587dec643bec94b16e77c09ef511; I14: c9631f8b2469587dec643bec94b16e77c09ef511; I19: c9631f8b2469587dec643bec94b16e77c09ef511; R18: current page; no publication date supplied,2026-10-06,sum_k (OI_k / sum_j OI_j)^2; same root and deliverable class; units: dimensionless HHI,SPEC_ONLY feature/hypothesis,Null for zero/missing total OI; partial coverage explicit.,Incomplete signed inventory; stale OI; corporate actions; selection,No incremental score improvement over distance/volatility-matched price levels.,engine/gex_engine.py; engine/thetadata_store.py; existing options owner; Refines OIF-16
HF-DPF-02,"Gross gamma strike concentration is a candidate, not a validated effect",I04; I11; I14; I19; R18,https://github.com/mastermindx-market-intelligence/macro/blob/c9631f8b2469587dec643bec94b16e77c09ef511/research/options_intelligence/2026-10-03/options-signal-catalog.md; https://github.com/mastermindx-market-intelligence/macro/blob/c9631f8b2469587dec643bec94b16e77c09ef511/engine/gex_engine.py; https://github.com/mastermindx-market-intelligence/macro/blob/c9631f8b2469587dec643bec94b16e77c09ef511/collectors/thetadata.py; https://github.com/mastermindx-market-intelligence/macro/blob/c9631f8b2469587dec643bec94b16e77c09ef511/engine/thetadata_store.py; https://www.optionseducation.org/referencelibrary/faq/general-information,I04: c9631f8b2469587dec643bec94b16e77c09ef511; I11: c9631f8b2469587dec643bec94b16e77c09ef511; I14: c9631f8b2469587dec643bec94b16e77c09ef511; I19: c9631f8b2469587dec643bec94b16e77c09ef511; R18: current page; no publication date supplied,2026-10-06,"sum_k (Ggross_k / sum_j Ggross_j)^2, Ggross_k=sum_i_in_k |h_i| m_i Gamma_i S^2*0.01; units: dimensionless HHI",SPEC_ONLY feature/hypothesis,Null if denominator zero/unknown; inferred h stays scenario.,Incomplete signed inventory; stale OI; corporate actions; selection,Effect vanishes after unsigned activity and near-spot distance controls.,engine/gex_engine.py; engine/thetadata_store.py; existing options owner; OIF-16 extension
HF-DPF-03,"Signed inventory expectation is a candidate, not a validated effect",I04; I11; I14; I19; R18,https://github.com/mastermindx-market-intelligence/macro/blob/c9631f8b2469587dec643bec94b16e77c09ef511/research/options_intelligence/2026-10-03/options-signal-catalog.md; https://github.com/mastermindx-market-intelligence/macro/blob/c9631f8b2469587dec643bec94b16e77c09ef511/engine/gex_engine.py; https://github.com/mastermindx-market-intelligence/macro/blob/c9631f8b2469587dec643bec94b16e77c09ef511/collectors/thetadata.py; https://github.com/mastermindx-market-intelligence/macro/blob/c9631f8b2469587dec643bec94b16e77c09ef511/engine/thetadata_store.py; https://www.optionseducation.org/referencelibrary/faq/general-information,I04: c9631f8b2469587dec643bec94b16e77c09ef511; I11: c9631f8b2469587dec643bec94b16e77c09ef511; I14: c9631f8b2469587dec643bec94b16e77c09ef511; I19: c9631f8b2469587dec643bec94b16e77c09ef511; R18: current page; no publication date supplied,2026-10-06,"E[h_i,t | O_available<=t] for each canonical contract i; units: contracts, per contract identity",SPEC_ONLY feature/hypothesis,No mean unless model probabilities defined; otherwise feasible interval only.,Incomplete signed inventory; stale OI; corporate actions; selection,Risk-weighted measurement and forecast error do not improve over M0/M2.,engine/gex_engine.py; engine/thetadata_store.py; existing options owner; New extension
HF-DPF-04,"Inventory scenario entropy is a candidate, not a validated effect",I04; I11; I14; I19; R18,https://github.com/mastermindx-market-intelligence/macro/blob/c9631f8b2469587dec643bec94b16e77c09ef511/research/options_intelligence/2026-10-03/options-signal-catalog.md; https://github.com/mastermindx-market-intelligence/macro/blob/c9631f8b2469587dec643bec94b16e77c09ef511/engine/gex_engine.py; https://github.com/mastermindx-market-intelligence/macro/blob/c9631f8b2469587dec643bec94b16e77c09ef511/collectors/thetadata.py; https://github.com/mastermindx-market-intelligence/macro/blob/c9631f8b2469587dec643bec94b16e77c09ef511/engine/thetadata_store.py; https://www.optionseducation.org/referencelibrary/faq/general-information,I04: c9631f8b2469587dec643bec94b16e77c09ef511; I11: c9631f8b2469587dec643bec94b16e77c09ef511; I14: c9631f8b2469587dec643bec94b16e77c09ef511; I19: c9631f8b2469587dec643bec94b16e77c09ef511; R18: current page; no publication date supplied,2026-10-06,"-sum_r w_r log(w_r), discrete joint scenario weights summing to1; units: nats",SPEC_ONLY feature/hypothesis,Null for unweighted scenario set; do not fabricate probability weights.,Incomplete signed inventory; stale OI; corporate actions; selection,Entropy does not stratify subsequent measurement or forecast errors.,engine/gex_engine.py; engine/thetadata_store.py; existing options owner; New extension
HF-DPF-05,"Nearest signed-gamma transition distance is a candidate, not a validated effect",I04; I11; I14; I19; R18,https://github.com/mastermindx-market-intelligence/macro/blob/c9631f8b2469587dec643bec94b16e77c09ef511/research/options_intelligence/2026-10-03/options-signal-catalog.md; https://github.com/mastermindx-market-intelligence/macro/blob/c9631f8b2469587dec643bec94b16e77c09ef511/engine/gex_engine.py; https://github.com/mastermindx-market-intelligence/macro/blob/c9631f8b2469587dec643bec94b16e77c09ef511/collectors/thetadata.py; https://github.com/mastermindx-market-intelligence/macro/blob/c9631f8b2469587dec643bec94b16e77c09ef511/engine/thetadata_store.py; https://www.optionseducation.org/referencelibrary/faq/general-information,I04: c9631f8b2469587dec643bec94b16e77c09ef511; I11: c9631f8b2469587dec643bec94b16e77c09ef511; I14: c9631f8b2469587dec643bec94b16e77c09ef511; I19: c9631f8b2469587dec643bec94b16e77c09ef511; R18: current page; no publication date supplied,2026-10-06,(S - nearest root of sum_i h_i m_i Gamma_i(s)=0)/scale_t in declared domain; units: ex-ante scale units,SPEC_ONLY feature/hypothesis,No root -> explicit no_crossing; unknown book -> null.,Incomplete signed inventory; stale OI; corporate actions; selection,Matched random transitions perform equally after density/distance controls.,engine/gex_engine.py; engine/thetadata_store.py; existing options owner; Refines OIF-17; not gross wall alias
HF-DPF-06,"Gamma topology count is a candidate, not a validated effect",I04; I11; I14; I19; R18,https://github.com/mastermindx-market-intelligence/macro/blob/c9631f8b2469587dec643bec94b16e77c09ef511/research/options_intelligence/2026-10-03/options-signal-catalog.md; https://github.com/mastermindx-market-intelligence/macro/blob/c9631f8b2469587dec643bec94b16e77c09ef511/engine/gex_engine.py; https://github.com/mastermindx-market-intelligence/macro/blob/c9631f8b2469587dec643bec94b16e77c09ef511/collectors/thetadata.py; https://github.com/mastermindx-market-intelligence/macro/blob/c9631f8b2469587dec643bec94b16e77c09ef511/engine/thetadata_store.py; https://www.optionseducation.org/referencelibrary/faq/general-information,I04: c9631f8b2469587dec643bec94b16e77c09ef511; I11: c9631f8b2469587dec643bec94b16e77c09ef511; I14: c9631f8b2469587dec643bec94b16e77c09ef511; I19: c9631f8b2469587dec643bec94b16e77c09ef511; R18: current page; no publication date supplied,2026-10-06,"count of resolved sign-changing roots in frozen domain, with plateau/tangency flags; units: count",SPEC_ONLY feature/hypothesis,Unknown roots/missing intervals reported; finite grid is not exhaustive proof.,Incomplete signed inventory; stale OI; corporate actions; selection,Topology has no incremental value or is numerically unstable.,engine/gex_engine.py; engine/thetadata_store.py; existing options owner; New extension
HF-DPF-07,"Expiry risk concentration is a candidate, not a validated effect",I04; I11; I14; I19; R18,https://github.com/mastermindx-market-intelligence/macro/blob/c9631f8b2469587dec643bec94b16e77c09ef511/research/options_intelligence/2026-10-03/options-signal-catalog.md; https://github.com/mastermindx-market-intelligence/macro/blob/c9631f8b2469587dec643bec94b16e77c09ef511/engine/gex_engine.py; https://github.com/mastermindx-market-intelligence/macro/blob/c9631f8b2469587dec643bec94b16e77c09ef511/collectors/thetadata.py; https://github.com/mastermindx-market-intelligence/macro/blob/c9631f8b2469587dec643bec94b16e77c09ef511/engine/thetadata_store.py; https://www.optionseducation.org/referencelibrary/faq/general-information,I04: c9631f8b2469587dec643bec94b16e77c09ef511; I11: c9631f8b2469587dec643bec94b16e77c09ef511; I14: c9631f8b2469587dec643bec94b16e77c09ef511; I19: c9631f8b2469587dec643bec94b16e77c09ef511; R18: current page; no publication date supplied,2026-10-06,sum_e (Ggross_e / sum_j Ggross_j)^2; units: dimensionless HHI,SPEC_ONLY feature/hypothesis,Null for zero/unknown gross risk.,Incomplete signed inventory; stale OI; corporate actions; selection,No incremental value beyond total gross gamma and time-to-fixing.,engine/gex_engine.py; engine/thetadata_store.py; existing options owner; Extends OIF-16 / expiry VEX-CEX
HF-DPF-08,"Inherited versus intraday traded gamma is a candidate, not a validated effect",R02; R03; I04; I19,https://www.jean-sebastienfontaine.com/papers/0dte-options-volatility.pdf; https://cdn.cboe.com/resources/education/research_publications/gammasqueezes.pdf; https://github.com/mastermindx-market-intelligence/macro/blob/c9631f8b2469587dec643bec94b16e77c09ef511/research/options_intelligence/2026-10-03/options-signal-catalog.md; https://github.com/mastermindx-market-intelligence/macro/blob/c9631f8b2469587dec643bec94b16e77c09ef511/engine/thetadata_store.py,R02: 2026-07-15; subsumes two prior working papers; R03: 2025-01-25; I04: c9631f8b2469587dec643bec94b16e77c09ef511; I19: c9631f8b2469587dec643bec94b16e77c09ef511,2026-10-06,"(G_inherited,G_traded,G_adjustment)=S^2*0.01*sum_i m_i Gamma_i*(h_i,0, u_i,t, a_i,t); units: USD per 1% spot move, three components",SPEC_ONLY feature/hypothesis,Unknown start -> interval/scenario; never treat all volume as new risk.,Incomplete signed inventory; stale OI; corporate actions; selection,New-trade-only model matches performance and inherited block adds nothing.,engine/gex_engine.py; engine/thetadata_store.py; existing options owner; New extension
HF-DPF-09,"Signed to gross gamma is a candidate, not a validated effect",I04; I11; I14; I19; R18,https://github.com/mastermindx-market-intelligence/macro/blob/c9631f8b2469587dec643bec94b16e77c09ef511/research/options_intelligence/2026-10-03/options-signal-catalog.md; https://github.com/mastermindx-market-intelligence/macro/blob/c9631f8b2469587dec643bec94b16e77c09ef511/engine/gex_engine.py; https://github.com/mastermindx-market-intelligence/macro/blob/c9631f8b2469587dec643bec94b16e77c09ef511/collectors/thetadata.py; https://github.com/mastermindx-market-intelligence/macro/blob/c9631f8b2469587dec643bec94b16e77c09ef511/engine/thetadata_store.py; https://www.optionseducation.org/referencelibrary/faq/general-information,I04: c9631f8b2469587dec643bec94b16e77c09ef511; I11: c9631f8b2469587dec643bec94b16e77c09ef511; I14: c9631f8b2469587dec643bec94b16e77c09ef511; I19: c9631f8b2469587dec643bec94b16e77c09ef511; R18: current page; no publication date supplied,2026-10-06,sum_i h_i m_i Gamma_i / sum_i |h_i| m_i Gamma_i; units: dimensionless signed fraction,SPEC_ONLY feature/hypothesis,Null when gross risk zero/unknown; complete net zero may be valid.,Incomplete signed inventory; stale OI; corporate actions; selection,Cancellation fraction does not explain instability or improve forecasts.,engine/gex_engine.py; engine/thetadata_store.py; existing options owner; New extension
HF-DPF-10,"Classified signed dollar delta is a candidate, not a validated effect",I04; I13; I14; I25; I31; R04; R07,https://github.com/mastermindx-market-intelligence/macro/blob/c9631f8b2469587dec643bec94b16e77c09ef511/research/options_intelligence/2026-10-03/options-signal-catalog.md; https://github.com/mastermindx-market-intelligence/macro/blob/c9631f8b2469587dec643bec94b16e77c09ef511/engine/live_flow.py; https://github.com/mastermindx-market-intelligence/macro/blob/c9631f8b2469587dec643bec94b16e77c09ef511/collectors/thetadata.py; https://github.com/mastermindx-market-intelligence/macro/blob/c9631f8b2469587dec643bec94b16e77c09ef511/scripts/live_flow_poller.py; https://github.com/mastermindx-market-intelligence/macro/blob/c9631f8b2469587dec643bec94b16e77c09ef511/engine/flow_signing.py; https://www.sec.gov/files/dera-hope-reasonable-prc-2503.pdf; https://www.cambridge.org/core/journals/journal-of-financial-and-quantitative-analysis/article/abs/on-inferring-the-direction-of-option-trades/FDA4541B57F78B2C8DCE129AFC25AAF0,I04: c9631f8b2469587dec643bec94b16e77c09ef511; I13: c9631f8b2469587dec643bec94b16e77c09ef511; I14: c9631f8b2469587dec643bec94b16e77c09ef511; I25: c9631f8b2469587dec643bec94b16e77c09ef511; I31: c9631f8b2469587dec643bec94b16e77c09ef511; R04: 2025-03-16 PDF; SEC hosting page 2025-04-17; R07: 2003 study; later publisher web date is not study year,2026-10-06,"sum_n a_n q_n m_n Delta_n S_n; a=+1 buy aggressor,-1 sell aggressor; units: USD underlying-risk equivalent",SPEC_ONLY feature/hypothesis,Unknown sign excluded with risk/premium coverage; no dealer label.,Packages; stale quotes; passive customers; corrections; sample coverage,Fails against synchronized underlying returns and unsigned activity.,engine/live_flow.py; engine/flow_signing.py; scripts/live_flow_poller.py; OIF-04 alias with same eligibility
HF-DPF-11,"Signed gamma turnover is a candidate, not a validated effect",I04; I13; I14; I25; I31; R04; R07,https://github.com/mastermindx-market-intelligence/macro/blob/c9631f8b2469587dec643bec94b16e77c09ef511/research/options_intelligence/2026-10-03/options-signal-catalog.md; https://github.com/mastermindx-market-intelligence/macro/blob/c9631f8b2469587dec643bec94b16e77c09ef511/engine/live_flow.py; https://github.com/mastermindx-market-intelligence/macro/blob/c9631f8b2469587dec643bec94b16e77c09ef511/collectors/thetadata.py; https://github.com/mastermindx-market-intelligence/macro/blob/c9631f8b2469587dec643bec94b16e77c09ef511/scripts/live_flow_poller.py; https://github.com/mastermindx-market-intelligence/macro/blob/c9631f8b2469587dec643bec94b16e77c09ef511/engine/flow_signing.py; https://www.sec.gov/files/dera-hope-reasonable-prc-2503.pdf; https://www.cambridge.org/core/journals/journal-of-financial-and-quantitative-analysis/article/abs/on-inferring-the-direction-of-option-trades/FDA4541B57F78B2C8DCE129AFC25AAF0,I04: c9631f8b2469587dec643bec94b16e77c09ef511; I13: c9631f8b2469587dec643bec94b16e77c09ef511; I14: c9631f8b2469587dec643bec94b16e77c09ef511; I25: c9631f8b2469587dec643bec94b16e77c09ef511; I31: c9631f8b2469587dec643bec94b16e77c09ef511; R04: 2025-03-16 PDF; SEC hosting page 2025-04-17; R07: 2003 study; later publisher web date is not study year,2026-10-06,sum_n a_n q_n m_n Gamma_n S_n^2*0.01; units: USD per 1% move,SPEC_ONLY feature/hypothesis,Unknown sign/Greek -> unknown; do not infer capacity.,Packages; stale quotes; passive customers; corrections; sample coverage,No gain over unsigned gamma turnover or signed delta.,engine/live_flow.py; engine/flow_signing.py; scripts/live_flow_poller.py; Extends gross OIF-31; not exact alias
HF-DPF-12,"Ask versus bid quote-location imbalance is a candidate, not a validated effect",I04; I13; I14; I25; I31; R04; R07,https://github.com/mastermindx-market-intelligence/macro/blob/c9631f8b2469587dec643bec94b16e77c09ef511/research/options_intelligence/2026-10-03/options-signal-catalog.md; https://github.com/mastermindx-market-intelligence/macro/blob/c9631f8b2469587dec643bec94b16e77c09ef511/engine/live_flow.py; https://github.com/mastermindx-market-intelligence/macro/blob/c9631f8b2469587dec643bec94b16e77c09ef511/collectors/thetadata.py; https://github.com/mastermindx-market-intelligence/macro/blob/c9631f8b2469587dec643bec94b16e77c09ef511/scripts/live_flow_poller.py; https://github.com/mastermindx-market-intelligence/macro/blob/c9631f8b2469587dec643bec94b16e77c09ef511/engine/flow_signing.py; https://www.sec.gov/files/dera-hope-reasonable-prc-2503.pdf; https://www.cambridge.org/core/journals/journal-of-financial-and-quantitative-analysis/article/abs/on-inferring-the-direction-of-option-trades/FDA4541B57F78B2C8DCE129AFC25AAF0,I04: c9631f8b2469587dec643bec94b16e77c09ef511; I13: c9631f8b2469587dec643bec94b16e77c09ef511; I14: c9631f8b2469587dec643bec94b16e77c09ef511; I25: c9631f8b2469587dec643bec94b16e77c09ef511; I31: c9631f8b2469587dec643bec94b16e77c09ef511; R04: 2025-03-16 PDF; SEC hosting page 2025-04-17; R07: 2003 study; later publisher web date is not study year,2026-10-06,(premium_at_ask - premium_at_bid)/(premium_at_ask + premium_at_bid); units: dimensionless signed fraction,SPEC_ONLY feature/hypothesis,Zero denominator -> null; inside/outside/unknown shares retained.,Packages; stale quotes; passive customers; corrections; sample coverage,Disappears after quote-age and underlying-return controls.,engine/live_flow.py; engine/flow_signing.py; scripts/live_flow_poller.py; Existing live-flow measurement refinement
HF-DPF-13,"Unclassified premium fraction is a candidate, not a validated effect",I04; I13; I14; I25; I31; R04; R07,https://github.com/mastermindx-market-intelligence/macro/blob/c9631f8b2469587dec643bec94b16e77c09ef511/research/options_intelligence/2026-10-03/options-signal-catalog.md; https://github.com/mastermindx-market-intelligence/macro/blob/c9631f8b2469587dec643bec94b16e77c09ef511/engine/live_flow.py; https://github.com/mastermindx-market-intelligence/macro/blob/c9631f8b2469587dec643bec94b16e77c09ef511/collectors/thetadata.py; https://github.com/mastermindx-market-intelligence/macro/blob/c9631f8b2469587dec643bec94b16e77c09ef511/scripts/live_flow_poller.py; https://github.com/mastermindx-market-intelligence/macro/blob/c9631f8b2469587dec643bec94b16e77c09ef511/engine/flow_signing.py; https://www.sec.gov/files/dera-hope-reasonable-prc-2503.pdf; https://www.cambridge.org/core/journals/journal-of-financial-and-quantitative-analysis/article/abs/on-inferring-the-direction-of-option-trades/FDA4541B57F78B2C8DCE129AFC25AAF0,I04: c9631f8b2469587dec643bec94b16e77c09ef511; I13: c9631f8b2469587dec643bec94b16e77c09ef511; I14: c9631f8b2469587dec643bec94b16e77c09ef511; I25: c9631f8b2469587dec643bec94b16e77c09ef511; I31: c9631f8b2469587dec643bec94b16e77c09ef511; R04: 2025-03-16 PDF; SEC hosting page 2025-04-17; R07: 2003 study; later publisher web date is not study year,2026-10-06,sum_unknown q*m*option_price / sum_all_valid_source q*m*option_price; units: fraction,SPEC_ONLY feature/hypothesis,Null if source premium denominator missing; retained-source coverage not national coverage.,Packages; stale quotes; passive customers; corrections; sample coverage,Unknown fraction fails to predict error or silently removes difficult trades.,engine/live_flow.py; engine/flow_signing.py; scripts/live_flow_poller.py; OIF-06 / OIF-37 extension
HF-DPF-14,"Verified package net delta flow is a candidate, not a validated effect",I04; I13; I14; I25; I31; R04; R07,https://github.com/mastermindx-market-intelligence/macro/blob/c9631f8b2469587dec643bec94b16e77c09ef511/research/options_intelligence/2026-10-03/options-signal-catalog.md; https://github.com/mastermindx-market-intelligence/macro/blob/c9631f8b2469587dec643bec94b16e77c09ef511/engine/live_flow.py; https://github.com/mastermindx-market-intelligence/macro/blob/c9631f8b2469587dec643bec94b16e77c09ef511/collectors/thetadata.py; https://github.com/mastermindx-market-intelligence/macro/blob/c9631f8b2469587dec643bec94b16e77c09ef511/scripts/live_flow_poller.py; https://github.com/mastermindx-market-intelligence/macro/blob/c9631f8b2469587dec643bec94b16e77c09ef511/engine/flow_signing.py; https://www.sec.gov/files/dera-hope-reasonable-prc-2503.pdf; https://www.cambridge.org/core/journals/journal-of-financial-and-quantitative-analysis/article/abs/on-inferring-the-direction-of-option-trades/FDA4541B57F78B2C8DCE129AFC25AAF0,I04: c9631f8b2469587dec643bec94b16e77c09ef511; I13: c9631f8b2469587dec643bec94b16e77c09ef511; I14: c9631f8b2469587dec643bec94b16e77c09ef511; I25: c9631f8b2469587dec643bec94b16e77c09ef511; I31: c9631f8b2469587dec643bec94b16e77c09ef511; R04: 2025-03-16 PDF; SEC hosting page 2025-04-17; R07: 2003 study; later publisher web date is not study year,2026-10-06,sum_verified_packages sum_legs s_leg q_leg m_leg Delta_leg S_leg; units: USD risk equivalent,SPEC_ONLY feature/hypothesis,Unknown package or leg direction -> unclassified package; do not infer solely from timestamps.,Packages; stale quotes; passive customers; corrections; sample coverage,No improvement over leg-level flow with identical source coverage.,engine/live_flow.py; engine/flow_signing.py; scripts/live_flow_poller.py; New extension
HF-DPF-15,"Signed flow persistence is a candidate, not a validated effect",I04; I13; I14; I25; I31; R04; R07,https://github.com/mastermindx-market-intelligence/macro/blob/c9631f8b2469587dec643bec94b16e77c09ef511/research/options_intelligence/2026-10-03/options-signal-catalog.md; https://github.com/mastermindx-market-intelligence/macro/blob/c9631f8b2469587dec643bec94b16e77c09ef511/engine/live_flow.py; https://github.com/mastermindx-market-intelligence/macro/blob/c9631f8b2469587dec643bec94b16e77c09ef511/collectors/thetadata.py; https://github.com/mastermindx-market-intelligence/macro/blob/c9631f8b2469587dec643bec94b16e77c09ef511/scripts/live_flow_poller.py; https://github.com/mastermindx-market-intelligence/macro/blob/c9631f8b2469587dec643bec94b16e77c09ef511/engine/flow_signing.py; https://www.sec.gov/files/dera-hope-reasonable-prc-2503.pdf; https://www.cambridge.org/core/journals/journal-of-financial-and-quantitative-analysis/article/abs/on-inferring-the-direction-of-option-trades/FDA4541B57F78B2C8DCE129AFC25AAF0,I04: c9631f8b2469587dec643bec94b16e77c09ef511; I13: c9631f8b2469587dec643bec94b16e77c09ef511; I14: c9631f8b2469587dec643bec94b16e77c09ef511; I25: c9631f8b2469587dec643bec94b16e77c09ef511; I31: c9631f8b2469587dec643bec94b16e77c09ef511; R04: 2025-03-16 PDF; SEC hosting page 2025-04-17; R07: 2003 study; later publisher web date is not study year,2026-10-06,sum_b x_b / sum_b |x_b| for prior completed buckets x_b=DPF-10; units: dimensionless signed fraction,SPEC_ONLY feature/hypothesis,Zero sum of absolute bucket-net flows -> explicit no_net_flow; can occur despite gross trading. Missing buckets -> null/coverage.,Packages; stale quotes; passive customers; corrections; sample coverage,Time-of-day and underlying momentum explain all value.,engine/live_flow.py; engine/flow_signing.py; scripts/live_flow_poller.py; Magnitude-weighted OIF-05 variant; original sign-agreement comparator retained
HF-DPF-16,"Flow acceleration is a candidate, not a validated effect",I04; I13; I14; I25; I31; R04; R07,https://github.com/mastermindx-market-intelligence/macro/blob/c9631f8b2469587dec643bec94b16e77c09ef511/research/options_intelligence/2026-10-03/options-signal-catalog.md; https://github.com/mastermindx-market-intelligence/macro/blob/c9631f8b2469587dec643bec94b16e77c09ef511/engine/live_flow.py; https://github.com/mastermindx-market-intelligence/macro/blob/c9631f8b2469587dec643bec94b16e77c09ef511/collectors/thetadata.py; https://github.com/mastermindx-market-intelligence/macro/blob/c9631f8b2469587dec643bec94b16e77c09ef511/scripts/live_flow_poller.py; https://github.com/mastermindx-market-intelligence/macro/blob/c9631f8b2469587dec643bec94b16e77c09ef511/engine/flow_signing.py; https://www.sec.gov/files/dera-hope-reasonable-prc-2503.pdf; https://www.cambridge.org/core/journals/journal-of-financial-and-quantitative-analysis/article/abs/on-inferring-the-direction-of-option-trades/FDA4541B57F78B2C8DCE129AFC25AAF0,I04: c9631f8b2469587dec643bec94b16e77c09ef511; I13: c9631f8b2469587dec643bec94b16e77c09ef511; I14: c9631f8b2469587dec643bec94b16e77c09ef511; I25: c9631f8b2469587dec643bec94b16e77c09ef511; I31: c9631f8b2469587dec643bec94b16e77c09ef511; R04: 2025-03-16 PDF; SEC hosting page 2025-04-17; R07: 2003 study; later publisher web date is not study year,2026-10-06,OLS slope of x_b/duration_b against bucket time over trailing window; units: USD per second squared,SPEC_ONLY feature/hypothesis,Insufficient completed buckets -> null; no centered future window.,Packages; stale quotes; passive customers; corrections; sample coverage,No gain beyond current rate and lagged stock movement.,engine/live_flow.py; engine/flow_signing.py; scripts/live_flow_poller.py; New extension
HF-DPF-17,"Participant-coded MM net buy is a candidate, not a validated effect",A29; A30; A31; A33; R02; R03,https://datashop.cboe.com/cboe-options-open-close-volume-summary; https://datashop.cboe.com/documents/Open_Close_10m_Spec_v1.6.pdf; https://datashop.cboe.com/documents/Open_Close_1m_Spec_v1.5.pdf; https://cdn.cboe.com/resources/membership/Cboe_FeeSchedule.pdf; https://www.jean-sebastienfontaine.com/papers/0dte-options-volatility.pdf; https://cdn.cboe.com/resources/education/research_publications/gammasqueezes.pdf,A29: current catalog; announced changes 2026-11-08; A30: 2026-02-17; A31: 2026-03-27; A33: 2026-10-01; R02: 2026-07-15; subsumes two prior working papers; R03: 2025-01-25,2026-10-06,"Delta[MM_buy_vol_cumulative - MM_sell_vol_cumulative] per canonical series and compatible segment; _vol is contracts, _qty is trade count; units: contracts per compatible interval",SPEC_ONLY feature/hypothesis,"Missing/corrected/reset interval -> explicit gap/revision, not new trade.",Packages; stale quotes; passive customers; corrections; sample coverage,Does not improve scoped inventory measurement or forecasts over public model.,engine/live_flow.py; engine/flow_signing.py; scripts/live_flow_poller.py; New extension
HF-DPF-18,"Trade/quote age tail is a candidate, not a validated effect",I04; I13; I14; I25; I31; R04; R07,https://github.com/mastermindx-market-intelligence/macro/blob/c9631f8b2469587dec643bec94b16e77c09ef511/research/options_intelligence/2026-10-03/options-signal-catalog.md; https://github.com/mastermindx-market-intelligence/macro/blob/c9631f8b2469587dec643bec94b16e77c09ef511/engine/live_flow.py; https://github.com/mastermindx-market-intelligence/macro/blob/c9631f8b2469587dec643bec94b16e77c09ef511/collectors/thetadata.py; https://github.com/mastermindx-market-intelligence/macro/blob/c9631f8b2469587dec643bec94b16e77c09ef511/scripts/live_flow_poller.py; https://github.com/mastermindx-market-intelligence/macro/blob/c9631f8b2469587dec643bec94b16e77c09ef511/engine/flow_signing.py; https://www.sec.gov/files/dera-hope-reasonable-prc-2503.pdf; https://www.cambridge.org/core/journals/journal-of-financial-and-quantitative-analysis/article/abs/on-inferring-the-direction-of-option-trades/FDA4541B57F78B2C8DCE129AFC25AAF0,I04: c9631f8b2469587dec643bec94b16e77c09ef511; I13: c9631f8b2469587dec643bec94b16e77c09ef511; I14: c9631f8b2469587dec643bec94b16e77c09ef511; I25: c9631f8b2469587dec643bec94b16e77c09ef511; I31: c9631f8b2469587dec643bec94b16e77c09ef511; R04: 2025-03-16 PDF; SEC hosting page 2025-04-17; R07: 2003 study; later publisher web date is not study year,2026-10-06,95th percentile of trade_event_time - preceding_quote_event_time in eligible common clock; units: milliseconds,SPEC_ONLY feature/hypothesis,Unknown clock relationship -> null; receipt latency reported separately.,Packages; stale quotes; passive customers; corrections; sample coverage,Stratification does not change sign/leading-signal error.,engine/live_flow.py; engine/flow_signing.py; scripts/live_flow_poller.py; OIF-37 extension
HF-DPF-19,"Full spot-only hedge stress is a candidate, not a validated effect",I03; I04; I21; I22; I23; R14; R15,https://github.com/mastermindx-market-intelligence/macro/blob/c9631f8b2469587dec643bec94b16e77c09ef511/research/options_intelligence/2026-10-03/CONTRACTS.md; https://github.com/mastermindx-market-intelligence/macro/blob/c9631f8b2469587dec643bec94b16e77c09ef511/research/options_intelligence/2026-10-03/options-signal-catalog.md; https://github.com/mastermindx-market-intelligence/macro/blob/c9631f8b2469587dec643bec94b16e77c09ef511/engine/exposure_math.py; https://github.com/mastermindx-market-intelligence/macro/blob/c9631f8b2469587dec643bec94b16e77c09ef511/engine/intraday_greeks.py; https://github.com/mastermindx-market-intelligence/macro/blob/c9631f8b2469587dec643bec94b16e77c09ef511/engine/options_scenario_surface.py; https://doi.org/10.1016/j.jbankfin.2017.05.006; https://arxiv.org/abs/1204.0646,I03: c9631f8b2469587dec643bec94b16e77c09ef511; I04: c9631f8b2469587dec643bec94b16e77c09ef511; I21: c9631f8b2469587dec643bec94b16e77c09ef511; I22: c9631f8b2469587dec643bec94b16e77c09ef511; I23: c9631f8b2469587dec643bec94b16e77c09ef511; R14: 2017 Journal of Banking and Finance; R15: v4 2013-03-21; publication2014,2026-10-06,"H=S_star*[B(S_star,sigma0,t0,h0)-B(S0,sigma0,t0,h0)]; units: USD reference notional",SPEC_ONLY feature/hypothesis,Null if whole-book endpoint coverage fails.,Inventory sign; surface dynamics; hedge policy; missing book,Fails to add value over gamma-only approximation after equal inputs.,engine/options_scenario_surface.py; engine/intraday_greeks.py; engine/exposure_math.py; OIF-13 factor ablation
HF-DPF-20,"Full IV-only hedge stress is a candidate, not a validated effect",I03; I04; I21; I22; I23; R14; R15,https://github.com/mastermindx-market-intelligence/macro/blob/c9631f8b2469587dec643bec94b16e77c09ef511/research/options_intelligence/2026-10-03/CONTRACTS.md; https://github.com/mastermindx-market-intelligence/macro/blob/c9631f8b2469587dec643bec94b16e77c09ef511/research/options_intelligence/2026-10-03/options-signal-catalog.md; https://github.com/mastermindx-market-intelligence/macro/blob/c9631f8b2469587dec643bec94b16e77c09ef511/engine/exposure_math.py; https://github.com/mastermindx-market-intelligence/macro/blob/c9631f8b2469587dec643bec94b16e77c09ef511/engine/intraday_greeks.py; https://github.com/mastermindx-market-intelligence/macro/blob/c9631f8b2469587dec643bec94b16e77c09ef511/engine/options_scenario_surface.py; https://doi.org/10.1016/j.jbankfin.2017.05.006; https://arxiv.org/abs/1204.0646,I03: c9631f8b2469587dec643bec94b16e77c09ef511; I04: c9631f8b2469587dec643bec94b16e77c09ef511; I21: c9631f8b2469587dec643bec94b16e77c09ef511; I22: c9631f8b2469587dec643bec94b16e77c09ef511; I23: c9631f8b2469587dec643bec94b16e77c09ef511; R14: 2017 Journal of Banking and Finance; R15: v4 2013-03-21; publication2014,2026-10-06,"H=S0*[B(S0,sigma0+0.01,t0,h0)-B(S0,sigma0,t0,h0)]; units: USD per stated +1 IV-point scenario",SPEC_ONLY feature/hypothesis,Unsupported surface nodes -> explicit partial bounds or null.,Inventory sign; surface dynamics; hedge policy; missing book,Vanna/full-IV block adds nothing beyond raw IV movement.,engine/options_scenario_surface.py; engine/intraday_greeks.py; engine/exposure_math.py; OIF-13 / OIF-14 extension
HF-DPF-21,"Exact time-runoff demand is a candidate, not a validated effect",I03; I04; I21; I22; I23; R14; R15,https://github.com/mastermindx-market-intelligence/macro/blob/c9631f8b2469587dec643bec94b16e77c09ef511/research/options_intelligence/2026-10-03/CONTRACTS.md; https://github.com/mastermindx-market-intelligence/macro/blob/c9631f8b2469587dec643bec94b16e77c09ef511/research/options_intelligence/2026-10-03/options-signal-catalog.md; https://github.com/mastermindx-market-intelligence/macro/blob/c9631f8b2469587dec643bec94b16e77c09ef511/engine/exposure_math.py; https://github.com/mastermindx-market-intelligence/macro/blob/c9631f8b2469587dec643bec94b16e77c09ef511/engine/intraday_greeks.py; https://github.com/mastermindx-market-intelligence/macro/blob/c9631f8b2469587dec643bec94b16e77c09ef511/engine/options_scenario_surface.py; https://doi.org/10.1016/j.jbankfin.2017.05.006; https://arxiv.org/abs/1204.0646,I03: c9631f8b2469587dec643bec94b16e77c09ef511; I04: c9631f8b2469587dec643bec94b16e77c09ef511; I21: c9631f8b2469587dec643bec94b16e77c09ef511; I22: c9631f8b2469587dec643bec94b16e77c09ef511; I23: c9631f8b2469587dec643bec94b16e77c09ef511; R14: 2017 Journal of Banking and Finance; R15: v4 2013-03-21; publication2014,2026-10-06,"H=S0*[B(S0,sigma0,t0+h,h0)-B(S0,sigma0,t0,h0)]; units: USD per declared horizon",SPEC_ONLY feature/hypothesis,Fixing crossing -> explicit settlement transition; not tiny positive TTE.,Inventory sign; surface dynamics; hedge policy; missing book,"No incremental forecast value after gamma, time-of-day and controls.",engine/options_scenario_surface.py; engine/intraday_greeks.py; engine/exposure_math.py; OIF-15 / OIF-32 extension
HF-DPF-22,"Joint spot-vol-time-inventory demand is a candidate, not a validated effect",I03; I04; I21; I22; I23; R14; R15,https://github.com/mastermindx-market-intelligence/macro/blob/c9631f8b2469587dec643bec94b16e77c09ef511/research/options_intelligence/2026-10-03/CONTRACTS.md; https://github.com/mastermindx-market-intelligence/macro/blob/c9631f8b2469587dec643bec94b16e77c09ef511/research/options_intelligence/2026-10-03/options-signal-catalog.md; https://github.com/mastermindx-market-intelligence/macro/blob/c9631f8b2469587dec643bec94b16e77c09ef511/engine/exposure_math.py; https://github.com/mastermindx-market-intelligence/macro/blob/c9631f8b2469587dec643bec94b16e77c09ef511/engine/intraday_greeks.py; https://github.com/mastermindx-market-intelligence/macro/blob/c9631f8b2469587dec643bec94b16e77c09ef511/engine/options_scenario_surface.py; https://doi.org/10.1016/j.jbankfin.2017.05.006; https://arxiv.org/abs/1204.0646,I03: c9631f8b2469587dec643bec94b16e77c09ef511; I04: c9631f8b2469587dec643bec94b16e77c09ef511; I21: c9631f8b2469587dec643bec94b16e77c09ef511; I22: c9631f8b2469587dec643bec94b16e77c09ef511; I23: c9631f8b2469587dec643bec94b16e77c09ef511; R14: 2017 Journal of Banking and Finance; R15: v4 2013-03-21; publication2014,2026-10-06,"H=S_star*[B(S_star,sigma_star,t_star,h_star)-B(S0,sigma0,t0,h0)]; units: USD reference notional",SPEC_ONLY feature/hypothesis,Missing h_star -> scenario family; no fabricated expectation.,Inventory sign; surface dynamics; hedge policy; missing book,Does not beat simpler flow/gamma/liquidity model out of sample.,engine/options_scenario_surface.py; engine/intraday_greeks.py; engine/exposure_math.py; OIF-13 expanded inventory contract
HF-DPF-23,"Local vanna diagnostic is a candidate, not a validated effect",I03; I04; I21; I22; I23; R14; R15,https://github.com/mastermindx-market-intelligence/macro/blob/c9631f8b2469587dec643bec94b16e77c09ef511/research/options_intelligence/2026-10-03/CONTRACTS.md; https://github.com/mastermindx-market-intelligence/macro/blob/c9631f8b2469587dec643bec94b16e77c09ef511/research/options_intelligence/2026-10-03/options-signal-catalog.md; https://github.com/mastermindx-market-intelligence/macro/blob/c9631f8b2469587dec643bec94b16e77c09ef511/engine/exposure_math.py; https://github.com/mastermindx-market-intelligence/macro/blob/c9631f8b2469587dec643bec94b16e77c09ef511/engine/intraday_greeks.py; https://github.com/mastermindx-market-intelligence/macro/blob/c9631f8b2469587dec643bec94b16e77c09ef511/engine/options_scenario_surface.py; https://doi.org/10.1016/j.jbankfin.2017.05.006; https://arxiv.org/abs/1204.0646,I03: c9631f8b2469587dec643bec94b16e77c09ef511; I04: c9631f8b2469587dec643bec94b16e77c09ef511; I21: c9631f8b2469587dec643bec94b16e77c09ef511; I22: c9631f8b2469587dec643bec94b16e77c09ef511; I23: c9631f8b2469587dec643bec94b16e77c09ef511; R14: 2017 Journal of Banking and Finance; R15: v4 2013-03-21; publication2014,2026-10-06,-S0*sum_i h_i m_i Vanna_i*0.01; units: USD per +1 IV-point local change,SPEC_ONLY feature/hypothesis,"Missing vanna -> null, never zero.",Inventory sign; surface dynamics; hedge policy; missing book,Wrong sign/large residual versus independent endpoint repricing.,engine/options_scenario_surface.py; engine/intraday_greeks.py; engine/exposure_math.py; OIF-14 alias under identical convention
HF-DPF-24,"Local hedge elasticity is a candidate, not a validated effect",I03; I04; I21; I22; I23; R14; R15,https://github.com/mastermindx-market-intelligence/macro/blob/c9631f8b2469587dec643bec94b16e77c09ef511/research/options_intelligence/2026-10-03/CONTRACTS.md; https://github.com/mastermindx-market-intelligence/macro/blob/c9631f8b2469587dec643bec94b16e77c09ef511/research/options_intelligence/2026-10-03/options-signal-catalog.md; https://github.com/mastermindx-market-intelligence/macro/blob/c9631f8b2469587dec643bec94b16e77c09ef511/engine/exposure_math.py; https://github.com/mastermindx-market-intelligence/macro/blob/c9631f8b2469587dec643bec94b16e77c09ef511/engine/intraday_greeks.py; https://github.com/mastermindx-market-intelligence/macro/blob/c9631f8b2469587dec643bec94b16e77c09ef511/engine/options_scenario_surface.py; https://doi.org/10.1016/j.jbankfin.2017.05.006; https://arxiv.org/abs/1204.0646,I03: c9631f8b2469587dec643bec94b16e77c09ef511; I04: c9631f8b2469587dec643bec94b16e77c09ef511; I21: c9631f8b2469587dec643bec94b16e77c09ef511; I22: c9631f8b2469587dec643bec94b16e77c09ef511; I23: c9631f8b2469587dec643bec94b16e77c09ef511; R14: 2017 Journal of Banking and Finance; R15: v4 2013-03-21; publication2014,2026-10-06,dB/dS=-sum_i h_i m_i Gamma_i; units: underlying-equivalent units per price point,SPEC_ONLY feature/hypothesis,Unknown inventory/Greek -> scenario/null.,Inventory sign; surface dynamics; hedge policy; missing book,Response fails finite-difference sign/unit witness or adds no forecast value.,engine/options_scenario_surface.py; engine/intraday_greeks.py; engine/exposure_math.py; OIF-11/12 derivative interpretation
HF-DPF-25,"Linearization residual is a candidate, not a validated effect",I03; I04; I21; I22; I23; R14; R15,https://github.com/mastermindx-market-intelligence/macro/blob/c9631f8b2469587dec643bec94b16e77c09ef511/research/options_intelligence/2026-10-03/CONTRACTS.md; https://github.com/mastermindx-market-intelligence/macro/blob/c9631f8b2469587dec643bec94b16e77c09ef511/research/options_intelligence/2026-10-03/options-signal-catalog.md; https://github.com/mastermindx-market-intelligence/macro/blob/c9631f8b2469587dec643bec94b16e77c09ef511/engine/exposure_math.py; https://github.com/mastermindx-market-intelligence/macro/blob/c9631f8b2469587dec643bec94b16e77c09ef511/engine/intraday_greeks.py; https://github.com/mastermindx-market-intelligence/macro/blob/c9631f8b2469587dec643bec94b16e77c09ef511/engine/options_scenario_surface.py; https://doi.org/10.1016/j.jbankfin.2017.05.006; https://arxiv.org/abs/1204.0646,I03: c9631f8b2469587dec643bec94b16e77c09ef511; I04: c9631f8b2469587dec643bec94b16e77c09ef511; I21: c9631f8b2469587dec643bec94b16e77c09ef511; I22: c9631f8b2469587dec643bec94b16e77c09ef511; I23: c9631f8b2469587dec643bec94b16e77c09ef511; R14: 2017 Journal of Banking and Finance; R15: v4 2013-03-21; publication2014,2026-10-06,H_exact - H_gamma_vanna_charm; units: USD reference notional,SPEC_ONLY feature/hypothesis,Relative error null near zero reference; absolute residual retained.,Inventory sign; surface dynamics; hedge policy; missing book,Residual stays within useful tolerance and full repricing offers no gain.,engine/options_scenario_surface.py; engine/intraday_greeks.py; engine/exposure_math.py; New extension
HF-DPF-26,"Surface-convention dispersion is a candidate, not a validated effect",I03; I04; I21; I22; I23; R14; R15,https://github.com/mastermindx-market-intelligence/macro/blob/c9631f8b2469587dec643bec94b16e77c09ef511/research/options_intelligence/2026-10-03/CONTRACTS.md; https://github.com/mastermindx-market-intelligence/macro/blob/c9631f8b2469587dec643bec94b16e77c09ef511/research/options_intelligence/2026-10-03/options-signal-catalog.md; https://github.com/mastermindx-market-intelligence/macro/blob/c9631f8b2469587dec643bec94b16e77c09ef511/engine/exposure_math.py; https://github.com/mastermindx-market-intelligence/macro/blob/c9631f8b2469587dec643bec94b16e77c09ef511/engine/intraday_greeks.py; https://github.com/mastermindx-market-intelligence/macro/blob/c9631f8b2469587dec643bec94b16e77c09ef511/engine/options_scenario_surface.py; https://doi.org/10.1016/j.jbankfin.2017.05.006; https://arxiv.org/abs/1204.0646,I03: c9631f8b2469587dec643bec94b16e77c09ef511; I04: c9631f8b2469587dec643bec94b16e77c09ef511; I21: c9631f8b2469587dec643bec94b16e77c09ef511; I22: c9631f8b2469587dec643bec94b16e77c09ef511; I23: c9631f8b2469587dec643bec94b16e77c09ef511; R14: 2017 Journal of Banking and Finance; R15: v4 2013-03-21; publication2014,2026-10-06,max_model H_model - min_model H_model over fixed/sticky/learned eligible surfaces; units: USD reference notional,SPEC_ONLY feature/hypothesis,Fewer than2 qualified alternatives -> unavailable dispersion; not zero.,Inventory sign; surface dynamics; hedge policy; missing book,Disagreement does not stratify forecast error and costly models add no value.,engine/options_scenario_surface.py; engine/intraday_greeks.py; engine/exposure_math.py; New extension
HF-DPF-27,"Same-day-expiry activity share is a candidate, not a validated effect",I04; I05; I14; I22; R02; R03,https://github.com/mastermindx-market-intelligence/macro/blob/c9631f8b2469587dec643bec94b16e77c09ef511/research/options_intelligence/2026-10-03/options-signal-catalog.md; https://github.com/mastermindx-market-intelligence/macro/blob/c9631f8b2469587dec643bec94b16e77c09ef511/research/options_intelligence/2026-10-03/options-near-expiry-spec.md; https://github.com/mastermindx-market-intelligence/macro/blob/c9631f8b2469587dec643bec94b16e77c09ef511/collectors/thetadata.py; https://github.com/mastermindx-market-intelligence/macro/blob/c9631f8b2469587dec643bec94b16e77c09ef511/engine/intraday_greeks.py; https://www.jean-sebastienfontaine.com/papers/0dte-options-volatility.pdf; https://cdn.cboe.com/resources/education/research_publications/gammasqueezes.pdf,I04: c9631f8b2469587dec643bec94b16e77c09ef511; I05: c9631f8b2469587dec643bec94b16e77c09ef511; I14: c9631f8b2469587dec643bec94b16e77c09ef511; I22: c9631f8b2469587dec643bec94b16e77c09ef511; R02: 2026-07-15; subsumes two prior working papers; R03: 2025-01-25,2026-10-06,sum_0DTE q*m / sum_all_same_root q*m; units: fraction,SPEC_ONLY feature/hypothesis,Null if same-root denominator zero/incomplete.,TTE floors; inherited positions; fixing/assignment; price precision,No incremental effect after time-of-day and total activity.,engine/intraday_greeks.py; engine/options_structure_intraday.py; existing flow owner; OIF-29 alias with same cohort
HF-DPF-28,"Near-spot 0DTE gamma fraction is a candidate, not a validated effect",I04; I05; I14; I22; R02; R03,https://github.com/mastermindx-market-intelligence/macro/blob/c9631f8b2469587dec643bec94b16e77c09ef511/research/options_intelligence/2026-10-03/options-signal-catalog.md; https://github.com/mastermindx-market-intelligence/macro/blob/c9631f8b2469587dec643bec94b16e77c09ef511/research/options_intelligence/2026-10-03/options-near-expiry-spec.md; https://github.com/mastermindx-market-intelligence/macro/blob/c9631f8b2469587dec643bec94b16e77c09ef511/collectors/thetadata.py; https://github.com/mastermindx-market-intelligence/macro/blob/c9631f8b2469587dec643bec94b16e77c09ef511/engine/intraday_greeks.py; https://www.jean-sebastienfontaine.com/papers/0dte-options-volatility.pdf; https://cdn.cboe.com/resources/education/research_publications/gammasqueezes.pdf,I04: c9631f8b2469587dec643bec94b16e77c09ef511; I05: c9631f8b2469587dec643bec94b16e77c09ef511; I14: c9631f8b2469587dec643bec94b16e77c09ef511; I22: c9631f8b2469587dec643bec94b16e77c09ef511; R02: 2026-07-15; subsumes two prior working papers; R03: 2025-01-25,2026-10-06,"sum_0DTE,|log(K/S)|<=0.005 |h|m Gamma / sum_0DTE |h|m Gamma; units: fraction",SPEC_ONLY feature/hypothesis,Zero/unknown denominator -> null; missing book bound explicit.,TTE floors; inherited positions; fixing/assignment; price precision,Matched concentration/distance baselines perform equally.,engine/intraday_greeks.py; engine/options_structure_intraday.py; existing flow owner; OIF-33 refinement; h assumption preserved
HF-DPF-29,"Exact sixty-second runoff velocity is a candidate, not a validated effect",I04; I05; I14; I22; R02; R03,https://github.com/mastermindx-market-intelligence/macro/blob/c9631f8b2469587dec643bec94b16e77c09ef511/research/options_intelligence/2026-10-03/options-signal-catalog.md; https://github.com/mastermindx-market-intelligence/macro/blob/c9631f8b2469587dec643bec94b16e77c09ef511/research/options_intelligence/2026-10-03/options-near-expiry-spec.md; https://github.com/mastermindx-market-intelligence/macro/blob/c9631f8b2469587dec643bec94b16e77c09ef511/collectors/thetadata.py; https://github.com/mastermindx-market-intelligence/macro/blob/c9631f8b2469587dec643bec94b16e77c09ef511/engine/intraday_greeks.py; https://www.jean-sebastienfontaine.com/papers/0dte-options-volatility.pdf; https://cdn.cboe.com/resources/education/research_publications/gammasqueezes.pdf,I04: c9631f8b2469587dec643bec94b16e77c09ef511; I05: c9631f8b2469587dec643bec94b16e77c09ef511; I14: c9631f8b2469587dec643bec94b16e77c09ef511; I22: c9631f8b2469587dec643bec94b16e77c09ef511; R02: 2026-07-15; subsumes two prior working papers; R03: 2025-01-25,2026-10-06,-sum_0DTE h*m*[Delta(t+60s)-Delta(t)]/60; units: underlying-equivalent units per second,SPEC_ONLY feature/hypothesis,"At/inside60s fixing margin use explicit transition, not clipped formula.",TTE floors; inherited positions; fixing/assignment; price precision,Local charm is adequate or no incremental predictive value.,engine/intraday_greeks.py; engine/options_structure_intraday.py; existing flow owner; OIF-32 alias plus unit conversion
HF-DPF-30,"Classified 0DTE signed dollar delta is a candidate, not a validated effect",I04; I05; I14; I22; R02; R03,https://github.com/mastermindx-market-intelligence/macro/blob/c9631f8b2469587dec643bec94b16e77c09ef511/research/options_intelligence/2026-10-03/options-signal-catalog.md; https://github.com/mastermindx-market-intelligence/macro/blob/c9631f8b2469587dec643bec94b16e77c09ef511/research/options_intelligence/2026-10-03/options-near-expiry-spec.md; https://github.com/mastermindx-market-intelligence/macro/blob/c9631f8b2469587dec643bec94b16e77c09ef511/collectors/thetadata.py; https://github.com/mastermindx-market-intelligence/macro/blob/c9631f8b2469587dec643bec94b16e77c09ef511/engine/intraday_greeks.py; https://www.jean-sebastienfontaine.com/papers/0dte-options-volatility.pdf; https://cdn.cboe.com/resources/education/research_publications/gammasqueezes.pdf,I04: c9631f8b2469587dec643bec94b16e77c09ef511; I05: c9631f8b2469587dec643bec94b16e77c09ef511; I14: c9631f8b2469587dec643bec94b16e77c09ef511; I22: c9631f8b2469587dec643bec94b16e77c09ef511; R02: 2026-07-15; subsumes two prior working papers; R03: 2025-01-25,2026-10-06,sum_0DTE a*q*m*Delta*S; units: USD risk equivalent,SPEC_ONLY feature/hypothesis,Unknown sign/Greek -> abstain with coverage.,TTE floors; inherited positions; fixing/assignment; price precision,Adds no value beyond all-expiry flow and underlying returns.,engine/intraday_greeks.py; engine/options_structure_intraday.py; existing flow owner; OIF-30 alias
HF-DPF-31,"Inventory-induced hedge uncertainty is a candidate, not a validated effect",I04; I05; I14; I22; R02; R03,https://github.com/mastermindx-market-intelligence/macro/blob/c9631f8b2469587dec643bec94b16e77c09ef511/research/options_intelligence/2026-10-03/options-signal-catalog.md; https://github.com/mastermindx-market-intelligence/macro/blob/c9631f8b2469587dec643bec94b16e77c09ef511/research/options_intelligence/2026-10-03/options-near-expiry-spec.md; https://github.com/mastermindx-market-intelligence/macro/blob/c9631f8b2469587dec643bec94b16e77c09ef511/collectors/thetadata.py; https://github.com/mastermindx-market-intelligence/macro/blob/c9631f8b2469587dec643bec94b16e77c09ef511/engine/intraday_greeks.py; https://www.jean-sebastienfontaine.com/papers/0dte-options-volatility.pdf; https://cdn.cboe.com/resources/education/research_publications/gammasqueezes.pdf,I04: c9631f8b2469587dec643bec94b16e77c09ef511; I05: c9631f8b2469587dec643bec94b16e77c09ef511; I14: c9631f8b2469587dec643bec94b16e77c09ef511; I22: c9631f8b2469587dec643bec94b16e77c09ef511; R02: 2026-07-15; subsumes two prior working papers; R03: 2025-01-25,2026-10-06,quantile_0.95(H_h)-quantile_0.05(H_h) under defined inventory posterior; units: USD reference notional,SPEC_ONLY feature/hypothesis,No calibrated posterior -> min/max scenario range labeled nonprobabilistic.,TTE floors; inherited positions; fixing/assignment; price precision,Intervals miscalibrated against scoped labels or fail useful error stratification.,engine/intraday_greeks.py; engine/options_structure_intraday.py; existing flow owner; New extension
HF-DPF-32,"Fixing-clock margin is a candidate, not a validated effect",I04; I05; I14; I22; R02; R03,https://github.com/mastermindx-market-intelligence/macro/blob/c9631f8b2469587dec643bec94b16e77c09ef511/research/options_intelligence/2026-10-03/options-signal-catalog.md; https://github.com/mastermindx-market-intelligence/macro/blob/c9631f8b2469587dec643bec94b16e77c09ef511/research/options_intelligence/2026-10-03/options-near-expiry-spec.md; https://github.com/mastermindx-market-intelligence/macro/blob/c9631f8b2469587dec643bec94b16e77c09ef511/collectors/thetadata.py; https://github.com/mastermindx-market-intelligence/macro/blob/c9631f8b2469587dec643bec94b16e77c09ef511/engine/intraday_greeks.py; https://www.jean-sebastienfontaine.com/papers/0dte-options-volatility.pdf; https://cdn.cboe.com/resources/education/research_publications/gammasqueezes.pdf,I04: c9631f8b2469587dec643bec94b16e77c09ef511; I05: c9631f8b2469587dec643bec94b16e77c09ef511; I14: c9631f8b2469587dec643bec94b16e77c09ef511; I22: c9631f8b2469587dec643bec94b16e77c09ef511; R02: 2026-07-15; subsumes two prior working papers; R03: 2025-01-25,2026-10-06,"economic_fixing_time - decision_time, plus last-tradable/exercise state; units: seconds; categorical state",SPEC_ONLY feature/hypothesis,"Unknown/variable AM fixing -> fixing_pending state, not a guessed timestamp.",TTE floors; inherited positions; fixing/assignment; price precision,Wrong calendar/reference recreates false Greeks or unsupported trading state.,engine/intraday_greeks.py; engine/options_structure_intraday.py; existing flow owner; OIF-40 / near-expiry clock extension
HF-DPF-33,"Remaining total implied variance is a candidate, not a validated effect",I04; I05; I14; I22; R02; R03,https://github.com/mastermindx-market-intelligence/macro/blob/c9631f8b2469587dec643bec94b16e77c09ef511/research/options_intelligence/2026-10-03/options-signal-catalog.md; https://github.com/mastermindx-market-intelligence/macro/blob/c9631f8b2469587dec643bec94b16e77c09ef511/research/options_intelligence/2026-10-03/options-near-expiry-spec.md; https://github.com/mastermindx-market-intelligence/macro/blob/c9631f8b2469587dec643bec94b16e77c09ef511/collectors/thetadata.py; https://github.com/mastermindx-market-intelligence/macro/blob/c9631f8b2469587dec643bec94b16e77c09ef511/engine/intraday_greeks.py; https://www.jean-sebastienfontaine.com/papers/0dte-options-volatility.pdf; https://cdn.cboe.com/resources/education/research_publications/gammasqueezes.pdf,I04: c9631f8b2469587dec643bec94b16e77c09ef511; I05: c9631f8b2469587dec643bec94b16e77c09ef511; I14: c9631f8b2469587dec643bec94b16e77c09ef511; I22: c9631f8b2469587dec643bec94b16e77c09ef511; R02: 2026-07-15; subsumes two prior working papers; R03: 2025-01-25,2026-10-06,sigma_i^2 * tau_i in declared annualization convention; units: dimensionless total variance,SPEC_ONLY feature/hypothesis,Invalid bid/ask/model/TTE -> null; no forced sigma=0.,TTE floors; inherited positions; fixing/assignment; price precision,No diagnostic improvement over explicit exact-time price residuals.,engine/intraday_greeks.py; engine/options_structure_intraday.py; existing flow owner; New extension
HF-DPF-34,"Exact-time joint IV and Greek discrepancy is a candidate, not a validated effect",I04; I05; I14; I22; R02; R03,https://github.com/mastermindx-market-intelligence/macro/blob/c9631f8b2469587dec643bec94b16e77c09ef511/research/options_intelligence/2026-10-03/options-signal-catalog.md; https://github.com/mastermindx-market-intelligence/macro/blob/c9631f8b2469587dec643bec94b16e77c09ef511/research/options_intelligence/2026-10-03/options-near-expiry-spec.md; https://github.com/mastermindx-market-intelligence/macro/blob/c9631f8b2469587dec643bec94b16e77c09ef511/collectors/thetadata.py; https://github.com/mastermindx-market-intelligence/macro/blob/c9631f8b2469587dec643bec94b16e77c09ef511/engine/intraday_greeks.py; https://www.jean-sebastienfontaine.com/papers/0dte-options-volatility.pdf; https://cdn.cboe.com/resources/education/research_publications/gammasqueezes.pdf,I04: c9631f8b2469587dec643bec94b16e77c09ef511; I05: c9631f8b2469587dec643bec94b16e77c09ef511; I14: c9631f8b2469587dec643bec94b16e77c09ef511; I22: c9631f8b2469587dec643bec94b16e77c09ef511; R02: 2026-07-15; subsumes two prior working papers; R03: 2025-01-25,2026-10-06,"(IV_floor-IV_exact, Greeks_floor-Greeks_exact), Greeks=(delta,gamma,vanna,charm), plus separately labeled fixed-IV sensitivity comparison; units: IV decimal points and native declared Greek units; advancing-calendar charm",SPEC_ONLY feature/hypothesis,Unavailable exact fixing or executable price -> null.,TTE floors; inherited positions; fixing/assignment; price precision,A universal scalar correction fails paired-price and exact-clock numerical witnesses.,engine/intraday_greeks.py; engine/options_structure_intraday.py; existing flow owner; OIF-34 joint diagnostic retained; floor-minus-exact convention
HF-DPF-35,"SPX versus SPY demand divergence is a candidate, not a validated effect",I03; I21; I23; IPR8451,https://github.com/mastermindx-market-intelligence/macro/blob/c9631f8b2469587dec643bec94b16e77c09ef511/research/options_intelligence/2026-10-03/CONTRACTS.md; https://github.com/mastermindx-market-intelligence/macro/blob/c9631f8b2469587dec643bec94b16e77c09ef511/engine/exposure_math.py; https://github.com/mastermindx-market-intelligence/macro/blob/c9631f8b2469587dec643bec94b16e77c09ef511/engine/options_scenario_surface.py; https://github.com/mastermindx-market-intelligence/macro/pull/8451,I03: c9631f8b2469587dec643bec94b16e77c09ef511; I21: c9631f8b2469587dec643bec94b16e77c09ef511; I23: c9631f8b2469587dec643bec94b16e77c09ef511; IPR8451: 2026-10-04T22:46:34Z,2026-10-06,"H_SPX/GrossH_SPX - H_SPY/GrossH_SPY using same shock,horizon,factor and covered gross cohort demand; units: dimensionless signed difference",SPEC_ONLY feature/hypothesis,Any gross denominator zero/unknown -> null; show native H values.,Basis; beta instability; OTC omissions; duplicate exposures; settlement,Disappears under synchronized prices/basis or adds no value.,engine/exposure_math.py; existing options owner; Data OS / Macro #8451; New extension
HF-DPF-36,"ES-equivalent target change is a candidate, not a validated effect",I03; I21; I23; IPR8451,https://github.com/mastermindx-market-intelligence/macro/blob/c9631f8b2469587dec643bec94b16e77c09ef511/research/options_intelligence/2026-10-03/CONTRACTS.md; https://github.com/mastermindx-market-intelligence/macro/blob/c9631f8b2469587dec643bec94b16e77c09ef511/engine/exposure_math.py; https://github.com/mastermindx-market-intelligence/macro/blob/c9631f8b2469587dec643bec94b16e77c09ef511/engine/options_scenario_surface.py; https://github.com/mastermindx-market-intelligence/macro/pull/8451,I03: c9631f8b2469587dec643bec94b16e77c09ef511; I21: c9631f8b2469587dec643bec94b16e77c09ef511; I23: c9631f8b2469587dec643bec94b16e77c09ef511; IPR8451: 2026-10-04T22:46:34Z,2026-10-06,"n_ES(x1)-n_ES(x0), n_ES=-sum_i h_i*m_i*Delta_i*dU_i/dI /(50*dF_ES/dI); units: ES contracts",SPEC_ONLY feature/hypothesis,Missing conversion/contract/roll -> null; SPX not treated as shares.,Basis; beta instability; OTC omissions; duplicate exposures; settlement,Residual basis risk dominates or cross-product model fails single-product baseline.,engine/exposure_math.py; existing options owner; Data OS / Macro #8451; New extension
HF-DPF-37,"NQ-equivalent target change is a candidate, not a validated effect",I03; I21; I23; IPR8451,https://github.com/mastermindx-market-intelligence/macro/blob/c9631f8b2469587dec643bec94b16e77c09ef511/research/options_intelligence/2026-10-03/CONTRACTS.md; https://github.com/mastermindx-market-intelligence/macro/blob/c9631f8b2469587dec643bec94b16e77c09ef511/engine/exposure_math.py; https://github.com/mastermindx-market-intelligence/macro/blob/c9631f8b2469587dec643bec94b16e77c09ef511/engine/options_scenario_surface.py; https://github.com/mastermindx-market-intelligence/macro/pull/8451,I03: c9631f8b2469587dec643bec94b16e77c09ef511; I21: c9631f8b2469587dec643bec94b16e77c09ef511; I23: c9631f8b2469587dec643bec94b16e77c09ef511; IPR8451: 2026-10-04T22:46:34Z,2026-10-06,"n_NQ(x1)-n_NQ(x0), n_NQ=-sum_i h_i*m_i*Delta_i*dU_i/dI /(20*dF_NQ/dI); units: NQ contracts",SPEC_ONLY feature/hypothesis,Missing admitted Nasdaq source -> unavailable; no SPX beta substitution.,Basis; beta instability; OTC omissions; duplicate exposures; settlement,No incremental value after residual-risk and liquidity adjustment.,engine/exposure_math.py; existing options owner; Data OS / Macro #8451; New extension
HF-DPF-38,"Futures/index basis residual is a candidate, not a validated effect",I03; I21; I23; IPR8451,https://github.com/mastermindx-market-intelligence/macro/blob/c9631f8b2469587dec643bec94b16e77c09ef511/research/options_intelligence/2026-10-03/CONTRACTS.md; https://github.com/mastermindx-market-intelligence/macro/blob/c9631f8b2469587dec643bec94b16e77c09ef511/engine/exposure_math.py; https://github.com/mastermindx-market-intelligence/macro/blob/c9631f8b2469587dec643bec94b16e77c09ef511/engine/options_scenario_surface.py; https://github.com/mastermindx-market-intelligence/macro/pull/8451,I03: c9631f8b2469587dec643bec94b16e77c09ef511; I21: c9631f8b2469587dec643bec94b16e77c09ef511; I23: c9631f8b2469587dec643bec94b16e77c09ef511; IPR8451: 2026-10-04T22:46:34Z,2026-10-06,F_t - I_t*exp((r-q)*(T_f-t)); empirical alternative F_t-alpha_t-beta_t*ETF_t; units: native index points,SPEC_ONLY feature/hypothesis,Unsynchronized source/carry -> null; train alpha/beta before decision.,Basis; beta instability; OTC omissions; duplicate exposures; settlement,Apparent signal is stale-reference or roll artifact.,engine/exposure_math.py; existing options owner; Data OS / Macro #8451; New extension
HF-DPF-39,"Joint product coverage is a candidate, not a validated effect",I03; I21; I23; IPR8451,https://github.com/mastermindx-market-intelligence/macro/blob/c9631f8b2469587dec643bec94b16e77c09ef511/research/options_intelligence/2026-10-03/CONTRACTS.md; https://github.com/mastermindx-market-intelligence/macro/blob/c9631f8b2469587dec643bec94b16e77c09ef511/engine/exposure_math.py; https://github.com/mastermindx-market-intelligence/macro/blob/c9631f8b2469587dec643bec94b16e77c09ef511/engine/options_scenario_surface.py; https://github.com/mastermindx-market-intelligence/macro/pull/8451,I03: c9631f8b2469587dec643bec94b16e77c09ef511; I21: c9631f8b2469587dec643bec94b16e77c09ef511; I23: c9631f8b2469587dec643bec94b16e77c09ef511; IPR8451: 2026-10-04T22:46:34Z,2026-10-06,eligible canonical contracts / expected contracts from admitted population manifest; interval receipt coverage separately; units: fractions with denominator identities,SPEC_ONLY feature/hypothesis,Unknown expected universe -> unknown coverage; risk coverage only with excluded-risk bounds.,Basis; beta instability; OTC omissions; duplicate exposures; settlement,Coverage claims fail manifest reconciliation or systematically omit high-risk contracts.,engine/exposure_math.py; existing options owner; Data OS / Macro #8451; New extension
HF-DPF-40,"Cross-product net-to-gross demand is a candidate, not a validated effect",I03; I21; I23; IPR8451,https://github.com/mastermindx-market-intelligence/macro/blob/c9631f8b2469587dec643bec94b16e77c09ef511/research/options_intelligence/2026-10-03/CONTRACTS.md; https://github.com/mastermindx-market-intelligence/macro/blob/c9631f8b2469587dec643bec94b16e77c09ef511/engine/exposure_math.py; https://github.com/mastermindx-market-intelligence/macro/blob/c9631f8b2469587dec643bec94b16e77c09ef511/engine/options_scenario_surface.py; https://github.com/mastermindx-market-intelligence/macro/pull/8451,I03: c9631f8b2469587dec643bec94b16e77c09ef511; I21: c9631f8b2469587dec643bec94b16e77c09ef511; I23: c9631f8b2469587dec643bec94b16e77c09ef511; IPR8451: 2026-10-04T22:46:34Z,2026-10-06,abs(sum_p H_p) / sum_p abs(H_p) in one common factor and horizon; units: fraction,SPEC_ONLY feature/hypothesis,Zero complete gross -> zero-flow state; unknown coverage -> null.,Basis; beta instability; OTC omissions; duplicate exposures; settlement,Apparent netting fails hedge-allocation/residual-risk tests.,engine/exposure_math.py; existing options owner; Data OS / Macro #8451; New extension
HF-DPF-41,"Best-level order-flow imbalance is a candidate, not a validated effect",I08; I10; IPR8451; R01; R10; R11,https://github.com/mastermindx-market-intelligence/macro/blob/c9631f8b2469587dec643bec94b16e77c09ef511/research/market_microstructure/commission15/COMMISSION_15_HARDENED_REPORT.md; https://github.com/mastermindx-market-intelligence/macro/blob/c9631f8b2469587dec643bec94b16e77c09ef511/research/market_microstructure/commission15/VALIDATION_PROTOCOL.md; https://github.com/mastermindx-market-intelligence/macro/pull/8451; https://abarbon.com/papers/gamma-fragility; https://arxiv.org/abs/1011.6402; https://arxiv.org/abs/1104.4596,I08: c9631f8b2469587dec643bec94b16e77c09ef511; I10: c9631f8b2469587dec643bec94b16e77c09ef511; IPR8451: 2026-10-04T22:46:34Z; R01: 2021-03-19 author revision; SSRN predecessor distinguished; R10: preprint v3 2011-04-13; journal2014; R11: 2011 preprint; publication2013,2026-10-06,sum_n[1(b_n>=b_prev)qB_n-1(b_n<=b_prev)qB_prev-1(a_n<=a_prev)qA_n+1(a_n>=a_prev)qA_prev]; units: shares or futures contracts,SPEC_ONLY feature/hypothesis,"No continuous eligible quote events -> unavailable, never OHLCV substitute.",Cancellations; hidden liquidity; news; endogenous flow; feed gaps,"No incremental value over signed trades, depth and returns.",Existing Quote Plane and Data OS; Macro #8451; incumbent evaluation owner; New extension
HF-DPF-42,"Depth imbalance is a candidate, not a validated effect",I08; I10; IPR8451; R01; R10; R11,https://github.com/mastermindx-market-intelligence/macro/blob/c9631f8b2469587dec643bec94b16e77c09ef511/research/market_microstructure/commission15/COMMISSION_15_HARDENED_REPORT.md; https://github.com/mastermindx-market-intelligence/macro/blob/c9631f8b2469587dec643bec94b16e77c09ef511/research/market_microstructure/commission15/VALIDATION_PROTOCOL.md; https://github.com/mastermindx-market-intelligence/macro/pull/8451; https://abarbon.com/papers/gamma-fragility; https://arxiv.org/abs/1011.6402; https://arxiv.org/abs/1104.4596,I08: c9631f8b2469587dec643bec94b16e77c09ef511; I10: c9631f8b2469587dec643bec94b16e77c09ef511; IPR8451: 2026-10-04T22:46:34Z; R01: 2021-03-19 author revision; SSRN predecessor distinguished; R10: preprint v3 2011-04-13; journal2014; R11: 2011 preprint; publication2013,2026-10-06,(D_bid(epsilon)-D_ask(epsilon))/(D_bid(epsilon)+D_ask(epsilon)); units: dimensionless signed fraction,SPEC_ONLY feature/hypothesis,Zero/unknown depth -> null; band and venue coverage explicit.,Cancellations; hidden liquidity; news; endogenous flow; feed gaps,Cancels/spoof-like ephemeral quotes or market controls explain effect.,Existing Quote Plane and Data OS; Macro #8451; incumbent evaluation owner; New extension
HF-DPF-43,"Trailing depth depletion is a candidate, not a validated effect",I08; I10; IPR8451; R01; R10; R11,https://github.com/mastermindx-market-intelligence/macro/blob/c9631f8b2469587dec643bec94b16e77c09ef511/research/market_microstructure/commission15/COMMISSION_15_HARDENED_REPORT.md; https://github.com/mastermindx-market-intelligence/macro/blob/c9631f8b2469587dec643bec94b16e77c09ef511/research/market_microstructure/commission15/VALIDATION_PROTOCOL.md; https://github.com/mastermindx-market-intelligence/macro/pull/8451; https://abarbon.com/papers/gamma-fragility; https://arxiv.org/abs/1011.6402; https://arxiv.org/abs/1104.4596,I08: c9631f8b2469587dec643bec94b16e77c09ef511; I10: c9631f8b2469587dec643bec94b16e77c09ef511; IPR8451: 2026-10-04T22:46:34Z; R01: 2021-03-19 author revision; SSRN predecessor distinguished; R10: preprint v3 2011-04-13; journal2014; R11: 2011 preprint; publication2013,2026-10-06,"max(0,D_side(t-w)-D_side(t))/D_side(t-w); units: fraction per fixed trailing window",SPEC_ONLY feature/hypothesis,Missing book interval or initial zero -> null.,Cancellations; hidden liquidity; news; endogenous flow; feed gaps,No incremental value after contemporaneous return/OFI; cancels confound.,Existing Quote Plane and Data OS; Macro #8451; incumbent evaluation owner; New extension
HF-DPF-44,"Matured replenishment ratio is a candidate, not a validated effect",I08; I10; IPR8451; R01; R10; R11,https://github.com/mastermindx-market-intelligence/macro/blob/c9631f8b2469587dec643bec94b16e77c09ef511/research/market_microstructure/commission15/COMMISSION_15_HARDENED_REPORT.md; https://github.com/mastermindx-market-intelligence/macro/blob/c9631f8b2469587dec643bec94b16e77c09ef511/research/market_microstructure/commission15/VALIDATION_PROTOCOL.md; https://github.com/mastermindx-market-intelligence/macro/pull/8451; https://abarbon.com/papers/gamma-fragility; https://arxiv.org/abs/1011.6402; https://arxiv.org/abs/1104.4596,I08: c9631f8b2469587dec643bec94b16e77c09ef511; I10: c9631f8b2469587dec643bec94b16e77c09ef511; IPR8451: 2026-10-04T22:46:34Z; R01: 2021-03-19 author revision; SSRN predecessor distinguished; R10: preprint v3 2011-04-13; journal2014; R11: 2011 preprint; publication2013,2026-10-06,(D_side(tau+h)-D_min_event)/D_pre_event for depletion episodes with tau+h<=t; units: fraction,SPEC_ONLY feature/hypothesis,Unmatured/unknown episode -> excluded with counts; no future refill leak.,Cancellations; hidden liquidity; news; endogenous flow; feed gaps,Historical refill does not predict next-episode capacity/impact.,Existing Quote Plane and Data OS; Macro #8451; incumbent evaluation owner; New extension
HF-DPF-45,"Relative quoted spread is a candidate, not a validated effect",I08; I10; IPR8451; R01; R10; R11,https://github.com/mastermindx-market-intelligence/macro/blob/c9631f8b2469587dec643bec94b16e77c09ef511/research/market_microstructure/commission15/COMMISSION_15_HARDENED_REPORT.md; https://github.com/mastermindx-market-intelligence/macro/blob/c9631f8b2469587dec643bec94b16e77c09ef511/research/market_microstructure/commission15/VALIDATION_PROTOCOL.md; https://github.com/mastermindx-market-intelligence/macro/pull/8451; https://abarbon.com/papers/gamma-fragility; https://arxiv.org/abs/1011.6402; https://arxiv.org/abs/1104.4596,I08: c9631f8b2469587dec643bec94b16e77c09ef511; I10: c9631f8b2469587dec643bec94b16e77c09ef511; IPR8451: 2026-10-04T22:46:34Z; R01: 2021-03-19 author revision; SSRN predecessor distinguished; R10: preprint v3 2011-04-13; journal2014; R11: 2011 preprint; publication2013,2026-10-06,10000*(ask-bid)/mid; units: basis points,SPEC_ONLY feature/hypothesis,"Locked/crossed/one-sided -> explicit state, not zero.",Cancellations; hidden liquidity; news; endogenous flow; feed gaps,Adds no useful forecast/friction information after volatility/depth.,Existing Quote Plane and Data OS; Macro #8451; incumbent evaluation owner; OIF-35 underlying analogue; contract quote owner unchanged
HF-DPF-46,"Lag-trained impact coefficient is a candidate, not a validated effect",I08; I10; IPR8451; R01; R10; R11,https://github.com/mastermindx-market-intelligence/macro/blob/c9631f8b2469587dec643bec94b16e77c09ef511/research/market_microstructure/commission15/COMMISSION_15_HARDENED_REPORT.md; https://github.com/mastermindx-market-intelligence/macro/blob/c9631f8b2469587dec643bec94b16e77c09ef511/research/market_microstructure/commission15/VALIDATION_PROTOCOL.md; https://github.com/mastermindx-market-intelligence/macro/pull/8451; https://abarbon.com/papers/gamma-fragility; https://arxiv.org/abs/1011.6402; https://arxiv.org/abs/1104.4596,I08: c9631f8b2469587dec643bec94b16e77c09ef511; I10: c9631f8b2469587dec643bec94b16e77c09ef511; IPR8451: 2026-10-04T22:46:34Z; R01: 2021-03-19 author revision; SSRN predecessor distinguished; R10: preprint v3 2011-04-13; journal2014; R11: 2011 preprint; publication2013,2026-10-06,beta_Q in past-only regression r_h=alpha+beta_Q*signed_quantity+state_controls; units: return per share or futures contract,SPEC_ONLY feature/hypothesis,Insufficient matured response sample -> null; coefficient not causal.,Cancellations; hidden liquidity; news; endogenous flow; feed gaps,Out-of-sample impact error matches naive volume curve; reverse causality dominates.,Existing Quote Plane and Data OS; Macro #8451; incumbent evaluation owner; New extension
HF-DPF-47,"Hedge participation proxy is a candidate, not a validated effect",I08; I10; IPR8451; R01; R10; R11,https://github.com/mastermindx-market-intelligence/macro/blob/c9631f8b2469587dec643bec94b16e77c09ef511/research/market_microstructure/commission15/COMMISSION_15_HARDENED_REPORT.md; https://github.com/mastermindx-market-intelligence/macro/blob/c9631f8b2469587dec643bec94b16e77c09ef511/research/market_microstructure/commission15/VALIDATION_PROTOCOL.md; https://github.com/mastermindx-market-intelligence/macro/pull/8451; https://abarbon.com/papers/gamma-fragility; https://arxiv.org/abs/1011.6402; https://arxiv.org/abs/1104.4596,I08: c9631f8b2469587dec643bec94b16e77c09ef511; I10: c9631f8b2469587dec643bec94b16e77c09ef511; IPR8451: 2026-10-04T22:46:34Z; R01: 2021-03-19 author revision; SSRN predecessor distinguished; R10: preprint v3 2011-04-13; journal2014; R11: 2011 preprint; publication2013,2026-10-06,abs(E[Q_exec_h])/E[market_volume_h] in identical units/instrument; units: fraction,SPEC_ONLY feature/hypothesis,Execution expectation unavailable -> labeled policy scenario; denominator unknown -> null.,Cancellations; hidden liquidity; news; endogenous flow; feed gaps,Fails to beat raw demand and time-of-day volume separately.,Existing Quote Plane and Data OS; Macro #8451; incumbent evaluation owner; New extension
HF-DPF-48,"Directional executable-capacity ratio is a candidate, not a validated effect",I08; I10; IPR8451; R01; R10; R11,https://github.com/mastermindx-market-intelligence/macro/blob/c9631f8b2469587dec643bec94b16e77c09ef511/research/market_microstructure/commission15/COMMISSION_15_HARDENED_REPORT.md; https://github.com/mastermindx-market-intelligence/macro/blob/c9631f8b2469587dec643bec94b16e77c09ef511/research/market_microstructure/commission15/VALIDATION_PROTOCOL.md; https://github.com/mastermindx-market-intelligence/macro/pull/8451; https://abarbon.com/papers/gamma-fragility; https://arxiv.org/abs/1011.6402; https://arxiv.org/abs/1104.4596,I08: c9631f8b2469587dec643bec94b16e77c09ef511; I10: c9631f8b2469587dec643bec94b16e77c09ef511; IPR8451: 2026-10-04T22:46:34Z; R01: 2021-03-19 author revision; SSRN predecessor distinguished; R10: preprint v3 2011-04-13; journal2014; R11: 2011 preprint; publication2013,2026-10-06,"abs(Q_exec_h)/L_side,h(epsilon); units: dimensionless ratio",SPEC_ONLY feature/hypothesis,No qualified depth/refill/impact model -> unavailable; not fabricated from ADV.,Cancellations; hidden liquidity; news; endogenous flow; feed gaps,No gain beyond participation proxy after equal input/cost.,Existing Quote Plane and Data OS; Macro #8451; incumbent evaluation owner; New extension
HF-DPF-49,"Impact relative to volatility is a candidate, not a validated effect",I08; I10; IPR8451; R01; R10; R11,https://github.com/mastermindx-market-intelligence/macro/blob/c9631f8b2469587dec643bec94b16e77c09ef511/research/market_microstructure/commission15/COMMISSION_15_HARDENED_REPORT.md; https://github.com/mastermindx-market-intelligence/macro/blob/c9631f8b2469587dec643bec94b16e77c09ef511/research/market_microstructure/commission15/VALIDATION_PROTOCOL.md; https://github.com/mastermindx-market-intelligence/macro/pull/8451; https://abarbon.com/papers/gamma-fragility; https://arxiv.org/abs/1011.6402; https://arxiv.org/abs/1104.4596,I08: c9631f8b2469587dec643bec94b16e77c09ef511; I10: c9631f8b2469587dec643bec94b16e77c09ef511; IPR8451: 2026-10-04T22:46:34Z; R01: 2021-03-19 author revision; SSRN predecessor distinguished; R10: preprint v3 2011-04-13; journal2014; R11: 2011 preprint; publication2013,2026-10-06,abs(expected_return_impact_h)/predicted_return_sd_h; units: dimensionless ratio,SPEC_ONLY feature/hypothesis,Either estimate unavailable/zero scale -> null.,Cancellations; hidden liquidity; news; endogenous flow; feed gaps,No predictive interaction gain or severe calibration failure in stress.,Existing Quote Plane and Data OS; Macro #8451; incumbent evaluation owner; New extension
HF-DPF-50,"Eligible trade intensity is a candidate, not a validated effect",I08; I10; IPR8451; R01; R10; R11,https://github.com/mastermindx-market-intelligence/macro/blob/c9631f8b2469587dec643bec94b16e77c09ef511/research/market_microstructure/commission15/COMMISSION_15_HARDENED_REPORT.md; https://github.com/mastermindx-market-intelligence/macro/blob/c9631f8b2469587dec643bec94b16e77c09ef511/research/market_microstructure/commission15/VALIDATION_PROTOCOL.md; https://github.com/mastermindx-market-intelligence/macro/pull/8451; https://abarbon.com/papers/gamma-fragility; https://arxiv.org/abs/1011.6402; https://arxiv.org/abs/1104.4596,I08: c9631f8b2469587dec643bec94b16e77c09ef511; I10: c9631f8b2469587dec643bec94b16e77c09ef511; IPR8451: 2026-10-04T22:46:34Z; R01: 2021-03-19 author revision; SSRN predecessor distinguished; R10: preprint v3 2011-04-13; journal2014; R11: 2011 preprint; publication2013,2026-10-06,"eligible_contracts_or_shares_in(t-w,t] / w_seconds; trade count separately; units: contracts or shares per second",SPEC_ONLY feature/hypothesis,Gap/unknown coverage -> null; complete zero activity -> zero.,Cancellations; hidden liquidity; news; endogenous flow; feed gaps,Seasonality-only model performs equally.,Existing Quote Plane and Data OS; Macro #8451; incumbent evaluation owner; New extension
HF-DPF-51,"Absorption elasticity is a candidate, not a validated effect",I04; I23; R01; R09,https://github.com/mastermindx-market-intelligence/macro/blob/c9631f8b2469587dec643bec94b16e77c09ef511/research/options_intelligence/2026-10-03/options-signal-catalog.md; https://github.com/mastermindx-market-intelligence/macro/blob/c9631f8b2469587dec643bec94b16e77c09ef511/engine/options_scenario_surface.py; https://abarbon.com/papers/gamma-fragility; https://www.sciencedirect.com/science/article/pii/S0304405X05000577,I04: c9631f8b2469587dec643bec94b16e77c09ef511; I23: c9631f8b2469587dec643bec94b16e77c09ef511; R01: 2021-03-19 author revision; SSRN predecessor distinguished; R09: 2005 journal publication,2026-10-06,"-dB/dS near zone, conditioned on materiality and fixed scenario; units: hedge units per price point",SPEC_ONLY feature/hypothesis,Sign disagreement -> scenario-sensitive; missing liquidity -> unqualified.,Grid domain; inventory sign; liquidity; moving boundaries; selection,Frozen-zone hold probability adds nothing after matched price/liquidity controls.,Existing GEX/scenario owner and topology carrier Macro #7322; Node-conditioned negative of DPF-24; not independent feature evidence
HF-DPF-52,"Anchored inward-pressure strength is a candidate, not a validated effect",I04; I23; R01; R09,https://github.com/mastermindx-market-intelligence/macro/blob/c9631f8b2469587dec643bec94b16e77c09ef511/research/options_intelligence/2026-10-03/options-signal-catalog.md; https://github.com/mastermindx-market-intelligence/macro/blob/c9631f8b2469587dec643bec94b16e77c09ef511/engine/options_scenario_surface.py; https://abarbon.com/papers/gamma-fragility; https://www.sciencedirect.com/science/article/pii/S0304405X05000577,I04: c9631f8b2469587dec643bec94b16e77c09ef511; I23: c9631f8b2469587dec643bec94b16e77c09ef511; R01: 2021-03-19 author revision; SSRN predecessor distinguished; R09: 2005 journal publication,2026-10-06,"min(F(z-w),-F(z+w)) for expected signed execution rate F, requiring F(z)=0; units: hedge units per second",SPEC_ONLY feature/hypothesis,No justified F expectation -> scenario attractor only; no probability.,Grid domain; inventory sign; liquidity; moving boundaries; selection,No stable root or no calibrated retention gain versus damping-only baseline.,Existing GEX/scenario owner and topology carrier Macro #7322; New extension
HF-DPF-53,"Procyclical acceleration gradient is a candidate, not a validated effect",I04; I23; R01; R09,https://github.com/mastermindx-market-intelligence/macro/blob/c9631f8b2469587dec643bec94b16e77c09ef511/research/options_intelligence/2026-10-03/options-signal-catalog.md; https://github.com/mastermindx-market-intelligence/macro/blob/c9631f8b2469587dec643bec94b16e77c09ef511/engine/options_scenario_surface.py; https://abarbon.com/papers/gamma-fragility; https://www.sciencedirect.com/science/article/pii/S0304405X05000577,I04: c9631f8b2469587dec643bec94b16e77c09ef511; I23: c9631f8b2469587dec643bec94b16e77c09ef511; R01: 2021-03-19 author revision; SSRN predecessor distinguished; R09: 2005 journal publication,2026-10-06,"d^2B/dS^2 on an explicitly oriented break path, plus sign(dB/dS)>0; units: hedge units per price-point squared",SPEC_ONLY feature/hypothesis,Grid/derivative unstable or assumptions disagree -> null/bounds.,Grid domain; inventory sign; liquidity; moving boundaries; selection,"No incremental break/continuation value beyond return,volatility,depth.",Existing GEX/scenario owner and topology carrier Macro #7322; New extension
HF-DPF-54,"Nearest behavioral-transition distance is a candidate, not a validated effect",I04; I23; R01; R09,https://github.com/mastermindx-market-intelligence/macro/blob/c9631f8b2469587dec643bec94b16e77c09ef511/research/options_intelligence/2026-10-03/options-signal-catalog.md; https://github.com/mastermindx-market-intelligence/macro/blob/c9631f8b2469587dec643bec94b16e77c09ef511/engine/options_scenario_surface.py; https://abarbon.com/papers/gamma-fragility; https://www.sciencedirect.com/science/article/pii/S0304405X05000577,I04: c9631f8b2469587dec643bec94b16e77c09ef511; I23: c9631f8b2469587dec643bec94b16e77c09ef511; R01: 2021-03-19 author revision; SSRN predecessor distinguished; R09: 2005 journal publication,2026-10-06,min_z |S-z|/scale_t over qualified transitions; signed side retained; units: ex-ante scale units,SPEC_ONLY feature/hypothesis,"No qualified transition -> no_transition, not zero distance.",Grid domain; inventory sign; liquidity; moving boundaries; selection,Matched random nodes explain same hazards.,Existing GEX/scenario owner and topology carrier Macro #7322; New extension
HF-DPF-55,"Scenario classification stability is a candidate, not a validated effect",I04; I23; R01; R09,https://github.com/mastermindx-market-intelligence/macro/blob/c9631f8b2469587dec643bec94b16e77c09ef511/research/options_intelligence/2026-10-03/options-signal-catalog.md; https://github.com/mastermindx-market-intelligence/macro/blob/c9631f8b2469587dec643bec94b16e77c09ef511/engine/options_scenario_surface.py; https://abarbon.com/papers/gamma-fragility; https://www.sciencedirect.com/science/article/pii/S0304405X05000577,I04: c9631f8b2469587dec643bec94b16e77c09ef511; I23: c9631f8b2469587dec643bec94b16e77c09ef511; R01: 2021-03-19 author revision; SSRN predecessor distinguished; R09: 2005 journal publication,2026-10-06,"number_of_admissible_scenarios_with_same_label / total_admissible_scenarios; units: fraction, explicitly not probability",SPEC_ONLY feature/hypothesis,No scenarios or incomplete domain -> unavailable; ensemble design versioned.,Grid domain; inventory sign; liquidity; moving boundaries; selection,Stability does not stratify later classification/forecast error.,Existing GEX/scenario owner and topology carrier Macro #7322; New extension
HF-DPF-56,"Liquidity-reservoir memory is a candidate, not a validated effect",I04; I23; R01; R09,https://github.com/mastermindx-market-intelligence/macro/blob/c9631f8b2469587dec643bec94b16e77c09ef511/research/options_intelligence/2026-10-03/options-signal-catalog.md; https://github.com/mastermindx-market-intelligence/macro/blob/c9631f8b2469587dec643bec94b16e77c09ef511/engine/options_scenario_surface.py; https://abarbon.com/papers/gamma-fragility; https://www.sciencedirect.com/science/article/pii/S0304405X05000577,I04: c9631f8b2469587dec643bec94b16e77c09ef511; I23: c9631f8b2469587dec643bec94b16e77c09ef511; R01: 2021-03-19 author revision; SSRN predecessor distinguished; R09: 2005 journal publication,2026-10-06,lag-trained expected executable size within zone and impact tolerance from matured depth/response episodes; units: shares or futures contracts,SPEC_ONLY feature/hypothesis,"Only historical prints available -> execution-memory statistic, not resting capacity.",Grid domain; inventory sign; liquidity; moving boundaries; selection,No value versus current depth and matched price-volume zones.,Existing GEX/scenario owner and topology carrier Macro #7322; New extension
HF-DPF-57,"Scheduled rebalance demand relative to ADV is a candidate, not a validated effect",A42; A43; A45; A59; A60; A61; A62; A63,https://www.dtcc.com/products-and-services/data-services/corporate-actions-reference-data/etf-portfolio-data-service; https://dtcclearning.com/products-and-services/equities-clearing/etf-processing/etf-timeline.html; https://www.lseg.com/en/media-centre/press-releases/ftse-russell/2026/russell-reconstitution-2026-schedule; https://www.msci.com/eqb/pressreleases/archive/ir_dates.pdf; https://www.spglobal.com/spdji/en/documents/methodologies/methodology-sp-us-indices.pdf; https://www.spglobal.com/spdji/en/documents/methodologies/methodology-sp-equity-indices-policies-practices.pdf; https://indexes.nasdaq.com/docs/Methodology_NDX.pdf; https://ir.nasdaq.com/news-releases/news-release-details/nasdaq-concludes-public-consultation-nasdaq-100-indexr,A42: current page observed 2026-10-06; A43: current indexed official material; A45: 2026-03-02; A59: 2026-08-12; A60: 2026-07; A61: 2026-08; A62: 2026; A63: 2026-03-30,2026-10-06,"sum_f AUM_f*(w_new-w_price_drifted)_i / (price_i*ADV_shares_i), with tracking/execution fractions as scenarios; units: signed fraction of ADV",SPEC_ONLY feature/hypothesis,Missing AUM/weights/known-at -> bounds or unavailable; no exact passive ownership claim.,Venue/rule era; strategic cancellations; price collars; event changes; latency,Does not improve official-imbalance/close forecasts after event controls.,Existing Data OS/source owner; adjacent auction contract; incumbent evaluation owner; New extension
HF-DPF-58,"Pre-public signed auction-demand forecast is a candidate, not a validated effect",A01; A13; A19; A20; A42; A45,https://www.nyse.com/trade/auctions; https://listingcenter.nasdaq.com/rulebook/nasdaq/rules/nasdaq-equity-4; https://www.amerx.com/market-on-close-portal; https://mrtopstep.com/catalog/market-imbalance-meter; https://www.dtcc.com/products-and-services/data-services/corporate-actions-reference-data/etf-portfolio-data-service; https://www.lseg.com/en/media-centre/press-releases/ftse-russell/2026/russell-reconstitution-2026-schedule,A01: current page observed 2026-10-06; A13: current page observed 2026-10-06; A19: current product page observed 2026-10-06; A20: current listing observed 2026-10-06; A42: current page observed 2026-10-06; A45: 2026-03-02,2026-10-06,"E[MOC_like_net_shares | pre_public_information_t], interval and source universe included; units: shares",SPEC_ONLY feature/hypothesis,Uncalibrated model -> scenario range; early indication receipt never backdated.,Venue/rule era; strategic cancellations; price collars; event changes; latency,Fails against historical symbol/time/event auction baseline.,Existing Data OS/source owner; adjacent auction contract; incumbent evaluation owner; New extension
HF-DPF-59,"Normalized official imbalance is a candidate, not a validated effect",A01; A13; A15,https://www.nyse.com/trade/auctions; https://listingcenter.nasdaq.com/rulebook/nasdaq/rules/nasdaq-equity-4; https://www.nasdaqtrader.com/TraderNews.aspx?id=ETA2019-66,A01: current page observed 2026-10-06; A13: current page observed 2026-10-06; A15: 2019-08-22,2026-10-06,signed_imbalance_shares/(paired_shares+abs(imbalance_shares)); units: dimensionless signed fraction,SPEC_ONLY feature/hypothesis,Both zero -> zero only with valid message; missing fields -> null.,Venue/rule era; strategic cancellations; price collars; event changes; latency,No gain beyond raw imbalance/auction phase; venue pooling hides errors.,Existing Data OS/source owner; adjacent auction contract; incumbent evaluation owner; New extension
HF-DPF-60,"Official imbalance velocity is a candidate, not a validated effect",A01; A13; A15,https://www.nyse.com/trade/auctions; https://listingcenter.nasdaq.com/rulebook/nasdaq/rules/nasdaq-equity-4; https://www.nasdaqtrader.com/TraderNews.aspx?id=ETA2019-66,A01: current page observed 2026-10-06; A13: current page observed 2026-10-06; A15: 2019-08-22,2026-10-06,(I_t-I_prev)/(message_time_t-message_time_prev); units: shares per second,SPEC_ONLY feature/hypothesis,Gap/correction/reset -> flagged or null; unchanged messages handled by feed law.,Venue/rule era; strategic cancellations; price collars; event changes; latency,No gain beyond current I and message-age state.,Existing Data OS/source owner; adjacent auction contract; incumbent evaluation owner; New extension
HF-DPF-61,"Indicative clearing displacement is a candidate, not a validated effect",A01; A13; A15,https://www.nyse.com/trade/auctions; https://listingcenter.nasdaq.com/rulebook/nasdaq/rules/nasdaq-equity-4; https://www.nasdaqtrader.com/TraderNews.aspx?id=ETA2019-66,A01: current page observed 2026-10-06; A13: current page observed 2026-10-06; A15: 2019-08-22,2026-10-06,10000*(indicative_price/reference_price-1); units: basis points,SPEC_ONLY feature/hypothesis,"Indicative/reference undefined or invalid -> null, never0.",Venue/rule era; strategic cancellations; price collars; event changes; latency,No added close-price accuracy beyond continuous midpoint/basis.,Existing Data OS/source owner; adjacent auction contract; incumbent evaluation owner; New extension
HF-DPF-62,"Nasdaq near-far price spread is a candidate, not a validated effect",A13; A15,https://listingcenter.nasdaq.com/rulebook/nasdaq/rules/nasdaq-equity-4; https://www.nasdaqtrader.com/TraderNews.aspx?id=ETA2019-66,A13: current page observed 2026-10-06; A15: 2019-08-22,2026-10-06,10000*(near_price-far_price)/reference_price; units: basis points,SPEC_ONLY feature/hypothesis,Venue/phase does not supply valid fields -> not_applicable/null.,Venue/rule era; strategic cancellations; price collars; event changes; latency,Adds no nowcast value after current imbalance/indicative price.,Existing Data OS/source owner; adjacent auction contract; incumbent evaluation owner; New extension
HF-DPF-63,"Paired-interest growth rate is a candidate, not a validated effect",A01; A13; A15,https://www.nyse.com/trade/auctions; https://listingcenter.nasdaq.com/rulebook/nasdaq/rules/nasdaq-equity-4; https://www.nasdaqtrader.com/TraderNews.aspx?id=ETA2019-66,A01: current page observed 2026-10-06; A13: current page observed 2026-10-06; A15: 2019-08-22,2026-10-06,(paired_t-paired_prev)/delta_seconds; units: paired shares per second,SPEC_ONLY feature/hypothesis,Missing/reset/corrected snapshot -> flagged or null.,Venue/rule era; strategic cancellations; price collars; event changes; latency,No value after total size and phase; not monotonic by assumption.,Existing Data OS/source owner; adjacent auction contract; incumbent evaluation owner; New extension
HF-DPF-64,"First-disclosure surprise is a candidate, not a validated effect",A01; A13; A15; A19; A20,https://www.nyse.com/trade/auctions; https://listingcenter.nasdaq.com/rulebook/nasdaq/rules/nasdaq-equity-4; https://www.nasdaqtrader.com/TraderNews.aspx?id=ETA2019-66; https://www.amerx.com/market-on-close-portal; https://mrtopstep.com/catalog/market-imbalance-meter,A01: current page observed 2026-10-06; A13: current page observed 2026-10-06; A15: 2019-08-22; A19: current product page observed 2026-10-06; A20: current listing observed 2026-10-06,2026-10-06,first_public_signed_imbalance - forecast_frozen_before_publication; units: shares; optional lag-trained standardized residual,SPEC_ONLY feature/hypothesis,No genuinely earlier forecast -> unavailable; never reconstruct it after seeing first message.,Venue/rule era; strategic cancellations; price collars; event changes; latency,No incremental response prediction after imbalance level.,Existing Data OS/source owner; adjacent auction contract; incumbent evaluation owner; New extension
HF-DPF-65,"Time to next phase cutoff is a candidate, not a validated effect",A01; A07; A13; A15,https://www.nyse.com/trade/auctions; https://www.govinfo.gov/content/pkg/FR-2026-08-18/pdf/2026-16783.pdf; https://listingcenter.nasdaq.com/rulebook/nasdaq/rules/nasdaq-equity-4; https://www.nasdaqtrader.com/TraderNews.aspx?id=ETA2019-66,A01: current page observed 2026-10-06; A07: 2026-08-18; A13: current page observed 2026-10-06; A15: 2019-08-22,2026-10-06,next_venue_rule_cutoff - decision_time; units: seconds plus phase/rule version,SPEC_ONLY feature/hypothesis,Unverified implementation version/early-close calendar -> phase unknown.,Venue/rule era; strategic cancellations; price collars; event changes; latency,Pooled model performs equally across verified phases/eras.,Existing Data OS/source owner; adjacent auction contract; incumbent evaluation owner; New extension
HF-DPF-66,"Historical auction elasticity is a candidate, not a validated effect",A01; A13; A49; A51; R16,https://www.nyse.com/trade/auctions; https://listingcenter.nasdaq.com/rulebook/nasdaq/rules/nasdaq-equity-4; https://www.sciencedirect.com/science/article/pii/S1386418123000502; https://www.sciencedirect.com/science/article/pii/S0304405X21005092; https://sites.stat.washington.edu/people/raftery/Research/PDF/Gneiting2007jasa.pdf,A01: current page observed 2026-10-06; A13: current page observed 2026-10-06; A49: 2023; A51: 2022; R16: 2007,2026-10-06,beta in past-only regression close_return_bps ~ signed_imbalance/ADV + paired_liquidity + state; units: bps per fraction of ADV,SPEC_ONLY feature/hypothesis,Insufficient same-rule matured auctions -> pooled shrinkage with uncertainty or null.,Venue/rule era; strategic cancellations; price collars; event changes; latency,Unstable coefficient/poor OOS close prediction or reversal dominates.,Existing Data OS/source owner; adjacent auction contract; incumbent evaluation owner; New extension
HF-DPF-67,"Abnormal eligible print notional is a candidate, not a validated effect",I16; I32; I33; I34; I35; I36,https://github.com/mastermindx-market-intelligence/macro/blob/c9631f8b2469587dec643bec94b16e77c09ef511/research/DARKPOOL_DESK_AUDIT_AND_UPGRADE_2026-08-05.md; https://github.com/mastermindx-market-intelligence/macro/blob/c9631f8b2469587dec643bec94b16e77c09ef511/engine/darkpool_signals.py; https://github.com/mastermindx-market-intelligence/macro/blob/c9631f8b2469587dec643bec94b16e77c09ef511/engine/darkpool_context.py; https://github.com/mastermindx-market-intelligence/macro/blob/c9631f8b2469587dec643bec94b16e77c09ef511/scripts/build_darkpool_desk.py; https://github.com/mastermindx-market-intelligence/macro/blob/c9631f8b2469587dec643bec94b16e77c09ef511/collectors/finra_short_volume.py; https://github.com/mastermindx-market-intelligence/macro/blob/c9631f8b2469587dec643bec94b16e77c09ef511/collectors/finra_ats_transparency.py,I16: c9631f8b2469587dec643bec94b16e77c09ef511; I32: c9631f8b2469587dec643bec94b16e77c09ef511; I33: c9631f8b2469587dec643bec94b16e77c09ef511; I34: c9631f8b2469587dec643bec94b16e77c09ef511; I35: c9631f8b2469587dec643bec94b16e77c09ef511; I36: c9631f8b2469587dec643bec94b16e77c09ef511,2026-10-06,(N_window - trailing_same-time_median)/(1.4826*trailing_MAD); units: robust standardized units,SPEC_ONLY feature/hypothesis,Zero MAD uses preregistered robust fallback; missing denominator -> null.,Late prints; special conditions; internalization; market movement; share units,"Effect vanishes after report conditions,market volume and volatility.",engine/darkpool_signals.py; engine/darkpool_context.py; existing tape owner; New extension
HF-DPF-68,"Execution-zone concentration is a candidate, not a validated effect",I16; I32; I33; I34; I35; I36,https://github.com/mastermindx-market-intelligence/macro/blob/c9631f8b2469587dec643bec94b16e77c09ef511/research/DARKPOOL_DESK_AUDIT_AND_UPGRADE_2026-08-05.md; https://github.com/mastermindx-market-intelligence/macro/blob/c9631f8b2469587dec643bec94b16e77c09ef511/engine/darkpool_signals.py; https://github.com/mastermindx-market-intelligence/macro/blob/c9631f8b2469587dec643bec94b16e77c09ef511/engine/darkpool_context.py; https://github.com/mastermindx-market-intelligence/macro/blob/c9631f8b2469587dec643bec94b16e77c09ef511/scripts/build_darkpool_desk.py; https://github.com/mastermindx-market-intelligence/macro/blob/c9631f8b2469587dec643bec94b16e77c09ef511/collectors/finra_short_volume.py; https://github.com/mastermindx-market-intelligence/macro/blob/c9631f8b2469587dec643bec94b16e77c09ef511/collectors/finra_ats_transparency.py,I16: c9631f8b2469587dec643bec94b16e77c09ef511; I32: c9631f8b2469587dec643bec94b16e77c09ef511; I33: c9631f8b2469587dec643bec94b16e77c09ef511; I34: c9631f8b2469587dec643bec94b16e77c09ef511; I35: c9631f8b2469587dec643bec94b16e77c09ef511; I36: c9631f8b2469587dec643bec94b16e77c09ef511,2026-10-06,eligible_notional_in_frozen_zone / all_eligible_offexchange_notional_in_window; units: fraction,SPEC_ONLY feature/hypothesis,Zero/missing eligible total -> null; source coverage displayed.,Late prints; special conditions; internalization; market movement; share units,No value versus matched all-tape/on-exchange volume-profile zones.,engine/darkpool_signals.py; engine/darkpool_context.py; existing tape owner; New extension
HF-DPF-69,"Matured residual impact response is a candidate, not a validated effect",I16; I32; I33; I34; I35; I36,https://github.com/mastermindx-market-intelligence/macro/blob/c9631f8b2469587dec643bec94b16e77c09ef511/research/DARKPOOL_DESK_AUDIT_AND_UPGRADE_2026-08-05.md; https://github.com/mastermindx-market-intelligence/macro/blob/c9631f8b2469587dec643bec94b16e77c09ef511/engine/darkpool_signals.py; https://github.com/mastermindx-market-intelligence/macro/blob/c9631f8b2469587dec643bec94b16e77c09ef511/engine/darkpool_context.py; https://github.com/mastermindx-market-intelligence/macro/blob/c9631f8b2469587dec643bec94b16e77c09ef511/scripts/build_darkpool_desk.py; https://github.com/mastermindx-market-intelligence/macro/blob/c9631f8b2469587dec643bec94b16e77c09ef511/collectors/finra_short_volume.py; https://github.com/mastermindx-market-intelligence/macro/blob/c9631f8b2469587dec643bec94b16e77c09ef511/collectors/finra_ats_transparency.py,I16: c9631f8b2469587dec643bec94b16e77c09ef511; I32: c9631f8b2469587dec643bec94b16e77c09ef511; I33: c9631f8b2469587dec643bec94b16e77c09ef511; I34: c9631f8b2469587dec643bec94b16e77c09ef511; I35: c9631f8b2469587dec643bec94b16e77c09ef511; I36: c9631f8b2469587dec643bec94b16e77c09ef511,2026-10-06,"a_k*[log(M_tk+h/M_tk_minus)-beta_k*market_return_tk_to_tk+h], only tk+h<=decision; units: log return",SPEC_ONLY feature/hypothesis,Unknown aggressor -> unsigned response; absent path -> unobservable.,Late prints; special conditions; internalization; market movement; share units,Signal disappears with correct report/quote clocks or improved signing.,engine/darkpool_signals.py; engine/darkpool_context.py; existing tape owner; New extension
HF-DPF-70,"Past retest hold frequency is a candidate, not a validated effect",I16; I32; I33; I34; I35; I36,https://github.com/mastermindx-market-intelligence/macro/blob/c9631f8b2469587dec643bec94b16e77c09ef511/research/DARKPOOL_DESK_AUDIT_AND_UPGRADE_2026-08-05.md; https://github.com/mastermindx-market-intelligence/macro/blob/c9631f8b2469587dec643bec94b16e77c09ef511/engine/darkpool_signals.py; https://github.com/mastermindx-market-intelligence/macro/blob/c9631f8b2469587dec643bec94b16e77c09ef511/engine/darkpool_context.py; https://github.com/mastermindx-market-intelligence/macro/blob/c9631f8b2469587dec643bec94b16e77c09ef511/scripts/build_darkpool_desk.py; https://github.com/mastermindx-market-intelligence/macro/blob/c9631f8b2469587dec643bec94b16e77c09ef511/collectors/finra_short_volume.py; https://github.com/mastermindx-market-intelligence/macro/blob/c9631f8b2469587dec643bec94b16e77c09ef511/collectors/finra_ats_transparency.py,I16: c9631f8b2469587dec643bec94b16e77c09ef511; I32: c9631f8b2469587dec643bec94b16e77c09ef511; I33: c9631f8b2469587dec643bec94b16e77c09ef511; I34: c9631f8b2469587dec643bec94b16e77c09ef511; I35: c9631f8b2469587dec643bec94b16e77c09ef511; I36: c9631f8b2469587dec643bec94b16e77c09ef511,2026-10-06,number_matured_hold / number_observable_matured_retests; break/unresolved fractions separately; units: descriptive fraction with counts,SPEC_ONLY feature/hypothesis,No observable retests -> null; not a calibrated probability by itself.,Late prints; special conditions; internalization; market movement; share units,No future calibration gain over zone age/distance/volume controls.,engine/darkpool_signals.py; engine/darkpool_context.py; existing tape owner; New extension
HF-DPF-71,"Published ATS structural share is a candidate, not a validated effect",I16; I32; I33; I34; I35; I36,https://github.com/mastermindx-market-intelligence/macro/blob/c9631f8b2469587dec643bec94b16e77c09ef511/research/DARKPOOL_DESK_AUDIT_AND_UPGRADE_2026-08-05.md; https://github.com/mastermindx-market-intelligence/macro/blob/c9631f8b2469587dec643bec94b16e77c09ef511/engine/darkpool_signals.py; https://github.com/mastermindx-market-intelligence/macro/blob/c9631f8b2469587dec643bec94b16e77c09ef511/engine/darkpool_context.py; https://github.com/mastermindx-market-intelligence/macro/blob/c9631f8b2469587dec643bec94b16e77c09ef511/scripts/build_darkpool_desk.py; https://github.com/mastermindx-market-intelligence/macro/blob/c9631f8b2469587dec643bec94b16e77c09ef511/collectors/finra_short_volume.py; https://github.com/mastermindx-market-intelligence/macro/blob/c9631f8b2469587dec643bec94b16e77c09ef511/collectors/finra_ats_transparency.py,I16: c9631f8b2469587dec643bec94b16e77c09ef511; I32: c9631f8b2469587dec643bec94b16e77c09ef511; I33: c9631f8b2469587dec643bec94b16e77c09ef511; I34: c9631f8b2469587dec643bec94b16e77c09ef511; I35: c9631f8b2469587dec643bec94b16e77c09ef511; I36: c9631f8b2469587dec643bec94b16e77c09ef511,2026-10-06,published_ATS_shares_same_symbol_week / matched_consolidated_shares_same_week; units: fraction,SPEC_ONLY feature/hypothesis,Unmatched week/share units or >100% impossible ratio -> quarantine.,Late prints; special conditions; internalization; market movement; share units,Apparent forecast edge vanishes with actual publication lag.,engine/darkpool_signals.py; engine/darkpool_context.py; existing tape owner; Existing darkpool structural context
HF-DPF-72,"Later-OI reconciliation residual is a candidate, not a validated effect",I04; I11; I14; I19; R18,https://github.com/mastermindx-market-intelligence/macro/blob/c9631f8b2469587dec643bec94b16e77c09ef511/research/options_intelligence/2026-10-03/options-signal-catalog.md; https://github.com/mastermindx-market-intelligence/macro/blob/c9631f8b2469587dec643bec94b16e77c09ef511/engine/gex_engine.py; https://github.com/mastermindx-market-intelligence/macro/blob/c9631f8b2469587dec643bec94b16e77c09ef511/collectors/thetadata.py; https://github.com/mastermindx-market-intelligence/macro/blob/c9631f8b2469587dec643bec94b16e77c09ef511/engine/thetadata_store.py; https://www.optionseducation.org/referencelibrary/faq/general-information,I04: c9631f8b2469587dec643bec94b16e77c09ef511; I11: c9631f8b2469587dec643bec94b16e77c09ef511; I14: c9631f8b2469587dec643bec94b16e77c09ef511; I19: c9631f8b2469587dec643bec94b16e77c09ef511; R18: current page; no publication date supplied,2026-10-06,OI_Dplus1 - OI_D - sum_n(x_oo-x_cc) - nontrade_adjustments; units: contracts per canonical series,SPEC_ONLY feature/hypothesis,Unknown adjustments/history -> bounded residual; never force exact fit.,Incomplete signed inventory; stale OI; corporate actions; selection,Residual fit improves without better future filtering or predictive value.,engine/gex_engine.py; engine/thetadata_store.py; existing options owner; OIF-18 extension
