family,anchor,origin,issue,entry,end,lag_hours,state,volume_ratio,price_action,volume_action,outcome,price_category,volume_category,volume_status
downside,2016-01-10 09:00:00,2016-01-10 11:00:00,2016-01-10 16:00:00,2016-01-10 17:00:00,2016-01-11 11:00:00,1,persistent,0.7151943953551309,True,False,neither,neither,no_action,
downside,2016-01-10 09:00:00,2016-01-10 16:00:00,2016-01-10 16:00:00,2016-01-10 22:00:00,2016-01-11 16:00:00,6,persistent,0.7151943953551309,True,False,neither,neither,no_action,
downside,2016-01-12 23:00:00,2016-01-13 01:00:00,2016-01-13 06:00:00,2016-01-13 07:00:00,2016-01-14 01:00:00,1,stalled_below,2.8099839242573874,False,False,neither,no_action,no_action,
downside,2016-01-12 23:00:00,2016-01-13 06:00:00,2016-01-13 06:00:00,2016-01-13 12:00:00,2016-01-14 06:00:00,6,stalled_below,2.8099839242573874,False,False,neither,no_action,no_action,
downside,2016-01-15 01:00:00,2016-01-15 03:00:00,2016-01-15 08:00:00,2016-01-15 09:00:00,2016-01-16 03:00:00,1,persistent,5.316869916446567,True,True,lower_first,lower_first,lower_first,
downside,2016-01-15 01:00:00,2016-01-15 08:00:00,2016-01-15 08:00:00,2016-01-15 14:00:00,2016-01-16 08:00:00,6,persistent,5.316869916446567,True,True,lower_first,lower_first,lower_first,
downside,2016-01-16 07:00:00,2016-01-16 09:00:00,2016-01-16 14:00:00,2016-01-16 15:00:00,2016-01-17 09:00:00,1,reclaimed,1.503962776769186,False,False,upper_first,no_action,no_action,
downside,2016-01-16 07:00:00,2016-01-16 14:00:00,2016-01-16 14:00:00,2016-01-16 20:00:00,2016-01-17 14:00:00,6,reclaimed,1.503962776769186,False,False,neither,no_action,no_action,
downside,2016-01-28 02:00:00,2016-01-28 04:00:00,2016-01-28 09:00:00,2016-01-28 10:00:00,2016-01-29 04:00:00,1,stalled_below,1.410999891729955,False,False,lower_first,no_action,no_action,
downside,2016-01-28 02:00:00,2016-01-28 09:00:00,2016-01-28 09:00:00,2016-01-28 15:00:00,2016-01-29 09:00:00,6,stalled_below,1.410999891729955,False,False,lower_first,no_action,no_action,
downside,2016-02-09 06:00:00,2016-02-09 08:00:00,2016-02-09 13:00:00,2016-02-09 14:00:00,2016-02-10 08:00:00,1,reclaimed,1.1723690540931833,False,False,neither,no_action,no_action,
downside,2016-02-09 06:00:00,2016-02-09 13:00:00,2016-02-09 13:00:00,2016-02-09 19:00:00,2016-02-10 13:00:00,6,reclaimed,1.1723690540931833,False,False,neither,no_action,no_action,
downside,2016-02-23 08:00:00,2016-02-23 10:00:00,2016-02-23 15:00:00,2016-02-23 16:00:00,2016-02-24 10:00:00,1,stalled_below,0.9275269266698782,False,False,neither,no_action,no_action,
downside,2016-02-23 08:00:00,2016-02-23 15:00:00,2016-02-23 15:00:00,2016-02-23 21:00:00,2016-02-24 15:00:00,6,stalled_below,0.9275269266698782,False,False,neither,no_action,no_action,
downside,2016-03-02 13:00:00,2016-03-02 15:00:00,2016-03-02 20:00:00,2016-03-02 21:00:00,2016-03-03 15:00:00,1,reclaimed,1.395955141265875,False,False,neither,no_action,no_action,
downside,2016-03-02 13:00:00,2016-03-02 20:00:00,2016-03-02 20:00:00,2016-03-03 02:00:00,2016-03-03 20:00:00,6,reclaimed,1.395955141265875,False,False,neither,no_action,no_action,
downside,2016-03-05 01:00:00,2016-03-05 03:00:00,2016-03-05 08:00:00,2016-03-05 09:00:00,2016-03-06 03:00:00,1,stalled_below,1.6871429831868334,False,False,neither,no_action,no_action,
downside,2016-03-05 01:00:00,2016-03-05 08:00:00,2016-03-05 08:00:00,2016-03-05 14:00:00,2016-03-06 08:00:00,6,stalled_below,1.6871429831868334,False,False,neither,no_action,no_action,
downside,2016-03-12 15:00:00,2016-03-12 17:00:00,2016-03-12 22:00:00,2016-03-12 23:00:00,2016-03-13 17:00:00,1,stalled_below,1.4815551776475053,False,False,neither,no_action,no_action,
downside,2016-03-12 15:00:00,2016-03-12 22:00:00,2016-03-12 22:00:00,2016-03-13 04:00:00,2016-03-13 22:00:00,6,stalled_below,1.4815551776475053,False,False,neither,no_action,no_action,
downside,2016-03-18 14:00:00,2016-03-18 16:00:00,2016-03-18 21:00:00,2016-03-18 22:00:00,2016-03-19 16:00:00,1,persistent,2.511092762209814,True,True,neither,neither,neither,
downside,2016-03-18 14:00:00,2016-03-18 21:00:00,2016-03-18 21:00:00,2016-03-19 03:00:00,2016-03-19 21:00:00,6,persistent,2.511092762209814,True,True,neither,neither,neither,
downside,2016-03-29 12:00:00,2016-03-29 14:00:00,2016-03-29 19:00:00,2016-03-29 20:00:00,2016-03-30 14:00:00,1,stalled_below,2.281426333931158,False,False,neither,no_action,no_action,
downside,2016-03-29 12:00:00,2016-03-29 19:00:00,2016-03-29 19:00:00,2016-03-30 01:00:00,2016-03-30 19:00:00,6,stalled_below,2.281426333931158,False,False,neither,no_action,no_action,
downside,2016-04-08 19:00:00,2016-04-08 21:00:00,2016-04-09 02:00:00,2016-04-09 03:00:00,2016-04-09 21:00:00,1,persistent,1.5172928880101133,True,True,neither,neither,neither,
downside,2016-04-08 19:00:00,2016-04-09 02:00:00,2016-04-09 02:00:00,2016-04-09 08:00:00,2016-04-10 02:00:00,6,persistent,1.5172928880101133,True,True,neither,neither,neither,
downside,2016-05-02 08:00:00,2016-05-02 10:00:00,2016-05-02 15:00:00,2016-05-02 16:00:00,2016-05-03 10:00:00,1,stalled_below,2.530433633674815,False,False,neither,no_action,no_action,
downside,2016-05-02 08:00:00,2016-05-02 15:00:00,2016-05-02 15:00:00,2016-05-02 21:00:00,2016-05-03 15:00:00,6,stalled_below,2.530433633674815,False,False,neither,no_action,no_action,
downside,2016-05-10 09:00:00,2016-05-10 11:00:00,2016-05-10 16:00:00,2016-05-10 17:00:00,2016-05-11 11:00:00,1,stalled_below,1.6736299985638787,False,False,neither,no_action,no_action,
downside,2016-05-10 09:00:00,2016-05-10 16:00:00,2016-05-10 16:00:00,2016-05-10 22:00:00,2016-05-11 16:00:00,6,stalled_below,1.6736299985638787,False,False,neither,no_action,no_action,
downside,2016-05-16 19:00:00,2016-05-16 21:00:00,2016-05-17 02:00:00,2016-05-17 03:00:00,2016-05-17 21:00:00,1,stalled_below,1.5962294704279651,False,False,neither,no_action,no_action,
downside,2016-05-16 19:00:00,2016-05-17 02:00:00,2016-05-17 02:00:00,2016-05-17 08:00:00,2016-05-18 02:00:00,6,stalled_below,1.5962294704279651,False,False,neither,no_action,no_action,
downside,2016-05-19 09:00:00,2016-05-19 11:00:00,2016-05-19 16:00:00,2016-05-19 17:00:00,2016-05-20 11:00:00,1,stalled_below,1.3811107315125406,False,False,neither,no_action,no_action,
downside,2016-05-19 09:00:00,2016-05-19 16:00:00,2016-05-19 16:00:00,2016-05-19 22:00:00,2016-05-20 16:00:00,6,stalled_below,1.3811107315125406,False,False,neither,no_action,no_action,
downside,2016-06-21 00:00:00,2016-06-21 02:00:00,2016-06-21 07:00:00,2016-06-21 08:00:00,2016-06-22 02:00:00,1,reclaimed,6.419861921468206,False,False,lower_first,no_action,no_action,
downside,2016-06-21 00:00:00,2016-06-21 07:00:00,2016-06-21 07:00:00,2016-06-21 13:00:00,2016-06-22 07:00:00,6,reclaimed,6.419861921468206,False,False,lower_first,no_action,no_action,
downside,2016-06-23 01:00:00,2016-06-23 03:00:00,2016-06-23 08:00:00,2016-06-23 09:00:00,2016-06-24 03:00:00,1,reclaimed,1.582351475556562,False,False,upper_first,no_action,no_action,
downside,2016-06-23 01:00:00,2016-06-23 08:00:00,2016-06-23 08:00:00,2016-06-23 14:00:00,2016-06-24 08:00:00,6,reclaimed,1.582351475556562,False,False,upper_first,no_action,no_action,
downside,2016-07-03 14:00:00,2016-07-03 16:00:00,2016-07-03 21:00:00,2016-07-03 22:00:00,2016-07-04 16:00:00,1,reclaimed,1.6186785340054435,False,False,neither,no_action,no_action,
downside,2016-07-03 14:00:00,2016-07-03 21:00:00,2016-07-03 21:00:00,2016-07-04 03:00:00,2016-07-04 21:00:00,6,reclaimed,1.6186785340054435,False,False,neither,no_action,no_action,
downside,2016-07-07 04:00:00,2016-07-07 06:00:00,2016-07-07 11:00:00,2016-07-07 12:00:00,2016-07-08 06:00:00,1,persistent,1.5357220480505356,True,True,lower_first,lower_first,lower_first,
downside,2016-07-07 04:00:00,2016-07-07 11:00:00,2016-07-07 11:00:00,2016-07-07 17:00:00,2016-07-08 11:00:00,6,persistent,1.5357220480505356,True,True,upper_first,upper_first,upper_first,
downside,2016-07-21 02:00:00,2016-07-21 04:00:00,2016-07-21 09:00:00,2016-07-21 10:00:00,2016-07-22 04:00:00,1,reclaimed,0.6163426096880753,False,False,neither,no_action,no_action,
downside,2016-07-21 02:00:00,2016-07-21 09:00:00,2016-07-21 09:00:00,2016-07-21 15:00:00,2016-07-22 09:00:00,6,reclaimed,0.6163426096880753,False,False,neither,no_action,no_action,
downside,2016-07-22 13:00:00,2016-07-22 15:00:00,2016-07-22 20:00:00,2016-07-22 21:00:00,2016-07-23 15:00:00,1,stalled_below,2.513711617593089,False,False,neither,no_action,no_action,
downside,2016-07-22 13:00:00,2016-07-22 20:00:00,2016-07-22 20:00:00,2016-07-23 02:00:00,2016-07-23 20:00:00,6,stalled_below,2.513711617593089,False,False,neither,no_action,no_action,
downside,2016-07-26 06:00:00,2016-07-26 08:00:00,2016-07-26 13:00:00,2016-07-26 14:00:00,2016-07-27 08:00:00,1,stalled_below,1.143169947745393,False,False,neither,no_action,no_action,
downside,2016-07-26 06:00:00,2016-07-26 13:00:00,2016-07-26 13:00:00,2016-07-26 19:00:00,2016-07-27 13:00:00,6,stalled_below,1.143169947745393,False,False,neither,no_action,no_action,
downside,2016-07-31 02:00:00,2016-07-31 04:00:00,2016-07-31 09:00:00,2016-07-31 10:00:00,2016-08-01 04:00:00,1,stalled_below,1.991175743554074,False,False,neither,no_action,no_action,
downside,2016-07-31 02:00:00,2016-07-31 09:00:00,2016-07-31 09:00:00,2016-07-31 15:00:00,2016-08-01 09:00:00,6,stalled_below,1.991175743554074,False,False,neither,no_action,no_action,
downside,2016-08-01 18:00:00,2016-08-01 20:00:00,2016-08-02 01:00:00,2016-08-02 02:00:00,2016-08-02 20:00:00,1,persistent,3.185328142095881,True,True,lower_first,lower_first,lower_first,
downside,2016-08-01 18:00:00,2016-08-02 01:00:00,2016-08-02 01:00:00,2016-08-02 07:00:00,2016-08-03 01:00:00,6,persistent,3.185328142095881,True,True,lower_first,lower_first,lower_first,
downside,2016-08-02 21:00:00,2016-08-02 23:00:00,2016-08-03 04:00:00,2016-08-03 05:00:00,2016-08-03 23:00:00,1,stalled_below,7.791752818017533,False,False,ambiguous,no_action,no_action,
downside,2016-08-02 21:00:00,2016-08-03 04:00:00,2016-08-03 04:00:00,2016-08-03 10:00:00,2016-08-04 04:00:00,6,stalled_below,7.791752818017533,False,False,upper_first,no_action,no_action,
downside,2016-08-09 18:00:00,2016-08-09 20:00:00,2016-08-10 01:00:00,2016-08-10 02:00:00,2016-08-10 20:00:00,1,reclaimed,1.6204660244058724,False,False,neither,no_action,no_action,
downside,2016-08-09 18:00:00,2016-08-10 01:00:00,2016-08-10 01:00:00,2016-08-10 07:00:00,2016-08-11 01:00:00,6,reclaimed,1.6204660244058724,False,False,neither,no_action,no_action,
downside,2016-08-14 03:00:00,2016-08-14 05:00:00,2016-08-14 10:00:00,2016-08-14 11:00:00,2016-08-15 05:00:00,1,reclaimed,0.5548488411601717,False,False,neither,no_action,no_action,
downside,2016-08-14 03:00:00,2016-08-14 10:00:00,2016-08-14 10:00:00,2016-08-14 16:00:00,2016-08-15 10:00:00,6,reclaimed,0.5548488411601717,False,False,neither,no_action,no_action,
downside,2016-08-15 15:00:00,2016-08-15 17:00:00,2016-08-15 22:00:00,2016-08-15 23:00:00,2016-08-16 17:00:00,1,reclaimed,1.6298389800685973,False,False,neither,no_action,no_action,
downside,2016-08-15 15:00:00,2016-08-15 22:00:00,2016-08-15 22:00:00,2016-08-16 04:00:00,2016-08-16 22:00:00,6,reclaimed,1.6298389800685973,False,False,neither,no_action,no_action,
downside,2016-08-23 18:00:00,2016-08-23 20:00:00,2016-08-24 01:00:00,2016-08-24 02:00:00,2016-08-24 20:00:00,1,reclaimed,1.9530113153025697,False,False,neither,no_action,no_action,
downside,2016-08-23 18:00:00,2016-08-24 01:00:00,2016-08-24 01:00:00,2016-08-24 07:00:00,2016-08-25 01:00:00,6,reclaimed,1.9530113153025697,False,False,neither,no_action,no_action,
downside,2016-08-25 05:00:00,2016-08-25 07:00:00,2016-08-25 12:00:00,2016-08-25 13:00:00,2016-08-26 07:00:00,1,persistent,0.4291351596965015,True,False,neither,neither,no_action,
downside,2016-08-25 05:00:00,2016-08-25 12:00:00,2016-08-25 12:00:00,2016-08-25 18:00:00,2016-08-26 12:00:00,6,persistent,0.4291351596965015,True,False,neither,neither,no_action,
downside,2016-08-27 15:00:00,2016-08-27 17:00:00,2016-08-27 22:00:00,2016-08-27 23:00:00,2016-08-28 17:00:00,1,stalled_below,1.1804032617090066,False,False,neither,no_action,no_action,
downside,2016-08-27 15:00:00,2016-08-27 22:00:00,2016-08-27 22:00:00,2016-08-28 04:00:00,2016-08-28 22:00:00,6,stalled_below,1.1804032617090066,False,False,neither,no_action,no_action,
downside,2016-09-11 19:00:00,2016-09-11 21:00:00,2016-09-12 02:00:00,2016-09-12 03:00:00,2016-09-12 21:00:00,1,stalled_below,1.726057075385503,False,False,neither,no_action,no_action,
downside,2016-09-11 19:00:00,2016-09-12 02:00:00,2016-09-12 02:00:00,2016-09-12 08:00:00,2016-09-13 02:00:00,6,stalled_below,1.726057075385503,False,False,neither,no_action,no_action,
downside,2016-10-18 15:00:00,2016-10-18 17:00:00,2016-10-18 22:00:00,2016-10-18 23:00:00,2016-10-19 17:00:00,1,persistent,1.9347588013841577,True,True,neither,neither,neither,
downside,2016-10-18 15:00:00,2016-10-18 22:00:00,2016-10-18 22:00:00,2016-10-19 04:00:00,2016-10-19 22:00:00,6,persistent,1.9347588013841577,True,True,neither,neither,neither,
downside,2016-11-03 18:00:00,2016-11-03 20:00:00,2016-11-04 01:00:00,2016-11-04 02:00:00,2016-11-04 20:00:00,1,reclaimed,2.563607588523906,False,False,neither,no_action,no_action,
downside,2016-11-03 18:00:00,2016-11-04 01:00:00,2016-11-04 01:00:00,2016-11-04 07:00:00,2016-11-05 01:00:00,6,reclaimed,2.563607588523906,False,False,neither,no_action,no_action,
downside,2016-11-12 17:00:00,2016-11-12 19:00:00,2016-11-13 00:00:00,2016-11-13 01:00:00,2016-11-13 19:00:00,1,persistent,1.2019570770308867,True,True,neither,neither,neither,
downside,2016-11-12 17:00:00,2016-11-13 00:00:00,2016-11-13 00:00:00,2016-11-13 06:00:00,2016-11-14 00:00:00,6,persistent,1.2019570770308867,True,True,neither,neither,neither,
downside,2016-11-20 18:00:00,2016-11-20 20:00:00,2016-11-21 01:00:00,2016-11-21 02:00:00,2016-11-21 20:00:00,1,reclaimed,1.3668355858688812,False,False,neither,no_action,no_action,
downside,2016-11-20 18:00:00,2016-11-21 01:00:00,2016-11-21 01:00:00,2016-11-21 07:00:00,2016-11-22 01:00:00,6,reclaimed,1.3668355858688812,False,False,neither,no_action,no_action,
downside,2016-12-05 04:00:00,2016-12-05 06:00:00,2016-12-05 11:00:00,2016-12-05 12:00:00,2016-12-06 06:00:00,1,stalled_below,1.103932626964607,False,False,neither,no_action,no_action,
downside,2016-12-05 04:00:00,2016-12-05 11:00:00,2016-12-05 11:00:00,2016-12-05 17:00:00,2016-12-06 11:00:00,6,stalled_below,1.103932626964607,False,False,neither,no_action,no_action,
downside,2017-01-05 12:00:00,2017-01-05 14:00:00,2017-01-05 19:00:00,2017-01-05 20:00:00,2017-01-06 14:00:00,1,reclaimed,2.933228946984002,False,False,upper_first,no_action,no_action,
downside,2017-01-05 12:00:00,2017-01-05 19:00:00,2017-01-05 19:00:00,2017-01-06 01:00:00,2017-01-06 19:00:00,6,reclaimed,2.933228946984002,False,False,lower_first,no_action,no_action,
downside,2017-01-07 02:00:00,2017-01-07 04:00:00,2017-01-07 09:00:00,2017-01-07 10:00:00,2017-01-08 04:00:00,1,stalled_below,0.7596406085377428,False,False,upper_first,no_action,no_action,
downside,2017-01-07 02:00:00,2017-01-07 09:00:00,2017-01-07 09:00:00,2017-01-07 15:00:00,2017-01-08 09:00:00,6,stalled_below,0.7596406085377428,False,False,upper_first,no_action,no_action,
downside,2017-01-11 09:00:00,2017-01-11 11:00:00,2017-01-11 16:00:00,2017-01-11 17:00:00,2017-01-12 11:00:00,1,stalled_below,5.393238514436952,False,False,lower_first,no_action,no_action,
downside,2017-01-11 09:00:00,2017-01-11 16:00:00,2017-01-11 16:00:00,2017-01-11 22:00:00,2017-01-12 16:00:00,6,stalled_below,5.393238514436952,False,False,lower_first,no_action,no_action,
downside,2017-01-24 23:00:00,2017-01-25 01:00:00,2017-01-25 06:00:00,2017-01-25 07:00:00,2017-01-26 01:00:00,1,reclaimed,1.134266570223564,False,False,neither,no_action,no_action,
downside,2017-01-24 23:00:00,2017-01-25 06:00:00,2017-01-25 06:00:00,2017-01-25 12:00:00,2017-01-26 06:00:00,6,reclaimed,1.134266570223564,False,False,neither,no_action,no_action,
downside,2017-02-09 13:00:00,2017-02-09 15:00:00,2017-02-09 20:00:00,2017-02-09 21:00:00,2017-02-10 15:00:00,1,stalled_below,5.08003968921045,False,False,neither,no_action,no_action,
downside,2017-02-09 13:00:00,2017-02-09 20:00:00,2017-02-09 20:00:00,2017-02-10 02:00:00,2017-02-10 20:00:00,6,stalled_below,5.08003968921045,False,False,neither,no_action,no_action,
downside,2017-03-07 11:00:00,2017-03-07 13:00:00,2017-03-07 18:00:00,2017-03-07 19:00:00,2017-03-08 13:00:00,1,reclaimed,2.5062880303722297,False,False,lower_first,no_action,no_action,
downside,2017-03-07 11:00:00,2017-03-07 18:00:00,2017-03-07 18:00:00,2017-03-08 00:00:00,2017-03-08 18:00:00,6,reclaimed,2.5062880303722297,False,False,lower_first,no_action,no_action,
downside,2017-03-10 21:00:00,2017-03-10 23:00:00,2017-03-11 04:00:00,2017-03-11 05:00:00,2017-03-11 23:00:00,1,reclaimed,4.375001035687307,False,False,upper_first,no_action,no_action,
downside,2017-03-10 21:00:00,2017-03-11 04:00:00,2017-03-11 04:00:00,2017-03-11 10:00:00,2017-03-12 04:00:00,6,reclaimed,4.375001035687307,False,False,neither,no_action,no_action,
downside,2017-03-16 19:00:00,2017-03-16 21:00:00,2017-03-17 02:00:00,2017-03-17 03:00:00,2017-03-17 21:00:00,1,stalled_below,3.3798806714070437,False,False,neither,no_action,no_action,
downside,2017-03-16 19:00:00,2017-03-17 02:00:00,2017-03-17 02:00:00,2017-03-17 08:00:00,2017-03-18 02:00:00,6,stalled_below,3.3798806714070437,False,False,upper_first,no_action,no_action,
downside,2017-03-17 23:00:00,2017-03-18 01:00:00,2017-03-18 06:00:00,2017-03-18 07:00:00,2017-03-19 01:00:00,1,persistent,1.4155501511146908,True,True,lower_first,lower_first,lower_first,
downside,2017-03-17 23:00:00,2017-03-18 06:00:00,2017-03-18 06:00:00,2017-03-18 12:00:00,2017-03-19 06:00:00,6,persistent,1.4155501511146908,True,True,lower_first,lower_first,lower_first,
downside,2017-03-24 12:00:00,2017-03-24 14:00:00,2017-03-24 19:00:00,2017-03-24 20:00:00,2017-03-25 14:00:00,1,persistent,2.3412316011043703,True,True,lower_first,lower_first,lower_first,
downside,2017-03-24 12:00:00,2017-03-24 19:00:00,2017-03-24 19:00:00,2017-03-25 01:00:00,2017-03-25 19:00:00,6,persistent,2.3412316011043703,True,True,neither,neither,neither,
downside,2017-04-13 06:00:00,2017-04-13 08:00:00,2017-04-13 13:00:00,2017-04-13 14:00:00,2017-04-14 08:00:00,1,stalled_below,0.8755510093339409,False,False,neither,no_action,no_action,
downside,2017-04-13 06:00:00,2017-04-13 13:00:00,2017-04-13 13:00:00,2017-04-13 19:00:00,2017-04-14 13:00:00,6,stalled_below,0.8755510093339409,False,False,neither,no_action,no_action,
downside,2017-05-12 19:00:00,2017-05-12 21:00:00,2017-05-13 02:00:00,2017-05-13 03:00:00,2017-05-13 21:00:00,1,persistent,1.761457026822134,True,True,upper_first,upper_first,upper_first,
downside,2017-05-12 19:00:00,2017-05-13 02:00:00,2017-05-13 02:00:00,2017-05-13 08:00:00,2017-05-14 02:00:00,6,persistent,1.761457026822134,True,True,upper_first,upper_first,upper_first,
downside,2017-05-26 18:00:00,2017-05-26 20:00:00,2017-05-27 01:00:00,2017-05-27 02:00:00,2017-05-27 20:00:00,1,reclaimed,1.915718207206611,False,False,lower_first,no_action,no_action,
downside,2017-05-26 18:00:00,2017-05-27 01:00:00,2017-05-27 01:00:00,2017-05-27 07:00:00,2017-05-28 01:00:00,6,reclaimed,1.915718207206611,False,False,lower_first,no_action,no_action,
downside,2017-06-12 10:00:00,2017-06-12 12:00:00,2017-06-12 17:00:00,2017-06-12 18:00:00,2017-06-13 12:00:00,1,persistent,3.1125994784313864,True,True,upper_first,upper_first,upper_first,
downside,2017-06-12 10:00:00,2017-06-12 17:00:00,2017-06-12 17:00:00,2017-06-12 23:00:00,2017-06-13 17:00:00,6,persistent,3.1125994784313864,True,True,upper_first,upper_first,upper_first,
downside,2017-06-14 22:00:00,2017-06-15 00:00:00,2017-06-15 05:00:00,2017-06-15 06:00:00,2017-06-16 00:00:00,1,reclaimed,1.5227713932603193,False,False,lower_first,no_action,no_action,
downside,2017-06-14 22:00:00,2017-06-15 05:00:00,2017-06-15 05:00:00,2017-06-15 11:00:00,2017-06-16 05:00:00,6,reclaimed,1.5227713932603193,False,False,lower_first,no_action,no_action,
downside,2017-06-24 19:00:00,2017-06-24 21:00:00,2017-06-25 02:00:00,2017-06-25 03:00:00,2017-06-25 21:00:00,1,stalled_below,2.0014608194303993,False,False,neither,no_action,no_action,
downside,2017-06-24 19:00:00,2017-06-25 02:00:00,2017-06-25 02:00:00,2017-06-25 08:00:00,2017-06-26 02:00:00,6,stalled_below,2.0014608194303993,False,False,lower_first,no_action,no_action,
downside,2017-06-26 14:00:00,2017-06-26 16:00:00,2017-06-26 21:00:00,2017-06-26 22:00:00,2017-06-27 16:00:00,1,persistent,2.641845649224358,True,True,upper_first,upper_first,upper_first,
downside,2017-06-26 14:00:00,2017-06-26 21:00:00,2017-06-26 21:00:00,2017-06-27 03:00:00,2017-06-27 21:00:00,6,persistent,2.641845649224358,True,True,lower_first,lower_first,lower_first,
downside,2017-07-01 01:00:00,2017-07-01 03:00:00,2017-07-01 08:00:00,2017-07-01 09:00:00,2017-07-02 03:00:00,1,reclaimed,0.9076182634448701,False,False,neither,no_action,no_action,
downside,2017-07-01 01:00:00,2017-07-01 08:00:00,2017-07-01 08:00:00,2017-07-01 14:00:00,2017-07-02 08:00:00,6,reclaimed,0.9076182634448701,False,False,neither,no_action,no_action,
downside,2017-07-07 12:00:00,2017-07-07 14:00:00,2017-07-07 19:00:00,2017-07-07 20:00:00,2017-07-08 14:00:00,1,stalled_below,1.729115088991506,False,False,neither,no_action,no_action,
downside,2017-07-07 12:00:00,2017-07-07 19:00:00,2017-07-07 19:00:00,2017-07-08 01:00:00,2017-07-08 19:00:00,6,stalled_below,1.729115088991506,False,False,neither,no_action,no_action,
downside,2017-07-10 13:00:00,2017-07-10 15:00:00,2017-07-10 20:00:00,2017-07-10 21:00:00,2017-07-11 15:00:00,1,stalled_below,3.4474129044055277,False,False,lower_first,no_action,no_action,
downside,2017-07-10 13:00:00,2017-07-10 20:00:00,2017-07-10 20:00:00,2017-07-11 02:00:00,2017-07-11 20:00:00,6,stalled_below,3.4474129044055277,False,False,neither,no_action,no_action,
downside,2017-07-14 15:00:00,2017-07-14 17:00:00,2017-07-14 22:00:00,2017-07-14 23:00:00,2017-07-15 17:00:00,1,persistent,2.03134182265158,True,True,lower_first,lower_first,lower_first,
downside,2017-07-14 15:00:00,2017-07-14 22:00:00,2017-07-14 22:00:00,2017-07-15 04:00:00,2017-07-15 22:00:00,6,persistent,2.03134182265158,True,True,lower_first,lower_first,lower_first,
downside,2017-07-15 23:00:00,2017-07-16 01:00:00,2017-07-16 06:00:00,2017-07-16 07:00:00,2017-07-17 01:00:00,1,reclaimed,1.452245436049212,False,False,lower_first,no_action,no_action,
downside,2017-07-15 23:00:00,2017-07-16 06:00:00,2017-07-16 06:00:00,2017-07-16 12:00:00,2017-07-17 06:00:00,6,reclaimed,1.452245436049212,False,False,upper_first,no_action,no_action,
downside,2017-07-25 06:00:00,2017-07-25 08:00:00,2017-07-25 13:00:00,2017-07-25 14:00:00,2017-07-26 08:00:00,1,persistent,2.2072561181571158,True,True,neither,neither,neither,
downside,2017-07-25 06:00:00,2017-07-25 13:00:00,2017-07-25 13:00:00,2017-07-25 19:00:00,2017-07-26 13:00:00,6,persistent,2.2072561181571158,True,True,upper_first,upper_first,upper_first,
downside,2017-07-26 15:00:00,2017-07-26 17:00:00,2017-07-26 22:00:00,2017-07-26 23:00:00,2017-07-27 17:00:00,1,reclaimed,1.2401837947665602,False,False,upper_first,no_action,no_action,
downside,2017-07-26 15:00:00,2017-07-26 22:00:00,2017-07-26 22:00:00,2017-07-27 04:00:00,2017-07-27 22:00:00,6,reclaimed,1.2401837947665602,False,False,upper_first,no_action,no_action,
downside,2017-08-02 21:00:00,2017-08-02 23:00:00,2017-08-03 04:00:00,2017-08-03 05:00:00,2017-08-03 23:00:00,1,reclaimed,0.6750497571616775,False,False,upper_first,no_action,no_action,
downside,2017-08-02 21:00:00,2017-08-03 04:00:00,2017-08-03 04:00:00,2017-08-03 10:00:00,2017-08-04 04:00:00,6,reclaimed,0.6750497571616775,False,False,neither,no_action,no_action,
downside,2017-08-22 00:00:00,2017-08-22 02:00:00,2017-08-22 07:00:00,2017-08-22 08:00:00,2017-08-23 02:00:00,1,persistent,4.053910118089481,True,True,upper_first,upper_first,upper_first,
downside,2017-08-22 00:00:00,2017-08-22 07:00:00,2017-08-22 07:00:00,2017-08-22 13:00:00,2017-08-23 07:00:00,6,persistent,4.053910118089481,True,True,upper_first,upper_first,upper_first,
downside,2017-09-04 07:00:00,2017-09-04 09:00:00,2017-09-04 14:00:00,2017-09-04 15:00:00,2017-09-05 09:00:00,1,persistent,1.7516057706811652,True,True,upper_first,upper_first,upper_first,
downside,2017-09-04 07:00:00,2017-09-04 14:00:00,2017-09-04 14:00:00,2017-09-04 20:00:00,2017-09-05 14:00:00,6,persistent,1.7516057706811652,True,True,lower_first,lower_first,lower_first,
downside,2017-09-08 19:00:00,2017-09-08 21:00:00,2017-09-09 02:00:00,2017-09-09 03:00:00,2017-09-09 21:00:00,1,reclaimed,2.518651158393313,False,False,neither,no_action,no_action,
downside,2017-09-08 19:00:00,2017-09-09 02:00:00,2017-09-09 02:00:00,2017-09-09 08:00:00,2017-09-10 02:00:00,6,reclaimed,2.518651158393313,False,False,neither,no_action,no_action,
downside,2017-09-12 18:00:00,2017-09-12 20:00:00,2017-09-13 01:00:00,2017-09-13 02:00:00,2017-09-13 20:00:00,1,reclaimed,1.807921519116807,False,False,lower_first,no_action,no_action,
downside,2017-09-12 18:00:00,2017-09-13 01:00:00,2017-09-13 01:00:00,2017-09-13 07:00:00,2017-09-14 01:00:00,6,reclaimed,1.807921519116807,False,False,lower_first,no_action,no_action,
downside,2017-09-14 11:00:00,2017-09-14 13:00:00,2017-09-14 18:00:00,2017-09-14 19:00:00,2017-09-15 13:00:00,1,persistent,5.504887418396672,True,True,lower_first,lower_first,lower_first,
downside,2017-09-14 11:00:00,2017-09-14 18:00:00,2017-09-14 18:00:00,2017-09-15 00:00:00,2017-09-15 18:00:00,6,persistent,5.504887418396672,True,True,upper_first,upper_first,upper_first,
downside,2017-09-21 14:00:00,2017-09-21 16:00:00,2017-09-21 21:00:00,2017-09-21 22:00:00,2017-09-22 16:00:00,1,persistent,2.8878633046694833,True,True,upper_first,upper_first,upper_first,
downside,2017-09-21 14:00:00,2017-09-21 21:00:00,2017-09-21 21:00:00,2017-09-22 03:00:00,2017-09-22 21:00:00,6,persistent,2.8878633046694833,True,True,upper_first,upper_first,upper_first,
downside,2017-09-22 15:00:00,2017-09-22 17:00:00,2017-09-22 22:00:00,2017-09-22 23:00:00,2017-09-23 17:00:00,1,reclaimed,1.3018378409866351,False,False,upper_first,no_action,no_action,
downside,2017-09-22 15:00:00,2017-09-22 22:00:00,2017-09-22 22:00:00,2017-09-23 04:00:00,2017-09-23 22:00:00,6,reclaimed,1.3018378409866351,False,False,upper_first,no_action,no_action,
downside,2017-10-03 13:00:00,2017-10-03 15:00:00,2017-10-03 20:00:00,2017-10-03 21:00:00,2017-10-04 15:00:00,1,reclaimed,1.3758222265083742,False,False,neither,no_action,no_action,
downside,2017-10-03 13:00:00,2017-10-03 20:00:00,2017-10-03 20:00:00,2017-10-04 02:00:00,2017-10-04 20:00:00,6,reclaimed,1.3758222265083742,False,False,neither,no_action,no_action,
downside,2017-10-05 04:00:00,2017-10-05 06:00:00,2017-10-05 11:00:00,2017-10-05 12:00:00,2017-10-06 06:00:00,1,reclaimed,0.5347930285162581,False,False,upper_first,no_action,no_action,
downside,2017-10-05 04:00:00,2017-10-05 11:00:00,2017-10-05 11:00:00,2017-10-05 17:00:00,2017-10-06 11:00:00,6,reclaimed,0.5347930285162581,False,False,neither,no_action,no_action,
downside,2017-10-18 06:00:00,2017-10-18 08:00:00,2017-10-18 13:00:00,2017-10-18 14:00:00,2017-10-19 08:00:00,1,persistent,1.4482694074805904,True,True,upper_first,upper_first,upper_first,
downside,2017-10-18 06:00:00,2017-10-18 13:00:00,2017-10-18 13:00:00,2017-10-18 19:00:00,2017-10-19 13:00:00,6,persistent,1.4482694074805904,True,True,upper_first,upper_first,upper_first,
downside,2017-10-24 21:00:00,2017-10-24 23:00:00,2017-10-25 04:00:00,2017-10-25 05:00:00,2017-10-25 23:00:00,1,reclaimed,2.1893312767794413,False,False,upper_first,no_action,no_action,
downside,2017-10-24 21:00:00,2017-10-25 04:00:00,2017-10-25 04:00:00,2017-10-25 10:00:00,2017-10-26 04:00:00,6,reclaimed,2.1893312767794413,False,False,neither,no_action,no_action,
downside,2017-11-10 11:00:00,2017-11-10 13:00:00,2017-11-10 18:00:00,2017-11-10 19:00:00,2017-11-11 13:00:00,1,stalled_below,2.5372878070707494,False,False,upper_first,no_action,no_action,
downside,2017-11-10 11:00:00,2017-11-10 18:00:00,2017-11-10 18:00:00,2017-11-11 00:00:00,2017-11-11 18:00:00,6,stalled_below,2.5372878070707494,False,False,upper_first,no_action,no_action,
downside,2017-11-11 12:00:00,2017-11-11 14:00:00,2017-11-11 19:00:00,2017-11-11 20:00:00,2017-11-12 14:00:00,1,persistent,2.0331209058569453,True,True,lower_first,lower_first,lower_first,
downside,2017-11-11 12:00:00,2017-11-11 19:00:00,2017-11-11 19:00:00,2017-11-12 01:00:00,2017-11-12 19:00:00,6,persistent,2.0331209058569453,True,True,lower_first,lower_first,lower_first,
downside,2017-12-10 03:00:00,2017-12-10 05:00:00,2017-12-10 10:00:00,2017-12-10 11:00:00,2017-12-11 05:00:00,1,reclaimed,0.861696453816057,False,False,upper_first,no_action,no_action,
downside,2017-12-10 03:00:00,2017-12-10 10:00:00,2017-12-10 10:00:00,2017-12-10 16:00:00,2017-12-11 10:00:00,6,reclaimed,0.861696453816057,False,False,lower_first,no_action,no_action,
downside,2017-12-19 11:00:00,2017-12-19 13:00:00,2017-12-19 18:00:00,2017-12-19 19:00:00,2017-12-20 13:00:00,1,reclaimed,1.4236708281473052,False,False,lower_first,no_action,no_action,
downside,2017-12-19 11:00:00,2017-12-19 18:00:00,2017-12-19 18:00:00,2017-12-20 00:00:00,2017-12-20 18:00:00,6,reclaimed,1.4236708281473052,False,False,lower_first,no_action,no_action,
downside,2017-12-22 13:00:00,2017-12-22 15:00:00,2017-12-22 20:00:00,2017-12-22 21:00:00,2017-12-23 15:00:00,1,reclaimed,4.469840309918435,False,False,upper_first,no_action,no_action,
downside,2017-12-22 13:00:00,2017-12-22 20:00:00,2017-12-22 20:00:00,2017-12-23 02:00:00,2017-12-23 20:00:00,6,reclaimed,4.469840309918435,False,False,upper_first,no_action,no_action,
downside,2017-12-28 18:00:00,2017-12-28 20:00:00,2017-12-29 01:00:00,2017-12-29 02:00:00,2017-12-29 20:00:00,1,reclaimed,1.1566695356876158,False,False,upper_first,no_action,no_action,
downside,2017-12-28 18:00:00,2017-12-29 01:00:00,2017-12-29 01:00:00,2017-12-29 07:00:00,2017-12-30 01:00:00,6,reclaimed,1.1566695356876158,False,False,lower_first,no_action,no_action,
downside,2017-12-30 13:00:00,2017-12-30 15:00:00,2017-12-30 20:00:00,2017-12-30 21:00:00,2017-12-31 15:00:00,1,stalled_below,2.0953612530028134,False,False,neither,no_action,no_action,
downside,2017-12-30 13:00:00,2017-12-30 20:00:00,2017-12-30 20:00:00,2017-12-31 02:00:00,2017-12-31 20:00:00,6,stalled_below,2.0953612530028134,False,False,upper_first,no_action,no_action,
downside,2018-01-08 09:00:00,2018-01-08 11:00:00,2018-01-08 16:00:00,2018-01-08 17:00:00,2018-01-09 11:00:00,1,persistent,2.512681050902302,True,True,upper_first,upper_first,upper_first,
downside,2018-01-08 09:00:00,2018-01-08 16:00:00,2018-01-08 16:00:00,2018-01-08 22:00:00,2018-01-09 16:00:00,6,persistent,2.512681050902302,True,True,neither,neither,neither,
downside,2018-01-10 08:00:00,2018-01-10 10:00:00,2018-01-10 15:00:00,2018-01-10 16:00:00,2018-01-11 10:00:00,1,stalled_below,1.0122762479341973,False,False,upper_first,no_action,no_action,
downside,2018-01-10 08:00:00,2018-01-10 15:00:00,2018-01-10 15:00:00,2018-01-10 21:00:00,2018-01-11 15:00:00,6,stalled_below,1.0122762479341973,False,False,upper_first,no_action,no_action,
downside,2018-01-16 01:00:00,2018-01-16 03:00:00,2018-01-16 08:00:00,2018-01-16 09:00:00,2018-01-17 03:00:00,1,persistent,2.660192769390876,True,True,lower_first,lower_first,lower_first,
downside,2018-01-16 01:00:00,2018-01-16 08:00:00,2018-01-16 08:00:00,2018-01-16 14:00:00,2018-01-17 08:00:00,6,persistent,2.660192769390876,True,True,upper_first,upper_first,upper_first,
downside,2018-01-17 14:00:00,2018-01-17 16:00:00,2018-01-17 21:00:00,2018-01-17 22:00:00,2018-01-18 16:00:00,1,reclaimed,4.473489268893876,False,False,lower_first,no_action,no_action,
downside,2018-01-17 14:00:00,2018-01-17 21:00:00,2018-01-17 21:00:00,2018-01-18 03:00:00,2018-01-18 21:00:00,6,reclaimed,4.473489268893876,False,False,lower_first,no_action,no_action,
downside,2018-01-22 13:00:00,2018-01-22 15:00:00,2018-01-22 20:00:00,2018-01-22 21:00:00,2018-01-23 15:00:00,1,stalled_below,2.360710981112625,False,False,upper_first,no_action,no_action,
downside,2018-01-22 13:00:00,2018-01-22 20:00:00,2018-01-22 20:00:00,2018-01-23 02:00:00,2018-01-23 20:00:00,6,stalled_below,2.360710981112625,False,False,lower_first,no_action,no_action,
downside,2018-01-30 13:00:00,2018-01-30 15:00:00,2018-01-30 20:00:00,2018-01-30 21:00:00,2018-01-31 15:00:00,1,persistent,6.143524591907098,True,True,upper_first,upper_first,upper_first,
downside,2018-01-30 13:00:00,2018-01-30 20:00:00,2018-01-30 20:00:00,2018-01-31 02:00:00,2018-01-31 20:00:00,6,persistent,6.143524591907098,True,True,upper_first,upper_first,upper_first,
downside,2018-02-05 14:00:00,2018-02-05 16:00:00,2018-02-05 21:00:00,2018-02-05 22:00:00,2018-02-06 16:00:00,1,persistent,5.48663924728424,True,True,lower_first,lower_first,lower_first,
downside,2018-02-05 14:00:00,2018-02-05 21:00:00,2018-02-05 21:00:00,2018-02-06 03:00:00,2018-02-06 21:00:00,6,persistent,5.48663924728424,True,True,lower_first,lower_first,lower_first,
downside,2018-02-22 10:00:00,2018-02-22 12:00:00,2018-02-22 17:00:00,2018-02-22 18:00:00,2018-02-23 12:00:00,1,persistent,1.8095203924881638,True,True,upper_first,upper_first,upper_first,
downside,2018-02-22 10:00:00,2018-02-22 17:00:00,2018-02-22 17:00:00,2018-02-22 23:00:00,2018-02-23 17:00:00,6,persistent,1.8095203924881638,True,True,upper_first,upper_first,upper_first,
downside,2018-02-24 20:00:00,2018-02-24 22:00:00,2018-02-25 03:00:00,2018-02-25 04:00:00,2018-02-25 22:00:00,1,reclaimed,0.6763073583518051,False,False,neither,no_action,no_action,
downside,2018-02-24 20:00:00,2018-02-25 03:00:00,2018-02-25 03:00:00,2018-02-25 09:00:00,2018-02-26 03:00:00,6,reclaimed,0.6763073583518051,False,False,neither,no_action,no_action,
downside,2018-03-06 10:00:00,2018-03-06 12:00:00,2018-03-06 17:00:00,2018-03-06 18:00:00,2018-03-07 12:00:00,1,stalled_below,1.8534994647038368,False,False,neither,no_action,no_action,
downside,2018-03-06 10:00:00,2018-03-06 17:00:00,2018-03-06 17:00:00,2018-03-06 23:00:00,2018-03-07 17:00:00,6,stalled_below,1.8534994647038368,False,False,lower_first,no_action,no_action,
downside,2018-03-07 16:00:00,2018-03-07 18:00:00,2018-03-07 23:00:00,2018-03-08 00:00:00,2018-03-08 18:00:00,1,stalled_below,6.319462514402479,False,False,lower_first,no_action,no_action,
downside,2018-03-07 16:00:00,2018-03-07 23:00:00,2018-03-07 23:00:00,2018-03-08 05:00:00,2018-03-08 23:00:00,6,stalled_below,6.319462514402479,False,False,upper_first,no_action,no_action,
downside,2018-03-08 17:00:00,2018-03-08 19:00:00,2018-03-09 00:00:00,2018-03-09 01:00:00,2018-03-09 19:00:00,1,stalled_below,1.5879560962951949,False,False,lower_first,no_action,no_action,
downside,2018-03-08 17:00:00,2018-03-09 00:00:00,2018-03-09 00:00:00,2018-03-09 06:00:00,2018-03-10 00:00:00,6,stalled_below,1.5879560962951949,False,False,upper_first,no_action,no_action,
downside,2018-03-14 16:00:00,2018-03-14 18:00:00,2018-03-14 23:00:00,2018-03-15 00:00:00,2018-03-15 18:00:00,1,persistent,2.9468939148864806,True,True,lower_first,lower_first,lower_first,
downside,2018-03-14 16:00:00,2018-03-14 23:00:00,2018-03-14 23:00:00,2018-03-15 05:00:00,2018-03-15 23:00:00,6,persistent,2.9468939148864806,True,True,upper_first,upper_first,upper_first,
downside,2018-03-18 02:00:00,2018-03-18 04:00:00,2018-03-18 09:00:00,2018-03-18 10:00:00,2018-03-19 04:00:00,1,reclaimed,0.9238659122212044,False,False,lower_first,no_action,no_action,
downside,2018-03-18 02:00:00,2018-03-18 09:00:00,2018-03-18 09:00:00,2018-03-18 15:00:00,2018-03-19 09:00:00,6,reclaimed,0.9238659122212044,False,False,upper_first,no_action,no_action,
downside,2018-03-23 12:00:00,2018-03-23 14:00:00,2018-03-23 19:00:00,2018-03-23 20:00:00,2018-03-24 14:00:00,1,reclaimed,1.5966444228321528,False,False,upper_first,no_action,no_action,
downside,2018-03-23 12:00:00,2018-03-23 19:00:00,2018-03-23 19:00:00,2018-03-24 01:00:00,2018-03-24 19:00:00,6,reclaimed,1.5966444228321528,False,False,neither,no_action,no_action,
downside,2018-03-26 10:00:00,2018-03-26 12:00:00,2018-03-26 17:00:00,2018-03-26 18:00:00,2018-03-27 12:00:00,1,stalled_below,2.690248798789592,False,False,upper_first,no_action,no_action,
downside,2018-03-26 10:00:00,2018-03-26 17:00:00,2018-03-26 17:00:00,2018-03-26 23:00:00,2018-03-27 17:00:00,6,stalled_below,2.690248798789592,False,False,lower_first,no_action,no_action,
downside,2018-03-29 04:00:00,2018-03-29 06:00:00,2018-03-29 11:00:00,2018-03-29 12:00:00,2018-03-30 06:00:00,1,persistent,1.380278147838975,True,True,lower_first,lower_first,lower_first,
downside,2018-03-29 04:00:00,2018-03-29 11:00:00,2018-03-29 11:00:00,2018-03-29 17:00:00,2018-03-30 11:00:00,6,persistent,1.380278147838975,True,True,lower_first,lower_first,lower_first,
downside,2018-04-01 13:00:00,2018-04-01 15:00:00,2018-04-01 20:00:00,2018-04-01 21:00:00,2018-04-02 15:00:00,1,reclaimed,1.8604956361369696,False,False,upper_first,no_action,no_action,
downside,2018-04-01 13:00:00,2018-04-01 20:00:00,2018-04-01 20:00:00,2018-04-02 02:00:00,2018-04-02 20:00:00,6,reclaimed,1.8604956361369696,False,False,neither,no_action,no_action,
downside,2018-04-05 00:00:00,2018-04-05 02:00:00,2018-04-05 07:00:00,2018-04-05 08:00:00,2018-04-06 02:00:00,1,reclaimed,1.37983389299419,False,False,neither,no_action,no_action,
downside,2018-04-05 00:00:00,2018-04-05 07:00:00,2018-04-05 07:00:00,2018-04-05 13:00:00,2018-04-06 07:00:00,6,reclaimed,1.37983389299419,False,False,upper_first,no_action,no_action,
downside,2018-04-06 10:00:00,2018-04-06 12:00:00,2018-04-06 17:00:00,2018-04-06 18:00:00,2018-04-07 12:00:00,1,reclaimed,0.8540182607693997,False,False,upper_first,no_action,no_action,
downside,2018-04-06 10:00:00,2018-04-06 17:00:00,2018-04-06 17:00:00,2018-04-06 23:00:00,2018-04-07 17:00:00,6,reclaimed,0.8540182607693997,False,False,upper_first,no_action,no_action,
downside,2018-04-17 19:00:00,2018-04-17 21:00:00,2018-04-18 02:00:00,2018-04-18 03:00:00,2018-04-18 21:00:00,1,reclaimed,1.2523690454095333,False,False,upper_first,no_action,no_action,
downside,2018-04-17 19:00:00,2018-04-18 02:00:00,2018-04-18 02:00:00,2018-04-18 08:00:00,2018-04-19 02:00:00,6,reclaimed,1.2523690454095333,False,False,neither,no_action,no_action,
downside,2018-04-25 14:00:00,2018-04-25 16:00:00,2018-04-25 21:00:00,2018-04-25 22:00:00,2018-04-26 16:00:00,1,reclaimed,2.054220094047021,False,False,lower_first,no_action,no_action,
downside,2018-04-25 14:00:00,2018-04-25 21:00:00,2018-04-25 21:00:00,2018-04-26 03:00:00,2018-04-26 21:00:00,6,reclaimed,2.054220094047021,False,False,upper_first,no_action,no_action,
downside,2018-05-07 01:00:00,2018-05-07 03:00:00,2018-05-07 08:00:00,2018-05-07 09:00:00,2018-05-08 03:00:00,1,stalled_below,1.0127003163738904,False,False,neither,no_action,no_action,
downside,2018-05-07 01:00:00,2018-05-07 08:00:00,2018-05-07 08:00:00,2018-05-07 14:00:00,2018-05-08 08:00:00,6,stalled_below,1.0127003163738904,False,False,neither,no_action,no_action,
downside,2018-05-08 12:00:00,2018-05-08 14:00:00,2018-05-08 19:00:00,2018-05-08 20:00:00,2018-05-09 14:00:00,1,reclaimed,1.7744222327889683,False,False,neither,no_action,no_action,
downside,2018-05-08 12:00:00,2018-05-08 19:00:00,2018-05-08 19:00:00,2018-05-09 01:00:00,2018-05-09 19:00:00,6,reclaimed,1.7744222327889683,False,False,neither,no_action,no_action,
downside,2018-05-16 02:00:00,2018-05-16 04:00:00,2018-05-16 09:00:00,2018-05-16 10:00:00,2018-05-17 04:00:00,1,stalled_below,0.9925810826664333,False,False,upper_first,no_action,no_action,
downside,2018-05-16 02:00:00,2018-05-16 09:00:00,2018-05-16 09:00:00,2018-05-16 15:00:00,2018-05-17 09:00:00,6,stalled_below,0.9925810826664333,False,False,upper_first,no_action,no_action,
downside,2018-05-17 22:00:00,2018-05-18 00:00:00,2018-05-18 05:00:00,2018-05-18 06:00:00,2018-05-19 00:00:00,1,stalled_below,1.3671975614262333,False,False,neither,no_action,no_action,
downside,2018-05-17 22:00:00,2018-05-18 05:00:00,2018-05-18 05:00:00,2018-05-18 11:00:00,2018-05-19 05:00:00,6,stalled_below,1.3671975614262333,False,False,neither,no_action,no_action,
downside,2018-05-22 12:00:00,2018-05-22 14:00:00,2018-05-22 19:00:00,2018-05-22 20:00:00,2018-05-23 14:00:00,1,reclaimed,1.607278376859763,False,False,neither,no_action,no_action,
downside,2018-05-22 12:00:00,2018-05-22 19:00:00,2018-05-22 19:00:00,2018-05-23 01:00:00,2018-05-23 19:00:00,6,reclaimed,1.607278376859763,False,False,lower_first,no_action,no_action,
downside,2018-05-23 15:00:00,2018-05-23 17:00:00,2018-05-23 22:00:00,2018-05-23 23:00:00,2018-05-24 17:00:00,1,stalled_below,5.153062479745112,False,False,neither,no_action,no_action,
downside,2018-05-23 15:00:00,2018-05-23 22:00:00,2018-05-23 22:00:00,2018-05-24 04:00:00,2018-05-24 22:00:00,6,stalled_below,5.153062479745112,False,False,neither,no_action,no_action,
downside,2018-05-27 00:00:00,2018-05-27 02:00:00,2018-05-27 07:00:00,2018-05-27 08:00:00,2018-05-28 02:00:00,1,reclaimed,0.5067620932904728,False,False,neither,no_action,no_action,
downside,2018-05-27 00:00:00,2018-05-27 07:00:00,2018-05-27 07:00:00,2018-05-27 13:00:00,2018-05-28 07:00:00,6,reclaimed,0.5067620932904728,False,False,neither,no_action,no_action,
downside,2018-05-28 05:00:00,2018-05-28 07:00:00,2018-05-28 12:00:00,2018-05-28 13:00:00,2018-05-29 07:00:00,1,stalled_below,0.9687674188374972,False,False,neither,no_action,no_action,
downside,2018-05-28 05:00:00,2018-05-28 12:00:00,2018-05-28 12:00:00,2018-05-28 18:00:00,2018-05-29 12:00:00,6,stalled_below,0.9687674188374972,False,False,upper_first,no_action,no_action,
downside,2018-06-09 23:00:00,2018-06-10 01:00:00,2018-06-10 06:00:00,2018-06-10 07:00:00,2018-06-11 01:00:00,1,persistent,3.789813428707613,True,True,lower_first,lower_first,lower_first,
downside,2018-06-09 23:00:00,2018-06-10 06:00:00,2018-06-10 06:00:00,2018-06-10 12:00:00,2018-06-11 06:00:00,6,persistent,3.789813428707613,True,True,lower_first,lower_first,lower_first,
downside,2018-06-12 19:00:00,2018-06-12 21:00:00,2018-06-13 02:00:00,2018-06-13 03:00:00,2018-06-13 21:00:00,1,persistent,1.3902138428077506,True,True,lower_first,lower_first,lower_first,
downside,2018-06-12 19:00:00,2018-06-13 02:00:00,2018-06-13 02:00:00,2018-06-13 08:00:00,2018-06-14 02:00:00,6,persistent,1.3902138428077506,True,True,lower_first,lower_first,lower_first,
downside,2018-06-22 07:00:00,2018-06-22 09:00:00,2018-06-22 14:00:00,2018-06-22 15:00:00,2018-06-23 09:00:00,1,persistent,4.243000053336672,True,True,neither,neither,neither,
downside,2018-06-22 07:00:00,2018-06-22 14:00:00,2018-06-22 14:00:00,2018-06-22 20:00:00,2018-06-23 14:00:00,6,persistent,4.243000053336672,True,True,neither,neither,neither,
downside,2018-06-24 04:00:00,2018-06-24 06:00:00,2018-06-24 11:00:00,2018-06-24 12:00:00,2018-06-25 06:00:00,1,reclaimed,1.8032585108347323,False,False,upper_first,no_action,no_action,
downside,2018-06-24 04:00:00,2018-06-24 11:00:00,2018-06-24 11:00:00,2018-06-24 17:00:00,2018-06-25 11:00:00,6,reclaimed,1.8032585108347323,False,False,neither,no_action,no_action,
downside,2018-06-28 21:00:00,2018-06-28 23:00:00,2018-06-29 04:00:00,2018-06-29 05:00:00,2018-06-29 23:00:00,1,stalled_below,3.2096744573829943,False,False,upper_first,no_action,no_action,
downside,2018-06-28 21:00:00,2018-06-29 04:00:00,2018-06-29 04:00:00,2018-06-29 10:00:00,2018-06-30 04:00:00,6,stalled_below,3.2096744573829943,False,False,upper_first,no_action,no_action,
downside,2018-07-10 09:00:00,2018-07-10 11:00:00,2018-07-10 16:00:00,2018-07-10 17:00:00,2018-07-11 11:00:00,1,stalled_below,3.5602095929729822,False,False,neither,no_action,no_action,
downside,2018-07-10 09:00:00,2018-07-10 16:00:00,2018-07-10 16:00:00,2018-07-10 22:00:00,2018-07-11 16:00:00,6,stalled_below,3.5602095929729822,False,False,neither,no_action,no_action,
downside,2018-07-12 06:00:00,2018-07-12 08:00:00,2018-07-12 13:00:00,2018-07-12 14:00:00,2018-07-13 08:00:00,1,persistent,1.1162454767799883,True,True,neither,neither,neither,
downside,2018-07-12 06:00:00,2018-07-12 13:00:00,2018-07-12 13:00:00,2018-07-12 19:00:00,2018-07-13 13:00:00,6,persistent,1.1162454767799883,True,True,neither,neither,neither,
downside,2018-07-27 12:00:00,2018-07-27 14:00:00,2018-07-27 19:00:00,2018-07-27 20:00:00,2018-07-28 14:00:00,1,reclaimed,2.581549245296602,False,False,neither,no_action,no_action,
downside,2018-07-27 12:00:00,2018-07-27 19:00:00,2018-07-27 19:00:00,2018-07-28 01:00:00,2018-07-28 19:00:00,6,reclaimed,2.581549245296602,False,False,neither,no_action,no_action,
downside,2018-07-30 17:00:00,2018-07-30 19:00:00,2018-07-31 00:00:00,2018-07-31 01:00:00,2018-07-31 19:00:00,1,reclaimed,4.413282184574465,False,False,lower_first,no_action,no_action,
downside,2018-07-30 17:00:00,2018-07-31 00:00:00,2018-07-31 00:00:00,2018-07-31 06:00:00,2018-08-01 00:00:00,6,reclaimed,4.413282184574465,False,False,lower_first,no_action,no_action,
downside,2018-08-01 01:00:00,2018-08-01 03:00:00,2018-08-01 08:00:00,2018-08-01 09:00:00,2018-08-02 03:00:00,1,persistent,2.332940610205197,True,True,neither,neither,neither,
downside,2018-08-01 01:00:00,2018-08-01 08:00:00,2018-08-01 08:00:00,2018-08-01 14:00:00,2018-08-02 08:00:00,6,persistent,2.332940610205197,True,True,neither,neither,neither,
downside,2018-08-03 00:00:00,2018-08-03 02:00:00,2018-08-03 07:00:00,2018-08-03 08:00:00,2018-08-04 02:00:00,1,persistent,1.3181744380054166,True,True,neither,neither,neither,
downside,2018-08-03 00:00:00,2018-08-03 07:00:00,2018-08-03 07:00:00,2018-08-03 13:00:00,2018-08-04 07:00:00,6,persistent,1.3181744380054166,True,True,neither,neither,neither,
downside,2018-08-04 12:00:00,2018-08-04 14:00:00,2018-08-04 19:00:00,2018-08-04 20:00:00,2018-08-05 14:00:00,1,persistent,3.2448189512469447,True,True,neither,neither,neither,
downside,2018-08-04 12:00:00,2018-08-04 19:00:00,2018-08-04 19:00:00,2018-08-05 01:00:00,2018-08-05 19:00:00,6,persistent,3.2448189512469447,True,True,neither,neither,neither,
downside,2018-08-06 21:00:00,2018-08-06 23:00:00,2018-08-07 04:00:00,2018-08-07 05:00:00,2018-08-07 23:00:00,1,reclaimed,1.3062178664695971,False,False,neither,no_action,no_action,
downside,2018-08-06 21:00:00,2018-08-07 04:00:00,2018-08-07 04:00:00,2018-08-07 10:00:00,2018-08-08 04:00:00,6,reclaimed,1.3062178664695971,False,False,lower_first,no_action,no_action,
downside,2018-08-08 00:00:00,2018-08-08 02:00:00,2018-08-08 07:00:00,2018-08-08 08:00:00,2018-08-09 02:00:00,1,persistent,2.9798297041433246,True,True,lower_first,lower_first,lower_first,
downside,2018-08-08 00:00:00,2018-08-08 07:00:00,2018-08-08 07:00:00,2018-08-08 13:00:00,2018-08-09 07:00:00,6,persistent,2.9798297041433246,True,True,lower_first,lower_first,lower_first,
downside,2018-08-14 02:00:00,2018-08-14 04:00:00,2018-08-14 09:00:00,2018-08-14 10:00:00,2018-08-15 04:00:00,1,reclaimed,1.6108081154309997,False,False,upper_first,no_action,no_action,
downside,2018-08-14 02:00:00,2018-08-14 09:00:00,2018-08-14 09:00:00,2018-08-14 15:00:00,2018-08-15 09:00:00,6,reclaimed,1.6108081154309997,False,False,upper_first,no_action,no_action,
downside,2018-08-20 22:00:00,2018-08-21 00:00:00,2018-08-21 05:00:00,2018-08-21 06:00:00,2018-08-22 00:00:00,1,stalled_below,1.6378333980037356,False,False,neither,no_action,no_action,
downside,2018-08-20 22:00:00,2018-08-21 05:00:00,2018-08-21 05:00:00,2018-08-21 11:00:00,2018-08-22 05:00:00,6,stalled_below,1.6378333980037356,False,False,upper_first,no_action,no_action,
downside,2018-09-05 09:00:00,2018-09-05 11:00:00,2018-09-05 16:00:00,2018-09-05 17:00:00,2018-09-06 11:00:00,1,stalled_below,4.463081251130763,False,False,lower_first,no_action,no_action,
downside,2018-09-05 09:00:00,2018-09-05 16:00:00,2018-09-05 16:00:00,2018-09-05 22:00:00,2018-09-06 16:00:00,6,stalled_below,4.463081251130763,False,False,lower_first,no_action,no_action,
downside,2018-09-08 17:00:00,2018-09-08 19:00:00,2018-09-09 00:00:00,2018-09-09 01:00:00,2018-09-09 19:00:00,1,stalled_below,1.5959312954485794,False,False,upper_first,no_action,no_action,
downside,2018-09-08 17:00:00,2018-09-09 00:00:00,2018-09-09 00:00:00,2018-09-09 06:00:00,2018-09-10 00:00:00,6,stalled_below,1.5959312954485794,False,False,upper_first,no_action,no_action,
downside,2018-09-17 15:00:00,2018-09-17 17:00:00,2018-09-17 22:00:00,2018-09-17 23:00:00,2018-09-18 17:00:00,1,persistent,3.4507338736388746,True,True,neither,neither,neither,
downside,2018-09-17 15:00:00,2018-09-17 22:00:00,2018-09-17 22:00:00,2018-09-18 04:00:00,2018-09-18 22:00:00,6,persistent,3.4507338736388746,True,True,neither,neither,neither,
downside,2018-09-19 18:00:00,2018-09-19 20:00:00,2018-09-20 01:00:00,2018-09-20 02:00:00,2018-09-20 20:00:00,1,reclaimed,4.349857493137928,False,False,neither,no_action,no_action,
downside,2018-09-19 18:00:00,2018-09-20 01:00:00,2018-09-20 01:00:00,2018-09-20 07:00:00,2018-09-21 01:00:00,6,reclaimed,4.349857493137928,False,False,neither,no_action,no_action,
downside,2018-09-24 09:00:00,2018-09-24 11:00:00,2018-09-24 16:00:00,2018-09-24 17:00:00,2018-09-25 11:00:00,1,stalled_below,1.2971191339020929,False,False,neither,no_action,no_action,
downside,2018-09-24 09:00:00,2018-09-24 16:00:00,2018-09-24 16:00:00,2018-09-24 22:00:00,2018-09-25 16:00:00,6,stalled_below,1.2971191339020929,False,False,neither,no_action,no_action,
downside,2018-09-25 18:00:00,2018-09-25 20:00:00,2018-09-26 01:00:00,2018-09-26 02:00:00,2018-09-26 20:00:00,1,reclaimed,1.8812537888388043,False,False,neither,no_action,no_action,
downside,2018-09-25 18:00:00,2018-09-26 01:00:00,2018-09-26 01:00:00,2018-09-26 07:00:00,2018-09-27 01:00:00,6,reclaimed,1.8812537888388043,False,False,neither,no_action,no_action,
downside,2018-10-03 03:00:00,2018-10-03 05:00:00,2018-10-03 10:00:00,2018-10-03 11:00:00,2018-10-04 05:00:00,1,stalled_below,1.0210745675599278,False,False,neither,no_action,no_action,
downside,2018-10-03 03:00:00,2018-10-03 10:00:00,2018-10-03 10:00:00,2018-10-03 16:00:00,2018-10-04 10:00:00,6,stalled_below,1.0210745675599278,False,False,neither,no_action,no_action,
downside,2018-10-10 05:00:00,2018-10-10 07:00:00,2018-10-10 12:00:00,2018-10-10 13:00:00,2018-10-11 07:00:00,1,reclaimed,1.102851278177982,False,False,lower_first,no_action,no_action,
downside,2018-10-10 05:00:00,2018-10-10 12:00:00,2018-10-10 12:00:00,2018-10-10 18:00:00,2018-10-11 12:00:00,6,reclaimed,1.102851278177982,False,False,lower_first,no_action,no_action,
downside,2018-10-23 10:00:00,2018-10-23 12:00:00,2018-10-23 17:00:00,2018-10-23 18:00:00,2018-10-24 12:00:00,1,reclaimed,1.4485959711431524,False,False,neither,no_action,no_action,
downside,2018-10-23 10:00:00,2018-10-23 17:00:00,2018-10-23 17:00:00,2018-10-23 23:00:00,2018-10-24 17:00:00,6,reclaimed,1.4485959711431524,False,False,neither,no_action,no_action,
downside,2018-10-29 11:00:00,2018-10-29 13:00:00,2018-10-29 18:00:00,2018-10-29 19:00:00,2018-10-30 13:00:00,1,stalled_below,4.686343281680037,False,False,neither,no_action,no_action,
downside,2018-10-29 11:00:00,2018-10-29 18:00:00,2018-10-29 18:00:00,2018-10-30 00:00:00,2018-10-30 18:00:00,6,stalled_below,4.686343281680037,False,False,neither,no_action,no_action,
downside,2018-11-09 09:00:00,2018-11-09 11:00:00,2018-11-09 16:00:00,2018-11-09 17:00:00,2018-11-10 11:00:00,1,persistent,0.8790155152636058,True,False,neither,neither,no_action,
downside,2018-11-09 09:00:00,2018-11-09 16:00:00,2018-11-09 16:00:00,2018-11-09 22:00:00,2018-11-10 16:00:00,6,persistent,0.8790155152636058,True,False,neither,neither,no_action,
downside,2018-11-14 10:00:00,2018-11-14 12:00:00,2018-11-14 17:00:00,2018-11-14 18:00:00,2018-11-15 12:00:00,1,persistent,14.80668975970751,True,True,lower_first,lower_first,lower_first,
downside,2018-11-14 10:00:00,2018-11-14 17:00:00,2018-11-14 17:00:00,2018-11-14 23:00:00,2018-11-15 17:00:00,6,persistent,14.80668975970751,True,True,lower_first,lower_first,lower_first,
downside,2018-11-15 14:00:00,2018-11-15 16:00:00,2018-11-15 21:00:00,2018-11-15 22:00:00,2018-11-16 16:00:00,1,reclaimed,4.9908652030965435,False,False,neither,no_action,no_action,
downside,2018-11-15 14:00:00,2018-11-15 21:00:00,2018-11-15 21:00:00,2018-11-16 03:00:00,2018-11-16 21:00:00,6,reclaimed,4.9908652030965435,False,False,neither,no_action,no_action,
downside,2018-11-19 08:00:00,2018-11-19 10:00:00,2018-11-19 15:00:00,2018-11-19 16:00:00,2018-11-20 10:00:00,1,persistent,6.934174591398445,True,True,lower_first,lower_first,lower_first,
downside,2018-11-19 08:00:00,2018-11-19 15:00:00,2018-11-19 15:00:00,2018-11-19 21:00:00,2018-11-20 15:00:00,6,persistent,6.934174591398445,True,True,lower_first,lower_first,lower_first,
downside,2018-11-24 21:00:00,2018-11-24 23:00:00,2018-11-25 04:00:00,2018-11-25 05:00:00,2018-11-25 23:00:00,1,persistent,6.224227997013581,True,True,upper_first,upper_first,upper_first,
downside,2018-11-24 21:00:00,2018-11-25 04:00:00,2018-11-25 04:00:00,2018-11-25 10:00:00,2018-11-26 04:00:00,6,persistent,6.224227997013581,True,True,upper_first,upper_first,upper_first,
downside,2018-12-03 15:00:00,2018-12-03 17:00:00,2018-12-03 22:00:00,2018-12-03 23:00:00,2018-12-04 17:00:00,1,reclaimed,1.8561817958436644,False,False,upper_first,no_action,no_action,
downside,2018-12-03 15:00:00,2018-12-03 22:00:00,2018-12-03 22:00:00,2018-12-04 04:00:00,2018-12-04 22:00:00,6,reclaimed,1.8561817958436644,False,False,upper_first,no_action,no_action,
downside,2018-12-05 16:00:00,2018-12-05 18:00:00,2018-12-05 23:00:00,2018-12-06 00:00:00,2018-12-06 18:00:00,1,stalled_below,1.3761132055941458,False,False,upper_first,no_action,no_action,
downside,2018-12-05 16:00:00,2018-12-05 23:00:00,2018-12-05 23:00:00,2018-12-06 05:00:00,2018-12-06 23:00:00,6,stalled_below,1.3761132055941458,False,False,upper_first,no_action,no_action,
downside,2018-12-06 23:00:00,2018-12-07 01:00:00,2018-12-07 06:00:00,2018-12-07 07:00:00,2018-12-08 01:00:00,1,stalled_below,3.9838508196544384,False,False,upper_first,no_action,no_action,
downside,2018-12-06 23:00:00,2018-12-07 06:00:00,2018-12-07 06:00:00,2018-12-07 12:00:00,2018-12-08 06:00:00,6,stalled_below,3.9838508196544384,False,False,upper_first,no_action,no_action,
downside,2018-12-13 20:00:00,2018-12-13 22:00:00,2018-12-14 03:00:00,2018-12-14 04:00:00,2018-12-14 22:00:00,1,persistent,2.217696275762194,True,True,neither,neither,neither,
downside,2018-12-13 20:00:00,2018-12-14 03:00:00,2018-12-14 03:00:00,2018-12-14 09:00:00,2018-12-15 03:00:00,6,persistent,2.217696275762194,True,True,neither,neither,neither,
downside,2018-12-25 03:00:00,2018-12-25 05:00:00,2018-12-25 10:00:00,2018-12-25 11:00:00,2018-12-26 05:00:00,1,stalled_below,0.7228973259291054,False,False,censored,no_action,no_action,
downside,2018-12-25 03:00:00,2018-12-25 10:00:00,2018-12-25 10:00:00,2018-12-25 16:00:00,2018-12-26 10:00:00,6,stalled_below,0.7228973259291054,False,False,censored,no_action,no_action,
downside,2019-01-10 06:00:00,2019-01-10 08:00:00,2019-01-10 13:00:00,2019-01-10 14:00:00,2019-01-11 08:00:00,1,stalled_below,1.7822675063108124,False,False,lower_first,no_action,no_action,
downside,2019-01-10 06:00:00,2019-01-10 13:00:00,2019-01-10 13:00:00,2019-01-10 19:00:00,2019-01-11 13:00:00,6,stalled_below,1.7822675063108124,False,False,neither,no_action,no_action,
downside,2019-01-13 16:00:00,2019-01-13 18:00:00,2019-01-13 23:00:00,2019-01-14 00:00:00,2019-01-14 18:00:00,1,persistent,1.5330271248220737,True,True,upper_first,upper_first,upper_first,
downside,2019-01-13 16:00:00,2019-01-13 23:00:00,2019-01-13 23:00:00,2019-01-14 05:00:00,2019-01-14 23:00:00,6,persistent,1.5330271248220737,True,True,upper_first,upper_first,upper_first,
downside,2019-01-20 12:00:00,2019-01-20 14:00:00,2019-01-20 19:00:00,2019-01-20 20:00:00,2019-01-21 14:00:00,1,stalled_below,1.664481840467621,False,False,neither,no_action,no_action,
downside,2019-01-20 12:00:00,2019-01-20 19:00:00,2019-01-20 19:00:00,2019-01-21 01:00:00,2019-01-21 19:00:00,6,stalled_below,1.664481840467621,False,False,neither,no_action,no_action,
downside,2019-01-28 03:00:00,2019-01-28 05:00:00,2019-01-28 10:00:00,2019-01-28 11:00:00,2019-01-29 05:00:00,1,stalled_below,4.147261083419042,False,False,neither,no_action,no_action,
downside,2019-01-28 03:00:00,2019-01-28 10:00:00,2019-01-28 10:00:00,2019-01-28 16:00:00,2019-01-29 10:00:00,6,stalled_below,4.147261083419042,False,False,neither,no_action,no_action,
downside,2019-01-29 07:00:00,2019-01-29 09:00:00,2019-01-29 14:00:00,2019-01-29 15:00:00,2019-01-30 09:00:00,1,reclaimed,0.9679060284433467,False,False,neither,no_action,no_action,
downside,2019-01-29 07:00:00,2019-01-29 14:00:00,2019-01-29 14:00:00,2019-01-29 20:00:00,2019-01-30 14:00:00,6,reclaimed,0.9679060284433467,False,False,neither,no_action,no_action,
downside,2019-02-06 01:00:00,2019-02-06 03:00:00,2019-02-06 08:00:00,2019-02-06 09:00:00,2019-02-07 03:00:00,1,stalled_below,1.0645661427941004,False,False,neither,no_action,no_action,
downside,2019-02-06 01:00:00,2019-02-06 08:00:00,2019-02-06 08:00:00,2019-02-06 14:00:00,2019-02-07 08:00:00,6,stalled_below,1.0645661427941004,False,False,neither,no_action,no_action,
downside,2019-02-12 00:00:00,2019-02-12 02:00:00,2019-02-12 07:00:00,2019-02-12 08:00:00,2019-02-13 02:00:00,1,reclaimed,1.1306289360868895,False,False,neither,no_action,no_action,
downside,2019-02-12 00:00:00,2019-02-12 07:00:00,2019-02-12 07:00:00,2019-02-12 13:00:00,2019-02-13 07:00:00,6,reclaimed,1.1306289360868895,False,False,neither,no_action,no_action,
downside,2019-02-24 14:00:00,2019-02-24 16:00:00,2019-02-24 21:00:00,2019-02-24 22:00:00,2019-02-25 16:00:00,1,stalled_below,3.0069455800098197,False,False,neither,no_action,no_action,
downside,2019-02-24 14:00:00,2019-02-24 21:00:00,2019-02-24 21:00:00,2019-02-25 03:00:00,2019-02-25 21:00:00,6,stalled_below,3.0069455800098197,False,False,neither,no_action,no_action,
downside,2019-02-27 20:00:00,2019-02-27 22:00:00,2019-02-28 03:00:00,2019-02-28 04:00:00,2019-02-28 22:00:00,1,reclaimed,1.418231481900686,False,False,neither,no_action,no_action,
downside,2019-02-27 20:00:00,2019-02-28 03:00:00,2019-02-28 03:00:00,2019-02-28 09:00:00,2019-03-01 03:00:00,6,reclaimed,1.418231481900686,False,False,neither,no_action,no_action,
downside,2019-03-04 04:00:00,2019-03-04 06:00:00,2019-03-04 11:00:00,2019-03-04 12:00:00,2019-03-05 06:00:00,1,persistent,2.809528164385912,True,True,neither,neither,neither,
downside,2019-03-04 04:00:00,2019-03-04 11:00:00,2019-03-04 11:00:00,2019-03-04 17:00:00,2019-03-05 11:00:00,6,persistent,2.809528164385912,True,True,neither,neither,neither,
downside,2019-03-12 02:00:00,2019-03-12 04:00:00,2019-03-12 09:00:00,2019-03-12 10:00:00,2019-03-13 04:00:00,1,reclaimed,1.1264163697898208,False,False,neither,no_action,no_action,
downside,2019-03-12 02:00:00,2019-03-12 09:00:00,2019-03-12 09:00:00,2019-03-12 15:00:00,2019-03-13 09:00:00,6,reclaimed,1.1264163697898208,False,False,neither,no_action,no_action,
downside,2019-03-21 14:00:00,2019-03-21 16:00:00,2019-03-21 21:00:00,2019-03-21 22:00:00,2019-03-22 16:00:00,1,reclaimed,2.104483049208145,False,False,neither,no_action,no_action,
downside,2019-03-21 14:00:00,2019-03-21 21:00:00,2019-03-21 21:00:00,2019-03-22 03:00:00,2019-03-22 21:00:00,6,reclaimed,2.104483049208145,False,False,neither,no_action,no_action,
downside,2019-03-25 18:00:00,2019-03-25 20:00:00,2019-03-26 01:00:00,2019-03-26 02:00:00,2019-03-26 20:00:00,1,stalled_below,3.173786455369974,False,False,neither,no_action,no_action,
downside,2019-03-25 18:00:00,2019-03-26 01:00:00,2019-03-26 01:00:00,2019-03-26 07:00:00,2019-03-27 01:00:00,6,stalled_below,3.173786455369974,False,False,neither,no_action,no_action,
downside,2019-04-11 09:00:00,2019-04-11 11:00:00,2019-04-11 16:00:00,2019-04-11 17:00:00,2019-04-12 11:00:00,1,unknown,,False,False,neither,unknown,unknown,
downside,2019-04-11 09:00:00,2019-04-11 16:00:00,2019-04-11 16:00:00,2019-04-11 22:00:00,2019-04-12 16:00:00,6,unknown,,False,False,neither,unknown,unknown,
downside,2019-04-25 22:00:00,2019-04-26 00:00:00,2019-04-26 05:00:00,2019-04-26 06:00:00,2019-04-27 00:00:00,1,stalled_below,2.780379063318518,False,False,neither,no_action,no_action,
downside,2019-04-25 22:00:00,2019-04-26 05:00:00,2019-04-26 05:00:00,2019-04-26 11:00:00,2019-04-27 05:00:00,6,stalled_below,2.780379063318518,False,False,neither,no_action,no_action,
downside,2019-05-17 02:00:00,2019-05-17 04:00:00,2019-05-17 09:00:00,2019-05-17 10:00:00,2019-05-18 04:00:00,1,stalled_below,3.1502822893934055,False,False,lower_first,no_action,no_action,
downside,2019-05-17 02:00:00,2019-05-17 09:00:00,2019-05-17 09:00:00,2019-05-17 15:00:00,2019-05-18 09:00:00,6,stalled_below,3.1502822893934055,False,False,upper_first,no_action,no_action,
downside,2019-05-30 21:00:00,2019-05-30 23:00:00,2019-05-31 04:00:00,2019-05-31 05:00:00,2019-05-31 23:00:00,1,stalled_below,2.309433766770902,False,False,upper_first,no_action,no_action,
downside,2019-05-30 21:00:00,2019-05-31 04:00:00,2019-05-31 04:00:00,2019-05-31 10:00:00,2019-06-01 04:00:00,6,stalled_below,2.309433766770902,False,False,upper_first,no_action,no_action,
downside,2019-06-03 23:00:00,2019-06-04 01:00:00,2019-06-04 06:00:00,2019-06-04 07:00:00,2019-06-05 01:00:00,1,stalled_below,6.107139229028176,False,False,lower_first,no_action,no_action,
downside,2019-06-03 23:00:00,2019-06-04 06:00:00,2019-06-04 06:00:00,2019-06-04 12:00:00,2019-06-05 06:00:00,6,stalled_below,6.107139229028176,False,False,lower_first,no_action,no_action,
downside,2019-06-09 22:00:00,2019-06-10 00:00:00,2019-06-10 05:00:00,2019-06-10 06:00:00,2019-06-11 00:00:00,1,reclaimed,1.345581773025144,False,False,upper_first,no_action,no_action,
downside,2019-06-09 22:00:00,2019-06-10 05:00:00,2019-06-10 05:00:00,2019-06-10 11:00:00,2019-06-11 05:00:00,6,reclaimed,1.345581773025144,False,False,upper_first,no_action,no_action,
downside,2019-07-01 14:00:00,2019-07-01 16:00:00,2019-07-01 21:00:00,2019-07-01 22:00:00,2019-07-02 16:00:00,1,reclaimed,2.6917753780220663,False,False,lower_first,no_action,no_action,
downside,2019-07-01 14:00:00,2019-07-01 21:00:00,2019-07-01 21:00:00,2019-07-02 03:00:00,2019-07-02 21:00:00,6,reclaimed,2.6917753780220663,False,False,lower_first,no_action,no_action,
downside,2019-07-11 04:00:00,2019-07-11 06:00:00,2019-07-11 11:00:00,2019-07-11 12:00:00,2019-07-12 06:00:00,1,reclaimed,1.132464293893957,False,False,lower_first,no_action,no_action,
downside,2019-07-11 04:00:00,2019-07-11 11:00:00,2019-07-11 11:00:00,2019-07-11 17:00:00,2019-07-12 11:00:00,6,reclaimed,1.132464293893957,False,False,lower_first,no_action,no_action,
downside,2019-07-13 20:00:00,2019-07-13 22:00:00,2019-07-14 03:00:00,2019-07-14 04:00:00,2019-07-14 22:00:00,1,reclaimed,1.344886628074689,False,False,lower_first,no_action,no_action,
downside,2019-07-13 20:00:00,2019-07-14 03:00:00,2019-07-14 03:00:00,2019-07-14 09:00:00,2019-07-15 03:00:00,6,reclaimed,1.344886628074689,False,False,lower_first,no_action,no_action,
downside,2019-07-14 23:00:00,2019-07-15 01:00:00,2019-07-15 06:00:00,2019-07-15 07:00:00,2019-07-16 01:00:00,1,stalled_below,3.3619385289243975,False,False,upper_first,no_action,no_action,
downside,2019-07-14 23:00:00,2019-07-15 06:00:00,2019-07-15 06:00:00,2019-07-15 12:00:00,2019-07-16 06:00:00,6,stalled_below,3.3619385289243975,False,False,upper_first,no_action,no_action,
downside,2019-07-16 17:00:00,2019-07-16 19:00:00,2019-07-17 00:00:00,2019-07-17 01:00:00,2019-07-17 19:00:00,1,persistent,2.2804500646565393,True,True,upper_first,upper_first,upper_first,
downside,2019-07-16 17:00:00,2019-07-17 00:00:00,2019-07-17 00:00:00,2019-07-17 06:00:00,2019-07-18 00:00:00,6,persistent,2.2804500646565393,True,True,lower_first,lower_first,lower_first,
downside,2019-07-22 14:00:00,2019-07-22 16:00:00,2019-07-22 21:00:00,2019-07-22 22:00:00,2019-07-23 16:00:00,1,reclaimed,2.6219838553205514,False,False,neither,no_action,no_action,
downside,2019-07-22 14:00:00,2019-07-22 21:00:00,2019-07-22 21:00:00,2019-07-23 03:00:00,2019-07-23 21:00:00,6,reclaimed,2.6219838553205514,False,False,neither,no_action,no_action,
downside,2019-07-23 23:00:00,2019-07-24 01:00:00,2019-07-24 06:00:00,2019-07-24 07:00:00,2019-07-25 01:00:00,1,persistent,2.0767965891313933,True,True,upper_first,upper_first,upper_first,
downside,2019-07-23 23:00:00,2019-07-24 06:00:00,2019-07-24 06:00:00,2019-07-24 12:00:00,2019-07-25 06:00:00,6,persistent,2.0767965891313933,True,True,upper_first,upper_first,upper_first,
downside,2019-07-27 10:00:00,2019-07-27 12:00:00,2019-07-27 17:00:00,2019-07-27 18:00:00,2019-07-28 12:00:00,1,persistent,2.09634430970708,True,True,neither,neither,neither,
downside,2019-07-27 10:00:00,2019-07-27 17:00:00,2019-07-27 17:00:00,2019-07-27 23:00:00,2019-07-28 17:00:00,6,persistent,2.09634430970708,True,True,neither,neither,neither,
downside,2019-08-10 11:00:00,2019-08-10 13:00:00,2019-08-10 18:00:00,2019-08-10 19:00:00,2019-08-11 13:00:00,1,persistent,1.3475888068012543,True,True,neither,neither,neither,
downside,2019-08-10 11:00:00,2019-08-10 18:00:00,2019-08-10 18:00:00,2019-08-11 00:00:00,2019-08-11 18:00:00,6,persistent,1.3475888068012543,True,True,neither,neither,neither,
downside,2019-08-13 14:00:00,2019-08-13 16:00:00,2019-08-13 21:00:00,2019-08-13 22:00:00,2019-08-14 16:00:00,1,stalled_below,2.9166424618957363,False,False,neither,no_action,no_action,
downside,2019-08-13 14:00:00,2019-08-13 21:00:00,2019-08-13 21:00:00,2019-08-14 03:00:00,2019-08-14 21:00:00,6,stalled_below,2.9166424618957363,False,False,lower_first,no_action,no_action,
downside,2019-08-14 16:00:00,2019-08-14 18:00:00,2019-08-14 23:00:00,2019-08-15 00:00:00,2019-08-15 18:00:00,1,stalled_below,4.293551699085271,False,False,lower_first,no_action,no_action,
downside,2019-08-14 16:00:00,2019-08-14 23:00:00,2019-08-14 23:00:00,2019-08-15 05:00:00,2019-08-15 23:00:00,6,stalled_below,4.293551699085271,False,False,upper_first,no_action,no_action,
downside,2019-08-21 12:00:00,2019-08-21 14:00:00,2019-08-21 19:00:00,2019-08-21 20:00:00,2019-08-22 14:00:00,1,reclaimed,2.1106175009290715,False,False,neither,no_action,no_action,
downside,2019-08-21 12:00:00,2019-08-21 19:00:00,2019-08-21 19:00:00,2019-08-22 01:00:00,2019-08-22 19:00:00,6,reclaimed,2.1106175009290715,False,False,neither,no_action,no_action,
downside,2019-08-28 18:00:00,2019-08-28 20:00:00,2019-08-29 01:00:00,2019-08-29 02:00:00,2019-08-29 20:00:00,1,stalled_below,2.554408562578271,False,False,neither,no_action,no_action,
downside,2019-08-28 18:00:00,2019-08-29 01:00:00,2019-08-29 01:00:00,2019-08-29 07:00:00,2019-08-30 01:00:00,6,stalled_below,2.554408562578271,False,False,neither,no_action,no_action,
downside,2019-09-09 07:00:00,2019-09-09 09:00:00,2019-09-09 14:00:00,2019-09-09 15:00:00,2019-09-10 09:00:00,1,reclaimed,2.8865947040559403,False,False,neither,no_action,no_action,
downside,2019-09-09 07:00:00,2019-09-09 14:00:00,2019-09-09 14:00:00,2019-09-09 20:00:00,2019-09-10 14:00:00,6,reclaimed,2.8865947040559403,False,False,neither,no_action,no_action,
downside,2019-09-10 19:00:00,2019-09-10 21:00:00,2019-09-11 02:00:00,2019-09-11 03:00:00,2019-09-11 21:00:00,1,reclaimed,2.3216075470930417,False,False,neither,no_action,no_action,
downside,2019-09-10 19:00:00,2019-09-11 02:00:00,2019-09-11 02:00:00,2019-09-11 08:00:00,2019-09-12 02:00:00,6,reclaimed,2.3216075470930417,False,False,neither,no_action,no_action,
downside,2019-09-16 12:00:00,2019-09-16 14:00:00,2019-09-16 19:00:00,2019-09-16 20:00:00,2019-09-17 14:00:00,1,persistent,2.381833696637818,True,True,neither,neither,neither,
downside,2019-09-16 12:00:00,2019-09-16 19:00:00,2019-09-16 19:00:00,2019-09-17 01:00:00,2019-09-17 19:00:00,6,persistent,2.381833696637818,True,True,neither,neither,neither,
downside,2019-09-19 03:00:00,2019-09-19 05:00:00,2019-09-19 10:00:00,2019-09-19 11:00:00,2019-09-20 05:00:00,1,stalled_below,1.3831735904198883,False,False,upper_first,no_action,no_action,
downside,2019-09-19 03:00:00,2019-09-19 10:00:00,2019-09-19 10:00:00,2019-09-19 16:00:00,2019-09-20 10:00:00,6,stalled_below,1.3831735904198883,False,False,upper_first,no_action,no_action,
downside,2019-09-24 14:00:00,2019-09-24 16:00:00,2019-09-24 21:00:00,2019-09-24 22:00:00,2019-09-25 16:00:00,1,persistent,17.804026676951672,True,True,neither,neither,neither,
downside,2019-09-24 14:00:00,2019-09-24 21:00:00,2019-09-24 21:00:00,2019-09-25 03:00:00,2019-09-25 21:00:00,6,persistent,17.804026676951672,True,True,neither,neither,neither,
downside,2019-09-26 15:00:00,2019-09-26 17:00:00,2019-09-26 22:00:00,2019-09-26 23:00:00,2019-09-27 17:00:00,1,reclaimed,3.5240712341691145,False,False,neither,no_action,no_action,
downside,2019-09-26 15:00:00,2019-09-26 22:00:00,2019-09-26 22:00:00,2019-09-27 04:00:00,2019-09-27 22:00:00,6,reclaimed,3.5240712341691145,False,False,upper_first,no_action,no_action,
downside,2019-09-30 04:00:00,2019-09-30 06:00:00,2019-09-30 11:00:00,2019-09-30 12:00:00,2019-10-01 06:00:00,1,reclaimed,1.5952717066346558,False,False,upper_first,no_action,no_action,
downside,2019-09-30 04:00:00,2019-09-30 11:00:00,2019-09-30 11:00:00,2019-09-30 17:00:00,2019-10-01 11:00:00,6,reclaimed,1.5952717066346558,False,False,neither,no_action,no_action,
downside,2019-10-06 06:00:00,2019-10-06 08:00:00,2019-10-06 13:00:00,2019-10-06 14:00:00,2019-10-07 08:00:00,1,stalled_below,0.9880237965864719,False,False,neither,no_action,no_action,
downside,2019-10-06 06:00:00,2019-10-06 13:00:00,2019-10-06 13:00:00,2019-10-06 19:00:00,2019-10-07 13:00:00,6,stalled_below,0.9880237965864719,False,False,upper_first,no_action,no_action,
downside,2019-10-16 11:00:00,2019-10-16 13:00:00,2019-10-16 18:00:00,2019-10-16 19:00:00,2019-10-17 13:00:00,1,persistent,4.452927084760647,True,True,neither,neither,neither,
downside,2019-10-16 11:00:00,2019-10-16 18:00:00,2019-10-16 18:00:00,2019-10-17 00:00:00,2019-10-17 18:00:00,6,persistent,4.452927084760647,True,True,neither,neither,neither,
downside,2019-10-18 05:00:00,2019-10-18 07:00:00,2019-10-18 12:00:00,2019-10-18 13:00:00,2019-10-19 07:00:00,1,reclaimed,1.581489980149161,False,False,neither,no_action,no_action,
downside,2019-10-18 05:00:00,2019-10-18 12:00:00,2019-10-18 12:00:00,2019-10-18 18:00:00,2019-10-19 12:00:00,6,reclaimed,1.581489980149161,False,False,neither,no_action,no_action,
downside,2019-10-23 12:00:00,2019-10-23 14:00:00,2019-10-23 19:00:00,2019-10-23 20:00:00,2019-10-24 14:00:00,1,persistent,7.181243036647953,True,True,neither,neither,neither,
downside,2019-10-23 12:00:00,2019-10-23 19:00:00,2019-10-23 19:00:00,2019-10-24 01:00:00,2019-10-24 19:00:00,6,persistent,7.181243036647953,True,True,neither,neither,neither,
downside,2019-11-08 08:00:00,2019-11-08 10:00:00,2019-11-08 15:00:00,2019-11-08 16:00:00,2019-11-09 10:00:00,1,persistent,4.68080079508901,True,True,neither,neither,neither,
downside,2019-11-08 08:00:00,2019-11-08 15:00:00,2019-11-08 15:00:00,2019-11-08 21:00:00,2019-11-09 15:00:00,6,persistent,4.68080079508901,True,True,neither,neither,neither,
downside,2019-11-11 09:00:00,2019-11-11 11:00:00,2019-11-11 16:00:00,2019-11-11 17:00:00,2019-11-12 11:00:00,1,reclaimed,1.208651532430133,False,False,neither,no_action,no_action,
downside,2019-11-11 09:00:00,2019-11-11 16:00:00,2019-11-11 16:00:00,2019-11-11 22:00:00,2019-11-12 16:00:00,6,reclaimed,1.208651532430133,False,False,neither,no_action,no_action,
downside,2019-11-15 01:00:00,2019-11-15 03:00:00,2019-11-15 08:00:00,2019-11-15 09:00:00,2019-11-16 03:00:00,1,stalled_below,1.565685024515685,False,False,neither,no_action,no_action,
downside,2019-11-15 01:00:00,2019-11-15 08:00:00,2019-11-15 08:00:00,2019-11-15 14:00:00,2019-11-16 08:00:00,6,stalled_below,1.565685024515685,False,False,neither,no_action,no_action,
downside,2019-11-18 17:00:00,2019-11-18 19:00:00,2019-11-19 00:00:00,2019-11-19 01:00:00,2019-11-19 19:00:00,1,stalled_below,6.451073187836412,False,False,neither,no_action,no_action,
downside,2019-11-18 17:00:00,2019-11-19 00:00:00,2019-11-19 00:00:00,2019-11-19 06:00:00,2019-11-20 00:00:00,6,stalled_below,6.451073187836412,False,False,neither,no_action,no_action,
downside,2019-11-21 08:00:00,2019-11-21 10:00:00,2019-11-21 15:00:00,2019-11-21 16:00:00,2019-11-22 10:00:00,1,persistent,2.4525551290705185,True,True,neither,neither,neither,
downside,2019-11-21 08:00:00,2019-11-21 15:00:00,2019-11-21 15:00:00,2019-11-21 21:00:00,2019-11-22 15:00:00,6,persistent,2.4525551290705185,True,True,lower_first,lower_first,lower_first,
downside,2019-11-22 10:00:00,2019-11-22 12:00:00,2019-11-22 17:00:00,2019-11-22 18:00:00,2019-11-23 12:00:00,1,persistent,7.823236935155251,True,True,upper_first,upper_first,upper_first,
downside,2019-11-22 10:00:00,2019-11-22 17:00:00,2019-11-22 17:00:00,2019-11-22 23:00:00,2019-11-23 17:00:00,6,persistent,7.823236935155251,True,True,neither,neither,neither,
downside,2019-11-25 01:00:00,2019-11-25 03:00:00,2019-11-25 08:00:00,2019-11-25 09:00:00,2019-11-26 03:00:00,1,persistent,3.060082997438634,True,True,upper_first,upper_first,upper_first,
downside,2019-11-25 01:00:00,2019-11-25 08:00:00,2019-11-25 08:00:00,2019-11-25 14:00:00,2019-11-26 08:00:00,6,persistent,3.060082997438634,True,True,upper_first,upper_first,upper_first,
downside,2019-12-01 02:00:00,2019-12-01 04:00:00,2019-12-01 09:00:00,2019-12-01 10:00:00,2019-12-02 04:00:00,1,stalled_below,1.6452381209576057,False,False,neither,no_action,no_action,
downside,2019-12-01 02:00:00,2019-12-01 09:00:00,2019-12-01 09:00:00,2019-12-01 15:00:00,2019-12-02 09:00:00,6,stalled_below,1.6452381209576057,False,False,neither,no_action,no_action,
downside,2019-12-04 00:00:00,2019-12-04 02:00:00,2019-12-04 07:00:00,2019-12-04 08:00:00,2019-12-05 02:00:00,1,stalled_below,0.8832986835629821,False,False,upper_first,no_action,no_action,
downside,2019-12-04 00:00:00,2019-12-04 07:00:00,2019-12-04 07:00:00,2019-12-04 13:00:00,2019-12-05 07:00:00,6,stalled_below,0.8832986835629821,False,False,upper_first,no_action,no_action,
downside,2019-12-09 19:00:00,2019-12-09 21:00:00,2019-12-10 02:00:00,2019-12-10 03:00:00,2019-12-10 21:00:00,1,stalled_below,2.2302855715355143,False,False,neither,no_action,no_action,
downside,2019-12-09 19:00:00,2019-12-10 02:00:00,2019-12-10 02:00:00,2019-12-10 08:00:00,2019-12-11 02:00:00,6,stalled_below,2.2302855715355143,False,False,neither,no_action,no_action,
downside,2019-12-14 15:00:00,2019-12-14 17:00:00,2019-12-14 22:00:00,2019-12-14 23:00:00,2019-12-15 17:00:00,1,reclaimed,1.0352414585914917,False,False,neither,no_action,no_action,
downside,2019-12-14 15:00:00,2019-12-14 22:00:00,2019-12-14 22:00:00,2019-12-15 04:00:00,2019-12-15 22:00:00,6,reclaimed,1.0352414585914917,False,False,neither,no_action,no_action,
downside,2019-12-16 18:00:00,2019-12-16 20:00:00,2019-12-17 01:00:00,2019-12-17 02:00:00,2019-12-17 20:00:00,1,stalled_below,4.017795416817502,False,False,neither,no_action,no_action,
downside,2019-12-16 18:00:00,2019-12-17 01:00:00,2019-12-17 01:00:00,2019-12-17 07:00:00,2019-12-18 01:00:00,6,stalled_below,4.017795416817502,False,False,neither,no_action,no_action,
downside,2019-12-17 19:00:00,2019-12-17 21:00:00,2019-12-18 02:00:00,2019-12-18 03:00:00,2019-12-18 21:00:00,1,reclaimed,3.5128973676147663,False,False,upper_first,no_action,no_action,
downside,2019-12-17 19:00:00,2019-12-18 02:00:00,2019-12-18 02:00:00,2019-12-18 08:00:00,2019-12-19 02:00:00,6,reclaimed,3.5128973676147663,False,False,upper_first,no_action,no_action,
downside,2019-12-25 16:00:00,2019-12-25 18:00:00,2019-12-25 23:00:00,2019-12-26 00:00:00,2019-12-26 18:00:00,1,reclaimed,0.7450522022374819,False,False,neither,no_action,no_action,
downside,2019-12-25 16:00:00,2019-12-25 23:00:00,2019-12-25 23:00:00,2019-12-26 05:00:00,2019-12-26 23:00:00,6,reclaimed,0.7450522022374819,False,False,upper_first,no_action,no_action,
downside,2019-12-27 11:00:00,2019-12-27 13:00:00,2019-12-27 18:00:00,2019-12-27 19:00:00,2019-12-28 13:00:00,1,reclaimed,3.6672179315874276,False,False,neither,no_action,no_action,
downside,2019-12-27 11:00:00,2019-12-27 18:00:00,2019-12-27 18:00:00,2019-12-28 00:00:00,2019-12-28 18:00:00,6,reclaimed,3.6672179315874276,False,False,neither,no_action,no_action,
downside,2019-12-31 15:00:00,2019-12-31 17:00:00,2019-12-31 22:00:00,2019-12-31 23:00:00,2020-01-01 17:00:00,1,stalled_below,2.0158550568254823,False,False,neither,no_action,no_action,
downside,2019-12-31 15:00:00,2019-12-31 22:00:00,2019-12-31 22:00:00,2020-01-01 04:00:00,2020-01-01 22:00:00,6,stalled_below,2.0158550568254823,False,False,neither,no_action,no_action,
downside,2020-01-02 03:00:00,2020-01-02 05:00:00,2020-01-02 10:00:00,2020-01-02 11:00:00,2020-01-03 05:00:00,1,reclaimed,0.8302706167016755,False,False,neither,no_action,no_action,
downside,2020-01-02 03:00:00,2020-01-02 10:00:00,2020-01-02 10:00:00,2020-01-02 16:00:00,2020-01-03 10:00:00,6,reclaimed,0.8302706167016755,False,False,upper_first,no_action,no_action,
downside,2020-01-10 08:00:00,2020-01-10 10:00:00,2020-01-10 15:00:00,2020-01-10 16:00:00,2020-01-11 10:00:00,1,reclaimed,1.1196396836487934,False,False,neither,no_action,no_action,
downside,2020-01-10 08:00:00,2020-01-10 15:00:00,2020-01-10 15:00:00,2020-01-10 21:00:00,2020-01-11 15:00:00,6,reclaimed,1.1196396836487934,False,False,neither,no_action,no_action,
downside,2020-01-23 09:00:00,2020-01-23 11:00:00,2020-01-23 16:00:00,2020-01-23 17:00:00,2020-01-24 11:00:00,1,persistent,3.1024110095198454,True,True,neither,neither,neither,
downside,2020-01-23 09:00:00,2020-01-23 16:00:00,2020-01-23 16:00:00,2020-01-23 22:00:00,2020-01-24 16:00:00,6,persistent,3.1024110095198454,True,True,neither,neither,neither,
downside,2020-02-15 15:00:00,2020-02-15 17:00:00,2020-02-15 22:00:00,2020-02-15 23:00:00,2020-02-16 17:00:00,1,stalled_below,2.158531987747555,False,False,neither,no_action,no_action,
downside,2020-02-15 15:00:00,2020-02-15 22:00:00,2020-02-15 22:00:00,2020-02-16 04:00:00,2020-02-16 22:00:00,6,stalled_below,2.158531987747555,False,False,neither,no_action,no_action,
downside,2020-02-16 16:00:00,2020-02-16 18:00:00,2020-02-16 23:00:00,2020-02-17 00:00:00,2020-02-17 18:00:00,1,reclaimed,1.3153005172387398,False,False,neither,no_action,no_action,
downside,2020-02-16 16:00:00,2020-02-16 23:00:00,2020-02-16 23:00:00,2020-02-17 05:00:00,2020-02-17 23:00:00,6,reclaimed,1.3153005172387398,False,False,neither,no_action,no_action,
downside,2020-02-25 14:00:00,2020-02-25 16:00:00,2020-02-25 21:00:00,2020-02-25 22:00:00,2020-02-26 16:00:00,1,stalled_below,3.2373873607463084,False,False,neither,no_action,no_action,
downside,2020-02-25 14:00:00,2020-02-25 21:00:00,2020-02-25 21:00:00,2020-02-26 03:00:00,2020-02-26 21:00:00,6,stalled_below,3.2373873607463084,False,False,lower_first,no_action,no_action,
downside,2020-02-26 16:00:00,2020-02-26 18:00:00,2020-02-26 23:00:00,2020-02-27 00:00:00,2020-02-27 18:00:00,1,stalled_below,3.0243999204431513,False,False,neither,no_action,no_action,
downside,2020-02-26 16:00:00,2020-02-26 23:00:00,2020-02-26 23:00:00,2020-02-27 05:00:00,2020-02-27 23:00:00,6,stalled_below,3.0243999204431513,False,False,upper_first,no_action,no_action,
downside,2020-02-28 12:00:00,2020-02-28 14:00:00,2020-02-28 19:00:00,2020-02-28 20:00:00,2020-02-29 14:00:00,1,reclaimed,1.7167665869091224,False,False,neither,no_action,no_action,
downside,2020-02-28 12:00:00,2020-02-28 19:00:00,2020-02-28 19:00:00,2020-02-29 01:00:00,2020-02-29 19:00:00,6,reclaimed,1.7167665869091224,False,False,neither,no_action,no_action,
downside,2020-03-08 12:00:00,2020-03-08 14:00:00,2020-03-08 19:00:00,2020-03-08 20:00:00,2020-03-09 14:00:00,1,persistent,6.67741639698637,True,True,lower_first,lower_first,lower_first,
downside,2020-03-08 12:00:00,2020-03-08 19:00:00,2020-03-08 19:00:00,2020-03-09 01:00:00,2020-03-09 19:00:00,6,persistent,6.67741639698637,True,True,lower_first,lower_first,lower_first,
downside,2020-03-12 06:00:00,2020-03-12 08:00:00,2020-03-12 13:00:00,2020-03-12 14:00:00,2020-03-13 08:00:00,1,persistent,10.150154443232633,True,True,upper_first,upper_first,upper_first,
downside,2020-03-12 06:00:00,2020-03-12 13:00:00,2020-03-12 13:00:00,2020-03-12 19:00:00,2020-03-13 13:00:00,6,persistent,10.150154443232633,True,True,lower_first,lower_first,lower_first,
downside,2020-03-16 07:00:00,2020-03-16 09:00:00,2020-03-16 14:00:00,2020-03-16 15:00:00,2020-03-17 09:00:00,1,stalled_below,2.9573113666377995,False,False,upper_first,no_action,no_action,
downside,2020-03-16 07:00:00,2020-03-16 14:00:00,2020-03-16 14:00:00,2020-03-16 20:00:00,2020-03-17 14:00:00,6,stalled_below,2.9573113666377995,False,False,upper_first,no_action,no_action,
downside,2020-03-27 23:00:00,2020-03-28 01:00:00,2020-03-28 06:00:00,2020-03-28 07:00:00,2020-03-29 01:00:00,1,persistent,1.9842771301891635,True,True,neither,neither,neither,
downside,2020-03-27 23:00:00,2020-03-28 06:00:00,2020-03-28 06:00:00,2020-03-28 12:00:00,2020-03-29 06:00:00,6,persistent,1.9842771301891635,True,True,neither,neither,neither,
downside,2020-03-29 19:00:00,2020-03-29 21:00:00,2020-03-30 02:00:00,2020-03-30 03:00:00,2020-03-30 21:00:00,1,persistent,1.4878780163535983,True,True,upper_first,upper_first,upper_first,
downside,2020-03-29 19:00:00,2020-03-30 02:00:00,2020-03-30 02:00:00,2020-03-30 08:00:00,2020-03-31 02:00:00,6,persistent,1.4878780163535983,True,True,upper_first,upper_first,upper_first,
downside,2020-04-10 05:00:00,2020-04-10 07:00:00,2020-04-10 12:00:00,2020-04-10 13:00:00,2020-04-11 07:00:00,1,persistent,1.2688717139290955,True,True,neither,neither,neither,
downside,2020-04-10 05:00:00,2020-04-10 12:00:00,2020-04-10 12:00:00,2020-04-10 18:00:00,2020-04-11 12:00:00,6,persistent,1.2688717139290955,True,True,neither,neither,neither,
downside,2020-04-13 00:00:00,2020-04-13 02:00:00,2020-04-13 07:00:00,2020-04-13 08:00:00,2020-04-14 02:00:00,1,stalled_below,1.504273884357046,False,False,neither,no_action,no_action,
downside,2020-04-13 00:00:00,2020-04-13 07:00:00,2020-04-13 07:00:00,2020-04-13 13:00:00,2020-04-14 07:00:00,6,stalled_below,1.504273884357046,False,False,upper_first,no_action,no_action,
downside,2020-04-20 11:00:00,2020-04-20 13:00:00,2020-04-20 18:00:00,2020-04-20 19:00:00,2020-04-21 13:00:00,1,persistent,3.2075367939295516,True,True,neither,neither,neither,
downside,2020-04-20 11:00:00,2020-04-20 18:00:00,2020-04-20 18:00:00,2020-04-21 00:00:00,2020-04-21 18:00:00,6,persistent,3.2075367939295516,True,True,neither,neither,neither,
downside,2020-05-04 05:00:00,2020-05-04 07:00:00,2020-05-04 12:00:00,2020-05-04 13:00:00,2020-05-05 07:00:00,1,reclaimed,0.8454159968823391,False,False,upper_first,no_action,no_action,
downside,2020-05-04 05:00:00,2020-05-04 12:00:00,2020-05-04 12:00:00,2020-05-04 18:00:00,2020-05-05 12:00:00,6,reclaimed,0.8454159968823391,False,False,upper_first,no_action,no_action,
downside,2020-05-10 00:00:00,2020-05-10 02:00:00,2020-05-10 07:00:00,2020-05-10 08:00:00,2020-05-11 02:00:00,1,stalled_below,2.6551416625525253,False,False,lower_first,no_action,no_action,
downside,2020-05-10 00:00:00,2020-05-10 07:00:00,2020-05-10 07:00:00,2020-05-10 13:00:00,2020-05-11 07:00:00,6,stalled_below,2.6551416625525253,False,False,lower_first,no_action,no_action,
downside,2020-05-20 15:00:00,2020-05-20 17:00:00,2020-05-20 22:00:00,2020-05-20 23:00:00,2020-05-21 17:00:00,1,reclaimed,1.746814040687555,False,False,lower_first,no_action,no_action,
downside,2020-05-20 15:00:00,2020-05-20 22:00:00,2020-05-20 22:00:00,2020-05-21 04:00:00,2020-05-21 22:00:00,6,reclaimed,1.746814040687555,False,False,lower_first,no_action,no_action,
downside,2020-05-21 18:00:00,2020-05-21 20:00:00,2020-05-22 01:00:00,2020-05-22 02:00:00,2020-05-22 20:00:00,1,reclaimed,2.537416694051928,False,False,neither,no_action,no_action,
downside,2020-05-21 18:00:00,2020-05-22 01:00:00,2020-05-22 01:00:00,2020-05-22 07:00:00,2020-05-23 01:00:00,6,reclaimed,2.537416694051928,False,False,neither,no_action,no_action,
downside,2020-05-24 23:00:00,2020-05-25 01:00:00,2020-05-25 06:00:00,2020-05-25 07:00:00,2020-05-26 01:00:00,1,stalled_below,1.982515465637423,False,False,neither,no_action,no_action,
downside,2020-05-24 23:00:00,2020-05-25 06:00:00,2020-05-25 06:00:00,2020-05-25 12:00:00,2020-05-26 06:00:00,6,stalled_below,1.982515465637423,False,False,neither,no_action,no_action,
downside,2020-06-07 12:00:00,2020-06-07 14:00:00,2020-06-07 19:00:00,2020-06-07 20:00:00,2020-06-08 14:00:00,1,reclaimed,2.101963529352543,False,False,neither,no_action,no_action,
downside,2020-06-07 12:00:00,2020-06-07 19:00:00,2020-06-07 19:00:00,2020-06-08 01:00:00,2020-06-08 19:00:00,6,reclaimed,2.101963529352543,False,False,neither,no_action,no_action,
downside,2020-06-11 15:00:00,2020-06-11 17:00:00,2020-06-11 22:00:00,2020-06-11 23:00:00,2020-06-12 17:00:00,1,stalled_below,6.197228179300199,False,False,neither,no_action,no_action,
downside,2020-06-11 15:00:00,2020-06-11 22:00:00,2020-06-11 22:00:00,2020-06-12 04:00:00,2020-06-12 22:00:00,6,stalled_below,6.197228179300199,False,False,neither,no_action,no_action,
downside,2020-06-15 01:00:00,2020-06-15 03:00:00,2020-06-15 08:00:00,2020-06-15 09:00:00,2020-06-16 03:00:00,1,persistent,5.959176034544415,True,True,upper_first,upper_first,upper_first,
downside,2020-06-15 01:00:00,2020-06-15 08:00:00,2020-06-15 08:00:00,2020-06-15 14:00:00,2020-06-16 08:00:00,6,persistent,5.959176034544415,True,True,upper_first,upper_first,upper_first,
downside,2020-06-24 15:00:00,2020-06-24 17:00:00,2020-06-24 22:00:00,2020-06-24 23:00:00,2020-06-25 17:00:00,1,reclaimed,2.1937027171782684,False,False,neither,no_action,no_action,
downside,2020-06-24 15:00:00,2020-06-24 22:00:00,2020-06-24 22:00:00,2020-06-25 04:00:00,2020-06-25 22:00:00,6,reclaimed,2.1937027171782684,False,False,neither,no_action,no_action,
downside,2020-06-27 19:00:00,2020-06-27 21:00:00,2020-06-28 02:00:00,2020-06-28 03:00:00,2020-06-28 21:00:00,1,stalled_below,1.392051366224014,False,False,neither,no_action,no_action,
downside,2020-06-27 19:00:00,2020-06-28 02:00:00,2020-06-28 02:00:00,2020-06-28 08:00:00,2020-06-29 02:00:00,6,stalled_below,1.392051366224014,False,False,neither,no_action,no_action,
downside,2020-07-02 15:00:00,2020-07-02 17:00:00,2020-07-02 22:00:00,2020-07-02 23:00:00,2020-07-03 17:00:00,1,reclaimed,2.4545597832016965,False,False,neither,no_action,no_action,
downside,2020-07-02 15:00:00,2020-07-02 22:00:00,2020-07-02 22:00:00,2020-07-03 04:00:00,2020-07-03 22:00:00,6,reclaimed,2.4545597832016965,False,False,neither,no_action,no_action,
downside,2020-07-10 04:00:00,2020-07-10 06:00:00,2020-07-10 11:00:00,2020-07-10 12:00:00,2020-07-11 06:00:00,1,reclaimed,0.84102366123166,False,False,neither,no_action,no_action,
downside,2020-07-10 04:00:00,2020-07-10 11:00:00,2020-07-10 11:00:00,2020-07-10 17:00:00,2020-07-11 11:00:00,6,reclaimed,0.84102366123166,False,False,neither,no_action,no_action,
downside,2020-07-16 09:00:00,2020-07-16 11:00:00,2020-07-16 16:00:00,2020-07-16 17:00:00,2020-07-17 11:00:00,1,reclaimed,1.38751085934108,False,False,neither,no_action,no_action,
downside,2020-07-16 09:00:00,2020-07-16 16:00:00,2020-07-16 16:00:00,2020-07-16 22:00:00,2020-07-17 16:00:00,6,reclaimed,1.38751085934108,False,False,neither,no_action,no_action,
downside,2020-08-11 20:00:00,2020-08-11 22:00:00,2020-08-12 03:00:00,2020-08-12 04:00:00,2020-08-12 22:00:00,1,stalled_below,1.2906244847069288,False,False,neither,no_action,no_action,
downside,2020-08-11 20:00:00,2020-08-12 03:00:00,2020-08-12 03:00:00,2020-08-12 09:00:00,2020-08-13 03:00:00,6,stalled_below,1.2906244847069288,False,False,neither,no_action,no_action,
downside,2020-08-21 21:00:00,2020-08-21 23:00:00,2020-08-22 04:00:00,2020-08-22 05:00:00,2020-08-22 23:00:00,1,persistent,1.4424627998326198,True,True,neither,neither,neither,
downside,2020-08-21 21:00:00,2020-08-22 04:00:00,2020-08-22 04:00:00,2020-08-22 10:00:00,2020-08-23 04:00:00,6,persistent,1.4424627998326198,True,True,neither,neither,neither,
downside,2020-08-25 12:00:00,2020-08-25 14:00:00,2020-08-25 19:00:00,2020-08-25 20:00:00,2020-08-26 14:00:00,1,persistent,5.224350943835042,True,True,neither,neither,neither,
downside,2020-08-25 12:00:00,2020-08-25 19:00:00,2020-08-25 19:00:00,2020-08-26 01:00:00,2020-08-26 19:00:00,6,persistent,5.224350943835042,True,True,neither,neither,neither,
downside,2020-09-02 11:00:00,2020-09-02 13:00:00,2020-09-02 18:00:00,2020-09-02 19:00:00,2020-09-03 13:00:00,1,stalled_below,2.8767123688814493,False,False,lower_first,no_action,no_action,
downside,2020-09-02 11:00:00,2020-09-02 18:00:00,2020-09-02 18:00:00,2020-09-03 00:00:00,2020-09-03 18:00:00,6,stalled_below,2.8767123688814493,False,False,lower_first,no_action,no_action,
downside,2020-09-03 12:00:00,2020-09-03 14:00:00,2020-09-03 19:00:00,2020-09-03 20:00:00,2020-09-04 14:00:00,1,stalled_below,3.448205893028956,False,False,lower_first,no_action,no_action,
downside,2020-09-03 12:00:00,2020-09-03 19:00:00,2020-09-03 19:00:00,2020-09-04 01:00:00,2020-09-04 19:00:00,6,stalled_below,3.448205893028956,False,False,neither,no_action,no_action,
downside,2020-09-21 09:00:00,2020-09-21 11:00:00,2020-09-21 16:00:00,2020-09-21 17:00:00,2020-09-22 11:00:00,1,persistent,4.675805204313209,True,True,neither,neither,neither,
downside,2020-09-21 09:00:00,2020-09-21 16:00:00,2020-09-21 16:00:00,2020-09-21 22:00:00,2020-09-22 16:00:00,6,persistent,4.675805204313209,True,True,neither,neither,neither,
downside,2020-10-01 16:00:00,2020-10-01 18:00:00,2020-10-01 23:00:00,2020-10-02 00:00:00,2020-10-02 18:00:00,1,stalled_below,2.739093597848195,False,False,neither,no_action,no_action,
downside,2020-10-01 16:00:00,2020-10-01 23:00:00,2020-10-01 23:00:00,2020-10-02 05:00:00,2020-10-02 23:00:00,6,stalled_below,2.739093597848195,False,False,neither,no_action,no_action,
downside,2020-11-26 03:00:00,2020-11-26 05:00:00,2020-11-26 10:00:00,2020-11-26 11:00:00,2020-11-27 05:00:00,1,persistent,3.5219723727690737,True,True,lower_first,lower_first,lower_first,
downside,2020-11-26 03:00:00,2020-11-26 10:00:00,2020-11-26 10:00:00,2020-11-26 16:00:00,2020-11-27 10:00:00,6,persistent,3.5219723727690737,True,True,upper_first,upper_first,upper_first,
downside,2020-12-08 09:00:00,2020-12-08 11:00:00,2020-12-08 16:00:00,2020-12-08 17:00:00,2020-12-09 11:00:00,1,stalled_below,2.468402707394783,False,False,lower_first,no_action,no_action,
downside,2020-12-08 09:00:00,2020-12-08 16:00:00,2020-12-08 16:00:00,2020-12-08 22:00:00,2020-12-09 16:00:00,6,stalled_below,2.468402707394783,False,False,lower_first,no_action,no_action,
downside,2021-01-11 06:00:00,2021-01-11 08:00:00,2021-01-11 13:00:00,2021-01-11 14:00:00,2021-01-12 08:00:00,1,reclaimed,1.6934667105212413,False,False,ambiguous,no_action,no_action,
downside,2021-01-11 06:00:00,2021-01-11 13:00:00,2021-01-11 13:00:00,2021-01-11 19:00:00,2021-01-12 13:00:00,6,reclaimed,1.6934667105212413,False,False,upper_first,no_action,no_action,
downside,2021-01-17 09:00:00,2021-01-17 11:00:00,2021-01-17 16:00:00,2021-01-17 17:00:00,2021-01-18 11:00:00,1,reclaimed,0.7080175844038595,False,False,neither,no_action,no_action,
downside,2021-01-17 09:00:00,2021-01-17 16:00:00,2021-01-17 16:00:00,2021-01-17 22:00:00,2021-01-18 16:00:00,6,reclaimed,0.7080175844038595,False,False,neither,no_action,no_action,
downside,2021-01-21 08:00:00,2021-01-21 10:00:00,2021-01-21 15:00:00,2021-01-21 16:00:00,2021-01-22 10:00:00,1,persistent,3.8669235408637386,True,True,upper_first,upper_first,upper_first,
downside,2021-01-21 08:00:00,2021-01-21 15:00:00,2021-01-21 15:00:00,2021-01-21 21:00:00,2021-01-22 15:00:00,6,persistent,3.8669235408637386,True,True,lower_first,lower_first,lower_first,
downside,2021-01-27 11:00:00,2021-01-27 13:00:00,2021-01-27 18:00:00,2021-01-27 19:00:00,2021-01-28 13:00:00,1,stalled_below,3.4718019049014734,False,False,upper_first,no_action,no_action,
downside,2021-01-27 11:00:00,2021-01-27 18:00:00,2021-01-27 18:00:00,2021-01-28 00:00:00,2021-01-28 18:00:00,6,stalled_below,3.4718019049014734,False,False,upper_first,no_action,no_action,
downside,2021-02-22 13:00:00,2021-02-22 15:00:00,2021-02-22 20:00:00,2021-02-22 21:00:00,2021-02-23 15:00:00,1,reclaimed,5.041555170417463,False,False,lower_first,no_action,no_action,
downside,2021-02-22 13:00:00,2021-02-22 20:00:00,2021-02-22 20:00:00,2021-02-23 02:00:00,2021-02-23 20:00:00,6,reclaimed,5.041555170417463,False,False,lower_first,no_action,no_action,
downside,2021-02-28 15:00:00,2021-02-28 17:00:00,2021-02-28 22:00:00,2021-02-28 23:00:00,2021-03-01 17:00:00,1,reclaimed,1.1749013956725793,False,False,upper_first,no_action,no_action,
downside,2021-02-28 15:00:00,2021-02-28 22:00:00,2021-02-28 22:00:00,2021-03-01 04:00:00,2021-03-01 22:00:00,6,reclaimed,1.1749013956725793,False,False,upper_first,no_action,no_action,
downside,2021-03-05 00:00:00,2021-03-05 02:00:00,2021-03-05 07:00:00,2021-03-05 08:00:00,2021-03-06 02:00:00,1,reclaimed,1.283506584103723,False,False,upper_first,no_action,no_action,
downside,2021-03-05 00:00:00,2021-03-05 07:00:00,2021-03-05 07:00:00,2021-03-05 13:00:00,2021-03-06 07:00:00,6,reclaimed,1.283506584103723,False,False,upper_first,no_action,no_action,
downside,2021-03-16 00:00:00,2021-03-16 02:00:00,2021-03-16 07:00:00,2021-03-16 08:00:00,2021-03-17 02:00:00,1,reclaimed,2.0230308569577313,False,False,upper_first,no_action,no_action,
downside,2021-03-16 00:00:00,2021-03-16 07:00:00,2021-03-16 07:00:00,2021-03-16 13:00:00,2021-03-17 07:00:00,6,reclaimed,2.0230308569577313,False,False,upper_first,no_action,no_action,
downside,2021-03-21 09:00:00,2021-03-21 11:00:00,2021-03-21 16:00:00,2021-03-21 17:00:00,2021-03-22 11:00:00,1,reclaimed,0.8280343243168181,False,False,neither,no_action,no_action,
downside,2021-03-21 09:00:00,2021-03-21 16:00:00,2021-03-21 16:00:00,2021-03-21 22:00:00,2021-03-22 16:00:00,6,reclaimed,0.8280343243168181,False,False,neither,no_action,no_action,
downside,2021-03-22 20:00:00,2021-03-22 22:00:00,2021-03-23 03:00:00,2021-03-23 04:00:00,2021-03-23 22:00:00,1,stalled_below,3.3028707525369345,False,False,neither,no_action,no_action,
downside,2021-03-22 20:00:00,2021-03-23 03:00:00,2021-03-23 03:00:00,2021-03-23 09:00:00,2021-03-24 03:00:00,6,stalled_below,3.3028707525369345,False,False,neither,no_action,no_action,
downside,2021-03-24 22:00:00,2021-03-25 00:00:00,2021-03-25 05:00:00,2021-03-25 06:00:00,2021-03-26 00:00:00,1,persistent,1.7731843310532316,True,True,neither,neither,neither,
downside,2021-03-24 22:00:00,2021-03-25 05:00:00,2021-03-25 05:00:00,2021-03-25 11:00:00,2021-03-26 05:00:00,6,persistent,1.7731843310532316,True,True,lower_first,lower_first,lower_first,
downside,2021-04-03 21:00:00,2021-04-03 23:00:00,2021-04-04 04:00:00,2021-04-04 05:00:00,2021-04-04 23:00:00,1,persistent,2.097685513762265,True,True,neither,neither,neither,
downside,2021-04-03 21:00:00,2021-04-04 04:00:00,2021-04-04 04:00:00,2021-04-04 10:00:00,2021-04-05 04:00:00,6,persistent,2.097685513762265,True,True,neither,neither,neither,
downside,2021-04-07 11:00:00,2021-04-07 13:00:00,2021-04-07 18:00:00,2021-04-07 19:00:00,2021-04-08 13:00:00,1,stalled_below,3.096827253518615,False,False,upper_first,no_action,no_action,
downside,2021-04-07 11:00:00,2021-04-07 18:00:00,2021-04-07 18:00:00,2021-04-08 00:00:00,2021-04-08 18:00:00,6,stalled_below,3.096827253518615,False,False,upper_first,no_action,no_action,
downside,2021-04-16 09:00:00,2021-04-16 11:00:00,2021-04-16 16:00:00,2021-04-16 17:00:00,2021-04-17 11:00:00,1,reclaimed,1.645971597003698,False,False,neither,no_action,no_action,
downside,2021-04-16 09:00:00,2021-04-16 16:00:00,2021-04-16 16:00:00,2021-04-16 22:00:00,2021-04-17 16:00:00,6,reclaimed,1.645971597003698,False,False,neither,no_action,no_action,
downside,2021-04-17 17:00:00,2021-04-17 19:00:00,2021-04-18 00:00:00,2021-04-18 01:00:00,2021-04-18 19:00:00,1,reclaimed,0.6490585349277459,False,False,lower_first,no_action,no_action,
downside,2021-04-17 17:00:00,2021-04-18 00:00:00,2021-04-18 00:00:00,2021-04-18 06:00:00,2021-04-19 00:00:00,6,reclaimed,0.6490585349277459,False,False,neither,no_action,no_action,
downside,2021-04-23 07:00:00,2021-04-23 09:00:00,2021-04-23 14:00:00,2021-04-23 15:00:00,2021-04-24 09:00:00,1,reclaimed,1.877934812128966,False,False,upper_first,no_action,no_action,
downside,2021-04-23 07:00:00,2021-04-23 14:00:00,2021-04-23 14:00:00,2021-04-23 20:00:00,2021-04-24 14:00:00,6,reclaimed,1.877934812128966,False,False,neither,no_action,no_action,
downside,2021-05-04 00:00:00,2021-05-04 02:00:00,2021-05-04 07:00:00,2021-05-04 08:00:00,2021-05-05 02:00:00,1,reclaimed,1.6637353255805196,False,False,lower_first,no_action,no_action,
downside,2021-05-04 00:00:00,2021-05-04 07:00:00,2021-05-04 07:00:00,2021-05-04 13:00:00,2021-05-05 07:00:00,6,reclaimed,1.6637353255805196,False,False,lower_first,no_action,no_action,
downside,2021-05-10 19:00:00,2021-05-10 21:00:00,2021-05-11 02:00:00,2021-05-11 03:00:00,2021-05-11 21:00:00,1,stalled_below,2.0554973712817897,False,False,upper_first,no_action,no_action,
downside,2021-05-10 19:00:00,2021-05-11 02:00:00,2021-05-11 02:00:00,2021-05-11 08:00:00,2021-05-12 02:00:00,6,stalled_below,2.0554973712817897,False,False,neither,no_action,no_action,
downside,2021-05-12 22:00:00,2021-05-13 00:00:00,2021-05-13 05:00:00,2021-05-13 06:00:00,2021-05-14 00:00:00,1,stalled_below,3.5570000916702376,False,False,lower_first,no_action,no_action,
downside,2021-05-12 22:00:00,2021-05-13 05:00:00,2021-05-13 05:00:00,2021-05-13 11:00:00,2021-05-14 05:00:00,6,stalled_below,3.5570000916702376,False,False,upper_first,no_action,no_action,
downside,2021-05-16 18:00:00,2021-05-16 20:00:00,2021-05-17 01:00:00,2021-05-17 02:00:00,2021-05-17 20:00:00,1,stalled_below,3.8220777520800437,False,False,lower_first,no_action,no_action,
downside,2021-05-16 18:00:00,2021-05-17 01:00:00,2021-05-17 01:00:00,2021-05-17 07:00:00,2021-05-18 01:00:00,6,stalled_below,3.8220777520800437,False,False,upper_first,no_action,no_action,
downside,2021-05-19 01:00:00,2021-05-19 03:00:00,2021-05-19 08:00:00,2021-05-19 09:00:00,2021-05-20 03:00:00,1,stalled_below,3.1727277250978587,False,False,lower_first,no_action,no_action,
downside,2021-05-19 01:00:00,2021-05-19 08:00:00,2021-05-19 08:00:00,2021-05-19 14:00:00,2021-05-20 08:00:00,6,stalled_below,3.1727277250978587,False,False,ambiguous,no_action,no_action,
downside,2021-05-23 16:00:00,2021-05-23 18:00:00,2021-05-23 23:00:00,2021-05-24 00:00:00,2021-05-24 18:00:00,1,reclaimed,1.720612317399448,False,False,upper_first,no_action,no_action,
downside,2021-05-23 16:00:00,2021-05-23 23:00:00,2021-05-23 23:00:00,2021-05-24 05:00:00,2021-05-24 23:00:00,6,reclaimed,1.720612317399448,False,False,upper_first,no_action,no_action,
downside,2021-05-28 08:00:00,2021-05-28 10:00:00,2021-05-28 15:00:00,2021-05-28 16:00:00,2021-05-29 10:00:00,1,reclaimed,2.0136753093712154,False,False,lower_first,no_action,no_action,
downside,2021-05-28 08:00:00,2021-05-28 15:00:00,2021-05-28 15:00:00,2021-05-28 21:00:00,2021-05-29 15:00:00,6,reclaimed,2.0136753093712154,False,False,upper_first,no_action,no_action,
downside,2021-06-05 21:00:00,2021-06-05 23:00:00,2021-06-06 04:00:00,2021-06-06 05:00:00,2021-06-06 23:00:00,1,reclaimed,0.9906012079636819,False,False,neither,no_action,no_action,
downside,2021-06-05 21:00:00,2021-06-06 04:00:00,2021-06-06 04:00:00,2021-06-06 10:00:00,2021-06-07 04:00:00,6,reclaimed,0.9906012079636819,False,False,neither,no_action,no_action,
downside,2021-06-07 20:00:00,2021-06-07 22:00:00,2021-06-08 03:00:00,2021-06-08 04:00:00,2021-06-08 22:00:00,1,persistent,4.50212514160913,True,True,lower_first,lower_first,lower_first,
downside,2021-06-07 20:00:00,2021-06-08 03:00:00,2021-06-08 03:00:00,2021-06-08 09:00:00,2021-06-09 03:00:00,6,persistent,4.50212514160913,True,True,lower_first,lower_first,lower_first,
downside,2021-06-17 17:00:00,2021-06-17 19:00:00,2021-06-18 00:00:00,2021-06-18 01:00:00,2021-06-18 19:00:00,1,stalled_below,1.4975091195839318,False,False,lower_first,no_action,no_action,
downside,2021-06-17 17:00:00,2021-06-18 00:00:00,2021-06-18 00:00:00,2021-06-18 06:00:00,2021-06-19 00:00:00,6,stalled_below,1.4975091195839318,False,False,lower_first,no_action,no_action,
downside,2021-06-19 03:00:00,2021-06-19 05:00:00,2021-06-19 10:00:00,2021-06-19 11:00:00,2021-06-20 05:00:00,1,reclaimed,0.9092163963766342,False,False,neither,no_action,no_action,
downside,2021-06-19 03:00:00,2021-06-19 10:00:00,2021-06-19 10:00:00,2021-06-19 16:00:00,2021-06-20 10:00:00,6,reclaimed,0.9092163963766342,False,False,neither,no_action,no_action,
downside,2021-06-20 10:00:00,2021-06-20 12:00:00,2021-06-20 17:00:00,2021-06-20 18:00:00,2021-06-21 12:00:00,1,stalled_below,1.7858373577129087,False,False,upper_first,no_action,no_action,
downside,2021-06-20 10:00:00,2021-06-20 17:00:00,2021-06-20 17:00:00,2021-06-20 23:00:00,2021-06-21 17:00:00,6,stalled_below,1.7858373577129087,False,False,lower_first,no_action,no_action,
downside,2021-06-21 21:00:00,2021-06-21 23:00:00,2021-06-22 04:00:00,2021-06-22 05:00:00,2021-06-22 23:00:00,1,reclaimed,2.087824531093396,False,False,lower_first,no_action,no_action,
downside,2021-06-21 21:00:00,2021-06-22 04:00:00,2021-06-22 04:00:00,2021-06-22 10:00:00,2021-06-23 04:00:00,6,reclaimed,2.087824531093396,False,False,lower_first,no_action,no_action,
downside,2021-06-25 22:00:00,2021-06-26 00:00:00,2021-06-26 05:00:00,2021-06-26 06:00:00,2021-06-27 00:00:00,1,reclaimed,0.8335469325572735,False,False,lower_first,no_action,no_action,
downside,2021-06-25 22:00:00,2021-06-26 05:00:00,2021-06-26 05:00:00,2021-06-26 11:00:00,2021-06-27 05:00:00,6,reclaimed,0.8335469325572735,False,False,upper_first,no_action,no_action,
downside,2021-07-01 06:00:00,2021-07-01 08:00:00,2021-07-01 13:00:00,2021-07-01 14:00:00,2021-07-02 08:00:00,1,persistent,0.8149041828681366,True,False,neither,neither,no_action,
downside,2021-07-01 06:00:00,2021-07-01 13:00:00,2021-07-01 13:00:00,2021-07-01 19:00:00,2021-07-02 13:00:00,6,persistent,0.8149041828681366,True,False,neither,neither,no_action,
downside,2021-07-08 05:00:00,2021-07-08 07:00:00,2021-07-08 12:00:00,2021-07-08 13:00:00,2021-07-09 07:00:00,1,persistent,2.039222634499919,True,True,neither,neither,neither,
downside,2021-07-08 05:00:00,2021-07-08 12:00:00,2021-07-08 12:00:00,2021-07-08 18:00:00,2021-07-09 12:00:00,6,persistent,2.039222634499919,True,True,neither,neither,neither,
downside,2021-07-12 18:00:00,2021-07-12 20:00:00,2021-07-13 01:00:00,2021-07-13 02:00:00,2021-07-13 20:00:00,1,reclaimed,2.40337924913431,False,False,neither,no_action,no_action,
downside,2021-07-12 18:00:00,2021-07-13 01:00:00,2021-07-13 01:00:00,2021-07-13 07:00:00,2021-07-14 01:00:00,6,reclaimed,2.40337924913431,False,False,neither,no_action,no_action,
downside,2021-07-13 19:00:00,2021-07-13 21:00:00,2021-07-14 02:00:00,2021-07-14 03:00:00,2021-07-14 21:00:00,1,reclaimed,1.3531125031683036,False,False,neither,no_action,no_action,
downside,2021-07-13 19:00:00,2021-07-14 02:00:00,2021-07-14 02:00:00,2021-07-14 08:00:00,2021-07-15 02:00:00,6,reclaimed,1.3531125031683036,False,False,upper_first,no_action,no_action,
downside,2021-07-15 17:00:00,2021-07-15 19:00:00,2021-07-16 00:00:00,2021-07-16 01:00:00,2021-07-16 19:00:00,1,reclaimed,1.0348281688866365,False,False,neither,no_action,no_action,
downside,2021-07-15 17:00:00,2021-07-16 00:00:00,2021-07-16 00:00:00,2021-07-16 06:00:00,2021-07-17 00:00:00,6,reclaimed,1.0348281688866365,False,False,neither,no_action,no_action,
downside,2021-07-19 12:00:00,2021-07-19 14:00:00,2021-07-19 19:00:00,2021-07-19 20:00:00,2021-07-20 14:00:00,1,stalled_below,3.9997051844773317,False,False,neither,no_action,no_action,
downside,2021-07-19 12:00:00,2021-07-19 19:00:00,2021-07-19 19:00:00,2021-07-20 01:00:00,2021-07-20 19:00:00,6,stalled_below,3.9997051844773317,False,False,neither,no_action,no_action,
downside,2021-08-02 20:00:00,2021-08-02 22:00:00,2021-08-03 03:00:00,2021-08-03 04:00:00,2021-08-03 22:00:00,1,persistent,1.3500239256894806,True,True,neither,neither,neither,
downside,2021-08-02 20:00:00,2021-08-03 03:00:00,2021-08-03 03:00:00,2021-08-03 09:00:00,2021-08-04 03:00:00,6,persistent,1.3500239256894806,True,True,neither,neither,neither,
downside,2021-08-12 12:00:00,2021-08-12 14:00:00,2021-08-12 19:00:00,2021-08-12 20:00:00,2021-08-13 14:00:00,1,persistent,1.4175174272917672,True,True,upper_first,upper_first,upper_first,
downside,2021-08-12 12:00:00,2021-08-12 19:00:00,2021-08-12 19:00:00,2021-08-13 01:00:00,2021-08-13 19:00:00,6,persistent,1.4175174272917672,True,True,upper_first,upper_first,upper_first,
downside,2021-08-17 20:00:00,2021-08-17 22:00:00,2021-08-18 03:00:00,2021-08-18 04:00:00,2021-08-18 22:00:00,1,persistent,1.893717117689734,True,True,neither,neither,neither,
downside,2021-08-17 20:00:00,2021-08-18 03:00:00,2021-08-18 03:00:00,2021-08-18 09:00:00,2021-08-19 03:00:00,6,persistent,1.893717117689734,True,True,neither,neither,neither,
downside,2021-08-19 03:00:00,2021-08-19 05:00:00,2021-08-19 10:00:00,2021-08-19 11:00:00,2021-08-20 05:00:00,1,reclaimed,0.7277244155291249,False,False,upper_first,no_action,no_action,
downside,2021-08-19 03:00:00,2021-08-19 10:00:00,2021-08-19 10:00:00,2021-08-19 16:00:00,2021-08-20 10:00:00,6,reclaimed,0.7277244155291249,False,False,upper_first,no_action,no_action,
downside,2021-08-24 16:00:00,2021-08-24 18:00:00,2021-08-24 23:00:00,2021-08-25 00:00:00,2021-08-25 18:00:00,1,reclaimed,1.4089931426666906,False,False,neither,no_action,no_action,
downside,2021-08-24 16:00:00,2021-08-24 23:00:00,2021-08-24 23:00:00,2021-08-25 05:00:00,2021-08-25 23:00:00,6,reclaimed,1.4089931426666906,False,False,neither,no_action,no_action,
downside,2021-08-26 05:00:00,2021-08-26 07:00:00,2021-08-26 12:00:00,2021-08-26 13:00:00,2021-08-27 07:00:00,1,stalled_below,1.2356372284829462,False,False,neither,no_action,no_action,
downside,2021-08-26 05:00:00,2021-08-26 12:00:00,2021-08-26 12:00:00,2021-08-26 18:00:00,2021-08-27 12:00:00,6,stalled_below,1.2356372284829462,False,False,neither,no_action,no_action,
downside,2021-08-30 23:00:00,2021-08-31 01:00:00,2021-08-31 06:00:00,2021-08-31 07:00:00,2021-09-01 01:00:00,1,stalled_below,1.779053624957298,False,False,neither,no_action,no_action,
downside,2021-08-30 23:00:00,2021-08-31 06:00:00,2021-08-31 06:00:00,2021-08-31 12:00:00,2021-09-01 06:00:00,6,stalled_below,1.779053624957298,False,False,neither,no_action,no_action,
downside,2021-09-07 14:00:00,2021-09-07 16:00:00,2021-09-07 21:00:00,2021-09-07 22:00:00,2021-09-08 16:00:00,1,stalled_below,7.381350300032183,False,False,neither,no_action,no_action,
downside,2021-09-07 14:00:00,2021-09-07 21:00:00,2021-09-07 21:00:00,2021-09-08 03:00:00,2021-09-08 21:00:00,6,stalled_below,7.381350300032183,False,False,lower_first,no_action,no_action,
downside,2021-09-13 14:00:00,2021-09-13 16:00:00,2021-09-13 21:00:00,2021-09-13 22:00:00,2021-09-14 16:00:00,1,reclaimed,1.8400013534090511,False,False,upper_first,no_action,no_action,
downside,2021-09-13 14:00:00,2021-09-13 21:00:00,2021-09-13 21:00:00,2021-09-14 03:00:00,2021-09-14 21:00:00,6,reclaimed,1.8400013534090511,False,False,upper_first,no_action,no_action,
downside,2021-09-20 02:00:00,2021-09-20 04:00:00,2021-09-20 09:00:00,2021-09-20 10:00:00,2021-09-21 04:00:00,1,persistent,2.8402867344943843,True,True,lower_first,lower_first,lower_first,
downside,2021-09-20 02:00:00,2021-09-20 09:00:00,2021-09-20 09:00:00,2021-09-20 15:00:00,2021-09-21 09:00:00,6,persistent,2.8402867344943843,True,True,lower_first,lower_first,lower_first,
downside,2021-10-22 15:00:00,2021-10-22 17:00:00,2021-10-22 22:00:00,2021-10-22 23:00:00,2021-10-23 17:00:00,1,stalled_below,1.5247260265085467,False,False,neither,no_action,no_action,
downside,2021-10-22 15:00:00,2021-10-22 22:00:00,2021-10-22 22:00:00,2021-10-23 04:00:00,2021-10-23 22:00:00,6,stalled_below,1.5247260265085467,False,False,neither,no_action,no_action,
downside,2021-10-27 08:00:00,2021-10-27 10:00:00,2021-10-27 15:00:00,2021-10-27 16:00:00,2021-10-28 10:00:00,1,persistent,1.9165131976382568,True,True,upper_first,upper_first,upper_first,
downside,2021-10-27 08:00:00,2021-10-27 15:00:00,2021-10-27 15:00:00,2021-10-27 21:00:00,2021-10-28 15:00:00,6,persistent,1.9165131976382568,True,True,upper_first,upper_first,upper_first,
downside,2021-11-01 03:00:00,2021-11-01 05:00:00,2021-11-01 10:00:00,2021-11-01 11:00:00,2021-11-02 05:00:00,1,reclaimed,1.4565146135837155,False,False,neither,no_action,no_action,
downside,2021-11-01 03:00:00,2021-11-01 10:00:00,2021-11-01 10:00:00,2021-11-01 16:00:00,2021-11-02 10:00:00,6,reclaimed,1.4565146135837155,False,False,neither,no_action,no_action,
downside,2021-11-16 00:00:00,2021-11-16 02:00:00,2021-11-16 07:00:00,2021-11-16 08:00:00,2021-11-17 02:00:00,1,persistent,5.088228024006365,True,True,neither,neither,neither,
downside,2021-11-16 00:00:00,2021-11-16 07:00:00,2021-11-16 07:00:00,2021-11-16 13:00:00,2021-11-17 07:00:00,6,persistent,5.088228024006365,True,True,neither,neither,neither,
downside,2021-11-18 15:00:00,2021-11-18 17:00:00,2021-11-18 22:00:00,2021-11-18 23:00:00,2021-11-19 17:00:00,1,stalled_below,2.1921225891746925,False,False,neither,no_action,no_action,
downside,2021-11-18 15:00:00,2021-11-18 22:00:00,2021-11-18 22:00:00,2021-11-19 04:00:00,2021-11-19 22:00:00,6,stalled_below,2.1921225891746925,False,False,upper_first,no_action,no_action,
downside,2021-11-22 18:00:00,2021-11-22 20:00:00,2021-11-23 01:00:00,2021-11-23 02:00:00,2021-11-23 20:00:00,1,stalled_below,3.3402371720691257,False,False,neither,no_action,no_action,
downside,2021-11-22 18:00:00,2021-11-23 01:00:00,2021-11-23 01:00:00,2021-11-23 07:00:00,2021-11-24 01:00:00,6,stalled_below,3.3402371720691257,False,False,neither,no_action,no_action,
downside,2021-11-26 08:00:00,2021-11-26 10:00:00,2021-11-26 15:00:00,2021-11-26 16:00:00,2021-11-27 10:00:00,1,persistent,2.9690773599393734,True,True,neither,neither,neither,
downside,2021-11-26 08:00:00,2021-11-26 15:00:00,2021-11-26 15:00:00,2021-11-26 21:00:00,2021-11-27 15:00:00,6,persistent,2.9690773599393734,True,True,neither,neither,neither,
downside,2021-12-03 16:00:00,2021-12-03 18:00:00,2021-12-03 23:00:00,2021-12-04 00:00:00,2021-12-04 18:00:00,1,persistent,2.9564882947327726,True,True,lower_first,lower_first,lower_first,
downside,2021-12-03 16:00:00,2021-12-03 23:00:00,2021-12-03 23:00:00,2021-12-04 05:00:00,2021-12-04 23:00:00,6,persistent,2.9564882947327726,True,True,lower_first,lower_first,lower_first,
downside,2021-12-09 18:00:00,2021-12-09 20:00:00,2021-12-10 01:00:00,2021-12-10 02:00:00,2021-12-10 20:00:00,1,stalled_below,1.722678993366123,False,False,upper_first,no_action,no_action,
downside,2021-12-09 18:00:00,2021-12-10 01:00:00,2021-12-10 01:00:00,2021-12-10 07:00:00,2021-12-11 01:00:00,6,stalled_below,1.722678993366123,False,False,upper_first,no_action,no_action,
downside,2021-12-10 23:00:00,2021-12-11 01:00:00,2021-12-11 06:00:00,2021-12-11 07:00:00,2021-12-12 01:00:00,1,reclaimed,1.3365799152418822,False,False,upper_first,no_action,no_action,
downside,2021-12-10 23:00:00,2021-12-11 06:00:00,2021-12-11 06:00:00,2021-12-11 12:00:00,2021-12-12 06:00:00,6,reclaimed,1.3365799152418822,False,False,upper_first,no_action,no_action,
downside,2021-12-17 14:00:00,2021-12-17 16:00:00,2021-12-17 21:00:00,2021-12-17 22:00:00,2021-12-18 16:00:00,1,stalled_below,2.354698048322631,False,False,neither,no_action,no_action,
downside,2021-12-17 14:00:00,2021-12-17 21:00:00,2021-12-17 21:00:00,2021-12-18 03:00:00,2021-12-18 21:00:00,6,stalled_below,2.354698048322631,False,False,upper_first,no_action,no_action,
downside,2021-12-28 04:00:00,2021-12-28 06:00:00,2021-12-28 11:00:00,2021-12-28 12:00:00,2021-12-29 06:00:00,1,persistent,1.431945348096931,True,True,neither,neither,neither,
downside,2021-12-28 04:00:00,2021-12-28 11:00:00,2021-12-28 11:00:00,2021-12-28 17:00:00,2021-12-29 11:00:00,6,persistent,1.431945348096931,True,True,neither,neither,neither,
downside,2021-12-29 12:00:00,2021-12-29 14:00:00,2021-12-29 19:00:00,2021-12-29 20:00:00,2021-12-30 14:00:00,1,reclaimed,2.0598740532561153,False,False,neither,no_action,no_action,
downside,2021-12-29 12:00:00,2021-12-29 19:00:00,2021-12-29 19:00:00,2021-12-30 01:00:00,2021-12-30 19:00:00,6,reclaimed,2.0598740532561153,False,False,neither,no_action,no_action,
downside,2021-12-31 19:00:00,2021-12-31 21:00:00,2022-01-01 02:00:00,2022-01-01 03:00:00,2022-01-01 21:00:00,1,reclaimed,1.0988185709600757,False,False,neither,no_action,no_action,
downside,2021-12-31 19:00:00,2022-01-01 02:00:00,2022-01-01 02:00:00,2022-01-01 08:00:00,2022-01-02 02:00:00,6,reclaimed,1.0988185709600757,False,False,neither,no_action,no_action,
downside,2022-01-05 19:00:00,2022-01-05 21:00:00,2022-01-06 02:00:00,2022-01-06 03:00:00,2022-01-06 21:00:00,1,stalled_below,4.607740049613091,False,False,neither,no_action,no_action,
downside,2022-01-05 19:00:00,2022-01-06 02:00:00,2022-01-06 02:00:00,2022-01-06 08:00:00,2022-01-07 02:00:00,6,stalled_below,4.607740049613091,False,False,neither,no_action,no_action,
downside,2022-01-07 03:00:00,2022-01-07 05:00:00,2022-01-07 10:00:00,2022-01-07 11:00:00,2022-01-08 05:00:00,1,stalled_below,1.986213440177321,False,False,neither,no_action,no_action,
downside,2022-01-07 03:00:00,2022-01-07 10:00:00,2022-01-07 10:00:00,2022-01-07 16:00:00,2022-01-08 10:00:00,6,stalled_below,1.986213440177321,False,False,neither,no_action,no_action,
downside,2022-01-17 16:00:00,2022-01-17 18:00:00,2022-01-17 23:00:00,2022-01-18 00:00:00,2022-01-18 18:00:00,1,persistent,1.8843304330424255,True,True,neither,neither,neither,
downside,2022-01-17 16:00:00,2022-01-17 23:00:00,2022-01-17 23:00:00,2022-01-18 05:00:00,2022-01-18 23:00:00,6,persistent,1.8843304330424255,True,True,neither,neither,neither,
downside,2022-01-19 07:00:00,2022-01-19 09:00:00,2022-01-19 14:00:00,2022-01-19 15:00:00,2022-01-20 09:00:00,1,reclaimed,1.6238368800520573,False,False,neither,no_action,no_action,
downside,2022-01-19 07:00:00,2022-01-19 14:00:00,2022-01-19 14:00:00,2022-01-19 20:00:00,2022-01-20 14:00:00,6,reclaimed,1.6238368800520573,False,False,neither,no_action,no_action,
downside,2022-01-20 23:00:00,2022-01-21 01:00:00,2022-01-21 06:00:00,2022-01-21 07:00:00,2022-01-22 01:00:00,1,persistent,4.810150306844822,True,True,lower_first,lower_first,lower_first,
downside,2022-01-20 23:00:00,2022-01-21 06:00:00,2022-01-21 06:00:00,2022-01-21 12:00:00,2022-01-22 06:00:00,6,persistent,4.810150306844822,True,True,lower_first,lower_first,lower_first,
downside,2022-01-22 07:00:00,2022-01-22 09:00:00,2022-01-22 14:00:00,2022-01-22 15:00:00,2022-01-23 09:00:00,1,reclaimed,1.5985519991850552,False,False,neither,no_action,no_action,
downside,2022-01-22 07:00:00,2022-01-22 14:00:00,2022-01-22 14:00:00,2022-01-22 20:00:00,2022-01-23 14:00:00,6,reclaimed,1.5985519991850552,False,False,upper_first,no_action,no_action,
downside,2022-01-24 10:00:00,2022-01-24 12:00:00,2022-01-24 17:00:00,2022-01-24 18:00:00,2022-01-25 12:00:00,1,reclaimed,2.783636971181037,False,False,upper_first,no_action,no_action,
downside,2022-01-24 10:00:00,2022-01-24 17:00:00,2022-01-24 17:00:00,2022-01-24 23:00:00,2022-01-25 17:00:00,6,reclaimed,2.783636971181037,False,False,neither,no_action,no_action,
downside,2022-02-03 10:00:00,2022-02-03 12:00:00,2022-02-03 17:00:00,2022-02-03 18:00:00,2022-02-04 12:00:00,1,reclaimed,1.4679041010176312,False,False,upper_first,no_action,no_action,
downside,2022-02-03 10:00:00,2022-02-03 17:00:00,2022-02-03 17:00:00,2022-02-03 23:00:00,2022-02-04 17:00:00,6,reclaimed,1.4679041010176312,False,False,upper_first,no_action,no_action,
downside,2022-02-14 01:00:00,2022-02-14 03:00:00,2022-02-14 08:00:00,2022-02-14 09:00:00,2022-02-15 03:00:00,1,reclaimed,1.0109491698658746,False,False,upper_first,no_action,no_action,
downside,2022-02-14 01:00:00,2022-02-14 08:00:00,2022-02-14 08:00:00,2022-02-14 14:00:00,2022-02-15 08:00:00,6,reclaimed,1.0109491698658746,False,False,upper_first,no_action,no_action,
downside,2022-02-17 18:00:00,2022-02-17 20:00:00,2022-02-18 01:00:00,2022-02-18 02:00:00,2022-02-18 20:00:00,1,stalled_below,2.149606269217995,False,False,neither,no_action,no_action,
downside,2022-02-17 18:00:00,2022-02-18 01:00:00,2022-02-18 01:00:00,2022-02-18 07:00:00,2022-02-19 01:00:00,6,stalled_below,2.149606269217995,False,False,neither,no_action,no_action,
downside,2022-02-20 05:00:00,2022-02-20 07:00:00,2022-02-20 12:00:00,2022-02-20 13:00:00,2022-02-21 07:00:00,1,persistent,1.81893033025257,True,True,upper_first,upper_first,upper_first,
downside,2022-02-20 05:00:00,2022-02-20 12:00:00,2022-02-20 12:00:00,2022-02-20 18:00:00,2022-02-21 12:00:00,6,persistent,1.81893033025257,True,True,upper_first,upper_first,upper_first,
downside,2022-02-21 11:00:00,2022-02-21 13:00:00,2022-02-21 18:00:00,2022-02-21 19:00:00,2022-02-22 13:00:00,1,reclaimed,3.1609657498342423,False,False,neither,no_action,no_action,
downside,2022-02-21 11:00:00,2022-02-21 18:00:00,2022-02-21 18:00:00,2022-02-22 00:00:00,2022-02-22 18:00:00,6,reclaimed,3.1609657498342423,False,False,upper_first,no_action,no_action,
downside,2022-02-24 02:00:00,2022-02-24 04:00:00,2022-02-24 09:00:00,2022-02-24 10:00:00,2022-02-25 04:00:00,1,stalled_below,3.1778249122822078,False,False,upper_first,no_action,no_action,
downside,2022-02-24 02:00:00,2022-02-24 09:00:00,2022-02-24 09:00:00,2022-02-24 15:00:00,2022-02-25 09:00:00,6,stalled_below,3.1778249122822078,False,False,upper_first,no_action,no_action,
downside,2022-03-04 00:00:00,2022-03-04 02:00:00,2022-03-04 07:00:00,2022-03-04 08:00:00,2022-03-05 02:00:00,1,stalled_below,1.415612407990026,False,False,lower_first,no_action,no_action,
downside,2022-03-04 00:00:00,2022-03-04 07:00:00,2022-03-04 07:00:00,2022-03-04 13:00:00,2022-03-05 07:00:00,6,stalled_below,1.415612407990026,False,False,lower_first,no_action,no_action,
downside,2022-03-06 10:00:00,2022-03-06 12:00:00,2022-03-06 17:00:00,2022-03-06 18:00:00,2022-03-07 12:00:00,1,reclaimed,0.7987046696503625,False,False,neither,no_action,no_action,
downside,2022-03-06 10:00:00,2022-03-06 17:00:00,2022-03-06 17:00:00,2022-03-06 23:00:00,2022-03-07 17:00:00,6,reclaimed,0.7987046696503625,False,False,neither,no_action,no_action,
downside,2022-03-07 19:00:00,2022-03-07 21:00:00,2022-03-08 02:00:00,2022-03-08 03:00:00,2022-03-08 21:00:00,1,reclaimed,3.163780465265224,False,False,neither,no_action,no_action,
downside,2022-03-07 19:00:00,2022-03-08 02:00:00,2022-03-08 02:00:00,2022-03-08 08:00:00,2022-03-09 02:00:00,6,reclaimed,3.163780465265224,False,False,neither,no_action,no_action,
downside,2022-03-13 22:00:00,2022-03-14 00:00:00,2022-03-14 05:00:00,2022-03-14 06:00:00,2022-03-15 00:00:00,1,reclaimed,2.27584359364556,False,False,upper_first,no_action,no_action,
downside,2022-03-13 22:00:00,2022-03-14 05:00:00,2022-03-14 05:00:00,2022-03-14 11:00:00,2022-03-15 05:00:00,6,reclaimed,2.27584359364556,False,False,neither,no_action,no_action,
downside,2022-03-31 16:00:00,2022-03-31 18:00:00,2022-03-31 23:00:00,2022-04-01 00:00:00,2022-04-01 18:00:00,1,stalled_below,1.8332111218689402,False,False,neither,no_action,no_action,
downside,2022-03-31 16:00:00,2022-03-31 23:00:00,2022-03-31 23:00:00,2022-04-01 05:00:00,2022-04-01 23:00:00,6,stalled_below,1.8332111218689402,False,False,upper_first,no_action,no_action,
downside,2022-04-04 17:00:00,2022-04-04 19:00:00,2022-04-05 00:00:00,2022-04-05 01:00:00,2022-04-05 19:00:00,1,reclaimed,2.188465411180106,False,False,neither,no_action,no_action,
downside,2022-04-04 17:00:00,2022-04-05 00:00:00,2022-04-05 00:00:00,2022-04-05 06:00:00,2022-04-06 00:00:00,6,reclaimed,2.188465411180106,False,False,neither,no_action,no_action,
downside,2022-04-06 00:00:00,2022-04-06 02:00:00,2022-04-06 07:00:00,2022-04-06 08:00:00,2022-04-07 02:00:00,1,reclaimed,1.2734669820964275,False,False,lower_first,no_action,no_action,
downside,2022-04-06 00:00:00,2022-04-06 07:00:00,2022-04-06 07:00:00,2022-04-06 13:00:00,2022-04-07 07:00:00,6,reclaimed,1.2734669820964275,False,False,neither,no_action,no_action,
downside,2022-04-08 22:00:00,2022-04-09 00:00:00,2022-04-09 05:00:00,2022-04-09 06:00:00,2022-04-10 00:00:00,1,stalled_below,0.6484870185115015,False,False,neither,no_action,no_action,
downside,2022-04-08 22:00:00,2022-04-09 05:00:00,2022-04-09 05:00:00,2022-04-09 11:00:00,2022-04-10 05:00:00,6,stalled_below,0.6484870185115015,False,False,neither,no_action,no_action,
downside,2022-04-11 09:00:00,2022-04-11 11:00:00,2022-04-11 16:00:00,2022-04-11 17:00:00,2022-04-12 11:00:00,1,persistent,4.654265631080863,True,True,neither,neither,neither,
downside,2022-04-11 09:00:00,2022-04-11 16:00:00,2022-04-11 16:00:00,2022-04-11 22:00:00,2022-04-12 16:00:00,6,persistent,4.654265631080863,True,True,upper_first,upper_first,upper_first,
downside,2022-04-17 23:00:00,2022-04-18 01:00:00,2022-04-18 06:00:00,2022-04-18 07:00:00,2022-04-19 01:00:00,1,persistent,2.707214327232961,True,True,upper_first,upper_first,upper_first,
downside,2022-04-17 23:00:00,2022-04-18 06:00:00,2022-04-18 06:00:00,2022-04-18 12:00:00,2022-04-19 06:00:00,6,persistent,2.707214327232961,True,True,upper_first,upper_first,upper_first,
downside,2022-04-21 22:00:00,2022-04-22 00:00:00,2022-04-22 05:00:00,2022-04-22 06:00:00,2022-04-23 00:00:00,1,reclaimed,0.8198685660944679,False,False,neither,no_action,no_action,
downside,2022-04-21 22:00:00,2022-04-22 05:00:00,2022-04-22 05:00:00,2022-04-22 11:00:00,2022-04-23 05:00:00,6,reclaimed,0.8198685660944679,False,False,neither,no_action,no_action,
downside,2022-04-25 00:00:00,2022-04-25 02:00:00,2022-04-25 07:00:00,2022-04-25 08:00:00,2022-04-26 02:00:00,1,persistent,1.8148960994991665,True,True,upper_first,upper_first,upper_first,
downside,2022-04-25 00:00:00,2022-04-25 07:00:00,2022-04-25 07:00:00,2022-04-25 13:00:00,2022-04-26 07:00:00,6,persistent,1.8148960994991665,True,True,upper_first,upper_first,upper_first,
downside,2022-04-30 23:00:00,2022-05-01 01:00:00,2022-05-01 06:00:00,2022-05-01 07:00:00,2022-05-02 01:00:00,1,stalled_below,1.0289130920561347,False,False,neither,no_action,no_action,
downside,2022-04-30 23:00:00,2022-05-01 06:00:00,2022-05-01 06:00:00,2022-05-01 12:00:00,2022-05-02 06:00:00,6,stalled_below,1.0289130920561347,False,False,upper_first,no_action,no_action,
downside,2022-05-05 15:00:00,2022-05-05 17:00:00,2022-05-05 22:00:00,2022-05-05 23:00:00,2022-05-06 17:00:00,1,persistent,3.095952621055395,True,True,neither,neither,neither,
downside,2022-05-05 15:00:00,2022-05-05 22:00:00,2022-05-05 22:00:00,2022-05-06 04:00:00,2022-05-06 22:00:00,6,persistent,3.095952621055395,True,True,neither,neither,neither,
downside,2022-05-07 21:00:00,2022-05-07 23:00:00,2022-05-08 04:00:00,2022-05-08 05:00:00,2022-05-08 23:00:00,1,persistent,2.924169482835671,True,True,neither,neither,neither,
downside,2022-05-07 21:00:00,2022-05-08 04:00:00,2022-05-08 04:00:00,2022-05-08 10:00:00,2022-05-09 04:00:00,6,persistent,2.924169482835671,True,True,neither,neither,neither,
downside,2022-05-09 02:00:00,2022-05-09 04:00:00,2022-05-09 09:00:00,2022-05-09 10:00:00,2022-05-10 04:00:00,1,persistent,1.2439498842051486,True,True,lower_first,lower_first,lower_first,
downside,2022-05-09 02:00:00,2022-05-09 09:00:00,2022-05-09 09:00:00,2022-05-09 15:00:00,2022-05-10 09:00:00,6,persistent,1.2439498842051486,True,True,lower_first,lower_first,lower_first,
downside,2022-05-11 12:00:00,2022-05-11 14:00:00,2022-05-11 19:00:00,2022-05-11 20:00:00,2022-05-12 14:00:00,1,reclaimed,2.0802929697988164,False,False,lower_first,no_action,no_action,
downside,2022-05-11 12:00:00,2022-05-11 19:00:00,2022-05-11 19:00:00,2022-05-12 01:00:00,2022-05-12 19:00:00,6,reclaimed,2.0802929697988164,False,False,lower_first,no_action,no_action,
downside,2022-05-18 15:00:00,2022-05-18 17:00:00,2022-05-18 22:00:00,2022-05-18 23:00:00,2022-05-19 17:00:00,1,reclaimed,1.9086870594031666,False,False,upper_first,no_action,no_action,
downside,2022-05-18 15:00:00,2022-05-18 22:00:00,2022-05-18 22:00:00,2022-05-19 04:00:00,2022-05-19 22:00:00,6,reclaimed,1.9086870594031666,False,False,upper_first,no_action,no_action,
downside,2022-06-10 13:00:00,2022-06-10 15:00:00,2022-06-10 20:00:00,2022-06-10 21:00:00,2022-06-11 15:00:00,1,stalled_below,3.08051707092139,False,False,neither,no_action,no_action,
downside,2022-06-10 13:00:00,2022-06-10 20:00:00,2022-06-10 20:00:00,2022-06-11 02:00:00,2022-06-11 20:00:00,6,stalled_below,3.08051707092139,False,False,neither,no_action,no_action,
downside,2022-06-12 02:00:00,2022-06-12 04:00:00,2022-06-12 09:00:00,2022-06-12 10:00:00,2022-06-13 04:00:00,1,stalled_below,1.5430572501621358,False,False,upper_first,no_action,no_action,
downside,2022-06-12 02:00:00,2022-06-12 09:00:00,2022-06-12 09:00:00,2022-06-12 15:00:00,2022-06-13 09:00:00,6,stalled_below,1.5430572501621358,False,False,lower_first,no_action,no_action,
downside,2022-06-13 07:00:00,2022-06-13 09:00:00,2022-06-13 14:00:00,2022-06-13 15:00:00,2022-06-14 09:00:00,1,persistent,7.5491327725099335,True,True,upper_first,upper_first,upper_first,
downside,2022-06-13 07:00:00,2022-06-13 14:00:00,2022-06-13 14:00:00,2022-06-13 20:00:00,2022-06-14 14:00:00,6,persistent,7.5491327725099335,True,True,lower_first,lower_first,lower_first,
downside,2022-06-15 07:00:00,2022-06-15 09:00:00,2022-06-15 14:00:00,2022-06-15 15:00:00,2022-06-16 09:00:00,1,reclaimed,1.5041320940792569,False,False,upper_first,no_action,no_action,
downside,2022-06-15 07:00:00,2022-06-15 14:00:00,2022-06-15 14:00:00,2022-06-15 20:00:00,2022-06-16 14:00:00,6,reclaimed,1.5041320940792569,False,False,upper_first,no_action,no_action,
downside,2022-06-18 06:00:00,2022-06-18 08:00:00,2022-06-18 13:00:00,2022-06-18 14:00:00,2022-06-19 08:00:00,1,stalled_below,1.3131020126398512,False,False,lower_first,no_action,no_action,
downside,2022-06-18 06:00:00,2022-06-18 13:00:00,2022-06-18 13:00:00,2022-06-18 19:00:00,2022-06-19 13:00:00,6,stalled_below,1.3131020126398512,False,False,upper_first,no_action,no_action,
downside,2022-06-27 13:00:00,2022-06-27 15:00:00,2022-06-27 20:00:00,2022-06-27 21:00:00,2022-06-28 15:00:00,1,reclaimed,2.0697097533973934,False,False,neither,no_action,no_action,
downside,2022-06-27 13:00:00,2022-06-27 20:00:00,2022-06-27 20:00:00,2022-06-28 02:00:00,2022-06-28 20:00:00,6,reclaimed,2.0697097533973934,False,False,neither,no_action,no_action,
downside,2022-06-28 18:00:00,2022-06-28 20:00:00,2022-06-29 01:00:00,2022-06-29 02:00:00,2022-06-29 20:00:00,1,persistent,1.6040691263798006,True,True,neither,neither,neither,
downside,2022-06-28 18:00:00,2022-06-29 01:00:00,2022-06-29 01:00:00,2022-06-29 07:00:00,2022-06-30 01:00:00,6,persistent,1.6040691263798006,True,True,neither,neither,neither,
downside,2022-06-30 06:00:00,2022-06-30 08:00:00,2022-06-30 13:00:00,2022-06-30 14:00:00,2022-07-01 08:00:00,1,stalled_below,1.6416107984675004,False,False,upper_first,no_action,no_action,
downside,2022-06-30 06:00:00,2022-06-30 13:00:00,2022-06-30 13:00:00,2022-06-30 19:00:00,2022-07-01 13:00:00,6,stalled_below,1.6416107984675004,False,False,upper_first,no_action,no_action,
downside,2022-07-11 01:00:00,2022-07-11 03:00:00,2022-07-11 08:00:00,2022-07-11 09:00:00,2022-07-12 03:00:00,1,persistent,0.950115902005571,True,False,neither,neither,no_action,
downside,2022-07-11 01:00:00,2022-07-11 08:00:00,2022-07-11 08:00:00,2022-07-11 14:00:00,2022-07-12 08:00:00,6,persistent,0.950115902005571,True,False,neither,neither,no_action,
downside,2022-07-12 07:00:00,2022-07-12 09:00:00,2022-07-12 14:00:00,2022-07-12 15:00:00,2022-07-13 09:00:00,1,stalled_below,1.711492112425868,False,False,neither,no_action,no_action,
downside,2022-07-12 07:00:00,2022-07-12 14:00:00,2022-07-12 14:00:00,2022-07-12 20:00:00,2022-07-13 14:00:00,6,stalled_below,1.711492112425868,False,False,upper_first,no_action,no_action,
downside,2022-07-13 12:00:00,2022-07-13 14:00:00,2022-07-13 19:00:00,2022-07-13 20:00:00,2022-07-14 14:00:00,1,reclaimed,3.269093805628391,False,False,upper_first,no_action,no_action,
downside,2022-07-13 12:00:00,2022-07-13 19:00:00,2022-07-13 19:00:00,2022-07-14 01:00:00,2022-07-14 19:00:00,6,reclaimed,3.269093805628391,False,False,neither,no_action,no_action,
downside,2022-07-23 11:00:00,2022-07-23 13:00:00,2022-07-23 18:00:00,2022-07-23 19:00:00,2022-07-24 13:00:00,1,persistent,0.8515059461146663,True,False,upper_first,upper_first,no_action,
downside,2022-07-23 11:00:00,2022-07-23 18:00:00,2022-07-23 18:00:00,2022-07-24 00:00:00,2022-07-24 18:00:00,6,persistent,0.8515059461146663,True,False,neither,neither,no_action,
downside,2022-07-25 23:00:00,2022-07-26 01:00:00,2022-07-26 06:00:00,2022-07-26 07:00:00,2022-07-27 01:00:00,1,persistent,1.6539814168385794,True,True,neither,neither,neither,
downside,2022-07-25 23:00:00,2022-07-26 06:00:00,2022-07-26 06:00:00,2022-07-26 12:00:00,2022-07-27 06:00:00,6,persistent,1.6539814168385794,True,True,neither,neither,neither,
downside,2022-08-01 06:00:00,2022-08-01 08:00:00,2022-08-01 13:00:00,2022-08-01 14:00:00,2022-08-02 08:00:00,1,persistent,1.0630557446104145,True,True,neither,neither,neither,
downside,2022-08-01 06:00:00,2022-08-01 13:00:00,2022-08-01 13:00:00,2022-08-01 19:00:00,2022-08-02 13:00:00,6,persistent,1.0630557446104145,True,True,neither,neither,neither,
downside,2022-08-02 09:00:00,2022-08-02 11:00:00,2022-08-02 16:00:00,2022-08-02 17:00:00,2022-08-03 11:00:00,1,reclaimed,1.8580943819266562,False,False,neither,no_action,no_action,
downside,2022-08-02 09:00:00,2022-08-02 16:00:00,2022-08-02 16:00:00,2022-08-02 22:00:00,2022-08-03 16:00:00,6,reclaimed,1.8580943819266562,False,False,neither,no_action,no_action,
downside,2022-08-04 16:00:00,2022-08-04 18:00:00,2022-08-04 23:00:00,2022-08-05 00:00:00,2022-08-05 18:00:00,1,stalled_below,1.1156732291574751,False,False,upper_first,no_action,no_action,
downside,2022-08-04 16:00:00,2022-08-04 23:00:00,2022-08-04 23:00:00,2022-08-05 05:00:00,2022-08-05 23:00:00,6,stalled_below,1.1156732291574751,False,False,neither,no_action,no_action,
downside,2022-08-10 00:00:00,2022-08-10 02:00:00,2022-08-10 07:00:00,2022-08-10 08:00:00,2022-08-11 02:00:00,1,reclaimed,0.9348300286247706,False,False,upper_first,no_action,no_action,
downside,2022-08-10 00:00:00,2022-08-10 07:00:00,2022-08-10 07:00:00,2022-08-10 13:00:00,2022-08-11 07:00:00,6,reclaimed,0.9348300286247706,False,False,neither,no_action,no_action,
downside,2022-08-16 14:00:00,2022-08-16 16:00:00,2022-08-16 21:00:00,2022-08-16 22:00:00,2022-08-17 16:00:00,1,reclaimed,1.4995681295325622,False,False,neither,no_action,no_action,
downside,2022-08-16 14:00:00,2022-08-16 21:00:00,2022-08-16 21:00:00,2022-08-17 03:00:00,2022-08-17 21:00:00,6,reclaimed,1.4995681295325622,False,False,neither,no_action,no_action,
downside,2022-08-17 19:00:00,2022-08-17 21:00:00,2022-08-18 02:00:00,2022-08-18 03:00:00,2022-08-18 21:00:00,1,reclaimed,0.5801705397245537,False,False,neither,no_action,no_action,
downside,2022-08-17 19:00:00,2022-08-18 02:00:00,2022-08-18 02:00:00,2022-08-18 08:00:00,2022-08-19 02:00:00,6,reclaimed,0.5801705397245537,False,False,neither,no_action,no_action,
downside,2022-08-19 00:00:00,2022-08-19 02:00:00,2022-08-19 07:00:00,2022-08-19 08:00:00,2022-08-20 02:00:00,1,persistent,1.8272872288099613,True,True,lower_first,lower_first,lower_first,
downside,2022-08-19 00:00:00,2022-08-19 07:00:00,2022-08-19 07:00:00,2022-08-19 13:00:00,2022-08-20 07:00:00,6,persistent,1.8272872288099613,True,True,neither,neither,neither,
downside,2022-08-26 15:00:00,2022-08-26 17:00:00,2022-08-26 22:00:00,2022-08-26 23:00:00,2022-08-27 17:00:00,1,stalled_below,2.0066084342678177,False,False,neither,no_action,no_action,
downside,2022-08-26 15:00:00,2022-08-26 22:00:00,2022-08-26 22:00:00,2022-08-27 04:00:00,2022-08-27 22:00:00,6,stalled_below,2.0066084342678177,False,False,neither,no_action,no_action,
downside,2022-08-28 23:00:00,2022-08-29 01:00:00,2022-08-29 06:00:00,2022-08-29 07:00:00,2022-08-30 01:00:00,1,stalled_below,1.9364000217679764,False,False,neither,no_action,no_action,
downside,2022-08-28 23:00:00,2022-08-29 06:00:00,2022-08-29 06:00:00,2022-08-29 12:00:00,2022-08-30 06:00:00,6,stalled_below,1.9364000217679764,False,False,upper_first,no_action,no_action,
downside,2022-09-06 17:00:00,2022-09-06 19:00:00,2022-09-07 00:00:00,2022-09-07 01:00:00,2022-09-07 19:00:00,1,stalled_below,2.8373356096934983,False,False,neither,no_action,no_action,
downside,2022-09-06 17:00:00,2022-09-07 00:00:00,2022-09-07 00:00:00,2022-09-07 06:00:00,2022-09-08 00:00:00,6,stalled_below,2.8373356096934983,False,False,upper_first,no_action,no_action,
downside,2022-09-13 14:00:00,2022-09-13 16:00:00,2022-09-13 21:00:00,2022-09-13 22:00:00,2022-09-14 16:00:00,1,persistent,2.2931416140382117,True,True,neither,neither,neither,
downside,2022-09-13 14:00:00,2022-09-13 21:00:00,2022-09-13 21:00:00,2022-09-14 03:00:00,2022-09-14 21:00:00,6,persistent,2.2931416140382117,True,True,neither,neither,neither,
downside,2022-09-14 18:00:00,2022-09-14 20:00:00,2022-09-15 01:00:00,2022-09-15 02:00:00,2022-09-15 20:00:00,1,reclaimed,0.9033967652775428,False,False,neither,no_action,no_action,
downside,2022-09-14 18:00:00,2022-09-15 01:00:00,2022-09-15 01:00:00,2022-09-15 07:00:00,2022-09-16 01:00:00,6,reclaimed,0.9033967652775428,False,False,neither,no_action,no_action,
downside,2022-09-16 17:00:00,2022-09-16 19:00:00,2022-09-17 00:00:00,2022-09-17 01:00:00,2022-09-17 19:00:00,1,reclaimed,1.2561349363077132,False,False,neither,no_action,no_action,
downside,2022-09-16 17:00:00,2022-09-17 00:00:00,2022-09-17 00:00:00,2022-09-17 06:00:00,2022-09-18 00:00:00,6,reclaimed,1.2561349363077132,False,False,neither,no_action,no_action,
downside,2022-09-19 02:00:00,2022-09-19 04:00:00,2022-09-19 09:00:00,2022-09-19 10:00:00,2022-09-20 04:00:00,1,persistent,2.3694827365658986,True,True,upper_first,upper_first,upper_first,
downside,2022-09-19 02:00:00,2022-09-19 09:00:00,2022-09-19 09:00:00,2022-09-19 15:00:00,2022-09-20 09:00:00,6,persistent,2.3694827365658986,True,True,neither,neither,neither,
downside,2022-10-07 12:00:00,2022-10-07 14:00:00,2022-10-07 19:00:00,2022-10-07 20:00:00,2022-10-08 14:00:00,1,persistent,1.5548673452794857,True,True,neither,neither,neither,
downside,2022-10-07 12:00:00,2022-10-07 19:00:00,2022-10-07 19:00:00,2022-10-08 01:00:00,2022-10-08 19:00:00,6,persistent,1.5548673452794857,True,True,neither,neither,neither,
downside,2022-10-08 21:00:00,2022-10-08 23:00:00,2022-10-09 04:00:00,2022-10-09 05:00:00,2022-10-09 23:00:00,1,reclaimed,0.497780771360891,False,False,neither,no_action,no_action,
downside,2022-10-08 21:00:00,2022-10-09 04:00:00,2022-10-09 04:00:00,2022-10-09 10:00:00,2022-10-10 04:00:00,6,reclaimed,0.497780771360891,False,False,neither,no_action,no_action,
downside,2022-10-10 08:00:00,2022-10-10 10:00:00,2022-10-10 15:00:00,2022-10-10 16:00:00,2022-10-11 10:00:00,1,reclaimed,2.8673611570480304,False,False,neither,no_action,no_action,
downside,2022-10-10 08:00:00,2022-10-10 15:00:00,2022-10-10 15:00:00,2022-10-10 21:00:00,2022-10-11 15:00:00,6,reclaimed,2.8673611570480304,False,False,neither,no_action,no_action,
downside,2022-10-13 10:00:00,2022-10-13 12:00:00,2022-10-13 17:00:00,2022-10-13 18:00:00,2022-10-14 12:00:00,1,reclaimed,4.614489154404964,False,False,upper_first,no_action,no_action,
downside,2022-10-13 10:00:00,2022-10-13 17:00:00,2022-10-13 17:00:00,2022-10-13 23:00:00,2022-10-14 17:00:00,6,reclaimed,4.614489154404964,False,False,neither,no_action,no_action,
downside,2022-10-20 00:00:00,2022-10-20 02:00:00,2022-10-20 07:00:00,2022-10-20 08:00:00,2022-10-21 02:00:00,1,reclaimed,1.1080505996175294,False,False,neither,no_action,no_action,
downside,2022-10-20 00:00:00,2022-10-20 07:00:00,2022-10-20 07:00:00,2022-10-20 13:00:00,2022-10-21 07:00:00,6,reclaimed,1.1080505996175294,False,False,neither,no_action,no_action,
downside,2022-10-21 12:00:00,2022-10-21 14:00:00,2022-10-21 19:00:00,2022-10-21 20:00:00,2022-10-22 14:00:00,1,reclaimed,2.207490112495718,False,False,neither,no_action,no_action,
downside,2022-10-21 12:00:00,2022-10-21 19:00:00,2022-10-21 19:00:00,2022-10-22 01:00:00,2022-10-22 19:00:00,6,reclaimed,2.207490112495718,False,False,neither,no_action,no_action,
downside,2022-11-07 22:00:00,2022-11-08 00:00:00,2022-11-08 05:00:00,2022-11-08 06:00:00,2022-11-09 00:00:00,1,persistent,3.861136287529994,True,True,upper_first,upper_first,upper_first,
downside,2022-11-07 22:00:00,2022-11-08 05:00:00,2022-11-08 05:00:00,2022-11-08 11:00:00,2022-11-09 05:00:00,6,persistent,3.861136287529994,True,True,upper_first,upper_first,upper_first,
downside,2022-11-09 15:00:00,2022-11-09 17:00:00,2022-11-09 22:00:00,2022-11-09 23:00:00,2022-11-10 17:00:00,1,persistent,5.097908004127733,True,True,upper_first,upper_first,upper_first,
downside,2022-11-09 15:00:00,2022-11-09 22:00:00,2022-11-09 22:00:00,2022-11-10 04:00:00,2022-11-10 22:00:00,6,persistent,5.097908004127733,True,True,upper_first,upper_first,upper_first,
downside,2022-11-14 01:00:00,2022-11-14 03:00:00,2022-11-14 08:00:00,2022-11-14 09:00:00,2022-11-15 03:00:00,1,reclaimed,2.167740426899232,False,False,neither,no_action,no_action,
downside,2022-11-14 01:00:00,2022-11-14 08:00:00,2022-11-14 08:00:00,2022-11-14 14:00:00,2022-11-15 08:00:00,6,reclaimed,2.167740426899232,False,False,neither,no_action,no_action,
downside,2022-11-20 21:00:00,2022-11-20 23:00:00,2022-11-21 04:00:00,2022-11-21 05:00:00,2022-11-21 23:00:00,1,persistent,4.827660736647653,True,True,neither,neither,neither,
downside,2022-11-20 21:00:00,2022-11-21 04:00:00,2022-11-21 04:00:00,2022-11-21 10:00:00,2022-11-22 04:00:00,6,persistent,4.827660736647653,True,True,neither,neither,neither,
downside,2022-11-28 01:00:00,2022-11-28 03:00:00,2022-11-28 08:00:00,2022-11-28 09:00:00,2022-11-29 03:00:00,1,stalled_below,2.0250956039170016,False,False,neither,no_action,no_action,
downside,2022-11-28 01:00:00,2022-11-28 08:00:00,2022-11-28 08:00:00,2022-11-28 14:00:00,2022-11-29 08:00:00,6,stalled_below,2.0250956039170016,False,False,neither,no_action,no_action,
downside,2022-12-07 07:00:00,2022-12-07 09:00:00,2022-12-07 14:00:00,2022-12-07 15:00:00,2022-12-08 09:00:00,1,stalled_below,1.091820331056317,False,False,neither,no_action,no_action,
downside,2022-12-07 07:00:00,2022-12-07 14:00:00,2022-12-07 14:00:00,2022-12-07 20:00:00,2022-12-08 14:00:00,6,stalled_below,1.091820331056317,False,False,neither,no_action,no_action,
downside,2022-12-12 00:00:00,2022-12-12 02:00:00,2022-12-12 07:00:00,2022-12-12 08:00:00,2022-12-13 02:00:00,1,stalled_below,2.4127243977308352,False,False,neither,no_action,no_action,
downside,2022-12-12 00:00:00,2022-12-12 07:00:00,2022-12-12 07:00:00,2022-12-12 13:00:00,2022-12-13 07:00:00,6,stalled_below,2.4127243977308352,False,False,neither,no_action,no_action,
downside,2022-12-16 09:00:00,2022-12-16 11:00:00,2022-12-16 16:00:00,2022-12-16 17:00:00,2022-12-17 11:00:00,1,persistent,1.6809258240882632,True,True,neither,neither,neither,
downside,2022-12-16 09:00:00,2022-12-16 16:00:00,2022-12-16 16:00:00,2022-12-16 22:00:00,2022-12-17 16:00:00,6,persistent,1.6809258240882632,True,True,neither,neither,neither,
downside,2022-12-19 22:00:00,2022-12-20 00:00:00,2022-12-20 05:00:00,2022-12-20 06:00:00,2022-12-21 00:00:00,1,reclaimed,3.324868808490953,False,False,neither,no_action,no_action,
downside,2022-12-19 22:00:00,2022-12-20 05:00:00,2022-12-20 05:00:00,2022-12-20 11:00:00,2022-12-21 05:00:00,6,reclaimed,3.324868808490953,False,False,neither,no_action,no_action,
downside,2022-12-27 17:00:00,2022-12-27 19:00:00,2022-12-28 00:00:00,2022-12-28 01:00:00,2022-12-28 19:00:00,1,stalled_below,3.095655891167821,False,False,neither,no_action,no_action,
downside,2022-12-27 17:00:00,2022-12-28 00:00:00,2022-12-28 00:00:00,2022-12-28 06:00:00,2022-12-29 00:00:00,6,stalled_below,3.095655891167821,False,False,neither,no_action,no_action,
downside,2022-12-28 21:00:00,2022-12-28 23:00:00,2022-12-29 04:00:00,2022-12-29 05:00:00,2022-12-29 23:00:00,1,stalled_below,2.14638155307402,False,False,neither,no_action,no_action,
downside,2022-12-28 21:00:00,2022-12-29 04:00:00,2022-12-29 04:00:00,2022-12-29 10:00:00,2022-12-30 04:00:00,6,stalled_below,2.14638155307402,False,False,neither,no_action,no_action,
downside,2022-12-30 14:00:00,2022-12-30 16:00:00,2022-12-30 21:00:00,2022-12-30 22:00:00,2022-12-31 16:00:00,1,reclaimed,2.0414558896278034,False,False,neither,no_action,no_action,
downside,2022-12-30 14:00:00,2022-12-30 21:00:00,2022-12-30 21:00:00,2022-12-31 03:00:00,2022-12-31 21:00:00,6,reclaimed,2.0414558896278034,False,False,neither,no_action,no_action,
downside,2023-01-30 19:00:00,2023-01-30 21:00:00,2023-01-31 02:00:00,2023-01-31 03:00:00,2023-01-31 21:00:00,1,stalled_below,2.4984894060917853,False,False,neither,no_action,no_action,
downside,2023-01-30 19:00:00,2023-01-31 02:00:00,2023-01-31 02:00:00,2023-01-31 08:00:00,2023-02-01 02:00:00,6,stalled_below,2.4984894060917853,False,False,neither,no_action,no_action,
downside,2023-02-05 12:00:00,2023-02-05 14:00:00,2023-02-05 19:00:00,2023-02-05 20:00:00,2023-02-06 14:00:00,1,persistent,1.771070471994561,True,True,neither,neither,neither,
downside,2023-02-05 12:00:00,2023-02-05 19:00:00,2023-02-05 19:00:00,2023-02-06 01:00:00,2023-02-06 19:00:00,6,persistent,1.771070471994561,True,True,neither,neither,neither,
downside,2023-02-09 03:00:00,2023-02-09 05:00:00,2023-02-09 10:00:00,2023-02-09 11:00:00,2023-02-10 05:00:00,1,reclaimed,1.8676751908209819,False,False,neither,no_action,no_action,
downside,2023-02-09 03:00:00,2023-02-09 10:00:00,2023-02-09 10:00:00,2023-02-09 16:00:00,2023-02-10 10:00:00,6,reclaimed,1.8676751908209819,False,False,neither,no_action,no_action,
downside,2023-02-22 15:00:00,2023-02-22 17:00:00,2023-02-22 22:00:00,2023-02-22 23:00:00,2023-02-23 17:00:00,1,stalled_below,1.5324265460390512,False,False,neither,no_action,no_action,
downside,2023-02-22 15:00:00,2023-02-22 22:00:00,2023-02-22 22:00:00,2023-02-23 04:00:00,2023-02-23 22:00:00,6,stalled_below,1.5324265460390512,False,False,neither,no_action,no_action,
downside,2023-02-24 15:00:00,2023-02-24 17:00:00,2023-02-24 22:00:00,2023-02-24 23:00:00,2023-02-25 17:00:00,1,persistent,2.9099471651173063,True,True,neither,neither,neither,
downside,2023-02-24 15:00:00,2023-02-24 22:00:00,2023-02-24 22:00:00,2023-02-25 04:00:00,2023-02-25 22:00:00,6,persistent,2.9099471651173063,True,True,neither,neither,neither,
downside,2023-03-03 01:00:00,2023-03-03 03:00:00,2023-03-03 08:00:00,2023-03-03 09:00:00,2023-03-04 03:00:00,1,stalled_below,2.7141764582121564,False,False,neither,no_action,no_action,
downside,2023-03-03 01:00:00,2023-03-03 08:00:00,2023-03-03 08:00:00,2023-03-03 14:00:00,2023-03-04 08:00:00,6,stalled_below,2.7141764582121564,False,False,neither,no_action,no_action,
downside,2023-03-08 22:00:00,2023-03-09 00:00:00,2023-03-09 05:00:00,2023-03-09 06:00:00,2023-03-10 00:00:00,1,stalled_below,1.6724493403592056,False,False,lower_first,no_action,no_action,
downside,2023-03-08 22:00:00,2023-03-09 05:00:00,2023-03-09 05:00:00,2023-03-09 11:00:00,2023-03-10 05:00:00,6,stalled_below,1.6724493403592056,False,False,lower_first,no_action,no_action,
downside,2023-03-10 10:00:00,2023-03-10 12:00:00,2023-03-10 17:00:00,2023-03-10 18:00:00,2023-03-11 12:00:00,1,reclaimed,3.3652368255406495,False,False,upper_first,no_action,no_action,
downside,2023-03-10 10:00:00,2023-03-10 17:00:00,2023-03-10 17:00:00,2023-03-10 23:00:00,2023-03-11 17:00:00,6,reclaimed,3.3652368255406495,False,False,upper_first,no_action,no_action,
downside,2023-03-22 19:00:00,2023-03-22 21:00:00,2023-03-23 02:00:00,2023-03-23 03:00:00,2023-03-23 21:00:00,1,reclaimed,1.7465729367835283,False,False,upper_first,no_action,no_action,
downside,2023-03-22 19:00:00,2023-03-23 02:00:00,2023-03-23 02:00:00,2023-03-23 08:00:00,2023-03-24 02:00:00,6,reclaimed,1.7465729367835283,False,False,upper_first,no_action,no_action,
downside,2023-03-27 14:00:00,2023-03-27 16:00:00,2023-03-27 21:00:00,2023-03-27 22:00:00,2023-03-28 16:00:00,1,reclaimed,3.0503404338903755,False,False,neither,no_action,no_action,
downside,2023-03-27 14:00:00,2023-03-27 21:00:00,2023-03-27 21:00:00,2023-03-28 03:00:00,2023-03-28 21:00:00,6,reclaimed,3.0503404338903755,False,False,neither,no_action,no_action,
downside,2023-04-17 00:00:00,2023-04-17 02:00:00,2023-04-17 07:00:00,2023-04-17 08:00:00,2023-04-18 02:00:00,1,stalled_below,1.6273482464851101,False,False,neither,no_action,no_action,
downside,2023-04-17 00:00:00,2023-04-17 07:00:00,2023-04-17 07:00:00,2023-04-17 13:00:00,2023-04-18 07:00:00,6,stalled_below,1.6273482464851101,False,False,neither,no_action,no_action,
downside,2023-04-19 23:00:00,2023-04-20 01:00:00,2023-04-20 06:00:00,2023-04-20 07:00:00,2023-04-21 01:00:00,1,reclaimed,0.9497061928664561,False,False,neither,no_action,no_action,
downside,2023-04-19 23:00:00,2023-04-20 06:00:00,2023-04-20 06:00:00,2023-04-20 12:00:00,2023-04-21 06:00:00,6,reclaimed,0.9497061928664561,False,False,neither,no_action,no_action,
downside,2023-04-21 06:00:00,2023-04-21 08:00:00,2023-04-21 13:00:00,2023-04-21 14:00:00,2023-04-22 08:00:00,1,reclaimed,0.8627060021724398,False,False,neither,no_action,no_action,
downside,2023-04-21 06:00:00,2023-04-21 13:00:00,2023-04-21 13:00:00,2023-04-21 19:00:00,2023-04-22 13:00:00,6,reclaimed,0.8627060021724398,False,False,neither,no_action,no_action,
downside,2023-04-24 16:00:00,2023-04-24 18:00:00,2023-04-24 23:00:00,2023-04-25 00:00:00,2023-04-25 18:00:00,1,reclaimed,1.8334185545951553,False,False,neither,no_action,no_action,
downside,2023-04-24 16:00:00,2023-04-24 23:00:00,2023-04-24 23:00:00,2023-04-25 05:00:00,2023-04-25 23:00:00,6,reclaimed,1.8334185545951553,False,False,upper_first,no_action,no_action,
downside,2023-05-01 01:00:00,2023-05-01 03:00:00,2023-05-01 08:00:00,2023-05-01 09:00:00,2023-05-02 03:00:00,1,persistent,2.5395287991512854,True,True,neither,neither,neither,
downside,2023-05-01 01:00:00,2023-05-01 08:00:00,2023-05-01 08:00:00,2023-05-01 14:00:00,2023-05-02 08:00:00,6,persistent,2.5395287991512854,True,True,neither,neither,neither,
downside,2023-05-08 01:00:00,2023-05-08 03:00:00,2023-05-08 08:00:00,2023-05-08 09:00:00,2023-05-09 03:00:00,1,persistent,1.7755248786052114,True,True,neither,neither,neither,
downside,2023-05-08 01:00:00,2023-05-08 08:00:00,2023-05-08 08:00:00,2023-05-08 14:00:00,2023-05-09 08:00:00,6,persistent,1.7755248786052114,True,True,neither,neither,neither,
downside,2023-05-12 02:00:00,2023-05-12 04:00:00,2023-05-12 09:00:00,2023-05-12 10:00:00,2023-05-13 04:00:00,1,persistent,1.8998453792003982,True,True,neither,neither,neither,
downside,2023-05-12 02:00:00,2023-05-12 09:00:00,2023-05-12 09:00:00,2023-05-12 15:00:00,2023-05-13 09:00:00,6,persistent,1.8998453792003982,True,True,neither,neither,neither,
downside,2023-05-17 11:00:00,2023-05-17 13:00:00,2023-05-17 18:00:00,2023-05-17 19:00:00,2023-05-18 13:00:00,1,reclaimed,1.8914275312236322,False,False,neither,no_action,no_action,
downside,2023-05-17 11:00:00,2023-05-17 18:00:00,2023-05-17 18:00:00,2023-05-18 00:00:00,2023-05-18 18:00:00,6,reclaimed,1.8914275312236322,False,False,neither,no_action,no_action,
downside,2023-05-18 17:00:00,2023-05-18 19:00:00,2023-05-19 00:00:00,2023-05-19 01:00:00,2023-05-19 19:00:00,1,reclaimed,1.1039596554116717,False,False,neither,no_action,no_action,
downside,2023-05-18 17:00:00,2023-05-19 00:00:00,2023-05-19 00:00:00,2023-05-19 06:00:00,2023-05-20 00:00:00,6,reclaimed,1.1039596554116717,False,False,neither,no_action,no_action,
downside,2023-05-24 13:00:00,2023-05-24 15:00:00,2023-05-24 20:00:00,2023-05-24 21:00:00,2023-05-25 15:00:00,1,stalled_below,4.2557638571373655,False,False,neither,no_action,no_action,
downside,2023-05-24 13:00:00,2023-05-24 20:00:00,2023-05-24 20:00:00,2023-05-25 02:00:00,2023-05-25 20:00:00,6,stalled_below,4.2557638571373655,False,False,neither,no_action,no_action,
downside,2023-05-31 05:00:00,2023-05-31 07:00:00,2023-05-31 12:00:00,2023-05-31 13:00:00,2023-06-01 07:00:00,1,reclaimed,1.1511897910766682,False,False,neither,no_action,no_action,
downside,2023-05-31 05:00:00,2023-05-31 12:00:00,2023-05-31 12:00:00,2023-05-31 18:00:00,2023-06-01 12:00:00,6,reclaimed,1.1511897910766682,False,False,neither,no_action,no_action,
downside,2023-06-05 03:00:00,2023-06-05 05:00:00,2023-06-05 10:00:00,2023-06-05 11:00:00,2023-06-06 05:00:00,1,persistent,1.3506679804377464,True,True,neither,neither,neither,
downside,2023-06-05 03:00:00,2023-06-05 10:00:00,2023-06-05 10:00:00,2023-06-05 16:00:00,2023-06-06 10:00:00,6,persistent,1.3506679804377464,True,True,neither,neither,neither,
downside,2023-06-10 04:00:00,2023-06-10 06:00:00,2023-06-10 11:00:00,2023-06-10 12:00:00,2023-06-11 06:00:00,1,stalled_below,1.909360465227135,False,False,neither,no_action,no_action,
downside,2023-06-10 04:00:00,2023-06-10 11:00:00,2023-06-10 11:00:00,2023-06-10 17:00:00,2023-06-11 11:00:00,6,stalled_below,1.909360465227135,False,False,neither,no_action,no_action,
downside,2023-06-14 20:00:00,2023-06-14 22:00:00,2023-06-15 03:00:00,2023-06-15 04:00:00,2023-06-15 22:00:00,1,stalled_below,2.3196594731513533,False,False,neither,no_action,no_action,
downside,2023-06-14 20:00:00,2023-06-15 03:00:00,2023-06-15 03:00:00,2023-06-15 09:00:00,2023-06-16 03:00:00,6,stalled_below,2.3196594731513533,False,False,upper_first,no_action,no_action,
downside,2023-07-14 18:00:00,2023-07-14 20:00:00,2023-07-15 01:00:00,2023-07-15 02:00:00,2023-07-15 20:00:00,1,reclaimed,1.5552934694960772,False,False,neither,no_action,no_action,
downside,2023-07-14 18:00:00,2023-07-15 01:00:00,2023-07-15 01:00:00,2023-07-15 07:00:00,2023-07-16 01:00:00,6,reclaimed,1.5552934694960772,False,False,neither,no_action,no_action,
downside,2023-07-17 18:00:00,2023-07-17 20:00:00,2023-07-18 01:00:00,2023-07-18 02:00:00,2023-07-18 20:00:00,1,reclaimed,3.158336691073817,False,False,neither,no_action,no_action,
downside,2023-07-17 18:00:00,2023-07-18 01:00:00,2023-07-18 01:00:00,2023-07-18 07:00:00,2023-07-19 01:00:00,6,reclaimed,3.158336691073817,False,False,neither,no_action,no_action,
downside,2023-07-24 09:00:00,2023-07-24 11:00:00,2023-07-24 16:00:00,2023-07-24 17:00:00,2023-07-25 11:00:00,1,persistent,6.776151622930151,True,True,neither,neither,neither,
downside,2023-07-24 09:00:00,2023-07-24 16:00:00,2023-07-24 16:00:00,2023-07-24 22:00:00,2023-07-25 16:00:00,6,persistent,6.776151622930151,True,True,neither,neither,neither,
downside,2023-08-01 02:00:00,2023-08-01 04:00:00,2023-08-01 09:00:00,2023-08-01 10:00:00,2023-08-02 04:00:00,1,stalled_below,3.1652751803079613,False,False,upper_first,no_action,no_action,
downside,2023-08-01 02:00:00,2023-08-01 09:00:00,2023-08-01 09:00:00,2023-08-01 15:00:00,2023-08-02 09:00:00,6,stalled_below,3.1652751803079613,False,False,upper_first,no_action,no_action,
downside,2023-08-16 23:00:00,2023-08-17 01:00:00,2023-08-17 06:00:00,2023-08-17 07:00:00,2023-08-18 01:00:00,1,stalled_below,2.890598116863871,False,False,lower_first,no_action,no_action,
downside,2023-08-16 23:00:00,2023-08-17 06:00:00,2023-08-17 06:00:00,2023-08-17 12:00:00,2023-08-18 06:00:00,6,stalled_below,2.890598116863871,False,False,lower_first,no_action,no_action,
downside,2023-08-22 21:00:00,2023-08-22 23:00:00,2023-08-23 04:00:00,2023-08-23 05:00:00,2023-08-23 23:00:00,1,reclaimed,2.549200302851463,False,False,neither,no_action,no_action,
downside,2023-08-22 21:00:00,2023-08-23 04:00:00,2023-08-23 04:00:00,2023-08-23 10:00:00,2023-08-24 04:00:00,6,reclaimed,2.549200302851463,False,False,upper_first,no_action,no_action,
downside,2023-09-01 17:00:00,2023-09-01 19:00:00,2023-09-02 00:00:00,2023-09-02 01:00:00,2023-09-02 19:00:00,1,reclaimed,1.611123300928752,False,False,neither,no_action,no_action,
downside,2023-09-01 17:00:00,2023-09-02 00:00:00,2023-09-02 00:00:00,2023-09-02 06:00:00,2023-09-03 00:00:00,6,reclaimed,1.611123300928752,False,False,neither,no_action,no_action,
downside,2023-09-04 21:00:00,2023-09-04 23:00:00,2023-09-05 04:00:00,2023-09-05 05:00:00,2023-09-05 23:00:00,1,persistent,1.686349498094426,True,True,neither,neither,neither,
downside,2023-09-04 21:00:00,2023-09-05 04:00:00,2023-09-05 04:00:00,2023-09-05 10:00:00,2023-09-06 04:00:00,6,persistent,1.686349498094426,True,True,neither,neither,neither,
downside,2023-09-11 14:00:00,2023-09-11 16:00:00,2023-09-11 21:00:00,2023-09-11 22:00:00,2023-09-12 16:00:00,1,persistent,6.979607827159902,True,True,upper_first,upper_first,upper_first,
downside,2023-09-11 14:00:00,2023-09-11 21:00:00,2023-09-11 21:00:00,2023-09-12 03:00:00,2023-09-12 21:00:00,6,persistent,6.979607827159902,True,True,upper_first,upper_first,upper_first,
downside,2023-09-21 13:00:00,2023-09-21 15:00:00,2023-09-21 20:00:00,2023-09-21 21:00:00,2023-09-22 15:00:00,1,reclaimed,1.3497421627173136,False,False,neither,no_action,no_action,
downside,2023-09-21 13:00:00,2023-09-21 20:00:00,2023-09-21 20:00:00,2023-09-22 02:00:00,2023-09-22 20:00:00,6,reclaimed,1.3497421627173136,False,False,neither,no_action,no_action,
downside,2023-09-24 23:00:00,2023-09-25 01:00:00,2023-09-25 06:00:00,2023-09-25 07:00:00,2023-09-26 01:00:00,1,stalled_below,4.214871346575368,False,False,neither,no_action,no_action,
downside,2023-09-24 23:00:00,2023-09-25 06:00:00,2023-09-25 06:00:00,2023-09-25 12:00:00,2023-09-26 06:00:00,6,stalled_below,4.214871346575368,False,False,neither,no_action,no_action,
downside,2023-10-11 02:00:00,2023-10-11 04:00:00,2023-10-11 09:00:00,2023-10-11 10:00:00,2023-10-12 04:00:00,1,stalled_below,1.9815310490559759,False,False,neither,no_action,no_action,
downside,2023-10-11 02:00:00,2023-10-11 09:00:00,2023-10-11 09:00:00,2023-10-11 15:00:00,2023-10-12 09:00:00,6,stalled_below,1.9815310490559759,False,False,neither,no_action,no_action,
downside,2023-11-13 21:00:00,2023-11-13 23:00:00,2023-11-14 04:00:00,2023-11-14 05:00:00,2023-11-14 23:00:00,1,stalled_below,1.9038512573194037,False,False,neither,no_action,no_action,
downside,2023-11-13 21:00:00,2023-11-14 04:00:00,2023-11-14 04:00:00,2023-11-14 10:00:00,2023-11-15 04:00:00,6,stalled_below,1.9038512573194037,False,False,neither,no_action,no_action,
downside,2023-11-21 23:00:00,2023-11-22 01:00:00,2023-11-22 06:00:00,2023-11-22 07:00:00,2023-11-23 01:00:00,1,reclaimed,2.7826256144257764,False,False,upper_first,no_action,no_action,
downside,2023-11-21 23:00:00,2023-11-22 06:00:00,2023-11-22 06:00:00,2023-11-22 12:00:00,2023-11-23 06:00:00,6,reclaimed,2.7826256144257764,False,False,upper_first,no_action,no_action,
downside,2023-12-11 02:00:00,2023-12-11 04:00:00,2023-12-11 09:00:00,2023-12-11 10:00:00,2023-12-12 04:00:00,1,stalled_below,3.2000558881613905,False,False,lower_first,no_action,no_action,
downside,2023-12-11 02:00:00,2023-12-11 09:00:00,2023-12-11 09:00:00,2023-12-11 15:00:00,2023-12-12 09:00:00,6,stalled_below,3.2000558881613905,False,False,neither,no_action,no_action,
downside,2023-12-17 14:00:00,2023-12-17 16:00:00,2023-12-17 21:00:00,2023-12-17 22:00:00,2023-12-18 16:00:00,1,reclaimed,1.2961710895124516,False,False,neither,no_action,no_action,
downside,2023-12-17 14:00:00,2023-12-17 21:00:00,2023-12-17 21:00:00,2023-12-18 03:00:00,2023-12-18 21:00:00,6,reclaimed,1.2961710895124516,False,False,neither,no_action,no_action,
downside,2023-12-24 22:00:00,2023-12-25 00:00:00,2023-12-25 05:00:00,2023-12-25 06:00:00,2023-12-26 00:00:00,1,stalled_below,1.1492644106319574,False,False,neither,no_action,no_action,
downside,2023-12-24 22:00:00,2023-12-25 05:00:00,2023-12-25 05:00:00,2023-12-25 11:00:00,2023-12-26 05:00:00,6,stalled_below,1.1492644106319574,False,False,neither,no_action,no_action,
downside,2023-12-26 09:00:00,2023-12-26 11:00:00,2023-12-26 16:00:00,2023-12-26 17:00:00,2023-12-27 11:00:00,1,persistent,2.877595003009963,True,True,neither,neither,neither,
downside,2023-12-26 09:00:00,2023-12-26 16:00:00,2023-12-26 16:00:00,2023-12-26 22:00:00,2023-12-27 16:00:00,6,persistent,2.877595003009963,True,True,neither,neither,neither,
downside,2024-01-12 16:00:00,2024-01-12 18:00:00,2024-01-12 23:00:00,2024-01-13 00:00:00,2024-01-13 18:00:00,1,persistent,4.803445121598091,True,True,neither,neither,neither,
downside,2024-01-12 16:00:00,2024-01-12 23:00:00,2024-01-12 23:00:00,2024-01-13 05:00:00,2024-01-13 23:00:00,6,persistent,4.803445121598091,True,True,neither,neither,neither,
downside,2024-01-18 16:00:00,2024-01-18 18:00:00,2024-01-18 23:00:00,2024-01-19 00:00:00,2024-01-19 18:00:00,1,persistent,6.780466813389042,True,True,neither,neither,neither,
downside,2024-01-18 16:00:00,2024-01-18 23:00:00,2024-01-18 23:00:00,2024-01-19 05:00:00,2024-01-19 23:00:00,6,persistent,6.780466813389042,True,True,neither,neither,neither,
downside,2024-01-22 18:00:00,2024-01-22 20:00:00,2024-01-23 01:00:00,2024-01-23 02:00:00,2024-01-23 20:00:00,1,stalled_below,10.68893699683,False,False,neither,no_action,no_action,
downside,2024-01-22 18:00:00,2024-01-23 01:00:00,2024-01-23 01:00:00,2024-01-23 07:00:00,2024-01-24 01:00:00,6,stalled_below,10.68893699683,False,False,neither,no_action,no_action,
downside,2024-02-17 13:00:00,2024-02-17 15:00:00,2024-02-17 20:00:00,2024-02-17 21:00:00,2024-02-18 15:00:00,1,reclaimed,0.8492685502792394,False,False,neither,no_action,no_action,
downside,2024-02-17 13:00:00,2024-02-17 20:00:00,2024-02-17 20:00:00,2024-02-18 02:00:00,2024-02-18 20:00:00,6,reclaimed,0.8492685502792394,False,False,neither,no_action,no_action,
downside,2024-03-16 23:00:00,2024-03-17 01:00:00,2024-03-17 06:00:00,2024-03-17 07:00:00,2024-03-18 01:00:00,1,reclaimed,0.647710067642193,False,False,upper_first,no_action,no_action,
downside,2024-03-16 23:00:00,2024-03-17 06:00:00,2024-03-17 06:00:00,2024-03-17 12:00:00,2024-03-18 06:00:00,6,reclaimed,0.647710067642193,False,False,upper_first,no_action,no_action,
downside,2024-03-19 08:00:00,2024-03-19 10:00:00,2024-03-19 15:00:00,2024-03-19 16:00:00,2024-03-20 10:00:00,1,persistent,3.061052384268648,True,True,neither,neither,neither,
downside,2024-03-19 08:00:00,2024-03-19 15:00:00,2024-03-19 15:00:00,2024-03-19 21:00:00,2024-03-20 15:00:00,6,persistent,3.061052384268648,True,True,neither,neither,neither,
downside,2024-04-01 14:00:00,2024-04-01 16:00:00,2024-04-01 21:00:00,2024-04-01 22:00:00,2024-04-02 16:00:00,1,reclaimed,5.175345293010488,False,False,lower_first,no_action,no_action,
downside,2024-04-01 14:00:00,2024-04-01 21:00:00,2024-04-01 21:00:00,2024-04-02 03:00:00,2024-04-02 21:00:00,6,reclaimed,5.175345293010488,False,False,neither,no_action,no_action,
downside,2024-04-10 12:00:00,2024-04-10 14:00:00,2024-04-10 19:00:00,2024-04-10 20:00:00,2024-04-11 14:00:00,1,reclaimed,3.334446348713632,False,False,neither,no_action,no_action,
downside,2024-04-10 12:00:00,2024-04-10 19:00:00,2024-04-10 19:00:00,2024-04-11 01:00:00,2024-04-11 19:00:00,6,reclaimed,3.334446348713632,False,False,neither,no_action,no_action,
downside,2024-04-12 18:00:00,2024-04-12 20:00:00,2024-04-13 01:00:00,2024-04-13 02:00:00,2024-04-13 20:00:00,1,stalled_below,2.135648674348178,False,False,upper_first,no_action,no_action,
downside,2024-04-12 18:00:00,2024-04-13 01:00:00,2024-04-13 01:00:00,2024-04-13 07:00:00,2024-04-14 01:00:00,6,stalled_below,2.135648674348178,False,False,lower_first,no_action,no_action,
downside,2024-04-13 19:00:00,2024-04-13 21:00:00,2024-04-14 02:00:00,2024-04-14 03:00:00,2024-04-14 21:00:00,1,stalled_below,6.523829591315609,False,False,neither,no_action,no_action,
downside,2024-04-13 19:00:00,2024-04-14 02:00:00,2024-04-14 02:00:00,2024-04-14 08:00:00,2024-04-15 02:00:00,6,stalled_below,6.523829591315609,False,False,neither,no_action,no_action,
downside,2024-04-17 14:00:00,2024-04-17 16:00:00,2024-04-17 21:00:00,2024-04-17 22:00:00,2024-04-18 16:00:00,1,stalled_below,3.4046733511360756,False,False,upper_first,no_action,no_action,
downside,2024-04-17 14:00:00,2024-04-17 21:00:00,2024-04-17 21:00:00,2024-04-18 03:00:00,2024-04-18 21:00:00,6,stalled_below,3.4046733511360756,False,False,upper_first,no_action,no_action,
downside,2024-04-24 18:00:00,2024-04-24 20:00:00,2024-04-25 01:00:00,2024-04-25 02:00:00,2024-04-25 20:00:00,1,reclaimed,2.4763019185145905,False,False,neither,no_action,no_action,
downside,2024-04-24 18:00:00,2024-04-25 01:00:00,2024-04-25 01:00:00,2024-04-25 07:00:00,2024-04-26 01:00:00,6,reclaimed,2.4763019185145905,False,False,neither,no_action,no_action,
downside,2024-04-27 01:00:00,2024-04-27 03:00:00,2024-04-27 08:00:00,2024-04-27 09:00:00,2024-04-28 03:00:00,1,reclaimed,0.6906323796408679,False,False,neither,no_action,no_action,
downside,2024-04-27 01:00:00,2024-04-27 08:00:00,2024-04-27 08:00:00,2024-04-27 14:00:00,2024-04-28 08:00:00,6,reclaimed,0.6906323796408679,False,False,neither,no_action,no_action,
downside,2024-04-29 03:00:00,2024-04-29 05:00:00,2024-04-29 10:00:00,2024-04-29 11:00:00,2024-04-30 05:00:00,1,reclaimed,1.7092474085281801,False,False,upper_first,no_action,no_action,
downside,2024-04-29 03:00:00,2024-04-29 10:00:00,2024-04-29 10:00:00,2024-04-29 16:00:00,2024-04-30 10:00:00,6,reclaimed,1.7092474085281801,False,False,neither,no_action,no_action,
downside,2024-04-30 09:00:00,2024-04-30 11:00:00,2024-04-30 16:00:00,2024-04-30 17:00:00,2024-05-01 11:00:00,1,persistent,5.839709473830544,True,True,lower_first,lower_first,lower_first,
downside,2024-04-30 09:00:00,2024-04-30 16:00:00,2024-04-30 16:00:00,2024-04-30 22:00:00,2024-05-01 16:00:00,6,persistent,5.839709473830544,True,True,lower_first,lower_first,lower_first,
downside,2024-05-07 23:00:00,2024-05-08 01:00:00,2024-05-08 06:00:00,2024-05-08 07:00:00,2024-05-09 01:00:00,1,stalled_below,0.8992139957129386,False,False,neither,no_action,no_action,
downside,2024-05-07 23:00:00,2024-05-08 06:00:00,2024-05-08 06:00:00,2024-05-08 12:00:00,2024-05-09 06:00:00,6,stalled_below,0.8992139957129386,False,False,neither,no_action,no_action,
downside,2024-05-09 10:00:00,2024-05-09 12:00:00,2024-05-09 17:00:00,2024-05-09 18:00:00,2024-05-10 12:00:00,1,reclaimed,2.2065034931278977,False,False,neither,no_action,no_action,
downside,2024-05-09 10:00:00,2024-05-09 17:00:00,2024-05-09 17:00:00,2024-05-09 23:00:00,2024-05-10 17:00:00,6,reclaimed,2.2065034931278977,False,False,neither,no_action,no_action,
downside,2024-05-23 18:00:00,2024-05-23 20:00:00,2024-05-24 01:00:00,2024-05-24 02:00:00,2024-05-24 20:00:00,1,reclaimed,1.948050614643066,False,False,neither,no_action,no_action,
downside,2024-05-23 18:00:00,2024-05-24 01:00:00,2024-05-24 01:00:00,2024-05-24 07:00:00,2024-05-25 01:00:00,6,reclaimed,1.948050614643066,False,False,upper_first,no_action,no_action,
downside,2024-05-28 03:00:00,2024-05-28 05:00:00,2024-05-28 10:00:00,2024-05-28 11:00:00,2024-05-29 05:00:00,1,reclaimed,3.086036882921753,False,False,neither,no_action,no_action,
downside,2024-05-28 03:00:00,2024-05-28 10:00:00,2024-05-28 10:00:00,2024-05-28 16:00:00,2024-05-29 10:00:00,6,reclaimed,3.086036882921753,False,False,neither,no_action,no_action,
downside,2024-06-07 17:00:00,2024-06-07 19:00:00,2024-06-08 00:00:00,2024-06-08 01:00:00,2024-06-08 19:00:00,1,stalled_below,3.286543664095452,False,False,neither,no_action,no_action,
downside,2024-06-07 17:00:00,2024-06-08 00:00:00,2024-06-08 00:00:00,2024-06-08 06:00:00,2024-06-09 00:00:00,6,stalled_below,3.286543664095452,False,False,neither,no_action,no_action,
downside,2024-06-11 01:00:00,2024-06-11 03:00:00,2024-06-11 08:00:00,2024-06-11 09:00:00,2024-06-12 03:00:00,1,persistent,7.584026346848307,True,True,neither,neither,neither,
downside,2024-06-11 01:00:00,2024-06-11 08:00:00,2024-06-11 08:00:00,2024-06-11 14:00:00,2024-06-12 08:00:00,6,persistent,7.584026346848307,True,True,neither,neither,neither,
downside,2024-06-14 16:00:00,2024-06-14 18:00:00,2024-06-14 23:00:00,2024-06-15 00:00:00,2024-06-15 18:00:00,1,stalled_below,2.2759515621453397,False,False,neither,no_action,no_action,
downside,2024-06-14 16:00:00,2024-06-14 23:00:00,2024-06-14 23:00:00,2024-06-15 05:00:00,2024-06-15 23:00:00,6,stalled_below,2.2759515621453397,False,False,neither,no_action,no_action,
downside,2024-06-21 08:00:00,2024-06-21 10:00:00,2024-06-21 15:00:00,2024-06-21 16:00:00,2024-06-22 10:00:00,1,reclaimed,2.3042965045943014,False,False,neither,no_action,no_action,
downside,2024-06-21 08:00:00,2024-06-21 15:00:00,2024-06-21 15:00:00,2024-06-21 21:00:00,2024-06-22 15:00:00,6,reclaimed,2.3042965045943014,False,False,neither,no_action,no_action,
downside,2024-06-23 23:00:00,2024-06-24 01:00:00,2024-06-24 06:00:00,2024-06-24 07:00:00,2024-06-25 01:00:00,1,persistent,5.397568671996858,True,True,lower_first,lower_first,lower_first,
downside,2024-06-23 23:00:00,2024-06-24 06:00:00,2024-06-24 06:00:00,2024-06-24 12:00:00,2024-06-25 06:00:00,6,persistent,5.397568671996858,True,True,neither,neither,neither,
downside,2024-06-28 19:00:00,2024-06-28 21:00:00,2024-06-29 02:00:00,2024-06-29 03:00:00,2024-06-29 21:00:00,1,reclaimed,0.9628370127010355,False,False,neither,no_action,no_action,
downside,2024-06-28 19:00:00,2024-06-29 02:00:00,2024-06-29 02:00:00,2024-06-29 08:00:00,2024-06-30 02:00:00,6,reclaimed,0.9628370127010355,False,False,neither,no_action,no_action,
downside,2024-07-03 08:00:00,2024-07-03 10:00:00,2024-07-03 15:00:00,2024-07-03 16:00:00,2024-07-04 10:00:00,1,stalled_below,2.159054189413393,False,False,lower_first,no_action,no_action,
downside,2024-07-03 08:00:00,2024-07-03 15:00:00,2024-07-03 15:00:00,2024-07-03 21:00:00,2024-07-04 15:00:00,6,stalled_below,2.159054189413393,False,False,neither,no_action,no_action,
downside,2024-07-05 02:00:00,2024-07-05 04:00:00,2024-07-05 09:00:00,2024-07-05 10:00:00,2024-07-06 04:00:00,1,stalled_below,2.8392839567111996,False,False,upper_first,no_action,no_action,
downside,2024-07-05 02:00:00,2024-07-05 09:00:00,2024-07-05 09:00:00,2024-07-05 15:00:00,2024-07-06 09:00:00,6,stalled_below,2.8392839567111996,False,False,neither,no_action,no_action,
downside,2024-07-23 19:00:00,2024-07-23 21:00:00,2024-07-24 02:00:00,2024-07-24 03:00:00,2024-07-24 21:00:00,1,stalled_below,0.9360961040469444,False,False,neither,no_action,no_action,
downside,2024-07-23 19:00:00,2024-07-24 02:00:00,2024-07-24 02:00:00,2024-07-24 08:00:00,2024-07-25 02:00:00,6,stalled_below,0.9360961040469444,False,False,neither,no_action,no_action,
downside,2024-07-25 01:00:00,2024-07-25 03:00:00,2024-07-25 08:00:00,2024-07-25 09:00:00,2024-07-26 03:00:00,1,stalled_below,1.2624888521828452,False,False,upper_first,no_action,no_action,
downside,2024-07-25 01:00:00,2024-07-25 08:00:00,2024-07-25 08:00:00,2024-07-25 14:00:00,2024-07-26 08:00:00,6,stalled_below,1.2624888521828452,False,False,upper_first,no_action,no_action,
downside,2024-07-30 14:00:00,2024-07-30 16:00:00,2024-07-30 21:00:00,2024-07-30 22:00:00,2024-07-31 16:00:00,1,reclaimed,2.6886886025123546,False,False,neither,no_action,no_action,
downside,2024-07-30 14:00:00,2024-07-30 21:00:00,2024-07-30 21:00:00,2024-07-31 03:00:00,2024-07-31 21:00:00,6,reclaimed,2.6886886025123546,False,False,neither,no_action,no_action,
downside,2024-07-31 19:00:00,2024-07-31 21:00:00,2024-08-01 02:00:00,2024-08-01 03:00:00,2024-08-01 21:00:00,1,persistent,1.7043606650097467,True,True,neither,neither,neither,
downside,2024-07-31 19:00:00,2024-08-01 02:00:00,2024-08-01 02:00:00,2024-08-01 08:00:00,2024-08-02 02:00:00,6,persistent,1.7043606650097467,True,True,neither,neither,neither,
downside,2024-08-02 21:00:00,2024-08-02 23:00:00,2024-08-03 04:00:00,2024-08-03 05:00:00,2024-08-03 23:00:00,1,persistent,1.4656649375135842,True,True,neither,neither,neither,
downside,2024-08-02 21:00:00,2024-08-03 04:00:00,2024-08-03 04:00:00,2024-08-03 10:00:00,2024-08-04 04:00:00,6,persistent,1.4656649375135842,True,True,neither,neither,neither,
downside,2024-08-04 14:00:00,2024-08-04 16:00:00,2024-08-04 21:00:00,2024-08-04 22:00:00,2024-08-05 16:00:00,1,stalled_below,3.035841807287323,False,False,lower_first,no_action,no_action,
downside,2024-08-04 14:00:00,2024-08-04 21:00:00,2024-08-04 21:00:00,2024-08-05 03:00:00,2024-08-05 21:00:00,6,stalled_below,3.035841807287323,False,False,lower_first,no_action,no_action,
downside,2024-08-11 20:00:00,2024-08-11 22:00:00,2024-08-12 03:00:00,2024-08-12 04:00:00,2024-08-12 22:00:00,1,persistent,2.1528910102546,True,True,upper_first,upper_first,upper_first,
downside,2024-08-11 20:00:00,2024-08-12 03:00:00,2024-08-12 03:00:00,2024-08-12 09:00:00,2024-08-13 03:00:00,6,persistent,2.1528910102546,True,True,upper_first,upper_first,upper_first,
downside,2024-08-15 19:00:00,2024-08-15 21:00:00,2024-08-16 02:00:00,2024-08-16 03:00:00,2024-08-16 21:00:00,1,reclaimed,1.7814978479905552,False,False,neither,no_action,no_action,
downside,2024-08-15 19:00:00,2024-08-16 02:00:00,2024-08-16 02:00:00,2024-08-16 08:00:00,2024-08-17 02:00:00,6,reclaimed,1.7814978479905552,False,False,neither,no_action,no_action,
downside,2024-08-26 23:00:00,2024-08-27 01:00:00,2024-08-27 06:00:00,2024-08-27 07:00:00,2024-08-28 01:00:00,1,reclaimed,1.3538266688980098,False,False,lower_first,no_action,no_action,
downside,2024-08-26 23:00:00,2024-08-27 06:00:00,2024-08-27 06:00:00,2024-08-27 12:00:00,2024-08-28 06:00:00,6,reclaimed,1.3538266688980098,False,False,lower_first,no_action,no_action,
downside,2024-09-04 01:00:00,2024-09-04 03:00:00,2024-09-04 08:00:00,2024-09-04 09:00:00,2024-09-05 03:00:00,1,persistent,1.8521797868173524,True,True,upper_first,upper_first,upper_first,
downside,2024-09-04 01:00:00,2024-09-04 08:00:00,2024-09-04 08:00:00,2024-09-04 14:00:00,2024-09-05 08:00:00,6,persistent,1.8521797868173524,True,True,upper_first,upper_first,upper_first,
downside,2024-09-06 14:00:00,2024-09-06 16:00:00,2024-09-06 21:00:00,2024-09-06 22:00:00,2024-09-07 16:00:00,1,persistent,5.166261662007328,True,True,neither,neither,neither,
downside,2024-09-06 14:00:00,2024-09-06 21:00:00,2024-09-06 21:00:00,2024-09-07 03:00:00,2024-09-07 21:00:00,6,persistent,5.166261662007328,True,True,neither,neither,neither,
downside,2024-09-16 14:00:00,2024-09-16 16:00:00,2024-09-16 21:00:00,2024-09-16 22:00:00,2024-09-17 16:00:00,1,stalled_below,3.4156810562805986,False,False,upper_first,no_action,no_action,
downside,2024-09-16 14:00:00,2024-09-16 21:00:00,2024-09-16 21:00:00,2024-09-17 03:00:00,2024-09-17 21:00:00,6,stalled_below,3.4156810562805986,False,False,upper_first,no_action,no_action,
downside,2024-09-30 01:00:00,2024-09-30 03:00:00,2024-09-30 08:00:00,2024-09-30 09:00:00,2024-10-01 03:00:00,1,stalled_below,2.3728047998956323,False,False,neither,no_action,no_action,
downside,2024-09-30 01:00:00,2024-09-30 08:00:00,2024-09-30 08:00:00,2024-09-30 14:00:00,2024-10-01 08:00:00,6,stalled_below,2.3728047998956323,False,False,neither,no_action,no_action,
downside,2024-10-01 20:00:00,2024-10-01 22:00:00,2024-10-02 03:00:00,2024-10-02 04:00:00,2024-10-02 22:00:00,1,reclaimed,1.385066077198335,False,False,neither,no_action,no_action,
downside,2024-10-01 20:00:00,2024-10-02 03:00:00,2024-10-02 03:00:00,2024-10-02 09:00:00,2024-10-03 03:00:00,6,reclaimed,1.385066077198335,False,False,neither,no_action,no_action,
downside,2024-10-09 18:00:00,2024-10-09 20:00:00,2024-10-10 01:00:00,2024-10-10 02:00:00,2024-10-10 20:00:00,1,stalled_below,3.40126417759191,False,False,neither,no_action,no_action,
downside,2024-10-09 18:00:00,2024-10-10 01:00:00,2024-10-10 01:00:00,2024-10-10 07:00:00,2024-10-11 01:00:00,6,stalled_below,3.40126417759191,False,False,neither,no_action,no_action,
downside,2024-10-21 13:00:00,2024-10-21 15:00:00,2024-10-21 20:00:00,2024-10-21 21:00:00,2024-10-22 15:00:00,1,reclaimed,8.259382366615597,False,False,neither,no_action,no_action,
downside,2024-10-21 13:00:00,2024-10-21 20:00:00,2024-10-21 20:00:00,2024-10-22 02:00:00,2024-10-22 20:00:00,6,reclaimed,8.259382366615597,False,False,neither,no_action,no_action,
downside,2024-10-23 08:00:00,2024-10-23 10:00:00,2024-10-23 15:00:00,2024-10-23 16:00:00,2024-10-24 10:00:00,1,persistent,1.8662318063308434,True,True,neither,neither,neither,
downside,2024-10-23 08:00:00,2024-10-23 15:00:00,2024-10-23 15:00:00,2024-10-23 21:00:00,2024-10-24 15:00:00,6,persistent,1.8662318063308434,True,True,neither,neither,neither,
downside,2024-11-01 01:00:00,2024-11-01 03:00:00,2024-11-01 08:00:00,2024-11-01 09:00:00,2024-11-02 03:00:00,1,stalled_below,0.8373065388782236,False,False,upper_first,no_action,no_action,
downside,2024-11-01 01:00:00,2024-11-01 08:00:00,2024-11-01 08:00:00,2024-11-01 14:00:00,2024-11-02 08:00:00,6,stalled_below,0.8373065388782236,False,False,neither,no_action,no_action,
downside,2024-11-03 02:00:00,2024-11-03 04:00:00,2024-11-03 09:00:00,2024-11-03 10:00:00,2024-11-04 04:00:00,1,stalled_below,1.0634539829437508,False,False,neither,no_action,no_action,
downside,2024-11-03 02:00:00,2024-11-03 09:00:00,2024-11-03 09:00:00,2024-11-03 15:00:00,2024-11-04 09:00:00,6,stalled_below,1.0634539829437508,False,False,neither,no_action,no_action,
downside,2024-11-04 21:00:00,2024-11-04 23:00:00,2024-11-05 04:00:00,2024-11-05 05:00:00,2024-11-05 23:00:00,1,reclaimed,2.2135471449738815,False,False,upper_first,no_action,no_action,
downside,2024-11-04 21:00:00,2024-11-05 04:00:00,2024-11-05 04:00:00,2024-11-05 10:00:00,2024-11-06 04:00:00,6,reclaimed,2.2135471449738815,False,False,upper_first,no_action,no_action,
downside,2024-11-25 14:00:00,2024-11-25 16:00:00,2024-11-25 21:00:00,2024-11-25 22:00:00,2024-11-26 16:00:00,1,persistent,3.641961768974067,True,True,neither,neither,neither,
downside,2024-11-25 14:00:00,2024-11-25 21:00:00,2024-11-25 21:00:00,2024-11-26 03:00:00,2024-11-26 21:00:00,6,persistent,3.641961768974067,True,True,neither,neither,neither,
downside,2024-11-26 20:00:00,2024-11-26 22:00:00,2024-11-27 03:00:00,2024-11-27 04:00:00,2024-11-27 22:00:00,1,reclaimed,0.9520882527773639,False,False,upper_first,no_action,no_action,
downside,2024-11-26 20:00:00,2024-11-27 03:00:00,2024-11-27 03:00:00,2024-11-27 09:00:00,2024-11-28 03:00:00,6,reclaimed,0.9520882527773639,False,False,upper_first,no_action,no_action,
downside,2024-12-02 08:00:00,2024-12-02 10:00:00,2024-12-02 15:00:00,2024-12-02 16:00:00,2024-12-03 10:00:00,1,reclaimed,2.3738897509032366,False,False,neither,no_action,no_action,
downside,2024-12-02 08:00:00,2024-12-02 15:00:00,2024-12-02 15:00:00,2024-12-02 21:00:00,2024-12-03 15:00:00,6,reclaimed,2.3738897509032366,False,False,neither,no_action,no_action,
downside,2024-12-03 13:00:00,2024-12-03 15:00:00,2024-12-03 20:00:00,2024-12-03 21:00:00,2024-12-04 15:00:00,1,reclaimed,6.280601026094532,False,False,neither,no_action,no_action,
downside,2024-12-03 13:00:00,2024-12-03 20:00:00,2024-12-03 20:00:00,2024-12-04 02:00:00,2024-12-04 20:00:00,6,reclaimed,6.280601026094532,False,False,neither,no_action,no_action,
downside,2024-12-09 15:00:00,2024-12-09 17:00:00,2024-12-09 22:00:00,2024-12-09 23:00:00,2024-12-10 17:00:00,1,persistent,7.322421928689969,True,True,neither,neither,neither,
downside,2024-12-09 15:00:00,2024-12-09 22:00:00,2024-12-09 22:00:00,2024-12-10 04:00:00,2024-12-10 22:00:00,6,persistent,7.322421928689969,True,True,neither,neither,neither,
downside,2024-12-18 20:00:00,2024-12-18 22:00:00,2024-12-19 03:00:00,2024-12-19 04:00:00,2024-12-19 22:00:00,1,persistent,2.3826166635417847,True,True,lower_first,lower_first,lower_first,
downside,2024-12-18 20:00:00,2024-12-19 03:00:00,2024-12-19 03:00:00,2024-12-19 09:00:00,2024-12-20 03:00:00,6,persistent,2.3826166635417847,True,True,lower_first,lower_first,lower_first,
downside,2024-12-20 08:00:00,2024-12-20 10:00:00,2024-12-20 15:00:00,2024-12-20 16:00:00,2024-12-21 10:00:00,1,persistent,3.0215185326587988,True,True,neither,neither,neither,
downside,2024-12-20 08:00:00,2024-12-20 15:00:00,2024-12-20 15:00:00,2024-12-20 21:00:00,2024-12-21 15:00:00,6,persistent,3.0215185326587988,True,True,upper_first,upper_first,upper_first,
downside,2024-12-23 15:00:00,2024-12-23 17:00:00,2024-12-23 22:00:00,2024-12-23 23:00:00,2024-12-24 17:00:00,1,reclaimed,4.086510495562985,False,False,upper_first,no_action,no_action,
downside,2024-12-23 15:00:00,2024-12-23 22:00:00,2024-12-23 22:00:00,2024-12-24 04:00:00,2024-12-24 22:00:00,6,reclaimed,4.086510495562985,False,False,upper_first,no_action,no_action,
downside,2024-12-27 15:00:00,2024-12-27 17:00:00,2024-12-27 22:00:00,2024-12-27 23:00:00,2024-12-28 17:00:00,1,stalled_below,3.3289336255966417,False,False,neither,no_action,no_action,
downside,2024-12-27 15:00:00,2024-12-27 22:00:00,2024-12-27 22:00:00,2024-12-28 04:00:00,2024-12-28 22:00:00,6,stalled_below,3.3289336255966417,False,False,neither,no_action,no_action,
downside,2024-12-29 22:00:00,2024-12-30 00:00:00,2024-12-30 05:00:00,2024-12-30 06:00:00,2024-12-31 00:00:00,1,reclaimed,2.254058590455349,False,False,neither,no_action,no_action,
downside,2024-12-29 22:00:00,2024-12-30 05:00:00,2024-12-30 05:00:00,2024-12-30 11:00:00,2024-12-31 05:00:00,6,reclaimed,2.254058590455349,False,False,neither,no_action,no_action,
downside,2025-01-07 19:00:00,2025-01-07 21:00:00,2025-01-08 02:00:00,2025-01-08 03:00:00,2025-01-08 21:00:00,1,reclaimed,3.264411073360457,False,False,neither,no_action,no_action,
downside,2025-01-07 19:00:00,2025-01-08 02:00:00,2025-01-08 02:00:00,2025-01-08 08:00:00,2025-01-09 02:00:00,6,reclaimed,3.264411073360457,False,False,neither,no_action,no_action,
downside,2025-01-09 13:00:00,2025-01-09 15:00:00,2025-01-09 20:00:00,2025-01-09 21:00:00,2025-01-10 15:00:00,1,stalled_below,1.4924021625403994,False,False,upper_first,no_action,no_action,
downside,2025-01-09 13:00:00,2025-01-09 20:00:00,2025-01-09 20:00:00,2025-01-10 02:00:00,2025-01-10 20:00:00,6,stalled_below,1.4924021625403994,False,False,neither,no_action,no_action,
downside,2025-01-13 10:00:00,2025-01-13 12:00:00,2025-01-13 17:00:00,2025-01-13 18:00:00,2025-01-14 12:00:00,1,persistent,11.469099864686255,True,True,upper_first,upper_first,upper_first,
downside,2025-01-13 10:00:00,2025-01-13 17:00:00,2025-01-13 17:00:00,2025-01-13 23:00:00,2025-01-14 17:00:00,6,persistent,11.469099864686255,True,True,upper_first,upper_first,upper_first,
downside,2025-01-26 23:00:00,2025-01-27 01:00:00,2025-01-27 06:00:00,2025-01-27 07:00:00,2025-01-28 01:00:00,1,persistent,5.576534730424942,True,True,upper_first,upper_first,upper_first,
downside,2025-01-26 23:00:00,2025-01-27 06:00:00,2025-01-27 06:00:00,2025-01-27 12:00:00,2025-01-28 06:00:00,6,persistent,5.576534730424942,True,True,upper_first,upper_first,upper_first,
downside,2025-02-01 20:00:00,2025-02-01 22:00:00,2025-02-02 03:00:00,2025-02-02 04:00:00,2025-02-02 22:00:00,1,stalled_below,0.8751049714857851,False,False,neither,no_action,no_action,
downside,2025-02-01 20:00:00,2025-02-02 03:00:00,2025-02-02 03:00:00,2025-02-02 09:00:00,2025-02-03 03:00:00,6,stalled_below,0.8751049714857851,False,False,lower_first,no_action,no_action,
downside,2025-02-03 01:00:00,2025-02-03 03:00:00,2025-02-03 08:00:00,2025-02-03 09:00:00,2025-02-04 03:00:00,1,stalled_below,6.557203593903641,False,False,upper_first,no_action,no_action,
downside,2025-02-03 01:00:00,2025-02-03 08:00:00,2025-02-03 08:00:00,2025-02-03 14:00:00,2025-02-04 08:00:00,6,stalled_below,6.557203593903641,False,False,upper_first,no_action,no_action,
downside,2025-02-09 21:00:00,2025-02-09 23:00:00,2025-02-10 04:00:00,2025-02-10 05:00:00,2025-02-10 23:00:00,1,reclaimed,1.8539208100623006,False,False,neither,no_action,no_action,
downside,2025-02-09 21:00:00,2025-02-10 04:00:00,2025-02-10 04:00:00,2025-02-10 10:00:00,2025-02-11 04:00:00,6,reclaimed,1.8539208100623006,False,False,neither,no_action,no_action,
downside,2025-02-16 23:00:00,2025-02-17 01:00:00,2025-02-17 06:00:00,2025-02-17 07:00:00,2025-02-18 01:00:00,1,persistent,1.3200254472702484,True,True,neither,neither,neither,
downside,2025-02-16 23:00:00,2025-02-17 06:00:00,2025-02-17 06:00:00,2025-02-17 12:00:00,2025-02-18 06:00:00,6,persistent,1.3200254472702484,True,True,neither,neither,neither,
downside,2025-02-18 16:00:00,2025-02-18 18:00:00,2025-02-18 23:00:00,2025-02-19 00:00:00,2025-02-19 18:00:00,1,reclaimed,11.171254686853322,False,False,neither,no_action,no_action,
downside,2025-02-18 16:00:00,2025-02-18 23:00:00,2025-02-18 23:00:00,2025-02-19 05:00:00,2025-02-19 23:00:00,6,reclaimed,11.171254686853322,False,False,neither,no_action,no_action,
downside,2025-02-24 14:00:00,2025-02-24 16:00:00,2025-02-24 21:00:00,2025-02-24 22:00:00,2025-02-25 16:00:00,1,persistent,3.9565123541978515,True,True,lower_first,lower_first,lower_first,
downside,2025-02-24 14:00:00,2025-02-24 21:00:00,2025-02-24 21:00:00,2025-02-25 03:00:00,2025-02-25 21:00:00,6,persistent,3.9565123541978515,True,True,lower_first,lower_first,lower_first,
downside,2025-02-26 18:00:00,2025-02-26 20:00:00,2025-02-27 01:00:00,2025-02-27 02:00:00,2025-02-27 20:00:00,1,stalled_below,3.968807567793001,False,False,neither,no_action,no_action,
downside,2025-02-26 18:00:00,2025-02-27 01:00:00,2025-02-27 01:00:00,2025-02-27 07:00:00,2025-02-28 01:00:00,6,stalled_below,3.968807567793001,False,False,neither,no_action,no_action,
downside,2025-02-28 01:00:00,2025-02-28 03:00:00,2025-02-28 08:00:00,2025-02-28 09:00:00,2025-03-01 03:00:00,1,persistent,2.8374834910613975,True,True,upper_first,upper_first,upper_first,
downside,2025-02-28 01:00:00,2025-02-28 08:00:00,2025-02-28 08:00:00,2025-02-28 14:00:00,2025-03-01 08:00:00,6,persistent,2.8374834910613975,True,True,upper_first,upper_first,upper_first,
downside,2025-03-04 01:00:00,2025-03-04 03:00:00,2025-03-04 08:00:00,2025-03-04 09:00:00,2025-03-05 03:00:00,1,stalled_below,1.6305724935983827,False,False,upper_first,no_action,no_action,
downside,2025-03-04 01:00:00,2025-03-04 08:00:00,2025-03-04 08:00:00,2025-03-04 14:00:00,2025-03-05 08:00:00,6,stalled_below,1.6305724935983827,False,False,upper_first,no_action,no_action,
downside,2025-03-09 12:00:00,2025-03-09 14:00:00,2025-03-09 19:00:00,2025-03-09 20:00:00,2025-03-10 14:00:00,1,persistent,2.0069558226155837,True,True,neither,neither,neither,
downside,2025-03-09 12:00:00,2025-03-09 19:00:00,2025-03-09 19:00:00,2025-03-10 01:00:00,2025-03-10 19:00:00,6,persistent,2.0069558226155837,True,True,upper_first,upper_first,upper_first,
downside,2025-03-10 14:00:00,2025-03-10 16:00:00,2025-03-10 21:00:00,2025-03-10 22:00:00,2025-03-11 16:00:00,1,persistent,7.974233121357108,True,True,upper_first,upper_first,upper_first,
downside,2025-03-10 14:00:00,2025-03-10 21:00:00,2025-03-10 21:00:00,2025-03-11 03:00:00,2025-03-11 21:00:00,6,persistent,7.974233121357108,True,True,upper_first,upper_first,upper_first,
downside,2025-03-18 13:00:00,2025-03-18 15:00:00,2025-03-18 20:00:00,2025-03-18 21:00:00,2025-03-19 15:00:00,1,reclaimed,3.1638513892539724,False,False,neither,no_action,no_action,
downside,2025-03-18 13:00:00,2025-03-18 20:00:00,2025-03-18 20:00:00,2025-03-19 02:00:00,2025-03-19 20:00:00,6,reclaimed,3.1638513892539724,False,False,upper_first,no_action,no_action,
downside,2025-03-28 06:00:00,2025-03-28 08:00:00,2025-03-28 13:00:00,2025-03-28 14:00:00,2025-03-29 08:00:00,1,persistent,1.6783276719668194,True,True,neither,neither,neither,
downside,2025-03-28 06:00:00,2025-03-28 13:00:00,2025-03-28 13:00:00,2025-03-28 19:00:00,2025-03-29 13:00:00,6,persistent,1.6783276719668194,True,True,neither,neither,neither,
downside,2025-03-29 09:00:00,2025-03-29 11:00:00,2025-03-29 16:00:00,2025-03-29 17:00:00,2025-03-30 11:00:00,1,stalled_below,0.7898483850058796,False,False,neither,no_action,no_action,
downside,2025-03-29 09:00:00,2025-03-29 16:00:00,2025-03-29 16:00:00,2025-03-29 22:00:00,2025-03-30 16:00:00,6,stalled_below,0.7898483850058796,False,False,neither,no_action,no_action,
downside,2025-04-03 14:00:00,2025-04-03 16:00:00,2025-04-03 21:00:00,2025-04-03 22:00:00,2025-04-04 16:00:00,1,reclaimed,2.704833973428122,False,False,neither,no_action,no_action,
downside,2025-04-03 14:00:00,2025-04-03 21:00:00,2025-04-03 21:00:00,2025-04-04 03:00:00,2025-04-04 21:00:00,6,reclaimed,2.704833973428122,False,False,neither,no_action,no_action,
downside,2025-04-06 17:00:00,2025-04-06 19:00:00,2025-04-07 00:00:00,2025-04-07 01:00:00,2025-04-07 19:00:00,1,persistent,9.406115122773546,True,True,upper_first,upper_first,upper_first,
downside,2025-04-06 17:00:00,2025-04-07 00:00:00,2025-04-07 00:00:00,2025-04-07 06:00:00,2025-04-08 00:00:00,6,persistent,9.406115122773546,True,True,upper_first,upper_first,upper_first,
downside,2025-05-04 10:00:00,2025-05-04 12:00:00,2025-05-04 17:00:00,2025-05-04 18:00:00,2025-05-05 12:00:00,1,stalled_below,0.6160530490405435,False,False,neither,no_action,no_action,
downside,2025-05-04 10:00:00,2025-05-04 17:00:00,2025-05-04 17:00:00,2025-05-04 23:00:00,2025-05-05 17:00:00,6,stalled_below,0.6160530490405435,False,False,neither,no_action,no_action,
downside,2025-05-12 18:00:00,2025-05-12 20:00:00,2025-05-13 01:00:00,2025-05-13 02:00:00,2025-05-13 20:00:00,1,stalled_below,2.7168561818003,False,False,neither,no_action,no_action,
downside,2025-05-12 18:00:00,2025-05-13 01:00:00,2025-05-13 01:00:00,2025-05-13 07:00:00,2025-05-14 01:00:00,6,stalled_below,2.7168561818003,False,False,neither,no_action,no_action,
downside,2025-05-19 06:00:00,2025-05-19 08:00:00,2025-05-19 13:00:00,2025-05-19 14:00:00,2025-05-20 08:00:00,1,persistent,1.6757955714776138,True,True,upper_first,upper_first,upper_first,
downside,2025-05-19 06:00:00,2025-05-19 13:00:00,2025-05-19 13:00:00,2025-05-19 19:00:00,2025-05-20 13:00:00,6,persistent,1.6757955714776138,True,True,neither,neither,neither,
downside,2025-05-28 19:00:00,2025-05-28 21:00:00,2025-05-29 02:00:00,2025-05-29 03:00:00,2025-05-29 21:00:00,1,reclaimed,1.695482493152703,False,False,neither,no_action,no_action,
downside,2025-05-28 19:00:00,2025-05-29 02:00:00,2025-05-29 02:00:00,2025-05-29 08:00:00,2025-05-30 02:00:00,6,reclaimed,1.695482493152703,False,False,neither,no_action,no_action,
downside,2025-05-29 23:00:00,2025-05-30 01:00:00,2025-05-30 06:00:00,2025-05-30 07:00:00,2025-05-31 01:00:00,1,reclaimed,1.0744536655856514,False,False,neither,no_action,no_action,
downside,2025-05-29 23:00:00,2025-05-30 06:00:00,2025-05-30 06:00:00,2025-05-30 12:00:00,2025-05-31 06:00:00,6,reclaimed,1.0744536655856514,False,False,neither,no_action,no_action,
downside,2025-05-31 01:00:00,2025-05-31 03:00:00,2025-05-31 08:00:00,2025-05-31 09:00:00,2025-06-01 03:00:00,1,reclaimed,0.38370859227653403,False,False,neither,no_action,no_action,
downside,2025-05-31 01:00:00,2025-05-31 08:00:00,2025-05-31 08:00:00,2025-05-31 14:00:00,2025-06-01 08:00:00,6,reclaimed,0.38370859227653403,False,False,neither,no_action,no_action,
downside,2025-06-05 16:00:00,2025-06-05 18:00:00,2025-06-05 23:00:00,2025-06-06 00:00:00,2025-06-06 18:00:00,1,persistent,5.496706913064299,True,True,upper_first,upper_first,upper_first,
downside,2025-06-05 16:00:00,2025-06-05 23:00:00,2025-06-05 23:00:00,2025-06-06 05:00:00,2025-06-06 23:00:00,6,persistent,5.496706913064299,True,True,neither,neither,neither,
downside,2025-06-12 20:00:00,2025-06-12 22:00:00,2025-06-13 03:00:00,2025-06-13 04:00:00,2025-06-13 22:00:00,1,persistent,2.60521003021964,True,True,neither,neither,neither,
downside,2025-06-12 20:00:00,2025-06-13 03:00:00,2025-06-13 03:00:00,2025-06-13 09:00:00,2025-06-14 03:00:00,6,persistent,2.60521003021964,True,True,neither,neither,neither,
downside,2025-06-17 15:00:00,2025-06-17 17:00:00,2025-06-17 22:00:00,2025-06-17 23:00:00,2025-06-18 17:00:00,1,reclaimed,5.49055671217146,False,False,neither,no_action,no_action,
downside,2025-06-17 15:00:00,2025-06-17 22:00:00,2025-06-17 22:00:00,2025-06-18 04:00:00,2025-06-18 22:00:00,6,reclaimed,5.49055671217146,False,False,neither,no_action,no_action,
downside,2025-06-20 17:00:00,2025-06-20 19:00:00,2025-06-21 00:00:00,2025-06-21 01:00:00,2025-06-21 19:00:00,1,persistent,1.9360857255467867,True,True,neither,neither,neither,
downside,2025-06-20 17:00:00,2025-06-21 00:00:00,2025-06-21 00:00:00,2025-06-21 06:00:00,2025-06-22 00:00:00,6,persistent,1.9360857255467867,True,True,neither,neither,neither,
downside,2025-06-21 19:00:00,2025-06-21 21:00:00,2025-06-22 02:00:00,2025-06-22 03:00:00,2025-06-22 21:00:00,1,reclaimed,4.387327592905107,False,False,neither,no_action,no_action,
downside,2025-06-21 19:00:00,2025-06-22 02:00:00,2025-06-22 02:00:00,2025-06-22 08:00:00,2025-06-23 02:00:00,6,reclaimed,4.387327592905107,False,False,neither,no_action,no_action,
downside,2025-07-01 09:00:00,2025-07-01 11:00:00,2025-07-01 16:00:00,2025-07-01 17:00:00,2025-07-02 11:00:00,1,persistent,4.822078704032393,True,True,neither,neither,neither,
downside,2025-07-01 09:00:00,2025-07-01 16:00:00,2025-07-01 16:00:00,2025-07-01 22:00:00,2025-07-02 16:00:00,6,persistent,4.822078704032393,True,True,neither,neither,neither,
downside,2025-07-15 14:00:00,2025-07-15 16:00:00,2025-07-15 21:00:00,2025-07-15 22:00:00,2025-07-16 16:00:00,1,reclaimed,5.908182577317918,False,False,neither,no_action,no_action,
downside,2025-07-15 14:00:00,2025-07-15 21:00:00,2025-07-15 21:00:00,2025-07-16 03:00:00,2025-07-16 21:00:00,6,reclaimed,5.908182577317918,False,False,neither,no_action,no_action,
downside,2025-07-25 02:00:00,2025-07-25 04:00:00,2025-07-25 09:00:00,2025-07-25 10:00:00,2025-07-26 04:00:00,1,persistent,5.703606209380141,True,True,neither,neither,neither,
downside,2025-07-25 02:00:00,2025-07-25 09:00:00,2025-07-25 09:00:00,2025-07-25 15:00:00,2025-07-26 09:00:00,6,persistent,5.703606209380141,True,True,neither,neither,neither,
downside,2025-07-29 15:00:00,2025-07-29 17:00:00,2025-07-29 22:00:00,2025-07-29 23:00:00,2025-07-30 17:00:00,1,reclaimed,2.1140588373335727,False,False,neither,no_action,no_action,
downside,2025-07-29 15:00:00,2025-07-29 22:00:00,2025-07-29 22:00:00,2025-07-30 04:00:00,2025-07-30 22:00:00,6,reclaimed,2.1140588373335727,False,False,neither,no_action,no_action,
downside,2025-07-30 18:00:00,2025-07-30 20:00:00,2025-07-31 01:00:00,2025-07-31 02:00:00,2025-07-31 20:00:00,1,reclaimed,1.6830252243182877,False,False,neither,no_action,no_action,
downside,2025-07-30 18:00:00,2025-07-31 01:00:00,2025-07-31 01:00:00,2025-07-31 07:00:00,2025-08-01 01:00:00,6,reclaimed,1.6830252243182877,False,False,neither,no_action,no_action,
downside,2025-08-01 00:00:00,2025-08-01 02:00:00,2025-08-01 07:00:00,2025-08-01 08:00:00,2025-08-02 02:00:00,1,stalled_below,1.2197817511227513,False,False,neither,no_action,no_action,
downside,2025-08-01 00:00:00,2025-08-01 07:00:00,2025-08-01 07:00:00,2025-08-01 13:00:00,2025-08-02 07:00:00,6,stalled_below,1.2197817511227513,False,False,neither,no_action,no_action,
downside,2025-08-02 18:00:00,2025-08-02 20:00:00,2025-08-03 01:00:00,2025-08-03 02:00:00,2025-08-03 20:00:00,1,reclaimed,1.0552096071564587,False,False,neither,no_action,no_action,
downside,2025-08-02 18:00:00,2025-08-03 01:00:00,2025-08-03 01:00:00,2025-08-03 07:00:00,2025-08-04 01:00:00,6,reclaimed,1.0552096071564587,False,False,neither,no_action,no_action,
downside,2025-08-18 01:00:00,2025-08-18 03:00:00,2025-08-18 08:00:00,2025-08-18 09:00:00,2025-08-19 03:00:00,1,persistent,3.6062062628058107,True,True,neither,neither,neither,
downside,2025-08-18 01:00:00,2025-08-18 08:00:00,2025-08-18 08:00:00,2025-08-18 14:00:00,2025-08-19 08:00:00,6,persistent,3.6062062628058107,True,True,neither,neither,neither,
downside,2025-08-19 14:00:00,2025-08-19 16:00:00,2025-08-19 21:00:00,2025-08-19 22:00:00,2025-08-20 16:00:00,1,persistent,4.728911900868031,True,True,neither,neither,neither,
downside,2025-08-19 14:00:00,2025-08-19 21:00:00,2025-08-19 21:00:00,2025-08-20 03:00:00,2025-08-20 21:00:00,6,persistent,4.728911900868031,True,True,neither,neither,neither,
downside,2025-08-25 20:00:00,2025-08-25 22:00:00,2025-08-26 03:00:00,2025-08-26 04:00:00,2025-08-26 22:00:00,1,persistent,3.364668519788478,True,True,neither,neither,neither,
downside,2025-08-25 20:00:00,2025-08-26 03:00:00,2025-08-26 03:00:00,2025-08-26 09:00:00,2025-08-27 03:00:00,6,persistent,3.364668519788478,True,True,neither,neither,neither,
downside,2025-08-29 13:00:00,2025-08-29 15:00:00,2025-08-29 20:00:00,2025-08-29 21:00:00,2025-08-30 15:00:00,1,persistent,3.1878087943179363,True,True,neither,neither,neither,
downside,2025-08-29 13:00:00,2025-08-29 20:00:00,2025-08-29 20:00:00,2025-08-30 02:00:00,2025-08-30 20:00:00,6,persistent,3.1878087943179363,True,True,neither,neither,neither,
downside,2025-09-15 08:00:00,2025-09-15 10:00:00,2025-09-15 15:00:00,2025-09-15 16:00:00,2025-09-16 10:00:00,1,persistent,2.7458519308041702,True,True,neither,neither,neither,
downside,2025-09-15 08:00:00,2025-09-15 15:00:00,2025-09-15 15:00:00,2025-09-15 21:00:00,2025-09-16 15:00:00,6,persistent,2.7458519308041702,True,True,neither,neither,neither,
downside,2025-09-22 00:00:00,2025-09-22 02:00:00,2025-09-22 07:00:00,2025-09-22 08:00:00,2025-09-23 02:00:00,1,persistent,3.607714810061491,True,True,neither,neither,neither,
downside,2025-09-22 00:00:00,2025-09-22 07:00:00,2025-09-22 07:00:00,2025-09-22 13:00:00,2025-09-23 07:00:00,6,persistent,3.607714810061491,True,True,neither,neither,neither,
downside,2025-09-25 13:00:00,2025-09-25 15:00:00,2025-09-25 20:00:00,2025-09-25 21:00:00,2025-09-26 15:00:00,1,persistent,4.121049671482587,True,True,neither,neither,neither,
downside,2025-09-25 13:00:00,2025-09-25 20:00:00,2025-09-25 20:00:00,2025-09-26 02:00:00,2025-09-26 20:00:00,6,persistent,4.121049671482587,True,True,neither,neither,neither,
downside,2025-10-09 16:00:00,2025-10-09 18:00:00,2025-10-09 23:00:00,2025-10-10 00:00:00,2025-10-10 18:00:00,1,reclaimed,1.2172173305835312,False,False,neither,no_action,no_action,
downside,2025-10-09 16:00:00,2025-10-09 23:00:00,2025-10-09 23:00:00,2025-10-10 05:00:00,2025-10-10 23:00:00,6,reclaimed,1.2172173305835312,False,False,lower_first,no_action,no_action,
downside,2025-10-17 06:00:00,2025-10-17 08:00:00,2025-10-17 13:00:00,2025-10-17 14:00:00,2025-10-18 08:00:00,1,persistent,2.7522630487419715,True,True,neither,neither,neither,
downside,2025-10-17 06:00:00,2025-10-17 13:00:00,2025-10-17 13:00:00,2025-10-17 19:00:00,2025-10-18 13:00:00,6,persistent,2.7522630487419715,True,True,neither,neither,neither,
downside,2025-10-29 15:00:00,2025-10-29 17:00:00,2025-10-29 22:00:00,2025-10-29 23:00:00,2025-10-30 17:00:00,1,stalled_below,2.8378065184689363,False,False,neither,no_action,no_action,
downside,2025-10-29 15:00:00,2025-10-29 22:00:00,2025-10-29 22:00:00,2025-10-30 04:00:00,2025-10-30 22:00:00,6,stalled_below,2.8378065184689363,False,False,neither,no_action,no_action,
downside,2025-10-30 19:00:00,2025-10-30 21:00:00,2025-10-31 02:00:00,2025-10-31 03:00:00,2025-10-31 21:00:00,1,reclaimed,1.6075156501657346,False,False,neither,no_action,no_action,
downside,2025-10-30 19:00:00,2025-10-31 02:00:00,2025-10-31 02:00:00,2025-10-31 08:00:00,2025-11-01 02:00:00,6,reclaimed,1.6075156501657346,False,False,neither,no_action,no_action,
downside,2025-11-03 03:00:00,2025-11-03 05:00:00,2025-11-03 10:00:00,2025-11-03 11:00:00,2025-11-04 05:00:00,1,persistent,1.8534919691231007,True,True,neither,neither,neither,
downside,2025-11-03 03:00:00,2025-11-03 10:00:00,2025-11-03 10:00:00,2025-11-03 16:00:00,2025-11-04 10:00:00,6,persistent,1.8534919691231007,True,True,neither,neither,neither,
downside,2025-11-04 05:00:00,2025-11-04 07:00:00,2025-11-04 12:00:00,2025-11-04 13:00:00,2025-11-05 07:00:00,1,persistent,2.2242486808942505,True,True,neither,neither,neither,
downside,2025-11-04 05:00:00,2025-11-04 12:00:00,2025-11-04 12:00:00,2025-11-04 18:00:00,2025-11-05 12:00:00,6,persistent,2.2242486808942505,True,True,neither,neither,neither,
downside,2025-11-12 15:00:00,2025-11-12 17:00:00,2025-11-12 22:00:00,2025-11-12 23:00:00,2025-11-13 17:00:00,1,persistent,1.5747782822358214,True,True,neither,neither,neither,
downside,2025-11-12 15:00:00,2025-11-12 22:00:00,2025-11-12 22:00:00,2025-11-13 04:00:00,2025-11-13 22:00:00,6,persistent,1.5747782822358214,True,True,neither,neither,neither,
downside,2025-11-13 16:00:00,2025-11-13 18:00:00,2025-11-13 23:00:00,2025-11-14 00:00:00,2025-11-14 18:00:00,1,persistent,4.555168525574749,True,True,lower_first,lower_first,lower_first,
downside,2025-11-13 16:00:00,2025-11-13 23:00:00,2025-11-13 23:00:00,2025-11-14 05:00:00,2025-11-14 23:00:00,6,persistent,4.555168525574749,True,True,neither,neither,neither,
downside,2025-11-14 20:00:00,2025-11-14 22:00:00,2025-11-15 03:00:00,2025-11-15 04:00:00,2025-11-15 22:00:00,1,reclaimed,1.5181589133236204,False,False,neither,no_action,no_action,
downside,2025-11-14 20:00:00,2025-11-15 03:00:00,2025-11-15 03:00:00,2025-11-15 09:00:00,2025-11-16 03:00:00,6,reclaimed,1.5181589133236204,False,False,neither,no_action,no_action,
downside,2025-11-16 21:00:00,2025-11-16 23:00:00,2025-11-17 04:00:00,2025-11-17 05:00:00,2025-11-17 23:00:00,1,reclaimed,1.6274605643840059,False,False,neither,no_action,no_action,
downside,2025-11-16 21:00:00,2025-11-17 04:00:00,2025-11-17 04:00:00,2025-11-17 10:00:00,2025-11-18 04:00:00,6,reclaimed,1.6274605643840059,False,False,lower_first,no_action,no_action,
downside,2025-11-18 02:00:00,2025-11-18 04:00:00,2025-11-18 09:00:00,2025-11-18 10:00:00,2025-11-19 04:00:00,1,reclaimed,3.391204216164098,False,False,neither,no_action,no_action,
downside,2025-11-18 02:00:00,2025-11-18 09:00:00,2025-11-18 09:00:00,2025-11-18 15:00:00,2025-11-19 09:00:00,6,reclaimed,3.391204216164098,False,False,neither,no_action,no_action,
downside,2025-11-20 16:00:00,2025-11-20 18:00:00,2025-11-20 23:00:00,2025-11-21 00:00:00,2025-11-21 18:00:00,1,stalled_below,2.7626182301285507,False,False,lower_first,no_action,no_action,
downside,2025-11-20 16:00:00,2025-11-20 23:00:00,2025-11-20 23:00:00,2025-11-21 05:00:00,2025-11-21 23:00:00,6,stalled_below,2.7626182301285507,False,False,lower_first,no_action,no_action,
downside,2025-12-01 00:00:00,2025-12-01 02:00:00,2025-12-01 07:00:00,2025-12-01 08:00:00,2025-12-02 02:00:00,1,persistent,3.748049976205354,True,True,neither,neither,neither,
downside,2025-12-01 00:00:00,2025-12-01 07:00:00,2025-12-01 07:00:00,2025-12-01 13:00:00,2025-12-02 07:00:00,6,persistent,3.748049976205354,True,True,neither,neither,neither,
downside,2025-12-15 15:00:00,2025-12-15 17:00:00,2025-12-15 22:00:00,2025-12-15 23:00:00,2025-12-16 17:00:00,1,stalled_below,7.75697521300382,False,False,neither,no_action,no_action,
downside,2025-12-15 15:00:00,2025-12-15 22:00:00,2025-12-15 22:00:00,2025-12-16 04:00:00,2025-12-16 22:00:00,6,stalled_below,7.75697521300382,False,False,neither,no_action,no_action,
downside,2025-12-18 19:00:00,2025-12-18 21:00:00,2025-12-19 02:00:00,2025-12-19 03:00:00,2025-12-19 21:00:00,1,reclaimed,1.5311565288595028,False,False,upper_first,no_action,no_action,
downside,2025-12-18 19:00:00,2025-12-19 02:00:00,2025-12-19 02:00:00,2025-12-19 08:00:00,2025-12-20 02:00:00,6,reclaimed,1.5311565288595028,False,False,neither,no_action,no_action,
downside,2025-12-23 06:00:00,2025-12-23 08:00:00,2025-12-23 13:00:00,2025-12-23 14:00:00,2025-12-24 08:00:00,1,reclaimed,1.2161707049780714,False,False,neither,no_action,no_action,
downside,2025-12-23 06:00:00,2025-12-23 13:00:00,2025-12-23 13:00:00,2025-12-23 19:00:00,2025-12-24 13:00:00,6,reclaimed,1.2161707049780714,False,False,neither,no_action,no_action,
downside,2026-01-07 18:00:00,2026-01-07 20:00:00,2026-01-08 01:00:00,2026-01-08 02:00:00,2026-01-08 20:00:00,1,reclaimed,1.2820382198250793,False,False,neither,no_action,no_action,
downside,2026-01-07 18:00:00,2026-01-08 01:00:00,2026-01-08 01:00:00,2026-01-08 07:00:00,2026-01-09 01:00:00,6,reclaimed,1.2820382198250793,False,False,neither,no_action,no_action,
downside,2026-01-18 23:00:00,2026-01-19 01:00:00,2026-01-19 06:00:00,2026-01-19 07:00:00,2026-01-20 01:00:00,1,stalled_below,4.274568740020865,False,False,neither,no_action,no_action,
downside,2026-01-18 23:00:00,2026-01-19 06:00:00,2026-01-19 06:00:00,2026-01-19 12:00:00,2026-01-20 06:00:00,6,stalled_below,4.274568740020865,False,False,neither,no_action,no_action,
downside,2026-01-20 05:00:00,2026-01-20 07:00:00,2026-01-20 12:00:00,2026-01-20 13:00:00,2026-01-21 07:00:00,1,stalled_below,2.160721976758661,False,False,neither,no_action,no_action,
downside,2026-01-20 05:00:00,2026-01-20 12:00:00,2026-01-20 12:00:00,2026-01-20 18:00:00,2026-01-21 12:00:00,6,stalled_below,2.160721976758661,False,False,neither,no_action,no_action,
downside,2026-01-21 16:00:00,2026-01-21 18:00:00,2026-01-21 23:00:00,2026-01-22 00:00:00,2026-01-22 18:00:00,1,reclaimed,4.5371767603226205,False,False,neither,no_action,no_action,
downside,2026-01-21 16:00:00,2026-01-21 23:00:00,2026-01-21 23:00:00,2026-01-22 05:00:00,2026-01-22 23:00:00,6,reclaimed,4.5371767603226205,False,False,neither,no_action,no_action,
downside,2026-01-25 08:00:00,2026-01-25 10:00:00,2026-01-25 15:00:00,2026-01-25 16:00:00,2026-01-26 10:00:00,1,reclaimed,0.7015290697878719,False,False,neither,no_action,no_action,
downside,2026-01-25 08:00:00,2026-01-25 15:00:00,2026-01-25 15:00:00,2026-01-25 21:00:00,2026-01-26 15:00:00,6,reclaimed,0.7015290697878719,False,False,neither,no_action,no_action,
downside,2026-01-29 14:00:00,2026-01-29 16:00:00,2026-01-29 21:00:00,2026-01-29 22:00:00,2026-01-30 16:00:00,1,persistent,7.547583759619166,True,True,neither,neither,neither,
downside,2026-01-29 14:00:00,2026-01-29 21:00:00,2026-01-29 21:00:00,2026-01-30 03:00:00,2026-01-30 21:00:00,6,persistent,7.547583759619166,True,True,upper_first,upper_first,upper_first,
downside,2026-01-31 16:00:00,2026-01-31 18:00:00,2026-01-31 23:00:00,2026-02-01 00:00:00,2026-02-01 18:00:00,1,stalled_below,4.258670236961489,False,False,neither,no_action,no_action,
downside,2026-01-31 16:00:00,2026-01-31 23:00:00,2026-01-31 23:00:00,2026-02-01 05:00:00,2026-02-01 23:00:00,6,stalled_below,4.258670236961489,False,False,neither,no_action,no_action,
downside,2026-02-03 18:00:00,2026-02-03 20:00:00,2026-02-04 01:00:00,2026-02-04 02:00:00,2026-02-04 20:00:00,1,reclaimed,2.232606897046967,False,False,lower_first,no_action,no_action,
downside,2026-02-03 18:00:00,2026-02-04 01:00:00,2026-02-04 01:00:00,2026-02-04 07:00:00,2026-02-05 01:00:00,6,reclaimed,2.232606897046967,False,False,lower_first,no_action,no_action,
downside,2026-02-05 02:00:00,2026-02-05 04:00:00,2026-02-05 09:00:00,2026-02-05 10:00:00,2026-02-06 04:00:00,1,stalled_below,1.8290816560563279,False,False,lower_first,no_action,no_action,
downside,2026-02-05 02:00:00,2026-02-05 09:00:00,2026-02-05 09:00:00,2026-02-05 15:00:00,2026-02-06 09:00:00,6,stalled_below,1.8290816560563279,False,False,lower_first,no_action,no_action,
downside,2026-02-11 04:00:00,2026-02-11 06:00:00,2026-02-11 11:00:00,2026-02-11 12:00:00,2026-02-12 06:00:00,1,persistent,0.9825915444686809,True,False,neither,neither,no_action,
downside,2026-02-11 04:00:00,2026-02-11 11:00:00,2026-02-11 11:00:00,2026-02-11 17:00:00,2026-02-12 11:00:00,6,persistent,0.9825915444686809,True,False,upper_first,upper_first,no_action,
downside,2026-02-16 15:00:00,2026-02-16 17:00:00,2026-02-16 22:00:00,2026-02-16 23:00:00,2026-02-17 17:00:00,1,reclaimed,1.260879181633759,False,False,neither,no_action,no_action,
downside,2026-02-16 15:00:00,2026-02-16 22:00:00,2026-02-16 22:00:00,2026-02-17 04:00:00,2026-02-17 22:00:00,6,reclaimed,1.260879181633759,False,False,neither,no_action,no_action,
downside,2026-02-18 18:00:00,2026-02-18 20:00:00,2026-02-19 01:00:00,2026-02-19 02:00:00,2026-02-19 20:00:00,1,stalled_below,1.8537959416340546,False,False,neither,no_action,no_action,
downside,2026-02-18 18:00:00,2026-02-19 01:00:00,2026-02-19 01:00:00,2026-02-19 07:00:00,2026-02-20 01:00:00,6,stalled_below,1.8537959416340546,False,False,neither,no_action,no_action,
downside,2026-02-23 01:00:00,2026-02-23 03:00:00,2026-02-23 08:00:00,2026-02-23 09:00:00,2026-02-24 03:00:00,1,stalled_below,2.42852815975526,False,False,neither,no_action,no_action,
downside,2026-02-23 01:00:00,2026-02-23 08:00:00,2026-02-23 08:00:00,2026-02-23 14:00:00,2026-02-24 08:00:00,6,stalled_below,2.42852815975526,False,False,lower_first,no_action,no_action,
downside,2026-02-28 06:00:00,2026-02-28 08:00:00,2026-02-28 13:00:00,2026-02-28 14:00:00,2026-03-01 08:00:00,1,stalled_below,0.9495372705457882,False,False,upper_first,no_action,no_action,
downside,2026-02-28 06:00:00,2026-02-28 13:00:00,2026-02-28 13:00:00,2026-02-28 19:00:00,2026-03-01 13:00:00,6,stalled_below,0.9495372705457882,False,False,upper_first,no_action,no_action,
downside,2026-03-07 06:00:00,2026-03-07 08:00:00,2026-03-07 13:00:00,2026-03-07 14:00:00,2026-03-08 08:00:00,1,reclaimed,0.24499723592599668,False,False,neither,no_action,no_action,
downside,2026-03-07 06:00:00,2026-03-07 13:00:00,2026-03-07 13:00:00,2026-03-07 19:00:00,2026-03-08 13:00:00,6,reclaimed,0.24499723592599668,False,False,neither,no_action,no_action,
downside,2026-03-08 22:00:00,2026-03-09 00:00:00,2026-03-09 05:00:00,2026-03-09 06:00:00,2026-03-10 00:00:00,1,reclaimed,2.7117464932918383,False,False,neither,no_action,no_action,
downside,2026-03-08 22:00:00,2026-03-09 05:00:00,2026-03-09 05:00:00,2026-03-09 11:00:00,2026-03-10 05:00:00,6,reclaimed,2.7117464932918383,False,False,upper_first,no_action,no_action,
downside,2026-03-18 14:00:00,2026-03-18 16:00:00,2026-03-18 21:00:00,2026-03-18 22:00:00,2026-03-19 16:00:00,1,persistent,1.8587356336825283,True,True,neither,neither,neither,
downside,2026-03-18 14:00:00,2026-03-18 21:00:00,2026-03-18 21:00:00,2026-03-19 03:00:00,2026-03-19 21:00:00,6,persistent,1.8587356336825283,True,True,neither,neither,neither,
downside,2026-03-22 11:00:00,2026-03-22 13:00:00,2026-03-22 18:00:00,2026-03-22 19:00:00,2026-03-23 13:00:00,1,reclaimed,0.6790261277909911,False,False,upper_first,no_action,no_action,
downside,2026-03-22 11:00:00,2026-03-22 18:00:00,2026-03-22 18:00:00,2026-03-23 00:00:00,2026-03-23 18:00:00,6,reclaimed,0.6790261277909911,False,False,upper_first,no_action,no_action,
downside,2026-03-26 17:00:00,2026-03-26 19:00:00,2026-03-27 00:00:00,2026-03-27 01:00:00,2026-03-27 19:00:00,1,reclaimed,1.5331758076069641,False,False,neither,no_action,no_action,
downside,2026-03-26 17:00:00,2026-03-27 00:00:00,2026-03-27 00:00:00,2026-03-27 06:00:00,2026-03-28 00:00:00,6,reclaimed,1.5331758076069641,False,False,neither,no_action,no_action,
downside,2026-04-19 21:00:00,2026-04-19 23:00:00,2026-04-20 04:00:00,2026-04-20 05:00:00,2026-04-20 23:00:00,1,reclaimed,1.8773593837347937,False,False,neither,no_action,no_action,
downside,2026-04-19 21:00:00,2026-04-20 04:00:00,2026-04-20 04:00:00,2026-04-20 10:00:00,2026-04-21 04:00:00,6,reclaimed,1.8773593837347937,False,False,neither,no_action,no_action,
downside,2026-04-27 15:00:00,2026-04-27 17:00:00,2026-04-27 22:00:00,2026-04-27 23:00:00,2026-04-28 17:00:00,1,persistent,2.862481431705548,True,True,neither,neither,neither,
downside,2026-04-27 15:00:00,2026-04-27 22:00:00,2026-04-27 22:00:00,2026-04-28 04:00:00,2026-04-28 22:00:00,6,persistent,2.862481431705548,True,True,neither,neither,neither,
downside,2026-04-29 18:00:00,2026-04-29 20:00:00,2026-04-30 01:00:00,2026-04-30 02:00:00,2026-04-30 20:00:00,1,reclaimed,1.21195624384252,False,False,neither,no_action,no_action,
downside,2026-04-29 18:00:00,2026-04-30 01:00:00,2026-04-30 01:00:00,2026-04-30 07:00:00,2026-05-01 01:00:00,6,reclaimed,1.21195624384252,False,False,neither,no_action,no_action,
downside,2026-05-12 16:00:00,2026-05-12 18:00:00,2026-05-12 23:00:00,2026-05-13 00:00:00,2026-05-13 18:00:00,1,reclaimed,1.6013602495178556,False,False,neither,no_action,no_action,
downside,2026-05-12 16:00:00,2026-05-12 23:00:00,2026-05-12 23:00:00,2026-05-13 05:00:00,2026-05-13 23:00:00,6,reclaimed,1.6013602495178556,False,False,neither,no_action,no_action,
downside,2026-05-16 07:00:00,2026-05-16 09:00:00,2026-05-16 14:00:00,2026-05-16 15:00:00,2026-05-17 09:00:00,1,stalled_below,0.8457879095117508,False,False,neither,no_action,no_action,
downside,2026-05-16 07:00:00,2026-05-16 14:00:00,2026-05-16 14:00:00,2026-05-16 20:00:00,2026-05-17 14:00:00,6,stalled_below,0.8457879095117508,False,False,neither,no_action,no_action,
downside,2026-05-17 23:00:00,2026-05-18 01:00:00,2026-05-18 06:00:00,2026-05-18 07:00:00,2026-05-19 01:00:00,1,stalled_below,1.571830937632039,False,False,neither,no_action,no_action,
downside,2026-05-17 23:00:00,2026-05-18 06:00:00,2026-05-18 06:00:00,2026-05-18 12:00:00,2026-05-19 06:00:00,6,stalled_below,1.571830937632039,False,False,neither,no_action,no_action,
downside,2026-05-22 19:00:00,2026-05-22 21:00:00,2026-05-23 02:00:00,2026-05-23 03:00:00,2026-05-23 21:00:00,1,persistent,1.486204853341118,True,True,neither,neither,neither,
downside,2026-05-22 19:00:00,2026-05-23 02:00:00,2026-05-23 02:00:00,2026-05-23 08:00:00,2026-05-24 02:00:00,6,persistent,1.486204853341118,True,True,upper_first,upper_first,upper_first,
downside,2026-05-26 22:00:00,2026-05-27 00:00:00,2026-05-27 05:00:00,2026-05-27 06:00:00,2026-05-28 00:00:00,1,persistent,1.1764257823831274,True,True,neither,neither,neither,
downside,2026-05-26 22:00:00,2026-05-27 05:00:00,2026-05-27 05:00:00,2026-05-27 11:00:00,2026-05-28 05:00:00,6,persistent,1.1764257823831274,True,True,neither,neither,neither,
downside,2026-05-28 03:00:00,2026-05-28 05:00:00,2026-05-28 10:00:00,2026-05-28 11:00:00,2026-05-29 05:00:00,1,stalled_below,1.3227075260635797,False,False,neither,no_action,no_action,
downside,2026-05-28 03:00:00,2026-05-28 10:00:00,2026-05-28 10:00:00,2026-05-28 16:00:00,2026-05-29 10:00:00,6,stalled_below,1.3227075260635797,False,False,neither,no_action,no_action,
downside,2026-06-01 12:00:00,2026-06-01 14:00:00,2026-06-01 19:00:00,2026-06-01 20:00:00,2026-06-02 14:00:00,1,persistent,6.287106357602181,True,True,neither,neither,neither,
downside,2026-06-01 12:00:00,2026-06-01 19:00:00,2026-06-01 19:00:00,2026-06-02 01:00:00,2026-06-02 19:00:00,6,persistent,6.287106357602181,True,True,lower_first,lower_first,lower_first,
downside,2026-06-02 22:00:00,2026-06-03 00:00:00,2026-06-03 05:00:00,2026-06-03 06:00:00,2026-06-04 00:00:00,1,reclaimed,2.96792914634803,False,False,neither,no_action,no_action,
downside,2026-06-02 22:00:00,2026-06-03 05:00:00,2026-06-03 05:00:00,2026-06-03 11:00:00,2026-06-04 05:00:00,6,reclaimed,2.96792914634803,False,False,lower_first,no_action,no_action,
downside,2026-06-03 23:00:00,2026-06-04 01:00:00,2026-06-04 06:00:00,2026-06-04 07:00:00,2026-06-05 01:00:00,1,stalled_below,2.966593740064392,False,False,neither,no_action,no_action,
downside,2026-06-03 23:00:00,2026-06-04 06:00:00,2026-06-04 06:00:00,2026-06-04 12:00:00,2026-06-05 06:00:00,6,stalled_below,2.966593740064392,False,False,upper_first,no_action,no_action,
downside,2026-06-05 13:00:00,2026-06-05 15:00:00,2026-06-05 20:00:00,2026-06-05 21:00:00,2026-06-06 15:00:00,1,persistent,2.9299123234646114,True,True,neither,neither,neither,
downside,2026-06-05 13:00:00,2026-06-05 20:00:00,2026-06-05 20:00:00,2026-06-06 02:00:00,2026-06-06 20:00:00,6,persistent,2.9299123234646114,True,True,neither,neither,neither,
downside,2026-06-18 04:00:00,2026-06-18 06:00:00,2026-06-18 11:00:00,2026-06-18 12:00:00,2026-06-19 06:00:00,1,reclaimed,0.8120395674465212,False,False,neither,no_action,no_action,
downside,2026-06-18 04:00:00,2026-06-18 11:00:00,2026-06-18 11:00:00,2026-06-18 17:00:00,2026-06-19 11:00:00,6,reclaimed,0.8120395674465212,False,False,neither,no_action,no_action,
downside,2026-06-23 06:00:00,2026-06-23 08:00:00,2026-06-23 13:00:00,2026-06-23 14:00:00,2026-06-24 08:00:00,1,stalled_below,1.759324215135041,False,False,neither,no_action,no_action,
downside,2026-06-23 06:00:00,2026-06-23 13:00:00,2026-06-23 13:00:00,2026-06-23 19:00:00,2026-06-24 13:00:00,6,stalled_below,1.759324215135041,False,False,neither,no_action,no_action,
downside,2026-06-24 13:00:00,2026-06-24 15:00:00,2026-06-24 20:00:00,2026-06-24 21:00:00,2026-06-25 15:00:00,1,persistent,6.978667547635785,True,True,neither,neither,neither,
downside,2026-06-24 13:00:00,2026-06-24 20:00:00,2026-06-24 20:00:00,2026-06-25 02:00:00,2026-06-25 20:00:00,6,persistent,6.978667547635785,True,True,neither,neither,neither,
downside,2026-06-30 12:00:00,2026-06-30 14:00:00,2026-06-30 19:00:00,2026-06-30 20:00:00,2026-07-01 14:00:00,1,stalled_below,4.238144676827875,False,False,neither,no_action,no_action,
downside,2026-06-30 12:00:00,2026-06-30 19:00:00,2026-06-30 19:00:00,2026-07-01 01:00:00,2026-07-01 19:00:00,6,stalled_below,4.238144676827875,False,False,upper_first,no_action,no_action,
downside,2026-07-13 02:00:00,2026-07-13 04:00:00,2026-07-13 09:00:00,2026-07-13 10:00:00,2026-07-14 04:00:00,1,stalled_below,2.013018144624625,False,False,neither,no_action,no_action,
downside,2026-07-13 02:00:00,2026-07-13 09:00:00,2026-07-13 09:00:00,2026-07-13 15:00:00,2026-07-14 09:00:00,6,stalled_below,2.013018144624625,False,False,neither,no_action,no_action,
downside,2026-07-23 17:00:00,2026-07-23 19:00:00,2026-07-24 00:00:00,2026-07-24 01:00:00,2026-07-24 19:00:00,1,reclaimed,1.934145150420388,False,False,neither,no_action,no_action,
downside,2026-07-23 17:00:00,2026-07-24 00:00:00,2026-07-24 00:00:00,2026-07-24 06:00:00,2026-07-25 00:00:00,6,reclaimed,1.934145150420388,False,False,neither,no_action,no_action,
downside,2026-07-27 23:00:00,2026-07-28 01:00:00,2026-07-28 06:00:00,2026-07-28 07:00:00,2026-07-29 01:00:00,1,stalled_below,1.8482829311871587,False,False,neither,no_action,no_action,
downside,2026-07-27 23:00:00,2026-07-28 06:00:00,2026-07-28 06:00:00,2026-07-28 12:00:00,2026-07-29 06:00:00,6,stalled_below,1.8482829311871587,False,False,neither,no_action,no_action,
downside,2026-07-31 14:00:00,2026-07-31 16:00:00,2026-07-31 21:00:00,2026-07-31 22:00:00,2026-08-01 16:00:00,1,reclaimed,1.398521670510398,False,False,neither,no_action,no_action,
downside,2026-07-31 14:00:00,2026-07-31 21:00:00,2026-07-31 21:00:00,2026-08-01 03:00:00,2026-08-01 21:00:00,6,reclaimed,1.398521670510398,False,False,neither,no_action,no_action,
downside,2026-08-10 15:00:00,2026-08-10 17:00:00,2026-08-10 22:00:00,2026-08-10 23:00:00,2026-08-11 17:00:00,1,stalled_below,3.01086390769545,False,False,neither,no_action,no_action,
downside,2026-08-10 15:00:00,2026-08-10 22:00:00,2026-08-10 22:00:00,2026-08-11 04:00:00,2026-08-11 22:00:00,6,stalled_below,3.01086390769545,False,False,neither,no_action,no_action,
downside,2026-08-11 18:00:00,2026-08-11 20:00:00,2026-08-12 01:00:00,2026-08-12 02:00:00,2026-08-12 20:00:00,1,reclaimed,1.6676167047951491,False,False,neither,no_action,no_action,
downside,2026-08-11 18:00:00,2026-08-12 01:00:00,2026-08-12 01:00:00,2026-08-12 07:00:00,2026-08-13 01:00:00,6,reclaimed,1.6676167047951491,False,False,neither,no_action,no_action,
downside,2026-08-13 16:00:00,2026-08-13 18:00:00,2026-08-13 23:00:00,2026-08-14 00:00:00,2026-08-14 18:00:00,1,reclaimed,1.3454852960570476,False,False,neither,no_action,no_action,
downside,2026-08-13 16:00:00,2026-08-13 23:00:00,2026-08-13 23:00:00,2026-08-14 05:00:00,2026-08-14 23:00:00,6,reclaimed,1.3454852960570476,False,False,neither,no_action,no_action,
downside,2026-09-08 04:00:00,2026-09-08 06:00:00,2026-09-08 11:00:00,2026-09-08 12:00:00,2026-09-09 06:00:00,1,stalled_below,1.596387215296218,False,False,neither,no_action,no_action,
downside,2026-09-08 04:00:00,2026-09-08 11:00:00,2026-09-08 11:00:00,2026-09-08 17:00:00,2026-09-09 11:00:00,6,stalled_below,1.596387215296218,False,False,neither,no_action,no_action,
downside,2026-09-10 12:00:00,2026-09-10 14:00:00,2026-09-10 19:00:00,2026-09-10 20:00:00,2026-09-11 14:00:00,1,stalled_below,3.1129322839770404,False,False,neither,no_action,no_action,
downside,2026-09-10 12:00:00,2026-09-10 19:00:00,2026-09-10 19:00:00,2026-09-11 01:00:00,2026-09-11 19:00:00,6,stalled_below,3.1129322839770404,False,False,upper_first,no_action,no_action,
downside,2026-09-15 14:00:00,2026-09-15 16:00:00,2026-09-15 21:00:00,2026-09-15 22:00:00,2026-09-16 16:00:00,1,persistent,5.145040090498974,True,True,neither,neither,neither,
downside,2026-09-15 14:00:00,2026-09-15 21:00:00,2026-09-15 21:00:00,2026-09-16 03:00:00,2026-09-16 21:00:00,6,persistent,5.145040090498974,True,True,neither,neither,neither,
downside,2026-09-24 09:00:00,2026-09-24 11:00:00,2026-09-24 16:00:00,2026-09-24 17:00:00,2026-09-25 11:00:00,1,reclaimed,1.2355988313803483,False,False,neither,no_action,no_action,
downside,2026-09-24 09:00:00,2026-09-24 16:00:00,2026-09-24 16:00:00,2026-09-24 22:00:00,2026-09-25 16:00:00,6,reclaimed,1.2355988313803483,False,False,neither,no_action,no_action,
recovery,2016-01-15 00:00:00,2016-01-16 01:00:00,2016-01-16 20:00:00,2016-01-16 21:00:00,2016-01-30 01:00:00,1,confirmed,1.8965710124337734,True,True,lower_first,lower_first,lower_first,accepted
recovery,2016-01-15 00:00:00,2016-01-16 06:00:00,2016-01-16 20:00:00,2016-01-17 02:00:00,2016-01-30 06:00:00,6,confirmed,1.8965710124337734,True,True,lower_first,lower_first,lower_first,accepted
recovery,2016-06-21 00:00:00,2016-06-22 01:00:00,2016-06-22 09:00:00,2016-06-22 10:00:00,2016-07-06 01:00:00,1,confirmed,0.7483142803402882,True,False,lower_first,lower_first,no_entry,rejected
recovery,2016-06-21 00:00:00,2016-06-22 06:00:00,2016-06-22 09:00:00,2016-06-22 15:00:00,2016-07-06 06:00:00,6,confirmed,0.7483142803402882,True,False,lower_first,lower_first,no_entry,rejected
recovery,2016-08-02 00:00:00,2016-08-03 01:00:00,2016-08-03 13:00:00,2016-08-03 14:00:00,2016-08-17 01:00:00,1,confirmed,1.167060915110235,True,True,lower_first,lower_first,lower_first,accepted
recovery,2016-08-02 00:00:00,2016-08-03 06:00:00,2016-08-03 13:00:00,2016-08-03 19:00:00,2016-08-17 06:00:00,6,confirmed,1.167060915110235,True,True,upper_first,upper_first,upper_first,accepted
recovery,2017-01-07 00:00:00,2017-01-08 01:00:00,2017-01-09 23:00:00,2017-01-10 00:00:00,2017-01-22 01:00:00,1,confirmed,0.9586571243868932,True,False,lower_first,lower_first,no_entry,rejected
recovery,2017-01-07 00:00:00,2017-01-08 06:00:00,2017-01-09 23:00:00,2017-01-10 05:00:00,2017-01-22 06:00:00,6,confirmed,0.9586571243868932,True,False,lower_first,lower_first,no_entry,rejected
recovery,2017-03-08 00:00:00,2017-03-09 01:00:00,2017-03-09 07:00:00,2017-03-09 08:00:00,2017-03-23 01:00:00,1,confirmed,0.8739253966015024,True,False,upper_first,upper_first,no_entry,rejected
recovery,2017-03-08 00:00:00,2017-03-09 06:00:00,2017-03-09 07:00:00,2017-03-09 13:00:00,2017-03-23 06:00:00,6,confirmed,0.8739253966015024,True,False,upper_first,upper_first,no_entry,rejected
recovery,2017-03-26 00:00:00,2017-03-27 01:00:00,2017-03-27 07:00:00,2017-03-27 08:00:00,2017-04-10 01:00:00,1,confirmed,0.3382866143278162,True,False,upper_first,upper_first,no_entry,rejected
recovery,2017-03-26 00:00:00,2017-03-27 06:00:00,2017-03-27 07:00:00,2017-03-27 13:00:00,2017-04-10 06:00:00,6,confirmed,0.3382866143278162,True,False,upper_first,upper_first,no_entry,rejected
recovery,2017-06-14 00:00:00,2017-06-15 01:00:00,2017-06-15 22:00:00,2017-06-15 23:00:00,2017-06-29 01:00:00,1,confirmed,1.757603569163058,True,True,lower_first,lower_first,lower_first,accepted
recovery,2017-06-14 00:00:00,2017-06-15 06:00:00,2017-06-15 22:00:00,2017-06-16 04:00:00,2017-06-29 06:00:00,6,confirmed,1.757603569163058,True,True,upper_first,upper_first,upper_first,accepted
recovery,2017-07-10 00:00:00,2017-07-11 01:00:00,2017-07-11 13:00:00,2017-07-11 14:00:00,2017-07-25 01:00:00,1,confirmed,1.9216204759148396,True,True,lower_first,lower_first,lower_first,accepted
recovery,2017-07-10 00:00:00,2017-07-11 06:00:00,2017-07-11 13:00:00,2017-07-11 19:00:00,2017-07-25 06:00:00,6,confirmed,1.9216204759148396,True,True,lower_first,lower_first,lower_first,accepted
recovery,2017-07-25 00:00:00,2017-07-26 01:00:00,2017-07-26 12:00:00,2017-07-26 13:00:00,2017-08-09 01:00:00,1,confirmed,0.6561119785635761,True,False,lower_first,lower_first,no_entry,rejected
recovery,2017-07-25 00:00:00,2017-07-26 06:00:00,2017-07-26 12:00:00,2017-07-26 18:00:00,2017-08-09 06:00:00,6,confirmed,0.6561119785635761,True,False,upper_first,upper_first,no_entry,rejected
recovery,2017-09-13 00:00:00,2017-09-14 01:00:00,2017-09-15 15:00:00,2017-09-15 16:00:00,2017-09-28 01:00:00,1,confirmed,5.103955159610945,True,True,lower_first,lower_first,lower_first,accepted
recovery,2017-09-13 00:00:00,2017-09-14 06:00:00,2017-09-15 15:00:00,2017-09-15 21:00:00,2017-09-28 06:00:00,6,confirmed,5.103955159610945,True,True,upper_first,upper_first,upper_first,accepted
recovery,2017-11-10 00:00:00,2017-11-11 01:00:00,,,2017-11-25 01:00:00,1,no_entry,,False,False,no_entry,no_entry,no_entry,not_needed
recovery,2017-11-10 00:00:00,2017-11-11 06:00:00,,,2017-11-25 06:00:00,6,no_entry,,False,False,no_entry,no_entry,no_entry,not_needed
recovery,2017-12-21 00:00:00,2017-12-22 01:00:00,2017-12-22 21:00:00,2017-12-22 22:00:00,2018-01-05 01:00:00,1,confirmed,2.8268600056514326,True,True,upper_first,upper_first,upper_first,accepted
recovery,2017-12-21 00:00:00,2017-12-22 06:00:00,2017-12-22 21:00:00,2017-12-23 03:00:00,2018-01-05 06:00:00,6,confirmed,2.8268600056514326,True,True,lower_first,lower_first,lower_first,accepted
recovery,2018-01-10 00:00:00,2018-01-11 01:00:00,2018-01-11 15:00:00,2018-01-11 16:00:00,2018-01-25 01:00:00,1,confirmed,0.8630887540720442,True,False,lower_first,lower_first,no_entry,rejected
recovery,2018-01-10 00:00:00,2018-01-11 06:00:00,2018-01-11 15:00:00,2018-01-11 21:00:00,2018-01-25 06:00:00,6,confirmed,0.8630887540720442,True,False,lower_first,lower_first,no_entry,rejected
recovery,2018-01-25 00:00:00,2018-01-26 01:00:00,2018-01-26 16:00:00,2018-01-26 17:00:00,2018-02-09 01:00:00,1,confirmed,1.6685285070301463,True,True,censored,censored,censored,accepted
recovery,2018-01-25 00:00:00,2018-01-26 06:00:00,2018-01-26 16:00:00,2018-01-26 22:00:00,2018-02-09 06:00:00,6,confirmed,1.6685285070301463,True,True,censored,censored,censored,accepted
recovery,2018-02-22 00:00:00,2018-02-23 01:00:00,2018-02-23 10:00:00,2018-02-23 11:00:00,2018-03-09 01:00:00,1,confirmed,0.518706783760939,True,False,lower_first,lower_first,no_entry,rejected
recovery,2018-02-22 00:00:00,2018-02-23 06:00:00,2018-02-23 10:00:00,2018-02-23 16:00:00,2018-03-09 06:00:00,6,confirmed,0.518706783760939,True,False,lower_first,lower_first,no_entry,rejected
recovery,2018-03-14 00:00:00,2018-03-15 01:00:00,2018-03-15 14:00:00,2018-03-15 15:00:00,2018-03-29 01:00:00,1,confirmed,1.0286674518329852,True,True,lower_first,lower_first,lower_first,accepted
recovery,2018-03-14 00:00:00,2018-03-15 06:00:00,2018-03-15 14:00:00,2018-03-15 20:00:00,2018-03-29 06:00:00,6,confirmed,1.0286674518329852,True,True,lower_first,lower_first,lower_first,accepted
recovery,2018-05-11 00:00:00,2018-05-12 01:00:00,2018-05-12 10:00:00,2018-05-12 11:00:00,2018-05-26 01:00:00,1,confirmed,,True,False,lower_first,lower_first,unknown,unknown
recovery,2018-05-11 00:00:00,2018-05-12 06:00:00,2018-05-12 10:00:00,2018-05-12 16:00:00,2018-05-26 06:00:00,6,confirmed,,True,False,upper_first,upper_first,unknown,unknown
recovery,2018-06-10 00:00:00,2018-06-11 01:00:00,2018-06-12 00:00:00,2018-06-12 01:00:00,2018-06-25 01:00:00,1,confirmed,2.1442742575214337,True,True,lower_first,lower_first,lower_first,accepted
recovery,2018-06-10 00:00:00,2018-06-11 06:00:00,2018-06-12 00:00:00,2018-06-12 06:00:00,2018-06-25 06:00:00,6,confirmed,2.1442742575214337,True,True,lower_first,lower_first,lower_first,accepted
recovery,2018-08-04 00:00:00,2018-08-05 01:00:00,2018-08-05 21:00:00,2018-08-05 22:00:00,2018-08-19 01:00:00,1,confirmed,1.033554880294542,True,True,censored,censored,censored,accepted
recovery,2018-08-04 00:00:00,2018-08-05 06:00:00,2018-08-05 21:00:00,2018-08-06 03:00:00,2018-08-19 06:00:00,6,confirmed,1.033554880294542,True,True,censored,censored,censored,accepted
recovery,2018-09-07 00:00:00,2018-09-08 01:00:00,2018-09-08 09:00:00,2018-09-08 10:00:00,2018-09-22 01:00:00,1,confirmed,0.29066964731024286,True,False,lower_first,lower_first,no_entry,rejected
recovery,2018-09-07 00:00:00,2018-09-08 06:00:00,2018-09-08 09:00:00,2018-09-08 15:00:00,2018-09-22 06:00:00,6,confirmed,0.29066964731024286,True,False,lower_first,lower_first,no_entry,rejected
recovery,2018-11-14 00:00:00,2018-11-15 01:00:00,,,2018-11-29 01:00:00,1,no_entry,,False,False,no_entry,no_entry,no_entry,not_needed
recovery,2018-11-14 00:00:00,2018-11-15 06:00:00,,,2018-11-29 06:00:00,6,no_entry,,False,False,no_entry,no_entry,no_entry,not_needed
recovery,2018-12-06 00:00:00,2018-12-07 01:00:00,,,2018-12-21 01:00:00,1,no_entry,,False,False,no_entry,no_entry,no_entry,not_needed
recovery,2018-12-06 00:00:00,2018-12-07 06:00:00,,,2018-12-21 06:00:00,6,no_entry,,False,False,no_entry,no_entry,no_entry,not_needed
recovery,2019-01-11 00:00:00,2019-01-12 01:00:00,2019-01-12 21:00:00,2019-01-12 22:00:00,2019-01-26 01:00:00,1,confirmed,0.4886519341900405,True,False,lower_first,lower_first,no_entry,rejected
recovery,2019-01-11 00:00:00,2019-01-12 06:00:00,2019-01-12 21:00:00,2019-01-13 03:00:00,2019-01-26 06:00:00,6,confirmed,0.4886519341900405,True,False,lower_first,lower_first,no_entry,rejected
recovery,2019-07-01 00:00:00,2019-07-02 01:00:00,2019-07-02 15:00:00,2019-07-02 16:00:00,2019-07-16 01:00:00,1,confirmed,2.422464843904883,True,True,upper_first,upper_first,upper_first,accepted
recovery,2019-07-01 00:00:00,2019-07-02 06:00:00,2019-07-02 15:00:00,2019-07-02 21:00:00,2019-07-16 06:00:00,6,confirmed,2.422464843904883,True,True,upper_first,upper_first,upper_first,accepted
recovery,2019-08-14 00:00:00,2019-08-15 01:00:00,2019-08-15 11:00:00,2019-08-15 12:00:00,2019-08-29 01:00:00,1,confirmed,2.6964613305429874,True,True,lower_first,lower_first,lower_first,accepted
recovery,2019-08-14 00:00:00,2019-08-15 06:00:00,2019-08-15 11:00:00,2019-08-15 17:00:00,2019-08-29 06:00:00,6,confirmed,2.6964613305429874,True,True,lower_first,lower_first,lower_first,accepted
recovery,2019-09-24 00:00:00,2019-09-25 01:00:00,2019-09-25 21:00:00,2019-09-25 22:00:00,2019-10-09 01:00:00,1,confirmed,1.8969353705113527,True,True,lower_first,lower_first,lower_first,accepted
recovery,2019-09-24 00:00:00,2019-09-25 06:00:00,2019-09-25 21:00:00,2019-09-26 03:00:00,2019-10-09 06:00:00,6,confirmed,1.8969353705113527,True,True,lower_first,lower_first,lower_first,accepted
recovery,2019-11-21 00:00:00,2019-11-22 01:00:00,2019-11-22 19:00:00,2019-11-22 20:00:00,2019-12-06 01:00:00,1,confirmed,3.8504653235808513,True,True,lower_first,lower_first,lower_first,accepted
recovery,2019-11-21 00:00:00,2019-11-22 06:00:00,2019-11-22 19:00:00,2019-11-23 01:00:00,2019-12-06 06:00:00,6,confirmed,3.8504653235808513,True,True,lower_first,lower_first,lower_first,accepted
recovery,2020-02-28 00:00:00,2020-02-29 01:00:00,2020-03-01 12:00:00,2020-03-01 13:00:00,2020-03-14 01:00:00,1,confirmed,0.4022900935515253,True,False,upper_first,upper_first,no_entry,rejected
recovery,2020-02-28 00:00:00,2020-02-29 06:00:00,2020-03-01 12:00:00,2020-03-01 18:00:00,2020-03-14 06:00:00,6,confirmed,0.4022900935515253,True,False,upper_first,upper_first,no_entry,rejected
recovery,2020-03-29 00:00:00,2020-03-30 01:00:00,2020-03-30 12:00:00,2020-03-30 13:00:00,2020-04-13 01:00:00,1,confirmed,1.1486744505618651,True,True,upper_first,upper_first,upper_first,accepted
recovery,2020-03-29 00:00:00,2020-03-30 06:00:00,2020-03-30 12:00:00,2020-03-30 18:00:00,2020-04-13 06:00:00,6,confirmed,1.1486744505618651,True,True,lower_first,lower_first,lower_first,accepted
recovery,2020-05-12 00:00:00,2020-05-13 01:00:00,2020-05-13 12:00:00,2020-05-13 13:00:00,2020-05-27 01:00:00,1,confirmed,0.579202873346429,True,False,upper_first,upper_first,no_entry,rejected
recovery,2020-05-12 00:00:00,2020-05-13 06:00:00,2020-05-13 12:00:00,2020-05-13 18:00:00,2020-05-27 06:00:00,6,confirmed,0.579202873346429,True,False,upper_first,upper_first,no_entry,rejected
recovery,2020-09-03 00:00:00,2020-09-04 01:00:00,2020-09-04 19:00:00,2020-09-04 20:00:00,2020-09-18 01:00:00,1,confirmed,1.4729524597579733,True,True,censored,censored,censored,accepted
recovery,2020-09-03 00:00:00,2020-09-04 06:00:00,2020-09-04 19:00:00,2020-09-05 01:00:00,2020-09-18 06:00:00,6,confirmed,1.4729524597579733,True,True,lower_first,lower_first,lower_first,accepted
recovery,2021-01-12 00:00:00,2021-01-13 01:00:00,2021-01-13 08:00:00,2021-01-13 09:00:00,2021-01-27 01:00:00,1,confirmed,0.6520125945798996,True,False,upper_first,upper_first,no_entry,rejected
recovery,2021-01-12 00:00:00,2021-01-13 06:00:00,2021-01-13 08:00:00,2021-01-13 14:00:00,2021-01-27 06:00:00,6,confirmed,0.6520125945798996,True,False,upper_first,upper_first,no_entry,rejected
recovery,2021-02-24 00:00:00,2021-02-25 01:00:00,2021-02-25 13:00:00,2021-02-25 14:00:00,2021-03-11 01:00:00,1,confirmed,0.5039431304674175,True,False,lower_first,lower_first,no_entry,rejected
recovery,2021-02-24 00:00:00,2021-02-25 06:00:00,2021-02-25 13:00:00,2021-02-25 19:00:00,2021-03-11 06:00:00,6,confirmed,0.5039431304674175,True,False,lower_first,lower_first,no_entry,rejected
recovery,2021-03-25 00:00:00,2021-03-26 01:00:00,2021-03-26 08:00:00,2021-03-26 09:00:00,2021-04-09 01:00:00,1,confirmed,0.8610729932414632,True,False,upper_first,upper_first,no_entry,rejected
recovery,2021-03-25 00:00:00,2021-03-26 06:00:00,2021-03-26 08:00:00,2021-03-26 14:00:00,2021-04-09 06:00:00,6,confirmed,0.8610729932414632,True,False,upper_first,upper_first,no_entry,rejected
recovery,2021-04-18 00:00:00,2021-04-19 01:00:00,2021-04-20 11:00:00,2021-04-20 12:00:00,2021-05-03 01:00:00,1,confirmed,0.6373267049256175,True,False,lower_first,lower_first,no_entry,rejected
recovery,2021-04-18 00:00:00,2021-04-19 06:00:00,2021-04-20 11:00:00,2021-04-20 17:00:00,2021-05-03 06:00:00,6,confirmed,0.6373267049256175,True,False,lower_first,lower_first,no_entry,rejected
recovery,2021-05-12 00:00:00,2021-05-13 01:00:00,2021-05-14 01:00:00,2021-05-14 02:00:00,2021-05-27 01:00:00,1,confirmed,1.2501841327140695,True,True,lower_first,lower_first,lower_first,accepted
recovery,2021-05-12 00:00:00,2021-05-13 06:00:00,2021-05-14 01:00:00,2021-05-14 07:00:00,2021-05-27 06:00:00,6,confirmed,1.2501841327140695,True,True,upper_first,upper_first,upper_first,accepted
recovery,2021-05-29 00:00:00,2021-05-30 01:00:00,2021-05-30 07:00:00,2021-05-30 08:00:00,2021-06-13 01:00:00,1,confirmed,0.6864925098064956,True,False,lower_first,lower_first,no_entry,rejected
recovery,2021-05-29 00:00:00,2021-05-30 06:00:00,2021-05-30 07:00:00,2021-05-30 13:00:00,2021-06-13 06:00:00,6,confirmed,0.6864925098064956,True,False,lower_first,lower_first,no_entry,rejected
recovery,2021-06-19 00:00:00,2021-06-20 01:00:00,2021-06-20 19:00:00,2021-06-20 20:00:00,2021-07-04 01:00:00,1,confirmed,0.92610339689228,True,False,lower_first,lower_first,no_entry,rejected
recovery,2021-06-19 00:00:00,2021-06-20 06:00:00,2021-06-20 19:00:00,2021-06-21 01:00:00,2021-07-04 06:00:00,6,confirmed,0.92610339689228,True,False,lower_first,lower_first,no_entry,rejected
recovery,2021-09-10 00:00:00,2021-09-11 01:00:00,2021-09-11 11:00:00,2021-09-11 12:00:00,2021-09-25 01:00:00,1,confirmed,0.3270722058697902,True,False,lower_first,lower_first,no_entry,rejected
recovery,2021-09-10 00:00:00,2021-09-11 06:00:00,2021-09-11 11:00:00,2021-09-11 17:00:00,2021-09-25 06:00:00,6,confirmed,0.3270722058697902,True,False,lower_first,lower_first,no_entry,rejected
recovery,2021-11-18 00:00:00,2021-11-19 01:00:00,2021-11-19 09:00:00,2021-11-19 10:00:00,2021-12-03 01:00:00,1,confirmed,0.6107789481524553,True,False,upper_first,upper_first,no_entry,rejected
recovery,2021-11-18 00:00:00,2021-11-19 06:00:00,2021-11-19 09:00:00,2021-11-19 15:00:00,2021-12-03 06:00:00,6,confirmed,0.6107789481524553,True,False,lower_first,lower_first,no_entry,rejected
recovery,2021-12-04 00:00:00,2021-12-05 01:00:00,2021-12-06 00:00:00,2021-12-06 01:00:00,2021-12-19 01:00:00,1,confirmed,1.272149815311692,True,True,lower_first,lower_first,lower_first,accepted
recovery,2021-12-04 00:00:00,2021-12-05 06:00:00,2021-12-06 00:00:00,2021-12-06 06:00:00,2021-12-19 06:00:00,6,confirmed,1.272149815311692,True,True,lower_first,lower_first,lower_first,accepted
recovery,2022-01-07 00:00:00,2022-01-08 01:00:00,2022-01-09 20:00:00,2022-01-09 21:00:00,2022-01-22 01:00:00,1,confirmed,1.4311346298350276,True,True,lower_first,lower_first,lower_first,accepted
recovery,2022-01-07 00:00:00,2022-01-08 06:00:00,2022-01-09 20:00:00,2022-01-10 02:00:00,2022-01-22 06:00:00,6,confirmed,1.4311346298350276,True,True,lower_first,lower_first,lower_first,accepted
recovery,2022-02-20 00:00:00,2022-02-21 01:00:00,2022-02-22 11:00:00,2022-02-22 12:00:00,2022-03-07 01:00:00,1,confirmed,1.4727071650357908,True,True,lower_first,lower_first,lower_first,accepted
recovery,2022-02-20 00:00:00,2022-02-21 06:00:00,2022-02-22 11:00:00,2022-02-22 17:00:00,2022-03-07 06:00:00,6,confirmed,1.4727071650357908,True,True,lower_first,lower_first,lower_first,accepted
recovery,2022-05-09 00:00:00,2022-05-10 01:00:00,2022-05-11 03:00:00,2022-05-11 04:00:00,2022-05-24 01:00:00,1,confirmed,0.7479891953175122,True,False,lower_first,lower_first,no_entry,rejected
recovery,2022-05-09 00:00:00,2022-05-10 06:00:00,2022-05-11 03:00:00,2022-05-11 09:00:00,2022-05-24 06:00:00,6,confirmed,0.7479891953175122,True,False,lower_first,lower_first,no_entry,rejected
recovery,2022-06-12 00:00:00,2022-06-13 01:00:00,2022-06-14 16:00:00,2022-06-14 17:00:00,2022-06-27 01:00:00,1,confirmed,1.4667407464229825,True,True,lower_first,lower_first,lower_first,accepted
recovery,2022-06-12 00:00:00,2022-06-13 06:00:00,2022-06-14 16:00:00,2022-06-14 22:00:00,2022-06-27 06:00:00,6,confirmed,1.4667407464229825,True,True,lower_first,lower_first,lower_first,accepted
recovery,2022-07-12 00:00:00,2022-07-13 01:00:00,2022-07-13 08:00:00,2022-07-13 09:00:00,2022-07-27 01:00:00,1,confirmed,1.1398563626766123,True,True,lower_first,lower_first,lower_first,accepted
recovery,2022-07-12 00:00:00,2022-07-13 06:00:00,2022-07-13 08:00:00,2022-07-13 14:00:00,2022-07-27 06:00:00,6,confirmed,1.1398563626766123,True,True,upper_first,upper_first,upper_first,accepted
recovery,2022-08-19 00:00:00,2022-08-20 01:00:00,2022-08-20 07:00:00,2022-08-20 08:00:00,2022-09-03 01:00:00,1,confirmed,1.0260530911609167,True,True,lower_first,lower_first,lower_first,accepted
recovery,2022-08-19 00:00:00,2022-08-20 06:00:00,2022-08-20 07:00:00,2022-08-20 13:00:00,2022-09-03 06:00:00,6,confirmed,1.0260530911609167,True,True,lower_first,lower_first,lower_first,accepted
recovery,2022-09-17 00:00:00,2022-09-18 01:00:00,2022-09-19 13:00:00,2022-09-19 14:00:00,2022-10-02 01:00:00,1,confirmed,1.4376692746649227,True,True,lower_first,lower_first,lower_first,accepted
recovery,2022-09-17 00:00:00,2022-09-18 06:00:00,2022-09-19 13:00:00,2022-09-19 19:00:00,2022-10-02 06:00:00,6,confirmed,1.4376692746649227,True,True,lower_first,lower_first,lower_first,accepted
recovery,2022-11-09 00:00:00,2022-11-10 01:00:00,2022-11-10 21:00:00,2022-11-10 22:00:00,2022-11-24 01:00:00,1,confirmed,0.6504292534588946,True,False,lower_first,lower_first,no_entry,rejected
recovery,2022-11-09 00:00:00,2022-11-10 06:00:00,2022-11-10 21:00:00,2022-11-11 03:00:00,2022-11-24 06:00:00,6,confirmed,0.6504292534588946,True,False,lower_first,lower_first,no_entry,rejected
recovery,2023-04-21 00:00:00,2023-04-22 01:00:00,2023-04-22 15:00:00,2023-04-22 16:00:00,2023-05-06 01:00:00,1,confirmed,0.47027894630177824,True,False,upper_first,upper_first,no_entry,rejected
recovery,2023-04-21 00:00:00,2023-04-22 06:00:00,2023-04-22 15:00:00,2023-04-22 21:00:00,2023-05-06 06:00:00,6,confirmed,0.47027894630177824,True,False,upper_first,upper_first,no_entry,rejected
recovery,2023-08-18 00:00:00,2023-08-19 01:00:00,2023-08-19 16:00:00,2023-08-19 17:00:00,2023-09-02 01:00:00,1,confirmed,0.7702661928151904,True,False,lower_first,lower_first,no_entry,rejected
recovery,2023-08-18 00:00:00,2023-08-19 06:00:00,2023-08-19 16:00:00,2023-08-19 22:00:00,2023-09-02 06:00:00,6,confirmed,0.7702661928151904,True,False,neither,neither,no_entry,rejected
recovery,2024-03-19 00:00:00,2024-03-20 01:00:00,2024-03-20 12:00:00,2024-03-20 13:00:00,2024-04-03 01:00:00,1,confirmed,0.6243033483906149,True,False,lower_first,lower_first,no_entry,rejected
recovery,2024-03-19 00:00:00,2024-03-20 06:00:00,2024-03-20 12:00:00,2024-03-20 18:00:00,2024-04-03 06:00:00,6,confirmed,0.6243033483906149,True,False,upper_first,upper_first,no_entry,rejected
recovery,2024-04-13 00:00:00,2024-04-14 01:00:00,2024-04-14 07:00:00,2024-04-14 08:00:00,2024-04-28 01:00:00,1,confirmed,1.7702921847227209,True,True,lower_first,lower_first,lower_first,accepted
recovery,2024-04-13 00:00:00,2024-04-14 06:00:00,2024-04-14 07:00:00,2024-04-14 13:00:00,2024-04-28 06:00:00,6,confirmed,1.7702921847227209,True,True,lower_first,lower_first,lower_first,accepted
recovery,2024-08-02 00:00:00,2024-08-03 01:00:00,2024-08-04 03:00:00,2024-08-04 04:00:00,2024-08-17 01:00:00,1,confirmed,0.3383056580206473,True,False,lower_first,lower_first,no_entry,rejected
recovery,2024-08-02 00:00:00,2024-08-03 06:00:00,2024-08-04 03:00:00,2024-08-04 09:00:00,2024-08-17 06:00:00,6,confirmed,0.3383056580206473,True,False,lower_first,lower_first,no_entry,rejected
recovery,2024-12-22 00:00:00,2024-12-23 01:00:00,2024-12-24 14:00:00,2024-12-24 15:00:00,2025-01-06 01:00:00,1,confirmed,1.217968567454069,True,True,lower_first,lower_first,lower_first,accepted
recovery,2024-12-22 00:00:00,2024-12-23 06:00:00,2024-12-24 14:00:00,2024-12-24 20:00:00,2025-01-06 06:00:00,6,confirmed,1.217968567454069,True,True,lower_first,lower_first,lower_first,accepted
recovery,2025-02-26 00:00:00,2025-02-27 01:00:00,2025-02-27 07:00:00,2025-02-27 08:00:00,2025-03-13 01:00:00,1,confirmed,0.5803726419477077,True,False,lower_first,lower_first,no_entry,rejected
recovery,2025-02-26 00:00:00,2025-02-27 06:00:00,2025-02-27 07:00:00,2025-02-27 13:00:00,2025-03-13 06:00:00,6,confirmed,0.5803726419477077,True,False,lower_first,lower_first,no_entry,rejected
recovery,2025-10-11 00:00:00,2025-10-12 01:00:00,2025-10-12 15:00:00,2025-10-12 16:00:00,2025-10-26 01:00:00,1,confirmed,1.3087206185159865,True,True,lower_first,lower_first,lower_first,accepted
recovery,2025-10-11 00:00:00,2025-10-12 06:00:00,2025-10-12 15:00:00,2025-10-12 21:00:00,2025-10-26 06:00:00,6,confirmed,1.3087206185159865,True,True,lower_first,lower_first,lower_first,accepted
recovery,2026-01-31 00:00:00,2026-02-01 01:00:00,2026-02-02 10:00:00,2026-02-02 11:00:00,2026-02-15 01:00:00,1,confirmed,0.9884783652070486,True,False,lower_first,lower_first,no_entry,rejected
recovery,2026-01-31 00:00:00,2026-02-01 06:00:00,2026-02-02 10:00:00,2026-02-02 16:00:00,2026-02-15 06:00:00,6,confirmed,0.9884783652070486,True,False,lower_first,lower_first,no_entry,rejected
recovery,2026-06-03 00:00:00,2026-06-04 01:00:00,,,2026-06-18 01:00:00,1,no_entry,,False,False,no_entry,no_entry,no_entry,not_needed
recovery,2026-06-03 00:00:00,2026-06-04 06:00:00,,,2026-06-18 06:00:00,6,no_entry,,False,False,no_entry,no_entry,no_entry,not_needed
