proposal_configuration_id,execution_block,configuration_group,role,detector,detector_definition,decision_clock,direction,reference_or_confirmation_policy,head,model,model_definition,quantile,completed_context_construction,configuration_reference_ids_json,primary_object,metric,denominator,activation_deadline_subsequent_native_bars,activation_origin_rule,post_trigger_deadline_RTH_sessions,post_trigger_origin_rule,first_passage_ruler,landmark_weight_rule,parameters_json,proposal_status,source_ancestry_qualified,remaining_pre_outcome_closure,authority_scope,source_report,source_sections,source_section_K_sha256
TOI-W3-PROPOSAL-CFG-0001,W3-A,EVENT_PROFILE,PRICE_PARENT,D0,"Prior-bar Donchian high/low length20, current bar excluded; first completed close beyond previously fixed boundary; exact reset law pending",W,UP,P0,EVENT_PROFILE,NONE,No fitted forecast competitor in this construction,,W,[],Favorable first passage before adverse by original fixed T; D1/D2 also preserve underlying nondirectional formation tape for joint discovery contrast,Binary favorable-event fraction; full favorable/adverse/unresolved distribution; D1/D2 discovery uses either-direction activation fraction by fixed activation deadline,"Path: all raw directional triggers, including unresolved; do not select confirmation survivors",10,FIRST_CAUSALLY_RECOGNIZED_FORMING_ONSET; TEN_SUBSEQUENT_COMPLETED_NATIVE_BARS; ORIGIN_EXCLUDED,21,ORIGINAL_FIRST_FEASIBLE_P0_REFERENCE; SAME_ORIGINAL_DEADLINE_ACROSS_POLICIES_CLOCKS_AND_LANDMARKS,+1 frozen trigger ATR before -1 frozen trigger ATR; unresolved retained; ATR recipe requires source binding; adverse first passage is NOT structural fakeout,"OBSERVED_PREFIX_ONLY: predeclared elapsed-age landmarks; fixed weight for each eligible occurrence at a landmark, or separately frozen equal-snapshot normalization using only eligible cases already known at that snapshot; NEVER divide by eventual surviving landmark count; preserve proper at-risk exposure; current forecasts use remaining time to fixed origin deadline","{""exclude_current_bar"":true,""length"":20,""reset_law"":""BIND_BEFORE_OUTCOMES""}",PROPOSED_NOT_REGISTERED_HOLD,"Qualified program ancestry only: S16 esx_sq_phase0 has 12 historical declared trials and report/run evidence, not 12 newly reconstructed itemized rows; S16 v1.0 accruing/unshipped does not confer new clock/direction/model/consumer authority. Def4 is a separate DRAFT 10-trial/46-cell reservation with zero canonical ledger rows at Macro 5fc7af4a1aa2510966a7b566f97e5b894f2632f8. This proposal does not claim all-time search=12+218.","BEFORE_OUTCOMES: incumbent owner review and approval; qualified corpus/cutoff/source/session/basis/rights/PIT/known-time contracts for each clock; exact occurrence and reset law; S16 phenotype reconciliation; ATR/scale and label/fill/ambiguity binding; matching/support and draw/seed rules; exact M0/M1 estimator/features/regularization/calibration binding where applicable; prefix-known landmark schedule/weights; consumer margins, costs, precision/power and sufficiency gates; exact temporal folds and untouched-evidence proof; one inferential procedure; independent acceptance; resource estimate/budget; existing-ledger registration only through a separately approved admitted carrier","OFFLINE_RESEARCH_PROPOSAL_ONLY; no canonical trial ID, registration, admission, dispatch, outcome execution, production, rank, gate, size or promotion authority",TOI_Recovery_Masterplan_2026-10-03.md,K1-K9,0426631f0a2e3c7243530a2ad859c5e36857768c43d0649ab17210d1c2246be8
TOI-W3-PROPOSAL-CFG-0002,W3-A,EVENT_PROFILE,PRICE_PARENT,D0,"Prior-bar Donchian high/low length20, current bar excluded; first completed close beyond previously fixed boundary; exact reset law pending",W,DOWN,P0,EVENT_PROFILE,NONE,No fitted forecast competitor in this construction,,W,[],Favorable first passage before adverse by original fixed T; D1/D2 also preserve underlying nondirectional formation tape for joint discovery contrast,Binary favorable-event fraction; full favorable/adverse/unresolved distribution; D1/D2 discovery uses either-direction activation fraction by fixed activation deadline,"Path: all raw directional triggers, including unresolved; do not select confirmation survivors",10,FIRST_CAUSALLY_RECOGNIZED_FORMING_ONSET; TEN_SUBSEQUENT_COMPLETED_NATIVE_BARS; ORIGIN_EXCLUDED,21,ORIGINAL_FIRST_FEASIBLE_P0_REFERENCE; SAME_ORIGINAL_DEADLINE_ACROSS_POLICIES_CLOCKS_AND_LANDMARKS,+1 frozen trigger ATR before -1 frozen trigger ATR; unresolved retained; ATR recipe requires source binding; adverse first passage is NOT structural fakeout,"OBSERVED_PREFIX_ONLY: predeclared elapsed-age landmarks; fixed weight for each eligible occurrence at a landmark, or separately frozen equal-snapshot normalization using only eligible cases already known at that snapshot; NEVER divide by eventual surviving landmark count; preserve proper at-risk exposure; current forecasts use remaining time to fixed origin deadline","{""exclude_current_bar"":true,""length"":20,""reset_law"":""BIND_BEFORE_OUTCOMES""}",PROPOSED_NOT_REGISTERED_HOLD,"Qualified program ancestry only: S16 esx_sq_phase0 has 12 historical declared trials and report/run evidence, not 12 newly reconstructed itemized rows; S16 v1.0 accruing/unshipped does not confer new clock/direction/model/consumer authority. Def4 is a separate DRAFT 10-trial/46-cell reservation with zero canonical ledger rows at Macro 5fc7af4a1aa2510966a7b566f97e5b894f2632f8. This proposal does not claim all-time search=12+218.","BEFORE_OUTCOMES: incumbent owner review and approval; qualified corpus/cutoff/source/session/basis/rights/PIT/known-time contracts for each clock; exact occurrence and reset law; S16 phenotype reconciliation; ATR/scale and label/fill/ambiguity binding; matching/support and draw/seed rules; exact M0/M1 estimator/features/regularization/calibration binding where applicable; prefix-known landmark schedule/weights; consumer margins, costs, precision/power and sufficiency gates; exact temporal folds and untouched-evidence proof; one inferential procedure; independent acceptance; resource estimate/budget; existing-ledger registration only through a separately approved admitted carrier","OFFLINE_RESEARCH_PROPOSAL_ONLY; no canonical trial ID, registration, admission, dispatch, outcome execution, production, rank, gate, size or promotion authority",TOI_Recovery_Masterplan_2026-10-03.md,K1-K9,0426631f0a2e3c7243530a2ad859c5e36857768c43d0649ab17210d1c2246be8
TOI-W3-PROPOSAL-CFG-0003,W3-A,EVENT_PROFILE,PRICE_PARENT,D0,"Prior-bar Donchian high/low length20, current bar excluded; first completed close beyond previously fixed boundary; exact reset law pending",D,UP,P0,EVENT_PROFILE,NONE,No fitted forecast competitor in this construction,,D,[],Favorable first passage before adverse by original fixed T; D1/D2 also preserve underlying nondirectional formation tape for joint discovery contrast,Binary favorable-event fraction; full favorable/adverse/unresolved distribution; D1/D2 discovery uses either-direction activation fraction by fixed activation deadline,"Path: all raw directional triggers, including unresolved; do not select confirmation survivors",10,FIRST_CAUSALLY_RECOGNIZED_FORMING_ONSET; TEN_SUBSEQUENT_COMPLETED_NATIVE_BARS; ORIGIN_EXCLUDED,21,ORIGINAL_FIRST_FEASIBLE_P0_REFERENCE; SAME_ORIGINAL_DEADLINE_ACROSS_POLICIES_CLOCKS_AND_LANDMARKS,+1 frozen trigger ATR before -1 frozen trigger ATR; unresolved retained; ATR recipe requires source binding; adverse first passage is NOT structural fakeout,"OBSERVED_PREFIX_ONLY: predeclared elapsed-age landmarks; fixed weight for each eligible occurrence at a landmark, or separately frozen equal-snapshot normalization using only eligible cases already known at that snapshot; NEVER divide by eventual surviving landmark count; preserve proper at-risk exposure; current forecasts use remaining time to fixed origin deadline","{""exclude_current_bar"":true,""length"":20,""reset_law"":""BIND_BEFORE_OUTCOMES""}",PROPOSED_NOT_REGISTERED_HOLD,"Qualified program ancestry only: S16 esx_sq_phase0 has 12 historical declared trials and report/run evidence, not 12 newly reconstructed itemized rows; S16 v1.0 accruing/unshipped does not confer new clock/direction/model/consumer authority. Def4 is a separate DRAFT 10-trial/46-cell reservation with zero canonical ledger rows at Macro 5fc7af4a1aa2510966a7b566f97e5b894f2632f8. This proposal does not claim all-time search=12+218.","BEFORE_OUTCOMES: incumbent owner review and approval; qualified corpus/cutoff/source/session/basis/rights/PIT/known-time contracts for each clock; exact occurrence and reset law; S16 phenotype reconciliation; ATR/scale and label/fill/ambiguity binding; matching/support and draw/seed rules; exact M0/M1 estimator/features/regularization/calibration binding where applicable; prefix-known landmark schedule/weights; consumer margins, costs, precision/power and sufficiency gates; exact temporal folds and untouched-evidence proof; one inferential procedure; independent acceptance; resource estimate/budget; existing-ledger registration only through a separately approved admitted carrier","OFFLINE_RESEARCH_PROPOSAL_ONLY; no canonical trial ID, registration, admission, dispatch, outcome execution, production, rank, gate, size or promotion authority",TOI_Recovery_Masterplan_2026-10-03.md,K1-K9,0426631f0a2e3c7243530a2ad859c5e36857768c43d0649ab17210d1c2246be8
TOI-W3-PROPOSAL-CFG-0004,W3-A,EVENT_PROFILE,PRICE_PARENT,D0,"Prior-bar Donchian high/low length20, current bar excluded; first completed close beyond previously fixed boundary; exact reset law pending",D,DOWN,P0,EVENT_PROFILE,NONE,No fitted forecast competitor in this construction,,D,[],Favorable first passage before adverse by original fixed T; D1/D2 also preserve underlying nondirectional formation tape for joint discovery contrast,Binary favorable-event fraction; full favorable/adverse/unresolved distribution; D1/D2 discovery uses either-direction activation fraction by fixed activation deadline,"Path: all raw directional triggers, including unresolved; do not select confirmation survivors",10,FIRST_CAUSALLY_RECOGNIZED_FORMING_ONSET; TEN_SUBSEQUENT_COMPLETED_NATIVE_BARS; ORIGIN_EXCLUDED,21,ORIGINAL_FIRST_FEASIBLE_P0_REFERENCE; SAME_ORIGINAL_DEADLINE_ACROSS_POLICIES_CLOCKS_AND_LANDMARKS,+1 frozen trigger ATR before -1 frozen trigger ATR; unresolved retained; ATR recipe requires source binding; adverse first passage is NOT structural fakeout,"OBSERVED_PREFIX_ONLY: predeclared elapsed-age landmarks; fixed weight for each eligible occurrence at a landmark, or separately frozen equal-snapshot normalization using only eligible cases already known at that snapshot; NEVER divide by eventual surviving landmark count; preserve proper at-risk exposure; current forecasts use remaining time to fixed origin deadline","{""exclude_current_bar"":true,""length"":20,""reset_law"":""BIND_BEFORE_OUTCOMES""}",PROPOSED_NOT_REGISTERED_HOLD,"Qualified program ancestry only: S16 esx_sq_phase0 has 12 historical declared trials and report/run evidence, not 12 newly reconstructed itemized rows; S16 v1.0 accruing/unshipped does not confer new clock/direction/model/consumer authority. Def4 is a separate DRAFT 10-trial/46-cell reservation with zero canonical ledger rows at Macro 5fc7af4a1aa2510966a7b566f97e5b894f2632f8. This proposal does not claim all-time search=12+218.","BEFORE_OUTCOMES: incumbent owner review and approval; qualified corpus/cutoff/source/session/basis/rights/PIT/known-time contracts for each clock; exact occurrence and reset law; S16 phenotype reconciliation; ATR/scale and label/fill/ambiguity binding; matching/support and draw/seed rules; exact M0/M1 estimator/features/regularization/calibration binding where applicable; prefix-known landmark schedule/weights; consumer margins, costs, precision/power and sufficiency gates; exact temporal folds and untouched-evidence proof; one inferential procedure; independent acceptance; resource estimate/budget; existing-ledger registration only through a separately approved admitted carrier","OFFLINE_RESEARCH_PROPOSAL_ONLY; no canonical trial ID, registration, admission, dispatch, outcome execution, production, rank, gate, size or promotion authority",TOI_Recovery_Masterplan_2026-10-03.md,K1-K9,0426631f0a2e3c7243530a2ad859c5e36857768c43d0649ab17210d1c2246be8
TOI-W3-PROPOSAL-CFG-0005,W3-A,EVENT_PROFILE,PRICE_PARENT,D0,"Prior-bar Donchian high/low length20, current bar excluded; first completed close beyond previously fixed boundary; exact reset law pending",4H-CLOCK,UP,P0,EVENT_PROFILE,NONE,No fitted forecast competitor in this construction,,4H-CLOCK,[],Favorable first passage before adverse by original fixed T; D1/D2 also preserve underlying nondirectional formation tape for joint discovery contrast,Binary favorable-event fraction; full favorable/adverse/unresolved distribution; D1/D2 discovery uses either-direction activation fraction by fixed activation deadline,"Path: all raw directional triggers, including unresolved; do not select confirmation survivors",10,FIRST_CAUSALLY_RECOGNIZED_FORMING_ONSET; TEN_SUBSEQUENT_COMPLETED_NATIVE_BARS; ORIGIN_EXCLUDED,21,ORIGINAL_FIRST_FEASIBLE_P0_REFERENCE; SAME_ORIGINAL_DEADLINE_ACROSS_POLICIES_CLOCKS_AND_LANDMARKS,+1 frozen trigger ATR before -1 frozen trigger ATR; unresolved retained; ATR recipe requires source binding; adverse first passage is NOT structural fakeout,"OBSERVED_PREFIX_ONLY: predeclared elapsed-age landmarks; fixed weight for each eligible occurrence at a landmark, or separately frozen equal-snapshot normalization using only eligible cases already known at that snapshot; NEVER divide by eventual surviving landmark count; preserve proper at-risk exposure; current forecasts use remaining time to fixed origin deadline","{""exclude_current_bar"":true,""length"":20,""reset_law"":""BIND_BEFORE_OUTCOMES""}",PROPOSED_NOT_REGISTERED_HOLD,"Qualified program ancestry only: S16 esx_sq_phase0 has 12 historical declared trials and report/run evidence, not 12 newly reconstructed itemized rows; S16 v1.0 accruing/unshipped does not confer new clock/direction/model/consumer authority. Def4 is a separate DRAFT 10-trial/46-cell reservation with zero canonical ledger rows at Macro 5fc7af4a1aa2510966a7b566f97e5b894f2632f8. This proposal does not claim all-time search=12+218.","BEFORE_OUTCOMES: incumbent owner review and approval; qualified corpus/cutoff/source/session/basis/rights/PIT/known-time contracts for each clock; exact occurrence and reset law; S16 phenotype reconciliation; ATR/scale and label/fill/ambiguity binding; matching/support and draw/seed rules; exact M0/M1 estimator/features/regularization/calibration binding where applicable; prefix-known landmark schedule/weights; consumer margins, costs, precision/power and sufficiency gates; exact temporal folds and untouched-evidence proof; one inferential procedure; independent acceptance; resource estimate/budget; existing-ledger registration only through a separately approved admitted carrier","OFFLINE_RESEARCH_PROPOSAL_ONLY; no canonical trial ID, registration, admission, dispatch, outcome execution, production, rank, gate, size or promotion authority",TOI_Recovery_Masterplan_2026-10-03.md,K1-K9,0426631f0a2e3c7243530a2ad859c5e36857768c43d0649ab17210d1c2246be8
TOI-W3-PROPOSAL-CFG-0006,W3-A,EVENT_PROFILE,PRICE_PARENT,D0,"Prior-bar Donchian high/low length20, current bar excluded; first completed close beyond previously fixed boundary; exact reset law pending",4H-CLOCK,DOWN,P0,EVENT_PROFILE,NONE,No fitted forecast competitor in this construction,,4H-CLOCK,[],Favorable first passage before adverse by original fixed T; D1/D2 also preserve underlying nondirectional formation tape for joint discovery contrast,Binary favorable-event fraction; full favorable/adverse/unresolved distribution; D1/D2 discovery uses either-direction activation fraction by fixed activation deadline,"Path: all raw directional triggers, including unresolved; do not select confirmation survivors",10,FIRST_CAUSALLY_RECOGNIZED_FORMING_ONSET; TEN_SUBSEQUENT_COMPLETED_NATIVE_BARS; ORIGIN_EXCLUDED,21,ORIGINAL_FIRST_FEASIBLE_P0_REFERENCE; SAME_ORIGINAL_DEADLINE_ACROSS_POLICIES_CLOCKS_AND_LANDMARKS,+1 frozen trigger ATR before -1 frozen trigger ATR; unresolved retained; ATR recipe requires source binding; adverse first passage is NOT structural fakeout,"OBSERVED_PREFIX_ONLY: predeclared elapsed-age landmarks; fixed weight for each eligible occurrence at a landmark, or separately frozen equal-snapshot normalization using only eligible cases already known at that snapshot; NEVER divide by eventual surviving landmark count; preserve proper at-risk exposure; current forecasts use remaining time to fixed origin deadline","{""exclude_current_bar"":true,""length"":20,""reset_law"":""BIND_BEFORE_OUTCOMES""}",PROPOSED_NOT_REGISTERED_HOLD,"Qualified program ancestry only: S16 esx_sq_phase0 has 12 historical declared trials and report/run evidence, not 12 newly reconstructed itemized rows; S16 v1.0 accruing/unshipped does not confer new clock/direction/model/consumer authority. Def4 is a separate DRAFT 10-trial/46-cell reservation with zero canonical ledger rows at Macro 5fc7af4a1aa2510966a7b566f97e5b894f2632f8. This proposal does not claim all-time search=12+218.","BEFORE_OUTCOMES: incumbent owner review and approval; qualified corpus/cutoff/source/session/basis/rights/PIT/known-time contracts for each clock; exact occurrence and reset law; S16 phenotype reconciliation; ATR/scale and label/fill/ambiguity binding; matching/support and draw/seed rules; exact M0/M1 estimator/features/regularization/calibration binding where applicable; prefix-known landmark schedule/weights; consumer margins, costs, precision/power and sufficiency gates; exact temporal folds and untouched-evidence proof; one inferential procedure; independent acceptance; resource estimate/budget; existing-ledger registration only through a separately approved admitted carrier","OFFLINE_RESEARCH_PROPOSAL_ONLY; no canonical trial ID, registration, admission, dispatch, outcome execution, production, rank, gate, size or promotion authority",TOI_Recovery_Masterplan_2026-10-03.md,K1-K9,0426631f0a2e3c7243530a2ad859c5e36857768c43d0649ab17210d1c2246be8
TOI-W3-PROPOSAL-CFG-0007,W3-A,EVENT_PROFILE,PRICE_PARENT,D0,"Prior-bar Donchian high/low length20, current bar excluded; first completed close beyond previously fixed boundary; exact reset law pending",195M-RTH,UP,P0,EVENT_PROFILE,NONE,No fitted forecast competitor in this construction,,195M-RTH,[],Favorable first passage before adverse by original fixed T; D1/D2 also preserve underlying nondirectional formation tape for joint discovery contrast,Binary favorable-event fraction; full favorable/adverse/unresolved distribution; D1/D2 discovery uses either-direction activation fraction by fixed activation deadline,"Path: all raw directional triggers, including unresolved; do not select confirmation survivors",10,FIRST_CAUSALLY_RECOGNIZED_FORMING_ONSET; TEN_SUBSEQUENT_COMPLETED_NATIVE_BARS; ORIGIN_EXCLUDED,21,ORIGINAL_FIRST_FEASIBLE_P0_REFERENCE; SAME_ORIGINAL_DEADLINE_ACROSS_POLICIES_CLOCKS_AND_LANDMARKS,+1 frozen trigger ATR before -1 frozen trigger ATR; unresolved retained; ATR recipe requires source binding; adverse first passage is NOT structural fakeout,"OBSERVED_PREFIX_ONLY: predeclared elapsed-age landmarks; fixed weight for each eligible occurrence at a landmark, or separately frozen equal-snapshot normalization using only eligible cases already known at that snapshot; NEVER divide by eventual surviving landmark count; preserve proper at-risk exposure; current forecasts use remaining time to fixed origin deadline","{""exclude_current_bar"":true,""length"":20,""reset_law"":""BIND_BEFORE_OUTCOMES""}",PROPOSED_NOT_REGISTERED_HOLD,"Qualified program ancestry only: S16 esx_sq_phase0 has 12 historical declared trials and report/run evidence, not 12 newly reconstructed itemized rows; S16 v1.0 accruing/unshipped does not confer new clock/direction/model/consumer authority. Def4 is a separate DRAFT 10-trial/46-cell reservation with zero canonical ledger rows at Macro 5fc7af4a1aa2510966a7b566f97e5b894f2632f8. This proposal does not claim all-time search=12+218.","BEFORE_OUTCOMES: incumbent owner review and approval; qualified corpus/cutoff/source/session/basis/rights/PIT/known-time contracts for each clock; exact occurrence and reset law; S16 phenotype reconciliation; ATR/scale and label/fill/ambiguity binding; matching/support and draw/seed rules; exact M0/M1 estimator/features/regularization/calibration binding where applicable; prefix-known landmark schedule/weights; consumer margins, costs, precision/power and sufficiency gates; exact temporal folds and untouched-evidence proof; one inferential procedure; independent acceptance; resource estimate/budget; existing-ledger registration only through a separately approved admitted carrier","OFFLINE_RESEARCH_PROPOSAL_ONLY; no canonical trial ID, registration, admission, dispatch, outcome execution, production, rank, gate, size or promotion authority",TOI_Recovery_Masterplan_2026-10-03.md,K1-K9,0426631f0a2e3c7243530a2ad859c5e36857768c43d0649ab17210d1c2246be8
TOI-W3-PROPOSAL-CFG-0008,W3-A,EVENT_PROFILE,PRICE_PARENT,D0,"Prior-bar Donchian high/low length20, current bar excluded; first completed close beyond previously fixed boundary; exact reset law pending",195M-RTH,DOWN,P0,EVENT_PROFILE,NONE,No fitted forecast competitor in this construction,,195M-RTH,[],Favorable first passage before adverse by original fixed T; D1/D2 also preserve underlying nondirectional formation tape for joint discovery contrast,Binary favorable-event fraction; full favorable/adverse/unresolved distribution; D1/D2 discovery uses either-direction activation fraction by fixed activation deadline,"Path: all raw directional triggers, including unresolved; do not select confirmation survivors",10,FIRST_CAUSALLY_RECOGNIZED_FORMING_ONSET; TEN_SUBSEQUENT_COMPLETED_NATIVE_BARS; ORIGIN_EXCLUDED,21,ORIGINAL_FIRST_FEASIBLE_P0_REFERENCE; SAME_ORIGINAL_DEADLINE_ACROSS_POLICIES_CLOCKS_AND_LANDMARKS,+1 frozen trigger ATR before -1 frozen trigger ATR; unresolved retained; ATR recipe requires source binding; adverse first passage is NOT structural fakeout,"OBSERVED_PREFIX_ONLY: predeclared elapsed-age landmarks; fixed weight for each eligible occurrence at a landmark, or separately frozen equal-snapshot normalization using only eligible cases already known at that snapshot; NEVER divide by eventual surviving landmark count; preserve proper at-risk exposure; current forecasts use remaining time to fixed origin deadline","{""exclude_current_bar"":true,""length"":20,""reset_law"":""BIND_BEFORE_OUTCOMES""}",PROPOSED_NOT_REGISTERED_HOLD,"Qualified program ancestry only: S16 esx_sq_phase0 has 12 historical declared trials and report/run evidence, not 12 newly reconstructed itemized rows; S16 v1.0 accruing/unshipped does not confer new clock/direction/model/consumer authority. Def4 is a separate DRAFT 10-trial/46-cell reservation with zero canonical ledger rows at Macro 5fc7af4a1aa2510966a7b566f97e5b894f2632f8. This proposal does not claim all-time search=12+218.","BEFORE_OUTCOMES: incumbent owner review and approval; qualified corpus/cutoff/source/session/basis/rights/PIT/known-time contracts for each clock; exact occurrence and reset law; S16 phenotype reconciliation; ATR/scale and label/fill/ambiguity binding; matching/support and draw/seed rules; exact M0/M1 estimator/features/regularization/calibration binding where applicable; prefix-known landmark schedule/weights; consumer margins, costs, precision/power and sufficiency gates; exact temporal folds and untouched-evidence proof; one inferential procedure; independent acceptance; resource estimate/budget; existing-ledger registration only through a separately approved admitted carrier","OFFLINE_RESEARCH_PROPOSAL_ONLY; no canonical trial ID, registration, admission, dispatch, outcome execution, production, rank, gate, size or promotion authority",TOI_Recovery_Masterplan_2026-10-03.md,K1-K9,0426631f0a2e3c7243530a2ad859c5e36857768c43d0649ab17210d1c2246be8
TOI-W3-PROPOSAL-CFG-0009,W3-A,EVENT_PROFILE,COMPRESSION_REPRESENTATIVE,D1,Source-bound vol_squeeze.assess_series percentile25/minimum compression5/release window3/original range and TTM dependencies; historical price-release population retained; volume attribute separate; phenotype reconciliation pending,W,UP,P0,EVENT_PROFILE,NONE,No fitted forecast competitor in this construction,,W,[],Favorable first passage before adverse by original fixed T; D1/D2 also preserve underlying nondirectional formation tape for joint discovery contrast,Binary favorable-event fraction; full favorable/adverse/unresolved distribution; D1/D2 discovery uses either-direction activation fraction by fixed activation deadline,"Path: all raw directional triggers, including unresolved; do not select confirmation survivors; discovery: underlying full causally recognized FORMING cohort, including never-armed/never-triggered/invalidated cases, deduplicated across direction references",10,FIRST_CAUSALLY_RECOGNIZED_FORMING_ONSET; TEN_SUBSEQUENT_COMPLETED_NATIVE_BARS; ORIGIN_EXCLUDED,21,ORIGINAL_FIRST_FEASIBLE_P0_REFERENCE; SAME_ORIGINAL_DEADLINE_ACROSS_POLICIES_CLOCKS_AND_LANDMARKS,+1 frozen trigger ATR before -1 frozen trigger ATR; unresolved retained; ATR recipe requires source binding; adverse first passage is NOT structural fakeout,"OBSERVED_PREFIX_ONLY: predeclared elapsed-age landmarks; fixed weight for each eligible occurrence at a landmark, or separately frozen equal-snapshot normalization using only eligible cases already known at that snapshot; NEVER divide by eventual surviving landmark count; preserve proper at-risk exposure; current forecasts use remaining time to fixed origin deadline","{""minimum_compression"":5,""original_range_TTM_dependencies"":""SOURCE_BOUND"",""percentile"":25,""phenotype"":""PRICE_RELEASE_VOLUME_ATTRIBUTE_SEPARATE_RECONCILIATION_PENDING"",""release_window"":3}",PROPOSED_NOT_REGISTERED_HOLD,"Qualified program ancestry only: S16 esx_sq_phase0 has 12 historical declared trials and report/run evidence, not 12 newly reconstructed itemized rows; S16 v1.0 accruing/unshipped does not confer new clock/direction/model/consumer authority. Def4 is a separate DRAFT 10-trial/46-cell reservation with zero canonical ledger rows at Macro 5fc7af4a1aa2510966a7b566f97e5b894f2632f8. This proposal does not claim all-time search=12+218.","BEFORE_OUTCOMES: incumbent owner review and approval; qualified corpus/cutoff/source/session/basis/rights/PIT/known-time contracts for each clock; exact occurrence and reset law; S16 phenotype reconciliation; ATR/scale and label/fill/ambiguity binding; matching/support and draw/seed rules; exact M0/M1 estimator/features/regularization/calibration binding where applicable; prefix-known landmark schedule/weights; consumer margins, costs, precision/power and sufficiency gates; exact temporal folds and untouched-evidence proof; one inferential procedure; independent acceptance; resource estimate/budget; existing-ledger registration only through a separately approved admitted carrier","OFFLINE_RESEARCH_PROPOSAL_ONLY; no canonical trial ID, registration, admission, dispatch, outcome execution, production, rank, gate, size or promotion authority",TOI_Recovery_Masterplan_2026-10-03.md,K1-K9,0426631f0a2e3c7243530a2ad859c5e36857768c43d0649ab17210d1c2246be8
TOI-W3-PROPOSAL-CFG-0010,W3-A,EVENT_PROFILE,COMPRESSION_REPRESENTATIVE,D1,Source-bound vol_squeeze.assess_series percentile25/minimum compression5/release window3/original range and TTM dependencies; historical price-release population retained; volume attribute separate; phenotype reconciliation pending,W,DOWN,P0,EVENT_PROFILE,NONE,No fitted forecast competitor in this construction,,W,[],Favorable first passage before adverse by original fixed T; D1/D2 also preserve underlying nondirectional formation tape for joint discovery contrast,Binary favorable-event fraction; full favorable/adverse/unresolved distribution; D1/D2 discovery uses either-direction activation fraction by fixed activation deadline,"Path: all raw directional triggers, including unresolved; do not select confirmation survivors; discovery: underlying full causally recognized FORMING cohort, including never-armed/never-triggered/invalidated cases, deduplicated across direction references",10,FIRST_CAUSALLY_RECOGNIZED_FORMING_ONSET; TEN_SUBSEQUENT_COMPLETED_NATIVE_BARS; ORIGIN_EXCLUDED,21,ORIGINAL_FIRST_FEASIBLE_P0_REFERENCE; SAME_ORIGINAL_DEADLINE_ACROSS_POLICIES_CLOCKS_AND_LANDMARKS,+1 frozen trigger ATR before -1 frozen trigger ATR; unresolved retained; ATR recipe requires source binding; adverse first passage is NOT structural fakeout,"OBSERVED_PREFIX_ONLY: predeclared elapsed-age landmarks; fixed weight for each eligible occurrence at a landmark, or separately frozen equal-snapshot normalization using only eligible cases already known at that snapshot; NEVER divide by eventual surviving landmark count; preserve proper at-risk exposure; current forecasts use remaining time to fixed origin deadline","{""minimum_compression"":5,""original_range_TTM_dependencies"":""SOURCE_BOUND"",""percentile"":25,""phenotype"":""PRICE_RELEASE_VOLUME_ATTRIBUTE_SEPARATE_RECONCILIATION_PENDING"",""release_window"":3}",PROPOSED_NOT_REGISTERED_HOLD,"Qualified program ancestry only: S16 esx_sq_phase0 has 12 historical declared trials and report/run evidence, not 12 newly reconstructed itemized rows; S16 v1.0 accruing/unshipped does not confer new clock/direction/model/consumer authority. Def4 is a separate DRAFT 10-trial/46-cell reservation with zero canonical ledger rows at Macro 5fc7af4a1aa2510966a7b566f97e5b894f2632f8. This proposal does not claim all-time search=12+218.","BEFORE_OUTCOMES: incumbent owner review and approval; qualified corpus/cutoff/source/session/basis/rights/PIT/known-time contracts for each clock; exact occurrence and reset law; S16 phenotype reconciliation; ATR/scale and label/fill/ambiguity binding; matching/support and draw/seed rules; exact M0/M1 estimator/features/regularization/calibration binding where applicable; prefix-known landmark schedule/weights; consumer margins, costs, precision/power and sufficiency gates; exact temporal folds and untouched-evidence proof; one inferential procedure; independent acceptance; resource estimate/budget; existing-ledger registration only through a separately approved admitted carrier","OFFLINE_RESEARCH_PROPOSAL_ONLY; no canonical trial ID, registration, admission, dispatch, outcome execution, production, rank, gate, size or promotion authority",TOI_Recovery_Masterplan_2026-10-03.md,K1-K9,0426631f0a2e3c7243530a2ad859c5e36857768c43d0649ab17210d1c2246be8
TOI-W3-PROPOSAL-CFG-0011,W3-A,EVENT_PROFILE,COMPRESSION_REPRESENTATIVE,D1,Source-bound vol_squeeze.assess_series percentile25/minimum compression5/release window3/original range and TTM dependencies; historical price-release population retained; volume attribute separate; phenotype reconciliation pending,D,UP,P0,EVENT_PROFILE,NONE,No fitted forecast competitor in this construction,,D,[],Favorable first passage before adverse by original fixed T; D1/D2 also preserve underlying nondirectional formation tape for joint discovery contrast,Binary favorable-event fraction; full favorable/adverse/unresolved distribution; D1/D2 discovery uses either-direction activation fraction by fixed activation deadline,"Path: all raw directional triggers, including unresolved; do not select confirmation survivors; discovery: underlying full causally recognized FORMING cohort, including never-armed/never-triggered/invalidated cases, deduplicated across direction references",10,FIRST_CAUSALLY_RECOGNIZED_FORMING_ONSET; TEN_SUBSEQUENT_COMPLETED_NATIVE_BARS; ORIGIN_EXCLUDED,21,ORIGINAL_FIRST_FEASIBLE_P0_REFERENCE; SAME_ORIGINAL_DEADLINE_ACROSS_POLICIES_CLOCKS_AND_LANDMARKS,+1 frozen trigger ATR before -1 frozen trigger ATR; unresolved retained; ATR recipe requires source binding; adverse first passage is NOT structural fakeout,"OBSERVED_PREFIX_ONLY: predeclared elapsed-age landmarks; fixed weight for each eligible occurrence at a landmark, or separately frozen equal-snapshot normalization using only eligible cases already known at that snapshot; NEVER divide by eventual surviving landmark count; preserve proper at-risk exposure; current forecasts use remaining time to fixed origin deadline","{""minimum_compression"":5,""original_range_TTM_dependencies"":""SOURCE_BOUND"",""percentile"":25,""phenotype"":""PRICE_RELEASE_VOLUME_ATTRIBUTE_SEPARATE_RECONCILIATION_PENDING"",""release_window"":3}",PROPOSED_NOT_REGISTERED_HOLD,"Qualified program ancestry only: S16 esx_sq_phase0 has 12 historical declared trials and report/run evidence, not 12 newly reconstructed itemized rows; S16 v1.0 accruing/unshipped does not confer new clock/direction/model/consumer authority. Def4 is a separate DRAFT 10-trial/46-cell reservation with zero canonical ledger rows at Macro 5fc7af4a1aa2510966a7b566f97e5b894f2632f8. This proposal does not claim all-time search=12+218.","BEFORE_OUTCOMES: incumbent owner review and approval; qualified corpus/cutoff/source/session/basis/rights/PIT/known-time contracts for each clock; exact occurrence and reset law; S16 phenotype reconciliation; ATR/scale and label/fill/ambiguity binding; matching/support and draw/seed rules; exact M0/M1 estimator/features/regularization/calibration binding where applicable; prefix-known landmark schedule/weights; consumer margins, costs, precision/power and sufficiency gates; exact temporal folds and untouched-evidence proof; one inferential procedure; independent acceptance; resource estimate/budget; existing-ledger registration only through a separately approved admitted carrier","OFFLINE_RESEARCH_PROPOSAL_ONLY; no canonical trial ID, registration, admission, dispatch, outcome execution, production, rank, gate, size or promotion authority",TOI_Recovery_Masterplan_2026-10-03.md,K1-K9,0426631f0a2e3c7243530a2ad859c5e36857768c43d0649ab17210d1c2246be8
TOI-W3-PROPOSAL-CFG-0012,W3-A,EVENT_PROFILE,COMPRESSION_REPRESENTATIVE,D1,Source-bound vol_squeeze.assess_series percentile25/minimum compression5/release window3/original range and TTM dependencies; historical price-release population retained; volume attribute separate; phenotype reconciliation pending,D,DOWN,P0,EVENT_PROFILE,NONE,No fitted forecast competitor in this construction,,D,[],Favorable first passage before adverse by original fixed T; D1/D2 also preserve underlying nondirectional formation tape for joint discovery contrast,Binary favorable-event fraction; full favorable/adverse/unresolved distribution; D1/D2 discovery uses either-direction activation fraction by fixed activation deadline,"Path: all raw directional triggers, including unresolved; do not select confirmation survivors; discovery: underlying full causally recognized FORMING cohort, including never-armed/never-triggered/invalidated cases, deduplicated across direction references",10,FIRST_CAUSALLY_RECOGNIZED_FORMING_ONSET; TEN_SUBSEQUENT_COMPLETED_NATIVE_BARS; ORIGIN_EXCLUDED,21,ORIGINAL_FIRST_FEASIBLE_P0_REFERENCE; SAME_ORIGINAL_DEADLINE_ACROSS_POLICIES_CLOCKS_AND_LANDMARKS,+1 frozen trigger ATR before -1 frozen trigger ATR; unresolved retained; ATR recipe requires source binding; adverse first passage is NOT structural fakeout,"OBSERVED_PREFIX_ONLY: predeclared elapsed-age landmarks; fixed weight for each eligible occurrence at a landmark, or separately frozen equal-snapshot normalization using only eligible cases already known at that snapshot; NEVER divide by eventual surviving landmark count; preserve proper at-risk exposure; current forecasts use remaining time to fixed origin deadline","{""minimum_compression"":5,""original_range_TTM_dependencies"":""SOURCE_BOUND"",""percentile"":25,""phenotype"":""PRICE_RELEASE_VOLUME_ATTRIBUTE_SEPARATE_RECONCILIATION_PENDING"",""release_window"":3}",PROPOSED_NOT_REGISTERED_HOLD,"Qualified program ancestry only: S16 esx_sq_phase0 has 12 historical declared trials and report/run evidence, not 12 newly reconstructed itemized rows; S16 v1.0 accruing/unshipped does not confer new clock/direction/model/consumer authority. Def4 is a separate DRAFT 10-trial/46-cell reservation with zero canonical ledger rows at Macro 5fc7af4a1aa2510966a7b566f97e5b894f2632f8. This proposal does not claim all-time search=12+218.","BEFORE_OUTCOMES: incumbent owner review and approval; qualified corpus/cutoff/source/session/basis/rights/PIT/known-time contracts for each clock; exact occurrence and reset law; S16 phenotype reconciliation; ATR/scale and label/fill/ambiguity binding; matching/support and draw/seed rules; exact M0/M1 estimator/features/regularization/calibration binding where applicable; prefix-known landmark schedule/weights; consumer margins, costs, precision/power and sufficiency gates; exact temporal folds and untouched-evidence proof; one inferential procedure; independent acceptance; resource estimate/budget; existing-ledger registration only through a separately approved admitted carrier","OFFLINE_RESEARCH_PROPOSAL_ONLY; no canonical trial ID, registration, admission, dispatch, outcome execution, production, rank, gate, size or promotion authority",TOI_Recovery_Masterplan_2026-10-03.md,K1-K9,0426631f0a2e3c7243530a2ad859c5e36857768c43d0649ab17210d1c2246be8
TOI-W3-PROPOSAL-CFG-0013,W3-A,EVENT_PROFILE,COMPRESSION_REPRESENTATIVE,D1,Source-bound vol_squeeze.assess_series percentile25/minimum compression5/release window3/original range and TTM dependencies; historical price-release population retained; volume attribute separate; phenotype reconciliation pending,4H-CLOCK,UP,P0,EVENT_PROFILE,NONE,No fitted forecast competitor in this construction,,4H-CLOCK,[],Favorable first passage before adverse by original fixed T; D1/D2 also preserve underlying nondirectional formation tape for joint discovery contrast,Binary favorable-event fraction; full favorable/adverse/unresolved distribution; D1/D2 discovery uses either-direction activation fraction by fixed activation deadline,"Path: all raw directional triggers, including unresolved; do not select confirmation survivors; discovery: underlying full causally recognized FORMING cohort, including never-armed/never-triggered/invalidated cases, deduplicated across direction references",10,FIRST_CAUSALLY_RECOGNIZED_FORMING_ONSET; TEN_SUBSEQUENT_COMPLETED_NATIVE_BARS; ORIGIN_EXCLUDED,21,ORIGINAL_FIRST_FEASIBLE_P0_REFERENCE; SAME_ORIGINAL_DEADLINE_ACROSS_POLICIES_CLOCKS_AND_LANDMARKS,+1 frozen trigger ATR before -1 frozen trigger ATR; unresolved retained; ATR recipe requires source binding; adverse first passage is NOT structural fakeout,"OBSERVED_PREFIX_ONLY: predeclared elapsed-age landmarks; fixed weight for each eligible occurrence at a landmark, or separately frozen equal-snapshot normalization using only eligible cases already known at that snapshot; NEVER divide by eventual surviving landmark count; preserve proper at-risk exposure; current forecasts use remaining time to fixed origin deadline","{""minimum_compression"":5,""original_range_TTM_dependencies"":""SOURCE_BOUND"",""percentile"":25,""phenotype"":""PRICE_RELEASE_VOLUME_ATTRIBUTE_SEPARATE_RECONCILIATION_PENDING"",""release_window"":3}",PROPOSED_NOT_REGISTERED_HOLD,"Qualified program ancestry only: S16 esx_sq_phase0 has 12 historical declared trials and report/run evidence, not 12 newly reconstructed itemized rows; S16 v1.0 accruing/unshipped does not confer new clock/direction/model/consumer authority. Def4 is a separate DRAFT 10-trial/46-cell reservation with zero canonical ledger rows at Macro 5fc7af4a1aa2510966a7b566f97e5b894f2632f8. This proposal does not claim all-time search=12+218.","BEFORE_OUTCOMES: incumbent owner review and approval; qualified corpus/cutoff/source/session/basis/rights/PIT/known-time contracts for each clock; exact occurrence and reset law; S16 phenotype reconciliation; ATR/scale and label/fill/ambiguity binding; matching/support and draw/seed rules; exact M0/M1 estimator/features/regularization/calibration binding where applicable; prefix-known landmark schedule/weights; consumer margins, costs, precision/power and sufficiency gates; exact temporal folds and untouched-evidence proof; one inferential procedure; independent acceptance; resource estimate/budget; existing-ledger registration only through a separately approved admitted carrier","OFFLINE_RESEARCH_PROPOSAL_ONLY; no canonical trial ID, registration, admission, dispatch, outcome execution, production, rank, gate, size or promotion authority",TOI_Recovery_Masterplan_2026-10-03.md,K1-K9,0426631f0a2e3c7243530a2ad859c5e36857768c43d0649ab17210d1c2246be8
TOI-W3-PROPOSAL-CFG-0014,W3-A,EVENT_PROFILE,COMPRESSION_REPRESENTATIVE,D1,Source-bound vol_squeeze.assess_series percentile25/minimum compression5/release window3/original range and TTM dependencies; historical price-release population retained; volume attribute separate; phenotype reconciliation pending,4H-CLOCK,DOWN,P0,EVENT_PROFILE,NONE,No fitted forecast competitor in this construction,,4H-CLOCK,[],Favorable first passage before adverse by original fixed T; D1/D2 also preserve underlying nondirectional formation tape for joint discovery contrast,Binary favorable-event fraction; full favorable/adverse/unresolved distribution; D1/D2 discovery uses either-direction activation fraction by fixed activation deadline,"Path: all raw directional triggers, including unresolved; do not select confirmation survivors; discovery: underlying full causally recognized FORMING cohort, including never-armed/never-triggered/invalidated cases, deduplicated across direction references",10,FIRST_CAUSALLY_RECOGNIZED_FORMING_ONSET; TEN_SUBSEQUENT_COMPLETED_NATIVE_BARS; ORIGIN_EXCLUDED,21,ORIGINAL_FIRST_FEASIBLE_P0_REFERENCE; SAME_ORIGINAL_DEADLINE_ACROSS_POLICIES_CLOCKS_AND_LANDMARKS,+1 frozen trigger ATR before -1 frozen trigger ATR; unresolved retained; ATR recipe requires source binding; adverse first passage is NOT structural fakeout,"OBSERVED_PREFIX_ONLY: predeclared elapsed-age landmarks; fixed weight for each eligible occurrence at a landmark, or separately frozen equal-snapshot normalization using only eligible cases already known at that snapshot; NEVER divide by eventual surviving landmark count; preserve proper at-risk exposure; current forecasts use remaining time to fixed origin deadline","{""minimum_compression"":5,""original_range_TTM_dependencies"":""SOURCE_BOUND"",""percentile"":25,""phenotype"":""PRICE_RELEASE_VOLUME_ATTRIBUTE_SEPARATE_RECONCILIATION_PENDING"",""release_window"":3}",PROPOSED_NOT_REGISTERED_HOLD,"Qualified program ancestry only: S16 esx_sq_phase0 has 12 historical declared trials and report/run evidence, not 12 newly reconstructed itemized rows; S16 v1.0 accruing/unshipped does not confer new clock/direction/model/consumer authority. Def4 is a separate DRAFT 10-trial/46-cell reservation with zero canonical ledger rows at Macro 5fc7af4a1aa2510966a7b566f97e5b894f2632f8. This proposal does not claim all-time search=12+218.","BEFORE_OUTCOMES: incumbent owner review and approval; qualified corpus/cutoff/source/session/basis/rights/PIT/known-time contracts for each clock; exact occurrence and reset law; S16 phenotype reconciliation; ATR/scale and label/fill/ambiguity binding; matching/support and draw/seed rules; exact M0/M1 estimator/features/regularization/calibration binding where applicable; prefix-known landmark schedule/weights; consumer margins, costs, precision/power and sufficiency gates; exact temporal folds and untouched-evidence proof; one inferential procedure; independent acceptance; resource estimate/budget; existing-ledger registration only through a separately approved admitted carrier","OFFLINE_RESEARCH_PROPOSAL_ONLY; no canonical trial ID, registration, admission, dispatch, outcome execution, production, rank, gate, size or promotion authority",TOI_Recovery_Masterplan_2026-10-03.md,K1-K9,0426631f0a2e3c7243530a2ad859c5e36857768c43d0649ab17210d1c2246be8
TOI-W3-PROPOSAL-CFG-0015,W3-A,EVENT_PROFILE,COMPRESSION_REPRESENTATIVE,D1,Source-bound vol_squeeze.assess_series percentile25/minimum compression5/release window3/original range and TTM dependencies; historical price-release population retained; volume attribute separate; phenotype reconciliation pending,195M-RTH,UP,P0,EVENT_PROFILE,NONE,No fitted forecast competitor in this construction,,195M-RTH,[],Favorable first passage before adverse by original fixed T; D1/D2 also preserve underlying nondirectional formation tape for joint discovery contrast,Binary favorable-event fraction; full favorable/adverse/unresolved distribution; D1/D2 discovery uses either-direction activation fraction by fixed activation deadline,"Path: all raw directional triggers, including unresolved; do not select confirmation survivors; discovery: underlying full causally recognized FORMING cohort, including never-armed/never-triggered/invalidated cases, deduplicated across direction references",10,FIRST_CAUSALLY_RECOGNIZED_FORMING_ONSET; TEN_SUBSEQUENT_COMPLETED_NATIVE_BARS; ORIGIN_EXCLUDED,21,ORIGINAL_FIRST_FEASIBLE_P0_REFERENCE; SAME_ORIGINAL_DEADLINE_ACROSS_POLICIES_CLOCKS_AND_LANDMARKS,+1 frozen trigger ATR before -1 frozen trigger ATR; unresolved retained; ATR recipe requires source binding; adverse first passage is NOT structural fakeout,"OBSERVED_PREFIX_ONLY: predeclared elapsed-age landmarks; fixed weight for each eligible occurrence at a landmark, or separately frozen equal-snapshot normalization using only eligible cases already known at that snapshot; NEVER divide by eventual surviving landmark count; preserve proper at-risk exposure; current forecasts use remaining time to fixed origin deadline","{""minimum_compression"":5,""original_range_TTM_dependencies"":""SOURCE_BOUND"",""percentile"":25,""phenotype"":""PRICE_RELEASE_VOLUME_ATTRIBUTE_SEPARATE_RECONCILIATION_PENDING"",""release_window"":3}",PROPOSED_NOT_REGISTERED_HOLD,"Qualified program ancestry only: S16 esx_sq_phase0 has 12 historical declared trials and report/run evidence, not 12 newly reconstructed itemized rows; S16 v1.0 accruing/unshipped does not confer new clock/direction/model/consumer authority. Def4 is a separate DRAFT 10-trial/46-cell reservation with zero canonical ledger rows at Macro 5fc7af4a1aa2510966a7b566f97e5b894f2632f8. This proposal does not claim all-time search=12+218.","BEFORE_OUTCOMES: incumbent owner review and approval; qualified corpus/cutoff/source/session/basis/rights/PIT/known-time contracts for each clock; exact occurrence and reset law; S16 phenotype reconciliation; ATR/scale and label/fill/ambiguity binding; matching/support and draw/seed rules; exact M0/M1 estimator/features/regularization/calibration binding where applicable; prefix-known landmark schedule/weights; consumer margins, costs, precision/power and sufficiency gates; exact temporal folds and untouched-evidence proof; one inferential procedure; independent acceptance; resource estimate/budget; existing-ledger registration only through a separately approved admitted carrier","OFFLINE_RESEARCH_PROPOSAL_ONLY; no canonical trial ID, registration, admission, dispatch, outcome execution, production, rank, gate, size or promotion authority",TOI_Recovery_Masterplan_2026-10-03.md,K1-K9,0426631f0a2e3c7243530a2ad859c5e36857768c43d0649ab17210d1c2246be8
TOI-W3-PROPOSAL-CFG-0016,W3-A,EVENT_PROFILE,COMPRESSION_REPRESENTATIVE,D1,Source-bound vol_squeeze.assess_series percentile25/minimum compression5/release window3/original range and TTM dependencies; historical price-release population retained; volume attribute separate; phenotype reconciliation pending,195M-RTH,DOWN,P0,EVENT_PROFILE,NONE,No fitted forecast competitor in this construction,,195M-RTH,[],Favorable first passage before adverse by original fixed T; D1/D2 also preserve underlying nondirectional formation tape for joint discovery contrast,Binary favorable-event fraction; full favorable/adverse/unresolved distribution; D1/D2 discovery uses either-direction activation fraction by fixed activation deadline,"Path: all raw directional triggers, including unresolved; do not select confirmation survivors; discovery: underlying full causally recognized FORMING cohort, including never-armed/never-triggered/invalidated cases, deduplicated across direction references",10,FIRST_CAUSALLY_RECOGNIZED_FORMING_ONSET; TEN_SUBSEQUENT_COMPLETED_NATIVE_BARS; ORIGIN_EXCLUDED,21,ORIGINAL_FIRST_FEASIBLE_P0_REFERENCE; SAME_ORIGINAL_DEADLINE_ACROSS_POLICIES_CLOCKS_AND_LANDMARKS,+1 frozen trigger ATR before -1 frozen trigger ATR; unresolved retained; ATR recipe requires source binding; adverse first passage is NOT structural fakeout,"OBSERVED_PREFIX_ONLY: predeclared elapsed-age landmarks; fixed weight for each eligible occurrence at a landmark, or separately frozen equal-snapshot normalization using only eligible cases already known at that snapshot; NEVER divide by eventual surviving landmark count; preserve proper at-risk exposure; current forecasts use remaining time to fixed origin deadline","{""minimum_compression"":5,""original_range_TTM_dependencies"":""SOURCE_BOUND"",""percentile"":25,""phenotype"":""PRICE_RELEASE_VOLUME_ATTRIBUTE_SEPARATE_RECONCILIATION_PENDING"",""release_window"":3}",PROPOSED_NOT_REGISTERED_HOLD,"Qualified program ancestry only: S16 esx_sq_phase0 has 12 historical declared trials and report/run evidence, not 12 newly reconstructed itemized rows; S16 v1.0 accruing/unshipped does not confer new clock/direction/model/consumer authority. Def4 is a separate DRAFT 10-trial/46-cell reservation with zero canonical ledger rows at Macro 5fc7af4a1aa2510966a7b566f97e5b894f2632f8. This proposal does not claim all-time search=12+218.","BEFORE_OUTCOMES: incumbent owner review and approval; qualified corpus/cutoff/source/session/basis/rights/PIT/known-time contracts for each clock; exact occurrence and reset law; S16 phenotype reconciliation; ATR/scale and label/fill/ambiguity binding; matching/support and draw/seed rules; exact M0/M1 estimator/features/regularization/calibration binding where applicable; prefix-known landmark schedule/weights; consumer margins, costs, precision/power and sufficiency gates; exact temporal folds and untouched-evidence proof; one inferential procedure; independent acceptance; resource estimate/budget; existing-ledger registration only through a separately approved admitted carrier","OFFLINE_RESEARCH_PROPOSAL_ONLY; no canonical trial ID, registration, admission, dispatch, outcome execution, production, rank, gate, size or promotion authority",TOI_Recovery_Masterplan_2026-10-03.md,K1-K9,0426631f0a2e3c7243530a2ad859c5e36857768c43d0649ab17210d1c2246be8
TOI-W3-PROPOSAL-CFG-0017,W3-A,EVENT_PROFILE,COMPRESSION_REPRESENTATIVE,D2,Proposed thin BB/KC predicate adapter length20/BB multiplier2/KC multiplier1.5; use D1 range-construction/freeze/release/reset ALGORITHM substituting only compression predicate; not a claim current squeeze_fire implements this occurrence,W,UP,P0,EVENT_PROFILE,NONE,No fitted forecast competitor in this construction,,W,[],Favorable first passage before adverse by original fixed T; D1/D2 also preserve underlying nondirectional formation tape for joint discovery contrast,Binary favorable-event fraction; full favorable/adverse/unresolved distribution; D1/D2 discovery uses either-direction activation fraction by fixed activation deadline,"Path: all raw directional triggers, including unresolved; do not select confirmation survivors; discovery: underlying full causally recognized FORMING cohort, including never-armed/never-triggered/invalidated cases, deduplicated across direction references",10,FIRST_CAUSALLY_RECOGNIZED_FORMING_ONSET; TEN_SUBSEQUENT_COMPLETED_NATIVE_BARS; ORIGIN_EXCLUDED,21,ORIGINAL_FIRST_FEASIBLE_P0_REFERENCE; SAME_ORIGINAL_DEADLINE_ACROSS_POLICIES_CLOCKS_AND_LANDMARKS,+1 frozen trigger ATR before -1 frozen trigger ATR; unresolved retained; ATR recipe requires source binding; adverse first passage is NOT structural fakeout,"OBSERVED_PREFIX_ONLY: predeclared elapsed-age landmarks; fixed weight for each eligible occurrence at a landmark, or separately frozen equal-snapshot normalization using only eligible cases already known at that snapshot; NEVER divide by eventual surviving landmark count; preserve proper at-risk exposure; current forecasts use remaining time to fixed origin deadline","{""adapter"":""PROPOSED_NOT_CURRENT_IMPLEMENTATION"",""bb_multiplier"":2,""kc_multiplier"":1.5,""length"":20,""occurrence_algorithm"":""D1_ALGORITHM_SUBSTITUTE_COMPRESSION_PREDICATE_ONLY""}",PROPOSED_NOT_REGISTERED_HOLD,"Qualified program ancestry only: S16 esx_sq_phase0 has 12 historical declared trials and report/run evidence, not 12 newly reconstructed itemized rows; S16 v1.0 accruing/unshipped does not confer new clock/direction/model/consumer authority. Def4 is a separate DRAFT 10-trial/46-cell reservation with zero canonical ledger rows at Macro 5fc7af4a1aa2510966a7b566f97e5b894f2632f8. This proposal does not claim all-time search=12+218.","BEFORE_OUTCOMES: incumbent owner review and approval; qualified corpus/cutoff/source/session/basis/rights/PIT/known-time contracts for each clock; exact occurrence and reset law; S16 phenotype reconciliation; ATR/scale and label/fill/ambiguity binding; matching/support and draw/seed rules; exact M0/M1 estimator/features/regularization/calibration binding where applicable; prefix-known landmark schedule/weights; consumer margins, costs, precision/power and sufficiency gates; exact temporal folds and untouched-evidence proof; one inferential procedure; independent acceptance; resource estimate/budget; existing-ledger registration only through a separately approved admitted carrier","OFFLINE_RESEARCH_PROPOSAL_ONLY; no canonical trial ID, registration, admission, dispatch, outcome execution, production, rank, gate, size or promotion authority",TOI_Recovery_Masterplan_2026-10-03.md,K1-K9,0426631f0a2e3c7243530a2ad859c5e36857768c43d0649ab17210d1c2246be8
TOI-W3-PROPOSAL-CFG-0018,W3-A,EVENT_PROFILE,COMPRESSION_REPRESENTATIVE,D2,Proposed thin BB/KC predicate adapter length20/BB multiplier2/KC multiplier1.5; use D1 range-construction/freeze/release/reset ALGORITHM substituting only compression predicate; not a claim current squeeze_fire implements this occurrence,W,DOWN,P0,EVENT_PROFILE,NONE,No fitted forecast competitor in this construction,,W,[],Favorable first passage before adverse by original fixed T; D1/D2 also preserve underlying nondirectional formation tape for joint discovery contrast,Binary favorable-event fraction; full favorable/adverse/unresolved distribution; D1/D2 discovery uses either-direction activation fraction by fixed activation deadline,"Path: all raw directional triggers, including unresolved; do not select confirmation survivors; discovery: underlying full causally recognized FORMING cohort, including never-armed/never-triggered/invalidated cases, deduplicated across direction references",10,FIRST_CAUSALLY_RECOGNIZED_FORMING_ONSET; TEN_SUBSEQUENT_COMPLETED_NATIVE_BARS; ORIGIN_EXCLUDED,21,ORIGINAL_FIRST_FEASIBLE_P0_REFERENCE; SAME_ORIGINAL_DEADLINE_ACROSS_POLICIES_CLOCKS_AND_LANDMARKS,+1 frozen trigger ATR before -1 frozen trigger ATR; unresolved retained; ATR recipe requires source binding; adverse first passage is NOT structural fakeout,"OBSERVED_PREFIX_ONLY: predeclared elapsed-age landmarks; fixed weight for each eligible occurrence at a landmark, or separately frozen equal-snapshot normalization using only eligible cases already known at that snapshot; NEVER divide by eventual surviving landmark count; preserve proper at-risk exposure; current forecasts use remaining time to fixed origin deadline","{""adapter"":""PROPOSED_NOT_CURRENT_IMPLEMENTATION"",""bb_multiplier"":2,""kc_multiplier"":1.5,""length"":20,""occurrence_algorithm"":""D1_ALGORITHM_SUBSTITUTE_COMPRESSION_PREDICATE_ONLY""}",PROPOSED_NOT_REGISTERED_HOLD,"Qualified program ancestry only: S16 esx_sq_phase0 has 12 historical declared trials and report/run evidence, not 12 newly reconstructed itemized rows; S16 v1.0 accruing/unshipped does not confer new clock/direction/model/consumer authority. Def4 is a separate DRAFT 10-trial/46-cell reservation with zero canonical ledger rows at Macro 5fc7af4a1aa2510966a7b566f97e5b894f2632f8. This proposal does not claim all-time search=12+218.","BEFORE_OUTCOMES: incumbent owner review and approval; qualified corpus/cutoff/source/session/basis/rights/PIT/known-time contracts for each clock; exact occurrence and reset law; S16 phenotype reconciliation; ATR/scale and label/fill/ambiguity binding; matching/support and draw/seed rules; exact M0/M1 estimator/features/regularization/calibration binding where applicable; prefix-known landmark schedule/weights; consumer margins, costs, precision/power and sufficiency gates; exact temporal folds and untouched-evidence proof; one inferential procedure; independent acceptance; resource estimate/budget; existing-ledger registration only through a separately approved admitted carrier","OFFLINE_RESEARCH_PROPOSAL_ONLY; no canonical trial ID, registration, admission, dispatch, outcome execution, production, rank, gate, size or promotion authority",TOI_Recovery_Masterplan_2026-10-03.md,K1-K9,0426631f0a2e3c7243530a2ad859c5e36857768c43d0649ab17210d1c2246be8
TOI-W3-PROPOSAL-CFG-0019,W3-A,EVENT_PROFILE,COMPRESSION_REPRESENTATIVE,D2,Proposed thin BB/KC predicate adapter length20/BB multiplier2/KC multiplier1.5; use D1 range-construction/freeze/release/reset ALGORITHM substituting only compression predicate; not a claim current squeeze_fire implements this occurrence,D,UP,P0,EVENT_PROFILE,NONE,No fitted forecast competitor in this construction,,D,[],Favorable first passage before adverse by original fixed T; D1/D2 also preserve underlying nondirectional formation tape for joint discovery contrast,Binary favorable-event fraction; full favorable/adverse/unresolved distribution; D1/D2 discovery uses either-direction activation fraction by fixed activation deadline,"Path: all raw directional triggers, including unresolved; do not select confirmation survivors; discovery: underlying full causally recognized FORMING cohort, including never-armed/never-triggered/invalidated cases, deduplicated across direction references",10,FIRST_CAUSALLY_RECOGNIZED_FORMING_ONSET; TEN_SUBSEQUENT_COMPLETED_NATIVE_BARS; ORIGIN_EXCLUDED,21,ORIGINAL_FIRST_FEASIBLE_P0_REFERENCE; SAME_ORIGINAL_DEADLINE_ACROSS_POLICIES_CLOCKS_AND_LANDMARKS,+1 frozen trigger ATR before -1 frozen trigger ATR; unresolved retained; ATR recipe requires source binding; adverse first passage is NOT structural fakeout,"OBSERVED_PREFIX_ONLY: predeclared elapsed-age landmarks; fixed weight for each eligible occurrence at a landmark, or separately frozen equal-snapshot normalization using only eligible cases already known at that snapshot; NEVER divide by eventual surviving landmark count; preserve proper at-risk exposure; current forecasts use remaining time to fixed origin deadline","{""adapter"":""PROPOSED_NOT_CURRENT_IMPLEMENTATION"",""bb_multiplier"":2,""kc_multiplier"":1.5,""length"":20,""occurrence_algorithm"":""D1_ALGORITHM_SUBSTITUTE_COMPRESSION_PREDICATE_ONLY""}",PROPOSED_NOT_REGISTERED_HOLD,"Qualified program ancestry only: S16 esx_sq_phase0 has 12 historical declared trials and report/run evidence, not 12 newly reconstructed itemized rows; S16 v1.0 accruing/unshipped does not confer new clock/direction/model/consumer authority. Def4 is a separate DRAFT 10-trial/46-cell reservation with zero canonical ledger rows at Macro 5fc7af4a1aa2510966a7b566f97e5b894f2632f8. This proposal does not claim all-time search=12+218.","BEFORE_OUTCOMES: incumbent owner review and approval; qualified corpus/cutoff/source/session/basis/rights/PIT/known-time contracts for each clock; exact occurrence and reset law; S16 phenotype reconciliation; ATR/scale and label/fill/ambiguity binding; matching/support and draw/seed rules; exact M0/M1 estimator/features/regularization/calibration binding where applicable; prefix-known landmark schedule/weights; consumer margins, costs, precision/power and sufficiency gates; exact temporal folds and untouched-evidence proof; one inferential procedure; independent acceptance; resource estimate/budget; existing-ledger registration only through a separately approved admitted carrier","OFFLINE_RESEARCH_PROPOSAL_ONLY; no canonical trial ID, registration, admission, dispatch, outcome execution, production, rank, gate, size or promotion authority",TOI_Recovery_Masterplan_2026-10-03.md,K1-K9,0426631f0a2e3c7243530a2ad859c5e36857768c43d0649ab17210d1c2246be8
TOI-W3-PROPOSAL-CFG-0020,W3-A,EVENT_PROFILE,COMPRESSION_REPRESENTATIVE,D2,Proposed thin BB/KC predicate adapter length20/BB multiplier2/KC multiplier1.5; use D1 range-construction/freeze/release/reset ALGORITHM substituting only compression predicate; not a claim current squeeze_fire implements this occurrence,D,DOWN,P0,EVENT_PROFILE,NONE,No fitted forecast competitor in this construction,,D,[],Favorable first passage before adverse by original fixed T; D1/D2 also preserve underlying nondirectional formation tape for joint discovery contrast,Binary favorable-event fraction; full favorable/adverse/unresolved distribution; D1/D2 discovery uses either-direction activation fraction by fixed activation deadline,"Path: all raw directional triggers, including unresolved; do not select confirmation survivors; discovery: underlying full causally recognized FORMING cohort, including never-armed/never-triggered/invalidated cases, deduplicated across direction references",10,FIRST_CAUSALLY_RECOGNIZED_FORMING_ONSET; TEN_SUBSEQUENT_COMPLETED_NATIVE_BARS; ORIGIN_EXCLUDED,21,ORIGINAL_FIRST_FEASIBLE_P0_REFERENCE; SAME_ORIGINAL_DEADLINE_ACROSS_POLICIES_CLOCKS_AND_LANDMARKS,+1 frozen trigger ATR before -1 frozen trigger ATR; unresolved retained; ATR recipe requires source binding; adverse first passage is NOT structural fakeout,"OBSERVED_PREFIX_ONLY: predeclared elapsed-age landmarks; fixed weight for each eligible occurrence at a landmark, or separately frozen equal-snapshot normalization using only eligible cases already known at that snapshot; NEVER divide by eventual surviving landmark count; preserve proper at-risk exposure; current forecasts use remaining time to fixed origin deadline","{""adapter"":""PROPOSED_NOT_CURRENT_IMPLEMENTATION"",""bb_multiplier"":2,""kc_multiplier"":1.5,""length"":20,""occurrence_algorithm"":""D1_ALGORITHM_SUBSTITUTE_COMPRESSION_PREDICATE_ONLY""}",PROPOSED_NOT_REGISTERED_HOLD,"Qualified program ancestry only: S16 esx_sq_phase0 has 12 historical declared trials and report/run evidence, not 12 newly reconstructed itemized rows; S16 v1.0 accruing/unshipped does not confer new clock/direction/model/consumer authority. Def4 is a separate DRAFT 10-trial/46-cell reservation with zero canonical ledger rows at Macro 5fc7af4a1aa2510966a7b566f97e5b894f2632f8. This proposal does not claim all-time search=12+218.","BEFORE_OUTCOMES: incumbent owner review and approval; qualified corpus/cutoff/source/session/basis/rights/PIT/known-time contracts for each clock; exact occurrence and reset law; S16 phenotype reconciliation; ATR/scale and label/fill/ambiguity binding; matching/support and draw/seed rules; exact M0/M1 estimator/features/regularization/calibration binding where applicable; prefix-known landmark schedule/weights; consumer margins, costs, precision/power and sufficiency gates; exact temporal folds and untouched-evidence proof; one inferential procedure; independent acceptance; resource estimate/budget; existing-ledger registration only through a separately approved admitted carrier","OFFLINE_RESEARCH_PROPOSAL_ONLY; no canonical trial ID, registration, admission, dispatch, outcome execution, production, rank, gate, size or promotion authority",TOI_Recovery_Masterplan_2026-10-03.md,K1-K9,0426631f0a2e3c7243530a2ad859c5e36857768c43d0649ab17210d1c2246be8
TOI-W3-PROPOSAL-CFG-0021,W3-A,EVENT_PROFILE,COMPRESSION_REPRESENTATIVE,D2,Proposed thin BB/KC predicate adapter length20/BB multiplier2/KC multiplier1.5; use D1 range-construction/freeze/release/reset ALGORITHM substituting only compression predicate; not a claim current squeeze_fire implements this occurrence,4H-CLOCK,UP,P0,EVENT_PROFILE,NONE,No fitted forecast competitor in this construction,,4H-CLOCK,[],Favorable first passage before adverse by original fixed T; D1/D2 also preserve underlying nondirectional formation tape for joint discovery contrast,Binary favorable-event fraction; full favorable/adverse/unresolved distribution; D1/D2 discovery uses either-direction activation fraction by fixed activation deadline,"Path: all raw directional triggers, including unresolved; do not select confirmation survivors; discovery: underlying full causally recognized FORMING cohort, including never-armed/never-triggered/invalidated cases, deduplicated across direction references",10,FIRST_CAUSALLY_RECOGNIZED_FORMING_ONSET; TEN_SUBSEQUENT_COMPLETED_NATIVE_BARS; ORIGIN_EXCLUDED,21,ORIGINAL_FIRST_FEASIBLE_P0_REFERENCE; SAME_ORIGINAL_DEADLINE_ACROSS_POLICIES_CLOCKS_AND_LANDMARKS,+1 frozen trigger ATR before -1 frozen trigger ATR; unresolved retained; ATR recipe requires source binding; adverse first passage is NOT structural fakeout,"OBSERVED_PREFIX_ONLY: predeclared elapsed-age landmarks; fixed weight for each eligible occurrence at a landmark, or separately frozen equal-snapshot normalization using only eligible cases already known at that snapshot; NEVER divide by eventual surviving landmark count; preserve proper at-risk exposure; current forecasts use remaining time to fixed origin deadline","{""adapter"":""PROPOSED_NOT_CURRENT_IMPLEMENTATION"",""bb_multiplier"":2,""kc_multiplier"":1.5,""length"":20,""occurrence_algorithm"":""D1_ALGORITHM_SUBSTITUTE_COMPRESSION_PREDICATE_ONLY""}",PROPOSED_NOT_REGISTERED_HOLD,"Qualified program ancestry only: S16 esx_sq_phase0 has 12 historical declared trials and report/run evidence, not 12 newly reconstructed itemized rows; S16 v1.0 accruing/unshipped does not confer new clock/direction/model/consumer authority. Def4 is a separate DRAFT 10-trial/46-cell reservation with zero canonical ledger rows at Macro 5fc7af4a1aa2510966a7b566f97e5b894f2632f8. This proposal does not claim all-time search=12+218.","BEFORE_OUTCOMES: incumbent owner review and approval; qualified corpus/cutoff/source/session/basis/rights/PIT/known-time contracts for each clock; exact occurrence and reset law; S16 phenotype reconciliation; ATR/scale and label/fill/ambiguity binding; matching/support and draw/seed rules; exact M0/M1 estimator/features/regularization/calibration binding where applicable; prefix-known landmark schedule/weights; consumer margins, costs, precision/power and sufficiency gates; exact temporal folds and untouched-evidence proof; one inferential procedure; independent acceptance; resource estimate/budget; existing-ledger registration only through a separately approved admitted carrier","OFFLINE_RESEARCH_PROPOSAL_ONLY; no canonical trial ID, registration, admission, dispatch, outcome execution, production, rank, gate, size or promotion authority",TOI_Recovery_Masterplan_2026-10-03.md,K1-K9,0426631f0a2e3c7243530a2ad859c5e36857768c43d0649ab17210d1c2246be8
TOI-W3-PROPOSAL-CFG-0022,W3-A,EVENT_PROFILE,COMPRESSION_REPRESENTATIVE,D2,Proposed thin BB/KC predicate adapter length20/BB multiplier2/KC multiplier1.5; use D1 range-construction/freeze/release/reset ALGORITHM substituting only compression predicate; not a claim current squeeze_fire implements this occurrence,4H-CLOCK,DOWN,P0,EVENT_PROFILE,NONE,No fitted forecast competitor in this construction,,4H-CLOCK,[],Favorable first passage before adverse by original fixed T; D1/D2 also preserve underlying nondirectional formation tape for joint discovery contrast,Binary favorable-event fraction; full favorable/adverse/unresolved distribution; D1/D2 discovery uses either-direction activation fraction by fixed activation deadline,"Path: all raw directional triggers, including unresolved; do not select confirmation survivors; discovery: underlying full causally recognized FORMING cohort, including never-armed/never-triggered/invalidated cases, deduplicated across direction references",10,FIRST_CAUSALLY_RECOGNIZED_FORMING_ONSET; TEN_SUBSEQUENT_COMPLETED_NATIVE_BARS; ORIGIN_EXCLUDED,21,ORIGINAL_FIRST_FEASIBLE_P0_REFERENCE; SAME_ORIGINAL_DEADLINE_ACROSS_POLICIES_CLOCKS_AND_LANDMARKS,+1 frozen trigger ATR before -1 frozen trigger ATR; unresolved retained; ATR recipe requires source binding; adverse first passage is NOT structural fakeout,"OBSERVED_PREFIX_ONLY: predeclared elapsed-age landmarks; fixed weight for each eligible occurrence at a landmark, or separately frozen equal-snapshot normalization using only eligible cases already known at that snapshot; NEVER divide by eventual surviving landmark count; preserve proper at-risk exposure; current forecasts use remaining time to fixed origin deadline","{""adapter"":""PROPOSED_NOT_CURRENT_IMPLEMENTATION"",""bb_multiplier"":2,""kc_multiplier"":1.5,""length"":20,""occurrence_algorithm"":""D1_ALGORITHM_SUBSTITUTE_COMPRESSION_PREDICATE_ONLY""}",PROPOSED_NOT_REGISTERED_HOLD,"Qualified program ancestry only: S16 esx_sq_phase0 has 12 historical declared trials and report/run evidence, not 12 newly reconstructed itemized rows; S16 v1.0 accruing/unshipped does not confer new clock/direction/model/consumer authority. Def4 is a separate DRAFT 10-trial/46-cell reservation with zero canonical ledger rows at Macro 5fc7af4a1aa2510966a7b566f97e5b894f2632f8. This proposal does not claim all-time search=12+218.","BEFORE_OUTCOMES: incumbent owner review and approval; qualified corpus/cutoff/source/session/basis/rights/PIT/known-time contracts for each clock; exact occurrence and reset law; S16 phenotype reconciliation; ATR/scale and label/fill/ambiguity binding; matching/support and draw/seed rules; exact M0/M1 estimator/features/regularization/calibration binding where applicable; prefix-known landmark schedule/weights; consumer margins, costs, precision/power and sufficiency gates; exact temporal folds and untouched-evidence proof; one inferential procedure; independent acceptance; resource estimate/budget; existing-ledger registration only through a separately approved admitted carrier","OFFLINE_RESEARCH_PROPOSAL_ONLY; no canonical trial ID, registration, admission, dispatch, outcome execution, production, rank, gate, size or promotion authority",TOI_Recovery_Masterplan_2026-10-03.md,K1-K9,0426631f0a2e3c7243530a2ad859c5e36857768c43d0649ab17210d1c2246be8
TOI-W3-PROPOSAL-CFG-0023,W3-A,EVENT_PROFILE,COMPRESSION_REPRESENTATIVE,D2,Proposed thin BB/KC predicate adapter length20/BB multiplier2/KC multiplier1.5; use D1 range-construction/freeze/release/reset ALGORITHM substituting only compression predicate; not a claim current squeeze_fire implements this occurrence,195M-RTH,UP,P0,EVENT_PROFILE,NONE,No fitted forecast competitor in this construction,,195M-RTH,[],Favorable first passage before adverse by original fixed T; D1/D2 also preserve underlying nondirectional formation tape for joint discovery contrast,Binary favorable-event fraction; full favorable/adverse/unresolved distribution; D1/D2 discovery uses either-direction activation fraction by fixed activation deadline,"Path: all raw directional triggers, including unresolved; do not select confirmation survivors; discovery: underlying full causally recognized FORMING cohort, including never-armed/never-triggered/invalidated cases, deduplicated across direction references",10,FIRST_CAUSALLY_RECOGNIZED_FORMING_ONSET; TEN_SUBSEQUENT_COMPLETED_NATIVE_BARS; ORIGIN_EXCLUDED,21,ORIGINAL_FIRST_FEASIBLE_P0_REFERENCE; SAME_ORIGINAL_DEADLINE_ACROSS_POLICIES_CLOCKS_AND_LANDMARKS,+1 frozen trigger ATR before -1 frozen trigger ATR; unresolved retained; ATR recipe requires source binding; adverse first passage is NOT structural fakeout,"OBSERVED_PREFIX_ONLY: predeclared elapsed-age landmarks; fixed weight for each eligible occurrence at a landmark, or separately frozen equal-snapshot normalization using only eligible cases already known at that snapshot; NEVER divide by eventual surviving landmark count; preserve proper at-risk exposure; current forecasts use remaining time to fixed origin deadline","{""adapter"":""PROPOSED_NOT_CURRENT_IMPLEMENTATION"",""bb_multiplier"":2,""kc_multiplier"":1.5,""length"":20,""occurrence_algorithm"":""D1_ALGORITHM_SUBSTITUTE_COMPRESSION_PREDICATE_ONLY""}",PROPOSED_NOT_REGISTERED_HOLD,"Qualified program ancestry only: S16 esx_sq_phase0 has 12 historical declared trials and report/run evidence, not 12 newly reconstructed itemized rows; S16 v1.0 accruing/unshipped does not confer new clock/direction/model/consumer authority. Def4 is a separate DRAFT 10-trial/46-cell reservation with zero canonical ledger rows at Macro 5fc7af4a1aa2510966a7b566f97e5b894f2632f8. This proposal does not claim all-time search=12+218.","BEFORE_OUTCOMES: incumbent owner review and approval; qualified corpus/cutoff/source/session/basis/rights/PIT/known-time contracts for each clock; exact occurrence and reset law; S16 phenotype reconciliation; ATR/scale and label/fill/ambiguity binding; matching/support and draw/seed rules; exact M0/M1 estimator/features/regularization/calibration binding where applicable; prefix-known landmark schedule/weights; consumer margins, costs, precision/power and sufficiency gates; exact temporal folds and untouched-evidence proof; one inferential procedure; independent acceptance; resource estimate/budget; existing-ledger registration only through a separately approved admitted carrier","OFFLINE_RESEARCH_PROPOSAL_ONLY; no canonical trial ID, registration, admission, dispatch, outcome execution, production, rank, gate, size or promotion authority",TOI_Recovery_Masterplan_2026-10-03.md,K1-K9,0426631f0a2e3c7243530a2ad859c5e36857768c43d0649ab17210d1c2246be8
TOI-W3-PROPOSAL-CFG-0024,W3-A,EVENT_PROFILE,COMPRESSION_REPRESENTATIVE,D2,Proposed thin BB/KC predicate adapter length20/BB multiplier2/KC multiplier1.5; use D1 range-construction/freeze/release/reset ALGORITHM substituting only compression predicate; not a claim current squeeze_fire implements this occurrence,195M-RTH,DOWN,P0,EVENT_PROFILE,NONE,No fitted forecast competitor in this construction,,195M-RTH,[],Favorable first passage before adverse by original fixed T; D1/D2 also preserve underlying nondirectional formation tape for joint discovery contrast,Binary favorable-event fraction; full favorable/adverse/unresolved distribution; D1/D2 discovery uses either-direction activation fraction by fixed activation deadline,"Path: all raw directional triggers, including unresolved; do not select confirmation survivors; discovery: underlying full causally recognized FORMING cohort, including never-armed/never-triggered/invalidated cases, deduplicated across direction references",10,FIRST_CAUSALLY_RECOGNIZED_FORMING_ONSET; TEN_SUBSEQUENT_COMPLETED_NATIVE_BARS; ORIGIN_EXCLUDED,21,ORIGINAL_FIRST_FEASIBLE_P0_REFERENCE; SAME_ORIGINAL_DEADLINE_ACROSS_POLICIES_CLOCKS_AND_LANDMARKS,+1 frozen trigger ATR before -1 frozen trigger ATR; unresolved retained; ATR recipe requires source binding; adverse first passage is NOT structural fakeout,"OBSERVED_PREFIX_ONLY: predeclared elapsed-age landmarks; fixed weight for each eligible occurrence at a landmark, or separately frozen equal-snapshot normalization using only eligible cases already known at that snapshot; NEVER divide by eventual surviving landmark count; preserve proper at-risk exposure; current forecasts use remaining time to fixed origin deadline","{""adapter"":""PROPOSED_NOT_CURRENT_IMPLEMENTATION"",""bb_multiplier"":2,""kc_multiplier"":1.5,""length"":20,""occurrence_algorithm"":""D1_ALGORITHM_SUBSTITUTE_COMPRESSION_PREDICATE_ONLY""}",PROPOSED_NOT_REGISTERED_HOLD,"Qualified program ancestry only: S16 esx_sq_phase0 has 12 historical declared trials and report/run evidence, not 12 newly reconstructed itemized rows; S16 v1.0 accruing/unshipped does not confer new clock/direction/model/consumer authority. Def4 is a separate DRAFT 10-trial/46-cell reservation with zero canonical ledger rows at Macro 5fc7af4a1aa2510966a7b566f97e5b894f2632f8. This proposal does not claim all-time search=12+218.","BEFORE_OUTCOMES: incumbent owner review and approval; qualified corpus/cutoff/source/session/basis/rights/PIT/known-time contracts for each clock; exact occurrence and reset law; S16 phenotype reconciliation; ATR/scale and label/fill/ambiguity binding; matching/support and draw/seed rules; exact M0/M1 estimator/features/regularization/calibration binding where applicable; prefix-known landmark schedule/weights; consumer margins, costs, precision/power and sufficiency gates; exact temporal folds and untouched-evidence proof; one inferential procedure; independent acceptance; resource estimate/budget; existing-ledger registration only through a separately approved admitted carrier","OFFLINE_RESEARCH_PROPOSAL_ONLY; no canonical trial ID, registration, admission, dispatch, outcome execution, production, rank, gate, size or promotion authority",TOI_Recovery_Masterplan_2026-10-03.md,K1-K9,0426631f0a2e3c7243530a2ad859c5e36857768c43d0649ab17210d1c2246be8
TOI-W3-PROPOSAL-CFG-0025,W3-A,MATCHED_D0_CONTROL,MATCHED_PRICE_PARENT,D0,"Prior-bar Donchian high/low length20, current bar excluded; first completed close beyond previously fixed boundary; exact reset law pending",W,UP,P0,EVENT_PROFILE,NONE,No fitted forecast competitor in this construction,,W,"[""TOI-W3-PROPOSAL-CFG-0001""]",D0 first-passage outcome under one fixed pre-event matching recipe,Binary favorable-event fraction and full favorable/adverse/unresolved distribution,All eligible matched D0 raw triggers on declared common support; preserve unresolved; match only pre-event volatility/liquidity/trend/location/calendar information,10,FIRST_CAUSALLY_RECOGNIZED_FORMING_ONSET; TEN_SUBSEQUENT_COMPLETED_NATIVE_BARS; ORIGIN_EXCLUDED,21,ORIGINAL_FIRST_FEASIBLE_P0_REFERENCE; SAME_ORIGINAL_DEADLINE_ACROSS_POLICIES_CLOCKS_AND_LANDMARKS,+1 frozen trigger ATR before -1 frozen trigger ATR; unresolved retained; ATR recipe requires source binding; adverse first passage is NOT structural fakeout,"OBSERVED_PREFIX_ONLY: predeclared elapsed-age landmarks; fixed weight for each eligible occurrence at a landmark, or separately frozen equal-snapshot normalization using only eligible cases already known at that snapshot; NEVER divide by eventual surviving landmark count; preserve proper at-risk exposure; current forecasts use remaining time to fixed origin deadline","{""exclude_current_bar"":true,""length"":20,""reset_law"":""BIND_BEFORE_OUTCOMES""}",PROPOSED_NOT_REGISTERED_HOLD,"Qualified program ancestry only: S16 esx_sq_phase0 has 12 historical declared trials and report/run evidence, not 12 newly reconstructed itemized rows; S16 v1.0 accruing/unshipped does not confer new clock/direction/model/consumer authority. Def4 is a separate DRAFT 10-trial/46-cell reservation with zero canonical ledger rows at Macro 5fc7af4a1aa2510966a7b566f97e5b894f2632f8. This proposal does not claim all-time search=12+218.","BEFORE_OUTCOMES: incumbent owner review and approval; qualified corpus/cutoff/source/session/basis/rights/PIT/known-time contracts for each clock; exact occurrence and reset law; S16 phenotype reconciliation; ATR/scale and label/fill/ambiguity binding; matching/support and draw/seed rules; exact M0/M1 estimator/features/regularization/calibration binding where applicable; prefix-known landmark schedule/weights; consumer margins, costs, precision/power and sufficiency gates; exact temporal folds and untouched-evidence proof; one inferential procedure; independent acceptance; resource estimate/budget; existing-ledger registration only through a separately approved admitted carrier; Freeze one matching operator/support/caliper/weighting recipe; no future confirmation or path matching","OFFLINE_RESEARCH_PROPOSAL_ONLY; no canonical trial ID, registration, admission, dispatch, outcome execution, production, rank, gate, size or promotion authority",TOI_Recovery_Masterplan_2026-10-03.md,K1-K9,0426631f0a2e3c7243530a2ad859c5e36857768c43d0649ab17210d1c2246be8
TOI-W3-PROPOSAL-CFG-0026,W3-A,MATCHED_D0_CONTROL,MATCHED_PRICE_PARENT,D0,"Prior-bar Donchian high/low length20, current bar excluded; first completed close beyond previously fixed boundary; exact reset law pending",W,DOWN,P0,EVENT_PROFILE,NONE,No fitted forecast competitor in this construction,,W,"[""TOI-W3-PROPOSAL-CFG-0002""]",D0 first-passage outcome under one fixed pre-event matching recipe,Binary favorable-event fraction and full favorable/adverse/unresolved distribution,All eligible matched D0 raw triggers on declared common support; preserve unresolved; match only pre-event volatility/liquidity/trend/location/calendar information,10,FIRST_CAUSALLY_RECOGNIZED_FORMING_ONSET; TEN_SUBSEQUENT_COMPLETED_NATIVE_BARS; ORIGIN_EXCLUDED,21,ORIGINAL_FIRST_FEASIBLE_P0_REFERENCE; SAME_ORIGINAL_DEADLINE_ACROSS_POLICIES_CLOCKS_AND_LANDMARKS,+1 frozen trigger ATR before -1 frozen trigger ATR; unresolved retained; ATR recipe requires source binding; adverse first passage is NOT structural fakeout,"OBSERVED_PREFIX_ONLY: predeclared elapsed-age landmarks; fixed weight for each eligible occurrence at a landmark, or separately frozen equal-snapshot normalization using only eligible cases already known at that snapshot; NEVER divide by eventual surviving landmark count; preserve proper at-risk exposure; current forecasts use remaining time to fixed origin deadline","{""exclude_current_bar"":true,""length"":20,""reset_law"":""BIND_BEFORE_OUTCOMES""}",PROPOSED_NOT_REGISTERED_HOLD,"Qualified program ancestry only: S16 esx_sq_phase0 has 12 historical declared trials and report/run evidence, not 12 newly reconstructed itemized rows; S16 v1.0 accruing/unshipped does not confer new clock/direction/model/consumer authority. Def4 is a separate DRAFT 10-trial/46-cell reservation with zero canonical ledger rows at Macro 5fc7af4a1aa2510966a7b566f97e5b894f2632f8. This proposal does not claim all-time search=12+218.","BEFORE_OUTCOMES: incumbent owner review and approval; qualified corpus/cutoff/source/session/basis/rights/PIT/known-time contracts for each clock; exact occurrence and reset law; S16 phenotype reconciliation; ATR/scale and label/fill/ambiguity binding; matching/support and draw/seed rules; exact M0/M1 estimator/features/regularization/calibration binding where applicable; prefix-known landmark schedule/weights; consumer margins, costs, precision/power and sufficiency gates; exact temporal folds and untouched-evidence proof; one inferential procedure; independent acceptance; resource estimate/budget; existing-ledger registration only through a separately approved admitted carrier; Freeze one matching operator/support/caliper/weighting recipe; no future confirmation or path matching","OFFLINE_RESEARCH_PROPOSAL_ONLY; no canonical trial ID, registration, admission, dispatch, outcome execution, production, rank, gate, size or promotion authority",TOI_Recovery_Masterplan_2026-10-03.md,K1-K9,0426631f0a2e3c7243530a2ad859c5e36857768c43d0649ab17210d1c2246be8
TOI-W3-PROPOSAL-CFG-0027,W3-A,MATCHED_D0_CONTROL,MATCHED_PRICE_PARENT,D0,"Prior-bar Donchian high/low length20, current bar excluded; first completed close beyond previously fixed boundary; exact reset law pending",D,UP,P0,EVENT_PROFILE,NONE,No fitted forecast competitor in this construction,,D,"[""TOI-W3-PROPOSAL-CFG-0003""]",D0 first-passage outcome under one fixed pre-event matching recipe,Binary favorable-event fraction and full favorable/adverse/unresolved distribution,All eligible matched D0 raw triggers on declared common support; preserve unresolved; match only pre-event volatility/liquidity/trend/location/calendar information,10,FIRST_CAUSALLY_RECOGNIZED_FORMING_ONSET; TEN_SUBSEQUENT_COMPLETED_NATIVE_BARS; ORIGIN_EXCLUDED,21,ORIGINAL_FIRST_FEASIBLE_P0_REFERENCE; SAME_ORIGINAL_DEADLINE_ACROSS_POLICIES_CLOCKS_AND_LANDMARKS,+1 frozen trigger ATR before -1 frozen trigger ATR; unresolved retained; ATR recipe requires source binding; adverse first passage is NOT structural fakeout,"OBSERVED_PREFIX_ONLY: predeclared elapsed-age landmarks; fixed weight for each eligible occurrence at a landmark, or separately frozen equal-snapshot normalization using only eligible cases already known at that snapshot; NEVER divide by eventual surviving landmark count; preserve proper at-risk exposure; current forecasts use remaining time to fixed origin deadline","{""exclude_current_bar"":true,""length"":20,""reset_law"":""BIND_BEFORE_OUTCOMES""}",PROPOSED_NOT_REGISTERED_HOLD,"Qualified program ancestry only: S16 esx_sq_phase0 has 12 historical declared trials and report/run evidence, not 12 newly reconstructed itemized rows; S16 v1.0 accruing/unshipped does not confer new clock/direction/model/consumer authority. Def4 is a separate DRAFT 10-trial/46-cell reservation with zero canonical ledger rows at Macro 5fc7af4a1aa2510966a7b566f97e5b894f2632f8. This proposal does not claim all-time search=12+218.","BEFORE_OUTCOMES: incumbent owner review and approval; qualified corpus/cutoff/source/session/basis/rights/PIT/known-time contracts for each clock; exact occurrence and reset law; S16 phenotype reconciliation; ATR/scale and label/fill/ambiguity binding; matching/support and draw/seed rules; exact M0/M1 estimator/features/regularization/calibration binding where applicable; prefix-known landmark schedule/weights; consumer margins, costs, precision/power and sufficiency gates; exact temporal folds and untouched-evidence proof; one inferential procedure; independent acceptance; resource estimate/budget; existing-ledger registration only through a separately approved admitted carrier; Freeze one matching operator/support/caliper/weighting recipe; no future confirmation or path matching","OFFLINE_RESEARCH_PROPOSAL_ONLY; no canonical trial ID, registration, admission, dispatch, outcome execution, production, rank, gate, size or promotion authority",TOI_Recovery_Masterplan_2026-10-03.md,K1-K9,0426631f0a2e3c7243530a2ad859c5e36857768c43d0649ab17210d1c2246be8
TOI-W3-PROPOSAL-CFG-0028,W3-A,MATCHED_D0_CONTROL,MATCHED_PRICE_PARENT,D0,"Prior-bar Donchian high/low length20, current bar excluded; first completed close beyond previously fixed boundary; exact reset law pending",D,DOWN,P0,EVENT_PROFILE,NONE,No fitted forecast competitor in this construction,,D,"[""TOI-W3-PROPOSAL-CFG-0004""]",D0 first-passage outcome under one fixed pre-event matching recipe,Binary favorable-event fraction and full favorable/adverse/unresolved distribution,All eligible matched D0 raw triggers on declared common support; preserve unresolved; match only pre-event volatility/liquidity/trend/location/calendar information,10,FIRST_CAUSALLY_RECOGNIZED_FORMING_ONSET; TEN_SUBSEQUENT_COMPLETED_NATIVE_BARS; ORIGIN_EXCLUDED,21,ORIGINAL_FIRST_FEASIBLE_P0_REFERENCE; SAME_ORIGINAL_DEADLINE_ACROSS_POLICIES_CLOCKS_AND_LANDMARKS,+1 frozen trigger ATR before -1 frozen trigger ATR; unresolved retained; ATR recipe requires source binding; adverse first passage is NOT structural fakeout,"OBSERVED_PREFIX_ONLY: predeclared elapsed-age landmarks; fixed weight for each eligible occurrence at a landmark, or separately frozen equal-snapshot normalization using only eligible cases already known at that snapshot; NEVER divide by eventual surviving landmark count; preserve proper at-risk exposure; current forecasts use remaining time to fixed origin deadline","{""exclude_current_bar"":true,""length"":20,""reset_law"":""BIND_BEFORE_OUTCOMES""}",PROPOSED_NOT_REGISTERED_HOLD,"Qualified program ancestry only: S16 esx_sq_phase0 has 12 historical declared trials and report/run evidence, not 12 newly reconstructed itemized rows; S16 v1.0 accruing/unshipped does not confer new clock/direction/model/consumer authority. Def4 is a separate DRAFT 10-trial/46-cell reservation with zero canonical ledger rows at Macro 5fc7af4a1aa2510966a7b566f97e5b894f2632f8. This proposal does not claim all-time search=12+218.","BEFORE_OUTCOMES: incumbent owner review and approval; qualified corpus/cutoff/source/session/basis/rights/PIT/known-time contracts for each clock; exact occurrence and reset law; S16 phenotype reconciliation; ATR/scale and label/fill/ambiguity binding; matching/support and draw/seed rules; exact M0/M1 estimator/features/regularization/calibration binding where applicable; prefix-known landmark schedule/weights; consumer margins, costs, precision/power and sufficiency gates; exact temporal folds and untouched-evidence proof; one inferential procedure; independent acceptance; resource estimate/budget; existing-ledger registration only through a separately approved admitted carrier; Freeze one matching operator/support/caliper/weighting recipe; no future confirmation or path matching","OFFLINE_RESEARCH_PROPOSAL_ONLY; no canonical trial ID, registration, admission, dispatch, outcome execution, production, rank, gate, size or promotion authority",TOI_Recovery_Masterplan_2026-10-03.md,K1-K9,0426631f0a2e3c7243530a2ad859c5e36857768c43d0649ab17210d1c2246be8
TOI-W3-PROPOSAL-CFG-0029,W3-A,MATCHED_D0_CONTROL,MATCHED_PRICE_PARENT,D0,"Prior-bar Donchian high/low length20, current bar excluded; first completed close beyond previously fixed boundary; exact reset law pending",4H-CLOCK,UP,P0,EVENT_PROFILE,NONE,No fitted forecast competitor in this construction,,4H-CLOCK,"[""TOI-W3-PROPOSAL-CFG-0005""]",D0 first-passage outcome under one fixed pre-event matching recipe,Binary favorable-event fraction and full favorable/adverse/unresolved distribution,All eligible matched D0 raw triggers on declared common support; preserve unresolved; match only pre-event volatility/liquidity/trend/location/calendar information,10,FIRST_CAUSALLY_RECOGNIZED_FORMING_ONSET; TEN_SUBSEQUENT_COMPLETED_NATIVE_BARS; ORIGIN_EXCLUDED,21,ORIGINAL_FIRST_FEASIBLE_P0_REFERENCE; SAME_ORIGINAL_DEADLINE_ACROSS_POLICIES_CLOCKS_AND_LANDMARKS,+1 frozen trigger ATR before -1 frozen trigger ATR; unresolved retained; ATR recipe requires source binding; adverse first passage is NOT structural fakeout,"OBSERVED_PREFIX_ONLY: predeclared elapsed-age landmarks; fixed weight for each eligible occurrence at a landmark, or separately frozen equal-snapshot normalization using only eligible cases already known at that snapshot; NEVER divide by eventual surviving landmark count; preserve proper at-risk exposure; current forecasts use remaining time to fixed origin deadline","{""exclude_current_bar"":true,""length"":20,""reset_law"":""BIND_BEFORE_OUTCOMES""}",PROPOSED_NOT_REGISTERED_HOLD,"Qualified program ancestry only: S16 esx_sq_phase0 has 12 historical declared trials and report/run evidence, not 12 newly reconstructed itemized rows; S16 v1.0 accruing/unshipped does not confer new clock/direction/model/consumer authority. Def4 is a separate DRAFT 10-trial/46-cell reservation with zero canonical ledger rows at Macro 5fc7af4a1aa2510966a7b566f97e5b894f2632f8. This proposal does not claim all-time search=12+218.","BEFORE_OUTCOMES: incumbent owner review and approval; qualified corpus/cutoff/source/session/basis/rights/PIT/known-time contracts for each clock; exact occurrence and reset law; S16 phenotype reconciliation; ATR/scale and label/fill/ambiguity binding; matching/support and draw/seed rules; exact M0/M1 estimator/features/regularization/calibration binding where applicable; prefix-known landmark schedule/weights; consumer margins, costs, precision/power and sufficiency gates; exact temporal folds and untouched-evidence proof; one inferential procedure; independent acceptance; resource estimate/budget; existing-ledger registration only through a separately approved admitted carrier; Freeze one matching operator/support/caliper/weighting recipe; no future confirmation or path matching","OFFLINE_RESEARCH_PROPOSAL_ONLY; no canonical trial ID, registration, admission, dispatch, outcome execution, production, rank, gate, size or promotion authority",TOI_Recovery_Masterplan_2026-10-03.md,K1-K9,0426631f0a2e3c7243530a2ad859c5e36857768c43d0649ab17210d1c2246be8
TOI-W3-PROPOSAL-CFG-0030,W3-A,MATCHED_D0_CONTROL,MATCHED_PRICE_PARENT,D0,"Prior-bar Donchian high/low length20, current bar excluded; first completed close beyond previously fixed boundary; exact reset law pending",4H-CLOCK,DOWN,P0,EVENT_PROFILE,NONE,No fitted forecast competitor in this construction,,4H-CLOCK,"[""TOI-W3-PROPOSAL-CFG-0006""]",D0 first-passage outcome under one fixed pre-event matching recipe,Binary favorable-event fraction and full favorable/adverse/unresolved distribution,All eligible matched D0 raw triggers on declared common support; preserve unresolved; match only pre-event volatility/liquidity/trend/location/calendar information,10,FIRST_CAUSALLY_RECOGNIZED_FORMING_ONSET; TEN_SUBSEQUENT_COMPLETED_NATIVE_BARS; ORIGIN_EXCLUDED,21,ORIGINAL_FIRST_FEASIBLE_P0_REFERENCE; SAME_ORIGINAL_DEADLINE_ACROSS_POLICIES_CLOCKS_AND_LANDMARKS,+1 frozen trigger ATR before -1 frozen trigger ATR; unresolved retained; ATR recipe requires source binding; adverse first passage is NOT structural fakeout,"OBSERVED_PREFIX_ONLY: predeclared elapsed-age landmarks; fixed weight for each eligible occurrence at a landmark, or separately frozen equal-snapshot normalization using only eligible cases already known at that snapshot; NEVER divide by eventual surviving landmark count; preserve proper at-risk exposure; current forecasts use remaining time to fixed origin deadline","{""exclude_current_bar"":true,""length"":20,""reset_law"":""BIND_BEFORE_OUTCOMES""}",PROPOSED_NOT_REGISTERED_HOLD,"Qualified program ancestry only: S16 esx_sq_phase0 has 12 historical declared trials and report/run evidence, not 12 newly reconstructed itemized rows; S16 v1.0 accruing/unshipped does not confer new clock/direction/model/consumer authority. Def4 is a separate DRAFT 10-trial/46-cell reservation with zero canonical ledger rows at Macro 5fc7af4a1aa2510966a7b566f97e5b894f2632f8. This proposal does not claim all-time search=12+218.","BEFORE_OUTCOMES: incumbent owner review and approval; qualified corpus/cutoff/source/session/basis/rights/PIT/known-time contracts for each clock; exact occurrence and reset law; S16 phenotype reconciliation; ATR/scale and label/fill/ambiguity binding; matching/support and draw/seed rules; exact M0/M1 estimator/features/regularization/calibration binding where applicable; prefix-known landmark schedule/weights; consumer margins, costs, precision/power and sufficiency gates; exact temporal folds and untouched-evidence proof; one inferential procedure; independent acceptance; resource estimate/budget; existing-ledger registration only through a separately approved admitted carrier; Freeze one matching operator/support/caliper/weighting recipe; no future confirmation or path matching","OFFLINE_RESEARCH_PROPOSAL_ONLY; no canonical trial ID, registration, admission, dispatch, outcome execution, production, rank, gate, size or promotion authority",TOI_Recovery_Masterplan_2026-10-03.md,K1-K9,0426631f0a2e3c7243530a2ad859c5e36857768c43d0649ab17210d1c2246be8
TOI-W3-PROPOSAL-CFG-0031,W3-A,MATCHED_D0_CONTROL,MATCHED_PRICE_PARENT,D0,"Prior-bar Donchian high/low length20, current bar excluded; first completed close beyond previously fixed boundary; exact reset law pending",195M-RTH,UP,P0,EVENT_PROFILE,NONE,No fitted forecast competitor in this construction,,195M-RTH,"[""TOI-W3-PROPOSAL-CFG-0007""]",D0 first-passage outcome under one fixed pre-event matching recipe,Binary favorable-event fraction and full favorable/adverse/unresolved distribution,All eligible matched D0 raw triggers on declared common support; preserve unresolved; match only pre-event volatility/liquidity/trend/location/calendar information,10,FIRST_CAUSALLY_RECOGNIZED_FORMING_ONSET; TEN_SUBSEQUENT_COMPLETED_NATIVE_BARS; ORIGIN_EXCLUDED,21,ORIGINAL_FIRST_FEASIBLE_P0_REFERENCE; SAME_ORIGINAL_DEADLINE_ACROSS_POLICIES_CLOCKS_AND_LANDMARKS,+1 frozen trigger ATR before -1 frozen trigger ATR; unresolved retained; ATR recipe requires source binding; adverse first passage is NOT structural fakeout,"OBSERVED_PREFIX_ONLY: predeclared elapsed-age landmarks; fixed weight for each eligible occurrence at a landmark, or separately frozen equal-snapshot normalization using only eligible cases already known at that snapshot; NEVER divide by eventual surviving landmark count; preserve proper at-risk exposure; current forecasts use remaining time to fixed origin deadline","{""exclude_current_bar"":true,""length"":20,""reset_law"":""BIND_BEFORE_OUTCOMES""}",PROPOSED_NOT_REGISTERED_HOLD,"Qualified program ancestry only: S16 esx_sq_phase0 has 12 historical declared trials and report/run evidence, not 12 newly reconstructed itemized rows; S16 v1.0 accruing/unshipped does not confer new clock/direction/model/consumer authority. Def4 is a separate DRAFT 10-trial/46-cell reservation with zero canonical ledger rows at Macro 5fc7af4a1aa2510966a7b566f97e5b894f2632f8. This proposal does not claim all-time search=12+218.","BEFORE_OUTCOMES: incumbent owner review and approval; qualified corpus/cutoff/source/session/basis/rights/PIT/known-time contracts for each clock; exact occurrence and reset law; S16 phenotype reconciliation; ATR/scale and label/fill/ambiguity binding; matching/support and draw/seed rules; exact M0/M1 estimator/features/regularization/calibration binding where applicable; prefix-known landmark schedule/weights; consumer margins, costs, precision/power and sufficiency gates; exact temporal folds and untouched-evidence proof; one inferential procedure; independent acceptance; resource estimate/budget; existing-ledger registration only through a separately approved admitted carrier; Freeze one matching operator/support/caliper/weighting recipe; no future confirmation or path matching","OFFLINE_RESEARCH_PROPOSAL_ONLY; no canonical trial ID, registration, admission, dispatch, outcome execution, production, rank, gate, size or promotion authority",TOI_Recovery_Masterplan_2026-10-03.md,K1-K9,0426631f0a2e3c7243530a2ad859c5e36857768c43d0649ab17210d1c2246be8
TOI-W3-PROPOSAL-CFG-0032,W3-A,MATCHED_D0_CONTROL,MATCHED_PRICE_PARENT,D0,"Prior-bar Donchian high/low length20, current bar excluded; first completed close beyond previously fixed boundary; exact reset law pending",195M-RTH,DOWN,P0,EVENT_PROFILE,NONE,No fitted forecast competitor in this construction,,195M-RTH,"[""TOI-W3-PROPOSAL-CFG-0008""]",D0 first-passage outcome under one fixed pre-event matching recipe,Binary favorable-event fraction and full favorable/adverse/unresolved distribution,All eligible matched D0 raw triggers on declared common support; preserve unresolved; match only pre-event volatility/liquidity/trend/location/calendar information,10,FIRST_CAUSALLY_RECOGNIZED_FORMING_ONSET; TEN_SUBSEQUENT_COMPLETED_NATIVE_BARS; ORIGIN_EXCLUDED,21,ORIGINAL_FIRST_FEASIBLE_P0_REFERENCE; SAME_ORIGINAL_DEADLINE_ACROSS_POLICIES_CLOCKS_AND_LANDMARKS,+1 frozen trigger ATR before -1 frozen trigger ATR; unresolved retained; ATR recipe requires source binding; adverse first passage is NOT structural fakeout,"OBSERVED_PREFIX_ONLY: predeclared elapsed-age landmarks; fixed weight for each eligible occurrence at a landmark, or separately frozen equal-snapshot normalization using only eligible cases already known at that snapshot; NEVER divide by eventual surviving landmark count; preserve proper at-risk exposure; current forecasts use remaining time to fixed origin deadline","{""exclude_current_bar"":true,""length"":20,""reset_law"":""BIND_BEFORE_OUTCOMES""}",PROPOSED_NOT_REGISTERED_HOLD,"Qualified program ancestry only: S16 esx_sq_phase0 has 12 historical declared trials and report/run evidence, not 12 newly reconstructed itemized rows; S16 v1.0 accruing/unshipped does not confer new clock/direction/model/consumer authority. Def4 is a separate DRAFT 10-trial/46-cell reservation with zero canonical ledger rows at Macro 5fc7af4a1aa2510966a7b566f97e5b894f2632f8. This proposal does not claim all-time search=12+218.","BEFORE_OUTCOMES: incumbent owner review and approval; qualified corpus/cutoff/source/session/basis/rights/PIT/known-time contracts for each clock; exact occurrence and reset law; S16 phenotype reconciliation; ATR/scale and label/fill/ambiguity binding; matching/support and draw/seed rules; exact M0/M1 estimator/features/regularization/calibration binding where applicable; prefix-known landmark schedule/weights; consumer margins, costs, precision/power and sufficiency gates; exact temporal folds and untouched-evidence proof; one inferential procedure; independent acceptance; resource estimate/budget; existing-ledger registration only through a separately approved admitted carrier; Freeze one matching operator/support/caliper/weighting recipe; no future confirmation or path matching","OFFLINE_RESEARCH_PROPOSAL_ONLY; no canonical trial ID, registration, admission, dispatch, outcome execution, production, rank, gate, size or promotion authority",TOI_Recovery_Masterplan_2026-10-03.md,K1-K9,0426631f0a2e3c7243530a2ad859c5e36857768c43d0649ab17210d1c2246be8
TOI-W3-PROPOSAL-CFG-0033,W3-A,RANDOM_OBSERVATIONAL_CONTROL,NONDIRECTIONAL_ALERT_CONTROL,RANDOM_NEAR_BOUNDARY,"One matched nondirectional observational-alert recipe; eligibility, distance, support and seed/draw aggregation must be frozen; never a pre-trigger entry simulation",W,JOINT_UP_DOWN,NO_PRETRIGGER_ENTRY,DISCOVERY,NONE,No fitted forecast competitor in this construction,,W,[],Either-direction activation by fixed activation deadline from matched observational alert origin,Either-direction activation fraction; invalidation/nonactivation visible; one frozen seed/draw aggregation,All eligible selected observational alerts; origin and matching align to the declared formation/control risk set; no simulated calm-base entry,10,FIRST_CAUSALLY_RECOGNIZED_FORMING_ONSET; TEN_SUBSEQUENT_COMPLETED_NATIVE_BARS; ORIGIN_EXCLUDED,21,ORIGINAL_FIRST_FEASIBLE_P0_REFERENCE; SAME_ORIGINAL_DEADLINE_ACROSS_POLICIES_CLOCKS_AND_LANDMARKS,+1 frozen trigger ATR before -1 frozen trigger ATR; unresolved retained; ATR recipe requires source binding; adverse first passage is NOT structural fakeout,"OBSERVED_PREFIX_ONLY: predeclared elapsed-age landmarks; fixed weight for each eligible occurrence at a landmark, or separately frozen equal-snapshot normalization using only eligible cases already known at that snapshot; NEVER divide by eventual surviving landmark count; preserve proper at-risk exposure; current forecasts use remaining time to fixed origin deadline","{""direction"":""NONDIRECTIONAL"",""draw_recipe_count"":1,""entry"":false,""matching_seed_and_support"":""BIND_BEFORE_OUTCOMES""}",PROPOSED_NOT_REGISTERED_HOLD,"Qualified program ancestry only: S16 esx_sq_phase0 has 12 historical declared trials and report/run evidence, not 12 newly reconstructed itemized rows; S16 v1.0 accruing/unshipped does not confer new clock/direction/model/consumer authority. Def4 is a separate DRAFT 10-trial/46-cell reservation with zero canonical ledger rows at Macro 5fc7af4a1aa2510966a7b566f97e5b894f2632f8. This proposal does not claim all-time search=12+218.","BEFORE_OUTCOMES: incumbent owner review and approval; qualified corpus/cutoff/source/session/basis/rights/PIT/known-time contracts for each clock; exact occurrence and reset law; S16 phenotype reconciliation; ATR/scale and label/fill/ambiguity binding; matching/support and draw/seed rules; exact M0/M1 estimator/features/regularization/calibration binding where applicable; prefix-known landmark schedule/weights; consumer margins, costs, precision/power and sufficiency gates; exact temporal folds and untouched-evidence proof; one inferential procedure; independent acceptance; resource estimate/budget; existing-ledger registration only through a separately approved admitted carrier; Bind control pseudo-origin and activation-label alignment to the ten-subsequent-bar rule; never select best seed","OFFLINE_RESEARCH_PROPOSAL_ONLY; no canonical trial ID, registration, admission, dispatch, outcome execution, production, rank, gate, size or promotion authority",TOI_Recovery_Masterplan_2026-10-03.md,K1-K9,0426631f0a2e3c7243530a2ad859c5e36857768c43d0649ab17210d1c2246be8
TOI-W3-PROPOSAL-CFG-0034,W3-A,RANDOM_OBSERVATIONAL_CONTROL,NONDIRECTIONAL_ALERT_CONTROL,RANDOM_NEAR_BOUNDARY,"One matched nondirectional observational-alert recipe; eligibility, distance, support and seed/draw aggregation must be frozen; never a pre-trigger entry simulation",D,JOINT_UP_DOWN,NO_PRETRIGGER_ENTRY,DISCOVERY,NONE,No fitted forecast competitor in this construction,,D,[],Either-direction activation by fixed activation deadline from matched observational alert origin,Either-direction activation fraction; invalidation/nonactivation visible; one frozen seed/draw aggregation,All eligible selected observational alerts; origin and matching align to the declared formation/control risk set; no simulated calm-base entry,10,FIRST_CAUSALLY_RECOGNIZED_FORMING_ONSET; TEN_SUBSEQUENT_COMPLETED_NATIVE_BARS; ORIGIN_EXCLUDED,21,ORIGINAL_FIRST_FEASIBLE_P0_REFERENCE; SAME_ORIGINAL_DEADLINE_ACROSS_POLICIES_CLOCKS_AND_LANDMARKS,+1 frozen trigger ATR before -1 frozen trigger ATR; unresolved retained; ATR recipe requires source binding; adverse first passage is NOT structural fakeout,"OBSERVED_PREFIX_ONLY: predeclared elapsed-age landmarks; fixed weight for each eligible occurrence at a landmark, or separately frozen equal-snapshot normalization using only eligible cases already known at that snapshot; NEVER divide by eventual surviving landmark count; preserve proper at-risk exposure; current forecasts use remaining time to fixed origin deadline","{""direction"":""NONDIRECTIONAL"",""draw_recipe_count"":1,""entry"":false,""matching_seed_and_support"":""BIND_BEFORE_OUTCOMES""}",PROPOSED_NOT_REGISTERED_HOLD,"Qualified program ancestry only: S16 esx_sq_phase0 has 12 historical declared trials and report/run evidence, not 12 newly reconstructed itemized rows; S16 v1.0 accruing/unshipped does not confer new clock/direction/model/consumer authority. Def4 is a separate DRAFT 10-trial/46-cell reservation with zero canonical ledger rows at Macro 5fc7af4a1aa2510966a7b566f97e5b894f2632f8. This proposal does not claim all-time search=12+218.","BEFORE_OUTCOMES: incumbent owner review and approval; qualified corpus/cutoff/source/session/basis/rights/PIT/known-time contracts for each clock; exact occurrence and reset law; S16 phenotype reconciliation; ATR/scale and label/fill/ambiguity binding; matching/support and draw/seed rules; exact M0/M1 estimator/features/regularization/calibration binding where applicable; prefix-known landmark schedule/weights; consumer margins, costs, precision/power and sufficiency gates; exact temporal folds and untouched-evidence proof; one inferential procedure; independent acceptance; resource estimate/budget; existing-ledger registration only through a separately approved admitted carrier; Bind control pseudo-origin and activation-label alignment to the ten-subsequent-bar rule; never select best seed","OFFLINE_RESEARCH_PROPOSAL_ONLY; no canonical trial ID, registration, admission, dispatch, outcome execution, production, rank, gate, size or promotion authority",TOI_Recovery_Masterplan_2026-10-03.md,K1-K9,0426631f0a2e3c7243530a2ad859c5e36857768c43d0649ab17210d1c2246be8
TOI-W3-PROPOSAL-CFG-0035,W3-A,RANDOM_OBSERVATIONAL_CONTROL,NONDIRECTIONAL_ALERT_CONTROL,RANDOM_NEAR_BOUNDARY,"One matched nondirectional observational-alert recipe; eligibility, distance, support and seed/draw aggregation must be frozen; never a pre-trigger entry simulation",4H-CLOCK,JOINT_UP_DOWN,NO_PRETRIGGER_ENTRY,DISCOVERY,NONE,No fitted forecast competitor in this construction,,4H-CLOCK,[],Either-direction activation by fixed activation deadline from matched observational alert origin,Either-direction activation fraction; invalidation/nonactivation visible; one frozen seed/draw aggregation,All eligible selected observational alerts; origin and matching align to the declared formation/control risk set; no simulated calm-base entry,10,FIRST_CAUSALLY_RECOGNIZED_FORMING_ONSET; TEN_SUBSEQUENT_COMPLETED_NATIVE_BARS; ORIGIN_EXCLUDED,21,ORIGINAL_FIRST_FEASIBLE_P0_REFERENCE; SAME_ORIGINAL_DEADLINE_ACROSS_POLICIES_CLOCKS_AND_LANDMARKS,+1 frozen trigger ATR before -1 frozen trigger ATR; unresolved retained; ATR recipe requires source binding; adverse first passage is NOT structural fakeout,"OBSERVED_PREFIX_ONLY: predeclared elapsed-age landmarks; fixed weight for each eligible occurrence at a landmark, or separately frozen equal-snapshot normalization using only eligible cases already known at that snapshot; NEVER divide by eventual surviving landmark count; preserve proper at-risk exposure; current forecasts use remaining time to fixed origin deadline","{""direction"":""NONDIRECTIONAL"",""draw_recipe_count"":1,""entry"":false,""matching_seed_and_support"":""BIND_BEFORE_OUTCOMES""}",PROPOSED_NOT_REGISTERED_HOLD,"Qualified program ancestry only: S16 esx_sq_phase0 has 12 historical declared trials and report/run evidence, not 12 newly reconstructed itemized rows; S16 v1.0 accruing/unshipped does not confer new clock/direction/model/consumer authority. Def4 is a separate DRAFT 10-trial/46-cell reservation with zero canonical ledger rows at Macro 5fc7af4a1aa2510966a7b566f97e5b894f2632f8. This proposal does not claim all-time search=12+218.","BEFORE_OUTCOMES: incumbent owner review and approval; qualified corpus/cutoff/source/session/basis/rights/PIT/known-time contracts for each clock; exact occurrence and reset law; S16 phenotype reconciliation; ATR/scale and label/fill/ambiguity binding; matching/support and draw/seed rules; exact M0/M1 estimator/features/regularization/calibration binding where applicable; prefix-known landmark schedule/weights; consumer margins, costs, precision/power and sufficiency gates; exact temporal folds and untouched-evidence proof; one inferential procedure; independent acceptance; resource estimate/budget; existing-ledger registration only through a separately approved admitted carrier; Bind control pseudo-origin and activation-label alignment to the ten-subsequent-bar rule; never select best seed","OFFLINE_RESEARCH_PROPOSAL_ONLY; no canonical trial ID, registration, admission, dispatch, outcome execution, production, rank, gate, size or promotion authority",TOI_Recovery_Masterplan_2026-10-03.md,K1-K9,0426631f0a2e3c7243530a2ad859c5e36857768c43d0649ab17210d1c2246be8
TOI-W3-PROPOSAL-CFG-0036,W3-A,RANDOM_OBSERVATIONAL_CONTROL,NONDIRECTIONAL_ALERT_CONTROL,RANDOM_NEAR_BOUNDARY,"One matched nondirectional observational-alert recipe; eligibility, distance, support and seed/draw aggregation must be frozen; never a pre-trigger entry simulation",195M-RTH,JOINT_UP_DOWN,NO_PRETRIGGER_ENTRY,DISCOVERY,NONE,No fitted forecast competitor in this construction,,195M-RTH,[],Either-direction activation by fixed activation deadline from matched observational alert origin,Either-direction activation fraction; invalidation/nonactivation visible; one frozen seed/draw aggregation,All eligible selected observational alerts; origin and matching align to the declared formation/control risk set; no simulated calm-base entry,10,FIRST_CAUSALLY_RECOGNIZED_FORMING_ONSET; TEN_SUBSEQUENT_COMPLETED_NATIVE_BARS; ORIGIN_EXCLUDED,21,ORIGINAL_FIRST_FEASIBLE_P0_REFERENCE; SAME_ORIGINAL_DEADLINE_ACROSS_POLICIES_CLOCKS_AND_LANDMARKS,+1 frozen trigger ATR before -1 frozen trigger ATR; unresolved retained; ATR recipe requires source binding; adverse first passage is NOT structural fakeout,"OBSERVED_PREFIX_ONLY: predeclared elapsed-age landmarks; fixed weight for each eligible occurrence at a landmark, or separately frozen equal-snapshot normalization using only eligible cases already known at that snapshot; NEVER divide by eventual surviving landmark count; preserve proper at-risk exposure; current forecasts use remaining time to fixed origin deadline","{""direction"":""NONDIRECTIONAL"",""draw_recipe_count"":1,""entry"":false,""matching_seed_and_support"":""BIND_BEFORE_OUTCOMES""}",PROPOSED_NOT_REGISTERED_HOLD,"Qualified program ancestry only: S16 esx_sq_phase0 has 12 historical declared trials and report/run evidence, not 12 newly reconstructed itemized rows; S16 v1.0 accruing/unshipped does not confer new clock/direction/model/consumer authority. Def4 is a separate DRAFT 10-trial/46-cell reservation with zero canonical ledger rows at Macro 5fc7af4a1aa2510966a7b566f97e5b894f2632f8. This proposal does not claim all-time search=12+218.","BEFORE_OUTCOMES: incumbent owner review and approval; qualified corpus/cutoff/source/session/basis/rights/PIT/known-time contracts for each clock; exact occurrence and reset law; S16 phenotype reconciliation; ATR/scale and label/fill/ambiguity binding; matching/support and draw/seed rules; exact M0/M1 estimator/features/regularization/calibration binding where applicable; prefix-known landmark schedule/weights; consumer margins, costs, precision/power and sufficiency gates; exact temporal folds and untouched-evidence proof; one inferential procedure; independent acceptance; resource estimate/budget; existing-ledger registration only through a separately approved admitted carrier; Bind control pseudo-origin and activation-label alignment to the ten-subsequent-bar rule; never select best seed","OFFLINE_RESEARCH_PROPOSAL_ONLY; no canonical trial ID, registration, admission, dispatch, outcome execution, production, rank, gate, size or promotion authority",TOI_Recovery_Masterplan_2026-10-03.md,K1-K9,0426631f0a2e3c7243530a2ad859c5e36857768c43d0649ab17210d1c2246be8
TOI-W3-PROPOSAL-CFG-0037,W3-A,COMBO_REFERENCE,INCUMBENT_REFERENCE,COMBO_V1,Actual current source-bound Combo-v1 Daily-long incumbent reference on declared common eligible overlap; no invented down/intraday clone; historical selected test half is exposed,D,UP,ACTUAL_SOURCE_BOUND_REFERENCE,EVENT_PROFILE,NONE,No fitted forecast competitor in this construction,,D,[],Actual Combo-v1 Daily-long favorable first passage on declared common eligible overlap,Binary favorable-event fraction plus full favorable/adverse/unresolved distribution under admitted common ruler,All eligible actual Combo-v1 Daily-long reference cases on predeclared overlap with D1 Daily-up; no fabricated down/intraday version,10,FIRST_CAUSALLY_RECOGNIZED_FORMING_ONSET; TEN_SUBSEQUENT_COMPLETED_NATIVE_BARS; ORIGIN_EXCLUDED,21,ORIGINAL_FIRST_FEASIBLE_P0_REFERENCE; SAME_ORIGINAL_DEADLINE_ACROSS_POLICIES_CLOCKS_AND_LANDMARKS,+1 frozen trigger ATR before -1 frozen trigger ATR; unresolved retained; ATR recipe requires source binding; adverse first passage is NOT structural fakeout,"OBSERVED_PREFIX_ONLY: predeclared elapsed-age landmarks; fixed weight for each eligible occurrence at a landmark, or separately frozen equal-snapshot normalization using only eligible cases already known at that snapshot; NEVER divide by eventual surviving landmark count; preserve proper at-risk exposure; current forecasts use remaining time to fixed origin deadline","{""clock"":""D"",""direction"":""UP"",""overlap"":""DECLARE_BEFORE_OUTCOMES"",""source_binding"":""ACTUAL_CURRENT_INCUMBENT_REQUIRED""}",PROPOSED_NOT_REGISTERED_HOLD,"Qualified program ancestry only: S16 esx_sq_phase0 has 12 historical declared trials and report/run evidence, not 12 newly reconstructed itemized rows; S16 v1.0 accruing/unshipped does not confer new clock/direction/model/consumer authority. Def4 is a separate DRAFT 10-trial/46-cell reservation with zero canonical ledger rows at Macro 5fc7af4a1aa2510966a7b566f97e5b894f2632f8. This proposal does not claim all-time search=12+218.","BEFORE_OUTCOMES: incumbent owner review and approval; qualified corpus/cutoff/source/session/basis/rights/PIT/known-time contracts for each clock; exact occurrence and reset law; S16 phenotype reconciliation; ATR/scale and label/fill/ambiguity binding; matching/support and draw/seed rules; exact M0/M1 estimator/features/regularization/calibration binding where applicable; prefix-known landmark schedule/weights; consumer margins, costs, precision/power and sufficiency gates; exact temporal folds and untouched-evidence proof; one inferential procedure; independent acceptance; resource estimate/budget; existing-ledger registration only through a separately approved admitted carrier; Bind actual incumbent and common population/reference convention; historical selected test half remains exposed","OFFLINE_RESEARCH_PROPOSAL_ONLY; no canonical trial ID, registration, admission, dispatch, outcome execution, production, rank, gate, size or promotion authority",TOI_Recovery_Masterplan_2026-10-03.md,K1-K9,0426631f0a2e3c7243530a2ad859c5e36857768c43d0649ab17210d1c2246be8
TOI-W3-PROPOSAL-CFG-0038,W3-A,CONFIRMATION_POLICY,POST_TRIGGER_POLICY,D1,Source-bound vol_squeeze.assess_series percentile25/minimum compression5/release window3/original range and TTM dependencies; historical price-release population retained; volume attribute separate; phenotype reconciliation pending,W,UP,PV,POLICY_CO_PRIMARIES,NONE,No fitted forecast competitor in this construction,,W,"[""TOI-W3-PROPOSAL-CFG-0009""]",False-path admissions and timely capture under the same original cohort and expiry,Two co-primaries: false-path admissions per original trigger; timely favorable-path capture per original trigger,Every original raw D1 directional trigger; retain never-confirmed/no-entry/failed/expired/no-fill/missing-input cases; do not recode unknown participation as false,10,FIRST_CAUSALLY_RECOGNIZED_FORMING_ONSET; TEN_SUBSEQUENT_COMPLETED_NATIVE_BARS; ORIGIN_EXCLUDED,21,ORIGINAL_FIRST_FEASIBLE_P0_REFERENCE; SAME_ORIGINAL_DEADLINE_ACROSS_POLICIES_CLOCKS_AND_LANDMARKS,+1 frozen trigger ATR before -1 frozen trigger ATR; unresolved retained; ATR recipe requires source binding; adverse first passage is NOT structural fakeout,"OBSERVED_PREFIX_ONLY: predeclared elapsed-age landmarks; fixed weight for each eligible occurrence at a landmark, or separately frozen equal-snapshot normalization using only eligible cases already known at that snapshot; NEVER divide by eventual surviving landmark count; preserve proper at-risk exposure; current forecasts use remaining time to fixed origin deadline","{""evaluation_time"":""TRIGGER_ONLY"",""extra_wait_bars"":0,""minimum_compression"":5,""original_range_TTM_dependencies"":""SOURCE_BOUND"",""percentile"":25,""phenotype"":""PRICE_RELEASE_VOLUME_ATTRIBUTE_SEPARATE_RECONCILIATION_PENDING"",""rejected_episode"":""NO_LATER_VOLUME_SEARCH"",""release_window"":3,""unknown_volume"":""MISSING_NOT_FALSE"",""volume_confirmation_threshold"":1.3}",PROPOSED_NOT_REGISTERED_HOLD,"Qualified program ancestry only: S16 esx_sq_phase0 has 12 historical declared trials and report/run evidence, not 12 newly reconstructed itemized rows; S16 v1.0 accruing/unshipped does not confer new clock/direction/model/consumer authority. Def4 is a separate DRAFT 10-trial/46-cell reservation with zero canonical ledger rows at Macro 5fc7af4a1aa2510966a7b566f97e5b894f2632f8. This proposal does not claim all-time search=12+218.","BEFORE_OUTCOMES: incumbent owner review and approval; qualified corpus/cutoff/source/session/basis/rights/PIT/known-time contracts for each clock; exact occurrence and reset law; S16 phenotype reconciliation; ATR/scale and label/fill/ambiguity binding; matching/support and draw/seed rules; exact M0/M1 estimator/features/regularization/calibration binding where applicable; prefix-known landmark schedule/weights; consumer margins, costs, precision/power and sufficiency gates; exact temporal folds and untouched-evidence proof; one inferential procedure; independent acceptance; resource estimate/budget; existing-ledger registration only through a separately approved admitted carrier; Freeze capture noninferiority margin and false-admission/consumer practical gates; PH cancels on original adverse barrier, structural invalidation or expiry","OFFLINE_RESEARCH_PROPOSAL_ONLY; no canonical trial ID, registration, admission, dispatch, outcome execution, production, rank, gate, size or promotion authority",TOI_Recovery_Masterplan_2026-10-03.md,K1-K9,0426631f0a2e3c7243530a2ad859c5e36857768c43d0649ab17210d1c2246be8
TOI-W3-PROPOSAL-CFG-0039,W3-A,CONFIRMATION_POLICY,POST_TRIGGER_POLICY,D1,Source-bound vol_squeeze.assess_series percentile25/minimum compression5/release window3/original range and TTM dependencies; historical price-release population retained; volume attribute separate; phenotype reconciliation pending,W,DOWN,PV,POLICY_CO_PRIMARIES,NONE,No fitted forecast competitor in this construction,,W,"[""TOI-W3-PROPOSAL-CFG-0010""]",False-path admissions and timely capture under the same original cohort and expiry,Two co-primaries: false-path admissions per original trigger; timely favorable-path capture per original trigger,Every original raw D1 directional trigger; retain never-confirmed/no-entry/failed/expired/no-fill/missing-input cases; do not recode unknown participation as false,10,FIRST_CAUSALLY_RECOGNIZED_FORMING_ONSET; TEN_SUBSEQUENT_COMPLETED_NATIVE_BARS; ORIGIN_EXCLUDED,21,ORIGINAL_FIRST_FEASIBLE_P0_REFERENCE; SAME_ORIGINAL_DEADLINE_ACROSS_POLICIES_CLOCKS_AND_LANDMARKS,+1 frozen trigger ATR before -1 frozen trigger ATR; unresolved retained; ATR recipe requires source binding; adverse first passage is NOT structural fakeout,"OBSERVED_PREFIX_ONLY: predeclared elapsed-age landmarks; fixed weight for each eligible occurrence at a landmark, or separately frozen equal-snapshot normalization using only eligible cases already known at that snapshot; NEVER divide by eventual surviving landmark count; preserve proper at-risk exposure; current forecasts use remaining time to fixed origin deadline","{""evaluation_time"":""TRIGGER_ONLY"",""extra_wait_bars"":0,""minimum_compression"":5,""original_range_TTM_dependencies"":""SOURCE_BOUND"",""percentile"":25,""phenotype"":""PRICE_RELEASE_VOLUME_ATTRIBUTE_SEPARATE_RECONCILIATION_PENDING"",""rejected_episode"":""NO_LATER_VOLUME_SEARCH"",""release_window"":3,""unknown_volume"":""MISSING_NOT_FALSE"",""volume_confirmation_threshold"":1.3}",PROPOSED_NOT_REGISTERED_HOLD,"Qualified program ancestry only: S16 esx_sq_phase0 has 12 historical declared trials and report/run evidence, not 12 newly reconstructed itemized rows; S16 v1.0 accruing/unshipped does not confer new clock/direction/model/consumer authority. Def4 is a separate DRAFT 10-trial/46-cell reservation with zero canonical ledger rows at Macro 5fc7af4a1aa2510966a7b566f97e5b894f2632f8. This proposal does not claim all-time search=12+218.","BEFORE_OUTCOMES: incumbent owner review and approval; qualified corpus/cutoff/source/session/basis/rights/PIT/known-time contracts for each clock; exact occurrence and reset law; S16 phenotype reconciliation; ATR/scale and label/fill/ambiguity binding; matching/support and draw/seed rules; exact M0/M1 estimator/features/regularization/calibration binding where applicable; prefix-known landmark schedule/weights; consumer margins, costs, precision/power and sufficiency gates; exact temporal folds and untouched-evidence proof; one inferential procedure; independent acceptance; resource estimate/budget; existing-ledger registration only through a separately approved admitted carrier; Freeze capture noninferiority margin and false-admission/consumer practical gates; PH cancels on original adverse barrier, structural invalidation or expiry","OFFLINE_RESEARCH_PROPOSAL_ONLY; no canonical trial ID, registration, admission, dispatch, outcome execution, production, rank, gate, size or promotion authority",TOI_Recovery_Masterplan_2026-10-03.md,K1-K9,0426631f0a2e3c7243530a2ad859c5e36857768c43d0649ab17210d1c2246be8
TOI-W3-PROPOSAL-CFG-0040,W3-A,CONFIRMATION_POLICY,POST_TRIGGER_POLICY,D1,Source-bound vol_squeeze.assess_series percentile25/minimum compression5/release window3/original range and TTM dependencies; historical price-release population retained; volume attribute separate; phenotype reconciliation pending,D,UP,PV,POLICY_CO_PRIMARIES,NONE,No fitted forecast competitor in this construction,,D,"[""TOI-W3-PROPOSAL-CFG-0011""]",False-path admissions and timely capture under the same original cohort and expiry,Two co-primaries: false-path admissions per original trigger; timely favorable-path capture per original trigger,Every original raw D1 directional trigger; retain never-confirmed/no-entry/failed/expired/no-fill/missing-input cases; do not recode unknown participation as false,10,FIRST_CAUSALLY_RECOGNIZED_FORMING_ONSET; TEN_SUBSEQUENT_COMPLETED_NATIVE_BARS; ORIGIN_EXCLUDED,21,ORIGINAL_FIRST_FEASIBLE_P0_REFERENCE; SAME_ORIGINAL_DEADLINE_ACROSS_POLICIES_CLOCKS_AND_LANDMARKS,+1 frozen trigger ATR before -1 frozen trigger ATR; unresolved retained; ATR recipe requires source binding; adverse first passage is NOT structural fakeout,"OBSERVED_PREFIX_ONLY: predeclared elapsed-age landmarks; fixed weight for each eligible occurrence at a landmark, or separately frozen equal-snapshot normalization using only eligible cases already known at that snapshot; NEVER divide by eventual surviving landmark count; preserve proper at-risk exposure; current forecasts use remaining time to fixed origin deadline","{""evaluation_time"":""TRIGGER_ONLY"",""extra_wait_bars"":0,""minimum_compression"":5,""original_range_TTM_dependencies"":""SOURCE_BOUND"",""percentile"":25,""phenotype"":""PRICE_RELEASE_VOLUME_ATTRIBUTE_SEPARATE_RECONCILIATION_PENDING"",""rejected_episode"":""NO_LATER_VOLUME_SEARCH"",""release_window"":3,""unknown_volume"":""MISSING_NOT_FALSE"",""volume_confirmation_threshold"":1.3}",PROPOSED_NOT_REGISTERED_HOLD,"Qualified program ancestry only: S16 esx_sq_phase0 has 12 historical declared trials and report/run evidence, not 12 newly reconstructed itemized rows; S16 v1.0 accruing/unshipped does not confer new clock/direction/model/consumer authority. Def4 is a separate DRAFT 10-trial/46-cell reservation with zero canonical ledger rows at Macro 5fc7af4a1aa2510966a7b566f97e5b894f2632f8. This proposal does not claim all-time search=12+218.","BEFORE_OUTCOMES: incumbent owner review and approval; qualified corpus/cutoff/source/session/basis/rights/PIT/known-time contracts for each clock; exact occurrence and reset law; S16 phenotype reconciliation; ATR/scale and label/fill/ambiguity binding; matching/support and draw/seed rules; exact M0/M1 estimator/features/regularization/calibration binding where applicable; prefix-known landmark schedule/weights; consumer margins, costs, precision/power and sufficiency gates; exact temporal folds and untouched-evidence proof; one inferential procedure; independent acceptance; resource estimate/budget; existing-ledger registration only through a separately approved admitted carrier; Freeze capture noninferiority margin and false-admission/consumer practical gates; PH cancels on original adverse barrier, structural invalidation or expiry","OFFLINE_RESEARCH_PROPOSAL_ONLY; no canonical trial ID, registration, admission, dispatch, outcome execution, production, rank, gate, size or promotion authority",TOI_Recovery_Masterplan_2026-10-03.md,K1-K9,0426631f0a2e3c7243530a2ad859c5e36857768c43d0649ab17210d1c2246be8
TOI-W3-PROPOSAL-CFG-0041,W3-A,CONFIRMATION_POLICY,POST_TRIGGER_POLICY,D1,Source-bound vol_squeeze.assess_series percentile25/minimum compression5/release window3/original range and TTM dependencies; historical price-release population retained; volume attribute separate; phenotype reconciliation pending,D,DOWN,PV,POLICY_CO_PRIMARIES,NONE,No fitted forecast competitor in this construction,,D,"[""TOI-W3-PROPOSAL-CFG-0012""]",False-path admissions and timely capture under the same original cohort and expiry,Two co-primaries: false-path admissions per original trigger; timely favorable-path capture per original trigger,Every original raw D1 directional trigger; retain never-confirmed/no-entry/failed/expired/no-fill/missing-input cases; do not recode unknown participation as false,10,FIRST_CAUSALLY_RECOGNIZED_FORMING_ONSET; TEN_SUBSEQUENT_COMPLETED_NATIVE_BARS; ORIGIN_EXCLUDED,21,ORIGINAL_FIRST_FEASIBLE_P0_REFERENCE; SAME_ORIGINAL_DEADLINE_ACROSS_POLICIES_CLOCKS_AND_LANDMARKS,+1 frozen trigger ATR before -1 frozen trigger ATR; unresolved retained; ATR recipe requires source binding; adverse first passage is NOT structural fakeout,"OBSERVED_PREFIX_ONLY: predeclared elapsed-age landmarks; fixed weight for each eligible occurrence at a landmark, or separately frozen equal-snapshot normalization using only eligible cases already known at that snapshot; NEVER divide by eventual surviving landmark count; preserve proper at-risk exposure; current forecasts use remaining time to fixed origin deadline","{""evaluation_time"":""TRIGGER_ONLY"",""extra_wait_bars"":0,""minimum_compression"":5,""original_range_TTM_dependencies"":""SOURCE_BOUND"",""percentile"":25,""phenotype"":""PRICE_RELEASE_VOLUME_ATTRIBUTE_SEPARATE_RECONCILIATION_PENDING"",""rejected_episode"":""NO_LATER_VOLUME_SEARCH"",""release_window"":3,""unknown_volume"":""MISSING_NOT_FALSE"",""volume_confirmation_threshold"":1.3}",PROPOSED_NOT_REGISTERED_HOLD,"Qualified program ancestry only: S16 esx_sq_phase0 has 12 historical declared trials and report/run evidence, not 12 newly reconstructed itemized rows; S16 v1.0 accruing/unshipped does not confer new clock/direction/model/consumer authority. Def4 is a separate DRAFT 10-trial/46-cell reservation with zero canonical ledger rows at Macro 5fc7af4a1aa2510966a7b566f97e5b894f2632f8. This proposal does not claim all-time search=12+218.","BEFORE_OUTCOMES: incumbent owner review and approval; qualified corpus/cutoff/source/session/basis/rights/PIT/known-time contracts for each clock; exact occurrence and reset law; S16 phenotype reconciliation; ATR/scale and label/fill/ambiguity binding; matching/support and draw/seed rules; exact M0/M1 estimator/features/regularization/calibration binding where applicable; prefix-known landmark schedule/weights; consumer margins, costs, precision/power and sufficiency gates; exact temporal folds and untouched-evidence proof; one inferential procedure; independent acceptance; resource estimate/budget; existing-ledger registration only through a separately approved admitted carrier; Freeze capture noninferiority margin and false-admission/consumer practical gates; PH cancels on original adverse barrier, structural invalidation or expiry","OFFLINE_RESEARCH_PROPOSAL_ONLY; no canonical trial ID, registration, admission, dispatch, outcome execution, production, rank, gate, size or promotion authority",TOI_Recovery_Masterplan_2026-10-03.md,K1-K9,0426631f0a2e3c7243530a2ad859c5e36857768c43d0649ab17210d1c2246be8
TOI-W3-PROPOSAL-CFG-0042,W3-A,CONFIRMATION_POLICY,POST_TRIGGER_POLICY,D1,Source-bound vol_squeeze.assess_series percentile25/minimum compression5/release window3/original range and TTM dependencies; historical price-release population retained; volume attribute separate; phenotype reconciliation pending,4H-CLOCK,UP,PV,POLICY_CO_PRIMARIES,NONE,No fitted forecast competitor in this construction,,4H-CLOCK,"[""TOI-W3-PROPOSAL-CFG-0013""]",False-path admissions and timely capture under the same original cohort and expiry,Two co-primaries: false-path admissions per original trigger; timely favorable-path capture per original trigger,Every original raw D1 directional trigger; retain never-confirmed/no-entry/failed/expired/no-fill/missing-input cases; do not recode unknown participation as false,10,FIRST_CAUSALLY_RECOGNIZED_FORMING_ONSET; TEN_SUBSEQUENT_COMPLETED_NATIVE_BARS; ORIGIN_EXCLUDED,21,ORIGINAL_FIRST_FEASIBLE_P0_REFERENCE; SAME_ORIGINAL_DEADLINE_ACROSS_POLICIES_CLOCKS_AND_LANDMARKS,+1 frozen trigger ATR before -1 frozen trigger ATR; unresolved retained; ATR recipe requires source binding; adverse first passage is NOT structural fakeout,"OBSERVED_PREFIX_ONLY: predeclared elapsed-age landmarks; fixed weight for each eligible occurrence at a landmark, or separately frozen equal-snapshot normalization using only eligible cases already known at that snapshot; NEVER divide by eventual surviving landmark count; preserve proper at-risk exposure; current forecasts use remaining time to fixed origin deadline","{""evaluation_time"":""TRIGGER_ONLY"",""extra_wait_bars"":0,""minimum_compression"":5,""original_range_TTM_dependencies"":""SOURCE_BOUND"",""percentile"":25,""phenotype"":""PRICE_RELEASE_VOLUME_ATTRIBUTE_SEPARATE_RECONCILIATION_PENDING"",""rejected_episode"":""NO_LATER_VOLUME_SEARCH"",""release_window"":3,""unknown_volume"":""MISSING_NOT_FALSE"",""volume_confirmation_threshold"":1.3}",PROPOSED_NOT_REGISTERED_HOLD,"Qualified program ancestry only: S16 esx_sq_phase0 has 12 historical declared trials and report/run evidence, not 12 newly reconstructed itemized rows; S16 v1.0 accruing/unshipped does not confer new clock/direction/model/consumer authority. Def4 is a separate DRAFT 10-trial/46-cell reservation with zero canonical ledger rows at Macro 5fc7af4a1aa2510966a7b566f97e5b894f2632f8. This proposal does not claim all-time search=12+218.","BEFORE_OUTCOMES: incumbent owner review and approval; qualified corpus/cutoff/source/session/basis/rights/PIT/known-time contracts for each clock; exact occurrence and reset law; S16 phenotype reconciliation; ATR/scale and label/fill/ambiguity binding; matching/support and draw/seed rules; exact M0/M1 estimator/features/regularization/calibration binding where applicable; prefix-known landmark schedule/weights; consumer margins, costs, precision/power and sufficiency gates; exact temporal folds and untouched-evidence proof; one inferential procedure; independent acceptance; resource estimate/budget; existing-ledger registration only through a separately approved admitted carrier; Freeze capture noninferiority margin and false-admission/consumer practical gates; PH cancels on original adverse barrier, structural invalidation or expiry","OFFLINE_RESEARCH_PROPOSAL_ONLY; no canonical trial ID, registration, admission, dispatch, outcome execution, production, rank, gate, size or promotion authority",TOI_Recovery_Masterplan_2026-10-03.md,K1-K9,0426631f0a2e3c7243530a2ad859c5e36857768c43d0649ab17210d1c2246be8
TOI-W3-PROPOSAL-CFG-0043,W3-A,CONFIRMATION_POLICY,POST_TRIGGER_POLICY,D1,Source-bound vol_squeeze.assess_series percentile25/minimum compression5/release window3/original range and TTM dependencies; historical price-release population retained; volume attribute separate; phenotype reconciliation pending,4H-CLOCK,DOWN,PV,POLICY_CO_PRIMARIES,NONE,No fitted forecast competitor in this construction,,4H-CLOCK,"[""TOI-W3-PROPOSAL-CFG-0014""]",False-path admissions and timely capture under the same original cohort and expiry,Two co-primaries: false-path admissions per original trigger; timely favorable-path capture per original trigger,Every original raw D1 directional trigger; retain never-confirmed/no-entry/failed/expired/no-fill/missing-input cases; do not recode unknown participation as false,10,FIRST_CAUSALLY_RECOGNIZED_FORMING_ONSET; TEN_SUBSEQUENT_COMPLETED_NATIVE_BARS; ORIGIN_EXCLUDED,21,ORIGINAL_FIRST_FEASIBLE_P0_REFERENCE; SAME_ORIGINAL_DEADLINE_ACROSS_POLICIES_CLOCKS_AND_LANDMARKS,+1 frozen trigger ATR before -1 frozen trigger ATR; unresolved retained; ATR recipe requires source binding; adverse first passage is NOT structural fakeout,"OBSERVED_PREFIX_ONLY: predeclared elapsed-age landmarks; fixed weight for each eligible occurrence at a landmark, or separately frozen equal-snapshot normalization using only eligible cases already known at that snapshot; NEVER divide by eventual surviving landmark count; preserve proper at-risk exposure; current forecasts use remaining time to fixed origin deadline","{""evaluation_time"":""TRIGGER_ONLY"",""extra_wait_bars"":0,""minimum_compression"":5,""original_range_TTM_dependencies"":""SOURCE_BOUND"",""percentile"":25,""phenotype"":""PRICE_RELEASE_VOLUME_ATTRIBUTE_SEPARATE_RECONCILIATION_PENDING"",""rejected_episode"":""NO_LATER_VOLUME_SEARCH"",""release_window"":3,""unknown_volume"":""MISSING_NOT_FALSE"",""volume_confirmation_threshold"":1.3}",PROPOSED_NOT_REGISTERED_HOLD,"Qualified program ancestry only: S16 esx_sq_phase0 has 12 historical declared trials and report/run evidence, not 12 newly reconstructed itemized rows; S16 v1.0 accruing/unshipped does not confer new clock/direction/model/consumer authority. Def4 is a separate DRAFT 10-trial/46-cell reservation with zero canonical ledger rows at Macro 5fc7af4a1aa2510966a7b566f97e5b894f2632f8. This proposal does not claim all-time search=12+218.","BEFORE_OUTCOMES: incumbent owner review and approval; qualified corpus/cutoff/source/session/basis/rights/PIT/known-time contracts for each clock; exact occurrence and reset law; S16 phenotype reconciliation; ATR/scale and label/fill/ambiguity binding; matching/support and draw/seed rules; exact M0/M1 estimator/features/regularization/calibration binding where applicable; prefix-known landmark schedule/weights; consumer margins, costs, precision/power and sufficiency gates; exact temporal folds and untouched-evidence proof; one inferential procedure; independent acceptance; resource estimate/budget; existing-ledger registration only through a separately approved admitted carrier; Freeze capture noninferiority margin and false-admission/consumer practical gates; PH cancels on original adverse barrier, structural invalidation or expiry","OFFLINE_RESEARCH_PROPOSAL_ONLY; no canonical trial ID, registration, admission, dispatch, outcome execution, production, rank, gate, size or promotion authority",TOI_Recovery_Masterplan_2026-10-03.md,K1-K9,0426631f0a2e3c7243530a2ad859c5e36857768c43d0649ab17210d1c2246be8
TOI-W3-PROPOSAL-CFG-0044,W3-A,CONFIRMATION_POLICY,POST_TRIGGER_POLICY,D1,Source-bound vol_squeeze.assess_series percentile25/minimum compression5/release window3/original range and TTM dependencies; historical price-release population retained; volume attribute separate; phenotype reconciliation pending,195M-RTH,UP,PV,POLICY_CO_PRIMARIES,NONE,No fitted forecast competitor in this construction,,195M-RTH,"[""TOI-W3-PROPOSAL-CFG-0015""]",False-path admissions and timely capture under the same original cohort and expiry,Two co-primaries: false-path admissions per original trigger; timely favorable-path capture per original trigger,Every original raw D1 directional trigger; retain never-confirmed/no-entry/failed/expired/no-fill/missing-input cases; do not recode unknown participation as false,10,FIRST_CAUSALLY_RECOGNIZED_FORMING_ONSET; TEN_SUBSEQUENT_COMPLETED_NATIVE_BARS; ORIGIN_EXCLUDED,21,ORIGINAL_FIRST_FEASIBLE_P0_REFERENCE; SAME_ORIGINAL_DEADLINE_ACROSS_POLICIES_CLOCKS_AND_LANDMARKS,+1 frozen trigger ATR before -1 frozen trigger ATR; unresolved retained; ATR recipe requires source binding; adverse first passage is NOT structural fakeout,"OBSERVED_PREFIX_ONLY: predeclared elapsed-age landmarks; fixed weight for each eligible occurrence at a landmark, or separately frozen equal-snapshot normalization using only eligible cases already known at that snapshot; NEVER divide by eventual surviving landmark count; preserve proper at-risk exposure; current forecasts use remaining time to fixed origin deadline","{""evaluation_time"":""TRIGGER_ONLY"",""extra_wait_bars"":0,""minimum_compression"":5,""original_range_TTM_dependencies"":""SOURCE_BOUND"",""percentile"":25,""phenotype"":""PRICE_RELEASE_VOLUME_ATTRIBUTE_SEPARATE_RECONCILIATION_PENDING"",""rejected_episode"":""NO_LATER_VOLUME_SEARCH"",""release_window"":3,""unknown_volume"":""MISSING_NOT_FALSE"",""volume_confirmation_threshold"":1.3}",PROPOSED_NOT_REGISTERED_HOLD,"Qualified program ancestry only: S16 esx_sq_phase0 has 12 historical declared trials and report/run evidence, not 12 newly reconstructed itemized rows; S16 v1.0 accruing/unshipped does not confer new clock/direction/model/consumer authority. Def4 is a separate DRAFT 10-trial/46-cell reservation with zero canonical ledger rows at Macro 5fc7af4a1aa2510966a7b566f97e5b894f2632f8. This proposal does not claim all-time search=12+218.","BEFORE_OUTCOMES: incumbent owner review and approval; qualified corpus/cutoff/source/session/basis/rights/PIT/known-time contracts for each clock; exact occurrence and reset law; S16 phenotype reconciliation; ATR/scale and label/fill/ambiguity binding; matching/support and draw/seed rules; exact M0/M1 estimator/features/regularization/calibration binding where applicable; prefix-known landmark schedule/weights; consumer margins, costs, precision/power and sufficiency gates; exact temporal folds and untouched-evidence proof; one inferential procedure; independent acceptance; resource estimate/budget; existing-ledger registration only through a separately approved admitted carrier; Freeze capture noninferiority margin and false-admission/consumer practical gates; PH cancels on original adverse barrier, structural invalidation or expiry","OFFLINE_RESEARCH_PROPOSAL_ONLY; no canonical trial ID, registration, admission, dispatch, outcome execution, production, rank, gate, size or promotion authority",TOI_Recovery_Masterplan_2026-10-03.md,K1-K9,0426631f0a2e3c7243530a2ad859c5e36857768c43d0649ab17210d1c2246be8
TOI-W3-PROPOSAL-CFG-0045,W3-A,CONFIRMATION_POLICY,POST_TRIGGER_POLICY,D1,Source-bound vol_squeeze.assess_series percentile25/minimum compression5/release window3/original range and TTM dependencies; historical price-release population retained; volume attribute separate; phenotype reconciliation pending,195M-RTH,DOWN,PV,POLICY_CO_PRIMARIES,NONE,No fitted forecast competitor in this construction,,195M-RTH,"[""TOI-W3-PROPOSAL-CFG-0016""]",False-path admissions and timely capture under the same original cohort and expiry,Two co-primaries: false-path admissions per original trigger; timely favorable-path capture per original trigger,Every original raw D1 directional trigger; retain never-confirmed/no-entry/failed/expired/no-fill/missing-input cases; do not recode unknown participation as false,10,FIRST_CAUSALLY_RECOGNIZED_FORMING_ONSET; TEN_SUBSEQUENT_COMPLETED_NATIVE_BARS; ORIGIN_EXCLUDED,21,ORIGINAL_FIRST_FEASIBLE_P0_REFERENCE; SAME_ORIGINAL_DEADLINE_ACROSS_POLICIES_CLOCKS_AND_LANDMARKS,+1 frozen trigger ATR before -1 frozen trigger ATR; unresolved retained; ATR recipe requires source binding; adverse first passage is NOT structural fakeout,"OBSERVED_PREFIX_ONLY: predeclared elapsed-age landmarks; fixed weight for each eligible occurrence at a landmark, or separately frozen equal-snapshot normalization using only eligible cases already known at that snapshot; NEVER divide by eventual surviving landmark count; preserve proper at-risk exposure; current forecasts use remaining time to fixed origin deadline","{""evaluation_time"":""TRIGGER_ONLY"",""extra_wait_bars"":0,""minimum_compression"":5,""original_range_TTM_dependencies"":""SOURCE_BOUND"",""percentile"":25,""phenotype"":""PRICE_RELEASE_VOLUME_ATTRIBUTE_SEPARATE_RECONCILIATION_PENDING"",""rejected_episode"":""NO_LATER_VOLUME_SEARCH"",""release_window"":3,""unknown_volume"":""MISSING_NOT_FALSE"",""volume_confirmation_threshold"":1.3}",PROPOSED_NOT_REGISTERED_HOLD,"Qualified program ancestry only: S16 esx_sq_phase0 has 12 historical declared trials and report/run evidence, not 12 newly reconstructed itemized rows; S16 v1.0 accruing/unshipped does not confer new clock/direction/model/consumer authority. Def4 is a separate DRAFT 10-trial/46-cell reservation with zero canonical ledger rows at Macro 5fc7af4a1aa2510966a7b566f97e5b894f2632f8. This proposal does not claim all-time search=12+218.","BEFORE_OUTCOMES: incumbent owner review and approval; qualified corpus/cutoff/source/session/basis/rights/PIT/known-time contracts for each clock; exact occurrence and reset law; S16 phenotype reconciliation; ATR/scale and label/fill/ambiguity binding; matching/support and draw/seed rules; exact M0/M1 estimator/features/regularization/calibration binding where applicable; prefix-known landmark schedule/weights; consumer margins, costs, precision/power and sufficiency gates; exact temporal folds and untouched-evidence proof; one inferential procedure; independent acceptance; resource estimate/budget; existing-ledger registration only through a separately approved admitted carrier; Freeze capture noninferiority margin and false-admission/consumer practical gates; PH cancels on original adverse barrier, structural invalidation or expiry","OFFLINE_RESEARCH_PROPOSAL_ONLY; no canonical trial ID, registration, admission, dispatch, outcome execution, production, rank, gate, size or promotion authority",TOI_Recovery_Masterplan_2026-10-03.md,K1-K9,0426631f0a2e3c7243530a2ad859c5e36857768c43d0649ab17210d1c2246be8
TOI-W3-PROPOSAL-CFG-0046,W3-A,CONFIRMATION_POLICY,POST_TRIGGER_POLICY,D1,Source-bound vol_squeeze.assess_series percentile25/minimum compression5/release window3/original range and TTM dependencies; historical price-release population retained; volume attribute separate; phenotype reconciliation pending,W,UP,PH,POLICY_CO_PRIMARIES,NONE,No fitted forecast competitor in this construction,,W,"[""TOI-W3-PROPOSAL-CFG-0009""]",False-path admissions and timely capture under the same original cohort and expiry,Two co-primaries: false-path admissions per original trigger; timely favorable-path capture per original trigger,Every original raw D1 directional trigger; retain never-confirmed/no-entry/failed/expired/no-fill/missing-input cases; do not recode unknown participation as false,10,FIRST_CAUSALLY_RECOGNIZED_FORMING_ONSET; TEN_SUBSEQUENT_COMPLETED_NATIVE_BARS; ORIGIN_EXCLUDED,21,ORIGINAL_FIRST_FEASIBLE_P0_REFERENCE; SAME_ORIGINAL_DEADLINE_ACROSS_POLICIES_CLOCKS_AND_LANDMARKS,+1 frozen trigger ATR before -1 frozen trigger ATR; unresolved retained; ATR recipe requires source binding; adverse first passage is NOT structural fakeout,"OBSERVED_PREFIX_ONLY: predeclared elapsed-age landmarks; fixed weight for each eligible occurrence at a landmark, or separately frozen equal-snapshot normalization using only eligible cases already known at that snapshot; NEVER divide by eventual surviving landmark count; preserve proper at-risk exposure; current forecasts use remaining time to fixed origin deadline","{""boundary"":""ORIGINAL_FROZEN_BOUNDARY"",""cancel_on"":[""ORIGINAL_ADVERSE_BARRIER"",""STRUCTURAL_INVALIDATION"",""EXPIRY""],""combined_PV_PH"":false,""minimum_compression"":5,""original_range_TTM_dependencies"":""SOURCE_BOUND"",""percentile"":25,""phenotype"":""PRICE_RELEASE_VOLUME_ATTRIBUTE_SEPARATE_RECONCILIATION_PENDING"",""release_window"":3,""wait_subsequent_completed_bars"":1}",PROPOSED_NOT_REGISTERED_HOLD,"Qualified program ancestry only: S16 esx_sq_phase0 has 12 historical declared trials and report/run evidence, not 12 newly reconstructed itemized rows; S16 v1.0 accruing/unshipped does not confer new clock/direction/model/consumer authority. Def4 is a separate DRAFT 10-trial/46-cell reservation with zero canonical ledger rows at Macro 5fc7af4a1aa2510966a7b566f97e5b894f2632f8. This proposal does not claim all-time search=12+218.","BEFORE_OUTCOMES: incumbent owner review and approval; qualified corpus/cutoff/source/session/basis/rights/PIT/known-time contracts for each clock; exact occurrence and reset law; S16 phenotype reconciliation; ATR/scale and label/fill/ambiguity binding; matching/support and draw/seed rules; exact M0/M1 estimator/features/regularization/calibration binding where applicable; prefix-known landmark schedule/weights; consumer margins, costs, precision/power and sufficiency gates; exact temporal folds and untouched-evidence proof; one inferential procedure; independent acceptance; resource estimate/budget; existing-ledger registration only through a separately approved admitted carrier; Freeze capture noninferiority margin and false-admission/consumer practical gates; PH cancels on original adverse barrier, structural invalidation or expiry","OFFLINE_RESEARCH_PROPOSAL_ONLY; no canonical trial ID, registration, admission, dispatch, outcome execution, production, rank, gate, size or promotion authority",TOI_Recovery_Masterplan_2026-10-03.md,K1-K9,0426631f0a2e3c7243530a2ad859c5e36857768c43d0649ab17210d1c2246be8
TOI-W3-PROPOSAL-CFG-0047,W3-A,CONFIRMATION_POLICY,POST_TRIGGER_POLICY,D1,Source-bound vol_squeeze.assess_series percentile25/minimum compression5/release window3/original range and TTM dependencies; historical price-release population retained; volume attribute separate; phenotype reconciliation pending,W,DOWN,PH,POLICY_CO_PRIMARIES,NONE,No fitted forecast competitor in this construction,,W,"[""TOI-W3-PROPOSAL-CFG-0010""]",False-path admissions and timely capture under the same original cohort and expiry,Two co-primaries: false-path admissions per original trigger; timely favorable-path capture per original trigger,Every original raw D1 directional trigger; retain never-confirmed/no-entry/failed/expired/no-fill/missing-input cases; do not recode unknown participation as false,10,FIRST_CAUSALLY_RECOGNIZED_FORMING_ONSET; TEN_SUBSEQUENT_COMPLETED_NATIVE_BARS; ORIGIN_EXCLUDED,21,ORIGINAL_FIRST_FEASIBLE_P0_REFERENCE; SAME_ORIGINAL_DEADLINE_ACROSS_POLICIES_CLOCKS_AND_LANDMARKS,+1 frozen trigger ATR before -1 frozen trigger ATR; unresolved retained; ATR recipe requires source binding; adverse first passage is NOT structural fakeout,"OBSERVED_PREFIX_ONLY: predeclared elapsed-age landmarks; fixed weight for each eligible occurrence at a landmark, or separately frozen equal-snapshot normalization using only eligible cases already known at that snapshot; NEVER divide by eventual surviving landmark count; preserve proper at-risk exposure; current forecasts use remaining time to fixed origin deadline","{""boundary"":""ORIGINAL_FROZEN_BOUNDARY"",""cancel_on"":[""ORIGINAL_ADVERSE_BARRIER"",""STRUCTURAL_INVALIDATION"",""EXPIRY""],""combined_PV_PH"":false,""minimum_compression"":5,""original_range_TTM_dependencies"":""SOURCE_BOUND"",""percentile"":25,""phenotype"":""PRICE_RELEASE_VOLUME_ATTRIBUTE_SEPARATE_RECONCILIATION_PENDING"",""release_window"":3,""wait_subsequent_completed_bars"":1}",PROPOSED_NOT_REGISTERED_HOLD,"Qualified program ancestry only: S16 esx_sq_phase0 has 12 historical declared trials and report/run evidence, not 12 newly reconstructed itemized rows; S16 v1.0 accruing/unshipped does not confer new clock/direction/model/consumer authority. Def4 is a separate DRAFT 10-trial/46-cell reservation with zero canonical ledger rows at Macro 5fc7af4a1aa2510966a7b566f97e5b894f2632f8. This proposal does not claim all-time search=12+218.","BEFORE_OUTCOMES: incumbent owner review and approval; qualified corpus/cutoff/source/session/basis/rights/PIT/known-time contracts for each clock; exact occurrence and reset law; S16 phenotype reconciliation; ATR/scale and label/fill/ambiguity binding; matching/support and draw/seed rules; exact M0/M1 estimator/features/regularization/calibration binding where applicable; prefix-known landmark schedule/weights; consumer margins, costs, precision/power and sufficiency gates; exact temporal folds and untouched-evidence proof; one inferential procedure; independent acceptance; resource estimate/budget; existing-ledger registration only through a separately approved admitted carrier; Freeze capture noninferiority margin and false-admission/consumer practical gates; PH cancels on original adverse barrier, structural invalidation or expiry","OFFLINE_RESEARCH_PROPOSAL_ONLY; no canonical trial ID, registration, admission, dispatch, outcome execution, production, rank, gate, size or promotion authority",TOI_Recovery_Masterplan_2026-10-03.md,K1-K9,0426631f0a2e3c7243530a2ad859c5e36857768c43d0649ab17210d1c2246be8
TOI-W3-PROPOSAL-CFG-0048,W3-A,CONFIRMATION_POLICY,POST_TRIGGER_POLICY,D1,Source-bound vol_squeeze.assess_series percentile25/minimum compression5/release window3/original range and TTM dependencies; historical price-release population retained; volume attribute separate; phenotype reconciliation pending,D,UP,PH,POLICY_CO_PRIMARIES,NONE,No fitted forecast competitor in this construction,,D,"[""TOI-W3-PROPOSAL-CFG-0011""]",False-path admissions and timely capture under the same original cohort and expiry,Two co-primaries: false-path admissions per original trigger; timely favorable-path capture per original trigger,Every original raw D1 directional trigger; retain never-confirmed/no-entry/failed/expired/no-fill/missing-input cases; do not recode unknown participation as false,10,FIRST_CAUSALLY_RECOGNIZED_FORMING_ONSET; TEN_SUBSEQUENT_COMPLETED_NATIVE_BARS; ORIGIN_EXCLUDED,21,ORIGINAL_FIRST_FEASIBLE_P0_REFERENCE; SAME_ORIGINAL_DEADLINE_ACROSS_POLICIES_CLOCKS_AND_LANDMARKS,+1 frozen trigger ATR before -1 frozen trigger ATR; unresolved retained; ATR recipe requires source binding; adverse first passage is NOT structural fakeout,"OBSERVED_PREFIX_ONLY: predeclared elapsed-age landmarks; fixed weight for each eligible occurrence at a landmark, or separately frozen equal-snapshot normalization using only eligible cases already known at that snapshot; NEVER divide by eventual surviving landmark count; preserve proper at-risk exposure; current forecasts use remaining time to fixed origin deadline","{""boundary"":""ORIGINAL_FROZEN_BOUNDARY"",""cancel_on"":[""ORIGINAL_ADVERSE_BARRIER"",""STRUCTURAL_INVALIDATION"",""EXPIRY""],""combined_PV_PH"":false,""minimum_compression"":5,""original_range_TTM_dependencies"":""SOURCE_BOUND"",""percentile"":25,""phenotype"":""PRICE_RELEASE_VOLUME_ATTRIBUTE_SEPARATE_RECONCILIATION_PENDING"",""release_window"":3,""wait_subsequent_completed_bars"":1}",PROPOSED_NOT_REGISTERED_HOLD,"Qualified program ancestry only: S16 esx_sq_phase0 has 12 historical declared trials and report/run evidence, not 12 newly reconstructed itemized rows; S16 v1.0 accruing/unshipped does not confer new clock/direction/model/consumer authority. Def4 is a separate DRAFT 10-trial/46-cell reservation with zero canonical ledger rows at Macro 5fc7af4a1aa2510966a7b566f97e5b894f2632f8. This proposal does not claim all-time search=12+218.","BEFORE_OUTCOMES: incumbent owner review and approval; qualified corpus/cutoff/source/session/basis/rights/PIT/known-time contracts for each clock; exact occurrence and reset law; S16 phenotype reconciliation; ATR/scale and label/fill/ambiguity binding; matching/support and draw/seed rules; exact M0/M1 estimator/features/regularization/calibration binding where applicable; prefix-known landmark schedule/weights; consumer margins, costs, precision/power and sufficiency gates; exact temporal folds and untouched-evidence proof; one inferential procedure; independent acceptance; resource estimate/budget; existing-ledger registration only through a separately approved admitted carrier; Freeze capture noninferiority margin and false-admission/consumer practical gates; PH cancels on original adverse barrier, structural invalidation or expiry","OFFLINE_RESEARCH_PROPOSAL_ONLY; no canonical trial ID, registration, admission, dispatch, outcome execution, production, rank, gate, size or promotion authority",TOI_Recovery_Masterplan_2026-10-03.md,K1-K9,0426631f0a2e3c7243530a2ad859c5e36857768c43d0649ab17210d1c2246be8
TOI-W3-PROPOSAL-CFG-0049,W3-A,CONFIRMATION_POLICY,POST_TRIGGER_POLICY,D1,Source-bound vol_squeeze.assess_series percentile25/minimum compression5/release window3/original range and TTM dependencies; historical price-release population retained; volume attribute separate; phenotype reconciliation pending,D,DOWN,PH,POLICY_CO_PRIMARIES,NONE,No fitted forecast competitor in this construction,,D,"[""TOI-W3-PROPOSAL-CFG-0012""]",False-path admissions and timely capture under the same original cohort and expiry,Two co-primaries: false-path admissions per original trigger; timely favorable-path capture per original trigger,Every original raw D1 directional trigger; retain never-confirmed/no-entry/failed/expired/no-fill/missing-input cases; do not recode unknown participation as false,10,FIRST_CAUSALLY_RECOGNIZED_FORMING_ONSET; TEN_SUBSEQUENT_COMPLETED_NATIVE_BARS; ORIGIN_EXCLUDED,21,ORIGINAL_FIRST_FEASIBLE_P0_REFERENCE; SAME_ORIGINAL_DEADLINE_ACROSS_POLICIES_CLOCKS_AND_LANDMARKS,+1 frozen trigger ATR before -1 frozen trigger ATR; unresolved retained; ATR recipe requires source binding; adverse first passage is NOT structural fakeout,"OBSERVED_PREFIX_ONLY: predeclared elapsed-age landmarks; fixed weight for each eligible occurrence at a landmark, or separately frozen equal-snapshot normalization using only eligible cases already known at that snapshot; NEVER divide by eventual surviving landmark count; preserve proper at-risk exposure; current forecasts use remaining time to fixed origin deadline","{""boundary"":""ORIGINAL_FROZEN_BOUNDARY"",""cancel_on"":[""ORIGINAL_ADVERSE_BARRIER"",""STRUCTURAL_INVALIDATION"",""EXPIRY""],""combined_PV_PH"":false,""minimum_compression"":5,""original_range_TTM_dependencies"":""SOURCE_BOUND"",""percentile"":25,""phenotype"":""PRICE_RELEASE_VOLUME_ATTRIBUTE_SEPARATE_RECONCILIATION_PENDING"",""release_window"":3,""wait_subsequent_completed_bars"":1}",PROPOSED_NOT_REGISTERED_HOLD,"Qualified program ancestry only: S16 esx_sq_phase0 has 12 historical declared trials and report/run evidence, not 12 newly reconstructed itemized rows; S16 v1.0 accruing/unshipped does not confer new clock/direction/model/consumer authority. Def4 is a separate DRAFT 10-trial/46-cell reservation with zero canonical ledger rows at Macro 5fc7af4a1aa2510966a7b566f97e5b894f2632f8. This proposal does not claim all-time search=12+218.","BEFORE_OUTCOMES: incumbent owner review and approval; qualified corpus/cutoff/source/session/basis/rights/PIT/known-time contracts for each clock; exact occurrence and reset law; S16 phenotype reconciliation; ATR/scale and label/fill/ambiguity binding; matching/support and draw/seed rules; exact M0/M1 estimator/features/regularization/calibration binding where applicable; prefix-known landmark schedule/weights; consumer margins, costs, precision/power and sufficiency gates; exact temporal folds and untouched-evidence proof; one inferential procedure; independent acceptance; resource estimate/budget; existing-ledger registration only through a separately approved admitted carrier; Freeze capture noninferiority margin and false-admission/consumer practical gates; PH cancels on original adverse barrier, structural invalidation or expiry","OFFLINE_RESEARCH_PROPOSAL_ONLY; no canonical trial ID, registration, admission, dispatch, outcome execution, production, rank, gate, size or promotion authority",TOI_Recovery_Masterplan_2026-10-03.md,K1-K9,0426631f0a2e3c7243530a2ad859c5e36857768c43d0649ab17210d1c2246be8
TOI-W3-PROPOSAL-CFG-0050,W3-A,CONFIRMATION_POLICY,POST_TRIGGER_POLICY,D1,Source-bound vol_squeeze.assess_series percentile25/minimum compression5/release window3/original range and TTM dependencies; historical price-release population retained; volume attribute separate; phenotype reconciliation pending,4H-CLOCK,UP,PH,POLICY_CO_PRIMARIES,NONE,No fitted forecast competitor in this construction,,4H-CLOCK,"[""TOI-W3-PROPOSAL-CFG-0013""]",False-path admissions and timely capture under the same original cohort and expiry,Two co-primaries: false-path admissions per original trigger; timely favorable-path capture per original trigger,Every original raw D1 directional trigger; retain never-confirmed/no-entry/failed/expired/no-fill/missing-input cases; do not recode unknown participation as false,10,FIRST_CAUSALLY_RECOGNIZED_FORMING_ONSET; TEN_SUBSEQUENT_COMPLETED_NATIVE_BARS; ORIGIN_EXCLUDED,21,ORIGINAL_FIRST_FEASIBLE_P0_REFERENCE; SAME_ORIGINAL_DEADLINE_ACROSS_POLICIES_CLOCKS_AND_LANDMARKS,+1 frozen trigger ATR before -1 frozen trigger ATR; unresolved retained; ATR recipe requires source binding; adverse first passage is NOT structural fakeout,"OBSERVED_PREFIX_ONLY: predeclared elapsed-age landmarks; fixed weight for each eligible occurrence at a landmark, or separately frozen equal-snapshot normalization using only eligible cases already known at that snapshot; NEVER divide by eventual surviving landmark count; preserve proper at-risk exposure; current forecasts use remaining time to fixed origin deadline","{""boundary"":""ORIGINAL_FROZEN_BOUNDARY"",""cancel_on"":[""ORIGINAL_ADVERSE_BARRIER"",""STRUCTURAL_INVALIDATION"",""EXPIRY""],""combined_PV_PH"":false,""minimum_compression"":5,""original_range_TTM_dependencies"":""SOURCE_BOUND"",""percentile"":25,""phenotype"":""PRICE_RELEASE_VOLUME_ATTRIBUTE_SEPARATE_RECONCILIATION_PENDING"",""release_window"":3,""wait_subsequent_completed_bars"":1}",PROPOSED_NOT_REGISTERED_HOLD,"Qualified program ancestry only: S16 esx_sq_phase0 has 12 historical declared trials and report/run evidence, not 12 newly reconstructed itemized rows; S16 v1.0 accruing/unshipped does not confer new clock/direction/model/consumer authority. Def4 is a separate DRAFT 10-trial/46-cell reservation with zero canonical ledger rows at Macro 5fc7af4a1aa2510966a7b566f97e5b894f2632f8. This proposal does not claim all-time search=12+218.","BEFORE_OUTCOMES: incumbent owner review and approval; qualified corpus/cutoff/source/session/basis/rights/PIT/known-time contracts for each clock; exact occurrence and reset law; S16 phenotype reconciliation; ATR/scale and label/fill/ambiguity binding; matching/support and draw/seed rules; exact M0/M1 estimator/features/regularization/calibration binding where applicable; prefix-known landmark schedule/weights; consumer margins, costs, precision/power and sufficiency gates; exact temporal folds and untouched-evidence proof; one inferential procedure; independent acceptance; resource estimate/budget; existing-ledger registration only through a separately approved admitted carrier; Freeze capture noninferiority margin and false-admission/consumer practical gates; PH cancels on original adverse barrier, structural invalidation or expiry","OFFLINE_RESEARCH_PROPOSAL_ONLY; no canonical trial ID, registration, admission, dispatch, outcome execution, production, rank, gate, size or promotion authority",TOI_Recovery_Masterplan_2026-10-03.md,K1-K9,0426631f0a2e3c7243530a2ad859c5e36857768c43d0649ab17210d1c2246be8
TOI-W3-PROPOSAL-CFG-0051,W3-A,CONFIRMATION_POLICY,POST_TRIGGER_POLICY,D1,Source-bound vol_squeeze.assess_series percentile25/minimum compression5/release window3/original range and TTM dependencies; historical price-release population retained; volume attribute separate; phenotype reconciliation pending,4H-CLOCK,DOWN,PH,POLICY_CO_PRIMARIES,NONE,No fitted forecast competitor in this construction,,4H-CLOCK,"[""TOI-W3-PROPOSAL-CFG-0014""]",False-path admissions and timely capture under the same original cohort and expiry,Two co-primaries: false-path admissions per original trigger; timely favorable-path capture per original trigger,Every original raw D1 directional trigger; retain never-confirmed/no-entry/failed/expired/no-fill/missing-input cases; do not recode unknown participation as false,10,FIRST_CAUSALLY_RECOGNIZED_FORMING_ONSET; TEN_SUBSEQUENT_COMPLETED_NATIVE_BARS; ORIGIN_EXCLUDED,21,ORIGINAL_FIRST_FEASIBLE_P0_REFERENCE; SAME_ORIGINAL_DEADLINE_ACROSS_POLICIES_CLOCKS_AND_LANDMARKS,+1 frozen trigger ATR before -1 frozen trigger ATR; unresolved retained; ATR recipe requires source binding; adverse first passage is NOT structural fakeout,"OBSERVED_PREFIX_ONLY: predeclared elapsed-age landmarks; fixed weight for each eligible occurrence at a landmark, or separately frozen equal-snapshot normalization using only eligible cases already known at that snapshot; NEVER divide by eventual surviving landmark count; preserve proper at-risk exposure; current forecasts use remaining time to fixed origin deadline","{""boundary"":""ORIGINAL_FROZEN_BOUNDARY"",""cancel_on"":[""ORIGINAL_ADVERSE_BARRIER"",""STRUCTURAL_INVALIDATION"",""EXPIRY""],""combined_PV_PH"":false,""minimum_compression"":5,""original_range_TTM_dependencies"":""SOURCE_BOUND"",""percentile"":25,""phenotype"":""PRICE_RELEASE_VOLUME_ATTRIBUTE_SEPARATE_RECONCILIATION_PENDING"",""release_window"":3,""wait_subsequent_completed_bars"":1}",PROPOSED_NOT_REGISTERED_HOLD,"Qualified program ancestry only: S16 esx_sq_phase0 has 12 historical declared trials and report/run evidence, not 12 newly reconstructed itemized rows; S16 v1.0 accruing/unshipped does not confer new clock/direction/model/consumer authority. Def4 is a separate DRAFT 10-trial/46-cell reservation with zero canonical ledger rows at Macro 5fc7af4a1aa2510966a7b566f97e5b894f2632f8. This proposal does not claim all-time search=12+218.","BEFORE_OUTCOMES: incumbent owner review and approval; qualified corpus/cutoff/source/session/basis/rights/PIT/known-time contracts for each clock; exact occurrence and reset law; S16 phenotype reconciliation; ATR/scale and label/fill/ambiguity binding; matching/support and draw/seed rules; exact M0/M1 estimator/features/regularization/calibration binding where applicable; prefix-known landmark schedule/weights; consumer margins, costs, precision/power and sufficiency gates; exact temporal folds and untouched-evidence proof; one inferential procedure; independent acceptance; resource estimate/budget; existing-ledger registration only through a separately approved admitted carrier; Freeze capture noninferiority margin and false-admission/consumer practical gates; PH cancels on original adverse barrier, structural invalidation or expiry","OFFLINE_RESEARCH_PROPOSAL_ONLY; no canonical trial ID, registration, admission, dispatch, outcome execution, production, rank, gate, size or promotion authority",TOI_Recovery_Masterplan_2026-10-03.md,K1-K9,0426631f0a2e3c7243530a2ad859c5e36857768c43d0649ab17210d1c2246be8
TOI-W3-PROPOSAL-CFG-0052,W3-A,CONFIRMATION_POLICY,POST_TRIGGER_POLICY,D1,Source-bound vol_squeeze.assess_series percentile25/minimum compression5/release window3/original range and TTM dependencies; historical price-release population retained; volume attribute separate; phenotype reconciliation pending,195M-RTH,UP,PH,POLICY_CO_PRIMARIES,NONE,No fitted forecast competitor in this construction,,195M-RTH,"[""TOI-W3-PROPOSAL-CFG-0015""]",False-path admissions and timely capture under the same original cohort and expiry,Two co-primaries: false-path admissions per original trigger; timely favorable-path capture per original trigger,Every original raw D1 directional trigger; retain never-confirmed/no-entry/failed/expired/no-fill/missing-input cases; do not recode unknown participation as false,10,FIRST_CAUSALLY_RECOGNIZED_FORMING_ONSET; TEN_SUBSEQUENT_COMPLETED_NATIVE_BARS; ORIGIN_EXCLUDED,21,ORIGINAL_FIRST_FEASIBLE_P0_REFERENCE; SAME_ORIGINAL_DEADLINE_ACROSS_POLICIES_CLOCKS_AND_LANDMARKS,+1 frozen trigger ATR before -1 frozen trigger ATR; unresolved retained; ATR recipe requires source binding; adverse first passage is NOT structural fakeout,"OBSERVED_PREFIX_ONLY: predeclared elapsed-age landmarks; fixed weight for each eligible occurrence at a landmark, or separately frozen equal-snapshot normalization using only eligible cases already known at that snapshot; NEVER divide by eventual surviving landmark count; preserve proper at-risk exposure; current forecasts use remaining time to fixed origin deadline","{""boundary"":""ORIGINAL_FROZEN_BOUNDARY"",""cancel_on"":[""ORIGINAL_ADVERSE_BARRIER"",""STRUCTURAL_INVALIDATION"",""EXPIRY""],""combined_PV_PH"":false,""minimum_compression"":5,""original_range_TTM_dependencies"":""SOURCE_BOUND"",""percentile"":25,""phenotype"":""PRICE_RELEASE_VOLUME_ATTRIBUTE_SEPARATE_RECONCILIATION_PENDING"",""release_window"":3,""wait_subsequent_completed_bars"":1}",PROPOSED_NOT_REGISTERED_HOLD,"Qualified program ancestry only: S16 esx_sq_phase0 has 12 historical declared trials and report/run evidence, not 12 newly reconstructed itemized rows; S16 v1.0 accruing/unshipped does not confer new clock/direction/model/consumer authority. Def4 is a separate DRAFT 10-trial/46-cell reservation with zero canonical ledger rows at Macro 5fc7af4a1aa2510966a7b566f97e5b894f2632f8. This proposal does not claim all-time search=12+218.","BEFORE_OUTCOMES: incumbent owner review and approval; qualified corpus/cutoff/source/session/basis/rights/PIT/known-time contracts for each clock; exact occurrence and reset law; S16 phenotype reconciliation; ATR/scale and label/fill/ambiguity binding; matching/support and draw/seed rules; exact M0/M1 estimator/features/regularization/calibration binding where applicable; prefix-known landmark schedule/weights; consumer margins, costs, precision/power and sufficiency gates; exact temporal folds and untouched-evidence proof; one inferential procedure; independent acceptance; resource estimate/budget; existing-ledger registration only through a separately approved admitted carrier; Freeze capture noninferiority margin and false-admission/consumer practical gates; PH cancels on original adverse barrier, structural invalidation or expiry","OFFLINE_RESEARCH_PROPOSAL_ONLY; no canonical trial ID, registration, admission, dispatch, outcome execution, production, rank, gate, size or promotion authority",TOI_Recovery_Masterplan_2026-10-03.md,K1-K9,0426631f0a2e3c7243530a2ad859c5e36857768c43d0649ab17210d1c2246be8
TOI-W3-PROPOSAL-CFG-0053,W3-A,CONFIRMATION_POLICY,POST_TRIGGER_POLICY,D1,Source-bound vol_squeeze.assess_series percentile25/minimum compression5/release window3/original range and TTM dependencies; historical price-release population retained; volume attribute separate; phenotype reconciliation pending,195M-RTH,DOWN,PH,POLICY_CO_PRIMARIES,NONE,No fitted forecast competitor in this construction,,195M-RTH,"[""TOI-W3-PROPOSAL-CFG-0016""]",False-path admissions and timely capture under the same original cohort and expiry,Two co-primaries: false-path admissions per original trigger; timely favorable-path capture per original trigger,Every original raw D1 directional trigger; retain never-confirmed/no-entry/failed/expired/no-fill/missing-input cases; do not recode unknown participation as false,10,FIRST_CAUSALLY_RECOGNIZED_FORMING_ONSET; TEN_SUBSEQUENT_COMPLETED_NATIVE_BARS; ORIGIN_EXCLUDED,21,ORIGINAL_FIRST_FEASIBLE_P0_REFERENCE; SAME_ORIGINAL_DEADLINE_ACROSS_POLICIES_CLOCKS_AND_LANDMARKS,+1 frozen trigger ATR before -1 frozen trigger ATR; unresolved retained; ATR recipe requires source binding; adverse first passage is NOT structural fakeout,"OBSERVED_PREFIX_ONLY: predeclared elapsed-age landmarks; fixed weight for each eligible occurrence at a landmark, or separately frozen equal-snapshot normalization using only eligible cases already known at that snapshot; NEVER divide by eventual surviving landmark count; preserve proper at-risk exposure; current forecasts use remaining time to fixed origin deadline","{""boundary"":""ORIGINAL_FROZEN_BOUNDARY"",""cancel_on"":[""ORIGINAL_ADVERSE_BARRIER"",""STRUCTURAL_INVALIDATION"",""EXPIRY""],""combined_PV_PH"":false,""minimum_compression"":5,""original_range_TTM_dependencies"":""SOURCE_BOUND"",""percentile"":25,""phenotype"":""PRICE_RELEASE_VOLUME_ATTRIBUTE_SEPARATE_RECONCILIATION_PENDING"",""release_window"":3,""wait_subsequent_completed_bars"":1}",PROPOSED_NOT_REGISTERED_HOLD,"Qualified program ancestry only: S16 esx_sq_phase0 has 12 historical declared trials and report/run evidence, not 12 newly reconstructed itemized rows; S16 v1.0 accruing/unshipped does not confer new clock/direction/model/consumer authority. Def4 is a separate DRAFT 10-trial/46-cell reservation with zero canonical ledger rows at Macro 5fc7af4a1aa2510966a7b566f97e5b894f2632f8. This proposal does not claim all-time search=12+218.","BEFORE_OUTCOMES: incumbent owner review and approval; qualified corpus/cutoff/source/session/basis/rights/PIT/known-time contracts for each clock; exact occurrence and reset law; S16 phenotype reconciliation; ATR/scale and label/fill/ambiguity binding; matching/support and draw/seed rules; exact M0/M1 estimator/features/regularization/calibration binding where applicable; prefix-known landmark schedule/weights; consumer margins, costs, precision/power and sufficiency gates; exact temporal folds and untouched-evidence proof; one inferential procedure; independent acceptance; resource estimate/budget; existing-ledger registration only through a separately approved admitted carrier; Freeze capture noninferiority margin and false-admission/consumer practical gates; PH cancels on original adverse barrier, structural invalidation or expiry","OFFLINE_RESEARCH_PROPOSAL_ONLY; no canonical trial ID, registration, admission, dispatch, outcome execution, production, rank, gate, size or promotion authority",TOI_Recovery_Masterplan_2026-10-03.md,K1-K9,0426631f0a2e3c7243530a2ad859c5e36857768c43d0649ab17210d1c2246be8
TOI-W3-PROPOSAL-CFG-0054,W3-B,ACTIVATION_MODEL,EMPIRICAL_BASELINE,D1,Source-bound vol_squeeze.assess_series percentile25/minimum compression5/release window3/original range and TTM dependencies; historical price-release population retained; volume attribute separate; phenotype reconciliation pending,W,JOINT_UP_DOWN,NO_PRETRIGGER_ENTRY,ACTIVATION,M0,Elapsed-age/clock empirical transition distribution or corresponding empirical excursion quantile; one bound estimation/support rule reused across folds,,W,"[""TOI-W3-PROPOSAL-CFG-0009"",""TOI-W3-PROPOSAL-CFG-0010""]",Joint up/down/pre-trigger-invalidated/unactivated distribution to fixed activation deadline,One frozen multistate Brier loss; calibration,Identical held-out D1 all-FORMING risk sets; never-armed cases retained; current landmarks target remaining time to original ten-subsequent-bar deadline,10,FIRST_CAUSALLY_RECOGNIZED_FORMING_ONSET; TEN_SUBSEQUENT_COMPLETED_NATIVE_BARS; ORIGIN_EXCLUDED,21,ORIGINAL_FIRST_FEASIBLE_P0_REFERENCE; SAME_ORIGINAL_DEADLINE_ACROSS_POLICIES_CLOCKS_AND_LANDMARKS,+1 frozen trigger ATR before -1 frozen trigger ATR; unresolved retained; ATR recipe requires source binding; adverse first passage is NOT structural fakeout,"OBSERVED_PREFIX_ONLY: predeclared elapsed-age landmarks; fixed weight for each eligible occurrence at a landmark, or separately frozen equal-snapshot normalization using only eligible cases already known at that snapshot; NEVER divide by eventual surviving landmark count; preserve proper at-risk exposure; current forecasts use remaining time to fixed origin deadline","{""hidden_hyperparameter_search"":false,""learned_sector_regime_theme_industry_axis"":false,""minimum_compression"":5,""model_binding"":""REQUIRES_EXACT_PRE_OUTCOME_SOURCE_BINDING"",""model_recipe_count"":1,""original_range_TTM_dependencies"":""SOURCE_BOUND"",""percentile"":25,""phenotype"":""PRICE_RELEASE_VOLUME_ATTRIBUTE_SEPARATE_RECONCILIATION_PENDING"",""release_window"":3}",PROPOSED_NOT_REGISTERED_HOLD,"Qualified program ancestry only: S16 esx_sq_phase0 has 12 historical declared trials and report/run evidence, not 12 newly reconstructed itemized rows; S16 v1.0 accruing/unshipped does not confer new clock/direction/model/consumer authority. Def4 is a separate DRAFT 10-trial/46-cell reservation with zero canonical ledger rows at Macro 5fc7af4a1aa2510966a7b566f97e5b894f2632f8. This proposal does not claim all-time search=12+218.","BEFORE_OUTCOMES: incumbent owner review and approval; qualified corpus/cutoff/source/session/basis/rights/PIT/known-time contracts for each clock; exact occurrence and reset law; S16 phenotype reconciliation; ATR/scale and label/fill/ambiguity binding; matching/support and draw/seed rules; exact M0/M1 estimator/features/regularization/calibration binding where applicable; prefix-known landmark schedule/weights; consumer margins, costs, precision/power and sufficiency gates; exact temporal folds and untouched-evidence proof; one inferential procedure; independent acceptance; resource estimate/budget; existing-ledger registration only through a separately approved admitted carrier","OFFLINE_RESEARCH_PROPOSAL_ONLY; no canonical trial ID, registration, admission, dispatch, outcome execution, production, rank, gate, size or promotion authority",TOI_Recovery_Masterplan_2026-10-03.md,K1-K9,0426631f0a2e3c7243530a2ad859c5e36857768c43d0649ab17210d1c2246be8
TOI-W3-PROPOSAL-CFG-0055,W3-B,ACTIVATION_MODEL,SIMPLE_FORECAST_MODEL,D1,Source-bound vol_squeeze.assess_series percentile25/minimum compression5/release window3/original range and TTM dependencies; historical price-release population retained; volume attribute separate; phenotype reconciliation pending,W,JOINT_UP_DOWN,NO_PRETRIGGER_ENTRY,ACTIVATION,M1,One regularized discrete-time cause-model recipe or one regularized quantile-model recipe with fixed own-price/state/age/volatility/location/liquidity inputs; exact implementation pending; no hidden model/feature/penalty/calibration search,,W,"[""TOI-W3-PROPOSAL-CFG-0009"",""TOI-W3-PROPOSAL-CFG-0010""]",Joint up/down/pre-trigger-invalidated/unactivated distribution to fixed activation deadline,One frozen multistate Brier loss; calibration,Identical held-out D1 all-FORMING risk sets; never-armed cases retained; current landmarks target remaining time to original ten-subsequent-bar deadline,10,FIRST_CAUSALLY_RECOGNIZED_FORMING_ONSET; TEN_SUBSEQUENT_COMPLETED_NATIVE_BARS; ORIGIN_EXCLUDED,21,ORIGINAL_FIRST_FEASIBLE_P0_REFERENCE; SAME_ORIGINAL_DEADLINE_ACROSS_POLICIES_CLOCKS_AND_LANDMARKS,+1 frozen trigger ATR before -1 frozen trigger ATR; unresolved retained; ATR recipe requires source binding; adverse first passage is NOT structural fakeout,"OBSERVED_PREFIX_ONLY: predeclared elapsed-age landmarks; fixed weight for each eligible occurrence at a landmark, or separately frozen equal-snapshot normalization using only eligible cases already known at that snapshot; NEVER divide by eventual surviving landmark count; preserve proper at-risk exposure; current forecasts use remaining time to fixed origin deadline","{""hidden_hyperparameter_search"":false,""learned_sector_regime_theme_industry_axis"":false,""minimum_compression"":5,""model_binding"":""REQUIRES_EXACT_PRE_OUTCOME_SOURCE_BINDING"",""model_recipe_count"":1,""original_range_TTM_dependencies"":""SOURCE_BOUND"",""percentile"":25,""phenotype"":""PRICE_RELEASE_VOLUME_ATTRIBUTE_SEPARATE_RECONCILIATION_PENDING"",""release_window"":3}",PROPOSED_NOT_REGISTERED_HOLD,"Qualified program ancestry only: S16 esx_sq_phase0 has 12 historical declared trials and report/run evidence, not 12 newly reconstructed itemized rows; S16 v1.0 accruing/unshipped does not confer new clock/direction/model/consumer authority. Def4 is a separate DRAFT 10-trial/46-cell reservation with zero canonical ledger rows at Macro 5fc7af4a1aa2510966a7b566f97e5b894f2632f8. This proposal does not claim all-time search=12+218.","BEFORE_OUTCOMES: incumbent owner review and approval; qualified corpus/cutoff/source/session/basis/rights/PIT/known-time contracts for each clock; exact occurrence and reset law; S16 phenotype reconciliation; ATR/scale and label/fill/ambiguity binding; matching/support and draw/seed rules; exact M0/M1 estimator/features/regularization/calibration binding where applicable; prefix-known landmark schedule/weights; consumer margins, costs, precision/power and sufficiency gates; exact temporal folds and untouched-evidence proof; one inferential procedure; independent acceptance; resource estimate/budget; existing-ledger registration only through a separately approved admitted carrier","OFFLINE_RESEARCH_PROPOSAL_ONLY; no canonical trial ID, registration, admission, dispatch, outcome execution, production, rank, gate, size or promotion authority",TOI_Recovery_Masterplan_2026-10-03.md,K1-K9,0426631f0a2e3c7243530a2ad859c5e36857768c43d0649ab17210d1c2246be8
TOI-W3-PROPOSAL-CFG-0056,W3-B,ACTIVATION_MODEL,EMPIRICAL_BASELINE,D1,Source-bound vol_squeeze.assess_series percentile25/minimum compression5/release window3/original range and TTM dependencies; historical price-release population retained; volume attribute separate; phenotype reconciliation pending,D,JOINT_UP_DOWN,NO_PRETRIGGER_ENTRY,ACTIVATION,M0,Elapsed-age/clock empirical transition distribution or corresponding empirical excursion quantile; one bound estimation/support rule reused across folds,,D,"[""TOI-W3-PROPOSAL-CFG-0011"",""TOI-W3-PROPOSAL-CFG-0012""]",Joint up/down/pre-trigger-invalidated/unactivated distribution to fixed activation deadline,One frozen multistate Brier loss; calibration,Identical held-out D1 all-FORMING risk sets; never-armed cases retained; current landmarks target remaining time to original ten-subsequent-bar deadline,10,FIRST_CAUSALLY_RECOGNIZED_FORMING_ONSET; TEN_SUBSEQUENT_COMPLETED_NATIVE_BARS; ORIGIN_EXCLUDED,21,ORIGINAL_FIRST_FEASIBLE_P0_REFERENCE; SAME_ORIGINAL_DEADLINE_ACROSS_POLICIES_CLOCKS_AND_LANDMARKS,+1 frozen trigger ATR before -1 frozen trigger ATR; unresolved retained; ATR recipe requires source binding; adverse first passage is NOT structural fakeout,"OBSERVED_PREFIX_ONLY: predeclared elapsed-age landmarks; fixed weight for each eligible occurrence at a landmark, or separately frozen equal-snapshot normalization using only eligible cases already known at that snapshot; NEVER divide by eventual surviving landmark count; preserve proper at-risk exposure; current forecasts use remaining time to fixed origin deadline","{""hidden_hyperparameter_search"":false,""learned_sector_regime_theme_industry_axis"":false,""minimum_compression"":5,""model_binding"":""REQUIRES_EXACT_PRE_OUTCOME_SOURCE_BINDING"",""model_recipe_count"":1,""original_range_TTM_dependencies"":""SOURCE_BOUND"",""percentile"":25,""phenotype"":""PRICE_RELEASE_VOLUME_ATTRIBUTE_SEPARATE_RECONCILIATION_PENDING"",""release_window"":3}",PROPOSED_NOT_REGISTERED_HOLD,"Qualified program ancestry only: S16 esx_sq_phase0 has 12 historical declared trials and report/run evidence, not 12 newly reconstructed itemized rows; S16 v1.0 accruing/unshipped does not confer new clock/direction/model/consumer authority. Def4 is a separate DRAFT 10-trial/46-cell reservation with zero canonical ledger rows at Macro 5fc7af4a1aa2510966a7b566f97e5b894f2632f8. This proposal does not claim all-time search=12+218.","BEFORE_OUTCOMES: incumbent owner review and approval; qualified corpus/cutoff/source/session/basis/rights/PIT/known-time contracts for each clock; exact occurrence and reset law; S16 phenotype reconciliation; ATR/scale and label/fill/ambiguity binding; matching/support and draw/seed rules; exact M0/M1 estimator/features/regularization/calibration binding where applicable; prefix-known landmark schedule/weights; consumer margins, costs, precision/power and sufficiency gates; exact temporal folds and untouched-evidence proof; one inferential procedure; independent acceptance; resource estimate/budget; existing-ledger registration only through a separately approved admitted carrier","OFFLINE_RESEARCH_PROPOSAL_ONLY; no canonical trial ID, registration, admission, dispatch, outcome execution, production, rank, gate, size or promotion authority",TOI_Recovery_Masterplan_2026-10-03.md,K1-K9,0426631f0a2e3c7243530a2ad859c5e36857768c43d0649ab17210d1c2246be8
TOI-W3-PROPOSAL-CFG-0057,W3-B,ACTIVATION_MODEL,SIMPLE_FORECAST_MODEL,D1,Source-bound vol_squeeze.assess_series percentile25/minimum compression5/release window3/original range and TTM dependencies; historical price-release population retained; volume attribute separate; phenotype reconciliation pending,D,JOINT_UP_DOWN,NO_PRETRIGGER_ENTRY,ACTIVATION,M1,One regularized discrete-time cause-model recipe or one regularized quantile-model recipe with fixed own-price/state/age/volatility/location/liquidity inputs; exact implementation pending; no hidden model/feature/penalty/calibration search,,D,"[""TOI-W3-PROPOSAL-CFG-0011"",""TOI-W3-PROPOSAL-CFG-0012""]",Joint up/down/pre-trigger-invalidated/unactivated distribution to fixed activation deadline,One frozen multistate Brier loss; calibration,Identical held-out D1 all-FORMING risk sets; never-armed cases retained; current landmarks target remaining time to original ten-subsequent-bar deadline,10,FIRST_CAUSALLY_RECOGNIZED_FORMING_ONSET; TEN_SUBSEQUENT_COMPLETED_NATIVE_BARS; ORIGIN_EXCLUDED,21,ORIGINAL_FIRST_FEASIBLE_P0_REFERENCE; SAME_ORIGINAL_DEADLINE_ACROSS_POLICIES_CLOCKS_AND_LANDMARKS,+1 frozen trigger ATR before -1 frozen trigger ATR; unresolved retained; ATR recipe requires source binding; adverse first passage is NOT structural fakeout,"OBSERVED_PREFIX_ONLY: predeclared elapsed-age landmarks; fixed weight for each eligible occurrence at a landmark, or separately frozen equal-snapshot normalization using only eligible cases already known at that snapshot; NEVER divide by eventual surviving landmark count; preserve proper at-risk exposure; current forecasts use remaining time to fixed origin deadline","{""hidden_hyperparameter_search"":false,""learned_sector_regime_theme_industry_axis"":false,""minimum_compression"":5,""model_binding"":""REQUIRES_EXACT_PRE_OUTCOME_SOURCE_BINDING"",""model_recipe_count"":1,""original_range_TTM_dependencies"":""SOURCE_BOUND"",""percentile"":25,""phenotype"":""PRICE_RELEASE_VOLUME_ATTRIBUTE_SEPARATE_RECONCILIATION_PENDING"",""release_window"":3}",PROPOSED_NOT_REGISTERED_HOLD,"Qualified program ancestry only: S16 esx_sq_phase0 has 12 historical declared trials and report/run evidence, not 12 newly reconstructed itemized rows; S16 v1.0 accruing/unshipped does not confer new clock/direction/model/consumer authority. Def4 is a separate DRAFT 10-trial/46-cell reservation with zero canonical ledger rows at Macro 5fc7af4a1aa2510966a7b566f97e5b894f2632f8. This proposal does not claim all-time search=12+218.","BEFORE_OUTCOMES: incumbent owner review and approval; qualified corpus/cutoff/source/session/basis/rights/PIT/known-time contracts for each clock; exact occurrence and reset law; S16 phenotype reconciliation; ATR/scale and label/fill/ambiguity binding; matching/support and draw/seed rules; exact M0/M1 estimator/features/regularization/calibration binding where applicable; prefix-known landmark schedule/weights; consumer margins, costs, precision/power and sufficiency gates; exact temporal folds and untouched-evidence proof; one inferential procedure; independent acceptance; resource estimate/budget; existing-ledger registration only through a separately approved admitted carrier","OFFLINE_RESEARCH_PROPOSAL_ONLY; no canonical trial ID, registration, admission, dispatch, outcome execution, production, rank, gate, size or promotion authority",TOI_Recovery_Masterplan_2026-10-03.md,K1-K9,0426631f0a2e3c7243530a2ad859c5e36857768c43d0649ab17210d1c2246be8
TOI-W3-PROPOSAL-CFG-0058,W3-B,ACTIVATION_MODEL,EMPIRICAL_BASELINE,D1,Source-bound vol_squeeze.assess_series percentile25/minimum compression5/release window3/original range and TTM dependencies; historical price-release population retained; volume attribute separate; phenotype reconciliation pending,4H-CLOCK,JOINT_UP_DOWN,NO_PRETRIGGER_ENTRY,ACTIVATION,M0,Elapsed-age/clock empirical transition distribution or corresponding empirical excursion quantile; one bound estimation/support rule reused across folds,,4H-CLOCK,"[""TOI-W3-PROPOSAL-CFG-0013"",""TOI-W3-PROPOSAL-CFG-0014""]",Joint up/down/pre-trigger-invalidated/unactivated distribution to fixed activation deadline,One frozen multistate Brier loss; calibration,Identical held-out D1 all-FORMING risk sets; never-armed cases retained; current landmarks target remaining time to original ten-subsequent-bar deadline,10,FIRST_CAUSALLY_RECOGNIZED_FORMING_ONSET; TEN_SUBSEQUENT_COMPLETED_NATIVE_BARS; ORIGIN_EXCLUDED,21,ORIGINAL_FIRST_FEASIBLE_P0_REFERENCE; SAME_ORIGINAL_DEADLINE_ACROSS_POLICIES_CLOCKS_AND_LANDMARKS,+1 frozen trigger ATR before -1 frozen trigger ATR; unresolved retained; ATR recipe requires source binding; adverse first passage is NOT structural fakeout,"OBSERVED_PREFIX_ONLY: predeclared elapsed-age landmarks; fixed weight for each eligible occurrence at a landmark, or separately frozen equal-snapshot normalization using only eligible cases already known at that snapshot; NEVER divide by eventual surviving landmark count; preserve proper at-risk exposure; current forecasts use remaining time to fixed origin deadline","{""hidden_hyperparameter_search"":false,""learned_sector_regime_theme_industry_axis"":false,""minimum_compression"":5,""model_binding"":""REQUIRES_EXACT_PRE_OUTCOME_SOURCE_BINDING"",""model_recipe_count"":1,""original_range_TTM_dependencies"":""SOURCE_BOUND"",""percentile"":25,""phenotype"":""PRICE_RELEASE_VOLUME_ATTRIBUTE_SEPARATE_RECONCILIATION_PENDING"",""release_window"":3}",PROPOSED_NOT_REGISTERED_HOLD,"Qualified program ancestry only: S16 esx_sq_phase0 has 12 historical declared trials and report/run evidence, not 12 newly reconstructed itemized rows; S16 v1.0 accruing/unshipped does not confer new clock/direction/model/consumer authority. Def4 is a separate DRAFT 10-trial/46-cell reservation with zero canonical ledger rows at Macro 5fc7af4a1aa2510966a7b566f97e5b894f2632f8. This proposal does not claim all-time search=12+218.","BEFORE_OUTCOMES: incumbent owner review and approval; qualified corpus/cutoff/source/session/basis/rights/PIT/known-time contracts for each clock; exact occurrence and reset law; S16 phenotype reconciliation; ATR/scale and label/fill/ambiguity binding; matching/support and draw/seed rules; exact M0/M1 estimator/features/regularization/calibration binding where applicable; prefix-known landmark schedule/weights; consumer margins, costs, precision/power and sufficiency gates; exact temporal folds and untouched-evidence proof; one inferential procedure; independent acceptance; resource estimate/budget; existing-ledger registration only through a separately approved admitted carrier","OFFLINE_RESEARCH_PROPOSAL_ONLY; no canonical trial ID, registration, admission, dispatch, outcome execution, production, rank, gate, size or promotion authority",TOI_Recovery_Masterplan_2026-10-03.md,K1-K9,0426631f0a2e3c7243530a2ad859c5e36857768c43d0649ab17210d1c2246be8
TOI-W3-PROPOSAL-CFG-0059,W3-B,ACTIVATION_MODEL,SIMPLE_FORECAST_MODEL,D1,Source-bound vol_squeeze.assess_series percentile25/minimum compression5/release window3/original range and TTM dependencies; historical price-release population retained; volume attribute separate; phenotype reconciliation pending,4H-CLOCK,JOINT_UP_DOWN,NO_PRETRIGGER_ENTRY,ACTIVATION,M1,One regularized discrete-time cause-model recipe or one regularized quantile-model recipe with fixed own-price/state/age/volatility/location/liquidity inputs; exact implementation pending; no hidden model/feature/penalty/calibration search,,4H-CLOCK,"[""TOI-W3-PROPOSAL-CFG-0013"",""TOI-W3-PROPOSAL-CFG-0014""]",Joint up/down/pre-trigger-invalidated/unactivated distribution to fixed activation deadline,One frozen multistate Brier loss; calibration,Identical held-out D1 all-FORMING risk sets; never-armed cases retained; current landmarks target remaining time to original ten-subsequent-bar deadline,10,FIRST_CAUSALLY_RECOGNIZED_FORMING_ONSET; TEN_SUBSEQUENT_COMPLETED_NATIVE_BARS; ORIGIN_EXCLUDED,21,ORIGINAL_FIRST_FEASIBLE_P0_REFERENCE; SAME_ORIGINAL_DEADLINE_ACROSS_POLICIES_CLOCKS_AND_LANDMARKS,+1 frozen trigger ATR before -1 frozen trigger ATR; unresolved retained; ATR recipe requires source binding; adverse first passage is NOT structural fakeout,"OBSERVED_PREFIX_ONLY: predeclared elapsed-age landmarks; fixed weight for each eligible occurrence at a landmark, or separately frozen equal-snapshot normalization using only eligible cases already known at that snapshot; NEVER divide by eventual surviving landmark count; preserve proper at-risk exposure; current forecasts use remaining time to fixed origin deadline","{""hidden_hyperparameter_search"":false,""learned_sector_regime_theme_industry_axis"":false,""minimum_compression"":5,""model_binding"":""REQUIRES_EXACT_PRE_OUTCOME_SOURCE_BINDING"",""model_recipe_count"":1,""original_range_TTM_dependencies"":""SOURCE_BOUND"",""percentile"":25,""phenotype"":""PRICE_RELEASE_VOLUME_ATTRIBUTE_SEPARATE_RECONCILIATION_PENDING"",""release_window"":3}",PROPOSED_NOT_REGISTERED_HOLD,"Qualified program ancestry only: S16 esx_sq_phase0 has 12 historical declared trials and report/run evidence, not 12 newly reconstructed itemized rows; S16 v1.0 accruing/unshipped does not confer new clock/direction/model/consumer authority. Def4 is a separate DRAFT 10-trial/46-cell reservation with zero canonical ledger rows at Macro 5fc7af4a1aa2510966a7b566f97e5b894f2632f8. This proposal does not claim all-time search=12+218.","BEFORE_OUTCOMES: incumbent owner review and approval; qualified corpus/cutoff/source/session/basis/rights/PIT/known-time contracts for each clock; exact occurrence and reset law; S16 phenotype reconciliation; ATR/scale and label/fill/ambiguity binding; matching/support and draw/seed rules; exact M0/M1 estimator/features/regularization/calibration binding where applicable; prefix-known landmark schedule/weights; consumer margins, costs, precision/power and sufficiency gates; exact temporal folds and untouched-evidence proof; one inferential procedure; independent acceptance; resource estimate/budget; existing-ledger registration only through a separately approved admitted carrier","OFFLINE_RESEARCH_PROPOSAL_ONLY; no canonical trial ID, registration, admission, dispatch, outcome execution, production, rank, gate, size or promotion authority",TOI_Recovery_Masterplan_2026-10-03.md,K1-K9,0426631f0a2e3c7243530a2ad859c5e36857768c43d0649ab17210d1c2246be8
TOI-W3-PROPOSAL-CFG-0060,W3-B,ACTIVATION_MODEL,EMPIRICAL_BASELINE,D1,Source-bound vol_squeeze.assess_series percentile25/minimum compression5/release window3/original range and TTM dependencies; historical price-release population retained; volume attribute separate; phenotype reconciliation pending,195M-RTH,JOINT_UP_DOWN,NO_PRETRIGGER_ENTRY,ACTIVATION,M0,Elapsed-age/clock empirical transition distribution or corresponding empirical excursion quantile; one bound estimation/support rule reused across folds,,195M-RTH,"[""TOI-W3-PROPOSAL-CFG-0015"",""TOI-W3-PROPOSAL-CFG-0016""]",Joint up/down/pre-trigger-invalidated/unactivated distribution to fixed activation deadline,One frozen multistate Brier loss; calibration,Identical held-out D1 all-FORMING risk sets; never-armed cases retained; current landmarks target remaining time to original ten-subsequent-bar deadline,10,FIRST_CAUSALLY_RECOGNIZED_FORMING_ONSET; TEN_SUBSEQUENT_COMPLETED_NATIVE_BARS; ORIGIN_EXCLUDED,21,ORIGINAL_FIRST_FEASIBLE_P0_REFERENCE; SAME_ORIGINAL_DEADLINE_ACROSS_POLICIES_CLOCKS_AND_LANDMARKS,+1 frozen trigger ATR before -1 frozen trigger ATR; unresolved retained; ATR recipe requires source binding; adverse first passage is NOT structural fakeout,"OBSERVED_PREFIX_ONLY: predeclared elapsed-age landmarks; fixed weight for each eligible occurrence at a landmark, or separately frozen equal-snapshot normalization using only eligible cases already known at that snapshot; NEVER divide by eventual surviving landmark count; preserve proper at-risk exposure; current forecasts use remaining time to fixed origin deadline","{""hidden_hyperparameter_search"":false,""learned_sector_regime_theme_industry_axis"":false,""minimum_compression"":5,""model_binding"":""REQUIRES_EXACT_PRE_OUTCOME_SOURCE_BINDING"",""model_recipe_count"":1,""original_range_TTM_dependencies"":""SOURCE_BOUND"",""percentile"":25,""phenotype"":""PRICE_RELEASE_VOLUME_ATTRIBUTE_SEPARATE_RECONCILIATION_PENDING"",""release_window"":3}",PROPOSED_NOT_REGISTERED_HOLD,"Qualified program ancestry only: S16 esx_sq_phase0 has 12 historical declared trials and report/run evidence, not 12 newly reconstructed itemized rows; S16 v1.0 accruing/unshipped does not confer new clock/direction/model/consumer authority. Def4 is a separate DRAFT 10-trial/46-cell reservation with zero canonical ledger rows at Macro 5fc7af4a1aa2510966a7b566f97e5b894f2632f8. This proposal does not claim all-time search=12+218.","BEFORE_OUTCOMES: incumbent owner review and approval; qualified corpus/cutoff/source/session/basis/rights/PIT/known-time contracts for each clock; exact occurrence and reset law; S16 phenotype reconciliation; ATR/scale and label/fill/ambiguity binding; matching/support and draw/seed rules; exact M0/M1 estimator/features/regularization/calibration binding where applicable; prefix-known landmark schedule/weights; consumer margins, costs, precision/power and sufficiency gates; exact temporal folds and untouched-evidence proof; one inferential procedure; independent acceptance; resource estimate/budget; existing-ledger registration only through a separately approved admitted carrier","OFFLINE_RESEARCH_PROPOSAL_ONLY; no canonical trial ID, registration, admission, dispatch, outcome execution, production, rank, gate, size or promotion authority",TOI_Recovery_Masterplan_2026-10-03.md,K1-K9,0426631f0a2e3c7243530a2ad859c5e36857768c43d0649ab17210d1c2246be8
TOI-W3-PROPOSAL-CFG-0061,W3-B,ACTIVATION_MODEL,SIMPLE_FORECAST_MODEL,D1,Source-bound vol_squeeze.assess_series percentile25/minimum compression5/release window3/original range and TTM dependencies; historical price-release population retained; volume attribute separate; phenotype reconciliation pending,195M-RTH,JOINT_UP_DOWN,NO_PRETRIGGER_ENTRY,ACTIVATION,M1,One regularized discrete-time cause-model recipe or one regularized quantile-model recipe with fixed own-price/state/age/volatility/location/liquidity inputs; exact implementation pending; no hidden model/feature/penalty/calibration search,,195M-RTH,"[""TOI-W3-PROPOSAL-CFG-0015"",""TOI-W3-PROPOSAL-CFG-0016""]",Joint up/down/pre-trigger-invalidated/unactivated distribution to fixed activation deadline,One frozen multistate Brier loss; calibration,Identical held-out D1 all-FORMING risk sets; never-armed cases retained; current landmarks target remaining time to original ten-subsequent-bar deadline,10,FIRST_CAUSALLY_RECOGNIZED_FORMING_ONSET; TEN_SUBSEQUENT_COMPLETED_NATIVE_BARS; ORIGIN_EXCLUDED,21,ORIGINAL_FIRST_FEASIBLE_P0_REFERENCE; SAME_ORIGINAL_DEADLINE_ACROSS_POLICIES_CLOCKS_AND_LANDMARKS,+1 frozen trigger ATR before -1 frozen trigger ATR; unresolved retained; ATR recipe requires source binding; adverse first passage is NOT structural fakeout,"OBSERVED_PREFIX_ONLY: predeclared elapsed-age landmarks; fixed weight for each eligible occurrence at a landmark, or separately frozen equal-snapshot normalization using only eligible cases already known at that snapshot; NEVER divide by eventual surviving landmark count; preserve proper at-risk exposure; current forecasts use remaining time to fixed origin deadline","{""hidden_hyperparameter_search"":false,""learned_sector_regime_theme_industry_axis"":false,""minimum_compression"":5,""model_binding"":""REQUIRES_EXACT_PRE_OUTCOME_SOURCE_BINDING"",""model_recipe_count"":1,""original_range_TTM_dependencies"":""SOURCE_BOUND"",""percentile"":25,""phenotype"":""PRICE_RELEASE_VOLUME_ATTRIBUTE_SEPARATE_RECONCILIATION_PENDING"",""release_window"":3}",PROPOSED_NOT_REGISTERED_HOLD,"Qualified program ancestry only: S16 esx_sq_phase0 has 12 historical declared trials and report/run evidence, not 12 newly reconstructed itemized rows; S16 v1.0 accruing/unshipped does not confer new clock/direction/model/consumer authority. Def4 is a separate DRAFT 10-trial/46-cell reservation with zero canonical ledger rows at Macro 5fc7af4a1aa2510966a7b566f97e5b894f2632f8. This proposal does not claim all-time search=12+218.","BEFORE_OUTCOMES: incumbent owner review and approval; qualified corpus/cutoff/source/session/basis/rights/PIT/known-time contracts for each clock; exact occurrence and reset law; S16 phenotype reconciliation; ATR/scale and label/fill/ambiguity binding; matching/support and draw/seed rules; exact M0/M1 estimator/features/regularization/calibration binding where applicable; prefix-known landmark schedule/weights; consumer margins, costs, precision/power and sufficiency gates; exact temporal folds and untouched-evidence proof; one inferential procedure; independent acceptance; resource estimate/budget; existing-ledger registration only through a separately approved admitted carrier","OFFLINE_RESEARCH_PROPOSAL_ONLY; no canonical trial ID, registration, admission, dispatch, outcome execution, production, rank, gate, size or promotion authority",TOI_Recovery_Masterplan_2026-10-03.md,K1-K9,0426631f0a2e3c7243530a2ad859c5e36857768c43d0649ab17210d1c2246be8
TOI-W3-PROPOSAL-CFG-0062,W3-B,TRIGGERED_PATH_MODEL,EMPIRICAL_BASELINE,D1,Source-bound vol_squeeze.assess_series percentile25/minimum compression5/release window3/original range and TTM dependencies; historical price-release population retained; volume attribute separate; phenotype reconciliation pending,W,UP,P0_ORIGINAL_COHORT_REFERENCE,TRIGGERED_PATH,M0,Elapsed-age/clock empirical transition distribution or corresponding empirical excursion quantile; one bound estimation/support rule reused across folds,,W,"[""TOI-W3-PROPOSAL-CFG-0009""]",Joint favorable/adverse/unresolved first-passage distribution to original fixed T; not structural-fakeout probability,One frozen proper multistate probability loss/Brier recipe; calibration,Identical held-out original raw D1 directional trigger cohort or explicitly predeclared at-risk landmarks; no policy-survivor selection; common P0 origin and expiry,10,FIRST_CAUSALLY_RECOGNIZED_FORMING_ONSET; TEN_SUBSEQUENT_COMPLETED_NATIVE_BARS; ORIGIN_EXCLUDED,21,ORIGINAL_FIRST_FEASIBLE_P0_REFERENCE; SAME_ORIGINAL_DEADLINE_ACROSS_POLICIES_CLOCKS_AND_LANDMARKS,+1 frozen trigger ATR before -1 frozen trigger ATR; unresolved retained; ATR recipe requires source binding; adverse first passage is NOT structural fakeout,"OBSERVED_PREFIX_ONLY: predeclared elapsed-age landmarks; fixed weight for each eligible occurrence at a landmark, or separately frozen equal-snapshot normalization using only eligible cases already known at that snapshot; NEVER divide by eventual surviving landmark count; preserve proper at-risk exposure; current forecasts use remaining time to fixed origin deadline","{""hidden_hyperparameter_search"":false,""learned_sector_regime_theme_industry_axis"":false,""minimum_compression"":5,""model_binding"":""REQUIRES_EXACT_PRE_OUTCOME_SOURCE_BINDING"",""model_recipe_count"":1,""original_range_TTM_dependencies"":""SOURCE_BOUND"",""percentile"":25,""phenotype"":""PRICE_RELEASE_VOLUME_ATTRIBUTE_SEPARATE_RECONCILIATION_PENDING"",""release_window"":3}",PROPOSED_NOT_REGISTERED_HOLD,"Qualified program ancestry only: S16 esx_sq_phase0 has 12 historical declared trials and report/run evidence, not 12 newly reconstructed itemized rows; S16 v1.0 accruing/unshipped does not confer new clock/direction/model/consumer authority. Def4 is a separate DRAFT 10-trial/46-cell reservation with zero canonical ledger rows at Macro 5fc7af4a1aa2510966a7b566f97e5b894f2632f8. This proposal does not claim all-time search=12+218.","BEFORE_OUTCOMES: incumbent owner review and approval; qualified corpus/cutoff/source/session/basis/rights/PIT/known-time contracts for each clock; exact occurrence and reset law; S16 phenotype reconciliation; ATR/scale and label/fill/ambiguity binding; matching/support and draw/seed rules; exact M0/M1 estimator/features/regularization/calibration binding where applicable; prefix-known landmark schedule/weights; consumer margins, costs, precision/power and sufficiency gates; exact temporal folds and untouched-evidence proof; one inferential procedure; independent acceptance; resource estimate/budget; existing-ledger registration only through a separately approved admitted carrier","OFFLINE_RESEARCH_PROPOSAL_ONLY; no canonical trial ID, registration, admission, dispatch, outcome execution, production, rank, gate, size or promotion authority",TOI_Recovery_Masterplan_2026-10-03.md,K1-K9,0426631f0a2e3c7243530a2ad859c5e36857768c43d0649ab17210d1c2246be8
TOI-W3-PROPOSAL-CFG-0063,W3-B,TRIGGERED_PATH_MODEL,SIMPLE_FORECAST_MODEL,D1,Source-bound vol_squeeze.assess_series percentile25/minimum compression5/release window3/original range and TTM dependencies; historical price-release population retained; volume attribute separate; phenotype reconciliation pending,W,UP,P0_ORIGINAL_COHORT_REFERENCE,TRIGGERED_PATH,M1,One regularized discrete-time cause-model recipe or one regularized quantile-model recipe with fixed own-price/state/age/volatility/location/liquidity inputs; exact implementation pending; no hidden model/feature/penalty/calibration search,,W,"[""TOI-W3-PROPOSAL-CFG-0009""]",Joint favorable/adverse/unresolved first-passage distribution to original fixed T; not structural-fakeout probability,One frozen proper multistate probability loss/Brier recipe; calibration,Identical held-out original raw D1 directional trigger cohort or explicitly predeclared at-risk landmarks; no policy-survivor selection; common P0 origin and expiry,10,FIRST_CAUSALLY_RECOGNIZED_FORMING_ONSET; TEN_SUBSEQUENT_COMPLETED_NATIVE_BARS; ORIGIN_EXCLUDED,21,ORIGINAL_FIRST_FEASIBLE_P0_REFERENCE; SAME_ORIGINAL_DEADLINE_ACROSS_POLICIES_CLOCKS_AND_LANDMARKS,+1 frozen trigger ATR before -1 frozen trigger ATR; unresolved retained; ATR recipe requires source binding; adverse first passage is NOT structural fakeout,"OBSERVED_PREFIX_ONLY: predeclared elapsed-age landmarks; fixed weight for each eligible occurrence at a landmark, or separately frozen equal-snapshot normalization using only eligible cases already known at that snapshot; NEVER divide by eventual surviving landmark count; preserve proper at-risk exposure; current forecasts use remaining time to fixed origin deadline","{""hidden_hyperparameter_search"":false,""learned_sector_regime_theme_industry_axis"":false,""minimum_compression"":5,""model_binding"":""REQUIRES_EXACT_PRE_OUTCOME_SOURCE_BINDING"",""model_recipe_count"":1,""original_range_TTM_dependencies"":""SOURCE_BOUND"",""percentile"":25,""phenotype"":""PRICE_RELEASE_VOLUME_ATTRIBUTE_SEPARATE_RECONCILIATION_PENDING"",""release_window"":3}",PROPOSED_NOT_REGISTERED_HOLD,"Qualified program ancestry only: S16 esx_sq_phase0 has 12 historical declared trials and report/run evidence, not 12 newly reconstructed itemized rows; S16 v1.0 accruing/unshipped does not confer new clock/direction/model/consumer authority. Def4 is a separate DRAFT 10-trial/46-cell reservation with zero canonical ledger rows at Macro 5fc7af4a1aa2510966a7b566f97e5b894f2632f8. This proposal does not claim all-time search=12+218.","BEFORE_OUTCOMES: incumbent owner review and approval; qualified corpus/cutoff/source/session/basis/rights/PIT/known-time contracts for each clock; exact occurrence and reset law; S16 phenotype reconciliation; ATR/scale and label/fill/ambiguity binding; matching/support and draw/seed rules; exact M0/M1 estimator/features/regularization/calibration binding where applicable; prefix-known landmark schedule/weights; consumer margins, costs, precision/power and sufficiency gates; exact temporal folds and untouched-evidence proof; one inferential procedure; independent acceptance; resource estimate/budget; existing-ledger registration only through a separately approved admitted carrier","OFFLINE_RESEARCH_PROPOSAL_ONLY; no canonical trial ID, registration, admission, dispatch, outcome execution, production, rank, gate, size or promotion authority",TOI_Recovery_Masterplan_2026-10-03.md,K1-K9,0426631f0a2e3c7243530a2ad859c5e36857768c43d0649ab17210d1c2246be8
TOI-W3-PROPOSAL-CFG-0064,W3-B,TRIGGERED_PATH_MODEL,EMPIRICAL_BASELINE,D1,Source-bound vol_squeeze.assess_series percentile25/minimum compression5/release window3/original range and TTM dependencies; historical price-release population retained; volume attribute separate; phenotype reconciliation pending,W,DOWN,P0_ORIGINAL_COHORT_REFERENCE,TRIGGERED_PATH,M0,Elapsed-age/clock empirical transition distribution or corresponding empirical excursion quantile; one bound estimation/support rule reused across folds,,W,"[""TOI-W3-PROPOSAL-CFG-0010""]",Joint favorable/adverse/unresolved first-passage distribution to original fixed T; not structural-fakeout probability,One frozen proper multistate probability loss/Brier recipe; calibration,Identical held-out original raw D1 directional trigger cohort or explicitly predeclared at-risk landmarks; no policy-survivor selection; common P0 origin and expiry,10,FIRST_CAUSALLY_RECOGNIZED_FORMING_ONSET; TEN_SUBSEQUENT_COMPLETED_NATIVE_BARS; ORIGIN_EXCLUDED,21,ORIGINAL_FIRST_FEASIBLE_P0_REFERENCE; SAME_ORIGINAL_DEADLINE_ACROSS_POLICIES_CLOCKS_AND_LANDMARKS,+1 frozen trigger ATR before -1 frozen trigger ATR; unresolved retained; ATR recipe requires source binding; adverse first passage is NOT structural fakeout,"OBSERVED_PREFIX_ONLY: predeclared elapsed-age landmarks; fixed weight for each eligible occurrence at a landmark, or separately frozen equal-snapshot normalization using only eligible cases already known at that snapshot; NEVER divide by eventual surviving landmark count; preserve proper at-risk exposure; current forecasts use remaining time to fixed origin deadline","{""hidden_hyperparameter_search"":false,""learned_sector_regime_theme_industry_axis"":false,""minimum_compression"":5,""model_binding"":""REQUIRES_EXACT_PRE_OUTCOME_SOURCE_BINDING"",""model_recipe_count"":1,""original_range_TTM_dependencies"":""SOURCE_BOUND"",""percentile"":25,""phenotype"":""PRICE_RELEASE_VOLUME_ATTRIBUTE_SEPARATE_RECONCILIATION_PENDING"",""release_window"":3}",PROPOSED_NOT_REGISTERED_HOLD,"Qualified program ancestry only: S16 esx_sq_phase0 has 12 historical declared trials and report/run evidence, not 12 newly reconstructed itemized rows; S16 v1.0 accruing/unshipped does not confer new clock/direction/model/consumer authority. Def4 is a separate DRAFT 10-trial/46-cell reservation with zero canonical ledger rows at Macro 5fc7af4a1aa2510966a7b566f97e5b894f2632f8. This proposal does not claim all-time search=12+218.","BEFORE_OUTCOMES: incumbent owner review and approval; qualified corpus/cutoff/source/session/basis/rights/PIT/known-time contracts for each clock; exact occurrence and reset law; S16 phenotype reconciliation; ATR/scale and label/fill/ambiguity binding; matching/support and draw/seed rules; exact M0/M1 estimator/features/regularization/calibration binding where applicable; prefix-known landmark schedule/weights; consumer margins, costs, precision/power and sufficiency gates; exact temporal folds and untouched-evidence proof; one inferential procedure; independent acceptance; resource estimate/budget; existing-ledger registration only through a separately approved admitted carrier","OFFLINE_RESEARCH_PROPOSAL_ONLY; no canonical trial ID, registration, admission, dispatch, outcome execution, production, rank, gate, size or promotion authority",TOI_Recovery_Masterplan_2026-10-03.md,K1-K9,0426631f0a2e3c7243530a2ad859c5e36857768c43d0649ab17210d1c2246be8
TOI-W3-PROPOSAL-CFG-0065,W3-B,TRIGGERED_PATH_MODEL,SIMPLE_FORECAST_MODEL,D1,Source-bound vol_squeeze.assess_series percentile25/minimum compression5/release window3/original range and TTM dependencies; historical price-release population retained; volume attribute separate; phenotype reconciliation pending,W,DOWN,P0_ORIGINAL_COHORT_REFERENCE,TRIGGERED_PATH,M1,One regularized discrete-time cause-model recipe or one regularized quantile-model recipe with fixed own-price/state/age/volatility/location/liquidity inputs; exact implementation pending; no hidden model/feature/penalty/calibration search,,W,"[""TOI-W3-PROPOSAL-CFG-0010""]",Joint favorable/adverse/unresolved first-passage distribution to original fixed T; not structural-fakeout probability,One frozen proper multistate probability loss/Brier recipe; calibration,Identical held-out original raw D1 directional trigger cohort or explicitly predeclared at-risk landmarks; no policy-survivor selection; common P0 origin and expiry,10,FIRST_CAUSALLY_RECOGNIZED_FORMING_ONSET; TEN_SUBSEQUENT_COMPLETED_NATIVE_BARS; ORIGIN_EXCLUDED,21,ORIGINAL_FIRST_FEASIBLE_P0_REFERENCE; SAME_ORIGINAL_DEADLINE_ACROSS_POLICIES_CLOCKS_AND_LANDMARKS,+1 frozen trigger ATR before -1 frozen trigger ATR; unresolved retained; ATR recipe requires source binding; adverse first passage is NOT structural fakeout,"OBSERVED_PREFIX_ONLY: predeclared elapsed-age landmarks; fixed weight for each eligible occurrence at a landmark, or separately frozen equal-snapshot normalization using only eligible cases already known at that snapshot; NEVER divide by eventual surviving landmark count; preserve proper at-risk exposure; current forecasts use remaining time to fixed origin deadline","{""hidden_hyperparameter_search"":false,""learned_sector_regime_theme_industry_axis"":false,""minimum_compression"":5,""model_binding"":""REQUIRES_EXACT_PRE_OUTCOME_SOURCE_BINDING"",""model_recipe_count"":1,""original_range_TTM_dependencies"":""SOURCE_BOUND"",""percentile"":25,""phenotype"":""PRICE_RELEASE_VOLUME_ATTRIBUTE_SEPARATE_RECONCILIATION_PENDING"",""release_window"":3}",PROPOSED_NOT_REGISTERED_HOLD,"Qualified program ancestry only: S16 esx_sq_phase0 has 12 historical declared trials and report/run evidence, not 12 newly reconstructed itemized rows; S16 v1.0 accruing/unshipped does not confer new clock/direction/model/consumer authority. Def4 is a separate DRAFT 10-trial/46-cell reservation with zero canonical ledger rows at Macro 5fc7af4a1aa2510966a7b566f97e5b894f2632f8. This proposal does not claim all-time search=12+218.","BEFORE_OUTCOMES: incumbent owner review and approval; qualified corpus/cutoff/source/session/basis/rights/PIT/known-time contracts for each clock; exact occurrence and reset law; S16 phenotype reconciliation; ATR/scale and label/fill/ambiguity binding; matching/support and draw/seed rules; exact M0/M1 estimator/features/regularization/calibration binding where applicable; prefix-known landmark schedule/weights; consumer margins, costs, precision/power and sufficiency gates; exact temporal folds and untouched-evidence proof; one inferential procedure; independent acceptance; resource estimate/budget; existing-ledger registration only through a separately approved admitted carrier","OFFLINE_RESEARCH_PROPOSAL_ONLY; no canonical trial ID, registration, admission, dispatch, outcome execution, production, rank, gate, size or promotion authority",TOI_Recovery_Masterplan_2026-10-03.md,K1-K9,0426631f0a2e3c7243530a2ad859c5e36857768c43d0649ab17210d1c2246be8
TOI-W3-PROPOSAL-CFG-0066,W3-B,TRIGGERED_PATH_MODEL,EMPIRICAL_BASELINE,D1,Source-bound vol_squeeze.assess_series percentile25/minimum compression5/release window3/original range and TTM dependencies; historical price-release population retained; volume attribute separate; phenotype reconciliation pending,D,UP,P0_ORIGINAL_COHORT_REFERENCE,TRIGGERED_PATH,M0,Elapsed-age/clock empirical transition distribution or corresponding empirical excursion quantile; one bound estimation/support rule reused across folds,,D,"[""TOI-W3-PROPOSAL-CFG-0011""]",Joint favorable/adverse/unresolved first-passage distribution to original fixed T; not structural-fakeout probability,One frozen proper multistate probability loss/Brier recipe; calibration,Identical held-out original raw D1 directional trigger cohort or explicitly predeclared at-risk landmarks; no policy-survivor selection; common P0 origin and expiry,10,FIRST_CAUSALLY_RECOGNIZED_FORMING_ONSET; TEN_SUBSEQUENT_COMPLETED_NATIVE_BARS; ORIGIN_EXCLUDED,21,ORIGINAL_FIRST_FEASIBLE_P0_REFERENCE; SAME_ORIGINAL_DEADLINE_ACROSS_POLICIES_CLOCKS_AND_LANDMARKS,+1 frozen trigger ATR before -1 frozen trigger ATR; unresolved retained; ATR recipe requires source binding; adverse first passage is NOT structural fakeout,"OBSERVED_PREFIX_ONLY: predeclared elapsed-age landmarks; fixed weight for each eligible occurrence at a landmark, or separately frozen equal-snapshot normalization using only eligible cases already known at that snapshot; NEVER divide by eventual surviving landmark count; preserve proper at-risk exposure; current forecasts use remaining time to fixed origin deadline","{""hidden_hyperparameter_search"":false,""learned_sector_regime_theme_industry_axis"":false,""minimum_compression"":5,""model_binding"":""REQUIRES_EXACT_PRE_OUTCOME_SOURCE_BINDING"",""model_recipe_count"":1,""original_range_TTM_dependencies"":""SOURCE_BOUND"",""percentile"":25,""phenotype"":""PRICE_RELEASE_VOLUME_ATTRIBUTE_SEPARATE_RECONCILIATION_PENDING"",""release_window"":3}",PROPOSED_NOT_REGISTERED_HOLD,"Qualified program ancestry only: S16 esx_sq_phase0 has 12 historical declared trials and report/run evidence, not 12 newly reconstructed itemized rows; S16 v1.0 accruing/unshipped does not confer new clock/direction/model/consumer authority. Def4 is a separate DRAFT 10-trial/46-cell reservation with zero canonical ledger rows at Macro 5fc7af4a1aa2510966a7b566f97e5b894f2632f8. This proposal does not claim all-time search=12+218.","BEFORE_OUTCOMES: incumbent owner review and approval; qualified corpus/cutoff/source/session/basis/rights/PIT/known-time contracts for each clock; exact occurrence and reset law; S16 phenotype reconciliation; ATR/scale and label/fill/ambiguity binding; matching/support and draw/seed rules; exact M0/M1 estimator/features/regularization/calibration binding where applicable; prefix-known landmark schedule/weights; consumer margins, costs, precision/power and sufficiency gates; exact temporal folds and untouched-evidence proof; one inferential procedure; independent acceptance; resource estimate/budget; existing-ledger registration only through a separately approved admitted carrier","OFFLINE_RESEARCH_PROPOSAL_ONLY; no canonical trial ID, registration, admission, dispatch, outcome execution, production, rank, gate, size or promotion authority",TOI_Recovery_Masterplan_2026-10-03.md,K1-K9,0426631f0a2e3c7243530a2ad859c5e36857768c43d0649ab17210d1c2246be8
TOI-W3-PROPOSAL-CFG-0067,W3-B,TRIGGERED_PATH_MODEL,SIMPLE_FORECAST_MODEL,D1,Source-bound vol_squeeze.assess_series percentile25/minimum compression5/release window3/original range and TTM dependencies; historical price-release population retained; volume attribute separate; phenotype reconciliation pending,D,UP,P0_ORIGINAL_COHORT_REFERENCE,TRIGGERED_PATH,M1,One regularized discrete-time cause-model recipe or one regularized quantile-model recipe with fixed own-price/state/age/volatility/location/liquidity inputs; exact implementation pending; no hidden model/feature/penalty/calibration search,,D,"[""TOI-W3-PROPOSAL-CFG-0011""]",Joint favorable/adverse/unresolved first-passage distribution to original fixed T; not structural-fakeout probability,One frozen proper multistate probability loss/Brier recipe; calibration,Identical held-out original raw D1 directional trigger cohort or explicitly predeclared at-risk landmarks; no policy-survivor selection; common P0 origin and expiry,10,FIRST_CAUSALLY_RECOGNIZED_FORMING_ONSET; TEN_SUBSEQUENT_COMPLETED_NATIVE_BARS; ORIGIN_EXCLUDED,21,ORIGINAL_FIRST_FEASIBLE_P0_REFERENCE; SAME_ORIGINAL_DEADLINE_ACROSS_POLICIES_CLOCKS_AND_LANDMARKS,+1 frozen trigger ATR before -1 frozen trigger ATR; unresolved retained; ATR recipe requires source binding; adverse first passage is NOT structural fakeout,"OBSERVED_PREFIX_ONLY: predeclared elapsed-age landmarks; fixed weight for each eligible occurrence at a landmark, or separately frozen equal-snapshot normalization using only eligible cases already known at that snapshot; NEVER divide by eventual surviving landmark count; preserve proper at-risk exposure; current forecasts use remaining time to fixed origin deadline","{""hidden_hyperparameter_search"":false,""learned_sector_regime_theme_industry_axis"":false,""minimum_compression"":5,""model_binding"":""REQUIRES_EXACT_PRE_OUTCOME_SOURCE_BINDING"",""model_recipe_count"":1,""original_range_TTM_dependencies"":""SOURCE_BOUND"",""percentile"":25,""phenotype"":""PRICE_RELEASE_VOLUME_ATTRIBUTE_SEPARATE_RECONCILIATION_PENDING"",""release_window"":3}",PROPOSED_NOT_REGISTERED_HOLD,"Qualified program ancestry only: S16 esx_sq_phase0 has 12 historical declared trials and report/run evidence, not 12 newly reconstructed itemized rows; S16 v1.0 accruing/unshipped does not confer new clock/direction/model/consumer authority. Def4 is a separate DRAFT 10-trial/46-cell reservation with zero canonical ledger rows at Macro 5fc7af4a1aa2510966a7b566f97e5b894f2632f8. This proposal does not claim all-time search=12+218.","BEFORE_OUTCOMES: incumbent owner review and approval; qualified corpus/cutoff/source/session/basis/rights/PIT/known-time contracts for each clock; exact occurrence and reset law; S16 phenotype reconciliation; ATR/scale and label/fill/ambiguity binding; matching/support and draw/seed rules; exact M0/M1 estimator/features/regularization/calibration binding where applicable; prefix-known landmark schedule/weights; consumer margins, costs, precision/power and sufficiency gates; exact temporal folds and untouched-evidence proof; one inferential procedure; independent acceptance; resource estimate/budget; existing-ledger registration only through a separately approved admitted carrier","OFFLINE_RESEARCH_PROPOSAL_ONLY; no canonical trial ID, registration, admission, dispatch, outcome execution, production, rank, gate, size or promotion authority",TOI_Recovery_Masterplan_2026-10-03.md,K1-K9,0426631f0a2e3c7243530a2ad859c5e36857768c43d0649ab17210d1c2246be8
TOI-W3-PROPOSAL-CFG-0068,W3-B,TRIGGERED_PATH_MODEL,EMPIRICAL_BASELINE,D1,Source-bound vol_squeeze.assess_series percentile25/minimum compression5/release window3/original range and TTM dependencies; historical price-release population retained; volume attribute separate; phenotype reconciliation pending,D,DOWN,P0_ORIGINAL_COHORT_REFERENCE,TRIGGERED_PATH,M0,Elapsed-age/clock empirical transition distribution or corresponding empirical excursion quantile; one bound estimation/support rule reused across folds,,D,"[""TOI-W3-PROPOSAL-CFG-0012""]",Joint favorable/adverse/unresolved first-passage distribution to original fixed T; not structural-fakeout probability,One frozen proper multistate probability loss/Brier recipe; calibration,Identical held-out original raw D1 directional trigger cohort or explicitly predeclared at-risk landmarks; no policy-survivor selection; common P0 origin and expiry,10,FIRST_CAUSALLY_RECOGNIZED_FORMING_ONSET; TEN_SUBSEQUENT_COMPLETED_NATIVE_BARS; ORIGIN_EXCLUDED,21,ORIGINAL_FIRST_FEASIBLE_P0_REFERENCE; SAME_ORIGINAL_DEADLINE_ACROSS_POLICIES_CLOCKS_AND_LANDMARKS,+1 frozen trigger ATR before -1 frozen trigger ATR; unresolved retained; ATR recipe requires source binding; adverse first passage is NOT structural fakeout,"OBSERVED_PREFIX_ONLY: predeclared elapsed-age landmarks; fixed weight for each eligible occurrence at a landmark, or separately frozen equal-snapshot normalization using only eligible cases already known at that snapshot; NEVER divide by eventual surviving landmark count; preserve proper at-risk exposure; current forecasts use remaining time to fixed origin deadline","{""hidden_hyperparameter_search"":false,""learned_sector_regime_theme_industry_axis"":false,""minimum_compression"":5,""model_binding"":""REQUIRES_EXACT_PRE_OUTCOME_SOURCE_BINDING"",""model_recipe_count"":1,""original_range_TTM_dependencies"":""SOURCE_BOUND"",""percentile"":25,""phenotype"":""PRICE_RELEASE_VOLUME_ATTRIBUTE_SEPARATE_RECONCILIATION_PENDING"",""release_window"":3}",PROPOSED_NOT_REGISTERED_HOLD,"Qualified program ancestry only: S16 esx_sq_phase0 has 12 historical declared trials and report/run evidence, not 12 newly reconstructed itemized rows; S16 v1.0 accruing/unshipped does not confer new clock/direction/model/consumer authority. Def4 is a separate DRAFT 10-trial/46-cell reservation with zero canonical ledger rows at Macro 5fc7af4a1aa2510966a7b566f97e5b894f2632f8. This proposal does not claim all-time search=12+218.","BEFORE_OUTCOMES: incumbent owner review and approval; qualified corpus/cutoff/source/session/basis/rights/PIT/known-time contracts for each clock; exact occurrence and reset law; S16 phenotype reconciliation; ATR/scale and label/fill/ambiguity binding; matching/support and draw/seed rules; exact M0/M1 estimator/features/regularization/calibration binding where applicable; prefix-known landmark schedule/weights; consumer margins, costs, precision/power and sufficiency gates; exact temporal folds and untouched-evidence proof; one inferential procedure; independent acceptance; resource estimate/budget; existing-ledger registration only through a separately approved admitted carrier","OFFLINE_RESEARCH_PROPOSAL_ONLY; no canonical trial ID, registration, admission, dispatch, outcome execution, production, rank, gate, size or promotion authority",TOI_Recovery_Masterplan_2026-10-03.md,K1-K9,0426631f0a2e3c7243530a2ad859c5e36857768c43d0649ab17210d1c2246be8
TOI-W3-PROPOSAL-CFG-0069,W3-B,TRIGGERED_PATH_MODEL,SIMPLE_FORECAST_MODEL,D1,Source-bound vol_squeeze.assess_series percentile25/minimum compression5/release window3/original range and TTM dependencies; historical price-release population retained; volume attribute separate; phenotype reconciliation pending,D,DOWN,P0_ORIGINAL_COHORT_REFERENCE,TRIGGERED_PATH,M1,One regularized discrete-time cause-model recipe or one regularized quantile-model recipe with fixed own-price/state/age/volatility/location/liquidity inputs; exact implementation pending; no hidden model/feature/penalty/calibration search,,D,"[""TOI-W3-PROPOSAL-CFG-0012""]",Joint favorable/adverse/unresolved first-passage distribution to original fixed T; not structural-fakeout probability,One frozen proper multistate probability loss/Brier recipe; calibration,Identical held-out original raw D1 directional trigger cohort or explicitly predeclared at-risk landmarks; no policy-survivor selection; common P0 origin and expiry,10,FIRST_CAUSALLY_RECOGNIZED_FORMING_ONSET; TEN_SUBSEQUENT_COMPLETED_NATIVE_BARS; ORIGIN_EXCLUDED,21,ORIGINAL_FIRST_FEASIBLE_P0_REFERENCE; SAME_ORIGINAL_DEADLINE_ACROSS_POLICIES_CLOCKS_AND_LANDMARKS,+1 frozen trigger ATR before -1 frozen trigger ATR; unresolved retained; ATR recipe requires source binding; adverse first passage is NOT structural fakeout,"OBSERVED_PREFIX_ONLY: predeclared elapsed-age landmarks; fixed weight for each eligible occurrence at a landmark, or separately frozen equal-snapshot normalization using only eligible cases already known at that snapshot; NEVER divide by eventual surviving landmark count; preserve proper at-risk exposure; current forecasts use remaining time to fixed origin deadline","{""hidden_hyperparameter_search"":false,""learned_sector_regime_theme_industry_axis"":false,""minimum_compression"":5,""model_binding"":""REQUIRES_EXACT_PRE_OUTCOME_SOURCE_BINDING"",""model_recipe_count"":1,""original_range_TTM_dependencies"":""SOURCE_BOUND"",""percentile"":25,""phenotype"":""PRICE_RELEASE_VOLUME_ATTRIBUTE_SEPARATE_RECONCILIATION_PENDING"",""release_window"":3}",PROPOSED_NOT_REGISTERED_HOLD,"Qualified program ancestry only: S16 esx_sq_phase0 has 12 historical declared trials and report/run evidence, not 12 newly reconstructed itemized rows; S16 v1.0 accruing/unshipped does not confer new clock/direction/model/consumer authority. Def4 is a separate DRAFT 10-trial/46-cell reservation with zero canonical ledger rows at Macro 5fc7af4a1aa2510966a7b566f97e5b894f2632f8. This proposal does not claim all-time search=12+218.","BEFORE_OUTCOMES: incumbent owner review and approval; qualified corpus/cutoff/source/session/basis/rights/PIT/known-time contracts for each clock; exact occurrence and reset law; S16 phenotype reconciliation; ATR/scale and label/fill/ambiguity binding; matching/support and draw/seed rules; exact M0/M1 estimator/features/regularization/calibration binding where applicable; prefix-known landmark schedule/weights; consumer margins, costs, precision/power and sufficiency gates; exact temporal folds and untouched-evidence proof; one inferential procedure; independent acceptance; resource estimate/budget; existing-ledger registration only through a separately approved admitted carrier","OFFLINE_RESEARCH_PROPOSAL_ONLY; no canonical trial ID, registration, admission, dispatch, outcome execution, production, rank, gate, size or promotion authority",TOI_Recovery_Masterplan_2026-10-03.md,K1-K9,0426631f0a2e3c7243530a2ad859c5e36857768c43d0649ab17210d1c2246be8
TOI-W3-PROPOSAL-CFG-0070,W3-B,TRIGGERED_PATH_MODEL,EMPIRICAL_BASELINE,D1,Source-bound vol_squeeze.assess_series percentile25/minimum compression5/release window3/original range and TTM dependencies; historical price-release population retained; volume attribute separate; phenotype reconciliation pending,4H-CLOCK,UP,P0_ORIGINAL_COHORT_REFERENCE,TRIGGERED_PATH,M0,Elapsed-age/clock empirical transition distribution or corresponding empirical excursion quantile; one bound estimation/support rule reused across folds,,4H-CLOCK,"[""TOI-W3-PROPOSAL-CFG-0013""]",Joint favorable/adverse/unresolved first-passage distribution to original fixed T; not structural-fakeout probability,One frozen proper multistate probability loss/Brier recipe; calibration,Identical held-out original raw D1 directional trigger cohort or explicitly predeclared at-risk landmarks; no policy-survivor selection; common P0 origin and expiry,10,FIRST_CAUSALLY_RECOGNIZED_FORMING_ONSET; TEN_SUBSEQUENT_COMPLETED_NATIVE_BARS; ORIGIN_EXCLUDED,21,ORIGINAL_FIRST_FEASIBLE_P0_REFERENCE; SAME_ORIGINAL_DEADLINE_ACROSS_POLICIES_CLOCKS_AND_LANDMARKS,+1 frozen trigger ATR before -1 frozen trigger ATR; unresolved retained; ATR recipe requires source binding; adverse first passage is NOT structural fakeout,"OBSERVED_PREFIX_ONLY: predeclared elapsed-age landmarks; fixed weight for each eligible occurrence at a landmark, or separately frozen equal-snapshot normalization using only eligible cases already known at that snapshot; NEVER divide by eventual surviving landmark count; preserve proper at-risk exposure; current forecasts use remaining time to fixed origin deadline","{""hidden_hyperparameter_search"":false,""learned_sector_regime_theme_industry_axis"":false,""minimum_compression"":5,""model_binding"":""REQUIRES_EXACT_PRE_OUTCOME_SOURCE_BINDING"",""model_recipe_count"":1,""original_range_TTM_dependencies"":""SOURCE_BOUND"",""percentile"":25,""phenotype"":""PRICE_RELEASE_VOLUME_ATTRIBUTE_SEPARATE_RECONCILIATION_PENDING"",""release_window"":3}",PROPOSED_NOT_REGISTERED_HOLD,"Qualified program ancestry only: S16 esx_sq_phase0 has 12 historical declared trials and report/run evidence, not 12 newly reconstructed itemized rows; S16 v1.0 accruing/unshipped does not confer new clock/direction/model/consumer authority. Def4 is a separate DRAFT 10-trial/46-cell reservation with zero canonical ledger rows at Macro 5fc7af4a1aa2510966a7b566f97e5b894f2632f8. This proposal does not claim all-time search=12+218.","BEFORE_OUTCOMES: incumbent owner review and approval; qualified corpus/cutoff/source/session/basis/rights/PIT/known-time contracts for each clock; exact occurrence and reset law; S16 phenotype reconciliation; ATR/scale and label/fill/ambiguity binding; matching/support and draw/seed rules; exact M0/M1 estimator/features/regularization/calibration binding where applicable; prefix-known landmark schedule/weights; consumer margins, costs, precision/power and sufficiency gates; exact temporal folds and untouched-evidence proof; one inferential procedure; independent acceptance; resource estimate/budget; existing-ledger registration only through a separately approved admitted carrier","OFFLINE_RESEARCH_PROPOSAL_ONLY; no canonical trial ID, registration, admission, dispatch, outcome execution, production, rank, gate, size or promotion authority",TOI_Recovery_Masterplan_2026-10-03.md,K1-K9,0426631f0a2e3c7243530a2ad859c5e36857768c43d0649ab17210d1c2246be8
TOI-W3-PROPOSAL-CFG-0071,W3-B,TRIGGERED_PATH_MODEL,SIMPLE_FORECAST_MODEL,D1,Source-bound vol_squeeze.assess_series percentile25/minimum compression5/release window3/original range and TTM dependencies; historical price-release population retained; volume attribute separate; phenotype reconciliation pending,4H-CLOCK,UP,P0_ORIGINAL_COHORT_REFERENCE,TRIGGERED_PATH,M1,One regularized discrete-time cause-model recipe or one regularized quantile-model recipe with fixed own-price/state/age/volatility/location/liquidity inputs; exact implementation pending; no hidden model/feature/penalty/calibration search,,4H-CLOCK,"[""TOI-W3-PROPOSAL-CFG-0013""]",Joint favorable/adverse/unresolved first-passage distribution to original fixed T; not structural-fakeout probability,One frozen proper multistate probability loss/Brier recipe; calibration,Identical held-out original raw D1 directional trigger cohort or explicitly predeclared at-risk landmarks; no policy-survivor selection; common P0 origin and expiry,10,FIRST_CAUSALLY_RECOGNIZED_FORMING_ONSET; TEN_SUBSEQUENT_COMPLETED_NATIVE_BARS; ORIGIN_EXCLUDED,21,ORIGINAL_FIRST_FEASIBLE_P0_REFERENCE; SAME_ORIGINAL_DEADLINE_ACROSS_POLICIES_CLOCKS_AND_LANDMARKS,+1 frozen trigger ATR before -1 frozen trigger ATR; unresolved retained; ATR recipe requires source binding; adverse first passage is NOT structural fakeout,"OBSERVED_PREFIX_ONLY: predeclared elapsed-age landmarks; fixed weight for each eligible occurrence at a landmark, or separately frozen equal-snapshot normalization using only eligible cases already known at that snapshot; NEVER divide by eventual surviving landmark count; preserve proper at-risk exposure; current forecasts use remaining time to fixed origin deadline","{""hidden_hyperparameter_search"":false,""learned_sector_regime_theme_industry_axis"":false,""minimum_compression"":5,""model_binding"":""REQUIRES_EXACT_PRE_OUTCOME_SOURCE_BINDING"",""model_recipe_count"":1,""original_range_TTM_dependencies"":""SOURCE_BOUND"",""percentile"":25,""phenotype"":""PRICE_RELEASE_VOLUME_ATTRIBUTE_SEPARATE_RECONCILIATION_PENDING"",""release_window"":3}",PROPOSED_NOT_REGISTERED_HOLD,"Qualified program ancestry only: S16 esx_sq_phase0 has 12 historical declared trials and report/run evidence, not 12 newly reconstructed itemized rows; S16 v1.0 accruing/unshipped does not confer new clock/direction/model/consumer authority. Def4 is a separate DRAFT 10-trial/46-cell reservation with zero canonical ledger rows at Macro 5fc7af4a1aa2510966a7b566f97e5b894f2632f8. This proposal does not claim all-time search=12+218.","BEFORE_OUTCOMES: incumbent owner review and approval; qualified corpus/cutoff/source/session/basis/rights/PIT/known-time contracts for each clock; exact occurrence and reset law; S16 phenotype reconciliation; ATR/scale and label/fill/ambiguity binding; matching/support and draw/seed rules; exact M0/M1 estimator/features/regularization/calibration binding where applicable; prefix-known landmark schedule/weights; consumer margins, costs, precision/power and sufficiency gates; exact temporal folds and untouched-evidence proof; one inferential procedure; independent acceptance; resource estimate/budget; existing-ledger registration only through a separately approved admitted carrier","OFFLINE_RESEARCH_PROPOSAL_ONLY; no canonical trial ID, registration, admission, dispatch, outcome execution, production, rank, gate, size or promotion authority",TOI_Recovery_Masterplan_2026-10-03.md,K1-K9,0426631f0a2e3c7243530a2ad859c5e36857768c43d0649ab17210d1c2246be8
TOI-W3-PROPOSAL-CFG-0072,W3-B,TRIGGERED_PATH_MODEL,EMPIRICAL_BASELINE,D1,Source-bound vol_squeeze.assess_series percentile25/minimum compression5/release window3/original range and TTM dependencies; historical price-release population retained; volume attribute separate; phenotype reconciliation pending,4H-CLOCK,DOWN,P0_ORIGINAL_COHORT_REFERENCE,TRIGGERED_PATH,M0,Elapsed-age/clock empirical transition distribution or corresponding empirical excursion quantile; one bound estimation/support rule reused across folds,,4H-CLOCK,"[""TOI-W3-PROPOSAL-CFG-0014""]",Joint favorable/adverse/unresolved first-passage distribution to original fixed T; not structural-fakeout probability,One frozen proper multistate probability loss/Brier recipe; calibration,Identical held-out original raw D1 directional trigger cohort or explicitly predeclared at-risk landmarks; no policy-survivor selection; common P0 origin and expiry,10,FIRST_CAUSALLY_RECOGNIZED_FORMING_ONSET; TEN_SUBSEQUENT_COMPLETED_NATIVE_BARS; ORIGIN_EXCLUDED,21,ORIGINAL_FIRST_FEASIBLE_P0_REFERENCE; SAME_ORIGINAL_DEADLINE_ACROSS_POLICIES_CLOCKS_AND_LANDMARKS,+1 frozen trigger ATR before -1 frozen trigger ATR; unresolved retained; ATR recipe requires source binding; adverse first passage is NOT structural fakeout,"OBSERVED_PREFIX_ONLY: predeclared elapsed-age landmarks; fixed weight for each eligible occurrence at a landmark, or separately frozen equal-snapshot normalization using only eligible cases already known at that snapshot; NEVER divide by eventual surviving landmark count; preserve proper at-risk exposure; current forecasts use remaining time to fixed origin deadline","{""hidden_hyperparameter_search"":false,""learned_sector_regime_theme_industry_axis"":false,""minimum_compression"":5,""model_binding"":""REQUIRES_EXACT_PRE_OUTCOME_SOURCE_BINDING"",""model_recipe_count"":1,""original_range_TTM_dependencies"":""SOURCE_BOUND"",""percentile"":25,""phenotype"":""PRICE_RELEASE_VOLUME_ATTRIBUTE_SEPARATE_RECONCILIATION_PENDING"",""release_window"":3}",PROPOSED_NOT_REGISTERED_HOLD,"Qualified program ancestry only: S16 esx_sq_phase0 has 12 historical declared trials and report/run evidence, not 12 newly reconstructed itemized rows; S16 v1.0 accruing/unshipped does not confer new clock/direction/model/consumer authority. Def4 is a separate DRAFT 10-trial/46-cell reservation with zero canonical ledger rows at Macro 5fc7af4a1aa2510966a7b566f97e5b894f2632f8. This proposal does not claim all-time search=12+218.","BEFORE_OUTCOMES: incumbent owner review and approval; qualified corpus/cutoff/source/session/basis/rights/PIT/known-time contracts for each clock; exact occurrence and reset law; S16 phenotype reconciliation; ATR/scale and label/fill/ambiguity binding; matching/support and draw/seed rules; exact M0/M1 estimator/features/regularization/calibration binding where applicable; prefix-known landmark schedule/weights; consumer margins, costs, precision/power and sufficiency gates; exact temporal folds and untouched-evidence proof; one inferential procedure; independent acceptance; resource estimate/budget; existing-ledger registration only through a separately approved admitted carrier","OFFLINE_RESEARCH_PROPOSAL_ONLY; no canonical trial ID, registration, admission, dispatch, outcome execution, production, rank, gate, size or promotion authority",TOI_Recovery_Masterplan_2026-10-03.md,K1-K9,0426631f0a2e3c7243530a2ad859c5e36857768c43d0649ab17210d1c2246be8
TOI-W3-PROPOSAL-CFG-0073,W3-B,TRIGGERED_PATH_MODEL,SIMPLE_FORECAST_MODEL,D1,Source-bound vol_squeeze.assess_series percentile25/minimum compression5/release window3/original range and TTM dependencies; historical price-release population retained; volume attribute separate; phenotype reconciliation pending,4H-CLOCK,DOWN,P0_ORIGINAL_COHORT_REFERENCE,TRIGGERED_PATH,M1,One regularized discrete-time cause-model recipe or one regularized quantile-model recipe with fixed own-price/state/age/volatility/location/liquidity inputs; exact implementation pending; no hidden model/feature/penalty/calibration search,,4H-CLOCK,"[""TOI-W3-PROPOSAL-CFG-0014""]",Joint favorable/adverse/unresolved first-passage distribution to original fixed T; not structural-fakeout probability,One frozen proper multistate probability loss/Brier recipe; calibration,Identical held-out original raw D1 directional trigger cohort or explicitly predeclared at-risk landmarks; no policy-survivor selection; common P0 origin and expiry,10,FIRST_CAUSALLY_RECOGNIZED_FORMING_ONSET; TEN_SUBSEQUENT_COMPLETED_NATIVE_BARS; ORIGIN_EXCLUDED,21,ORIGINAL_FIRST_FEASIBLE_P0_REFERENCE; SAME_ORIGINAL_DEADLINE_ACROSS_POLICIES_CLOCKS_AND_LANDMARKS,+1 frozen trigger ATR before -1 frozen trigger ATR; unresolved retained; ATR recipe requires source binding; adverse first passage is NOT structural fakeout,"OBSERVED_PREFIX_ONLY: predeclared elapsed-age landmarks; fixed weight for each eligible occurrence at a landmark, or separately frozen equal-snapshot normalization using only eligible cases already known at that snapshot; NEVER divide by eventual surviving landmark count; preserve proper at-risk exposure; current forecasts use remaining time to fixed origin deadline","{""hidden_hyperparameter_search"":false,""learned_sector_regime_theme_industry_axis"":false,""minimum_compression"":5,""model_binding"":""REQUIRES_EXACT_PRE_OUTCOME_SOURCE_BINDING"",""model_recipe_count"":1,""original_range_TTM_dependencies"":""SOURCE_BOUND"",""percentile"":25,""phenotype"":""PRICE_RELEASE_VOLUME_ATTRIBUTE_SEPARATE_RECONCILIATION_PENDING"",""release_window"":3}",PROPOSED_NOT_REGISTERED_HOLD,"Qualified program ancestry only: S16 esx_sq_phase0 has 12 historical declared trials and report/run evidence, not 12 newly reconstructed itemized rows; S16 v1.0 accruing/unshipped does not confer new clock/direction/model/consumer authority. Def4 is a separate DRAFT 10-trial/46-cell reservation with zero canonical ledger rows at Macro 5fc7af4a1aa2510966a7b566f97e5b894f2632f8. This proposal does not claim all-time search=12+218.","BEFORE_OUTCOMES: incumbent owner review and approval; qualified corpus/cutoff/source/session/basis/rights/PIT/known-time contracts for each clock; exact occurrence and reset law; S16 phenotype reconciliation; ATR/scale and label/fill/ambiguity binding; matching/support and draw/seed rules; exact M0/M1 estimator/features/regularization/calibration binding where applicable; prefix-known landmark schedule/weights; consumer margins, costs, precision/power and sufficiency gates; exact temporal folds and untouched-evidence proof; one inferential procedure; independent acceptance; resource estimate/budget; existing-ledger registration only through a separately approved admitted carrier","OFFLINE_RESEARCH_PROPOSAL_ONLY; no canonical trial ID, registration, admission, dispatch, outcome execution, production, rank, gate, size or promotion authority",TOI_Recovery_Masterplan_2026-10-03.md,K1-K9,0426631f0a2e3c7243530a2ad859c5e36857768c43d0649ab17210d1c2246be8
TOI-W3-PROPOSAL-CFG-0074,W3-B,TRIGGERED_PATH_MODEL,EMPIRICAL_BASELINE,D1,Source-bound vol_squeeze.assess_series percentile25/minimum compression5/release window3/original range and TTM dependencies; historical price-release population retained; volume attribute separate; phenotype reconciliation pending,195M-RTH,UP,P0_ORIGINAL_COHORT_REFERENCE,TRIGGERED_PATH,M0,Elapsed-age/clock empirical transition distribution or corresponding empirical excursion quantile; one bound estimation/support rule reused across folds,,195M-RTH,"[""TOI-W3-PROPOSAL-CFG-0015""]",Joint favorable/adverse/unresolved first-passage distribution to original fixed T; not structural-fakeout probability,One frozen proper multistate probability loss/Brier recipe; calibration,Identical held-out original raw D1 directional trigger cohort or explicitly predeclared at-risk landmarks; no policy-survivor selection; common P0 origin and expiry,10,FIRST_CAUSALLY_RECOGNIZED_FORMING_ONSET; TEN_SUBSEQUENT_COMPLETED_NATIVE_BARS; ORIGIN_EXCLUDED,21,ORIGINAL_FIRST_FEASIBLE_P0_REFERENCE; SAME_ORIGINAL_DEADLINE_ACROSS_POLICIES_CLOCKS_AND_LANDMARKS,+1 frozen trigger ATR before -1 frozen trigger ATR; unresolved retained; ATR recipe requires source binding; adverse first passage is NOT structural fakeout,"OBSERVED_PREFIX_ONLY: predeclared elapsed-age landmarks; fixed weight for each eligible occurrence at a landmark, or separately frozen equal-snapshot normalization using only eligible cases already known at that snapshot; NEVER divide by eventual surviving landmark count; preserve proper at-risk exposure; current forecasts use remaining time to fixed origin deadline","{""hidden_hyperparameter_search"":false,""learned_sector_regime_theme_industry_axis"":false,""minimum_compression"":5,""model_binding"":""REQUIRES_EXACT_PRE_OUTCOME_SOURCE_BINDING"",""model_recipe_count"":1,""original_range_TTM_dependencies"":""SOURCE_BOUND"",""percentile"":25,""phenotype"":""PRICE_RELEASE_VOLUME_ATTRIBUTE_SEPARATE_RECONCILIATION_PENDING"",""release_window"":3}",PROPOSED_NOT_REGISTERED_HOLD,"Qualified program ancestry only: S16 esx_sq_phase0 has 12 historical declared trials and report/run evidence, not 12 newly reconstructed itemized rows; S16 v1.0 accruing/unshipped does not confer new clock/direction/model/consumer authority. Def4 is a separate DRAFT 10-trial/46-cell reservation with zero canonical ledger rows at Macro 5fc7af4a1aa2510966a7b566f97e5b894f2632f8. This proposal does not claim all-time search=12+218.","BEFORE_OUTCOMES: incumbent owner review and approval; qualified corpus/cutoff/source/session/basis/rights/PIT/known-time contracts for each clock; exact occurrence and reset law; S16 phenotype reconciliation; ATR/scale and label/fill/ambiguity binding; matching/support and draw/seed rules; exact M0/M1 estimator/features/regularization/calibration binding where applicable; prefix-known landmark schedule/weights; consumer margins, costs, precision/power and sufficiency gates; exact temporal folds and untouched-evidence proof; one inferential procedure; independent acceptance; resource estimate/budget; existing-ledger registration only through a separately approved admitted carrier","OFFLINE_RESEARCH_PROPOSAL_ONLY; no canonical trial ID, registration, admission, dispatch, outcome execution, production, rank, gate, size or promotion authority",TOI_Recovery_Masterplan_2026-10-03.md,K1-K9,0426631f0a2e3c7243530a2ad859c5e36857768c43d0649ab17210d1c2246be8
TOI-W3-PROPOSAL-CFG-0075,W3-B,TRIGGERED_PATH_MODEL,SIMPLE_FORECAST_MODEL,D1,Source-bound vol_squeeze.assess_series percentile25/minimum compression5/release window3/original range and TTM dependencies; historical price-release population retained; volume attribute separate; phenotype reconciliation pending,195M-RTH,UP,P0_ORIGINAL_COHORT_REFERENCE,TRIGGERED_PATH,M1,One regularized discrete-time cause-model recipe or one regularized quantile-model recipe with fixed own-price/state/age/volatility/location/liquidity inputs; exact implementation pending; no hidden model/feature/penalty/calibration search,,195M-RTH,"[""TOI-W3-PROPOSAL-CFG-0015""]",Joint favorable/adverse/unresolved first-passage distribution to original fixed T; not structural-fakeout probability,One frozen proper multistate probability loss/Brier recipe; calibration,Identical held-out original raw D1 directional trigger cohort or explicitly predeclared at-risk landmarks; no policy-survivor selection; common P0 origin and expiry,10,FIRST_CAUSALLY_RECOGNIZED_FORMING_ONSET; TEN_SUBSEQUENT_COMPLETED_NATIVE_BARS; ORIGIN_EXCLUDED,21,ORIGINAL_FIRST_FEASIBLE_P0_REFERENCE; SAME_ORIGINAL_DEADLINE_ACROSS_POLICIES_CLOCKS_AND_LANDMARKS,+1 frozen trigger ATR before -1 frozen trigger ATR; unresolved retained; ATR recipe requires source binding; adverse first passage is NOT structural fakeout,"OBSERVED_PREFIX_ONLY: predeclared elapsed-age landmarks; fixed weight for each eligible occurrence at a landmark, or separately frozen equal-snapshot normalization using only eligible cases already known at that snapshot; NEVER divide by eventual surviving landmark count; preserve proper at-risk exposure; current forecasts use remaining time to fixed origin deadline","{""hidden_hyperparameter_search"":false,""learned_sector_regime_theme_industry_axis"":false,""minimum_compression"":5,""model_binding"":""REQUIRES_EXACT_PRE_OUTCOME_SOURCE_BINDING"",""model_recipe_count"":1,""original_range_TTM_dependencies"":""SOURCE_BOUND"",""percentile"":25,""phenotype"":""PRICE_RELEASE_VOLUME_ATTRIBUTE_SEPARATE_RECONCILIATION_PENDING"",""release_window"":3}",PROPOSED_NOT_REGISTERED_HOLD,"Qualified program ancestry only: S16 esx_sq_phase0 has 12 historical declared trials and report/run evidence, not 12 newly reconstructed itemized rows; S16 v1.0 accruing/unshipped does not confer new clock/direction/model/consumer authority. Def4 is a separate DRAFT 10-trial/46-cell reservation with zero canonical ledger rows at Macro 5fc7af4a1aa2510966a7b566f97e5b894f2632f8. This proposal does not claim all-time search=12+218.","BEFORE_OUTCOMES: incumbent owner review and approval; qualified corpus/cutoff/source/session/basis/rights/PIT/known-time contracts for each clock; exact occurrence and reset law; S16 phenotype reconciliation; ATR/scale and label/fill/ambiguity binding; matching/support and draw/seed rules; exact M0/M1 estimator/features/regularization/calibration binding where applicable; prefix-known landmark schedule/weights; consumer margins, costs, precision/power and sufficiency gates; exact temporal folds and untouched-evidence proof; one inferential procedure; independent acceptance; resource estimate/budget; existing-ledger registration only through a separately approved admitted carrier","OFFLINE_RESEARCH_PROPOSAL_ONLY; no canonical trial ID, registration, admission, dispatch, outcome execution, production, rank, gate, size or promotion authority",TOI_Recovery_Masterplan_2026-10-03.md,K1-K9,0426631f0a2e3c7243530a2ad859c5e36857768c43d0649ab17210d1c2246be8
TOI-W3-PROPOSAL-CFG-0076,W3-B,TRIGGERED_PATH_MODEL,EMPIRICAL_BASELINE,D1,Source-bound vol_squeeze.assess_series percentile25/minimum compression5/release window3/original range and TTM dependencies; historical price-release population retained; volume attribute separate; phenotype reconciliation pending,195M-RTH,DOWN,P0_ORIGINAL_COHORT_REFERENCE,TRIGGERED_PATH,M0,Elapsed-age/clock empirical transition distribution or corresponding empirical excursion quantile; one bound estimation/support rule reused across folds,,195M-RTH,"[""TOI-W3-PROPOSAL-CFG-0016""]",Joint favorable/adverse/unresolved first-passage distribution to original fixed T; not structural-fakeout probability,One frozen proper multistate probability loss/Brier recipe; calibration,Identical held-out original raw D1 directional trigger cohort or explicitly predeclared at-risk landmarks; no policy-survivor selection; common P0 origin and expiry,10,FIRST_CAUSALLY_RECOGNIZED_FORMING_ONSET; TEN_SUBSEQUENT_COMPLETED_NATIVE_BARS; ORIGIN_EXCLUDED,21,ORIGINAL_FIRST_FEASIBLE_P0_REFERENCE; SAME_ORIGINAL_DEADLINE_ACROSS_POLICIES_CLOCKS_AND_LANDMARKS,+1 frozen trigger ATR before -1 frozen trigger ATR; unresolved retained; ATR recipe requires source binding; adverse first passage is NOT structural fakeout,"OBSERVED_PREFIX_ONLY: predeclared elapsed-age landmarks; fixed weight for each eligible occurrence at a landmark, or separately frozen equal-snapshot normalization using only eligible cases already known at that snapshot; NEVER divide by eventual surviving landmark count; preserve proper at-risk exposure; current forecasts use remaining time to fixed origin deadline","{""hidden_hyperparameter_search"":false,""learned_sector_regime_theme_industry_axis"":false,""minimum_compression"":5,""model_binding"":""REQUIRES_EXACT_PRE_OUTCOME_SOURCE_BINDING"",""model_recipe_count"":1,""original_range_TTM_dependencies"":""SOURCE_BOUND"",""percentile"":25,""phenotype"":""PRICE_RELEASE_VOLUME_ATTRIBUTE_SEPARATE_RECONCILIATION_PENDING"",""release_window"":3}",PROPOSED_NOT_REGISTERED_HOLD,"Qualified program ancestry only: S16 esx_sq_phase0 has 12 historical declared trials and report/run evidence, not 12 newly reconstructed itemized rows; S16 v1.0 accruing/unshipped does not confer new clock/direction/model/consumer authority. Def4 is a separate DRAFT 10-trial/46-cell reservation with zero canonical ledger rows at Macro 5fc7af4a1aa2510966a7b566f97e5b894f2632f8. This proposal does not claim all-time search=12+218.","BEFORE_OUTCOMES: incumbent owner review and approval; qualified corpus/cutoff/source/session/basis/rights/PIT/known-time contracts for each clock; exact occurrence and reset law; S16 phenotype reconciliation; ATR/scale and label/fill/ambiguity binding; matching/support and draw/seed rules; exact M0/M1 estimator/features/regularization/calibration binding where applicable; prefix-known landmark schedule/weights; consumer margins, costs, precision/power and sufficiency gates; exact temporal folds and untouched-evidence proof; one inferential procedure; independent acceptance; resource estimate/budget; existing-ledger registration only through a separately approved admitted carrier","OFFLINE_RESEARCH_PROPOSAL_ONLY; no canonical trial ID, registration, admission, dispatch, outcome execution, production, rank, gate, size or promotion authority",TOI_Recovery_Masterplan_2026-10-03.md,K1-K9,0426631f0a2e3c7243530a2ad859c5e36857768c43d0649ab17210d1c2246be8
TOI-W3-PROPOSAL-CFG-0077,W3-B,TRIGGERED_PATH_MODEL,SIMPLE_FORECAST_MODEL,D1,Source-bound vol_squeeze.assess_series percentile25/minimum compression5/release window3/original range and TTM dependencies; historical price-release population retained; volume attribute separate; phenotype reconciliation pending,195M-RTH,DOWN,P0_ORIGINAL_COHORT_REFERENCE,TRIGGERED_PATH,M1,One regularized discrete-time cause-model recipe or one regularized quantile-model recipe with fixed own-price/state/age/volatility/location/liquidity inputs; exact implementation pending; no hidden model/feature/penalty/calibration search,,195M-RTH,"[""TOI-W3-PROPOSAL-CFG-0016""]",Joint favorable/adverse/unresolved first-passage distribution to original fixed T; not structural-fakeout probability,One frozen proper multistate probability loss/Brier recipe; calibration,Identical held-out original raw D1 directional trigger cohort or explicitly predeclared at-risk landmarks; no policy-survivor selection; common P0 origin and expiry,10,FIRST_CAUSALLY_RECOGNIZED_FORMING_ONSET; TEN_SUBSEQUENT_COMPLETED_NATIVE_BARS; ORIGIN_EXCLUDED,21,ORIGINAL_FIRST_FEASIBLE_P0_REFERENCE; SAME_ORIGINAL_DEADLINE_ACROSS_POLICIES_CLOCKS_AND_LANDMARKS,+1 frozen trigger ATR before -1 frozen trigger ATR; unresolved retained; ATR recipe requires source binding; adverse first passage is NOT structural fakeout,"OBSERVED_PREFIX_ONLY: predeclared elapsed-age landmarks; fixed weight for each eligible occurrence at a landmark, or separately frozen equal-snapshot normalization using only eligible cases already known at that snapshot; NEVER divide by eventual surviving landmark count; preserve proper at-risk exposure; current forecasts use remaining time to fixed origin deadline","{""hidden_hyperparameter_search"":false,""learned_sector_regime_theme_industry_axis"":false,""minimum_compression"":5,""model_binding"":""REQUIRES_EXACT_PRE_OUTCOME_SOURCE_BINDING"",""model_recipe_count"":1,""original_range_TTM_dependencies"":""SOURCE_BOUND"",""percentile"":25,""phenotype"":""PRICE_RELEASE_VOLUME_ATTRIBUTE_SEPARATE_RECONCILIATION_PENDING"",""release_window"":3}",PROPOSED_NOT_REGISTERED_HOLD,"Qualified program ancestry only: S16 esx_sq_phase0 has 12 historical declared trials and report/run evidence, not 12 newly reconstructed itemized rows; S16 v1.0 accruing/unshipped does not confer new clock/direction/model/consumer authority. Def4 is a separate DRAFT 10-trial/46-cell reservation with zero canonical ledger rows at Macro 5fc7af4a1aa2510966a7b566f97e5b894f2632f8. This proposal does not claim all-time search=12+218.","BEFORE_OUTCOMES: incumbent owner review and approval; qualified corpus/cutoff/source/session/basis/rights/PIT/known-time contracts for each clock; exact occurrence and reset law; S16 phenotype reconciliation; ATR/scale and label/fill/ambiguity binding; matching/support and draw/seed rules; exact M0/M1 estimator/features/regularization/calibration binding where applicable; prefix-known landmark schedule/weights; consumer margins, costs, precision/power and sufficiency gates; exact temporal folds and untouched-evidence proof; one inferential procedure; independent acceptance; resource estimate/budget; existing-ledger registration only through a separately approved admitted carrier","OFFLINE_RESEARCH_PROPOSAL_ONLY; no canonical trial ID, registration, admission, dispatch, outcome execution, production, rank, gate, size or promotion authority",TOI_Recovery_Masterplan_2026-10-03.md,K1-K9,0426631f0a2e3c7243530a2ad859c5e36857768c43d0649ab17210d1c2246be8
TOI-W3-PROPOSAL-CFG-0078,W3-B,REMAINING_MFE_MODEL,EMPIRICAL_BASELINE,D1,Source-bound vol_squeeze.assess_series percentile25/minimum compression5/release window3/original range and TTM dependencies; historical price-release population retained; volume attribute separate; phenotype reconciliation pending,W,UP,P0_ORIGINAL_COHORT_REFERENCE,REMAINING_MFE,M0,Elapsed-age/clock empirical transition distribution or corresponding empirical excursion quantile; one bound estimation/support rule reused across folds,0.10,W,"[""TOI-W3-PROPOSAL-CFG-0009""]",Current-price remaining favorable excursion quantile to the original post-trigger deadline,Pinball loss at registered quantile; diagnostic coverage/order/width checks,Identical eligible held-out current D1 landmarks with prefix-known eligibility/weights; failed/expired/stagnant original paths represented lawfully; no eventual-success matching and no eventual landmark-count denominator,10,FIRST_CAUSALLY_RECOGNIZED_FORMING_ONSET; TEN_SUBSEQUENT_COMPLETED_NATIVE_BARS; ORIGIN_EXCLUDED,21,ORIGINAL_FIRST_FEASIBLE_P0_REFERENCE; SAME_ORIGINAL_DEADLINE_ACROSS_POLICIES_CLOCKS_AND_LANDMARKS,+1 frozen trigger ATR before -1 frozen trigger ATR; unresolved retained; ATR recipe requires source binding; adverse first passage is NOT structural fakeout,"OBSERVED_PREFIX_ONLY: predeclared elapsed-age landmarks; fixed weight for each eligible occurrence at a landmark, or separately frozen equal-snapshot normalization using only eligible cases already known at that snapshot; NEVER divide by eventual surviving landmark count; preserve proper at-risk exposure; current forecasts use remaining time to fixed origin deadline","{""hidden_hyperparameter_search"":false,""learned_sector_regime_theme_industry_axis"":false,""minimum_compression"":5,""model_binding"":""REQUIRES_EXACT_PRE_OUTCOME_SOURCE_BINDING"",""model_recipe_count"":1,""original_range_TTM_dependencies"":""SOURCE_BOUND"",""percentile"":25,""phenotype"":""PRICE_RELEASE_VOLUME_ATTRIBUTE_SEPARATE_RECONCILIATION_PENDING"",""quantile"":""0.10"",""release_window"":3}",PROPOSED_NOT_REGISTERED_HOLD,"Qualified program ancestry only: S16 esx_sq_phase0 has 12 historical declared trials and report/run evidence, not 12 newly reconstructed itemized rows; S16 v1.0 accruing/unshipped does not confer new clock/direction/model/consumer authority. Def4 is a separate DRAFT 10-trial/46-cell reservation with zero canonical ledger rows at Macro 5fc7af4a1aa2510966a7b566f97e5b894f2632f8. This proposal does not claim all-time search=12+218.","BEFORE_OUTCOMES: incumbent owner review and approval; qualified corpus/cutoff/source/session/basis/rights/PIT/known-time contracts for each clock; exact occurrence and reset law; S16 phenotype reconciliation; ATR/scale and label/fill/ambiguity binding; matching/support and draw/seed rules; exact M0/M1 estimator/features/regularization/calibration binding where applicable; prefix-known landmark schedule/weights; consumer margins, costs, precision/power and sufficiency gates; exact temporal folds and untouched-evidence proof; one inferential procedure; independent acceptance; resource estimate/budget; existing-ledger registration only through a separately approved admitted carrier","OFFLINE_RESEARCH_PROPOSAL_ONLY; no canonical trial ID, registration, admission, dispatch, outcome execution, production, rank, gate, size or promotion authority",TOI_Recovery_Masterplan_2026-10-03.md,K1-K9,0426631f0a2e3c7243530a2ad859c5e36857768c43d0649ab17210d1c2246be8
TOI-W3-PROPOSAL-CFG-0079,W3-B,REMAINING_MFE_MODEL,SIMPLE_FORECAST_MODEL,D1,Source-bound vol_squeeze.assess_series percentile25/minimum compression5/release window3/original range and TTM dependencies; historical price-release population retained; volume attribute separate; phenotype reconciliation pending,W,UP,P0_ORIGINAL_COHORT_REFERENCE,REMAINING_MFE,M1,One regularized discrete-time cause-model recipe or one regularized quantile-model recipe with fixed own-price/state/age/volatility/location/liquidity inputs; exact implementation pending; no hidden model/feature/penalty/calibration search,0.10,W,"[""TOI-W3-PROPOSAL-CFG-0009""]",Current-price remaining favorable excursion quantile to the original post-trigger deadline,Pinball loss at registered quantile; diagnostic coverage/order/width checks,Identical eligible held-out current D1 landmarks with prefix-known eligibility/weights; failed/expired/stagnant original paths represented lawfully; no eventual-success matching and no eventual landmark-count denominator,10,FIRST_CAUSALLY_RECOGNIZED_FORMING_ONSET; TEN_SUBSEQUENT_COMPLETED_NATIVE_BARS; ORIGIN_EXCLUDED,21,ORIGINAL_FIRST_FEASIBLE_P0_REFERENCE; SAME_ORIGINAL_DEADLINE_ACROSS_POLICIES_CLOCKS_AND_LANDMARKS,+1 frozen trigger ATR before -1 frozen trigger ATR; unresolved retained; ATR recipe requires source binding; adverse first passage is NOT structural fakeout,"OBSERVED_PREFIX_ONLY: predeclared elapsed-age landmarks; fixed weight for each eligible occurrence at a landmark, or separately frozen equal-snapshot normalization using only eligible cases already known at that snapshot; NEVER divide by eventual surviving landmark count; preserve proper at-risk exposure; current forecasts use remaining time to fixed origin deadline","{""hidden_hyperparameter_search"":false,""learned_sector_regime_theme_industry_axis"":false,""minimum_compression"":5,""model_binding"":""REQUIRES_EXACT_PRE_OUTCOME_SOURCE_BINDING"",""model_recipe_count"":1,""original_range_TTM_dependencies"":""SOURCE_BOUND"",""percentile"":25,""phenotype"":""PRICE_RELEASE_VOLUME_ATTRIBUTE_SEPARATE_RECONCILIATION_PENDING"",""quantile"":""0.10"",""release_window"":3}",PROPOSED_NOT_REGISTERED_HOLD,"Qualified program ancestry only: S16 esx_sq_phase0 has 12 historical declared trials and report/run evidence, not 12 newly reconstructed itemized rows; S16 v1.0 accruing/unshipped does not confer new clock/direction/model/consumer authority. Def4 is a separate DRAFT 10-trial/46-cell reservation with zero canonical ledger rows at Macro 5fc7af4a1aa2510966a7b566f97e5b894f2632f8. This proposal does not claim all-time search=12+218.","BEFORE_OUTCOMES: incumbent owner review and approval; qualified corpus/cutoff/source/session/basis/rights/PIT/known-time contracts for each clock; exact occurrence and reset law; S16 phenotype reconciliation; ATR/scale and label/fill/ambiguity binding; matching/support and draw/seed rules; exact M0/M1 estimator/features/regularization/calibration binding where applicable; prefix-known landmark schedule/weights; consumer margins, costs, precision/power and sufficiency gates; exact temporal folds and untouched-evidence proof; one inferential procedure; independent acceptance; resource estimate/budget; existing-ledger registration only through a separately approved admitted carrier","OFFLINE_RESEARCH_PROPOSAL_ONLY; no canonical trial ID, registration, admission, dispatch, outcome execution, production, rank, gate, size or promotion authority",TOI_Recovery_Masterplan_2026-10-03.md,K1-K9,0426631f0a2e3c7243530a2ad859c5e36857768c43d0649ab17210d1c2246be8
TOI-W3-PROPOSAL-CFG-0080,W3-B,REMAINING_MFE_MODEL,EMPIRICAL_BASELINE,D1,Source-bound vol_squeeze.assess_series percentile25/minimum compression5/release window3/original range and TTM dependencies; historical price-release population retained; volume attribute separate; phenotype reconciliation pending,W,UP,P0_ORIGINAL_COHORT_REFERENCE,REMAINING_MFE,M0,Elapsed-age/clock empirical transition distribution or corresponding empirical excursion quantile; one bound estimation/support rule reused across folds,0.50,W,"[""TOI-W3-PROPOSAL-CFG-0009""]",Current-price remaining favorable excursion quantile to the original post-trigger deadline,Pinball loss at registered quantile; diagnostic coverage/order/width checks,Identical eligible held-out current D1 landmarks with prefix-known eligibility/weights; failed/expired/stagnant original paths represented lawfully; no eventual-success matching and no eventual landmark-count denominator,10,FIRST_CAUSALLY_RECOGNIZED_FORMING_ONSET; TEN_SUBSEQUENT_COMPLETED_NATIVE_BARS; ORIGIN_EXCLUDED,21,ORIGINAL_FIRST_FEASIBLE_P0_REFERENCE; SAME_ORIGINAL_DEADLINE_ACROSS_POLICIES_CLOCKS_AND_LANDMARKS,+1 frozen trigger ATR before -1 frozen trigger ATR; unresolved retained; ATR recipe requires source binding; adverse first passage is NOT structural fakeout,"OBSERVED_PREFIX_ONLY: predeclared elapsed-age landmarks; fixed weight for each eligible occurrence at a landmark, or separately frozen equal-snapshot normalization using only eligible cases already known at that snapshot; NEVER divide by eventual surviving landmark count; preserve proper at-risk exposure; current forecasts use remaining time to fixed origin deadline","{""hidden_hyperparameter_search"":false,""learned_sector_regime_theme_industry_axis"":false,""minimum_compression"":5,""model_binding"":""REQUIRES_EXACT_PRE_OUTCOME_SOURCE_BINDING"",""model_recipe_count"":1,""original_range_TTM_dependencies"":""SOURCE_BOUND"",""percentile"":25,""phenotype"":""PRICE_RELEASE_VOLUME_ATTRIBUTE_SEPARATE_RECONCILIATION_PENDING"",""quantile"":""0.50"",""release_window"":3}",PROPOSED_NOT_REGISTERED_HOLD,"Qualified program ancestry only: S16 esx_sq_phase0 has 12 historical declared trials and report/run evidence, not 12 newly reconstructed itemized rows; S16 v1.0 accruing/unshipped does not confer new clock/direction/model/consumer authority. Def4 is a separate DRAFT 10-trial/46-cell reservation with zero canonical ledger rows at Macro 5fc7af4a1aa2510966a7b566f97e5b894f2632f8. This proposal does not claim all-time search=12+218.","BEFORE_OUTCOMES: incumbent owner review and approval; qualified corpus/cutoff/source/session/basis/rights/PIT/known-time contracts for each clock; exact occurrence and reset law; S16 phenotype reconciliation; ATR/scale and label/fill/ambiguity binding; matching/support and draw/seed rules; exact M0/M1 estimator/features/regularization/calibration binding where applicable; prefix-known landmark schedule/weights; consumer margins, costs, precision/power and sufficiency gates; exact temporal folds and untouched-evidence proof; one inferential procedure; independent acceptance; resource estimate/budget; existing-ledger registration only through a separately approved admitted carrier","OFFLINE_RESEARCH_PROPOSAL_ONLY; no canonical trial ID, registration, admission, dispatch, outcome execution, production, rank, gate, size or promotion authority",TOI_Recovery_Masterplan_2026-10-03.md,K1-K9,0426631f0a2e3c7243530a2ad859c5e36857768c43d0649ab17210d1c2246be8
TOI-W3-PROPOSAL-CFG-0081,W3-B,REMAINING_MFE_MODEL,SIMPLE_FORECAST_MODEL,D1,Source-bound vol_squeeze.assess_series percentile25/minimum compression5/release window3/original range and TTM dependencies; historical price-release population retained; volume attribute separate; phenotype reconciliation pending,W,UP,P0_ORIGINAL_COHORT_REFERENCE,REMAINING_MFE,M1,One regularized discrete-time cause-model recipe or one regularized quantile-model recipe with fixed own-price/state/age/volatility/location/liquidity inputs; exact implementation pending; no hidden model/feature/penalty/calibration search,0.50,W,"[""TOI-W3-PROPOSAL-CFG-0009""]",Current-price remaining favorable excursion quantile to the original post-trigger deadline,Pinball loss at registered quantile; diagnostic coverage/order/width checks,Identical eligible held-out current D1 landmarks with prefix-known eligibility/weights; failed/expired/stagnant original paths represented lawfully; no eventual-success matching and no eventual landmark-count denominator,10,FIRST_CAUSALLY_RECOGNIZED_FORMING_ONSET; TEN_SUBSEQUENT_COMPLETED_NATIVE_BARS; ORIGIN_EXCLUDED,21,ORIGINAL_FIRST_FEASIBLE_P0_REFERENCE; SAME_ORIGINAL_DEADLINE_ACROSS_POLICIES_CLOCKS_AND_LANDMARKS,+1 frozen trigger ATR before -1 frozen trigger ATR; unresolved retained; ATR recipe requires source binding; adverse first passage is NOT structural fakeout,"OBSERVED_PREFIX_ONLY: predeclared elapsed-age landmarks; fixed weight for each eligible occurrence at a landmark, or separately frozen equal-snapshot normalization using only eligible cases already known at that snapshot; NEVER divide by eventual surviving landmark count; preserve proper at-risk exposure; current forecasts use remaining time to fixed origin deadline","{""hidden_hyperparameter_search"":false,""learned_sector_regime_theme_industry_axis"":false,""minimum_compression"":5,""model_binding"":""REQUIRES_EXACT_PRE_OUTCOME_SOURCE_BINDING"",""model_recipe_count"":1,""original_range_TTM_dependencies"":""SOURCE_BOUND"",""percentile"":25,""phenotype"":""PRICE_RELEASE_VOLUME_ATTRIBUTE_SEPARATE_RECONCILIATION_PENDING"",""quantile"":""0.50"",""release_window"":3}",PROPOSED_NOT_REGISTERED_HOLD,"Qualified program ancestry only: S16 esx_sq_phase0 has 12 historical declared trials and report/run evidence, not 12 newly reconstructed itemized rows; S16 v1.0 accruing/unshipped does not confer new clock/direction/model/consumer authority. Def4 is a separate DRAFT 10-trial/46-cell reservation with zero canonical ledger rows at Macro 5fc7af4a1aa2510966a7b566f97e5b894f2632f8. This proposal does not claim all-time search=12+218.","BEFORE_OUTCOMES: incumbent owner review and approval; qualified corpus/cutoff/source/session/basis/rights/PIT/known-time contracts for each clock; exact occurrence and reset law; S16 phenotype reconciliation; ATR/scale and label/fill/ambiguity binding; matching/support and draw/seed rules; exact M0/M1 estimator/features/regularization/calibration binding where applicable; prefix-known landmark schedule/weights; consumer margins, costs, precision/power and sufficiency gates; exact temporal folds and untouched-evidence proof; one inferential procedure; independent acceptance; resource estimate/budget; existing-ledger registration only through a separately approved admitted carrier","OFFLINE_RESEARCH_PROPOSAL_ONLY; no canonical trial ID, registration, admission, dispatch, outcome execution, production, rank, gate, size or promotion authority",TOI_Recovery_Masterplan_2026-10-03.md,K1-K9,0426631f0a2e3c7243530a2ad859c5e36857768c43d0649ab17210d1c2246be8
TOI-W3-PROPOSAL-CFG-0082,W3-B,REMAINING_MFE_MODEL,EMPIRICAL_BASELINE,D1,Source-bound vol_squeeze.assess_series percentile25/minimum compression5/release window3/original range and TTM dependencies; historical price-release population retained; volume attribute separate; phenotype reconciliation pending,W,UP,P0_ORIGINAL_COHORT_REFERENCE,REMAINING_MFE,M0,Elapsed-age/clock empirical transition distribution or corresponding empirical excursion quantile; one bound estimation/support rule reused across folds,0.90,W,"[""TOI-W3-PROPOSAL-CFG-0009""]",Current-price remaining favorable excursion quantile to the original post-trigger deadline,Pinball loss at registered quantile; diagnostic coverage/order/width checks,Identical eligible held-out current D1 landmarks with prefix-known eligibility/weights; failed/expired/stagnant original paths represented lawfully; no eventual-success matching and no eventual landmark-count denominator,10,FIRST_CAUSALLY_RECOGNIZED_FORMING_ONSET; TEN_SUBSEQUENT_COMPLETED_NATIVE_BARS; ORIGIN_EXCLUDED,21,ORIGINAL_FIRST_FEASIBLE_P0_REFERENCE; SAME_ORIGINAL_DEADLINE_ACROSS_POLICIES_CLOCKS_AND_LANDMARKS,+1 frozen trigger ATR before -1 frozen trigger ATR; unresolved retained; ATR recipe requires source binding; adverse first passage is NOT structural fakeout,"OBSERVED_PREFIX_ONLY: predeclared elapsed-age landmarks; fixed weight for each eligible occurrence at a landmark, or separately frozen equal-snapshot normalization using only eligible cases already known at that snapshot; NEVER divide by eventual surviving landmark count; preserve proper at-risk exposure; current forecasts use remaining time to fixed origin deadline","{""hidden_hyperparameter_search"":false,""learned_sector_regime_theme_industry_axis"":false,""minimum_compression"":5,""model_binding"":""REQUIRES_EXACT_PRE_OUTCOME_SOURCE_BINDING"",""model_recipe_count"":1,""original_range_TTM_dependencies"":""SOURCE_BOUND"",""percentile"":25,""phenotype"":""PRICE_RELEASE_VOLUME_ATTRIBUTE_SEPARATE_RECONCILIATION_PENDING"",""quantile"":""0.90"",""release_window"":3}",PROPOSED_NOT_REGISTERED_HOLD,"Qualified program ancestry only: S16 esx_sq_phase0 has 12 historical declared trials and report/run evidence, not 12 newly reconstructed itemized rows; S16 v1.0 accruing/unshipped does not confer new clock/direction/model/consumer authority. Def4 is a separate DRAFT 10-trial/46-cell reservation with zero canonical ledger rows at Macro 5fc7af4a1aa2510966a7b566f97e5b894f2632f8. This proposal does not claim all-time search=12+218.","BEFORE_OUTCOMES: incumbent owner review and approval; qualified corpus/cutoff/source/session/basis/rights/PIT/known-time contracts for each clock; exact occurrence and reset law; S16 phenotype reconciliation; ATR/scale and label/fill/ambiguity binding; matching/support and draw/seed rules; exact M0/M1 estimator/features/regularization/calibration binding where applicable; prefix-known landmark schedule/weights; consumer margins, costs, precision/power and sufficiency gates; exact temporal folds and untouched-evidence proof; one inferential procedure; independent acceptance; resource estimate/budget; existing-ledger registration only through a separately approved admitted carrier","OFFLINE_RESEARCH_PROPOSAL_ONLY; no canonical trial ID, registration, admission, dispatch, outcome execution, production, rank, gate, size or promotion authority",TOI_Recovery_Masterplan_2026-10-03.md,K1-K9,0426631f0a2e3c7243530a2ad859c5e36857768c43d0649ab17210d1c2246be8
TOI-W3-PROPOSAL-CFG-0083,W3-B,REMAINING_MFE_MODEL,SIMPLE_FORECAST_MODEL,D1,Source-bound vol_squeeze.assess_series percentile25/minimum compression5/release window3/original range and TTM dependencies; historical price-release population retained; volume attribute separate; phenotype reconciliation pending,W,UP,P0_ORIGINAL_COHORT_REFERENCE,REMAINING_MFE,M1,One regularized discrete-time cause-model recipe or one regularized quantile-model recipe with fixed own-price/state/age/volatility/location/liquidity inputs; exact implementation pending; no hidden model/feature/penalty/calibration search,0.90,W,"[""TOI-W3-PROPOSAL-CFG-0009""]",Current-price remaining favorable excursion quantile to the original post-trigger deadline,Pinball loss at registered quantile; diagnostic coverage/order/width checks,Identical eligible held-out current D1 landmarks with prefix-known eligibility/weights; failed/expired/stagnant original paths represented lawfully; no eventual-success matching and no eventual landmark-count denominator,10,FIRST_CAUSALLY_RECOGNIZED_FORMING_ONSET; TEN_SUBSEQUENT_COMPLETED_NATIVE_BARS; ORIGIN_EXCLUDED,21,ORIGINAL_FIRST_FEASIBLE_P0_REFERENCE; SAME_ORIGINAL_DEADLINE_ACROSS_POLICIES_CLOCKS_AND_LANDMARKS,+1 frozen trigger ATR before -1 frozen trigger ATR; unresolved retained; ATR recipe requires source binding; adverse first passage is NOT structural fakeout,"OBSERVED_PREFIX_ONLY: predeclared elapsed-age landmarks; fixed weight for each eligible occurrence at a landmark, or separately frozen equal-snapshot normalization using only eligible cases already known at that snapshot; NEVER divide by eventual surviving landmark count; preserve proper at-risk exposure; current forecasts use remaining time to fixed origin deadline","{""hidden_hyperparameter_search"":false,""learned_sector_regime_theme_industry_axis"":false,""minimum_compression"":5,""model_binding"":""REQUIRES_EXACT_PRE_OUTCOME_SOURCE_BINDING"",""model_recipe_count"":1,""original_range_TTM_dependencies"":""SOURCE_BOUND"",""percentile"":25,""phenotype"":""PRICE_RELEASE_VOLUME_ATTRIBUTE_SEPARATE_RECONCILIATION_PENDING"",""quantile"":""0.90"",""release_window"":3}",PROPOSED_NOT_REGISTERED_HOLD,"Qualified program ancestry only: S16 esx_sq_phase0 has 12 historical declared trials and report/run evidence, not 12 newly reconstructed itemized rows; S16 v1.0 accruing/unshipped does not confer new clock/direction/model/consumer authority. Def4 is a separate DRAFT 10-trial/46-cell reservation with zero canonical ledger rows at Macro 5fc7af4a1aa2510966a7b566f97e5b894f2632f8. This proposal does not claim all-time search=12+218.","BEFORE_OUTCOMES: incumbent owner review and approval; qualified corpus/cutoff/source/session/basis/rights/PIT/known-time contracts for each clock; exact occurrence and reset law; S16 phenotype reconciliation; ATR/scale and label/fill/ambiguity binding; matching/support and draw/seed rules; exact M0/M1 estimator/features/regularization/calibration binding where applicable; prefix-known landmark schedule/weights; consumer margins, costs, precision/power and sufficiency gates; exact temporal folds and untouched-evidence proof; one inferential procedure; independent acceptance; resource estimate/budget; existing-ledger registration only through a separately approved admitted carrier","OFFLINE_RESEARCH_PROPOSAL_ONLY; no canonical trial ID, registration, admission, dispatch, outcome execution, production, rank, gate, size or promotion authority",TOI_Recovery_Masterplan_2026-10-03.md,K1-K9,0426631f0a2e3c7243530a2ad859c5e36857768c43d0649ab17210d1c2246be8
TOI-W3-PROPOSAL-CFG-0084,W3-B,REMAINING_MFE_MODEL,EMPIRICAL_BASELINE,D1,Source-bound vol_squeeze.assess_series percentile25/minimum compression5/release window3/original range and TTM dependencies; historical price-release population retained; volume attribute separate; phenotype reconciliation pending,W,DOWN,P0_ORIGINAL_COHORT_REFERENCE,REMAINING_MFE,M0,Elapsed-age/clock empirical transition distribution or corresponding empirical excursion quantile; one bound estimation/support rule reused across folds,0.10,W,"[""TOI-W3-PROPOSAL-CFG-0010""]",Current-price remaining favorable excursion quantile to the original post-trigger deadline,Pinball loss at registered quantile; diagnostic coverage/order/width checks,Identical eligible held-out current D1 landmarks with prefix-known eligibility/weights; failed/expired/stagnant original paths represented lawfully; no eventual-success matching and no eventual landmark-count denominator,10,FIRST_CAUSALLY_RECOGNIZED_FORMING_ONSET; TEN_SUBSEQUENT_COMPLETED_NATIVE_BARS; ORIGIN_EXCLUDED,21,ORIGINAL_FIRST_FEASIBLE_P0_REFERENCE; SAME_ORIGINAL_DEADLINE_ACROSS_POLICIES_CLOCKS_AND_LANDMARKS,+1 frozen trigger ATR before -1 frozen trigger ATR; unresolved retained; ATR recipe requires source binding; adverse first passage is NOT structural fakeout,"OBSERVED_PREFIX_ONLY: predeclared elapsed-age landmarks; fixed weight for each eligible occurrence at a landmark, or separately frozen equal-snapshot normalization using only eligible cases already known at that snapshot; NEVER divide by eventual surviving landmark count; preserve proper at-risk exposure; current forecasts use remaining time to fixed origin deadline","{""hidden_hyperparameter_search"":false,""learned_sector_regime_theme_industry_axis"":false,""minimum_compression"":5,""model_binding"":""REQUIRES_EXACT_PRE_OUTCOME_SOURCE_BINDING"",""model_recipe_count"":1,""original_range_TTM_dependencies"":""SOURCE_BOUND"",""percentile"":25,""phenotype"":""PRICE_RELEASE_VOLUME_ATTRIBUTE_SEPARATE_RECONCILIATION_PENDING"",""quantile"":""0.10"",""release_window"":3}",PROPOSED_NOT_REGISTERED_HOLD,"Qualified program ancestry only: S16 esx_sq_phase0 has 12 historical declared trials and report/run evidence, not 12 newly reconstructed itemized rows; S16 v1.0 accruing/unshipped does not confer new clock/direction/model/consumer authority. Def4 is a separate DRAFT 10-trial/46-cell reservation with zero canonical ledger rows at Macro 5fc7af4a1aa2510966a7b566f97e5b894f2632f8. This proposal does not claim all-time search=12+218.","BEFORE_OUTCOMES: incumbent owner review and approval; qualified corpus/cutoff/source/session/basis/rights/PIT/known-time contracts for each clock; exact occurrence and reset law; S16 phenotype reconciliation; ATR/scale and label/fill/ambiguity binding; matching/support and draw/seed rules; exact M0/M1 estimator/features/regularization/calibration binding where applicable; prefix-known landmark schedule/weights; consumer margins, costs, precision/power and sufficiency gates; exact temporal folds and untouched-evidence proof; one inferential procedure; independent acceptance; resource estimate/budget; existing-ledger registration only through a separately approved admitted carrier","OFFLINE_RESEARCH_PROPOSAL_ONLY; no canonical trial ID, registration, admission, dispatch, outcome execution, production, rank, gate, size or promotion authority",TOI_Recovery_Masterplan_2026-10-03.md,K1-K9,0426631f0a2e3c7243530a2ad859c5e36857768c43d0649ab17210d1c2246be8
TOI-W3-PROPOSAL-CFG-0085,W3-B,REMAINING_MFE_MODEL,SIMPLE_FORECAST_MODEL,D1,Source-bound vol_squeeze.assess_series percentile25/minimum compression5/release window3/original range and TTM dependencies; historical price-release population retained; volume attribute separate; phenotype reconciliation pending,W,DOWN,P0_ORIGINAL_COHORT_REFERENCE,REMAINING_MFE,M1,One regularized discrete-time cause-model recipe or one regularized quantile-model recipe with fixed own-price/state/age/volatility/location/liquidity inputs; exact implementation pending; no hidden model/feature/penalty/calibration search,0.10,W,"[""TOI-W3-PROPOSAL-CFG-0010""]",Current-price remaining favorable excursion quantile to the original post-trigger deadline,Pinball loss at registered quantile; diagnostic coverage/order/width checks,Identical eligible held-out current D1 landmarks with prefix-known eligibility/weights; failed/expired/stagnant original paths represented lawfully; no eventual-success matching and no eventual landmark-count denominator,10,FIRST_CAUSALLY_RECOGNIZED_FORMING_ONSET; TEN_SUBSEQUENT_COMPLETED_NATIVE_BARS; ORIGIN_EXCLUDED,21,ORIGINAL_FIRST_FEASIBLE_P0_REFERENCE; SAME_ORIGINAL_DEADLINE_ACROSS_POLICIES_CLOCKS_AND_LANDMARKS,+1 frozen trigger ATR before -1 frozen trigger ATR; unresolved retained; ATR recipe requires source binding; adverse first passage is NOT structural fakeout,"OBSERVED_PREFIX_ONLY: predeclared elapsed-age landmarks; fixed weight for each eligible occurrence at a landmark, or separately frozen equal-snapshot normalization using only eligible cases already known at that snapshot; NEVER divide by eventual surviving landmark count; preserve proper at-risk exposure; current forecasts use remaining time to fixed origin deadline","{""hidden_hyperparameter_search"":false,""learned_sector_regime_theme_industry_axis"":false,""minimum_compression"":5,""model_binding"":""REQUIRES_EXACT_PRE_OUTCOME_SOURCE_BINDING"",""model_recipe_count"":1,""original_range_TTM_dependencies"":""SOURCE_BOUND"",""percentile"":25,""phenotype"":""PRICE_RELEASE_VOLUME_ATTRIBUTE_SEPARATE_RECONCILIATION_PENDING"",""quantile"":""0.10"",""release_window"":3}",PROPOSED_NOT_REGISTERED_HOLD,"Qualified program ancestry only: S16 esx_sq_phase0 has 12 historical declared trials and report/run evidence, not 12 newly reconstructed itemized rows; S16 v1.0 accruing/unshipped does not confer new clock/direction/model/consumer authority. Def4 is a separate DRAFT 10-trial/46-cell reservation with zero canonical ledger rows at Macro 5fc7af4a1aa2510966a7b566f97e5b894f2632f8. This proposal does not claim all-time search=12+218.","BEFORE_OUTCOMES: incumbent owner review and approval; qualified corpus/cutoff/source/session/basis/rights/PIT/known-time contracts for each clock; exact occurrence and reset law; S16 phenotype reconciliation; ATR/scale and label/fill/ambiguity binding; matching/support and draw/seed rules; exact M0/M1 estimator/features/regularization/calibration binding where applicable; prefix-known landmark schedule/weights; consumer margins, costs, precision/power and sufficiency gates; exact temporal folds and untouched-evidence proof; one inferential procedure; independent acceptance; resource estimate/budget; existing-ledger registration only through a separately approved admitted carrier","OFFLINE_RESEARCH_PROPOSAL_ONLY; no canonical trial ID, registration, admission, dispatch, outcome execution, production, rank, gate, size or promotion authority",TOI_Recovery_Masterplan_2026-10-03.md,K1-K9,0426631f0a2e3c7243530a2ad859c5e36857768c43d0649ab17210d1c2246be8
TOI-W3-PROPOSAL-CFG-0086,W3-B,REMAINING_MFE_MODEL,EMPIRICAL_BASELINE,D1,Source-bound vol_squeeze.assess_series percentile25/minimum compression5/release window3/original range and TTM dependencies; historical price-release population retained; volume attribute separate; phenotype reconciliation pending,W,DOWN,P0_ORIGINAL_COHORT_REFERENCE,REMAINING_MFE,M0,Elapsed-age/clock empirical transition distribution or corresponding empirical excursion quantile; one bound estimation/support rule reused across folds,0.50,W,"[""TOI-W3-PROPOSAL-CFG-0010""]",Current-price remaining favorable excursion quantile to the original post-trigger deadline,Pinball loss at registered quantile; diagnostic coverage/order/width checks,Identical eligible held-out current D1 landmarks with prefix-known eligibility/weights; failed/expired/stagnant original paths represented lawfully; no eventual-success matching and no eventual landmark-count denominator,10,FIRST_CAUSALLY_RECOGNIZED_FORMING_ONSET; TEN_SUBSEQUENT_COMPLETED_NATIVE_BARS; ORIGIN_EXCLUDED,21,ORIGINAL_FIRST_FEASIBLE_P0_REFERENCE; SAME_ORIGINAL_DEADLINE_ACROSS_POLICIES_CLOCKS_AND_LANDMARKS,+1 frozen trigger ATR before -1 frozen trigger ATR; unresolved retained; ATR recipe requires source binding; adverse first passage is NOT structural fakeout,"OBSERVED_PREFIX_ONLY: predeclared elapsed-age landmarks; fixed weight for each eligible occurrence at a landmark, or separately frozen equal-snapshot normalization using only eligible cases already known at that snapshot; NEVER divide by eventual surviving landmark count; preserve proper at-risk exposure; current forecasts use remaining time to fixed origin deadline","{""hidden_hyperparameter_search"":false,""learned_sector_regime_theme_industry_axis"":false,""minimum_compression"":5,""model_binding"":""REQUIRES_EXACT_PRE_OUTCOME_SOURCE_BINDING"",""model_recipe_count"":1,""original_range_TTM_dependencies"":""SOURCE_BOUND"",""percentile"":25,""phenotype"":""PRICE_RELEASE_VOLUME_ATTRIBUTE_SEPARATE_RECONCILIATION_PENDING"",""quantile"":""0.50"",""release_window"":3}",PROPOSED_NOT_REGISTERED_HOLD,"Qualified program ancestry only: S16 esx_sq_phase0 has 12 historical declared trials and report/run evidence, not 12 newly reconstructed itemized rows; S16 v1.0 accruing/unshipped does not confer new clock/direction/model/consumer authority. Def4 is a separate DRAFT 10-trial/46-cell reservation with zero canonical ledger rows at Macro 5fc7af4a1aa2510966a7b566f97e5b894f2632f8. This proposal does not claim all-time search=12+218.","BEFORE_OUTCOMES: incumbent owner review and approval; qualified corpus/cutoff/source/session/basis/rights/PIT/known-time contracts for each clock; exact occurrence and reset law; S16 phenotype reconciliation; ATR/scale and label/fill/ambiguity binding; matching/support and draw/seed rules; exact M0/M1 estimator/features/regularization/calibration binding where applicable; prefix-known landmark schedule/weights; consumer margins, costs, precision/power and sufficiency gates; exact temporal folds and untouched-evidence proof; one inferential procedure; independent acceptance; resource estimate/budget; existing-ledger registration only through a separately approved admitted carrier","OFFLINE_RESEARCH_PROPOSAL_ONLY; no canonical trial ID, registration, admission, dispatch, outcome execution, production, rank, gate, size or promotion authority",TOI_Recovery_Masterplan_2026-10-03.md,K1-K9,0426631f0a2e3c7243530a2ad859c5e36857768c43d0649ab17210d1c2246be8
TOI-W3-PROPOSAL-CFG-0087,W3-B,REMAINING_MFE_MODEL,SIMPLE_FORECAST_MODEL,D1,Source-bound vol_squeeze.assess_series percentile25/minimum compression5/release window3/original range and TTM dependencies; historical price-release population retained; volume attribute separate; phenotype reconciliation pending,W,DOWN,P0_ORIGINAL_COHORT_REFERENCE,REMAINING_MFE,M1,One regularized discrete-time cause-model recipe or one regularized quantile-model recipe with fixed own-price/state/age/volatility/location/liquidity inputs; exact implementation pending; no hidden model/feature/penalty/calibration search,0.50,W,"[""TOI-W3-PROPOSAL-CFG-0010""]",Current-price remaining favorable excursion quantile to the original post-trigger deadline,Pinball loss at registered quantile; diagnostic coverage/order/width checks,Identical eligible held-out current D1 landmarks with prefix-known eligibility/weights; failed/expired/stagnant original paths represented lawfully; no eventual-success matching and no eventual landmark-count denominator,10,FIRST_CAUSALLY_RECOGNIZED_FORMING_ONSET; TEN_SUBSEQUENT_COMPLETED_NATIVE_BARS; ORIGIN_EXCLUDED,21,ORIGINAL_FIRST_FEASIBLE_P0_REFERENCE; SAME_ORIGINAL_DEADLINE_ACROSS_POLICIES_CLOCKS_AND_LANDMARKS,+1 frozen trigger ATR before -1 frozen trigger ATR; unresolved retained; ATR recipe requires source binding; adverse first passage is NOT structural fakeout,"OBSERVED_PREFIX_ONLY: predeclared elapsed-age landmarks; fixed weight for each eligible occurrence at a landmark, or separately frozen equal-snapshot normalization using only eligible cases already known at that snapshot; NEVER divide by eventual surviving landmark count; preserve proper at-risk exposure; current forecasts use remaining time to fixed origin deadline","{""hidden_hyperparameter_search"":false,""learned_sector_regime_theme_industry_axis"":false,""minimum_compression"":5,""model_binding"":""REQUIRES_EXACT_PRE_OUTCOME_SOURCE_BINDING"",""model_recipe_count"":1,""original_range_TTM_dependencies"":""SOURCE_BOUND"",""percentile"":25,""phenotype"":""PRICE_RELEASE_VOLUME_ATTRIBUTE_SEPARATE_RECONCILIATION_PENDING"",""quantile"":""0.50"",""release_window"":3}",PROPOSED_NOT_REGISTERED_HOLD,"Qualified program ancestry only: S16 esx_sq_phase0 has 12 historical declared trials and report/run evidence, not 12 newly reconstructed itemized rows; S16 v1.0 accruing/unshipped does not confer new clock/direction/model/consumer authority. Def4 is a separate DRAFT 10-trial/46-cell reservation with zero canonical ledger rows at Macro 5fc7af4a1aa2510966a7b566f97e5b894f2632f8. This proposal does not claim all-time search=12+218.","BEFORE_OUTCOMES: incumbent owner review and approval; qualified corpus/cutoff/source/session/basis/rights/PIT/known-time contracts for each clock; exact occurrence and reset law; S16 phenotype reconciliation; ATR/scale and label/fill/ambiguity binding; matching/support and draw/seed rules; exact M0/M1 estimator/features/regularization/calibration binding where applicable; prefix-known landmark schedule/weights; consumer margins, costs, precision/power and sufficiency gates; exact temporal folds and untouched-evidence proof; one inferential procedure; independent acceptance; resource estimate/budget; existing-ledger registration only through a separately approved admitted carrier","OFFLINE_RESEARCH_PROPOSAL_ONLY; no canonical trial ID, registration, admission, dispatch, outcome execution, production, rank, gate, size or promotion authority",TOI_Recovery_Masterplan_2026-10-03.md,K1-K9,0426631f0a2e3c7243530a2ad859c5e36857768c43d0649ab17210d1c2246be8
TOI-W3-PROPOSAL-CFG-0088,W3-B,REMAINING_MFE_MODEL,EMPIRICAL_BASELINE,D1,Source-bound vol_squeeze.assess_series percentile25/minimum compression5/release window3/original range and TTM dependencies; historical price-release population retained; volume attribute separate; phenotype reconciliation pending,W,DOWN,P0_ORIGINAL_COHORT_REFERENCE,REMAINING_MFE,M0,Elapsed-age/clock empirical transition distribution or corresponding empirical excursion quantile; one bound estimation/support rule reused across folds,0.90,W,"[""TOI-W3-PROPOSAL-CFG-0010""]",Current-price remaining favorable excursion quantile to the original post-trigger deadline,Pinball loss at registered quantile; diagnostic coverage/order/width checks,Identical eligible held-out current D1 landmarks with prefix-known eligibility/weights; failed/expired/stagnant original paths represented lawfully; no eventual-success matching and no eventual landmark-count denominator,10,FIRST_CAUSALLY_RECOGNIZED_FORMING_ONSET; TEN_SUBSEQUENT_COMPLETED_NATIVE_BARS; ORIGIN_EXCLUDED,21,ORIGINAL_FIRST_FEASIBLE_P0_REFERENCE; SAME_ORIGINAL_DEADLINE_ACROSS_POLICIES_CLOCKS_AND_LANDMARKS,+1 frozen trigger ATR before -1 frozen trigger ATR; unresolved retained; ATR recipe requires source binding; adverse first passage is NOT structural fakeout,"OBSERVED_PREFIX_ONLY: predeclared elapsed-age landmarks; fixed weight for each eligible occurrence at a landmark, or separately frozen equal-snapshot normalization using only eligible cases already known at that snapshot; NEVER divide by eventual surviving landmark count; preserve proper at-risk exposure; current forecasts use remaining time to fixed origin deadline","{""hidden_hyperparameter_search"":false,""learned_sector_regime_theme_industry_axis"":false,""minimum_compression"":5,""model_binding"":""REQUIRES_EXACT_PRE_OUTCOME_SOURCE_BINDING"",""model_recipe_count"":1,""original_range_TTM_dependencies"":""SOURCE_BOUND"",""percentile"":25,""phenotype"":""PRICE_RELEASE_VOLUME_ATTRIBUTE_SEPARATE_RECONCILIATION_PENDING"",""quantile"":""0.90"",""release_window"":3}",PROPOSED_NOT_REGISTERED_HOLD,"Qualified program ancestry only: S16 esx_sq_phase0 has 12 historical declared trials and report/run evidence, not 12 newly reconstructed itemized rows; S16 v1.0 accruing/unshipped does not confer new clock/direction/model/consumer authority. Def4 is a separate DRAFT 10-trial/46-cell reservation with zero canonical ledger rows at Macro 5fc7af4a1aa2510966a7b566f97e5b894f2632f8. This proposal does not claim all-time search=12+218.","BEFORE_OUTCOMES: incumbent owner review and approval; qualified corpus/cutoff/source/session/basis/rights/PIT/known-time contracts for each clock; exact occurrence and reset law; S16 phenotype reconciliation; ATR/scale and label/fill/ambiguity binding; matching/support and draw/seed rules; exact M0/M1 estimator/features/regularization/calibration binding where applicable; prefix-known landmark schedule/weights; consumer margins, costs, precision/power and sufficiency gates; exact temporal folds and untouched-evidence proof; one inferential procedure; independent acceptance; resource estimate/budget; existing-ledger registration only through a separately approved admitted carrier","OFFLINE_RESEARCH_PROPOSAL_ONLY; no canonical trial ID, registration, admission, dispatch, outcome execution, production, rank, gate, size or promotion authority",TOI_Recovery_Masterplan_2026-10-03.md,K1-K9,0426631f0a2e3c7243530a2ad859c5e36857768c43d0649ab17210d1c2246be8
TOI-W3-PROPOSAL-CFG-0089,W3-B,REMAINING_MFE_MODEL,SIMPLE_FORECAST_MODEL,D1,Source-bound vol_squeeze.assess_series percentile25/minimum compression5/release window3/original range and TTM dependencies; historical price-release population retained; volume attribute separate; phenotype reconciliation pending,W,DOWN,P0_ORIGINAL_COHORT_REFERENCE,REMAINING_MFE,M1,One regularized discrete-time cause-model recipe or one regularized quantile-model recipe with fixed own-price/state/age/volatility/location/liquidity inputs; exact implementation pending; no hidden model/feature/penalty/calibration search,0.90,W,"[""TOI-W3-PROPOSAL-CFG-0010""]",Current-price remaining favorable excursion quantile to the original post-trigger deadline,Pinball loss at registered quantile; diagnostic coverage/order/width checks,Identical eligible held-out current D1 landmarks with prefix-known eligibility/weights; failed/expired/stagnant original paths represented lawfully; no eventual-success matching and no eventual landmark-count denominator,10,FIRST_CAUSALLY_RECOGNIZED_FORMING_ONSET; TEN_SUBSEQUENT_COMPLETED_NATIVE_BARS; ORIGIN_EXCLUDED,21,ORIGINAL_FIRST_FEASIBLE_P0_REFERENCE; SAME_ORIGINAL_DEADLINE_ACROSS_POLICIES_CLOCKS_AND_LANDMARKS,+1 frozen trigger ATR before -1 frozen trigger ATR; unresolved retained; ATR recipe requires source binding; adverse first passage is NOT structural fakeout,"OBSERVED_PREFIX_ONLY: predeclared elapsed-age landmarks; fixed weight for each eligible occurrence at a landmark, or separately frozen equal-snapshot normalization using only eligible cases already known at that snapshot; NEVER divide by eventual surviving landmark count; preserve proper at-risk exposure; current forecasts use remaining time to fixed origin deadline","{""hidden_hyperparameter_search"":false,""learned_sector_regime_theme_industry_axis"":false,""minimum_compression"":5,""model_binding"":""REQUIRES_EXACT_PRE_OUTCOME_SOURCE_BINDING"",""model_recipe_count"":1,""original_range_TTM_dependencies"":""SOURCE_BOUND"",""percentile"":25,""phenotype"":""PRICE_RELEASE_VOLUME_ATTRIBUTE_SEPARATE_RECONCILIATION_PENDING"",""quantile"":""0.90"",""release_window"":3}",PROPOSED_NOT_REGISTERED_HOLD,"Qualified program ancestry only: S16 esx_sq_phase0 has 12 historical declared trials and report/run evidence, not 12 newly reconstructed itemized rows; S16 v1.0 accruing/unshipped does not confer new clock/direction/model/consumer authority. Def4 is a separate DRAFT 10-trial/46-cell reservation with zero canonical ledger rows at Macro 5fc7af4a1aa2510966a7b566f97e5b894f2632f8. This proposal does not claim all-time search=12+218.","BEFORE_OUTCOMES: incumbent owner review and approval; qualified corpus/cutoff/source/session/basis/rights/PIT/known-time contracts for each clock; exact occurrence and reset law; S16 phenotype reconciliation; ATR/scale and label/fill/ambiguity binding; matching/support and draw/seed rules; exact M0/M1 estimator/features/regularization/calibration binding where applicable; prefix-known landmark schedule/weights; consumer margins, costs, precision/power and sufficiency gates; exact temporal folds and untouched-evidence proof; one inferential procedure; independent acceptance; resource estimate/budget; existing-ledger registration only through a separately approved admitted carrier","OFFLINE_RESEARCH_PROPOSAL_ONLY; no canonical trial ID, registration, admission, dispatch, outcome execution, production, rank, gate, size or promotion authority",TOI_Recovery_Masterplan_2026-10-03.md,K1-K9,0426631f0a2e3c7243530a2ad859c5e36857768c43d0649ab17210d1c2246be8
TOI-W3-PROPOSAL-CFG-0090,W3-B,REMAINING_MFE_MODEL,EMPIRICAL_BASELINE,D1,Source-bound vol_squeeze.assess_series percentile25/minimum compression5/release window3/original range and TTM dependencies; historical price-release population retained; volume attribute separate; phenotype reconciliation pending,D,UP,P0_ORIGINAL_COHORT_REFERENCE,REMAINING_MFE,M0,Elapsed-age/clock empirical transition distribution or corresponding empirical excursion quantile; one bound estimation/support rule reused across folds,0.10,D,"[""TOI-W3-PROPOSAL-CFG-0011""]",Current-price remaining favorable excursion quantile to the original post-trigger deadline,Pinball loss at registered quantile; diagnostic coverage/order/width checks,Identical eligible held-out current D1 landmarks with prefix-known eligibility/weights; failed/expired/stagnant original paths represented lawfully; no eventual-success matching and no eventual landmark-count denominator,10,FIRST_CAUSALLY_RECOGNIZED_FORMING_ONSET; TEN_SUBSEQUENT_COMPLETED_NATIVE_BARS; ORIGIN_EXCLUDED,21,ORIGINAL_FIRST_FEASIBLE_P0_REFERENCE; SAME_ORIGINAL_DEADLINE_ACROSS_POLICIES_CLOCKS_AND_LANDMARKS,+1 frozen trigger ATR before -1 frozen trigger ATR; unresolved retained; ATR recipe requires source binding; adverse first passage is NOT structural fakeout,"OBSERVED_PREFIX_ONLY: predeclared elapsed-age landmarks; fixed weight for each eligible occurrence at a landmark, or separately frozen equal-snapshot normalization using only eligible cases already known at that snapshot; NEVER divide by eventual surviving landmark count; preserve proper at-risk exposure; current forecasts use remaining time to fixed origin deadline","{""hidden_hyperparameter_search"":false,""learned_sector_regime_theme_industry_axis"":false,""minimum_compression"":5,""model_binding"":""REQUIRES_EXACT_PRE_OUTCOME_SOURCE_BINDING"",""model_recipe_count"":1,""original_range_TTM_dependencies"":""SOURCE_BOUND"",""percentile"":25,""phenotype"":""PRICE_RELEASE_VOLUME_ATTRIBUTE_SEPARATE_RECONCILIATION_PENDING"",""quantile"":""0.10"",""release_window"":3}",PROPOSED_NOT_REGISTERED_HOLD,"Qualified program ancestry only: S16 esx_sq_phase0 has 12 historical declared trials and report/run evidence, not 12 newly reconstructed itemized rows; S16 v1.0 accruing/unshipped does not confer new clock/direction/model/consumer authority. Def4 is a separate DRAFT 10-trial/46-cell reservation with zero canonical ledger rows at Macro 5fc7af4a1aa2510966a7b566f97e5b894f2632f8. This proposal does not claim all-time search=12+218.","BEFORE_OUTCOMES: incumbent owner review and approval; qualified corpus/cutoff/source/session/basis/rights/PIT/known-time contracts for each clock; exact occurrence and reset law; S16 phenotype reconciliation; ATR/scale and label/fill/ambiguity binding; matching/support and draw/seed rules; exact M0/M1 estimator/features/regularization/calibration binding where applicable; prefix-known landmark schedule/weights; consumer margins, costs, precision/power and sufficiency gates; exact temporal folds and untouched-evidence proof; one inferential procedure; independent acceptance; resource estimate/budget; existing-ledger registration only through a separately approved admitted carrier","OFFLINE_RESEARCH_PROPOSAL_ONLY; no canonical trial ID, registration, admission, dispatch, outcome execution, production, rank, gate, size or promotion authority",TOI_Recovery_Masterplan_2026-10-03.md,K1-K9,0426631f0a2e3c7243530a2ad859c5e36857768c43d0649ab17210d1c2246be8
TOI-W3-PROPOSAL-CFG-0091,W3-B,REMAINING_MFE_MODEL,SIMPLE_FORECAST_MODEL,D1,Source-bound vol_squeeze.assess_series percentile25/minimum compression5/release window3/original range and TTM dependencies; historical price-release population retained; volume attribute separate; phenotype reconciliation pending,D,UP,P0_ORIGINAL_COHORT_REFERENCE,REMAINING_MFE,M1,One regularized discrete-time cause-model recipe or one regularized quantile-model recipe with fixed own-price/state/age/volatility/location/liquidity inputs; exact implementation pending; no hidden model/feature/penalty/calibration search,0.10,D,"[""TOI-W3-PROPOSAL-CFG-0011""]",Current-price remaining favorable excursion quantile to the original post-trigger deadline,Pinball loss at registered quantile; diagnostic coverage/order/width checks,Identical eligible held-out current D1 landmarks with prefix-known eligibility/weights; failed/expired/stagnant original paths represented lawfully; no eventual-success matching and no eventual landmark-count denominator,10,FIRST_CAUSALLY_RECOGNIZED_FORMING_ONSET; TEN_SUBSEQUENT_COMPLETED_NATIVE_BARS; ORIGIN_EXCLUDED,21,ORIGINAL_FIRST_FEASIBLE_P0_REFERENCE; SAME_ORIGINAL_DEADLINE_ACROSS_POLICIES_CLOCKS_AND_LANDMARKS,+1 frozen trigger ATR before -1 frozen trigger ATR; unresolved retained; ATR recipe requires source binding; adverse first passage is NOT structural fakeout,"OBSERVED_PREFIX_ONLY: predeclared elapsed-age landmarks; fixed weight for each eligible occurrence at a landmark, or separately frozen equal-snapshot normalization using only eligible cases already known at that snapshot; NEVER divide by eventual surviving landmark count; preserve proper at-risk exposure; current forecasts use remaining time to fixed origin deadline","{""hidden_hyperparameter_search"":false,""learned_sector_regime_theme_industry_axis"":false,""minimum_compression"":5,""model_binding"":""REQUIRES_EXACT_PRE_OUTCOME_SOURCE_BINDING"",""model_recipe_count"":1,""original_range_TTM_dependencies"":""SOURCE_BOUND"",""percentile"":25,""phenotype"":""PRICE_RELEASE_VOLUME_ATTRIBUTE_SEPARATE_RECONCILIATION_PENDING"",""quantile"":""0.10"",""release_window"":3}",PROPOSED_NOT_REGISTERED_HOLD,"Qualified program ancestry only: S16 esx_sq_phase0 has 12 historical declared trials and report/run evidence, not 12 newly reconstructed itemized rows; S16 v1.0 accruing/unshipped does not confer new clock/direction/model/consumer authority. Def4 is a separate DRAFT 10-trial/46-cell reservation with zero canonical ledger rows at Macro 5fc7af4a1aa2510966a7b566f97e5b894f2632f8. This proposal does not claim all-time search=12+218.","BEFORE_OUTCOMES: incumbent owner review and approval; qualified corpus/cutoff/source/session/basis/rights/PIT/known-time contracts for each clock; exact occurrence and reset law; S16 phenotype reconciliation; ATR/scale and label/fill/ambiguity binding; matching/support and draw/seed rules; exact M0/M1 estimator/features/regularization/calibration binding where applicable; prefix-known landmark schedule/weights; consumer margins, costs, precision/power and sufficiency gates; exact temporal folds and untouched-evidence proof; one inferential procedure; independent acceptance; resource estimate/budget; existing-ledger registration only through a separately approved admitted carrier","OFFLINE_RESEARCH_PROPOSAL_ONLY; no canonical trial ID, registration, admission, dispatch, outcome execution, production, rank, gate, size or promotion authority",TOI_Recovery_Masterplan_2026-10-03.md,K1-K9,0426631f0a2e3c7243530a2ad859c5e36857768c43d0649ab17210d1c2246be8
TOI-W3-PROPOSAL-CFG-0092,W3-B,REMAINING_MFE_MODEL,EMPIRICAL_BASELINE,D1,Source-bound vol_squeeze.assess_series percentile25/minimum compression5/release window3/original range and TTM dependencies; historical price-release population retained; volume attribute separate; phenotype reconciliation pending,D,UP,P0_ORIGINAL_COHORT_REFERENCE,REMAINING_MFE,M0,Elapsed-age/clock empirical transition distribution or corresponding empirical excursion quantile; one bound estimation/support rule reused across folds,0.50,D,"[""TOI-W3-PROPOSAL-CFG-0011""]",Current-price remaining favorable excursion quantile to the original post-trigger deadline,Pinball loss at registered quantile; diagnostic coverage/order/width checks,Identical eligible held-out current D1 landmarks with prefix-known eligibility/weights; failed/expired/stagnant original paths represented lawfully; no eventual-success matching and no eventual landmark-count denominator,10,FIRST_CAUSALLY_RECOGNIZED_FORMING_ONSET; TEN_SUBSEQUENT_COMPLETED_NATIVE_BARS; ORIGIN_EXCLUDED,21,ORIGINAL_FIRST_FEASIBLE_P0_REFERENCE; SAME_ORIGINAL_DEADLINE_ACROSS_POLICIES_CLOCKS_AND_LANDMARKS,+1 frozen trigger ATR before -1 frozen trigger ATR; unresolved retained; ATR recipe requires source binding; adverse first passage is NOT structural fakeout,"OBSERVED_PREFIX_ONLY: predeclared elapsed-age landmarks; fixed weight for each eligible occurrence at a landmark, or separately frozen equal-snapshot normalization using only eligible cases already known at that snapshot; NEVER divide by eventual surviving landmark count; preserve proper at-risk exposure; current forecasts use remaining time to fixed origin deadline","{""hidden_hyperparameter_search"":false,""learned_sector_regime_theme_industry_axis"":false,""minimum_compression"":5,""model_binding"":""REQUIRES_EXACT_PRE_OUTCOME_SOURCE_BINDING"",""model_recipe_count"":1,""original_range_TTM_dependencies"":""SOURCE_BOUND"",""percentile"":25,""phenotype"":""PRICE_RELEASE_VOLUME_ATTRIBUTE_SEPARATE_RECONCILIATION_PENDING"",""quantile"":""0.50"",""release_window"":3}",PROPOSED_NOT_REGISTERED_HOLD,"Qualified program ancestry only: S16 esx_sq_phase0 has 12 historical declared trials and report/run evidence, not 12 newly reconstructed itemized rows; S16 v1.0 accruing/unshipped does not confer new clock/direction/model/consumer authority. Def4 is a separate DRAFT 10-trial/46-cell reservation with zero canonical ledger rows at Macro 5fc7af4a1aa2510966a7b566f97e5b894f2632f8. This proposal does not claim all-time search=12+218.","BEFORE_OUTCOMES: incumbent owner review and approval; qualified corpus/cutoff/source/session/basis/rights/PIT/known-time contracts for each clock; exact occurrence and reset law; S16 phenotype reconciliation; ATR/scale and label/fill/ambiguity binding; matching/support and draw/seed rules; exact M0/M1 estimator/features/regularization/calibration binding where applicable; prefix-known landmark schedule/weights; consumer margins, costs, precision/power and sufficiency gates; exact temporal folds and untouched-evidence proof; one inferential procedure; independent acceptance; resource estimate/budget; existing-ledger registration only through a separately approved admitted carrier","OFFLINE_RESEARCH_PROPOSAL_ONLY; no canonical trial ID, registration, admission, dispatch, outcome execution, production, rank, gate, size or promotion authority",TOI_Recovery_Masterplan_2026-10-03.md,K1-K9,0426631f0a2e3c7243530a2ad859c5e36857768c43d0649ab17210d1c2246be8
TOI-W3-PROPOSAL-CFG-0093,W3-B,REMAINING_MFE_MODEL,SIMPLE_FORECAST_MODEL,D1,Source-bound vol_squeeze.assess_series percentile25/minimum compression5/release window3/original range and TTM dependencies; historical price-release population retained; volume attribute separate; phenotype reconciliation pending,D,UP,P0_ORIGINAL_COHORT_REFERENCE,REMAINING_MFE,M1,One regularized discrete-time cause-model recipe or one regularized quantile-model recipe with fixed own-price/state/age/volatility/location/liquidity inputs; exact implementation pending; no hidden model/feature/penalty/calibration search,0.50,D,"[""TOI-W3-PROPOSAL-CFG-0011""]",Current-price remaining favorable excursion quantile to the original post-trigger deadline,Pinball loss at registered quantile; diagnostic coverage/order/width checks,Identical eligible held-out current D1 landmarks with prefix-known eligibility/weights; failed/expired/stagnant original paths represented lawfully; no eventual-success matching and no eventual landmark-count denominator,10,FIRST_CAUSALLY_RECOGNIZED_FORMING_ONSET; TEN_SUBSEQUENT_COMPLETED_NATIVE_BARS; ORIGIN_EXCLUDED,21,ORIGINAL_FIRST_FEASIBLE_P0_REFERENCE; SAME_ORIGINAL_DEADLINE_ACROSS_POLICIES_CLOCKS_AND_LANDMARKS,+1 frozen trigger ATR before -1 frozen trigger ATR; unresolved retained; ATR recipe requires source binding; adverse first passage is NOT structural fakeout,"OBSERVED_PREFIX_ONLY: predeclared elapsed-age landmarks; fixed weight for each eligible occurrence at a landmark, or separately frozen equal-snapshot normalization using only eligible cases already known at that snapshot; NEVER divide by eventual surviving landmark count; preserve proper at-risk exposure; current forecasts use remaining time to fixed origin deadline","{""hidden_hyperparameter_search"":false,""learned_sector_regime_theme_industry_axis"":false,""minimum_compression"":5,""model_binding"":""REQUIRES_EXACT_PRE_OUTCOME_SOURCE_BINDING"",""model_recipe_count"":1,""original_range_TTM_dependencies"":""SOURCE_BOUND"",""percentile"":25,""phenotype"":""PRICE_RELEASE_VOLUME_ATTRIBUTE_SEPARATE_RECONCILIATION_PENDING"",""quantile"":""0.50"",""release_window"":3}",PROPOSED_NOT_REGISTERED_HOLD,"Qualified program ancestry only: S16 esx_sq_phase0 has 12 historical declared trials and report/run evidence, not 12 newly reconstructed itemized rows; S16 v1.0 accruing/unshipped does not confer new clock/direction/model/consumer authority. Def4 is a separate DRAFT 10-trial/46-cell reservation with zero canonical ledger rows at Macro 5fc7af4a1aa2510966a7b566f97e5b894f2632f8. This proposal does not claim all-time search=12+218.","BEFORE_OUTCOMES: incumbent owner review and approval; qualified corpus/cutoff/source/session/basis/rights/PIT/known-time contracts for each clock; exact occurrence and reset law; S16 phenotype reconciliation; ATR/scale and label/fill/ambiguity binding; matching/support and draw/seed rules; exact M0/M1 estimator/features/regularization/calibration binding where applicable; prefix-known landmark schedule/weights; consumer margins, costs, precision/power and sufficiency gates; exact temporal folds and untouched-evidence proof; one inferential procedure; independent acceptance; resource estimate/budget; existing-ledger registration only through a separately approved admitted carrier","OFFLINE_RESEARCH_PROPOSAL_ONLY; no canonical trial ID, registration, admission, dispatch, outcome execution, production, rank, gate, size or promotion authority",TOI_Recovery_Masterplan_2026-10-03.md,K1-K9,0426631f0a2e3c7243530a2ad859c5e36857768c43d0649ab17210d1c2246be8
TOI-W3-PROPOSAL-CFG-0094,W3-B,REMAINING_MFE_MODEL,EMPIRICAL_BASELINE,D1,Source-bound vol_squeeze.assess_series percentile25/minimum compression5/release window3/original range and TTM dependencies; historical price-release population retained; volume attribute separate; phenotype reconciliation pending,D,UP,P0_ORIGINAL_COHORT_REFERENCE,REMAINING_MFE,M0,Elapsed-age/clock empirical transition distribution or corresponding empirical excursion quantile; one bound estimation/support rule reused across folds,0.90,D,"[""TOI-W3-PROPOSAL-CFG-0011""]",Current-price remaining favorable excursion quantile to the original post-trigger deadline,Pinball loss at registered quantile; diagnostic coverage/order/width checks,Identical eligible held-out current D1 landmarks with prefix-known eligibility/weights; failed/expired/stagnant original paths represented lawfully; no eventual-success matching and no eventual landmark-count denominator,10,FIRST_CAUSALLY_RECOGNIZED_FORMING_ONSET; TEN_SUBSEQUENT_COMPLETED_NATIVE_BARS; ORIGIN_EXCLUDED,21,ORIGINAL_FIRST_FEASIBLE_P0_REFERENCE; SAME_ORIGINAL_DEADLINE_ACROSS_POLICIES_CLOCKS_AND_LANDMARKS,+1 frozen trigger ATR before -1 frozen trigger ATR; unresolved retained; ATR recipe requires source binding; adverse first passage is NOT structural fakeout,"OBSERVED_PREFIX_ONLY: predeclared elapsed-age landmarks; fixed weight for each eligible occurrence at a landmark, or separately frozen equal-snapshot normalization using only eligible cases already known at that snapshot; NEVER divide by eventual surviving landmark count; preserve proper at-risk exposure; current forecasts use remaining time to fixed origin deadline","{""hidden_hyperparameter_search"":false,""learned_sector_regime_theme_industry_axis"":false,""minimum_compression"":5,""model_binding"":""REQUIRES_EXACT_PRE_OUTCOME_SOURCE_BINDING"",""model_recipe_count"":1,""original_range_TTM_dependencies"":""SOURCE_BOUND"",""percentile"":25,""phenotype"":""PRICE_RELEASE_VOLUME_ATTRIBUTE_SEPARATE_RECONCILIATION_PENDING"",""quantile"":""0.90"",""release_window"":3}",PROPOSED_NOT_REGISTERED_HOLD,"Qualified program ancestry only: S16 esx_sq_phase0 has 12 historical declared trials and report/run evidence, not 12 newly reconstructed itemized rows; S16 v1.0 accruing/unshipped does not confer new clock/direction/model/consumer authority. Def4 is a separate DRAFT 10-trial/46-cell reservation with zero canonical ledger rows at Macro 5fc7af4a1aa2510966a7b566f97e5b894f2632f8. This proposal does not claim all-time search=12+218.","BEFORE_OUTCOMES: incumbent owner review and approval; qualified corpus/cutoff/source/session/basis/rights/PIT/known-time contracts for each clock; exact occurrence and reset law; S16 phenotype reconciliation; ATR/scale and label/fill/ambiguity binding; matching/support and draw/seed rules; exact M0/M1 estimator/features/regularization/calibration binding where applicable; prefix-known landmark schedule/weights; consumer margins, costs, precision/power and sufficiency gates; exact temporal folds and untouched-evidence proof; one inferential procedure; independent acceptance; resource estimate/budget; existing-ledger registration only through a separately approved admitted carrier","OFFLINE_RESEARCH_PROPOSAL_ONLY; no canonical trial ID, registration, admission, dispatch, outcome execution, production, rank, gate, size or promotion authority",TOI_Recovery_Masterplan_2026-10-03.md,K1-K9,0426631f0a2e3c7243530a2ad859c5e36857768c43d0649ab17210d1c2246be8
TOI-W3-PROPOSAL-CFG-0095,W3-B,REMAINING_MFE_MODEL,SIMPLE_FORECAST_MODEL,D1,Source-bound vol_squeeze.assess_series percentile25/minimum compression5/release window3/original range and TTM dependencies; historical price-release population retained; volume attribute separate; phenotype reconciliation pending,D,UP,P0_ORIGINAL_COHORT_REFERENCE,REMAINING_MFE,M1,One regularized discrete-time cause-model recipe or one regularized quantile-model recipe with fixed own-price/state/age/volatility/location/liquidity inputs; exact implementation pending; no hidden model/feature/penalty/calibration search,0.90,D,"[""TOI-W3-PROPOSAL-CFG-0011""]",Current-price remaining favorable excursion quantile to the original post-trigger deadline,Pinball loss at registered quantile; diagnostic coverage/order/width checks,Identical eligible held-out current D1 landmarks with prefix-known eligibility/weights; failed/expired/stagnant original paths represented lawfully; no eventual-success matching and no eventual landmark-count denominator,10,FIRST_CAUSALLY_RECOGNIZED_FORMING_ONSET; TEN_SUBSEQUENT_COMPLETED_NATIVE_BARS; ORIGIN_EXCLUDED,21,ORIGINAL_FIRST_FEASIBLE_P0_REFERENCE; SAME_ORIGINAL_DEADLINE_ACROSS_POLICIES_CLOCKS_AND_LANDMARKS,+1 frozen trigger ATR before -1 frozen trigger ATR; unresolved retained; ATR recipe requires source binding; adverse first passage is NOT structural fakeout,"OBSERVED_PREFIX_ONLY: predeclared elapsed-age landmarks; fixed weight for each eligible occurrence at a landmark, or separately frozen equal-snapshot normalization using only eligible cases already known at that snapshot; NEVER divide by eventual surviving landmark count; preserve proper at-risk exposure; current forecasts use remaining time to fixed origin deadline","{""hidden_hyperparameter_search"":false,""learned_sector_regime_theme_industry_axis"":false,""minimum_compression"":5,""model_binding"":""REQUIRES_EXACT_PRE_OUTCOME_SOURCE_BINDING"",""model_recipe_count"":1,""original_range_TTM_dependencies"":""SOURCE_BOUND"",""percentile"":25,""phenotype"":""PRICE_RELEASE_VOLUME_ATTRIBUTE_SEPARATE_RECONCILIATION_PENDING"",""quantile"":""0.90"",""release_window"":3}",PROPOSED_NOT_REGISTERED_HOLD,"Qualified program ancestry only: S16 esx_sq_phase0 has 12 historical declared trials and report/run evidence, not 12 newly reconstructed itemized rows; S16 v1.0 accruing/unshipped does not confer new clock/direction/model/consumer authority. Def4 is a separate DRAFT 10-trial/46-cell reservation with zero canonical ledger rows at Macro 5fc7af4a1aa2510966a7b566f97e5b894f2632f8. This proposal does not claim all-time search=12+218.","BEFORE_OUTCOMES: incumbent owner review and approval; qualified corpus/cutoff/source/session/basis/rights/PIT/known-time contracts for each clock; exact occurrence and reset law; S16 phenotype reconciliation; ATR/scale and label/fill/ambiguity binding; matching/support and draw/seed rules; exact M0/M1 estimator/features/regularization/calibration binding where applicable; prefix-known landmark schedule/weights; consumer margins, costs, precision/power and sufficiency gates; exact temporal folds and untouched-evidence proof; one inferential procedure; independent acceptance; resource estimate/budget; existing-ledger registration only through a separately approved admitted carrier","OFFLINE_RESEARCH_PROPOSAL_ONLY; no canonical trial ID, registration, admission, dispatch, outcome execution, production, rank, gate, size or promotion authority",TOI_Recovery_Masterplan_2026-10-03.md,K1-K9,0426631f0a2e3c7243530a2ad859c5e36857768c43d0649ab17210d1c2246be8
TOI-W3-PROPOSAL-CFG-0096,W3-B,REMAINING_MFE_MODEL,EMPIRICAL_BASELINE,D1,Source-bound vol_squeeze.assess_series percentile25/minimum compression5/release window3/original range and TTM dependencies; historical price-release population retained; volume attribute separate; phenotype reconciliation pending,D,DOWN,P0_ORIGINAL_COHORT_REFERENCE,REMAINING_MFE,M0,Elapsed-age/clock empirical transition distribution or corresponding empirical excursion quantile; one bound estimation/support rule reused across folds,0.10,D,"[""TOI-W3-PROPOSAL-CFG-0012""]",Current-price remaining favorable excursion quantile to the original post-trigger deadline,Pinball loss at registered quantile; diagnostic coverage/order/width checks,Identical eligible held-out current D1 landmarks with prefix-known eligibility/weights; failed/expired/stagnant original paths represented lawfully; no eventual-success matching and no eventual landmark-count denominator,10,FIRST_CAUSALLY_RECOGNIZED_FORMING_ONSET; TEN_SUBSEQUENT_COMPLETED_NATIVE_BARS; ORIGIN_EXCLUDED,21,ORIGINAL_FIRST_FEASIBLE_P0_REFERENCE; SAME_ORIGINAL_DEADLINE_ACROSS_POLICIES_CLOCKS_AND_LANDMARKS,+1 frozen trigger ATR before -1 frozen trigger ATR; unresolved retained; ATR recipe requires source binding; adverse first passage is NOT structural fakeout,"OBSERVED_PREFIX_ONLY: predeclared elapsed-age landmarks; fixed weight for each eligible occurrence at a landmark, or separately frozen equal-snapshot normalization using only eligible cases already known at that snapshot; NEVER divide by eventual surviving landmark count; preserve proper at-risk exposure; current forecasts use remaining time to fixed origin deadline","{""hidden_hyperparameter_search"":false,""learned_sector_regime_theme_industry_axis"":false,""minimum_compression"":5,""model_binding"":""REQUIRES_EXACT_PRE_OUTCOME_SOURCE_BINDING"",""model_recipe_count"":1,""original_range_TTM_dependencies"":""SOURCE_BOUND"",""percentile"":25,""phenotype"":""PRICE_RELEASE_VOLUME_ATTRIBUTE_SEPARATE_RECONCILIATION_PENDING"",""quantile"":""0.10"",""release_window"":3}",PROPOSED_NOT_REGISTERED_HOLD,"Qualified program ancestry only: S16 esx_sq_phase0 has 12 historical declared trials and report/run evidence, not 12 newly reconstructed itemized rows; S16 v1.0 accruing/unshipped does not confer new clock/direction/model/consumer authority. Def4 is a separate DRAFT 10-trial/46-cell reservation with zero canonical ledger rows at Macro 5fc7af4a1aa2510966a7b566f97e5b894f2632f8. This proposal does not claim all-time search=12+218.","BEFORE_OUTCOMES: incumbent owner review and approval; qualified corpus/cutoff/source/session/basis/rights/PIT/known-time contracts for each clock; exact occurrence and reset law; S16 phenotype reconciliation; ATR/scale and label/fill/ambiguity binding; matching/support and draw/seed rules; exact M0/M1 estimator/features/regularization/calibration binding where applicable; prefix-known landmark schedule/weights; consumer margins, costs, precision/power and sufficiency gates; exact temporal folds and untouched-evidence proof; one inferential procedure; independent acceptance; resource estimate/budget; existing-ledger registration only through a separately approved admitted carrier","OFFLINE_RESEARCH_PROPOSAL_ONLY; no canonical trial ID, registration, admission, dispatch, outcome execution, production, rank, gate, size or promotion authority",TOI_Recovery_Masterplan_2026-10-03.md,K1-K9,0426631f0a2e3c7243530a2ad859c5e36857768c43d0649ab17210d1c2246be8
TOI-W3-PROPOSAL-CFG-0097,W3-B,REMAINING_MFE_MODEL,SIMPLE_FORECAST_MODEL,D1,Source-bound vol_squeeze.assess_series percentile25/minimum compression5/release window3/original range and TTM dependencies; historical price-release population retained; volume attribute separate; phenotype reconciliation pending,D,DOWN,P0_ORIGINAL_COHORT_REFERENCE,REMAINING_MFE,M1,One regularized discrete-time cause-model recipe or one regularized quantile-model recipe with fixed own-price/state/age/volatility/location/liquidity inputs; exact implementation pending; no hidden model/feature/penalty/calibration search,0.10,D,"[""TOI-W3-PROPOSAL-CFG-0012""]",Current-price remaining favorable excursion quantile to the original post-trigger deadline,Pinball loss at registered quantile; diagnostic coverage/order/width checks,Identical eligible held-out current D1 landmarks with prefix-known eligibility/weights; failed/expired/stagnant original paths represented lawfully; no eventual-success matching and no eventual landmark-count denominator,10,FIRST_CAUSALLY_RECOGNIZED_FORMING_ONSET; TEN_SUBSEQUENT_COMPLETED_NATIVE_BARS; ORIGIN_EXCLUDED,21,ORIGINAL_FIRST_FEASIBLE_P0_REFERENCE; SAME_ORIGINAL_DEADLINE_ACROSS_POLICIES_CLOCKS_AND_LANDMARKS,+1 frozen trigger ATR before -1 frozen trigger ATR; unresolved retained; ATR recipe requires source binding; adverse first passage is NOT structural fakeout,"OBSERVED_PREFIX_ONLY: predeclared elapsed-age landmarks; fixed weight for each eligible occurrence at a landmark, or separately frozen equal-snapshot normalization using only eligible cases already known at that snapshot; NEVER divide by eventual surviving landmark count; preserve proper at-risk exposure; current forecasts use remaining time to fixed origin deadline","{""hidden_hyperparameter_search"":false,""learned_sector_regime_theme_industry_axis"":false,""minimum_compression"":5,""model_binding"":""REQUIRES_EXACT_PRE_OUTCOME_SOURCE_BINDING"",""model_recipe_count"":1,""original_range_TTM_dependencies"":""SOURCE_BOUND"",""percentile"":25,""phenotype"":""PRICE_RELEASE_VOLUME_ATTRIBUTE_SEPARATE_RECONCILIATION_PENDING"",""quantile"":""0.10"",""release_window"":3}",PROPOSED_NOT_REGISTERED_HOLD,"Qualified program ancestry only: S16 esx_sq_phase0 has 12 historical declared trials and report/run evidence, not 12 newly reconstructed itemized rows; S16 v1.0 accruing/unshipped does not confer new clock/direction/model/consumer authority. Def4 is a separate DRAFT 10-trial/46-cell reservation with zero canonical ledger rows at Macro 5fc7af4a1aa2510966a7b566f97e5b894f2632f8. This proposal does not claim all-time search=12+218.","BEFORE_OUTCOMES: incumbent owner review and approval; qualified corpus/cutoff/source/session/basis/rights/PIT/known-time contracts for each clock; exact occurrence and reset law; S16 phenotype reconciliation; ATR/scale and label/fill/ambiguity binding; matching/support and draw/seed rules; exact M0/M1 estimator/features/regularization/calibration binding where applicable; prefix-known landmark schedule/weights; consumer margins, costs, precision/power and sufficiency gates; exact temporal folds and untouched-evidence proof; one inferential procedure; independent acceptance; resource estimate/budget; existing-ledger registration only through a separately approved admitted carrier","OFFLINE_RESEARCH_PROPOSAL_ONLY; no canonical trial ID, registration, admission, dispatch, outcome execution, production, rank, gate, size or promotion authority",TOI_Recovery_Masterplan_2026-10-03.md,K1-K9,0426631f0a2e3c7243530a2ad859c5e36857768c43d0649ab17210d1c2246be8
TOI-W3-PROPOSAL-CFG-0098,W3-B,REMAINING_MFE_MODEL,EMPIRICAL_BASELINE,D1,Source-bound vol_squeeze.assess_series percentile25/minimum compression5/release window3/original range and TTM dependencies; historical price-release population retained; volume attribute separate; phenotype reconciliation pending,D,DOWN,P0_ORIGINAL_COHORT_REFERENCE,REMAINING_MFE,M0,Elapsed-age/clock empirical transition distribution or corresponding empirical excursion quantile; one bound estimation/support rule reused across folds,0.50,D,"[""TOI-W3-PROPOSAL-CFG-0012""]",Current-price remaining favorable excursion quantile to the original post-trigger deadline,Pinball loss at registered quantile; diagnostic coverage/order/width checks,Identical eligible held-out current D1 landmarks with prefix-known eligibility/weights; failed/expired/stagnant original paths represented lawfully; no eventual-success matching and no eventual landmark-count denominator,10,FIRST_CAUSALLY_RECOGNIZED_FORMING_ONSET; TEN_SUBSEQUENT_COMPLETED_NATIVE_BARS; ORIGIN_EXCLUDED,21,ORIGINAL_FIRST_FEASIBLE_P0_REFERENCE; SAME_ORIGINAL_DEADLINE_ACROSS_POLICIES_CLOCKS_AND_LANDMARKS,+1 frozen trigger ATR before -1 frozen trigger ATR; unresolved retained; ATR recipe requires source binding; adverse first passage is NOT structural fakeout,"OBSERVED_PREFIX_ONLY: predeclared elapsed-age landmarks; fixed weight for each eligible occurrence at a landmark, or separately frozen equal-snapshot normalization using only eligible cases already known at that snapshot; NEVER divide by eventual surviving landmark count; preserve proper at-risk exposure; current forecasts use remaining time to fixed origin deadline","{""hidden_hyperparameter_search"":false,""learned_sector_regime_theme_industry_axis"":false,""minimum_compression"":5,""model_binding"":""REQUIRES_EXACT_PRE_OUTCOME_SOURCE_BINDING"",""model_recipe_count"":1,""original_range_TTM_dependencies"":""SOURCE_BOUND"",""percentile"":25,""phenotype"":""PRICE_RELEASE_VOLUME_ATTRIBUTE_SEPARATE_RECONCILIATION_PENDING"",""quantile"":""0.50"",""release_window"":3}",PROPOSED_NOT_REGISTERED_HOLD,"Qualified program ancestry only: S16 esx_sq_phase0 has 12 historical declared trials and report/run evidence, not 12 newly reconstructed itemized rows; S16 v1.0 accruing/unshipped does not confer new clock/direction/model/consumer authority. Def4 is a separate DRAFT 10-trial/46-cell reservation with zero canonical ledger rows at Macro 5fc7af4a1aa2510966a7b566f97e5b894f2632f8. This proposal does not claim all-time search=12+218.","BEFORE_OUTCOMES: incumbent owner review and approval; qualified corpus/cutoff/source/session/basis/rights/PIT/known-time contracts for each clock; exact occurrence and reset law; S16 phenotype reconciliation; ATR/scale and label/fill/ambiguity binding; matching/support and draw/seed rules; exact M0/M1 estimator/features/regularization/calibration binding where applicable; prefix-known landmark schedule/weights; consumer margins, costs, precision/power and sufficiency gates; exact temporal folds and untouched-evidence proof; one inferential procedure; independent acceptance; resource estimate/budget; existing-ledger registration only through a separately approved admitted carrier","OFFLINE_RESEARCH_PROPOSAL_ONLY; no canonical trial ID, registration, admission, dispatch, outcome execution, production, rank, gate, size or promotion authority",TOI_Recovery_Masterplan_2026-10-03.md,K1-K9,0426631f0a2e3c7243530a2ad859c5e36857768c43d0649ab17210d1c2246be8
TOI-W3-PROPOSAL-CFG-0099,W3-B,REMAINING_MFE_MODEL,SIMPLE_FORECAST_MODEL,D1,Source-bound vol_squeeze.assess_series percentile25/minimum compression5/release window3/original range and TTM dependencies; historical price-release population retained; volume attribute separate; phenotype reconciliation pending,D,DOWN,P0_ORIGINAL_COHORT_REFERENCE,REMAINING_MFE,M1,One regularized discrete-time cause-model recipe or one regularized quantile-model recipe with fixed own-price/state/age/volatility/location/liquidity inputs; exact implementation pending; no hidden model/feature/penalty/calibration search,0.50,D,"[""TOI-W3-PROPOSAL-CFG-0012""]",Current-price remaining favorable excursion quantile to the original post-trigger deadline,Pinball loss at registered quantile; diagnostic coverage/order/width checks,Identical eligible held-out current D1 landmarks with prefix-known eligibility/weights; failed/expired/stagnant original paths represented lawfully; no eventual-success matching and no eventual landmark-count denominator,10,FIRST_CAUSALLY_RECOGNIZED_FORMING_ONSET; TEN_SUBSEQUENT_COMPLETED_NATIVE_BARS; ORIGIN_EXCLUDED,21,ORIGINAL_FIRST_FEASIBLE_P0_REFERENCE; SAME_ORIGINAL_DEADLINE_ACROSS_POLICIES_CLOCKS_AND_LANDMARKS,+1 frozen trigger ATR before -1 frozen trigger ATR; unresolved retained; ATR recipe requires source binding; adverse first passage is NOT structural fakeout,"OBSERVED_PREFIX_ONLY: predeclared elapsed-age landmarks; fixed weight for each eligible occurrence at a landmark, or separately frozen equal-snapshot normalization using only eligible cases already known at that snapshot; NEVER divide by eventual surviving landmark count; preserve proper at-risk exposure; current forecasts use remaining time to fixed origin deadline","{""hidden_hyperparameter_search"":false,""learned_sector_regime_theme_industry_axis"":false,""minimum_compression"":5,""model_binding"":""REQUIRES_EXACT_PRE_OUTCOME_SOURCE_BINDING"",""model_recipe_count"":1,""original_range_TTM_dependencies"":""SOURCE_BOUND"",""percentile"":25,""phenotype"":""PRICE_RELEASE_VOLUME_ATTRIBUTE_SEPARATE_RECONCILIATION_PENDING"",""quantile"":""0.50"",""release_window"":3}",PROPOSED_NOT_REGISTERED_HOLD,"Qualified program ancestry only: S16 esx_sq_phase0 has 12 historical declared trials and report/run evidence, not 12 newly reconstructed itemized rows; S16 v1.0 accruing/unshipped does not confer new clock/direction/model/consumer authority. Def4 is a separate DRAFT 10-trial/46-cell reservation with zero canonical ledger rows at Macro 5fc7af4a1aa2510966a7b566f97e5b894f2632f8. This proposal does not claim all-time search=12+218.","BEFORE_OUTCOMES: incumbent owner review and approval; qualified corpus/cutoff/source/session/basis/rights/PIT/known-time contracts for each clock; exact occurrence and reset law; S16 phenotype reconciliation; ATR/scale and label/fill/ambiguity binding; matching/support and draw/seed rules; exact M0/M1 estimator/features/regularization/calibration binding where applicable; prefix-known landmark schedule/weights; consumer margins, costs, precision/power and sufficiency gates; exact temporal folds and untouched-evidence proof; one inferential procedure; independent acceptance; resource estimate/budget; existing-ledger registration only through a separately approved admitted carrier","OFFLINE_RESEARCH_PROPOSAL_ONLY; no canonical trial ID, registration, admission, dispatch, outcome execution, production, rank, gate, size or promotion authority",TOI_Recovery_Masterplan_2026-10-03.md,K1-K9,0426631f0a2e3c7243530a2ad859c5e36857768c43d0649ab17210d1c2246be8
TOI-W3-PROPOSAL-CFG-0100,W3-B,REMAINING_MFE_MODEL,EMPIRICAL_BASELINE,D1,Source-bound vol_squeeze.assess_series percentile25/minimum compression5/release window3/original range and TTM dependencies; historical price-release population retained; volume attribute separate; phenotype reconciliation pending,D,DOWN,P0_ORIGINAL_COHORT_REFERENCE,REMAINING_MFE,M0,Elapsed-age/clock empirical transition distribution or corresponding empirical excursion quantile; one bound estimation/support rule reused across folds,0.90,D,"[""TOI-W3-PROPOSAL-CFG-0012""]",Current-price remaining favorable excursion quantile to the original post-trigger deadline,Pinball loss at registered quantile; diagnostic coverage/order/width checks,Identical eligible held-out current D1 landmarks with prefix-known eligibility/weights; failed/expired/stagnant original paths represented lawfully; no eventual-success matching and no eventual landmark-count denominator,10,FIRST_CAUSALLY_RECOGNIZED_FORMING_ONSET; TEN_SUBSEQUENT_COMPLETED_NATIVE_BARS; ORIGIN_EXCLUDED,21,ORIGINAL_FIRST_FEASIBLE_P0_REFERENCE; SAME_ORIGINAL_DEADLINE_ACROSS_POLICIES_CLOCKS_AND_LANDMARKS,+1 frozen trigger ATR before -1 frozen trigger ATR; unresolved retained; ATR recipe requires source binding; adverse first passage is NOT structural fakeout,"OBSERVED_PREFIX_ONLY: predeclared elapsed-age landmarks; fixed weight for each eligible occurrence at a landmark, or separately frozen equal-snapshot normalization using only eligible cases already known at that snapshot; NEVER divide by eventual surviving landmark count; preserve proper at-risk exposure; current forecasts use remaining time to fixed origin deadline","{""hidden_hyperparameter_search"":false,""learned_sector_regime_theme_industry_axis"":false,""minimum_compression"":5,""model_binding"":""REQUIRES_EXACT_PRE_OUTCOME_SOURCE_BINDING"",""model_recipe_count"":1,""original_range_TTM_dependencies"":""SOURCE_BOUND"",""percentile"":25,""phenotype"":""PRICE_RELEASE_VOLUME_ATTRIBUTE_SEPARATE_RECONCILIATION_PENDING"",""quantile"":""0.90"",""release_window"":3}",PROPOSED_NOT_REGISTERED_HOLD,"Qualified program ancestry only: S16 esx_sq_phase0 has 12 historical declared trials and report/run evidence, not 12 newly reconstructed itemized rows; S16 v1.0 accruing/unshipped does not confer new clock/direction/model/consumer authority. Def4 is a separate DRAFT 10-trial/46-cell reservation with zero canonical ledger rows at Macro 5fc7af4a1aa2510966a7b566f97e5b894f2632f8. This proposal does not claim all-time search=12+218.","BEFORE_OUTCOMES: incumbent owner review and approval; qualified corpus/cutoff/source/session/basis/rights/PIT/known-time contracts for each clock; exact occurrence and reset law; S16 phenotype reconciliation; ATR/scale and label/fill/ambiguity binding; matching/support and draw/seed rules; exact M0/M1 estimator/features/regularization/calibration binding where applicable; prefix-known landmark schedule/weights; consumer margins, costs, precision/power and sufficiency gates; exact temporal folds and untouched-evidence proof; one inferential procedure; independent acceptance; resource estimate/budget; existing-ledger registration only through a separately approved admitted carrier","OFFLINE_RESEARCH_PROPOSAL_ONLY; no canonical trial ID, registration, admission, dispatch, outcome execution, production, rank, gate, size or promotion authority",TOI_Recovery_Masterplan_2026-10-03.md,K1-K9,0426631f0a2e3c7243530a2ad859c5e36857768c43d0649ab17210d1c2246be8
TOI-W3-PROPOSAL-CFG-0101,W3-B,REMAINING_MFE_MODEL,SIMPLE_FORECAST_MODEL,D1,Source-bound vol_squeeze.assess_series percentile25/minimum compression5/release window3/original range and TTM dependencies; historical price-release population retained; volume attribute separate; phenotype reconciliation pending,D,DOWN,P0_ORIGINAL_COHORT_REFERENCE,REMAINING_MFE,M1,One regularized discrete-time cause-model recipe or one regularized quantile-model recipe with fixed own-price/state/age/volatility/location/liquidity inputs; exact implementation pending; no hidden model/feature/penalty/calibration search,0.90,D,"[""TOI-W3-PROPOSAL-CFG-0012""]",Current-price remaining favorable excursion quantile to the original post-trigger deadline,Pinball loss at registered quantile; diagnostic coverage/order/width checks,Identical eligible held-out current D1 landmarks with prefix-known eligibility/weights; failed/expired/stagnant original paths represented lawfully; no eventual-success matching and no eventual landmark-count denominator,10,FIRST_CAUSALLY_RECOGNIZED_FORMING_ONSET; TEN_SUBSEQUENT_COMPLETED_NATIVE_BARS; ORIGIN_EXCLUDED,21,ORIGINAL_FIRST_FEASIBLE_P0_REFERENCE; SAME_ORIGINAL_DEADLINE_ACROSS_POLICIES_CLOCKS_AND_LANDMARKS,+1 frozen trigger ATR before -1 frozen trigger ATR; unresolved retained; ATR recipe requires source binding; adverse first passage is NOT structural fakeout,"OBSERVED_PREFIX_ONLY: predeclared elapsed-age landmarks; fixed weight for each eligible occurrence at a landmark, or separately frozen equal-snapshot normalization using only eligible cases already known at that snapshot; NEVER divide by eventual surviving landmark count; preserve proper at-risk exposure; current forecasts use remaining time to fixed origin deadline","{""hidden_hyperparameter_search"":false,""learned_sector_regime_theme_industry_axis"":false,""minimum_compression"":5,""model_binding"":""REQUIRES_EXACT_PRE_OUTCOME_SOURCE_BINDING"",""model_recipe_count"":1,""original_range_TTM_dependencies"":""SOURCE_BOUND"",""percentile"":25,""phenotype"":""PRICE_RELEASE_VOLUME_ATTRIBUTE_SEPARATE_RECONCILIATION_PENDING"",""quantile"":""0.90"",""release_window"":3}",PROPOSED_NOT_REGISTERED_HOLD,"Qualified program ancestry only: S16 esx_sq_phase0 has 12 historical declared trials and report/run evidence, not 12 newly reconstructed itemized rows; S16 v1.0 accruing/unshipped does not confer new clock/direction/model/consumer authority. Def4 is a separate DRAFT 10-trial/46-cell reservation with zero canonical ledger rows at Macro 5fc7af4a1aa2510966a7b566f97e5b894f2632f8. This proposal does not claim all-time search=12+218.","BEFORE_OUTCOMES: incumbent owner review and approval; qualified corpus/cutoff/source/session/basis/rights/PIT/known-time contracts for each clock; exact occurrence and reset law; S16 phenotype reconciliation; ATR/scale and label/fill/ambiguity binding; matching/support and draw/seed rules; exact M0/M1 estimator/features/regularization/calibration binding where applicable; prefix-known landmark schedule/weights; consumer margins, costs, precision/power and sufficiency gates; exact temporal folds and untouched-evidence proof; one inferential procedure; independent acceptance; resource estimate/budget; existing-ledger registration only through a separately approved admitted carrier","OFFLINE_RESEARCH_PROPOSAL_ONLY; no canonical trial ID, registration, admission, dispatch, outcome execution, production, rank, gate, size or promotion authority",TOI_Recovery_Masterplan_2026-10-03.md,K1-K9,0426631f0a2e3c7243530a2ad859c5e36857768c43d0649ab17210d1c2246be8
TOI-W3-PROPOSAL-CFG-0102,W3-B,REMAINING_MFE_MODEL,EMPIRICAL_BASELINE,D1,Source-bound vol_squeeze.assess_series percentile25/minimum compression5/release window3/original range and TTM dependencies; historical price-release population retained; volume attribute separate; phenotype reconciliation pending,4H-CLOCK,UP,P0_ORIGINAL_COHORT_REFERENCE,REMAINING_MFE,M0,Elapsed-age/clock empirical transition distribution or corresponding empirical excursion quantile; one bound estimation/support rule reused across folds,0.10,4H-CLOCK,"[""TOI-W3-PROPOSAL-CFG-0013""]",Current-price remaining favorable excursion quantile to the original post-trigger deadline,Pinball loss at registered quantile; diagnostic coverage/order/width checks,Identical eligible held-out current D1 landmarks with prefix-known eligibility/weights; failed/expired/stagnant original paths represented lawfully; no eventual-success matching and no eventual landmark-count denominator,10,FIRST_CAUSALLY_RECOGNIZED_FORMING_ONSET; TEN_SUBSEQUENT_COMPLETED_NATIVE_BARS; ORIGIN_EXCLUDED,21,ORIGINAL_FIRST_FEASIBLE_P0_REFERENCE; SAME_ORIGINAL_DEADLINE_ACROSS_POLICIES_CLOCKS_AND_LANDMARKS,+1 frozen trigger ATR before -1 frozen trigger ATR; unresolved retained; ATR recipe requires source binding; adverse first passage is NOT structural fakeout,"OBSERVED_PREFIX_ONLY: predeclared elapsed-age landmarks; fixed weight for each eligible occurrence at a landmark, or separately frozen equal-snapshot normalization using only eligible cases already known at that snapshot; NEVER divide by eventual surviving landmark count; preserve proper at-risk exposure; current forecasts use remaining time to fixed origin deadline","{""hidden_hyperparameter_search"":false,""learned_sector_regime_theme_industry_axis"":false,""minimum_compression"":5,""model_binding"":""REQUIRES_EXACT_PRE_OUTCOME_SOURCE_BINDING"",""model_recipe_count"":1,""original_range_TTM_dependencies"":""SOURCE_BOUND"",""percentile"":25,""phenotype"":""PRICE_RELEASE_VOLUME_ATTRIBUTE_SEPARATE_RECONCILIATION_PENDING"",""quantile"":""0.10"",""release_window"":3}",PROPOSED_NOT_REGISTERED_HOLD,"Qualified program ancestry only: S16 esx_sq_phase0 has 12 historical declared trials and report/run evidence, not 12 newly reconstructed itemized rows; S16 v1.0 accruing/unshipped does not confer new clock/direction/model/consumer authority. Def4 is a separate DRAFT 10-trial/46-cell reservation with zero canonical ledger rows at Macro 5fc7af4a1aa2510966a7b566f97e5b894f2632f8. This proposal does not claim all-time search=12+218.","BEFORE_OUTCOMES: incumbent owner review and approval; qualified corpus/cutoff/source/session/basis/rights/PIT/known-time contracts for each clock; exact occurrence and reset law; S16 phenotype reconciliation; ATR/scale and label/fill/ambiguity binding; matching/support and draw/seed rules; exact M0/M1 estimator/features/regularization/calibration binding where applicable; prefix-known landmark schedule/weights; consumer margins, costs, precision/power and sufficiency gates; exact temporal folds and untouched-evidence proof; one inferential procedure; independent acceptance; resource estimate/budget; existing-ledger registration only through a separately approved admitted carrier","OFFLINE_RESEARCH_PROPOSAL_ONLY; no canonical trial ID, registration, admission, dispatch, outcome execution, production, rank, gate, size or promotion authority",TOI_Recovery_Masterplan_2026-10-03.md,K1-K9,0426631f0a2e3c7243530a2ad859c5e36857768c43d0649ab17210d1c2246be8
TOI-W3-PROPOSAL-CFG-0103,W3-B,REMAINING_MFE_MODEL,SIMPLE_FORECAST_MODEL,D1,Source-bound vol_squeeze.assess_series percentile25/minimum compression5/release window3/original range and TTM dependencies; historical price-release population retained; volume attribute separate; phenotype reconciliation pending,4H-CLOCK,UP,P0_ORIGINAL_COHORT_REFERENCE,REMAINING_MFE,M1,One regularized discrete-time cause-model recipe or one regularized quantile-model recipe with fixed own-price/state/age/volatility/location/liquidity inputs; exact implementation pending; no hidden model/feature/penalty/calibration search,0.10,4H-CLOCK,"[""TOI-W3-PROPOSAL-CFG-0013""]",Current-price remaining favorable excursion quantile to the original post-trigger deadline,Pinball loss at registered quantile; diagnostic coverage/order/width checks,Identical eligible held-out current D1 landmarks with prefix-known eligibility/weights; failed/expired/stagnant original paths represented lawfully; no eventual-success matching and no eventual landmark-count denominator,10,FIRST_CAUSALLY_RECOGNIZED_FORMING_ONSET; TEN_SUBSEQUENT_COMPLETED_NATIVE_BARS; ORIGIN_EXCLUDED,21,ORIGINAL_FIRST_FEASIBLE_P0_REFERENCE; SAME_ORIGINAL_DEADLINE_ACROSS_POLICIES_CLOCKS_AND_LANDMARKS,+1 frozen trigger ATR before -1 frozen trigger ATR; unresolved retained; ATR recipe requires source binding; adverse first passage is NOT structural fakeout,"OBSERVED_PREFIX_ONLY: predeclared elapsed-age landmarks; fixed weight for each eligible occurrence at a landmark, or separately frozen equal-snapshot normalization using only eligible cases already known at that snapshot; NEVER divide by eventual surviving landmark count; preserve proper at-risk exposure; current forecasts use remaining time to fixed origin deadline","{""hidden_hyperparameter_search"":false,""learned_sector_regime_theme_industry_axis"":false,""minimum_compression"":5,""model_binding"":""REQUIRES_EXACT_PRE_OUTCOME_SOURCE_BINDING"",""model_recipe_count"":1,""original_range_TTM_dependencies"":""SOURCE_BOUND"",""percentile"":25,""phenotype"":""PRICE_RELEASE_VOLUME_ATTRIBUTE_SEPARATE_RECONCILIATION_PENDING"",""quantile"":""0.10"",""release_window"":3}",PROPOSED_NOT_REGISTERED_HOLD,"Qualified program ancestry only: S16 esx_sq_phase0 has 12 historical declared trials and report/run evidence, not 12 newly reconstructed itemized rows; S16 v1.0 accruing/unshipped does not confer new clock/direction/model/consumer authority. Def4 is a separate DRAFT 10-trial/46-cell reservation with zero canonical ledger rows at Macro 5fc7af4a1aa2510966a7b566f97e5b894f2632f8. This proposal does not claim all-time search=12+218.","BEFORE_OUTCOMES: incumbent owner review and approval; qualified corpus/cutoff/source/session/basis/rights/PIT/known-time contracts for each clock; exact occurrence and reset law; S16 phenotype reconciliation; ATR/scale and label/fill/ambiguity binding; matching/support and draw/seed rules; exact M0/M1 estimator/features/regularization/calibration binding where applicable; prefix-known landmark schedule/weights; consumer margins, costs, precision/power and sufficiency gates; exact temporal folds and untouched-evidence proof; one inferential procedure; independent acceptance; resource estimate/budget; existing-ledger registration only through a separately approved admitted carrier","OFFLINE_RESEARCH_PROPOSAL_ONLY; no canonical trial ID, registration, admission, dispatch, outcome execution, production, rank, gate, size or promotion authority",TOI_Recovery_Masterplan_2026-10-03.md,K1-K9,0426631f0a2e3c7243530a2ad859c5e36857768c43d0649ab17210d1c2246be8
TOI-W3-PROPOSAL-CFG-0104,W3-B,REMAINING_MFE_MODEL,EMPIRICAL_BASELINE,D1,Source-bound vol_squeeze.assess_series percentile25/minimum compression5/release window3/original range and TTM dependencies; historical price-release population retained; volume attribute separate; phenotype reconciliation pending,4H-CLOCK,UP,P0_ORIGINAL_COHORT_REFERENCE,REMAINING_MFE,M0,Elapsed-age/clock empirical transition distribution or corresponding empirical excursion quantile; one bound estimation/support rule reused across folds,0.50,4H-CLOCK,"[""TOI-W3-PROPOSAL-CFG-0013""]",Current-price remaining favorable excursion quantile to the original post-trigger deadline,Pinball loss at registered quantile; diagnostic coverage/order/width checks,Identical eligible held-out current D1 landmarks with prefix-known eligibility/weights; failed/expired/stagnant original paths represented lawfully; no eventual-success matching and no eventual landmark-count denominator,10,FIRST_CAUSALLY_RECOGNIZED_FORMING_ONSET; TEN_SUBSEQUENT_COMPLETED_NATIVE_BARS; ORIGIN_EXCLUDED,21,ORIGINAL_FIRST_FEASIBLE_P0_REFERENCE; SAME_ORIGINAL_DEADLINE_ACROSS_POLICIES_CLOCKS_AND_LANDMARKS,+1 frozen trigger ATR before -1 frozen trigger ATR; unresolved retained; ATR recipe requires source binding; adverse first passage is NOT structural fakeout,"OBSERVED_PREFIX_ONLY: predeclared elapsed-age landmarks; fixed weight for each eligible occurrence at a landmark, or separately frozen equal-snapshot normalization using only eligible cases already known at that snapshot; NEVER divide by eventual surviving landmark count; preserve proper at-risk exposure; current forecasts use remaining time to fixed origin deadline","{""hidden_hyperparameter_search"":false,""learned_sector_regime_theme_industry_axis"":false,""minimum_compression"":5,""model_binding"":""REQUIRES_EXACT_PRE_OUTCOME_SOURCE_BINDING"",""model_recipe_count"":1,""original_range_TTM_dependencies"":""SOURCE_BOUND"",""percentile"":25,""phenotype"":""PRICE_RELEASE_VOLUME_ATTRIBUTE_SEPARATE_RECONCILIATION_PENDING"",""quantile"":""0.50"",""release_window"":3}",PROPOSED_NOT_REGISTERED_HOLD,"Qualified program ancestry only: S16 esx_sq_phase0 has 12 historical declared trials and report/run evidence, not 12 newly reconstructed itemized rows; S16 v1.0 accruing/unshipped does not confer new clock/direction/model/consumer authority. Def4 is a separate DRAFT 10-trial/46-cell reservation with zero canonical ledger rows at Macro 5fc7af4a1aa2510966a7b566f97e5b894f2632f8. This proposal does not claim all-time search=12+218.","BEFORE_OUTCOMES: incumbent owner review and approval; qualified corpus/cutoff/source/session/basis/rights/PIT/known-time contracts for each clock; exact occurrence and reset law; S16 phenotype reconciliation; ATR/scale and label/fill/ambiguity binding; matching/support and draw/seed rules; exact M0/M1 estimator/features/regularization/calibration binding where applicable; prefix-known landmark schedule/weights; consumer margins, costs, precision/power and sufficiency gates; exact temporal folds and untouched-evidence proof; one inferential procedure; independent acceptance; resource estimate/budget; existing-ledger registration only through a separately approved admitted carrier","OFFLINE_RESEARCH_PROPOSAL_ONLY; no canonical trial ID, registration, admission, dispatch, outcome execution, production, rank, gate, size or promotion authority",TOI_Recovery_Masterplan_2026-10-03.md,K1-K9,0426631f0a2e3c7243530a2ad859c5e36857768c43d0649ab17210d1c2246be8
TOI-W3-PROPOSAL-CFG-0105,W3-B,REMAINING_MFE_MODEL,SIMPLE_FORECAST_MODEL,D1,Source-bound vol_squeeze.assess_series percentile25/minimum compression5/release window3/original range and TTM dependencies; historical price-release population retained; volume attribute separate; phenotype reconciliation pending,4H-CLOCK,UP,P0_ORIGINAL_COHORT_REFERENCE,REMAINING_MFE,M1,One regularized discrete-time cause-model recipe or one regularized quantile-model recipe with fixed own-price/state/age/volatility/location/liquidity inputs; exact implementation pending; no hidden model/feature/penalty/calibration search,0.50,4H-CLOCK,"[""TOI-W3-PROPOSAL-CFG-0013""]",Current-price remaining favorable excursion quantile to the original post-trigger deadline,Pinball loss at registered quantile; diagnostic coverage/order/width checks,Identical eligible held-out current D1 landmarks with prefix-known eligibility/weights; failed/expired/stagnant original paths represented lawfully; no eventual-success matching and no eventual landmark-count denominator,10,FIRST_CAUSALLY_RECOGNIZED_FORMING_ONSET; TEN_SUBSEQUENT_COMPLETED_NATIVE_BARS; ORIGIN_EXCLUDED,21,ORIGINAL_FIRST_FEASIBLE_P0_REFERENCE; SAME_ORIGINAL_DEADLINE_ACROSS_POLICIES_CLOCKS_AND_LANDMARKS,+1 frozen trigger ATR before -1 frozen trigger ATR; unresolved retained; ATR recipe requires source binding; adverse first passage is NOT structural fakeout,"OBSERVED_PREFIX_ONLY: predeclared elapsed-age landmarks; fixed weight for each eligible occurrence at a landmark, or separately frozen equal-snapshot normalization using only eligible cases already known at that snapshot; NEVER divide by eventual surviving landmark count; preserve proper at-risk exposure; current forecasts use remaining time to fixed origin deadline","{""hidden_hyperparameter_search"":false,""learned_sector_regime_theme_industry_axis"":false,""minimum_compression"":5,""model_binding"":""REQUIRES_EXACT_PRE_OUTCOME_SOURCE_BINDING"",""model_recipe_count"":1,""original_range_TTM_dependencies"":""SOURCE_BOUND"",""percentile"":25,""phenotype"":""PRICE_RELEASE_VOLUME_ATTRIBUTE_SEPARATE_RECONCILIATION_PENDING"",""quantile"":""0.50"",""release_window"":3}",PROPOSED_NOT_REGISTERED_HOLD,"Qualified program ancestry only: S16 esx_sq_phase0 has 12 historical declared trials and report/run evidence, not 12 newly reconstructed itemized rows; S16 v1.0 accruing/unshipped does not confer new clock/direction/model/consumer authority. Def4 is a separate DRAFT 10-trial/46-cell reservation with zero canonical ledger rows at Macro 5fc7af4a1aa2510966a7b566f97e5b894f2632f8. This proposal does not claim all-time search=12+218.","BEFORE_OUTCOMES: incumbent owner review and approval; qualified corpus/cutoff/source/session/basis/rights/PIT/known-time contracts for each clock; exact occurrence and reset law; S16 phenotype reconciliation; ATR/scale and label/fill/ambiguity binding; matching/support and draw/seed rules; exact M0/M1 estimator/features/regularization/calibration binding where applicable; prefix-known landmark schedule/weights; consumer margins, costs, precision/power and sufficiency gates; exact temporal folds and untouched-evidence proof; one inferential procedure; independent acceptance; resource estimate/budget; existing-ledger registration only through a separately approved admitted carrier","OFFLINE_RESEARCH_PROPOSAL_ONLY; no canonical trial ID, registration, admission, dispatch, outcome execution, production, rank, gate, size or promotion authority",TOI_Recovery_Masterplan_2026-10-03.md,K1-K9,0426631f0a2e3c7243530a2ad859c5e36857768c43d0649ab17210d1c2246be8
TOI-W3-PROPOSAL-CFG-0106,W3-B,REMAINING_MFE_MODEL,EMPIRICAL_BASELINE,D1,Source-bound vol_squeeze.assess_series percentile25/minimum compression5/release window3/original range and TTM dependencies; historical price-release population retained; volume attribute separate; phenotype reconciliation pending,4H-CLOCK,UP,P0_ORIGINAL_COHORT_REFERENCE,REMAINING_MFE,M0,Elapsed-age/clock empirical transition distribution or corresponding empirical excursion quantile; one bound estimation/support rule reused across folds,0.90,4H-CLOCK,"[""TOI-W3-PROPOSAL-CFG-0013""]",Current-price remaining favorable excursion quantile to the original post-trigger deadline,Pinball loss at registered quantile; diagnostic coverage/order/width checks,Identical eligible held-out current D1 landmarks with prefix-known eligibility/weights; failed/expired/stagnant original paths represented lawfully; no eventual-success matching and no eventual landmark-count denominator,10,FIRST_CAUSALLY_RECOGNIZED_FORMING_ONSET; TEN_SUBSEQUENT_COMPLETED_NATIVE_BARS; ORIGIN_EXCLUDED,21,ORIGINAL_FIRST_FEASIBLE_P0_REFERENCE; SAME_ORIGINAL_DEADLINE_ACROSS_POLICIES_CLOCKS_AND_LANDMARKS,+1 frozen trigger ATR before -1 frozen trigger ATR; unresolved retained; ATR recipe requires source binding; adverse first passage is NOT structural fakeout,"OBSERVED_PREFIX_ONLY: predeclared elapsed-age landmarks; fixed weight for each eligible occurrence at a landmark, or separately frozen equal-snapshot normalization using only eligible cases already known at that snapshot; NEVER divide by eventual surviving landmark count; preserve proper at-risk exposure; current forecasts use remaining time to fixed origin deadline","{""hidden_hyperparameter_search"":false,""learned_sector_regime_theme_industry_axis"":false,""minimum_compression"":5,""model_binding"":""REQUIRES_EXACT_PRE_OUTCOME_SOURCE_BINDING"",""model_recipe_count"":1,""original_range_TTM_dependencies"":""SOURCE_BOUND"",""percentile"":25,""phenotype"":""PRICE_RELEASE_VOLUME_ATTRIBUTE_SEPARATE_RECONCILIATION_PENDING"",""quantile"":""0.90"",""release_window"":3}",PROPOSED_NOT_REGISTERED_HOLD,"Qualified program ancestry only: S16 esx_sq_phase0 has 12 historical declared trials and report/run evidence, not 12 newly reconstructed itemized rows; S16 v1.0 accruing/unshipped does not confer new clock/direction/model/consumer authority. Def4 is a separate DRAFT 10-trial/46-cell reservation with zero canonical ledger rows at Macro 5fc7af4a1aa2510966a7b566f97e5b894f2632f8. This proposal does not claim all-time search=12+218.","BEFORE_OUTCOMES: incumbent owner review and approval; qualified corpus/cutoff/source/session/basis/rights/PIT/known-time contracts for each clock; exact occurrence and reset law; S16 phenotype reconciliation; ATR/scale and label/fill/ambiguity binding; matching/support and draw/seed rules; exact M0/M1 estimator/features/regularization/calibration binding where applicable; prefix-known landmark schedule/weights; consumer margins, costs, precision/power and sufficiency gates; exact temporal folds and untouched-evidence proof; one inferential procedure; independent acceptance; resource estimate/budget; existing-ledger registration only through a separately approved admitted carrier","OFFLINE_RESEARCH_PROPOSAL_ONLY; no canonical trial ID, registration, admission, dispatch, outcome execution, production, rank, gate, size or promotion authority",TOI_Recovery_Masterplan_2026-10-03.md,K1-K9,0426631f0a2e3c7243530a2ad859c5e36857768c43d0649ab17210d1c2246be8
TOI-W3-PROPOSAL-CFG-0107,W3-B,REMAINING_MFE_MODEL,SIMPLE_FORECAST_MODEL,D1,Source-bound vol_squeeze.assess_series percentile25/minimum compression5/release window3/original range and TTM dependencies; historical price-release population retained; volume attribute separate; phenotype reconciliation pending,4H-CLOCK,UP,P0_ORIGINAL_COHORT_REFERENCE,REMAINING_MFE,M1,One regularized discrete-time cause-model recipe or one regularized quantile-model recipe with fixed own-price/state/age/volatility/location/liquidity inputs; exact implementation pending; no hidden model/feature/penalty/calibration search,0.90,4H-CLOCK,"[""TOI-W3-PROPOSAL-CFG-0013""]",Current-price remaining favorable excursion quantile to the original post-trigger deadline,Pinball loss at registered quantile; diagnostic coverage/order/width checks,Identical eligible held-out current D1 landmarks with prefix-known eligibility/weights; failed/expired/stagnant original paths represented lawfully; no eventual-success matching and no eventual landmark-count denominator,10,FIRST_CAUSALLY_RECOGNIZED_FORMING_ONSET; TEN_SUBSEQUENT_COMPLETED_NATIVE_BARS; ORIGIN_EXCLUDED,21,ORIGINAL_FIRST_FEASIBLE_P0_REFERENCE; SAME_ORIGINAL_DEADLINE_ACROSS_POLICIES_CLOCKS_AND_LANDMARKS,+1 frozen trigger ATR before -1 frozen trigger ATR; unresolved retained; ATR recipe requires source binding; adverse first passage is NOT structural fakeout,"OBSERVED_PREFIX_ONLY: predeclared elapsed-age landmarks; fixed weight for each eligible occurrence at a landmark, or separately frozen equal-snapshot normalization using only eligible cases already known at that snapshot; NEVER divide by eventual surviving landmark count; preserve proper at-risk exposure; current forecasts use remaining time to fixed origin deadline","{""hidden_hyperparameter_search"":false,""learned_sector_regime_theme_industry_axis"":false,""minimum_compression"":5,""model_binding"":""REQUIRES_EXACT_PRE_OUTCOME_SOURCE_BINDING"",""model_recipe_count"":1,""original_range_TTM_dependencies"":""SOURCE_BOUND"",""percentile"":25,""phenotype"":""PRICE_RELEASE_VOLUME_ATTRIBUTE_SEPARATE_RECONCILIATION_PENDING"",""quantile"":""0.90"",""release_window"":3}",PROPOSED_NOT_REGISTERED_HOLD,"Qualified program ancestry only: S16 esx_sq_phase0 has 12 historical declared trials and report/run evidence, not 12 newly reconstructed itemized rows; S16 v1.0 accruing/unshipped does not confer new clock/direction/model/consumer authority. Def4 is a separate DRAFT 10-trial/46-cell reservation with zero canonical ledger rows at Macro 5fc7af4a1aa2510966a7b566f97e5b894f2632f8. This proposal does not claim all-time search=12+218.","BEFORE_OUTCOMES: incumbent owner review and approval; qualified corpus/cutoff/source/session/basis/rights/PIT/known-time contracts for each clock; exact occurrence and reset law; S16 phenotype reconciliation; ATR/scale and label/fill/ambiguity binding; matching/support and draw/seed rules; exact M0/M1 estimator/features/regularization/calibration binding where applicable; prefix-known landmark schedule/weights; consumer margins, costs, precision/power and sufficiency gates; exact temporal folds and untouched-evidence proof; one inferential procedure; independent acceptance; resource estimate/budget; existing-ledger registration only through a separately approved admitted carrier","OFFLINE_RESEARCH_PROPOSAL_ONLY; no canonical trial ID, registration, admission, dispatch, outcome execution, production, rank, gate, size or promotion authority",TOI_Recovery_Masterplan_2026-10-03.md,K1-K9,0426631f0a2e3c7243530a2ad859c5e36857768c43d0649ab17210d1c2246be8
TOI-W3-PROPOSAL-CFG-0108,W3-B,REMAINING_MFE_MODEL,EMPIRICAL_BASELINE,D1,Source-bound vol_squeeze.assess_series percentile25/minimum compression5/release window3/original range and TTM dependencies; historical price-release population retained; volume attribute separate; phenotype reconciliation pending,4H-CLOCK,DOWN,P0_ORIGINAL_COHORT_REFERENCE,REMAINING_MFE,M0,Elapsed-age/clock empirical transition distribution or corresponding empirical excursion quantile; one bound estimation/support rule reused across folds,0.10,4H-CLOCK,"[""TOI-W3-PROPOSAL-CFG-0014""]",Current-price remaining favorable excursion quantile to the original post-trigger deadline,Pinball loss at registered quantile; diagnostic coverage/order/width checks,Identical eligible held-out current D1 landmarks with prefix-known eligibility/weights; failed/expired/stagnant original paths represented lawfully; no eventual-success matching and no eventual landmark-count denominator,10,FIRST_CAUSALLY_RECOGNIZED_FORMING_ONSET; TEN_SUBSEQUENT_COMPLETED_NATIVE_BARS; ORIGIN_EXCLUDED,21,ORIGINAL_FIRST_FEASIBLE_P0_REFERENCE; SAME_ORIGINAL_DEADLINE_ACROSS_POLICIES_CLOCKS_AND_LANDMARKS,+1 frozen trigger ATR before -1 frozen trigger ATR; unresolved retained; ATR recipe requires source binding; adverse first passage is NOT structural fakeout,"OBSERVED_PREFIX_ONLY: predeclared elapsed-age landmarks; fixed weight for each eligible occurrence at a landmark, or separately frozen equal-snapshot normalization using only eligible cases already known at that snapshot; NEVER divide by eventual surviving landmark count; preserve proper at-risk exposure; current forecasts use remaining time to fixed origin deadline","{""hidden_hyperparameter_search"":false,""learned_sector_regime_theme_industry_axis"":false,""minimum_compression"":5,""model_binding"":""REQUIRES_EXACT_PRE_OUTCOME_SOURCE_BINDING"",""model_recipe_count"":1,""original_range_TTM_dependencies"":""SOURCE_BOUND"",""percentile"":25,""phenotype"":""PRICE_RELEASE_VOLUME_ATTRIBUTE_SEPARATE_RECONCILIATION_PENDING"",""quantile"":""0.10"",""release_window"":3}",PROPOSED_NOT_REGISTERED_HOLD,"Qualified program ancestry only: S16 esx_sq_phase0 has 12 historical declared trials and report/run evidence, not 12 newly reconstructed itemized rows; S16 v1.0 accruing/unshipped does not confer new clock/direction/model/consumer authority. Def4 is a separate DRAFT 10-trial/46-cell reservation with zero canonical ledger rows at Macro 5fc7af4a1aa2510966a7b566f97e5b894f2632f8. This proposal does not claim all-time search=12+218.","BEFORE_OUTCOMES: incumbent owner review and approval; qualified corpus/cutoff/source/session/basis/rights/PIT/known-time contracts for each clock; exact occurrence and reset law; S16 phenotype reconciliation; ATR/scale and label/fill/ambiguity binding; matching/support and draw/seed rules; exact M0/M1 estimator/features/regularization/calibration binding where applicable; prefix-known landmark schedule/weights; consumer margins, costs, precision/power and sufficiency gates; exact temporal folds and untouched-evidence proof; one inferential procedure; independent acceptance; resource estimate/budget; existing-ledger registration only through a separately approved admitted carrier","OFFLINE_RESEARCH_PROPOSAL_ONLY; no canonical trial ID, registration, admission, dispatch, outcome execution, production, rank, gate, size or promotion authority",TOI_Recovery_Masterplan_2026-10-03.md,K1-K9,0426631f0a2e3c7243530a2ad859c5e36857768c43d0649ab17210d1c2246be8
TOI-W3-PROPOSAL-CFG-0109,W3-B,REMAINING_MFE_MODEL,SIMPLE_FORECAST_MODEL,D1,Source-bound vol_squeeze.assess_series percentile25/minimum compression5/release window3/original range and TTM dependencies; historical price-release population retained; volume attribute separate; phenotype reconciliation pending,4H-CLOCK,DOWN,P0_ORIGINAL_COHORT_REFERENCE,REMAINING_MFE,M1,One regularized discrete-time cause-model recipe or one regularized quantile-model recipe with fixed own-price/state/age/volatility/location/liquidity inputs; exact implementation pending; no hidden model/feature/penalty/calibration search,0.10,4H-CLOCK,"[""TOI-W3-PROPOSAL-CFG-0014""]",Current-price remaining favorable excursion quantile to the original post-trigger deadline,Pinball loss at registered quantile; diagnostic coverage/order/width checks,Identical eligible held-out current D1 landmarks with prefix-known eligibility/weights; failed/expired/stagnant original paths represented lawfully; no eventual-success matching and no eventual landmark-count denominator,10,FIRST_CAUSALLY_RECOGNIZED_FORMING_ONSET; TEN_SUBSEQUENT_COMPLETED_NATIVE_BARS; ORIGIN_EXCLUDED,21,ORIGINAL_FIRST_FEASIBLE_P0_REFERENCE; SAME_ORIGINAL_DEADLINE_ACROSS_POLICIES_CLOCKS_AND_LANDMARKS,+1 frozen trigger ATR before -1 frozen trigger ATR; unresolved retained; ATR recipe requires source binding; adverse first passage is NOT structural fakeout,"OBSERVED_PREFIX_ONLY: predeclared elapsed-age landmarks; fixed weight for each eligible occurrence at a landmark, or separately frozen equal-snapshot normalization using only eligible cases already known at that snapshot; NEVER divide by eventual surviving landmark count; preserve proper at-risk exposure; current forecasts use remaining time to fixed origin deadline","{""hidden_hyperparameter_search"":false,""learned_sector_regime_theme_industry_axis"":false,""minimum_compression"":5,""model_binding"":""REQUIRES_EXACT_PRE_OUTCOME_SOURCE_BINDING"",""model_recipe_count"":1,""original_range_TTM_dependencies"":""SOURCE_BOUND"",""percentile"":25,""phenotype"":""PRICE_RELEASE_VOLUME_ATTRIBUTE_SEPARATE_RECONCILIATION_PENDING"",""quantile"":""0.10"",""release_window"":3}",PROPOSED_NOT_REGISTERED_HOLD,"Qualified program ancestry only: S16 esx_sq_phase0 has 12 historical declared trials and report/run evidence, not 12 newly reconstructed itemized rows; S16 v1.0 accruing/unshipped does not confer new clock/direction/model/consumer authority. Def4 is a separate DRAFT 10-trial/46-cell reservation with zero canonical ledger rows at Macro 5fc7af4a1aa2510966a7b566f97e5b894f2632f8. This proposal does not claim all-time search=12+218.","BEFORE_OUTCOMES: incumbent owner review and approval; qualified corpus/cutoff/source/session/basis/rights/PIT/known-time contracts for each clock; exact occurrence and reset law; S16 phenotype reconciliation; ATR/scale and label/fill/ambiguity binding; matching/support and draw/seed rules; exact M0/M1 estimator/features/regularization/calibration binding where applicable; prefix-known landmark schedule/weights; consumer margins, costs, precision/power and sufficiency gates; exact temporal folds and untouched-evidence proof; one inferential procedure; independent acceptance; resource estimate/budget; existing-ledger registration only through a separately approved admitted carrier","OFFLINE_RESEARCH_PROPOSAL_ONLY; no canonical trial ID, registration, admission, dispatch, outcome execution, production, rank, gate, size or promotion authority",TOI_Recovery_Masterplan_2026-10-03.md,K1-K9,0426631f0a2e3c7243530a2ad859c5e36857768c43d0649ab17210d1c2246be8
TOI-W3-PROPOSAL-CFG-0110,W3-B,REMAINING_MFE_MODEL,EMPIRICAL_BASELINE,D1,Source-bound vol_squeeze.assess_series percentile25/minimum compression5/release window3/original range and TTM dependencies; historical price-release population retained; volume attribute separate; phenotype reconciliation pending,4H-CLOCK,DOWN,P0_ORIGINAL_COHORT_REFERENCE,REMAINING_MFE,M0,Elapsed-age/clock empirical transition distribution or corresponding empirical excursion quantile; one bound estimation/support rule reused across folds,0.50,4H-CLOCK,"[""TOI-W3-PROPOSAL-CFG-0014""]",Current-price remaining favorable excursion quantile to the original post-trigger deadline,Pinball loss at registered quantile; diagnostic coverage/order/width checks,Identical eligible held-out current D1 landmarks with prefix-known eligibility/weights; failed/expired/stagnant original paths represented lawfully; no eventual-success matching and no eventual landmark-count denominator,10,FIRST_CAUSALLY_RECOGNIZED_FORMING_ONSET; TEN_SUBSEQUENT_COMPLETED_NATIVE_BARS; ORIGIN_EXCLUDED,21,ORIGINAL_FIRST_FEASIBLE_P0_REFERENCE; SAME_ORIGINAL_DEADLINE_ACROSS_POLICIES_CLOCKS_AND_LANDMARKS,+1 frozen trigger ATR before -1 frozen trigger ATR; unresolved retained; ATR recipe requires source binding; adverse first passage is NOT structural fakeout,"OBSERVED_PREFIX_ONLY: predeclared elapsed-age landmarks; fixed weight for each eligible occurrence at a landmark, or separately frozen equal-snapshot normalization using only eligible cases already known at that snapshot; NEVER divide by eventual surviving landmark count; preserve proper at-risk exposure; current forecasts use remaining time to fixed origin deadline","{""hidden_hyperparameter_search"":false,""learned_sector_regime_theme_industry_axis"":false,""minimum_compression"":5,""model_binding"":""REQUIRES_EXACT_PRE_OUTCOME_SOURCE_BINDING"",""model_recipe_count"":1,""original_range_TTM_dependencies"":""SOURCE_BOUND"",""percentile"":25,""phenotype"":""PRICE_RELEASE_VOLUME_ATTRIBUTE_SEPARATE_RECONCILIATION_PENDING"",""quantile"":""0.50"",""release_window"":3}",PROPOSED_NOT_REGISTERED_HOLD,"Qualified program ancestry only: S16 esx_sq_phase0 has 12 historical declared trials and report/run evidence, not 12 newly reconstructed itemized rows; S16 v1.0 accruing/unshipped does not confer new clock/direction/model/consumer authority. Def4 is a separate DRAFT 10-trial/46-cell reservation with zero canonical ledger rows at Macro 5fc7af4a1aa2510966a7b566f97e5b894f2632f8. This proposal does not claim all-time search=12+218.","BEFORE_OUTCOMES: incumbent owner review and approval; qualified corpus/cutoff/source/session/basis/rights/PIT/known-time contracts for each clock; exact occurrence and reset law; S16 phenotype reconciliation; ATR/scale and label/fill/ambiguity binding; matching/support and draw/seed rules; exact M0/M1 estimator/features/regularization/calibration binding where applicable; prefix-known landmark schedule/weights; consumer margins, costs, precision/power and sufficiency gates; exact temporal folds and untouched-evidence proof; one inferential procedure; independent acceptance; resource estimate/budget; existing-ledger registration only through a separately approved admitted carrier","OFFLINE_RESEARCH_PROPOSAL_ONLY; no canonical trial ID, registration, admission, dispatch, outcome execution, production, rank, gate, size or promotion authority",TOI_Recovery_Masterplan_2026-10-03.md,K1-K9,0426631f0a2e3c7243530a2ad859c5e36857768c43d0649ab17210d1c2246be8
TOI-W3-PROPOSAL-CFG-0111,W3-B,REMAINING_MFE_MODEL,SIMPLE_FORECAST_MODEL,D1,Source-bound vol_squeeze.assess_series percentile25/minimum compression5/release window3/original range and TTM dependencies; historical price-release population retained; volume attribute separate; phenotype reconciliation pending,4H-CLOCK,DOWN,P0_ORIGINAL_COHORT_REFERENCE,REMAINING_MFE,M1,One regularized discrete-time cause-model recipe or one regularized quantile-model recipe with fixed own-price/state/age/volatility/location/liquidity inputs; exact implementation pending; no hidden model/feature/penalty/calibration search,0.50,4H-CLOCK,"[""TOI-W3-PROPOSAL-CFG-0014""]",Current-price remaining favorable excursion quantile to the original post-trigger deadline,Pinball loss at registered quantile; diagnostic coverage/order/width checks,Identical eligible held-out current D1 landmarks with prefix-known eligibility/weights; failed/expired/stagnant original paths represented lawfully; no eventual-success matching and no eventual landmark-count denominator,10,FIRST_CAUSALLY_RECOGNIZED_FORMING_ONSET; TEN_SUBSEQUENT_COMPLETED_NATIVE_BARS; ORIGIN_EXCLUDED,21,ORIGINAL_FIRST_FEASIBLE_P0_REFERENCE; SAME_ORIGINAL_DEADLINE_ACROSS_POLICIES_CLOCKS_AND_LANDMARKS,+1 frozen trigger ATR before -1 frozen trigger ATR; unresolved retained; ATR recipe requires source binding; adverse first passage is NOT structural fakeout,"OBSERVED_PREFIX_ONLY: predeclared elapsed-age landmarks; fixed weight for each eligible occurrence at a landmark, or separately frozen equal-snapshot normalization using only eligible cases already known at that snapshot; NEVER divide by eventual surviving landmark count; preserve proper at-risk exposure; current forecasts use remaining time to fixed origin deadline","{""hidden_hyperparameter_search"":false,""learned_sector_regime_theme_industry_axis"":false,""minimum_compression"":5,""model_binding"":""REQUIRES_EXACT_PRE_OUTCOME_SOURCE_BINDING"",""model_recipe_count"":1,""original_range_TTM_dependencies"":""SOURCE_BOUND"",""percentile"":25,""phenotype"":""PRICE_RELEASE_VOLUME_ATTRIBUTE_SEPARATE_RECONCILIATION_PENDING"",""quantile"":""0.50"",""release_window"":3}",PROPOSED_NOT_REGISTERED_HOLD,"Qualified program ancestry only: S16 esx_sq_phase0 has 12 historical declared trials and report/run evidence, not 12 newly reconstructed itemized rows; S16 v1.0 accruing/unshipped does not confer new clock/direction/model/consumer authority. Def4 is a separate DRAFT 10-trial/46-cell reservation with zero canonical ledger rows at Macro 5fc7af4a1aa2510966a7b566f97e5b894f2632f8. This proposal does not claim all-time search=12+218.","BEFORE_OUTCOMES: incumbent owner review and approval; qualified corpus/cutoff/source/session/basis/rights/PIT/known-time contracts for each clock; exact occurrence and reset law; S16 phenotype reconciliation; ATR/scale and label/fill/ambiguity binding; matching/support and draw/seed rules; exact M0/M1 estimator/features/regularization/calibration binding where applicable; prefix-known landmark schedule/weights; consumer margins, costs, precision/power and sufficiency gates; exact temporal folds and untouched-evidence proof; one inferential procedure; independent acceptance; resource estimate/budget; existing-ledger registration only through a separately approved admitted carrier","OFFLINE_RESEARCH_PROPOSAL_ONLY; no canonical trial ID, registration, admission, dispatch, outcome execution, production, rank, gate, size or promotion authority",TOI_Recovery_Masterplan_2026-10-03.md,K1-K9,0426631f0a2e3c7243530a2ad859c5e36857768c43d0649ab17210d1c2246be8
TOI-W3-PROPOSAL-CFG-0112,W3-B,REMAINING_MFE_MODEL,EMPIRICAL_BASELINE,D1,Source-bound vol_squeeze.assess_series percentile25/minimum compression5/release window3/original range and TTM dependencies; historical price-release population retained; volume attribute separate; phenotype reconciliation pending,4H-CLOCK,DOWN,P0_ORIGINAL_COHORT_REFERENCE,REMAINING_MFE,M0,Elapsed-age/clock empirical transition distribution or corresponding empirical excursion quantile; one bound estimation/support rule reused across folds,0.90,4H-CLOCK,"[""TOI-W3-PROPOSAL-CFG-0014""]",Current-price remaining favorable excursion quantile to the original post-trigger deadline,Pinball loss at registered quantile; diagnostic coverage/order/width checks,Identical eligible held-out current D1 landmarks with prefix-known eligibility/weights; failed/expired/stagnant original paths represented lawfully; no eventual-success matching and no eventual landmark-count denominator,10,FIRST_CAUSALLY_RECOGNIZED_FORMING_ONSET; TEN_SUBSEQUENT_COMPLETED_NATIVE_BARS; ORIGIN_EXCLUDED,21,ORIGINAL_FIRST_FEASIBLE_P0_REFERENCE; SAME_ORIGINAL_DEADLINE_ACROSS_POLICIES_CLOCKS_AND_LANDMARKS,+1 frozen trigger ATR before -1 frozen trigger ATR; unresolved retained; ATR recipe requires source binding; adverse first passage is NOT structural fakeout,"OBSERVED_PREFIX_ONLY: predeclared elapsed-age landmarks; fixed weight for each eligible occurrence at a landmark, or separately frozen equal-snapshot normalization using only eligible cases already known at that snapshot; NEVER divide by eventual surviving landmark count; preserve proper at-risk exposure; current forecasts use remaining time to fixed origin deadline","{""hidden_hyperparameter_search"":false,""learned_sector_regime_theme_industry_axis"":false,""minimum_compression"":5,""model_binding"":""REQUIRES_EXACT_PRE_OUTCOME_SOURCE_BINDING"",""model_recipe_count"":1,""original_range_TTM_dependencies"":""SOURCE_BOUND"",""percentile"":25,""phenotype"":""PRICE_RELEASE_VOLUME_ATTRIBUTE_SEPARATE_RECONCILIATION_PENDING"",""quantile"":""0.90"",""release_window"":3}",PROPOSED_NOT_REGISTERED_HOLD,"Qualified program ancestry only: S16 esx_sq_phase0 has 12 historical declared trials and report/run evidence, not 12 newly reconstructed itemized rows; S16 v1.0 accruing/unshipped does not confer new clock/direction/model/consumer authority. Def4 is a separate DRAFT 10-trial/46-cell reservation with zero canonical ledger rows at Macro 5fc7af4a1aa2510966a7b566f97e5b894f2632f8. This proposal does not claim all-time search=12+218.","BEFORE_OUTCOMES: incumbent owner review and approval; qualified corpus/cutoff/source/session/basis/rights/PIT/known-time contracts for each clock; exact occurrence and reset law; S16 phenotype reconciliation; ATR/scale and label/fill/ambiguity binding; matching/support and draw/seed rules; exact M0/M1 estimator/features/regularization/calibration binding where applicable; prefix-known landmark schedule/weights; consumer margins, costs, precision/power and sufficiency gates; exact temporal folds and untouched-evidence proof; one inferential procedure; independent acceptance; resource estimate/budget; existing-ledger registration only through a separately approved admitted carrier","OFFLINE_RESEARCH_PROPOSAL_ONLY; no canonical trial ID, registration, admission, dispatch, outcome execution, production, rank, gate, size or promotion authority",TOI_Recovery_Masterplan_2026-10-03.md,K1-K9,0426631f0a2e3c7243530a2ad859c5e36857768c43d0649ab17210d1c2246be8
TOI-W3-PROPOSAL-CFG-0113,W3-B,REMAINING_MFE_MODEL,SIMPLE_FORECAST_MODEL,D1,Source-bound vol_squeeze.assess_series percentile25/minimum compression5/release window3/original range and TTM dependencies; historical price-release population retained; volume attribute separate; phenotype reconciliation pending,4H-CLOCK,DOWN,P0_ORIGINAL_COHORT_REFERENCE,REMAINING_MFE,M1,One regularized discrete-time cause-model recipe or one regularized quantile-model recipe with fixed own-price/state/age/volatility/location/liquidity inputs; exact implementation pending; no hidden model/feature/penalty/calibration search,0.90,4H-CLOCK,"[""TOI-W3-PROPOSAL-CFG-0014""]",Current-price remaining favorable excursion quantile to the original post-trigger deadline,Pinball loss at registered quantile; diagnostic coverage/order/width checks,Identical eligible held-out current D1 landmarks with prefix-known eligibility/weights; failed/expired/stagnant original paths represented lawfully; no eventual-success matching and no eventual landmark-count denominator,10,FIRST_CAUSALLY_RECOGNIZED_FORMING_ONSET; TEN_SUBSEQUENT_COMPLETED_NATIVE_BARS; ORIGIN_EXCLUDED,21,ORIGINAL_FIRST_FEASIBLE_P0_REFERENCE; SAME_ORIGINAL_DEADLINE_ACROSS_POLICIES_CLOCKS_AND_LANDMARKS,+1 frozen trigger ATR before -1 frozen trigger ATR; unresolved retained; ATR recipe requires source binding; adverse first passage is NOT structural fakeout,"OBSERVED_PREFIX_ONLY: predeclared elapsed-age landmarks; fixed weight for each eligible occurrence at a landmark, or separately frozen equal-snapshot normalization using only eligible cases already known at that snapshot; NEVER divide by eventual surviving landmark count; preserve proper at-risk exposure; current forecasts use remaining time to fixed origin deadline","{""hidden_hyperparameter_search"":false,""learned_sector_regime_theme_industry_axis"":false,""minimum_compression"":5,""model_binding"":""REQUIRES_EXACT_PRE_OUTCOME_SOURCE_BINDING"",""model_recipe_count"":1,""original_range_TTM_dependencies"":""SOURCE_BOUND"",""percentile"":25,""phenotype"":""PRICE_RELEASE_VOLUME_ATTRIBUTE_SEPARATE_RECONCILIATION_PENDING"",""quantile"":""0.90"",""release_window"":3}",PROPOSED_NOT_REGISTERED_HOLD,"Qualified program ancestry only: S16 esx_sq_phase0 has 12 historical declared trials and report/run evidence, not 12 newly reconstructed itemized rows; S16 v1.0 accruing/unshipped does not confer new clock/direction/model/consumer authority. Def4 is a separate DRAFT 10-trial/46-cell reservation with zero canonical ledger rows at Macro 5fc7af4a1aa2510966a7b566f97e5b894f2632f8. This proposal does not claim all-time search=12+218.","BEFORE_OUTCOMES: incumbent owner review and approval; qualified corpus/cutoff/source/session/basis/rights/PIT/known-time contracts for each clock; exact occurrence and reset law; S16 phenotype reconciliation; ATR/scale and label/fill/ambiguity binding; matching/support and draw/seed rules; exact M0/M1 estimator/features/regularization/calibration binding where applicable; prefix-known landmark schedule/weights; consumer margins, costs, precision/power and sufficiency gates; exact temporal folds and untouched-evidence proof; one inferential procedure; independent acceptance; resource estimate/budget; existing-ledger registration only through a separately approved admitted carrier","OFFLINE_RESEARCH_PROPOSAL_ONLY; no canonical trial ID, registration, admission, dispatch, outcome execution, production, rank, gate, size or promotion authority",TOI_Recovery_Masterplan_2026-10-03.md,K1-K9,0426631f0a2e3c7243530a2ad859c5e36857768c43d0649ab17210d1c2246be8
TOI-W3-PROPOSAL-CFG-0114,W3-B,REMAINING_MFE_MODEL,EMPIRICAL_BASELINE,D1,Source-bound vol_squeeze.assess_series percentile25/minimum compression5/release window3/original range and TTM dependencies; historical price-release population retained; volume attribute separate; phenotype reconciliation pending,195M-RTH,UP,P0_ORIGINAL_COHORT_REFERENCE,REMAINING_MFE,M0,Elapsed-age/clock empirical transition distribution or corresponding empirical excursion quantile; one bound estimation/support rule reused across folds,0.10,195M-RTH,"[""TOI-W3-PROPOSAL-CFG-0015""]",Current-price remaining favorable excursion quantile to the original post-trigger deadline,Pinball loss at registered quantile; diagnostic coverage/order/width checks,Identical eligible held-out current D1 landmarks with prefix-known eligibility/weights; failed/expired/stagnant original paths represented lawfully; no eventual-success matching and no eventual landmark-count denominator,10,FIRST_CAUSALLY_RECOGNIZED_FORMING_ONSET; TEN_SUBSEQUENT_COMPLETED_NATIVE_BARS; ORIGIN_EXCLUDED,21,ORIGINAL_FIRST_FEASIBLE_P0_REFERENCE; SAME_ORIGINAL_DEADLINE_ACROSS_POLICIES_CLOCKS_AND_LANDMARKS,+1 frozen trigger ATR before -1 frozen trigger ATR; unresolved retained; ATR recipe requires source binding; adverse first passage is NOT structural fakeout,"OBSERVED_PREFIX_ONLY: predeclared elapsed-age landmarks; fixed weight for each eligible occurrence at a landmark, or separately frozen equal-snapshot normalization using only eligible cases already known at that snapshot; NEVER divide by eventual surviving landmark count; preserve proper at-risk exposure; current forecasts use remaining time to fixed origin deadline","{""hidden_hyperparameter_search"":false,""learned_sector_regime_theme_industry_axis"":false,""minimum_compression"":5,""model_binding"":""REQUIRES_EXACT_PRE_OUTCOME_SOURCE_BINDING"",""model_recipe_count"":1,""original_range_TTM_dependencies"":""SOURCE_BOUND"",""percentile"":25,""phenotype"":""PRICE_RELEASE_VOLUME_ATTRIBUTE_SEPARATE_RECONCILIATION_PENDING"",""quantile"":""0.10"",""release_window"":3}",PROPOSED_NOT_REGISTERED_HOLD,"Qualified program ancestry only: S16 esx_sq_phase0 has 12 historical declared trials and report/run evidence, not 12 newly reconstructed itemized rows; S16 v1.0 accruing/unshipped does not confer new clock/direction/model/consumer authority. Def4 is a separate DRAFT 10-trial/46-cell reservation with zero canonical ledger rows at Macro 5fc7af4a1aa2510966a7b566f97e5b894f2632f8. This proposal does not claim all-time search=12+218.","BEFORE_OUTCOMES: incumbent owner review and approval; qualified corpus/cutoff/source/session/basis/rights/PIT/known-time contracts for each clock; exact occurrence and reset law; S16 phenotype reconciliation; ATR/scale and label/fill/ambiguity binding; matching/support and draw/seed rules; exact M0/M1 estimator/features/regularization/calibration binding where applicable; prefix-known landmark schedule/weights; consumer margins, costs, precision/power and sufficiency gates; exact temporal folds and untouched-evidence proof; one inferential procedure; independent acceptance; resource estimate/budget; existing-ledger registration only through a separately approved admitted carrier","OFFLINE_RESEARCH_PROPOSAL_ONLY; no canonical trial ID, registration, admission, dispatch, outcome execution, production, rank, gate, size or promotion authority",TOI_Recovery_Masterplan_2026-10-03.md,K1-K9,0426631f0a2e3c7243530a2ad859c5e36857768c43d0649ab17210d1c2246be8
TOI-W3-PROPOSAL-CFG-0115,W3-B,REMAINING_MFE_MODEL,SIMPLE_FORECAST_MODEL,D1,Source-bound vol_squeeze.assess_series percentile25/minimum compression5/release window3/original range and TTM dependencies; historical price-release population retained; volume attribute separate; phenotype reconciliation pending,195M-RTH,UP,P0_ORIGINAL_COHORT_REFERENCE,REMAINING_MFE,M1,One regularized discrete-time cause-model recipe or one regularized quantile-model recipe with fixed own-price/state/age/volatility/location/liquidity inputs; exact implementation pending; no hidden model/feature/penalty/calibration search,0.10,195M-RTH,"[""TOI-W3-PROPOSAL-CFG-0015""]",Current-price remaining favorable excursion quantile to the original post-trigger deadline,Pinball loss at registered quantile; diagnostic coverage/order/width checks,Identical eligible held-out current D1 landmarks with prefix-known eligibility/weights; failed/expired/stagnant original paths represented lawfully; no eventual-success matching and no eventual landmark-count denominator,10,FIRST_CAUSALLY_RECOGNIZED_FORMING_ONSET; TEN_SUBSEQUENT_COMPLETED_NATIVE_BARS; ORIGIN_EXCLUDED,21,ORIGINAL_FIRST_FEASIBLE_P0_REFERENCE; SAME_ORIGINAL_DEADLINE_ACROSS_POLICIES_CLOCKS_AND_LANDMARKS,+1 frozen trigger ATR before -1 frozen trigger ATR; unresolved retained; ATR recipe requires source binding; adverse first passage is NOT structural fakeout,"OBSERVED_PREFIX_ONLY: predeclared elapsed-age landmarks; fixed weight for each eligible occurrence at a landmark, or separately frozen equal-snapshot normalization using only eligible cases already known at that snapshot; NEVER divide by eventual surviving landmark count; preserve proper at-risk exposure; current forecasts use remaining time to fixed origin deadline","{""hidden_hyperparameter_search"":false,""learned_sector_regime_theme_industry_axis"":false,""minimum_compression"":5,""model_binding"":""REQUIRES_EXACT_PRE_OUTCOME_SOURCE_BINDING"",""model_recipe_count"":1,""original_range_TTM_dependencies"":""SOURCE_BOUND"",""percentile"":25,""phenotype"":""PRICE_RELEASE_VOLUME_ATTRIBUTE_SEPARATE_RECONCILIATION_PENDING"",""quantile"":""0.10"",""release_window"":3}",PROPOSED_NOT_REGISTERED_HOLD,"Qualified program ancestry only: S16 esx_sq_phase0 has 12 historical declared trials and report/run evidence, not 12 newly reconstructed itemized rows; S16 v1.0 accruing/unshipped does not confer new clock/direction/model/consumer authority. Def4 is a separate DRAFT 10-trial/46-cell reservation with zero canonical ledger rows at Macro 5fc7af4a1aa2510966a7b566f97e5b894f2632f8. This proposal does not claim all-time search=12+218.","BEFORE_OUTCOMES: incumbent owner review and approval; qualified corpus/cutoff/source/session/basis/rights/PIT/known-time contracts for each clock; exact occurrence and reset law; S16 phenotype reconciliation; ATR/scale and label/fill/ambiguity binding; matching/support and draw/seed rules; exact M0/M1 estimator/features/regularization/calibration binding where applicable; prefix-known landmark schedule/weights; consumer margins, costs, precision/power and sufficiency gates; exact temporal folds and untouched-evidence proof; one inferential procedure; independent acceptance; resource estimate/budget; existing-ledger registration only through a separately approved admitted carrier","OFFLINE_RESEARCH_PROPOSAL_ONLY; no canonical trial ID, registration, admission, dispatch, outcome execution, production, rank, gate, size or promotion authority",TOI_Recovery_Masterplan_2026-10-03.md,K1-K9,0426631f0a2e3c7243530a2ad859c5e36857768c43d0649ab17210d1c2246be8
TOI-W3-PROPOSAL-CFG-0116,W3-B,REMAINING_MFE_MODEL,EMPIRICAL_BASELINE,D1,Source-bound vol_squeeze.assess_series percentile25/minimum compression5/release window3/original range and TTM dependencies; historical price-release population retained; volume attribute separate; phenotype reconciliation pending,195M-RTH,UP,P0_ORIGINAL_COHORT_REFERENCE,REMAINING_MFE,M0,Elapsed-age/clock empirical transition distribution or corresponding empirical excursion quantile; one bound estimation/support rule reused across folds,0.50,195M-RTH,"[""TOI-W3-PROPOSAL-CFG-0015""]",Current-price remaining favorable excursion quantile to the original post-trigger deadline,Pinball loss at registered quantile; diagnostic coverage/order/width checks,Identical eligible held-out current D1 landmarks with prefix-known eligibility/weights; failed/expired/stagnant original paths represented lawfully; no eventual-success matching and no eventual landmark-count denominator,10,FIRST_CAUSALLY_RECOGNIZED_FORMING_ONSET; TEN_SUBSEQUENT_COMPLETED_NATIVE_BARS; ORIGIN_EXCLUDED,21,ORIGINAL_FIRST_FEASIBLE_P0_REFERENCE; SAME_ORIGINAL_DEADLINE_ACROSS_POLICIES_CLOCKS_AND_LANDMARKS,+1 frozen trigger ATR before -1 frozen trigger ATR; unresolved retained; ATR recipe requires source binding; adverse first passage is NOT structural fakeout,"OBSERVED_PREFIX_ONLY: predeclared elapsed-age landmarks; fixed weight for each eligible occurrence at a landmark, or separately frozen equal-snapshot normalization using only eligible cases already known at that snapshot; NEVER divide by eventual surviving landmark count; preserve proper at-risk exposure; current forecasts use remaining time to fixed origin deadline","{""hidden_hyperparameter_search"":false,""learned_sector_regime_theme_industry_axis"":false,""minimum_compression"":5,""model_binding"":""REQUIRES_EXACT_PRE_OUTCOME_SOURCE_BINDING"",""model_recipe_count"":1,""original_range_TTM_dependencies"":""SOURCE_BOUND"",""percentile"":25,""phenotype"":""PRICE_RELEASE_VOLUME_ATTRIBUTE_SEPARATE_RECONCILIATION_PENDING"",""quantile"":""0.50"",""release_window"":3}",PROPOSED_NOT_REGISTERED_HOLD,"Qualified program ancestry only: S16 esx_sq_phase0 has 12 historical declared trials and report/run evidence, not 12 newly reconstructed itemized rows; S16 v1.0 accruing/unshipped does not confer new clock/direction/model/consumer authority. Def4 is a separate DRAFT 10-trial/46-cell reservation with zero canonical ledger rows at Macro 5fc7af4a1aa2510966a7b566f97e5b894f2632f8. This proposal does not claim all-time search=12+218.","BEFORE_OUTCOMES: incumbent owner review and approval; qualified corpus/cutoff/source/session/basis/rights/PIT/known-time contracts for each clock; exact occurrence and reset law; S16 phenotype reconciliation; ATR/scale and label/fill/ambiguity binding; matching/support and draw/seed rules; exact M0/M1 estimator/features/regularization/calibration binding where applicable; prefix-known landmark schedule/weights; consumer margins, costs, precision/power and sufficiency gates; exact temporal folds and untouched-evidence proof; one inferential procedure; independent acceptance; resource estimate/budget; existing-ledger registration only through a separately approved admitted carrier","OFFLINE_RESEARCH_PROPOSAL_ONLY; no canonical trial ID, registration, admission, dispatch, outcome execution, production, rank, gate, size or promotion authority",TOI_Recovery_Masterplan_2026-10-03.md,K1-K9,0426631f0a2e3c7243530a2ad859c5e36857768c43d0649ab17210d1c2246be8
TOI-W3-PROPOSAL-CFG-0117,W3-B,REMAINING_MFE_MODEL,SIMPLE_FORECAST_MODEL,D1,Source-bound vol_squeeze.assess_series percentile25/minimum compression5/release window3/original range and TTM dependencies; historical price-release population retained; volume attribute separate; phenotype reconciliation pending,195M-RTH,UP,P0_ORIGINAL_COHORT_REFERENCE,REMAINING_MFE,M1,One regularized discrete-time cause-model recipe or one regularized quantile-model recipe with fixed own-price/state/age/volatility/location/liquidity inputs; exact implementation pending; no hidden model/feature/penalty/calibration search,0.50,195M-RTH,"[""TOI-W3-PROPOSAL-CFG-0015""]",Current-price remaining favorable excursion quantile to the original post-trigger deadline,Pinball loss at registered quantile; diagnostic coverage/order/width checks,Identical eligible held-out current D1 landmarks with prefix-known eligibility/weights; failed/expired/stagnant original paths represented lawfully; no eventual-success matching and no eventual landmark-count denominator,10,FIRST_CAUSALLY_RECOGNIZED_FORMING_ONSET; TEN_SUBSEQUENT_COMPLETED_NATIVE_BARS; ORIGIN_EXCLUDED,21,ORIGINAL_FIRST_FEASIBLE_P0_REFERENCE; SAME_ORIGINAL_DEADLINE_ACROSS_POLICIES_CLOCKS_AND_LANDMARKS,+1 frozen trigger ATR before -1 frozen trigger ATR; unresolved retained; ATR recipe requires source binding; adverse first passage is NOT structural fakeout,"OBSERVED_PREFIX_ONLY: predeclared elapsed-age landmarks; fixed weight for each eligible occurrence at a landmark, or separately frozen equal-snapshot normalization using only eligible cases already known at that snapshot; NEVER divide by eventual surviving landmark count; preserve proper at-risk exposure; current forecasts use remaining time to fixed origin deadline","{""hidden_hyperparameter_search"":false,""learned_sector_regime_theme_industry_axis"":false,""minimum_compression"":5,""model_binding"":""REQUIRES_EXACT_PRE_OUTCOME_SOURCE_BINDING"",""model_recipe_count"":1,""original_range_TTM_dependencies"":""SOURCE_BOUND"",""percentile"":25,""phenotype"":""PRICE_RELEASE_VOLUME_ATTRIBUTE_SEPARATE_RECONCILIATION_PENDING"",""quantile"":""0.50"",""release_window"":3}",PROPOSED_NOT_REGISTERED_HOLD,"Qualified program ancestry only: S16 esx_sq_phase0 has 12 historical declared trials and report/run evidence, not 12 newly reconstructed itemized rows; S16 v1.0 accruing/unshipped does not confer new clock/direction/model/consumer authority. Def4 is a separate DRAFT 10-trial/46-cell reservation with zero canonical ledger rows at Macro 5fc7af4a1aa2510966a7b566f97e5b894f2632f8. This proposal does not claim all-time search=12+218.","BEFORE_OUTCOMES: incumbent owner review and approval; qualified corpus/cutoff/source/session/basis/rights/PIT/known-time contracts for each clock; exact occurrence and reset law; S16 phenotype reconciliation; ATR/scale and label/fill/ambiguity binding; matching/support and draw/seed rules; exact M0/M1 estimator/features/regularization/calibration binding where applicable; prefix-known landmark schedule/weights; consumer margins, costs, precision/power and sufficiency gates; exact temporal folds and untouched-evidence proof; one inferential procedure; independent acceptance; resource estimate/budget; existing-ledger registration only through a separately approved admitted carrier","OFFLINE_RESEARCH_PROPOSAL_ONLY; no canonical trial ID, registration, admission, dispatch, outcome execution, production, rank, gate, size or promotion authority",TOI_Recovery_Masterplan_2026-10-03.md,K1-K9,0426631f0a2e3c7243530a2ad859c5e36857768c43d0649ab17210d1c2246be8
TOI-W3-PROPOSAL-CFG-0118,W3-B,REMAINING_MFE_MODEL,EMPIRICAL_BASELINE,D1,Source-bound vol_squeeze.assess_series percentile25/minimum compression5/release window3/original range and TTM dependencies; historical price-release population retained; volume attribute separate; phenotype reconciliation pending,195M-RTH,UP,P0_ORIGINAL_COHORT_REFERENCE,REMAINING_MFE,M0,Elapsed-age/clock empirical transition distribution or corresponding empirical excursion quantile; one bound estimation/support rule reused across folds,0.90,195M-RTH,"[""TOI-W3-PROPOSAL-CFG-0015""]",Current-price remaining favorable excursion quantile to the original post-trigger deadline,Pinball loss at registered quantile; diagnostic coverage/order/width checks,Identical eligible held-out current D1 landmarks with prefix-known eligibility/weights; failed/expired/stagnant original paths represented lawfully; no eventual-success matching and no eventual landmark-count denominator,10,FIRST_CAUSALLY_RECOGNIZED_FORMING_ONSET; TEN_SUBSEQUENT_COMPLETED_NATIVE_BARS; ORIGIN_EXCLUDED,21,ORIGINAL_FIRST_FEASIBLE_P0_REFERENCE; SAME_ORIGINAL_DEADLINE_ACROSS_POLICIES_CLOCKS_AND_LANDMARKS,+1 frozen trigger ATR before -1 frozen trigger ATR; unresolved retained; ATR recipe requires source binding; adverse first passage is NOT structural fakeout,"OBSERVED_PREFIX_ONLY: predeclared elapsed-age landmarks; fixed weight for each eligible occurrence at a landmark, or separately frozen equal-snapshot normalization using only eligible cases already known at that snapshot; NEVER divide by eventual surviving landmark count; preserve proper at-risk exposure; current forecasts use remaining time to fixed origin deadline","{""hidden_hyperparameter_search"":false,""learned_sector_regime_theme_industry_axis"":false,""minimum_compression"":5,""model_binding"":""REQUIRES_EXACT_PRE_OUTCOME_SOURCE_BINDING"",""model_recipe_count"":1,""original_range_TTM_dependencies"":""SOURCE_BOUND"",""percentile"":25,""phenotype"":""PRICE_RELEASE_VOLUME_ATTRIBUTE_SEPARATE_RECONCILIATION_PENDING"",""quantile"":""0.90"",""release_window"":3}",PROPOSED_NOT_REGISTERED_HOLD,"Qualified program ancestry only: S16 esx_sq_phase0 has 12 historical declared trials and report/run evidence, not 12 newly reconstructed itemized rows; S16 v1.0 accruing/unshipped does not confer new clock/direction/model/consumer authority. Def4 is a separate DRAFT 10-trial/46-cell reservation with zero canonical ledger rows at Macro 5fc7af4a1aa2510966a7b566f97e5b894f2632f8. This proposal does not claim all-time search=12+218.","BEFORE_OUTCOMES: incumbent owner review and approval; qualified corpus/cutoff/source/session/basis/rights/PIT/known-time contracts for each clock; exact occurrence and reset law; S16 phenotype reconciliation; ATR/scale and label/fill/ambiguity binding; matching/support and draw/seed rules; exact M0/M1 estimator/features/regularization/calibration binding where applicable; prefix-known landmark schedule/weights; consumer margins, costs, precision/power and sufficiency gates; exact temporal folds and untouched-evidence proof; one inferential procedure; independent acceptance; resource estimate/budget; existing-ledger registration only through a separately approved admitted carrier","OFFLINE_RESEARCH_PROPOSAL_ONLY; no canonical trial ID, registration, admission, dispatch, outcome execution, production, rank, gate, size or promotion authority",TOI_Recovery_Masterplan_2026-10-03.md,K1-K9,0426631f0a2e3c7243530a2ad859c5e36857768c43d0649ab17210d1c2246be8
TOI-W3-PROPOSAL-CFG-0119,W3-B,REMAINING_MFE_MODEL,SIMPLE_FORECAST_MODEL,D1,Source-bound vol_squeeze.assess_series percentile25/minimum compression5/release window3/original range and TTM dependencies; historical price-release population retained; volume attribute separate; phenotype reconciliation pending,195M-RTH,UP,P0_ORIGINAL_COHORT_REFERENCE,REMAINING_MFE,M1,One regularized discrete-time cause-model recipe or one regularized quantile-model recipe with fixed own-price/state/age/volatility/location/liquidity inputs; exact implementation pending; no hidden model/feature/penalty/calibration search,0.90,195M-RTH,"[""TOI-W3-PROPOSAL-CFG-0015""]",Current-price remaining favorable excursion quantile to the original post-trigger deadline,Pinball loss at registered quantile; diagnostic coverage/order/width checks,Identical eligible held-out current D1 landmarks with prefix-known eligibility/weights; failed/expired/stagnant original paths represented lawfully; no eventual-success matching and no eventual landmark-count denominator,10,FIRST_CAUSALLY_RECOGNIZED_FORMING_ONSET; TEN_SUBSEQUENT_COMPLETED_NATIVE_BARS; ORIGIN_EXCLUDED,21,ORIGINAL_FIRST_FEASIBLE_P0_REFERENCE; SAME_ORIGINAL_DEADLINE_ACROSS_POLICIES_CLOCKS_AND_LANDMARKS,+1 frozen trigger ATR before -1 frozen trigger ATR; unresolved retained; ATR recipe requires source binding; adverse first passage is NOT structural fakeout,"OBSERVED_PREFIX_ONLY: predeclared elapsed-age landmarks; fixed weight for each eligible occurrence at a landmark, or separately frozen equal-snapshot normalization using only eligible cases already known at that snapshot; NEVER divide by eventual surviving landmark count; preserve proper at-risk exposure; current forecasts use remaining time to fixed origin deadline","{""hidden_hyperparameter_search"":false,""learned_sector_regime_theme_industry_axis"":false,""minimum_compression"":5,""model_binding"":""REQUIRES_EXACT_PRE_OUTCOME_SOURCE_BINDING"",""model_recipe_count"":1,""original_range_TTM_dependencies"":""SOURCE_BOUND"",""percentile"":25,""phenotype"":""PRICE_RELEASE_VOLUME_ATTRIBUTE_SEPARATE_RECONCILIATION_PENDING"",""quantile"":""0.90"",""release_window"":3}",PROPOSED_NOT_REGISTERED_HOLD,"Qualified program ancestry only: S16 esx_sq_phase0 has 12 historical declared trials and report/run evidence, not 12 newly reconstructed itemized rows; S16 v1.0 accruing/unshipped does not confer new clock/direction/model/consumer authority. Def4 is a separate DRAFT 10-trial/46-cell reservation with zero canonical ledger rows at Macro 5fc7af4a1aa2510966a7b566f97e5b894f2632f8. This proposal does not claim all-time search=12+218.","BEFORE_OUTCOMES: incumbent owner review and approval; qualified corpus/cutoff/source/session/basis/rights/PIT/known-time contracts for each clock; exact occurrence and reset law; S16 phenotype reconciliation; ATR/scale and label/fill/ambiguity binding; matching/support and draw/seed rules; exact M0/M1 estimator/features/regularization/calibration binding where applicable; prefix-known landmark schedule/weights; consumer margins, costs, precision/power and sufficiency gates; exact temporal folds and untouched-evidence proof; one inferential procedure; independent acceptance; resource estimate/budget; existing-ledger registration only through a separately approved admitted carrier","OFFLINE_RESEARCH_PROPOSAL_ONLY; no canonical trial ID, registration, admission, dispatch, outcome execution, production, rank, gate, size or promotion authority",TOI_Recovery_Masterplan_2026-10-03.md,K1-K9,0426631f0a2e3c7243530a2ad859c5e36857768c43d0649ab17210d1c2246be8
TOI-W3-PROPOSAL-CFG-0120,W3-B,REMAINING_MFE_MODEL,EMPIRICAL_BASELINE,D1,Source-bound vol_squeeze.assess_series percentile25/minimum compression5/release window3/original range and TTM dependencies; historical price-release population retained; volume attribute separate; phenotype reconciliation pending,195M-RTH,DOWN,P0_ORIGINAL_COHORT_REFERENCE,REMAINING_MFE,M0,Elapsed-age/clock empirical transition distribution or corresponding empirical excursion quantile; one bound estimation/support rule reused across folds,0.10,195M-RTH,"[""TOI-W3-PROPOSAL-CFG-0016""]",Current-price remaining favorable excursion quantile to the original post-trigger deadline,Pinball loss at registered quantile; diagnostic coverage/order/width checks,Identical eligible held-out current D1 landmarks with prefix-known eligibility/weights; failed/expired/stagnant original paths represented lawfully; no eventual-success matching and no eventual landmark-count denominator,10,FIRST_CAUSALLY_RECOGNIZED_FORMING_ONSET; TEN_SUBSEQUENT_COMPLETED_NATIVE_BARS; ORIGIN_EXCLUDED,21,ORIGINAL_FIRST_FEASIBLE_P0_REFERENCE; SAME_ORIGINAL_DEADLINE_ACROSS_POLICIES_CLOCKS_AND_LANDMARKS,+1 frozen trigger ATR before -1 frozen trigger ATR; unresolved retained; ATR recipe requires source binding; adverse first passage is NOT structural fakeout,"OBSERVED_PREFIX_ONLY: predeclared elapsed-age landmarks; fixed weight for each eligible occurrence at a landmark, or separately frozen equal-snapshot normalization using only eligible cases already known at that snapshot; NEVER divide by eventual surviving landmark count; preserve proper at-risk exposure; current forecasts use remaining time to fixed origin deadline","{""hidden_hyperparameter_search"":false,""learned_sector_regime_theme_industry_axis"":false,""minimum_compression"":5,""model_binding"":""REQUIRES_EXACT_PRE_OUTCOME_SOURCE_BINDING"",""model_recipe_count"":1,""original_range_TTM_dependencies"":""SOURCE_BOUND"",""percentile"":25,""phenotype"":""PRICE_RELEASE_VOLUME_ATTRIBUTE_SEPARATE_RECONCILIATION_PENDING"",""quantile"":""0.10"",""release_window"":3}",PROPOSED_NOT_REGISTERED_HOLD,"Qualified program ancestry only: S16 esx_sq_phase0 has 12 historical declared trials and report/run evidence, not 12 newly reconstructed itemized rows; S16 v1.0 accruing/unshipped does not confer new clock/direction/model/consumer authority. Def4 is a separate DRAFT 10-trial/46-cell reservation with zero canonical ledger rows at Macro 5fc7af4a1aa2510966a7b566f97e5b894f2632f8. This proposal does not claim all-time search=12+218.","BEFORE_OUTCOMES: incumbent owner review and approval; qualified corpus/cutoff/source/session/basis/rights/PIT/known-time contracts for each clock; exact occurrence and reset law; S16 phenotype reconciliation; ATR/scale and label/fill/ambiguity binding; matching/support and draw/seed rules; exact M0/M1 estimator/features/regularization/calibration binding where applicable; prefix-known landmark schedule/weights; consumer margins, costs, precision/power and sufficiency gates; exact temporal folds and untouched-evidence proof; one inferential procedure; independent acceptance; resource estimate/budget; existing-ledger registration only through a separately approved admitted carrier","OFFLINE_RESEARCH_PROPOSAL_ONLY; no canonical trial ID, registration, admission, dispatch, outcome execution, production, rank, gate, size or promotion authority",TOI_Recovery_Masterplan_2026-10-03.md,K1-K9,0426631f0a2e3c7243530a2ad859c5e36857768c43d0649ab17210d1c2246be8
TOI-W3-PROPOSAL-CFG-0121,W3-B,REMAINING_MFE_MODEL,SIMPLE_FORECAST_MODEL,D1,Source-bound vol_squeeze.assess_series percentile25/minimum compression5/release window3/original range and TTM dependencies; historical price-release population retained; volume attribute separate; phenotype reconciliation pending,195M-RTH,DOWN,P0_ORIGINAL_COHORT_REFERENCE,REMAINING_MFE,M1,One regularized discrete-time cause-model recipe or one regularized quantile-model recipe with fixed own-price/state/age/volatility/location/liquidity inputs; exact implementation pending; no hidden model/feature/penalty/calibration search,0.10,195M-RTH,"[""TOI-W3-PROPOSAL-CFG-0016""]",Current-price remaining favorable excursion quantile to the original post-trigger deadline,Pinball loss at registered quantile; diagnostic coverage/order/width checks,Identical eligible held-out current D1 landmarks with prefix-known eligibility/weights; failed/expired/stagnant original paths represented lawfully; no eventual-success matching and no eventual landmark-count denominator,10,FIRST_CAUSALLY_RECOGNIZED_FORMING_ONSET; TEN_SUBSEQUENT_COMPLETED_NATIVE_BARS; ORIGIN_EXCLUDED,21,ORIGINAL_FIRST_FEASIBLE_P0_REFERENCE; SAME_ORIGINAL_DEADLINE_ACROSS_POLICIES_CLOCKS_AND_LANDMARKS,+1 frozen trigger ATR before -1 frozen trigger ATR; unresolved retained; ATR recipe requires source binding; adverse first passage is NOT structural fakeout,"OBSERVED_PREFIX_ONLY: predeclared elapsed-age landmarks; fixed weight for each eligible occurrence at a landmark, or separately frozen equal-snapshot normalization using only eligible cases already known at that snapshot; NEVER divide by eventual surviving landmark count; preserve proper at-risk exposure; current forecasts use remaining time to fixed origin deadline","{""hidden_hyperparameter_search"":false,""learned_sector_regime_theme_industry_axis"":false,""minimum_compression"":5,""model_binding"":""REQUIRES_EXACT_PRE_OUTCOME_SOURCE_BINDING"",""model_recipe_count"":1,""original_range_TTM_dependencies"":""SOURCE_BOUND"",""percentile"":25,""phenotype"":""PRICE_RELEASE_VOLUME_ATTRIBUTE_SEPARATE_RECONCILIATION_PENDING"",""quantile"":""0.10"",""release_window"":3}",PROPOSED_NOT_REGISTERED_HOLD,"Qualified program ancestry only: S16 esx_sq_phase0 has 12 historical declared trials and report/run evidence, not 12 newly reconstructed itemized rows; S16 v1.0 accruing/unshipped does not confer new clock/direction/model/consumer authority. Def4 is a separate DRAFT 10-trial/46-cell reservation with zero canonical ledger rows at Macro 5fc7af4a1aa2510966a7b566f97e5b894f2632f8. This proposal does not claim all-time search=12+218.","BEFORE_OUTCOMES: incumbent owner review and approval; qualified corpus/cutoff/source/session/basis/rights/PIT/known-time contracts for each clock; exact occurrence and reset law; S16 phenotype reconciliation; ATR/scale and label/fill/ambiguity binding; matching/support and draw/seed rules; exact M0/M1 estimator/features/regularization/calibration binding where applicable; prefix-known landmark schedule/weights; consumer margins, costs, precision/power and sufficiency gates; exact temporal folds and untouched-evidence proof; one inferential procedure; independent acceptance; resource estimate/budget; existing-ledger registration only through a separately approved admitted carrier","OFFLINE_RESEARCH_PROPOSAL_ONLY; no canonical trial ID, registration, admission, dispatch, outcome execution, production, rank, gate, size or promotion authority",TOI_Recovery_Masterplan_2026-10-03.md,K1-K9,0426631f0a2e3c7243530a2ad859c5e36857768c43d0649ab17210d1c2246be8
TOI-W3-PROPOSAL-CFG-0122,W3-B,REMAINING_MFE_MODEL,EMPIRICAL_BASELINE,D1,Source-bound vol_squeeze.assess_series percentile25/minimum compression5/release window3/original range and TTM dependencies; historical price-release population retained; volume attribute separate; phenotype reconciliation pending,195M-RTH,DOWN,P0_ORIGINAL_COHORT_REFERENCE,REMAINING_MFE,M0,Elapsed-age/clock empirical transition distribution or corresponding empirical excursion quantile; one bound estimation/support rule reused across folds,0.50,195M-RTH,"[""TOI-W3-PROPOSAL-CFG-0016""]",Current-price remaining favorable excursion quantile to the original post-trigger deadline,Pinball loss at registered quantile; diagnostic coverage/order/width checks,Identical eligible held-out current D1 landmarks with prefix-known eligibility/weights; failed/expired/stagnant original paths represented lawfully; no eventual-success matching and no eventual landmark-count denominator,10,FIRST_CAUSALLY_RECOGNIZED_FORMING_ONSET; TEN_SUBSEQUENT_COMPLETED_NATIVE_BARS; ORIGIN_EXCLUDED,21,ORIGINAL_FIRST_FEASIBLE_P0_REFERENCE; SAME_ORIGINAL_DEADLINE_ACROSS_POLICIES_CLOCKS_AND_LANDMARKS,+1 frozen trigger ATR before -1 frozen trigger ATR; unresolved retained; ATR recipe requires source binding; adverse first passage is NOT structural fakeout,"OBSERVED_PREFIX_ONLY: predeclared elapsed-age landmarks; fixed weight for each eligible occurrence at a landmark, or separately frozen equal-snapshot normalization using only eligible cases already known at that snapshot; NEVER divide by eventual surviving landmark count; preserve proper at-risk exposure; current forecasts use remaining time to fixed origin deadline","{""hidden_hyperparameter_search"":false,""learned_sector_regime_theme_industry_axis"":false,""minimum_compression"":5,""model_binding"":""REQUIRES_EXACT_PRE_OUTCOME_SOURCE_BINDING"",""model_recipe_count"":1,""original_range_TTM_dependencies"":""SOURCE_BOUND"",""percentile"":25,""phenotype"":""PRICE_RELEASE_VOLUME_ATTRIBUTE_SEPARATE_RECONCILIATION_PENDING"",""quantile"":""0.50"",""release_window"":3}",PROPOSED_NOT_REGISTERED_HOLD,"Qualified program ancestry only: S16 esx_sq_phase0 has 12 historical declared trials and report/run evidence, not 12 newly reconstructed itemized rows; S16 v1.0 accruing/unshipped does not confer new clock/direction/model/consumer authority. Def4 is a separate DRAFT 10-trial/46-cell reservation with zero canonical ledger rows at Macro 5fc7af4a1aa2510966a7b566f97e5b894f2632f8. This proposal does not claim all-time search=12+218.","BEFORE_OUTCOMES: incumbent owner review and approval; qualified corpus/cutoff/source/session/basis/rights/PIT/known-time contracts for each clock; exact occurrence and reset law; S16 phenotype reconciliation; ATR/scale and label/fill/ambiguity binding; matching/support and draw/seed rules; exact M0/M1 estimator/features/regularization/calibration binding where applicable; prefix-known landmark schedule/weights; consumer margins, costs, precision/power and sufficiency gates; exact temporal folds and untouched-evidence proof; one inferential procedure; independent acceptance; resource estimate/budget; existing-ledger registration only through a separately approved admitted carrier","OFFLINE_RESEARCH_PROPOSAL_ONLY; no canonical trial ID, registration, admission, dispatch, outcome execution, production, rank, gate, size or promotion authority",TOI_Recovery_Masterplan_2026-10-03.md,K1-K9,0426631f0a2e3c7243530a2ad859c5e36857768c43d0649ab17210d1c2246be8
TOI-W3-PROPOSAL-CFG-0123,W3-B,REMAINING_MFE_MODEL,SIMPLE_FORECAST_MODEL,D1,Source-bound vol_squeeze.assess_series percentile25/minimum compression5/release window3/original range and TTM dependencies; historical price-release population retained; volume attribute separate; phenotype reconciliation pending,195M-RTH,DOWN,P0_ORIGINAL_COHORT_REFERENCE,REMAINING_MFE,M1,One regularized discrete-time cause-model recipe or one regularized quantile-model recipe with fixed own-price/state/age/volatility/location/liquidity inputs; exact implementation pending; no hidden model/feature/penalty/calibration search,0.50,195M-RTH,"[""TOI-W3-PROPOSAL-CFG-0016""]",Current-price remaining favorable excursion quantile to the original post-trigger deadline,Pinball loss at registered quantile; diagnostic coverage/order/width checks,Identical eligible held-out current D1 landmarks with prefix-known eligibility/weights; failed/expired/stagnant original paths represented lawfully; no eventual-success matching and no eventual landmark-count denominator,10,FIRST_CAUSALLY_RECOGNIZED_FORMING_ONSET; TEN_SUBSEQUENT_COMPLETED_NATIVE_BARS; ORIGIN_EXCLUDED,21,ORIGINAL_FIRST_FEASIBLE_P0_REFERENCE; SAME_ORIGINAL_DEADLINE_ACROSS_POLICIES_CLOCKS_AND_LANDMARKS,+1 frozen trigger ATR before -1 frozen trigger ATR; unresolved retained; ATR recipe requires source binding; adverse first passage is NOT structural fakeout,"OBSERVED_PREFIX_ONLY: predeclared elapsed-age landmarks; fixed weight for each eligible occurrence at a landmark, or separately frozen equal-snapshot normalization using only eligible cases already known at that snapshot; NEVER divide by eventual surviving landmark count; preserve proper at-risk exposure; current forecasts use remaining time to fixed origin deadline","{""hidden_hyperparameter_search"":false,""learned_sector_regime_theme_industry_axis"":false,""minimum_compression"":5,""model_binding"":""REQUIRES_EXACT_PRE_OUTCOME_SOURCE_BINDING"",""model_recipe_count"":1,""original_range_TTM_dependencies"":""SOURCE_BOUND"",""percentile"":25,""phenotype"":""PRICE_RELEASE_VOLUME_ATTRIBUTE_SEPARATE_RECONCILIATION_PENDING"",""quantile"":""0.50"",""release_window"":3}",PROPOSED_NOT_REGISTERED_HOLD,"Qualified program ancestry only: S16 esx_sq_phase0 has 12 historical declared trials and report/run evidence, not 12 newly reconstructed itemized rows; S16 v1.0 accruing/unshipped does not confer new clock/direction/model/consumer authority. Def4 is a separate DRAFT 10-trial/46-cell reservation with zero canonical ledger rows at Macro 5fc7af4a1aa2510966a7b566f97e5b894f2632f8. This proposal does not claim all-time search=12+218.","BEFORE_OUTCOMES: incumbent owner review and approval; qualified corpus/cutoff/source/session/basis/rights/PIT/known-time contracts for each clock; exact occurrence and reset law; S16 phenotype reconciliation; ATR/scale and label/fill/ambiguity binding; matching/support and draw/seed rules; exact M0/M1 estimator/features/regularization/calibration binding where applicable; prefix-known landmark schedule/weights; consumer margins, costs, precision/power and sufficiency gates; exact temporal folds and untouched-evidence proof; one inferential procedure; independent acceptance; resource estimate/budget; existing-ledger registration only through a separately approved admitted carrier","OFFLINE_RESEARCH_PROPOSAL_ONLY; no canonical trial ID, registration, admission, dispatch, outcome execution, production, rank, gate, size or promotion authority",TOI_Recovery_Masterplan_2026-10-03.md,K1-K9,0426631f0a2e3c7243530a2ad859c5e36857768c43d0649ab17210d1c2246be8
TOI-W3-PROPOSAL-CFG-0124,W3-B,REMAINING_MFE_MODEL,EMPIRICAL_BASELINE,D1,Source-bound vol_squeeze.assess_series percentile25/minimum compression5/release window3/original range and TTM dependencies; historical price-release population retained; volume attribute separate; phenotype reconciliation pending,195M-RTH,DOWN,P0_ORIGINAL_COHORT_REFERENCE,REMAINING_MFE,M0,Elapsed-age/clock empirical transition distribution or corresponding empirical excursion quantile; one bound estimation/support rule reused across folds,0.90,195M-RTH,"[""TOI-W3-PROPOSAL-CFG-0016""]",Current-price remaining favorable excursion quantile to the original post-trigger deadline,Pinball loss at registered quantile; diagnostic coverage/order/width checks,Identical eligible held-out current D1 landmarks with prefix-known eligibility/weights; failed/expired/stagnant original paths represented lawfully; no eventual-success matching and no eventual landmark-count denominator,10,FIRST_CAUSALLY_RECOGNIZED_FORMING_ONSET; TEN_SUBSEQUENT_COMPLETED_NATIVE_BARS; ORIGIN_EXCLUDED,21,ORIGINAL_FIRST_FEASIBLE_P0_REFERENCE; SAME_ORIGINAL_DEADLINE_ACROSS_POLICIES_CLOCKS_AND_LANDMARKS,+1 frozen trigger ATR before -1 frozen trigger ATR; unresolved retained; ATR recipe requires source binding; adverse first passage is NOT structural fakeout,"OBSERVED_PREFIX_ONLY: predeclared elapsed-age landmarks; fixed weight for each eligible occurrence at a landmark, or separately frozen equal-snapshot normalization using only eligible cases already known at that snapshot; NEVER divide by eventual surviving landmark count; preserve proper at-risk exposure; current forecasts use remaining time to fixed origin deadline","{""hidden_hyperparameter_search"":false,""learned_sector_regime_theme_industry_axis"":false,""minimum_compression"":5,""model_binding"":""REQUIRES_EXACT_PRE_OUTCOME_SOURCE_BINDING"",""model_recipe_count"":1,""original_range_TTM_dependencies"":""SOURCE_BOUND"",""percentile"":25,""phenotype"":""PRICE_RELEASE_VOLUME_ATTRIBUTE_SEPARATE_RECONCILIATION_PENDING"",""quantile"":""0.90"",""release_window"":3}",PROPOSED_NOT_REGISTERED_HOLD,"Qualified program ancestry only: S16 esx_sq_phase0 has 12 historical declared trials and report/run evidence, not 12 newly reconstructed itemized rows; S16 v1.0 accruing/unshipped does not confer new clock/direction/model/consumer authority. Def4 is a separate DRAFT 10-trial/46-cell reservation with zero canonical ledger rows at Macro 5fc7af4a1aa2510966a7b566f97e5b894f2632f8. This proposal does not claim all-time search=12+218.","BEFORE_OUTCOMES: incumbent owner review and approval; qualified corpus/cutoff/source/session/basis/rights/PIT/known-time contracts for each clock; exact occurrence and reset law; S16 phenotype reconciliation; ATR/scale and label/fill/ambiguity binding; matching/support and draw/seed rules; exact M0/M1 estimator/features/regularization/calibration binding where applicable; prefix-known landmark schedule/weights; consumer margins, costs, precision/power and sufficiency gates; exact temporal folds and untouched-evidence proof; one inferential procedure; independent acceptance; resource estimate/budget; existing-ledger registration only through a separately approved admitted carrier","OFFLINE_RESEARCH_PROPOSAL_ONLY; no canonical trial ID, registration, admission, dispatch, outcome execution, production, rank, gate, size or promotion authority",TOI_Recovery_Masterplan_2026-10-03.md,K1-K9,0426631f0a2e3c7243530a2ad859c5e36857768c43d0649ab17210d1c2246be8
TOI-W3-PROPOSAL-CFG-0125,W3-B,REMAINING_MFE_MODEL,SIMPLE_FORECAST_MODEL,D1,Source-bound vol_squeeze.assess_series percentile25/minimum compression5/release window3/original range and TTM dependencies; historical price-release population retained; volume attribute separate; phenotype reconciliation pending,195M-RTH,DOWN,P0_ORIGINAL_COHORT_REFERENCE,REMAINING_MFE,M1,One regularized discrete-time cause-model recipe or one regularized quantile-model recipe with fixed own-price/state/age/volatility/location/liquidity inputs; exact implementation pending; no hidden model/feature/penalty/calibration search,0.90,195M-RTH,"[""TOI-W3-PROPOSAL-CFG-0016""]",Current-price remaining favorable excursion quantile to the original post-trigger deadline,Pinball loss at registered quantile; diagnostic coverage/order/width checks,Identical eligible held-out current D1 landmarks with prefix-known eligibility/weights; failed/expired/stagnant original paths represented lawfully; no eventual-success matching and no eventual landmark-count denominator,10,FIRST_CAUSALLY_RECOGNIZED_FORMING_ONSET; TEN_SUBSEQUENT_COMPLETED_NATIVE_BARS; ORIGIN_EXCLUDED,21,ORIGINAL_FIRST_FEASIBLE_P0_REFERENCE; SAME_ORIGINAL_DEADLINE_ACROSS_POLICIES_CLOCKS_AND_LANDMARKS,+1 frozen trigger ATR before -1 frozen trigger ATR; unresolved retained; ATR recipe requires source binding; adverse first passage is NOT structural fakeout,"OBSERVED_PREFIX_ONLY: predeclared elapsed-age landmarks; fixed weight for each eligible occurrence at a landmark, or separately frozen equal-snapshot normalization using only eligible cases already known at that snapshot; NEVER divide by eventual surviving landmark count; preserve proper at-risk exposure; current forecasts use remaining time to fixed origin deadline","{""hidden_hyperparameter_search"":false,""learned_sector_regime_theme_industry_axis"":false,""minimum_compression"":5,""model_binding"":""REQUIRES_EXACT_PRE_OUTCOME_SOURCE_BINDING"",""model_recipe_count"":1,""original_range_TTM_dependencies"":""SOURCE_BOUND"",""percentile"":25,""phenotype"":""PRICE_RELEASE_VOLUME_ATTRIBUTE_SEPARATE_RECONCILIATION_PENDING"",""quantile"":""0.90"",""release_window"":3}",PROPOSED_NOT_REGISTERED_HOLD,"Qualified program ancestry only: S16 esx_sq_phase0 has 12 historical declared trials and report/run evidence, not 12 newly reconstructed itemized rows; S16 v1.0 accruing/unshipped does not confer new clock/direction/model/consumer authority. Def4 is a separate DRAFT 10-trial/46-cell reservation with zero canonical ledger rows at Macro 5fc7af4a1aa2510966a7b566f97e5b894f2632f8. This proposal does not claim all-time search=12+218.","BEFORE_OUTCOMES: incumbent owner review and approval; qualified corpus/cutoff/source/session/basis/rights/PIT/known-time contracts for each clock; exact occurrence and reset law; S16 phenotype reconciliation; ATR/scale and label/fill/ambiguity binding; matching/support and draw/seed rules; exact M0/M1 estimator/features/regularization/calibration binding where applicable; prefix-known landmark schedule/weights; consumer margins, costs, precision/power and sufficiency gates; exact temporal folds and untouched-evidence proof; one inferential procedure; independent acceptance; resource estimate/budget; existing-ledger registration only through a separately approved admitted carrier","OFFLINE_RESEARCH_PROPOSAL_ONLY; no canonical trial ID, registration, admission, dispatch, outcome execution, production, rank, gate, size or promotion authority",TOI_Recovery_Masterplan_2026-10-03.md,K1-K9,0426631f0a2e3c7243530a2ad859c5e36857768c43d0649ab17210d1c2246be8
TOI-W3-PROPOSAL-CFG-0126,W3-B,REMAINING_MAE_MODEL,EMPIRICAL_BASELINE,D1,Source-bound vol_squeeze.assess_series percentile25/minimum compression5/release window3/original range and TTM dependencies; historical price-release population retained; volume attribute separate; phenotype reconciliation pending,W,UP,P0_ORIGINAL_COHORT_REFERENCE,REMAINING_MAE,M0,Elapsed-age/clock empirical transition distribution or corresponding empirical excursion quantile; one bound estimation/support rule reused across folds,0.10,W,"[""TOI-W3-PROPOSAL-CFG-0009""]",Current-price remaining adverse excursion quantile to the original post-trigger deadline,Pinball loss at registered quantile; diagnostic coverage/order/width checks,Identical eligible held-out current D1 landmarks with prefix-known eligibility/weights; failed/expired/stagnant original paths represented lawfully; no eventual-success matching and no eventual landmark-count denominator,10,FIRST_CAUSALLY_RECOGNIZED_FORMING_ONSET; TEN_SUBSEQUENT_COMPLETED_NATIVE_BARS; ORIGIN_EXCLUDED,21,ORIGINAL_FIRST_FEASIBLE_P0_REFERENCE; SAME_ORIGINAL_DEADLINE_ACROSS_POLICIES_CLOCKS_AND_LANDMARKS,+1 frozen trigger ATR before -1 frozen trigger ATR; unresolved retained; ATR recipe requires source binding; adverse first passage is NOT structural fakeout,"OBSERVED_PREFIX_ONLY: predeclared elapsed-age landmarks; fixed weight for each eligible occurrence at a landmark, or separately frozen equal-snapshot normalization using only eligible cases already known at that snapshot; NEVER divide by eventual surviving landmark count; preserve proper at-risk exposure; current forecasts use remaining time to fixed origin deadline","{""hidden_hyperparameter_search"":false,""learned_sector_regime_theme_industry_axis"":false,""minimum_compression"":5,""model_binding"":""REQUIRES_EXACT_PRE_OUTCOME_SOURCE_BINDING"",""model_recipe_count"":1,""original_range_TTM_dependencies"":""SOURCE_BOUND"",""percentile"":25,""phenotype"":""PRICE_RELEASE_VOLUME_ATTRIBUTE_SEPARATE_RECONCILIATION_PENDING"",""quantile"":""0.10"",""release_window"":3}",PROPOSED_NOT_REGISTERED_HOLD,"Qualified program ancestry only: S16 esx_sq_phase0 has 12 historical declared trials and report/run evidence, not 12 newly reconstructed itemized rows; S16 v1.0 accruing/unshipped does not confer new clock/direction/model/consumer authority. Def4 is a separate DRAFT 10-trial/46-cell reservation with zero canonical ledger rows at Macro 5fc7af4a1aa2510966a7b566f97e5b894f2632f8. This proposal does not claim all-time search=12+218.","BEFORE_OUTCOMES: incumbent owner review and approval; qualified corpus/cutoff/source/session/basis/rights/PIT/known-time contracts for each clock; exact occurrence and reset law; S16 phenotype reconciliation; ATR/scale and label/fill/ambiguity binding; matching/support and draw/seed rules; exact M0/M1 estimator/features/regularization/calibration binding where applicable; prefix-known landmark schedule/weights; consumer margins, costs, precision/power and sufficiency gates; exact temporal folds and untouched-evidence proof; one inferential procedure; independent acceptance; resource estimate/budget; existing-ledger registration only through a separately approved admitted carrier","OFFLINE_RESEARCH_PROPOSAL_ONLY; no canonical trial ID, registration, admission, dispatch, outcome execution, production, rank, gate, size or promotion authority",TOI_Recovery_Masterplan_2026-10-03.md,K1-K9,0426631f0a2e3c7243530a2ad859c5e36857768c43d0649ab17210d1c2246be8
TOI-W3-PROPOSAL-CFG-0127,W3-B,REMAINING_MAE_MODEL,SIMPLE_FORECAST_MODEL,D1,Source-bound vol_squeeze.assess_series percentile25/minimum compression5/release window3/original range and TTM dependencies; historical price-release population retained; volume attribute separate; phenotype reconciliation pending,W,UP,P0_ORIGINAL_COHORT_REFERENCE,REMAINING_MAE,M1,One regularized discrete-time cause-model recipe or one regularized quantile-model recipe with fixed own-price/state/age/volatility/location/liquidity inputs; exact implementation pending; no hidden model/feature/penalty/calibration search,0.10,W,"[""TOI-W3-PROPOSAL-CFG-0009""]",Current-price remaining adverse excursion quantile to the original post-trigger deadline,Pinball loss at registered quantile; diagnostic coverage/order/width checks,Identical eligible held-out current D1 landmarks with prefix-known eligibility/weights; failed/expired/stagnant original paths represented lawfully; no eventual-success matching and no eventual landmark-count denominator,10,FIRST_CAUSALLY_RECOGNIZED_FORMING_ONSET; TEN_SUBSEQUENT_COMPLETED_NATIVE_BARS; ORIGIN_EXCLUDED,21,ORIGINAL_FIRST_FEASIBLE_P0_REFERENCE; SAME_ORIGINAL_DEADLINE_ACROSS_POLICIES_CLOCKS_AND_LANDMARKS,+1 frozen trigger ATR before -1 frozen trigger ATR; unresolved retained; ATR recipe requires source binding; adverse first passage is NOT structural fakeout,"OBSERVED_PREFIX_ONLY: predeclared elapsed-age landmarks; fixed weight for each eligible occurrence at a landmark, or separately frozen equal-snapshot normalization using only eligible cases already known at that snapshot; NEVER divide by eventual surviving landmark count; preserve proper at-risk exposure; current forecasts use remaining time to fixed origin deadline","{""hidden_hyperparameter_search"":false,""learned_sector_regime_theme_industry_axis"":false,""minimum_compression"":5,""model_binding"":""REQUIRES_EXACT_PRE_OUTCOME_SOURCE_BINDING"",""model_recipe_count"":1,""original_range_TTM_dependencies"":""SOURCE_BOUND"",""percentile"":25,""phenotype"":""PRICE_RELEASE_VOLUME_ATTRIBUTE_SEPARATE_RECONCILIATION_PENDING"",""quantile"":""0.10"",""release_window"":3}",PROPOSED_NOT_REGISTERED_HOLD,"Qualified program ancestry only: S16 esx_sq_phase0 has 12 historical declared trials and report/run evidence, not 12 newly reconstructed itemized rows; S16 v1.0 accruing/unshipped does not confer new clock/direction/model/consumer authority. Def4 is a separate DRAFT 10-trial/46-cell reservation with zero canonical ledger rows at Macro 5fc7af4a1aa2510966a7b566f97e5b894f2632f8. This proposal does not claim all-time search=12+218.","BEFORE_OUTCOMES: incumbent owner review and approval; qualified corpus/cutoff/source/session/basis/rights/PIT/known-time contracts for each clock; exact occurrence and reset law; S16 phenotype reconciliation; ATR/scale and label/fill/ambiguity binding; matching/support and draw/seed rules; exact M0/M1 estimator/features/regularization/calibration binding where applicable; prefix-known landmark schedule/weights; consumer margins, costs, precision/power and sufficiency gates; exact temporal folds and untouched-evidence proof; one inferential procedure; independent acceptance; resource estimate/budget; existing-ledger registration only through a separately approved admitted carrier","OFFLINE_RESEARCH_PROPOSAL_ONLY; no canonical trial ID, registration, admission, dispatch, outcome execution, production, rank, gate, size or promotion authority",TOI_Recovery_Masterplan_2026-10-03.md,K1-K9,0426631f0a2e3c7243530a2ad859c5e36857768c43d0649ab17210d1c2246be8
TOI-W3-PROPOSAL-CFG-0128,W3-B,REMAINING_MAE_MODEL,EMPIRICAL_BASELINE,D1,Source-bound vol_squeeze.assess_series percentile25/minimum compression5/release window3/original range and TTM dependencies; historical price-release population retained; volume attribute separate; phenotype reconciliation pending,W,UP,P0_ORIGINAL_COHORT_REFERENCE,REMAINING_MAE,M0,Elapsed-age/clock empirical transition distribution or corresponding empirical excursion quantile; one bound estimation/support rule reused across folds,0.50,W,"[""TOI-W3-PROPOSAL-CFG-0009""]",Current-price remaining adverse excursion quantile to the original post-trigger deadline,Pinball loss at registered quantile; diagnostic coverage/order/width checks,Identical eligible held-out current D1 landmarks with prefix-known eligibility/weights; failed/expired/stagnant original paths represented lawfully; no eventual-success matching and no eventual landmark-count denominator,10,FIRST_CAUSALLY_RECOGNIZED_FORMING_ONSET; TEN_SUBSEQUENT_COMPLETED_NATIVE_BARS; ORIGIN_EXCLUDED,21,ORIGINAL_FIRST_FEASIBLE_P0_REFERENCE; SAME_ORIGINAL_DEADLINE_ACROSS_POLICIES_CLOCKS_AND_LANDMARKS,+1 frozen trigger ATR before -1 frozen trigger ATR; unresolved retained; ATR recipe requires source binding; adverse first passage is NOT structural fakeout,"OBSERVED_PREFIX_ONLY: predeclared elapsed-age landmarks; fixed weight for each eligible occurrence at a landmark, or separately frozen equal-snapshot normalization using only eligible cases already known at that snapshot; NEVER divide by eventual surviving landmark count; preserve proper at-risk exposure; current forecasts use remaining time to fixed origin deadline","{""hidden_hyperparameter_search"":false,""learned_sector_regime_theme_industry_axis"":false,""minimum_compression"":5,""model_binding"":""REQUIRES_EXACT_PRE_OUTCOME_SOURCE_BINDING"",""model_recipe_count"":1,""original_range_TTM_dependencies"":""SOURCE_BOUND"",""percentile"":25,""phenotype"":""PRICE_RELEASE_VOLUME_ATTRIBUTE_SEPARATE_RECONCILIATION_PENDING"",""quantile"":""0.50"",""release_window"":3}",PROPOSED_NOT_REGISTERED_HOLD,"Qualified program ancestry only: S16 esx_sq_phase0 has 12 historical declared trials and report/run evidence, not 12 newly reconstructed itemized rows; S16 v1.0 accruing/unshipped does not confer new clock/direction/model/consumer authority. Def4 is a separate DRAFT 10-trial/46-cell reservation with zero canonical ledger rows at Macro 5fc7af4a1aa2510966a7b566f97e5b894f2632f8. This proposal does not claim all-time search=12+218.","BEFORE_OUTCOMES: incumbent owner review and approval; qualified corpus/cutoff/source/session/basis/rights/PIT/known-time contracts for each clock; exact occurrence and reset law; S16 phenotype reconciliation; ATR/scale and label/fill/ambiguity binding; matching/support and draw/seed rules; exact M0/M1 estimator/features/regularization/calibration binding where applicable; prefix-known landmark schedule/weights; consumer margins, costs, precision/power and sufficiency gates; exact temporal folds and untouched-evidence proof; one inferential procedure; independent acceptance; resource estimate/budget; existing-ledger registration only through a separately approved admitted carrier","OFFLINE_RESEARCH_PROPOSAL_ONLY; no canonical trial ID, registration, admission, dispatch, outcome execution, production, rank, gate, size or promotion authority",TOI_Recovery_Masterplan_2026-10-03.md,K1-K9,0426631f0a2e3c7243530a2ad859c5e36857768c43d0649ab17210d1c2246be8
TOI-W3-PROPOSAL-CFG-0129,W3-B,REMAINING_MAE_MODEL,SIMPLE_FORECAST_MODEL,D1,Source-bound vol_squeeze.assess_series percentile25/minimum compression5/release window3/original range and TTM dependencies; historical price-release population retained; volume attribute separate; phenotype reconciliation pending,W,UP,P0_ORIGINAL_COHORT_REFERENCE,REMAINING_MAE,M1,One regularized discrete-time cause-model recipe or one regularized quantile-model recipe with fixed own-price/state/age/volatility/location/liquidity inputs; exact implementation pending; no hidden model/feature/penalty/calibration search,0.50,W,"[""TOI-W3-PROPOSAL-CFG-0009""]",Current-price remaining adverse excursion quantile to the original post-trigger deadline,Pinball loss at registered quantile; diagnostic coverage/order/width checks,Identical eligible held-out current D1 landmarks with prefix-known eligibility/weights; failed/expired/stagnant original paths represented lawfully; no eventual-success matching and no eventual landmark-count denominator,10,FIRST_CAUSALLY_RECOGNIZED_FORMING_ONSET; TEN_SUBSEQUENT_COMPLETED_NATIVE_BARS; ORIGIN_EXCLUDED,21,ORIGINAL_FIRST_FEASIBLE_P0_REFERENCE; SAME_ORIGINAL_DEADLINE_ACROSS_POLICIES_CLOCKS_AND_LANDMARKS,+1 frozen trigger ATR before -1 frozen trigger ATR; unresolved retained; ATR recipe requires source binding; adverse first passage is NOT structural fakeout,"OBSERVED_PREFIX_ONLY: predeclared elapsed-age landmarks; fixed weight for each eligible occurrence at a landmark, or separately frozen equal-snapshot normalization using only eligible cases already known at that snapshot; NEVER divide by eventual surviving landmark count; preserve proper at-risk exposure; current forecasts use remaining time to fixed origin deadline","{""hidden_hyperparameter_search"":false,""learned_sector_regime_theme_industry_axis"":false,""minimum_compression"":5,""model_binding"":""REQUIRES_EXACT_PRE_OUTCOME_SOURCE_BINDING"",""model_recipe_count"":1,""original_range_TTM_dependencies"":""SOURCE_BOUND"",""percentile"":25,""phenotype"":""PRICE_RELEASE_VOLUME_ATTRIBUTE_SEPARATE_RECONCILIATION_PENDING"",""quantile"":""0.50"",""release_window"":3}",PROPOSED_NOT_REGISTERED_HOLD,"Qualified program ancestry only: S16 esx_sq_phase0 has 12 historical declared trials and report/run evidence, not 12 newly reconstructed itemized rows; S16 v1.0 accruing/unshipped does not confer new clock/direction/model/consumer authority. Def4 is a separate DRAFT 10-trial/46-cell reservation with zero canonical ledger rows at Macro 5fc7af4a1aa2510966a7b566f97e5b894f2632f8. This proposal does not claim all-time search=12+218.","BEFORE_OUTCOMES: incumbent owner review and approval; qualified corpus/cutoff/source/session/basis/rights/PIT/known-time contracts for each clock; exact occurrence and reset law; S16 phenotype reconciliation; ATR/scale and label/fill/ambiguity binding; matching/support and draw/seed rules; exact M0/M1 estimator/features/regularization/calibration binding where applicable; prefix-known landmark schedule/weights; consumer margins, costs, precision/power and sufficiency gates; exact temporal folds and untouched-evidence proof; one inferential procedure; independent acceptance; resource estimate/budget; existing-ledger registration only through a separately approved admitted carrier","OFFLINE_RESEARCH_PROPOSAL_ONLY; no canonical trial ID, registration, admission, dispatch, outcome execution, production, rank, gate, size or promotion authority",TOI_Recovery_Masterplan_2026-10-03.md,K1-K9,0426631f0a2e3c7243530a2ad859c5e36857768c43d0649ab17210d1c2246be8
TOI-W3-PROPOSAL-CFG-0130,W3-B,REMAINING_MAE_MODEL,EMPIRICAL_BASELINE,D1,Source-bound vol_squeeze.assess_series percentile25/minimum compression5/release window3/original range and TTM dependencies; historical price-release population retained; volume attribute separate; phenotype reconciliation pending,W,UP,P0_ORIGINAL_COHORT_REFERENCE,REMAINING_MAE,M0,Elapsed-age/clock empirical transition distribution or corresponding empirical excursion quantile; one bound estimation/support rule reused across folds,0.90,W,"[""TOI-W3-PROPOSAL-CFG-0009""]",Current-price remaining adverse excursion quantile to the original post-trigger deadline,Pinball loss at registered quantile; diagnostic coverage/order/width checks,Identical eligible held-out current D1 landmarks with prefix-known eligibility/weights; failed/expired/stagnant original paths represented lawfully; no eventual-success matching and no eventual landmark-count denominator,10,FIRST_CAUSALLY_RECOGNIZED_FORMING_ONSET; TEN_SUBSEQUENT_COMPLETED_NATIVE_BARS; ORIGIN_EXCLUDED,21,ORIGINAL_FIRST_FEASIBLE_P0_REFERENCE; SAME_ORIGINAL_DEADLINE_ACROSS_POLICIES_CLOCKS_AND_LANDMARKS,+1 frozen trigger ATR before -1 frozen trigger ATR; unresolved retained; ATR recipe requires source binding; adverse first passage is NOT structural fakeout,"OBSERVED_PREFIX_ONLY: predeclared elapsed-age landmarks; fixed weight for each eligible occurrence at a landmark, or separately frozen equal-snapshot normalization using only eligible cases already known at that snapshot; NEVER divide by eventual surviving landmark count; preserve proper at-risk exposure; current forecasts use remaining time to fixed origin deadline","{""hidden_hyperparameter_search"":false,""learned_sector_regime_theme_industry_axis"":false,""minimum_compression"":5,""model_binding"":""REQUIRES_EXACT_PRE_OUTCOME_SOURCE_BINDING"",""model_recipe_count"":1,""original_range_TTM_dependencies"":""SOURCE_BOUND"",""percentile"":25,""phenotype"":""PRICE_RELEASE_VOLUME_ATTRIBUTE_SEPARATE_RECONCILIATION_PENDING"",""quantile"":""0.90"",""release_window"":3}",PROPOSED_NOT_REGISTERED_HOLD,"Qualified program ancestry only: S16 esx_sq_phase0 has 12 historical declared trials and report/run evidence, not 12 newly reconstructed itemized rows; S16 v1.0 accruing/unshipped does not confer new clock/direction/model/consumer authority. Def4 is a separate DRAFT 10-trial/46-cell reservation with zero canonical ledger rows at Macro 5fc7af4a1aa2510966a7b566f97e5b894f2632f8. This proposal does not claim all-time search=12+218.","BEFORE_OUTCOMES: incumbent owner review and approval; qualified corpus/cutoff/source/session/basis/rights/PIT/known-time contracts for each clock; exact occurrence and reset law; S16 phenotype reconciliation; ATR/scale and label/fill/ambiguity binding; matching/support and draw/seed rules; exact M0/M1 estimator/features/regularization/calibration binding where applicable; prefix-known landmark schedule/weights; consumer margins, costs, precision/power and sufficiency gates; exact temporal folds and untouched-evidence proof; one inferential procedure; independent acceptance; resource estimate/budget; existing-ledger registration only through a separately approved admitted carrier","OFFLINE_RESEARCH_PROPOSAL_ONLY; no canonical trial ID, registration, admission, dispatch, outcome execution, production, rank, gate, size or promotion authority",TOI_Recovery_Masterplan_2026-10-03.md,K1-K9,0426631f0a2e3c7243530a2ad859c5e36857768c43d0649ab17210d1c2246be8
TOI-W3-PROPOSAL-CFG-0131,W3-B,REMAINING_MAE_MODEL,SIMPLE_FORECAST_MODEL,D1,Source-bound vol_squeeze.assess_series percentile25/minimum compression5/release window3/original range and TTM dependencies; historical price-release population retained; volume attribute separate; phenotype reconciliation pending,W,UP,P0_ORIGINAL_COHORT_REFERENCE,REMAINING_MAE,M1,One regularized discrete-time cause-model recipe or one regularized quantile-model recipe with fixed own-price/state/age/volatility/location/liquidity inputs; exact implementation pending; no hidden model/feature/penalty/calibration search,0.90,W,"[""TOI-W3-PROPOSAL-CFG-0009""]",Current-price remaining adverse excursion quantile to the original post-trigger deadline,Pinball loss at registered quantile; diagnostic coverage/order/width checks,Identical eligible held-out current D1 landmarks with prefix-known eligibility/weights; failed/expired/stagnant original paths represented lawfully; no eventual-success matching and no eventual landmark-count denominator,10,FIRST_CAUSALLY_RECOGNIZED_FORMING_ONSET; TEN_SUBSEQUENT_COMPLETED_NATIVE_BARS; ORIGIN_EXCLUDED,21,ORIGINAL_FIRST_FEASIBLE_P0_REFERENCE; SAME_ORIGINAL_DEADLINE_ACROSS_POLICIES_CLOCKS_AND_LANDMARKS,+1 frozen trigger ATR before -1 frozen trigger ATR; unresolved retained; ATR recipe requires source binding; adverse first passage is NOT structural fakeout,"OBSERVED_PREFIX_ONLY: predeclared elapsed-age landmarks; fixed weight for each eligible occurrence at a landmark, or separately frozen equal-snapshot normalization using only eligible cases already known at that snapshot; NEVER divide by eventual surviving landmark count; preserve proper at-risk exposure; current forecasts use remaining time to fixed origin deadline","{""hidden_hyperparameter_search"":false,""learned_sector_regime_theme_industry_axis"":false,""minimum_compression"":5,""model_binding"":""REQUIRES_EXACT_PRE_OUTCOME_SOURCE_BINDING"",""model_recipe_count"":1,""original_range_TTM_dependencies"":""SOURCE_BOUND"",""percentile"":25,""phenotype"":""PRICE_RELEASE_VOLUME_ATTRIBUTE_SEPARATE_RECONCILIATION_PENDING"",""quantile"":""0.90"",""release_window"":3}",PROPOSED_NOT_REGISTERED_HOLD,"Qualified program ancestry only: S16 esx_sq_phase0 has 12 historical declared trials and report/run evidence, not 12 newly reconstructed itemized rows; S16 v1.0 accruing/unshipped does not confer new clock/direction/model/consumer authority. Def4 is a separate DRAFT 10-trial/46-cell reservation with zero canonical ledger rows at Macro 5fc7af4a1aa2510966a7b566f97e5b894f2632f8. This proposal does not claim all-time search=12+218.","BEFORE_OUTCOMES: incumbent owner review and approval; qualified corpus/cutoff/source/session/basis/rights/PIT/known-time contracts for each clock; exact occurrence and reset law; S16 phenotype reconciliation; ATR/scale and label/fill/ambiguity binding; matching/support and draw/seed rules; exact M0/M1 estimator/features/regularization/calibration binding where applicable; prefix-known landmark schedule/weights; consumer margins, costs, precision/power and sufficiency gates; exact temporal folds and untouched-evidence proof; one inferential procedure; independent acceptance; resource estimate/budget; existing-ledger registration only through a separately approved admitted carrier","OFFLINE_RESEARCH_PROPOSAL_ONLY; no canonical trial ID, registration, admission, dispatch, outcome execution, production, rank, gate, size or promotion authority",TOI_Recovery_Masterplan_2026-10-03.md,K1-K9,0426631f0a2e3c7243530a2ad859c5e36857768c43d0649ab17210d1c2246be8
TOI-W3-PROPOSAL-CFG-0132,W3-B,REMAINING_MAE_MODEL,EMPIRICAL_BASELINE,D1,Source-bound vol_squeeze.assess_series percentile25/minimum compression5/release window3/original range and TTM dependencies; historical price-release population retained; volume attribute separate; phenotype reconciliation pending,W,DOWN,P0_ORIGINAL_COHORT_REFERENCE,REMAINING_MAE,M0,Elapsed-age/clock empirical transition distribution or corresponding empirical excursion quantile; one bound estimation/support rule reused across folds,0.10,W,"[""TOI-W3-PROPOSAL-CFG-0010""]",Current-price remaining adverse excursion quantile to the original post-trigger deadline,Pinball loss at registered quantile; diagnostic coverage/order/width checks,Identical eligible held-out current D1 landmarks with prefix-known eligibility/weights; failed/expired/stagnant original paths represented lawfully; no eventual-success matching and no eventual landmark-count denominator,10,FIRST_CAUSALLY_RECOGNIZED_FORMING_ONSET; TEN_SUBSEQUENT_COMPLETED_NATIVE_BARS; ORIGIN_EXCLUDED,21,ORIGINAL_FIRST_FEASIBLE_P0_REFERENCE; SAME_ORIGINAL_DEADLINE_ACROSS_POLICIES_CLOCKS_AND_LANDMARKS,+1 frozen trigger ATR before -1 frozen trigger ATR; unresolved retained; ATR recipe requires source binding; adverse first passage is NOT structural fakeout,"OBSERVED_PREFIX_ONLY: predeclared elapsed-age landmarks; fixed weight for each eligible occurrence at a landmark, or separately frozen equal-snapshot normalization using only eligible cases already known at that snapshot; NEVER divide by eventual surviving landmark count; preserve proper at-risk exposure; current forecasts use remaining time to fixed origin deadline","{""hidden_hyperparameter_search"":false,""learned_sector_regime_theme_industry_axis"":false,""minimum_compression"":5,""model_binding"":""REQUIRES_EXACT_PRE_OUTCOME_SOURCE_BINDING"",""model_recipe_count"":1,""original_range_TTM_dependencies"":""SOURCE_BOUND"",""percentile"":25,""phenotype"":""PRICE_RELEASE_VOLUME_ATTRIBUTE_SEPARATE_RECONCILIATION_PENDING"",""quantile"":""0.10"",""release_window"":3}",PROPOSED_NOT_REGISTERED_HOLD,"Qualified program ancestry only: S16 esx_sq_phase0 has 12 historical declared trials and report/run evidence, not 12 newly reconstructed itemized rows; S16 v1.0 accruing/unshipped does not confer new clock/direction/model/consumer authority. Def4 is a separate DRAFT 10-trial/46-cell reservation with zero canonical ledger rows at Macro 5fc7af4a1aa2510966a7b566f97e5b894f2632f8. This proposal does not claim all-time search=12+218.","BEFORE_OUTCOMES: incumbent owner review and approval; qualified corpus/cutoff/source/session/basis/rights/PIT/known-time contracts for each clock; exact occurrence and reset law; S16 phenotype reconciliation; ATR/scale and label/fill/ambiguity binding; matching/support and draw/seed rules; exact M0/M1 estimator/features/regularization/calibration binding where applicable; prefix-known landmark schedule/weights; consumer margins, costs, precision/power and sufficiency gates; exact temporal folds and untouched-evidence proof; one inferential procedure; independent acceptance; resource estimate/budget; existing-ledger registration only through a separately approved admitted carrier","OFFLINE_RESEARCH_PROPOSAL_ONLY; no canonical trial ID, registration, admission, dispatch, outcome execution, production, rank, gate, size or promotion authority",TOI_Recovery_Masterplan_2026-10-03.md,K1-K9,0426631f0a2e3c7243530a2ad859c5e36857768c43d0649ab17210d1c2246be8
TOI-W3-PROPOSAL-CFG-0133,W3-B,REMAINING_MAE_MODEL,SIMPLE_FORECAST_MODEL,D1,Source-bound vol_squeeze.assess_series percentile25/minimum compression5/release window3/original range and TTM dependencies; historical price-release population retained; volume attribute separate; phenotype reconciliation pending,W,DOWN,P0_ORIGINAL_COHORT_REFERENCE,REMAINING_MAE,M1,One regularized discrete-time cause-model recipe or one regularized quantile-model recipe with fixed own-price/state/age/volatility/location/liquidity inputs; exact implementation pending; no hidden model/feature/penalty/calibration search,0.10,W,"[""TOI-W3-PROPOSAL-CFG-0010""]",Current-price remaining adverse excursion quantile to the original post-trigger deadline,Pinball loss at registered quantile; diagnostic coverage/order/width checks,Identical eligible held-out current D1 landmarks with prefix-known eligibility/weights; failed/expired/stagnant original paths represented lawfully; no eventual-success matching and no eventual landmark-count denominator,10,FIRST_CAUSALLY_RECOGNIZED_FORMING_ONSET; TEN_SUBSEQUENT_COMPLETED_NATIVE_BARS; ORIGIN_EXCLUDED,21,ORIGINAL_FIRST_FEASIBLE_P0_REFERENCE; SAME_ORIGINAL_DEADLINE_ACROSS_POLICIES_CLOCKS_AND_LANDMARKS,+1 frozen trigger ATR before -1 frozen trigger ATR; unresolved retained; ATR recipe requires source binding; adverse first passage is NOT structural fakeout,"OBSERVED_PREFIX_ONLY: predeclared elapsed-age landmarks; fixed weight for each eligible occurrence at a landmark, or separately frozen equal-snapshot normalization using only eligible cases already known at that snapshot; NEVER divide by eventual surviving landmark count; preserve proper at-risk exposure; current forecasts use remaining time to fixed origin deadline","{""hidden_hyperparameter_search"":false,""learned_sector_regime_theme_industry_axis"":false,""minimum_compression"":5,""model_binding"":""REQUIRES_EXACT_PRE_OUTCOME_SOURCE_BINDING"",""model_recipe_count"":1,""original_range_TTM_dependencies"":""SOURCE_BOUND"",""percentile"":25,""phenotype"":""PRICE_RELEASE_VOLUME_ATTRIBUTE_SEPARATE_RECONCILIATION_PENDING"",""quantile"":""0.10"",""release_window"":3}",PROPOSED_NOT_REGISTERED_HOLD,"Qualified program ancestry only: S16 esx_sq_phase0 has 12 historical declared trials and report/run evidence, not 12 newly reconstructed itemized rows; S16 v1.0 accruing/unshipped does not confer new clock/direction/model/consumer authority. Def4 is a separate DRAFT 10-trial/46-cell reservation with zero canonical ledger rows at Macro 5fc7af4a1aa2510966a7b566f97e5b894f2632f8. This proposal does not claim all-time search=12+218.","BEFORE_OUTCOMES: incumbent owner review and approval; qualified corpus/cutoff/source/session/basis/rights/PIT/known-time contracts for each clock; exact occurrence and reset law; S16 phenotype reconciliation; ATR/scale and label/fill/ambiguity binding; matching/support and draw/seed rules; exact M0/M1 estimator/features/regularization/calibration binding where applicable; prefix-known landmark schedule/weights; consumer margins, costs, precision/power and sufficiency gates; exact temporal folds and untouched-evidence proof; one inferential procedure; independent acceptance; resource estimate/budget; existing-ledger registration only through a separately approved admitted carrier","OFFLINE_RESEARCH_PROPOSAL_ONLY; no canonical trial ID, registration, admission, dispatch, outcome execution, production, rank, gate, size or promotion authority",TOI_Recovery_Masterplan_2026-10-03.md,K1-K9,0426631f0a2e3c7243530a2ad859c5e36857768c43d0649ab17210d1c2246be8
TOI-W3-PROPOSAL-CFG-0134,W3-B,REMAINING_MAE_MODEL,EMPIRICAL_BASELINE,D1,Source-bound vol_squeeze.assess_series percentile25/minimum compression5/release window3/original range and TTM dependencies; historical price-release population retained; volume attribute separate; phenotype reconciliation pending,W,DOWN,P0_ORIGINAL_COHORT_REFERENCE,REMAINING_MAE,M0,Elapsed-age/clock empirical transition distribution or corresponding empirical excursion quantile; one bound estimation/support rule reused across folds,0.50,W,"[""TOI-W3-PROPOSAL-CFG-0010""]",Current-price remaining adverse excursion quantile to the original post-trigger deadline,Pinball loss at registered quantile; diagnostic coverage/order/width checks,Identical eligible held-out current D1 landmarks with prefix-known eligibility/weights; failed/expired/stagnant original paths represented lawfully; no eventual-success matching and no eventual landmark-count denominator,10,FIRST_CAUSALLY_RECOGNIZED_FORMING_ONSET; TEN_SUBSEQUENT_COMPLETED_NATIVE_BARS; ORIGIN_EXCLUDED,21,ORIGINAL_FIRST_FEASIBLE_P0_REFERENCE; SAME_ORIGINAL_DEADLINE_ACROSS_POLICIES_CLOCKS_AND_LANDMARKS,+1 frozen trigger ATR before -1 frozen trigger ATR; unresolved retained; ATR recipe requires source binding; adverse first passage is NOT structural fakeout,"OBSERVED_PREFIX_ONLY: predeclared elapsed-age landmarks; fixed weight for each eligible occurrence at a landmark, or separately frozen equal-snapshot normalization using only eligible cases already known at that snapshot; NEVER divide by eventual surviving landmark count; preserve proper at-risk exposure; current forecasts use remaining time to fixed origin deadline","{""hidden_hyperparameter_search"":false,""learned_sector_regime_theme_industry_axis"":false,""minimum_compression"":5,""model_binding"":""REQUIRES_EXACT_PRE_OUTCOME_SOURCE_BINDING"",""model_recipe_count"":1,""original_range_TTM_dependencies"":""SOURCE_BOUND"",""percentile"":25,""phenotype"":""PRICE_RELEASE_VOLUME_ATTRIBUTE_SEPARATE_RECONCILIATION_PENDING"",""quantile"":""0.50"",""release_window"":3}",PROPOSED_NOT_REGISTERED_HOLD,"Qualified program ancestry only: S16 esx_sq_phase0 has 12 historical declared trials and report/run evidence, not 12 newly reconstructed itemized rows; S16 v1.0 accruing/unshipped does not confer new clock/direction/model/consumer authority. Def4 is a separate DRAFT 10-trial/46-cell reservation with zero canonical ledger rows at Macro 5fc7af4a1aa2510966a7b566f97e5b894f2632f8. This proposal does not claim all-time search=12+218.","BEFORE_OUTCOMES: incumbent owner review and approval; qualified corpus/cutoff/source/session/basis/rights/PIT/known-time contracts for each clock; exact occurrence and reset law; S16 phenotype reconciliation; ATR/scale and label/fill/ambiguity binding; matching/support and draw/seed rules; exact M0/M1 estimator/features/regularization/calibration binding where applicable; prefix-known landmark schedule/weights; consumer margins, costs, precision/power and sufficiency gates; exact temporal folds and untouched-evidence proof; one inferential procedure; independent acceptance; resource estimate/budget; existing-ledger registration only through a separately approved admitted carrier","OFFLINE_RESEARCH_PROPOSAL_ONLY; no canonical trial ID, registration, admission, dispatch, outcome execution, production, rank, gate, size or promotion authority",TOI_Recovery_Masterplan_2026-10-03.md,K1-K9,0426631f0a2e3c7243530a2ad859c5e36857768c43d0649ab17210d1c2246be8
TOI-W3-PROPOSAL-CFG-0135,W3-B,REMAINING_MAE_MODEL,SIMPLE_FORECAST_MODEL,D1,Source-bound vol_squeeze.assess_series percentile25/minimum compression5/release window3/original range and TTM dependencies; historical price-release population retained; volume attribute separate; phenotype reconciliation pending,W,DOWN,P0_ORIGINAL_COHORT_REFERENCE,REMAINING_MAE,M1,One regularized discrete-time cause-model recipe or one regularized quantile-model recipe with fixed own-price/state/age/volatility/location/liquidity inputs; exact implementation pending; no hidden model/feature/penalty/calibration search,0.50,W,"[""TOI-W3-PROPOSAL-CFG-0010""]",Current-price remaining adverse excursion quantile to the original post-trigger deadline,Pinball loss at registered quantile; diagnostic coverage/order/width checks,Identical eligible held-out current D1 landmarks with prefix-known eligibility/weights; failed/expired/stagnant original paths represented lawfully; no eventual-success matching and no eventual landmark-count denominator,10,FIRST_CAUSALLY_RECOGNIZED_FORMING_ONSET; TEN_SUBSEQUENT_COMPLETED_NATIVE_BARS; ORIGIN_EXCLUDED,21,ORIGINAL_FIRST_FEASIBLE_P0_REFERENCE; SAME_ORIGINAL_DEADLINE_ACROSS_POLICIES_CLOCKS_AND_LANDMARKS,+1 frozen trigger ATR before -1 frozen trigger ATR; unresolved retained; ATR recipe requires source binding; adverse first passage is NOT structural fakeout,"OBSERVED_PREFIX_ONLY: predeclared elapsed-age landmarks; fixed weight for each eligible occurrence at a landmark, or separately frozen equal-snapshot normalization using only eligible cases already known at that snapshot; NEVER divide by eventual surviving landmark count; preserve proper at-risk exposure; current forecasts use remaining time to fixed origin deadline","{""hidden_hyperparameter_search"":false,""learned_sector_regime_theme_industry_axis"":false,""minimum_compression"":5,""model_binding"":""REQUIRES_EXACT_PRE_OUTCOME_SOURCE_BINDING"",""model_recipe_count"":1,""original_range_TTM_dependencies"":""SOURCE_BOUND"",""percentile"":25,""phenotype"":""PRICE_RELEASE_VOLUME_ATTRIBUTE_SEPARATE_RECONCILIATION_PENDING"",""quantile"":""0.50"",""release_window"":3}",PROPOSED_NOT_REGISTERED_HOLD,"Qualified program ancestry only: S16 esx_sq_phase0 has 12 historical declared trials and report/run evidence, not 12 newly reconstructed itemized rows; S16 v1.0 accruing/unshipped does not confer new clock/direction/model/consumer authority. Def4 is a separate DRAFT 10-trial/46-cell reservation with zero canonical ledger rows at Macro 5fc7af4a1aa2510966a7b566f97e5b894f2632f8. This proposal does not claim all-time search=12+218.","BEFORE_OUTCOMES: incumbent owner review and approval; qualified corpus/cutoff/source/session/basis/rights/PIT/known-time contracts for each clock; exact occurrence and reset law; S16 phenotype reconciliation; ATR/scale and label/fill/ambiguity binding; matching/support and draw/seed rules; exact M0/M1 estimator/features/regularization/calibration binding where applicable; prefix-known landmark schedule/weights; consumer margins, costs, precision/power and sufficiency gates; exact temporal folds and untouched-evidence proof; one inferential procedure; independent acceptance; resource estimate/budget; existing-ledger registration only through a separately approved admitted carrier","OFFLINE_RESEARCH_PROPOSAL_ONLY; no canonical trial ID, registration, admission, dispatch, outcome execution, production, rank, gate, size or promotion authority",TOI_Recovery_Masterplan_2026-10-03.md,K1-K9,0426631f0a2e3c7243530a2ad859c5e36857768c43d0649ab17210d1c2246be8
TOI-W3-PROPOSAL-CFG-0136,W3-B,REMAINING_MAE_MODEL,EMPIRICAL_BASELINE,D1,Source-bound vol_squeeze.assess_series percentile25/minimum compression5/release window3/original range and TTM dependencies; historical price-release population retained; volume attribute separate; phenotype reconciliation pending,W,DOWN,P0_ORIGINAL_COHORT_REFERENCE,REMAINING_MAE,M0,Elapsed-age/clock empirical transition distribution or corresponding empirical excursion quantile; one bound estimation/support rule reused across folds,0.90,W,"[""TOI-W3-PROPOSAL-CFG-0010""]",Current-price remaining adverse excursion quantile to the original post-trigger deadline,Pinball loss at registered quantile; diagnostic coverage/order/width checks,Identical eligible held-out current D1 landmarks with prefix-known eligibility/weights; failed/expired/stagnant original paths represented lawfully; no eventual-success matching and no eventual landmark-count denominator,10,FIRST_CAUSALLY_RECOGNIZED_FORMING_ONSET; TEN_SUBSEQUENT_COMPLETED_NATIVE_BARS; ORIGIN_EXCLUDED,21,ORIGINAL_FIRST_FEASIBLE_P0_REFERENCE; SAME_ORIGINAL_DEADLINE_ACROSS_POLICIES_CLOCKS_AND_LANDMARKS,+1 frozen trigger ATR before -1 frozen trigger ATR; unresolved retained; ATR recipe requires source binding; adverse first passage is NOT structural fakeout,"OBSERVED_PREFIX_ONLY: predeclared elapsed-age landmarks; fixed weight for each eligible occurrence at a landmark, or separately frozen equal-snapshot normalization using only eligible cases already known at that snapshot; NEVER divide by eventual surviving landmark count; preserve proper at-risk exposure; current forecasts use remaining time to fixed origin deadline","{""hidden_hyperparameter_search"":false,""learned_sector_regime_theme_industry_axis"":false,""minimum_compression"":5,""model_binding"":""REQUIRES_EXACT_PRE_OUTCOME_SOURCE_BINDING"",""model_recipe_count"":1,""original_range_TTM_dependencies"":""SOURCE_BOUND"",""percentile"":25,""phenotype"":""PRICE_RELEASE_VOLUME_ATTRIBUTE_SEPARATE_RECONCILIATION_PENDING"",""quantile"":""0.90"",""release_window"":3}",PROPOSED_NOT_REGISTERED_HOLD,"Qualified program ancestry only: S16 esx_sq_phase0 has 12 historical declared trials and report/run evidence, not 12 newly reconstructed itemized rows; S16 v1.0 accruing/unshipped does not confer new clock/direction/model/consumer authority. Def4 is a separate DRAFT 10-trial/46-cell reservation with zero canonical ledger rows at Macro 5fc7af4a1aa2510966a7b566f97e5b894f2632f8. This proposal does not claim all-time search=12+218.","BEFORE_OUTCOMES: incumbent owner review and approval; qualified corpus/cutoff/source/session/basis/rights/PIT/known-time contracts for each clock; exact occurrence and reset law; S16 phenotype reconciliation; ATR/scale and label/fill/ambiguity binding; matching/support and draw/seed rules; exact M0/M1 estimator/features/regularization/calibration binding where applicable; prefix-known landmark schedule/weights; consumer margins, costs, precision/power and sufficiency gates; exact temporal folds and untouched-evidence proof; one inferential procedure; independent acceptance; resource estimate/budget; existing-ledger registration only through a separately approved admitted carrier","OFFLINE_RESEARCH_PROPOSAL_ONLY; no canonical trial ID, registration, admission, dispatch, outcome execution, production, rank, gate, size or promotion authority",TOI_Recovery_Masterplan_2026-10-03.md,K1-K9,0426631f0a2e3c7243530a2ad859c5e36857768c43d0649ab17210d1c2246be8
TOI-W3-PROPOSAL-CFG-0137,W3-B,REMAINING_MAE_MODEL,SIMPLE_FORECAST_MODEL,D1,Source-bound vol_squeeze.assess_series percentile25/minimum compression5/release window3/original range and TTM dependencies; historical price-release population retained; volume attribute separate; phenotype reconciliation pending,W,DOWN,P0_ORIGINAL_COHORT_REFERENCE,REMAINING_MAE,M1,One regularized discrete-time cause-model recipe or one regularized quantile-model recipe with fixed own-price/state/age/volatility/location/liquidity inputs; exact implementation pending; no hidden model/feature/penalty/calibration search,0.90,W,"[""TOI-W3-PROPOSAL-CFG-0010""]",Current-price remaining adverse excursion quantile to the original post-trigger deadline,Pinball loss at registered quantile; diagnostic coverage/order/width checks,Identical eligible held-out current D1 landmarks with prefix-known eligibility/weights; failed/expired/stagnant original paths represented lawfully; no eventual-success matching and no eventual landmark-count denominator,10,FIRST_CAUSALLY_RECOGNIZED_FORMING_ONSET; TEN_SUBSEQUENT_COMPLETED_NATIVE_BARS; ORIGIN_EXCLUDED,21,ORIGINAL_FIRST_FEASIBLE_P0_REFERENCE; SAME_ORIGINAL_DEADLINE_ACROSS_POLICIES_CLOCKS_AND_LANDMARKS,+1 frozen trigger ATR before -1 frozen trigger ATR; unresolved retained; ATR recipe requires source binding; adverse first passage is NOT structural fakeout,"OBSERVED_PREFIX_ONLY: predeclared elapsed-age landmarks; fixed weight for each eligible occurrence at a landmark, or separately frozen equal-snapshot normalization using only eligible cases already known at that snapshot; NEVER divide by eventual surviving landmark count; preserve proper at-risk exposure; current forecasts use remaining time to fixed origin deadline","{""hidden_hyperparameter_search"":false,""learned_sector_regime_theme_industry_axis"":false,""minimum_compression"":5,""model_binding"":""REQUIRES_EXACT_PRE_OUTCOME_SOURCE_BINDING"",""model_recipe_count"":1,""original_range_TTM_dependencies"":""SOURCE_BOUND"",""percentile"":25,""phenotype"":""PRICE_RELEASE_VOLUME_ATTRIBUTE_SEPARATE_RECONCILIATION_PENDING"",""quantile"":""0.90"",""release_window"":3}",PROPOSED_NOT_REGISTERED_HOLD,"Qualified program ancestry only: S16 esx_sq_phase0 has 12 historical declared trials and report/run evidence, not 12 newly reconstructed itemized rows; S16 v1.0 accruing/unshipped does not confer new clock/direction/model/consumer authority. Def4 is a separate DRAFT 10-trial/46-cell reservation with zero canonical ledger rows at Macro 5fc7af4a1aa2510966a7b566f97e5b894f2632f8. This proposal does not claim all-time search=12+218.","BEFORE_OUTCOMES: incumbent owner review and approval; qualified corpus/cutoff/source/session/basis/rights/PIT/known-time contracts for each clock; exact occurrence and reset law; S16 phenotype reconciliation; ATR/scale and label/fill/ambiguity binding; matching/support and draw/seed rules; exact M0/M1 estimator/features/regularization/calibration binding where applicable; prefix-known landmark schedule/weights; consumer margins, costs, precision/power and sufficiency gates; exact temporal folds and untouched-evidence proof; one inferential procedure; independent acceptance; resource estimate/budget; existing-ledger registration only through a separately approved admitted carrier","OFFLINE_RESEARCH_PROPOSAL_ONLY; no canonical trial ID, registration, admission, dispatch, outcome execution, production, rank, gate, size or promotion authority",TOI_Recovery_Masterplan_2026-10-03.md,K1-K9,0426631f0a2e3c7243530a2ad859c5e36857768c43d0649ab17210d1c2246be8
TOI-W3-PROPOSAL-CFG-0138,W3-B,REMAINING_MAE_MODEL,EMPIRICAL_BASELINE,D1,Source-bound vol_squeeze.assess_series percentile25/minimum compression5/release window3/original range and TTM dependencies; historical price-release population retained; volume attribute separate; phenotype reconciliation pending,D,UP,P0_ORIGINAL_COHORT_REFERENCE,REMAINING_MAE,M0,Elapsed-age/clock empirical transition distribution or corresponding empirical excursion quantile; one bound estimation/support rule reused across folds,0.10,D,"[""TOI-W3-PROPOSAL-CFG-0011""]",Current-price remaining adverse excursion quantile to the original post-trigger deadline,Pinball loss at registered quantile; diagnostic coverage/order/width checks,Identical eligible held-out current D1 landmarks with prefix-known eligibility/weights; failed/expired/stagnant original paths represented lawfully; no eventual-success matching and no eventual landmark-count denominator,10,FIRST_CAUSALLY_RECOGNIZED_FORMING_ONSET; TEN_SUBSEQUENT_COMPLETED_NATIVE_BARS; ORIGIN_EXCLUDED,21,ORIGINAL_FIRST_FEASIBLE_P0_REFERENCE; SAME_ORIGINAL_DEADLINE_ACROSS_POLICIES_CLOCKS_AND_LANDMARKS,+1 frozen trigger ATR before -1 frozen trigger ATR; unresolved retained; ATR recipe requires source binding; adverse first passage is NOT structural fakeout,"OBSERVED_PREFIX_ONLY: predeclared elapsed-age landmarks; fixed weight for each eligible occurrence at a landmark, or separately frozen equal-snapshot normalization using only eligible cases already known at that snapshot; NEVER divide by eventual surviving landmark count; preserve proper at-risk exposure; current forecasts use remaining time to fixed origin deadline","{""hidden_hyperparameter_search"":false,""learned_sector_regime_theme_industry_axis"":false,""minimum_compression"":5,""model_binding"":""REQUIRES_EXACT_PRE_OUTCOME_SOURCE_BINDING"",""model_recipe_count"":1,""original_range_TTM_dependencies"":""SOURCE_BOUND"",""percentile"":25,""phenotype"":""PRICE_RELEASE_VOLUME_ATTRIBUTE_SEPARATE_RECONCILIATION_PENDING"",""quantile"":""0.10"",""release_window"":3}",PROPOSED_NOT_REGISTERED_HOLD,"Qualified program ancestry only: S16 esx_sq_phase0 has 12 historical declared trials and report/run evidence, not 12 newly reconstructed itemized rows; S16 v1.0 accruing/unshipped does not confer new clock/direction/model/consumer authority. Def4 is a separate DRAFT 10-trial/46-cell reservation with zero canonical ledger rows at Macro 5fc7af4a1aa2510966a7b566f97e5b894f2632f8. This proposal does not claim all-time search=12+218.","BEFORE_OUTCOMES: incumbent owner review and approval; qualified corpus/cutoff/source/session/basis/rights/PIT/known-time contracts for each clock; exact occurrence and reset law; S16 phenotype reconciliation; ATR/scale and label/fill/ambiguity binding; matching/support and draw/seed rules; exact M0/M1 estimator/features/regularization/calibration binding where applicable; prefix-known landmark schedule/weights; consumer margins, costs, precision/power and sufficiency gates; exact temporal folds and untouched-evidence proof; one inferential procedure; independent acceptance; resource estimate/budget; existing-ledger registration only through a separately approved admitted carrier","OFFLINE_RESEARCH_PROPOSAL_ONLY; no canonical trial ID, registration, admission, dispatch, outcome execution, production, rank, gate, size or promotion authority",TOI_Recovery_Masterplan_2026-10-03.md,K1-K9,0426631f0a2e3c7243530a2ad859c5e36857768c43d0649ab17210d1c2246be8
TOI-W3-PROPOSAL-CFG-0139,W3-B,REMAINING_MAE_MODEL,SIMPLE_FORECAST_MODEL,D1,Source-bound vol_squeeze.assess_series percentile25/minimum compression5/release window3/original range and TTM dependencies; historical price-release population retained; volume attribute separate; phenotype reconciliation pending,D,UP,P0_ORIGINAL_COHORT_REFERENCE,REMAINING_MAE,M1,One regularized discrete-time cause-model recipe or one regularized quantile-model recipe with fixed own-price/state/age/volatility/location/liquidity inputs; exact implementation pending; no hidden model/feature/penalty/calibration search,0.10,D,"[""TOI-W3-PROPOSAL-CFG-0011""]",Current-price remaining adverse excursion quantile to the original post-trigger deadline,Pinball loss at registered quantile; diagnostic coverage/order/width checks,Identical eligible held-out current D1 landmarks with prefix-known eligibility/weights; failed/expired/stagnant original paths represented lawfully; no eventual-success matching and no eventual landmark-count denominator,10,FIRST_CAUSALLY_RECOGNIZED_FORMING_ONSET; TEN_SUBSEQUENT_COMPLETED_NATIVE_BARS; ORIGIN_EXCLUDED,21,ORIGINAL_FIRST_FEASIBLE_P0_REFERENCE; SAME_ORIGINAL_DEADLINE_ACROSS_POLICIES_CLOCKS_AND_LANDMARKS,+1 frozen trigger ATR before -1 frozen trigger ATR; unresolved retained; ATR recipe requires source binding; adverse first passage is NOT structural fakeout,"OBSERVED_PREFIX_ONLY: predeclared elapsed-age landmarks; fixed weight for each eligible occurrence at a landmark, or separately frozen equal-snapshot normalization using only eligible cases already known at that snapshot; NEVER divide by eventual surviving landmark count; preserve proper at-risk exposure; current forecasts use remaining time to fixed origin deadline","{""hidden_hyperparameter_search"":false,""learned_sector_regime_theme_industry_axis"":false,""minimum_compression"":5,""model_binding"":""REQUIRES_EXACT_PRE_OUTCOME_SOURCE_BINDING"",""model_recipe_count"":1,""original_range_TTM_dependencies"":""SOURCE_BOUND"",""percentile"":25,""phenotype"":""PRICE_RELEASE_VOLUME_ATTRIBUTE_SEPARATE_RECONCILIATION_PENDING"",""quantile"":""0.10"",""release_window"":3}",PROPOSED_NOT_REGISTERED_HOLD,"Qualified program ancestry only: S16 esx_sq_phase0 has 12 historical declared trials and report/run evidence, not 12 newly reconstructed itemized rows; S16 v1.0 accruing/unshipped does not confer new clock/direction/model/consumer authority. Def4 is a separate DRAFT 10-trial/46-cell reservation with zero canonical ledger rows at Macro 5fc7af4a1aa2510966a7b566f97e5b894f2632f8. This proposal does not claim all-time search=12+218.","BEFORE_OUTCOMES: incumbent owner review and approval; qualified corpus/cutoff/source/session/basis/rights/PIT/known-time contracts for each clock; exact occurrence and reset law; S16 phenotype reconciliation; ATR/scale and label/fill/ambiguity binding; matching/support and draw/seed rules; exact M0/M1 estimator/features/regularization/calibration binding where applicable; prefix-known landmark schedule/weights; consumer margins, costs, precision/power and sufficiency gates; exact temporal folds and untouched-evidence proof; one inferential procedure; independent acceptance; resource estimate/budget; existing-ledger registration only through a separately approved admitted carrier","OFFLINE_RESEARCH_PROPOSAL_ONLY; no canonical trial ID, registration, admission, dispatch, outcome execution, production, rank, gate, size or promotion authority",TOI_Recovery_Masterplan_2026-10-03.md,K1-K9,0426631f0a2e3c7243530a2ad859c5e36857768c43d0649ab17210d1c2246be8
TOI-W3-PROPOSAL-CFG-0140,W3-B,REMAINING_MAE_MODEL,EMPIRICAL_BASELINE,D1,Source-bound vol_squeeze.assess_series percentile25/minimum compression5/release window3/original range and TTM dependencies; historical price-release population retained; volume attribute separate; phenotype reconciliation pending,D,UP,P0_ORIGINAL_COHORT_REFERENCE,REMAINING_MAE,M0,Elapsed-age/clock empirical transition distribution or corresponding empirical excursion quantile; one bound estimation/support rule reused across folds,0.50,D,"[""TOI-W3-PROPOSAL-CFG-0011""]",Current-price remaining adverse excursion quantile to the original post-trigger deadline,Pinball loss at registered quantile; diagnostic coverage/order/width checks,Identical eligible held-out current D1 landmarks with prefix-known eligibility/weights; failed/expired/stagnant original paths represented lawfully; no eventual-success matching and no eventual landmark-count denominator,10,FIRST_CAUSALLY_RECOGNIZED_FORMING_ONSET; TEN_SUBSEQUENT_COMPLETED_NATIVE_BARS; ORIGIN_EXCLUDED,21,ORIGINAL_FIRST_FEASIBLE_P0_REFERENCE; SAME_ORIGINAL_DEADLINE_ACROSS_POLICIES_CLOCKS_AND_LANDMARKS,+1 frozen trigger ATR before -1 frozen trigger ATR; unresolved retained; ATR recipe requires source binding; adverse first passage is NOT structural fakeout,"OBSERVED_PREFIX_ONLY: predeclared elapsed-age landmarks; fixed weight for each eligible occurrence at a landmark, or separately frozen equal-snapshot normalization using only eligible cases already known at that snapshot; NEVER divide by eventual surviving landmark count; preserve proper at-risk exposure; current forecasts use remaining time to fixed origin deadline","{""hidden_hyperparameter_search"":false,""learned_sector_regime_theme_industry_axis"":false,""minimum_compression"":5,""model_binding"":""REQUIRES_EXACT_PRE_OUTCOME_SOURCE_BINDING"",""model_recipe_count"":1,""original_range_TTM_dependencies"":""SOURCE_BOUND"",""percentile"":25,""phenotype"":""PRICE_RELEASE_VOLUME_ATTRIBUTE_SEPARATE_RECONCILIATION_PENDING"",""quantile"":""0.50"",""release_window"":3}",PROPOSED_NOT_REGISTERED_HOLD,"Qualified program ancestry only: S16 esx_sq_phase0 has 12 historical declared trials and report/run evidence, not 12 newly reconstructed itemized rows; S16 v1.0 accruing/unshipped does not confer new clock/direction/model/consumer authority. Def4 is a separate DRAFT 10-trial/46-cell reservation with zero canonical ledger rows at Macro 5fc7af4a1aa2510966a7b566f97e5b894f2632f8. This proposal does not claim all-time search=12+218.","BEFORE_OUTCOMES: incumbent owner review and approval; qualified corpus/cutoff/source/session/basis/rights/PIT/known-time contracts for each clock; exact occurrence and reset law; S16 phenotype reconciliation; ATR/scale and label/fill/ambiguity binding; matching/support and draw/seed rules; exact M0/M1 estimator/features/regularization/calibration binding where applicable; prefix-known landmark schedule/weights; consumer margins, costs, precision/power and sufficiency gates; exact temporal folds and untouched-evidence proof; one inferential procedure; independent acceptance; resource estimate/budget; existing-ledger registration only through a separately approved admitted carrier","OFFLINE_RESEARCH_PROPOSAL_ONLY; no canonical trial ID, registration, admission, dispatch, outcome execution, production, rank, gate, size or promotion authority",TOI_Recovery_Masterplan_2026-10-03.md,K1-K9,0426631f0a2e3c7243530a2ad859c5e36857768c43d0649ab17210d1c2246be8
TOI-W3-PROPOSAL-CFG-0141,W3-B,REMAINING_MAE_MODEL,SIMPLE_FORECAST_MODEL,D1,Source-bound vol_squeeze.assess_series percentile25/minimum compression5/release window3/original range and TTM dependencies; historical price-release population retained; volume attribute separate; phenotype reconciliation pending,D,UP,P0_ORIGINAL_COHORT_REFERENCE,REMAINING_MAE,M1,One regularized discrete-time cause-model recipe or one regularized quantile-model recipe with fixed own-price/state/age/volatility/location/liquidity inputs; exact implementation pending; no hidden model/feature/penalty/calibration search,0.50,D,"[""TOI-W3-PROPOSAL-CFG-0011""]",Current-price remaining adverse excursion quantile to the original post-trigger deadline,Pinball loss at registered quantile; diagnostic coverage/order/width checks,Identical eligible held-out current D1 landmarks with prefix-known eligibility/weights; failed/expired/stagnant original paths represented lawfully; no eventual-success matching and no eventual landmark-count denominator,10,FIRST_CAUSALLY_RECOGNIZED_FORMING_ONSET; TEN_SUBSEQUENT_COMPLETED_NATIVE_BARS; ORIGIN_EXCLUDED,21,ORIGINAL_FIRST_FEASIBLE_P0_REFERENCE; SAME_ORIGINAL_DEADLINE_ACROSS_POLICIES_CLOCKS_AND_LANDMARKS,+1 frozen trigger ATR before -1 frozen trigger ATR; unresolved retained; ATR recipe requires source binding; adverse first passage is NOT structural fakeout,"OBSERVED_PREFIX_ONLY: predeclared elapsed-age landmarks; fixed weight for each eligible occurrence at a landmark, or separately frozen equal-snapshot normalization using only eligible cases already known at that snapshot; NEVER divide by eventual surviving landmark count; preserve proper at-risk exposure; current forecasts use remaining time to fixed origin deadline","{""hidden_hyperparameter_search"":false,""learned_sector_regime_theme_industry_axis"":false,""minimum_compression"":5,""model_binding"":""REQUIRES_EXACT_PRE_OUTCOME_SOURCE_BINDING"",""model_recipe_count"":1,""original_range_TTM_dependencies"":""SOURCE_BOUND"",""percentile"":25,""phenotype"":""PRICE_RELEASE_VOLUME_ATTRIBUTE_SEPARATE_RECONCILIATION_PENDING"",""quantile"":""0.50"",""release_window"":3}",PROPOSED_NOT_REGISTERED_HOLD,"Qualified program ancestry only: S16 esx_sq_phase0 has 12 historical declared trials and report/run evidence, not 12 newly reconstructed itemized rows; S16 v1.0 accruing/unshipped does not confer new clock/direction/model/consumer authority. Def4 is a separate DRAFT 10-trial/46-cell reservation with zero canonical ledger rows at Macro 5fc7af4a1aa2510966a7b566f97e5b894f2632f8. This proposal does not claim all-time search=12+218.","BEFORE_OUTCOMES: incumbent owner review and approval; qualified corpus/cutoff/source/session/basis/rights/PIT/known-time contracts for each clock; exact occurrence and reset law; S16 phenotype reconciliation; ATR/scale and label/fill/ambiguity binding; matching/support and draw/seed rules; exact M0/M1 estimator/features/regularization/calibration binding where applicable; prefix-known landmark schedule/weights; consumer margins, costs, precision/power and sufficiency gates; exact temporal folds and untouched-evidence proof; one inferential procedure; independent acceptance; resource estimate/budget; existing-ledger registration only through a separately approved admitted carrier","OFFLINE_RESEARCH_PROPOSAL_ONLY; no canonical trial ID, registration, admission, dispatch, outcome execution, production, rank, gate, size or promotion authority",TOI_Recovery_Masterplan_2026-10-03.md,K1-K9,0426631f0a2e3c7243530a2ad859c5e36857768c43d0649ab17210d1c2246be8
TOI-W3-PROPOSAL-CFG-0142,W3-B,REMAINING_MAE_MODEL,EMPIRICAL_BASELINE,D1,Source-bound vol_squeeze.assess_series percentile25/minimum compression5/release window3/original range and TTM dependencies; historical price-release population retained; volume attribute separate; phenotype reconciliation pending,D,UP,P0_ORIGINAL_COHORT_REFERENCE,REMAINING_MAE,M0,Elapsed-age/clock empirical transition distribution or corresponding empirical excursion quantile; one bound estimation/support rule reused across folds,0.90,D,"[""TOI-W3-PROPOSAL-CFG-0011""]",Current-price remaining adverse excursion quantile to the original post-trigger deadline,Pinball loss at registered quantile; diagnostic coverage/order/width checks,Identical eligible held-out current D1 landmarks with prefix-known eligibility/weights; failed/expired/stagnant original paths represented lawfully; no eventual-success matching and no eventual landmark-count denominator,10,FIRST_CAUSALLY_RECOGNIZED_FORMING_ONSET; TEN_SUBSEQUENT_COMPLETED_NATIVE_BARS; ORIGIN_EXCLUDED,21,ORIGINAL_FIRST_FEASIBLE_P0_REFERENCE; SAME_ORIGINAL_DEADLINE_ACROSS_POLICIES_CLOCKS_AND_LANDMARKS,+1 frozen trigger ATR before -1 frozen trigger ATR; unresolved retained; ATR recipe requires source binding; adverse first passage is NOT structural fakeout,"OBSERVED_PREFIX_ONLY: predeclared elapsed-age landmarks; fixed weight for each eligible occurrence at a landmark, or separately frozen equal-snapshot normalization using only eligible cases already known at that snapshot; NEVER divide by eventual surviving landmark count; preserve proper at-risk exposure; current forecasts use remaining time to fixed origin deadline","{""hidden_hyperparameter_search"":false,""learned_sector_regime_theme_industry_axis"":false,""minimum_compression"":5,""model_binding"":""REQUIRES_EXACT_PRE_OUTCOME_SOURCE_BINDING"",""model_recipe_count"":1,""original_range_TTM_dependencies"":""SOURCE_BOUND"",""percentile"":25,""phenotype"":""PRICE_RELEASE_VOLUME_ATTRIBUTE_SEPARATE_RECONCILIATION_PENDING"",""quantile"":""0.90"",""release_window"":3}",PROPOSED_NOT_REGISTERED_HOLD,"Qualified program ancestry only: S16 esx_sq_phase0 has 12 historical declared trials and report/run evidence, not 12 newly reconstructed itemized rows; S16 v1.0 accruing/unshipped does not confer new clock/direction/model/consumer authority. Def4 is a separate DRAFT 10-trial/46-cell reservation with zero canonical ledger rows at Macro 5fc7af4a1aa2510966a7b566f97e5b894f2632f8. This proposal does not claim all-time search=12+218.","BEFORE_OUTCOMES: incumbent owner review and approval; qualified corpus/cutoff/source/session/basis/rights/PIT/known-time contracts for each clock; exact occurrence and reset law; S16 phenotype reconciliation; ATR/scale and label/fill/ambiguity binding; matching/support and draw/seed rules; exact M0/M1 estimator/features/regularization/calibration binding where applicable; prefix-known landmark schedule/weights; consumer margins, costs, precision/power and sufficiency gates; exact temporal folds and untouched-evidence proof; one inferential procedure; independent acceptance; resource estimate/budget; existing-ledger registration only through a separately approved admitted carrier","OFFLINE_RESEARCH_PROPOSAL_ONLY; no canonical trial ID, registration, admission, dispatch, outcome execution, production, rank, gate, size or promotion authority",TOI_Recovery_Masterplan_2026-10-03.md,K1-K9,0426631f0a2e3c7243530a2ad859c5e36857768c43d0649ab17210d1c2246be8
TOI-W3-PROPOSAL-CFG-0143,W3-B,REMAINING_MAE_MODEL,SIMPLE_FORECAST_MODEL,D1,Source-bound vol_squeeze.assess_series percentile25/minimum compression5/release window3/original range and TTM dependencies; historical price-release population retained; volume attribute separate; phenotype reconciliation pending,D,UP,P0_ORIGINAL_COHORT_REFERENCE,REMAINING_MAE,M1,One regularized discrete-time cause-model recipe or one regularized quantile-model recipe with fixed own-price/state/age/volatility/location/liquidity inputs; exact implementation pending; no hidden model/feature/penalty/calibration search,0.90,D,"[""TOI-W3-PROPOSAL-CFG-0011""]",Current-price remaining adverse excursion quantile to the original post-trigger deadline,Pinball loss at registered quantile; diagnostic coverage/order/width checks,Identical eligible held-out current D1 landmarks with prefix-known eligibility/weights; failed/expired/stagnant original paths represented lawfully; no eventual-success matching and no eventual landmark-count denominator,10,FIRST_CAUSALLY_RECOGNIZED_FORMING_ONSET; TEN_SUBSEQUENT_COMPLETED_NATIVE_BARS; ORIGIN_EXCLUDED,21,ORIGINAL_FIRST_FEASIBLE_P0_REFERENCE; SAME_ORIGINAL_DEADLINE_ACROSS_POLICIES_CLOCKS_AND_LANDMARKS,+1 frozen trigger ATR before -1 frozen trigger ATR; unresolved retained; ATR recipe requires source binding; adverse first passage is NOT structural fakeout,"OBSERVED_PREFIX_ONLY: predeclared elapsed-age landmarks; fixed weight for each eligible occurrence at a landmark, or separately frozen equal-snapshot normalization using only eligible cases already known at that snapshot; NEVER divide by eventual surviving landmark count; preserve proper at-risk exposure; current forecasts use remaining time to fixed origin deadline","{""hidden_hyperparameter_search"":false,""learned_sector_regime_theme_industry_axis"":false,""minimum_compression"":5,""model_binding"":""REQUIRES_EXACT_PRE_OUTCOME_SOURCE_BINDING"",""model_recipe_count"":1,""original_range_TTM_dependencies"":""SOURCE_BOUND"",""percentile"":25,""phenotype"":""PRICE_RELEASE_VOLUME_ATTRIBUTE_SEPARATE_RECONCILIATION_PENDING"",""quantile"":""0.90"",""release_window"":3}",PROPOSED_NOT_REGISTERED_HOLD,"Qualified program ancestry only: S16 esx_sq_phase0 has 12 historical declared trials and report/run evidence, not 12 newly reconstructed itemized rows; S16 v1.0 accruing/unshipped does not confer new clock/direction/model/consumer authority. Def4 is a separate DRAFT 10-trial/46-cell reservation with zero canonical ledger rows at Macro 5fc7af4a1aa2510966a7b566f97e5b894f2632f8. This proposal does not claim all-time search=12+218.","BEFORE_OUTCOMES: incumbent owner review and approval; qualified corpus/cutoff/source/session/basis/rights/PIT/known-time contracts for each clock; exact occurrence and reset law; S16 phenotype reconciliation; ATR/scale and label/fill/ambiguity binding; matching/support and draw/seed rules; exact M0/M1 estimator/features/regularization/calibration binding where applicable; prefix-known landmark schedule/weights; consumer margins, costs, precision/power and sufficiency gates; exact temporal folds and untouched-evidence proof; one inferential procedure; independent acceptance; resource estimate/budget; existing-ledger registration only through a separately approved admitted carrier","OFFLINE_RESEARCH_PROPOSAL_ONLY; no canonical trial ID, registration, admission, dispatch, outcome execution, production, rank, gate, size or promotion authority",TOI_Recovery_Masterplan_2026-10-03.md,K1-K9,0426631f0a2e3c7243530a2ad859c5e36857768c43d0649ab17210d1c2246be8
TOI-W3-PROPOSAL-CFG-0144,W3-B,REMAINING_MAE_MODEL,EMPIRICAL_BASELINE,D1,Source-bound vol_squeeze.assess_series percentile25/minimum compression5/release window3/original range and TTM dependencies; historical price-release population retained; volume attribute separate; phenotype reconciliation pending,D,DOWN,P0_ORIGINAL_COHORT_REFERENCE,REMAINING_MAE,M0,Elapsed-age/clock empirical transition distribution or corresponding empirical excursion quantile; one bound estimation/support rule reused across folds,0.10,D,"[""TOI-W3-PROPOSAL-CFG-0012""]",Current-price remaining adverse excursion quantile to the original post-trigger deadline,Pinball loss at registered quantile; diagnostic coverage/order/width checks,Identical eligible held-out current D1 landmarks with prefix-known eligibility/weights; failed/expired/stagnant original paths represented lawfully; no eventual-success matching and no eventual landmark-count denominator,10,FIRST_CAUSALLY_RECOGNIZED_FORMING_ONSET; TEN_SUBSEQUENT_COMPLETED_NATIVE_BARS; ORIGIN_EXCLUDED,21,ORIGINAL_FIRST_FEASIBLE_P0_REFERENCE; SAME_ORIGINAL_DEADLINE_ACROSS_POLICIES_CLOCKS_AND_LANDMARKS,+1 frozen trigger ATR before -1 frozen trigger ATR; unresolved retained; ATR recipe requires source binding; adverse first passage is NOT structural fakeout,"OBSERVED_PREFIX_ONLY: predeclared elapsed-age landmarks; fixed weight for each eligible occurrence at a landmark, or separately frozen equal-snapshot normalization using only eligible cases already known at that snapshot; NEVER divide by eventual surviving landmark count; preserve proper at-risk exposure; current forecasts use remaining time to fixed origin deadline","{""hidden_hyperparameter_search"":false,""learned_sector_regime_theme_industry_axis"":false,""minimum_compression"":5,""model_binding"":""REQUIRES_EXACT_PRE_OUTCOME_SOURCE_BINDING"",""model_recipe_count"":1,""original_range_TTM_dependencies"":""SOURCE_BOUND"",""percentile"":25,""phenotype"":""PRICE_RELEASE_VOLUME_ATTRIBUTE_SEPARATE_RECONCILIATION_PENDING"",""quantile"":""0.10"",""release_window"":3}",PROPOSED_NOT_REGISTERED_HOLD,"Qualified program ancestry only: S16 esx_sq_phase0 has 12 historical declared trials and report/run evidence, not 12 newly reconstructed itemized rows; S16 v1.0 accruing/unshipped does not confer new clock/direction/model/consumer authority. Def4 is a separate DRAFT 10-trial/46-cell reservation with zero canonical ledger rows at Macro 5fc7af4a1aa2510966a7b566f97e5b894f2632f8. This proposal does not claim all-time search=12+218.","BEFORE_OUTCOMES: incumbent owner review and approval; qualified corpus/cutoff/source/session/basis/rights/PIT/known-time contracts for each clock; exact occurrence and reset law; S16 phenotype reconciliation; ATR/scale and label/fill/ambiguity binding; matching/support and draw/seed rules; exact M0/M1 estimator/features/regularization/calibration binding where applicable; prefix-known landmark schedule/weights; consumer margins, costs, precision/power and sufficiency gates; exact temporal folds and untouched-evidence proof; one inferential procedure; independent acceptance; resource estimate/budget; existing-ledger registration only through a separately approved admitted carrier","OFFLINE_RESEARCH_PROPOSAL_ONLY; no canonical trial ID, registration, admission, dispatch, outcome execution, production, rank, gate, size or promotion authority",TOI_Recovery_Masterplan_2026-10-03.md,K1-K9,0426631f0a2e3c7243530a2ad859c5e36857768c43d0649ab17210d1c2246be8
TOI-W3-PROPOSAL-CFG-0145,W3-B,REMAINING_MAE_MODEL,SIMPLE_FORECAST_MODEL,D1,Source-bound vol_squeeze.assess_series percentile25/minimum compression5/release window3/original range and TTM dependencies; historical price-release population retained; volume attribute separate; phenotype reconciliation pending,D,DOWN,P0_ORIGINAL_COHORT_REFERENCE,REMAINING_MAE,M1,One regularized discrete-time cause-model recipe or one regularized quantile-model recipe with fixed own-price/state/age/volatility/location/liquidity inputs; exact implementation pending; no hidden model/feature/penalty/calibration search,0.10,D,"[""TOI-W3-PROPOSAL-CFG-0012""]",Current-price remaining adverse excursion quantile to the original post-trigger deadline,Pinball loss at registered quantile; diagnostic coverage/order/width checks,Identical eligible held-out current D1 landmarks with prefix-known eligibility/weights; failed/expired/stagnant original paths represented lawfully; no eventual-success matching and no eventual landmark-count denominator,10,FIRST_CAUSALLY_RECOGNIZED_FORMING_ONSET; TEN_SUBSEQUENT_COMPLETED_NATIVE_BARS; ORIGIN_EXCLUDED,21,ORIGINAL_FIRST_FEASIBLE_P0_REFERENCE; SAME_ORIGINAL_DEADLINE_ACROSS_POLICIES_CLOCKS_AND_LANDMARKS,+1 frozen trigger ATR before -1 frozen trigger ATR; unresolved retained; ATR recipe requires source binding; adverse first passage is NOT structural fakeout,"OBSERVED_PREFIX_ONLY: predeclared elapsed-age landmarks; fixed weight for each eligible occurrence at a landmark, or separately frozen equal-snapshot normalization using only eligible cases already known at that snapshot; NEVER divide by eventual surviving landmark count; preserve proper at-risk exposure; current forecasts use remaining time to fixed origin deadline","{""hidden_hyperparameter_search"":false,""learned_sector_regime_theme_industry_axis"":false,""minimum_compression"":5,""model_binding"":""REQUIRES_EXACT_PRE_OUTCOME_SOURCE_BINDING"",""model_recipe_count"":1,""original_range_TTM_dependencies"":""SOURCE_BOUND"",""percentile"":25,""phenotype"":""PRICE_RELEASE_VOLUME_ATTRIBUTE_SEPARATE_RECONCILIATION_PENDING"",""quantile"":""0.10"",""release_window"":3}",PROPOSED_NOT_REGISTERED_HOLD,"Qualified program ancestry only: S16 esx_sq_phase0 has 12 historical declared trials and report/run evidence, not 12 newly reconstructed itemized rows; S16 v1.0 accruing/unshipped does not confer new clock/direction/model/consumer authority. Def4 is a separate DRAFT 10-trial/46-cell reservation with zero canonical ledger rows at Macro 5fc7af4a1aa2510966a7b566f97e5b894f2632f8. This proposal does not claim all-time search=12+218.","BEFORE_OUTCOMES: incumbent owner review and approval; qualified corpus/cutoff/source/session/basis/rights/PIT/known-time contracts for each clock; exact occurrence and reset law; S16 phenotype reconciliation; ATR/scale and label/fill/ambiguity binding; matching/support and draw/seed rules; exact M0/M1 estimator/features/regularization/calibration binding where applicable; prefix-known landmark schedule/weights; consumer margins, costs, precision/power and sufficiency gates; exact temporal folds and untouched-evidence proof; one inferential procedure; independent acceptance; resource estimate/budget; existing-ledger registration only through a separately approved admitted carrier","OFFLINE_RESEARCH_PROPOSAL_ONLY; no canonical trial ID, registration, admission, dispatch, outcome execution, production, rank, gate, size or promotion authority",TOI_Recovery_Masterplan_2026-10-03.md,K1-K9,0426631f0a2e3c7243530a2ad859c5e36857768c43d0649ab17210d1c2246be8
TOI-W3-PROPOSAL-CFG-0146,W3-B,REMAINING_MAE_MODEL,EMPIRICAL_BASELINE,D1,Source-bound vol_squeeze.assess_series percentile25/minimum compression5/release window3/original range and TTM dependencies; historical price-release population retained; volume attribute separate; phenotype reconciliation pending,D,DOWN,P0_ORIGINAL_COHORT_REFERENCE,REMAINING_MAE,M0,Elapsed-age/clock empirical transition distribution or corresponding empirical excursion quantile; one bound estimation/support rule reused across folds,0.50,D,"[""TOI-W3-PROPOSAL-CFG-0012""]",Current-price remaining adverse excursion quantile to the original post-trigger deadline,Pinball loss at registered quantile; diagnostic coverage/order/width checks,Identical eligible held-out current D1 landmarks with prefix-known eligibility/weights; failed/expired/stagnant original paths represented lawfully; no eventual-success matching and no eventual landmark-count denominator,10,FIRST_CAUSALLY_RECOGNIZED_FORMING_ONSET; TEN_SUBSEQUENT_COMPLETED_NATIVE_BARS; ORIGIN_EXCLUDED,21,ORIGINAL_FIRST_FEASIBLE_P0_REFERENCE; SAME_ORIGINAL_DEADLINE_ACROSS_POLICIES_CLOCKS_AND_LANDMARKS,+1 frozen trigger ATR before -1 frozen trigger ATR; unresolved retained; ATR recipe requires source binding; adverse first passage is NOT structural fakeout,"OBSERVED_PREFIX_ONLY: predeclared elapsed-age landmarks; fixed weight for each eligible occurrence at a landmark, or separately frozen equal-snapshot normalization using only eligible cases already known at that snapshot; NEVER divide by eventual surviving landmark count; preserve proper at-risk exposure; current forecasts use remaining time to fixed origin deadline","{""hidden_hyperparameter_search"":false,""learned_sector_regime_theme_industry_axis"":false,""minimum_compression"":5,""model_binding"":""REQUIRES_EXACT_PRE_OUTCOME_SOURCE_BINDING"",""model_recipe_count"":1,""original_range_TTM_dependencies"":""SOURCE_BOUND"",""percentile"":25,""phenotype"":""PRICE_RELEASE_VOLUME_ATTRIBUTE_SEPARATE_RECONCILIATION_PENDING"",""quantile"":""0.50"",""release_window"":3}",PROPOSED_NOT_REGISTERED_HOLD,"Qualified program ancestry only: S16 esx_sq_phase0 has 12 historical declared trials and report/run evidence, not 12 newly reconstructed itemized rows; S16 v1.0 accruing/unshipped does not confer new clock/direction/model/consumer authority. Def4 is a separate DRAFT 10-trial/46-cell reservation with zero canonical ledger rows at Macro 5fc7af4a1aa2510966a7b566f97e5b894f2632f8. This proposal does not claim all-time search=12+218.","BEFORE_OUTCOMES: incumbent owner review and approval; qualified corpus/cutoff/source/session/basis/rights/PIT/known-time contracts for each clock; exact occurrence and reset law; S16 phenotype reconciliation; ATR/scale and label/fill/ambiguity binding; matching/support and draw/seed rules; exact M0/M1 estimator/features/regularization/calibration binding where applicable; prefix-known landmark schedule/weights; consumer margins, costs, precision/power and sufficiency gates; exact temporal folds and untouched-evidence proof; one inferential procedure; independent acceptance; resource estimate/budget; existing-ledger registration only through a separately approved admitted carrier","OFFLINE_RESEARCH_PROPOSAL_ONLY; no canonical trial ID, registration, admission, dispatch, outcome execution, production, rank, gate, size or promotion authority",TOI_Recovery_Masterplan_2026-10-03.md,K1-K9,0426631f0a2e3c7243530a2ad859c5e36857768c43d0649ab17210d1c2246be8
TOI-W3-PROPOSAL-CFG-0147,W3-B,REMAINING_MAE_MODEL,SIMPLE_FORECAST_MODEL,D1,Source-bound vol_squeeze.assess_series percentile25/minimum compression5/release window3/original range and TTM dependencies; historical price-release population retained; volume attribute separate; phenotype reconciliation pending,D,DOWN,P0_ORIGINAL_COHORT_REFERENCE,REMAINING_MAE,M1,One regularized discrete-time cause-model recipe or one regularized quantile-model recipe with fixed own-price/state/age/volatility/location/liquidity inputs; exact implementation pending; no hidden model/feature/penalty/calibration search,0.50,D,"[""TOI-W3-PROPOSAL-CFG-0012""]",Current-price remaining adverse excursion quantile to the original post-trigger deadline,Pinball loss at registered quantile; diagnostic coverage/order/width checks,Identical eligible held-out current D1 landmarks with prefix-known eligibility/weights; failed/expired/stagnant original paths represented lawfully; no eventual-success matching and no eventual landmark-count denominator,10,FIRST_CAUSALLY_RECOGNIZED_FORMING_ONSET; TEN_SUBSEQUENT_COMPLETED_NATIVE_BARS; ORIGIN_EXCLUDED,21,ORIGINAL_FIRST_FEASIBLE_P0_REFERENCE; SAME_ORIGINAL_DEADLINE_ACROSS_POLICIES_CLOCKS_AND_LANDMARKS,+1 frozen trigger ATR before -1 frozen trigger ATR; unresolved retained; ATR recipe requires source binding; adverse first passage is NOT structural fakeout,"OBSERVED_PREFIX_ONLY: predeclared elapsed-age landmarks; fixed weight for each eligible occurrence at a landmark, or separately frozen equal-snapshot normalization using only eligible cases already known at that snapshot; NEVER divide by eventual surviving landmark count; preserve proper at-risk exposure; current forecasts use remaining time to fixed origin deadline","{""hidden_hyperparameter_search"":false,""learned_sector_regime_theme_industry_axis"":false,""minimum_compression"":5,""model_binding"":""REQUIRES_EXACT_PRE_OUTCOME_SOURCE_BINDING"",""model_recipe_count"":1,""original_range_TTM_dependencies"":""SOURCE_BOUND"",""percentile"":25,""phenotype"":""PRICE_RELEASE_VOLUME_ATTRIBUTE_SEPARATE_RECONCILIATION_PENDING"",""quantile"":""0.50"",""release_window"":3}",PROPOSED_NOT_REGISTERED_HOLD,"Qualified program ancestry only: S16 esx_sq_phase0 has 12 historical declared trials and report/run evidence, not 12 newly reconstructed itemized rows; S16 v1.0 accruing/unshipped does not confer new clock/direction/model/consumer authority. Def4 is a separate DRAFT 10-trial/46-cell reservation with zero canonical ledger rows at Macro 5fc7af4a1aa2510966a7b566f97e5b894f2632f8. This proposal does not claim all-time search=12+218.","BEFORE_OUTCOMES: incumbent owner review and approval; qualified corpus/cutoff/source/session/basis/rights/PIT/known-time contracts for each clock; exact occurrence and reset law; S16 phenotype reconciliation; ATR/scale and label/fill/ambiguity binding; matching/support and draw/seed rules; exact M0/M1 estimator/features/regularization/calibration binding where applicable; prefix-known landmark schedule/weights; consumer margins, costs, precision/power and sufficiency gates; exact temporal folds and untouched-evidence proof; one inferential procedure; independent acceptance; resource estimate/budget; existing-ledger registration only through a separately approved admitted carrier","OFFLINE_RESEARCH_PROPOSAL_ONLY; no canonical trial ID, registration, admission, dispatch, outcome execution, production, rank, gate, size or promotion authority",TOI_Recovery_Masterplan_2026-10-03.md,K1-K9,0426631f0a2e3c7243530a2ad859c5e36857768c43d0649ab17210d1c2246be8
TOI-W3-PROPOSAL-CFG-0148,W3-B,REMAINING_MAE_MODEL,EMPIRICAL_BASELINE,D1,Source-bound vol_squeeze.assess_series percentile25/minimum compression5/release window3/original range and TTM dependencies; historical price-release population retained; volume attribute separate; phenotype reconciliation pending,D,DOWN,P0_ORIGINAL_COHORT_REFERENCE,REMAINING_MAE,M0,Elapsed-age/clock empirical transition distribution or corresponding empirical excursion quantile; one bound estimation/support rule reused across folds,0.90,D,"[""TOI-W3-PROPOSAL-CFG-0012""]",Current-price remaining adverse excursion quantile to the original post-trigger deadline,Pinball loss at registered quantile; diagnostic coverage/order/width checks,Identical eligible held-out current D1 landmarks with prefix-known eligibility/weights; failed/expired/stagnant original paths represented lawfully; no eventual-success matching and no eventual landmark-count denominator,10,FIRST_CAUSALLY_RECOGNIZED_FORMING_ONSET; TEN_SUBSEQUENT_COMPLETED_NATIVE_BARS; ORIGIN_EXCLUDED,21,ORIGINAL_FIRST_FEASIBLE_P0_REFERENCE; SAME_ORIGINAL_DEADLINE_ACROSS_POLICIES_CLOCKS_AND_LANDMARKS,+1 frozen trigger ATR before -1 frozen trigger ATR; unresolved retained; ATR recipe requires source binding; adverse first passage is NOT structural fakeout,"OBSERVED_PREFIX_ONLY: predeclared elapsed-age landmarks; fixed weight for each eligible occurrence at a landmark, or separately frozen equal-snapshot normalization using only eligible cases already known at that snapshot; NEVER divide by eventual surviving landmark count; preserve proper at-risk exposure; current forecasts use remaining time to fixed origin deadline","{""hidden_hyperparameter_search"":false,""learned_sector_regime_theme_industry_axis"":false,""minimum_compression"":5,""model_binding"":""REQUIRES_EXACT_PRE_OUTCOME_SOURCE_BINDING"",""model_recipe_count"":1,""original_range_TTM_dependencies"":""SOURCE_BOUND"",""percentile"":25,""phenotype"":""PRICE_RELEASE_VOLUME_ATTRIBUTE_SEPARATE_RECONCILIATION_PENDING"",""quantile"":""0.90"",""release_window"":3}",PROPOSED_NOT_REGISTERED_HOLD,"Qualified program ancestry only: S16 esx_sq_phase0 has 12 historical declared trials and report/run evidence, not 12 newly reconstructed itemized rows; S16 v1.0 accruing/unshipped does not confer new clock/direction/model/consumer authority. Def4 is a separate DRAFT 10-trial/46-cell reservation with zero canonical ledger rows at Macro 5fc7af4a1aa2510966a7b566f97e5b894f2632f8. This proposal does not claim all-time search=12+218.","BEFORE_OUTCOMES: incumbent owner review and approval; qualified corpus/cutoff/source/session/basis/rights/PIT/known-time contracts for each clock; exact occurrence and reset law; S16 phenotype reconciliation; ATR/scale and label/fill/ambiguity binding; matching/support and draw/seed rules; exact M0/M1 estimator/features/regularization/calibration binding where applicable; prefix-known landmark schedule/weights; consumer margins, costs, precision/power and sufficiency gates; exact temporal folds and untouched-evidence proof; one inferential procedure; independent acceptance; resource estimate/budget; existing-ledger registration only through a separately approved admitted carrier","OFFLINE_RESEARCH_PROPOSAL_ONLY; no canonical trial ID, registration, admission, dispatch, outcome execution, production, rank, gate, size or promotion authority",TOI_Recovery_Masterplan_2026-10-03.md,K1-K9,0426631f0a2e3c7243530a2ad859c5e36857768c43d0649ab17210d1c2246be8
TOI-W3-PROPOSAL-CFG-0149,W3-B,REMAINING_MAE_MODEL,SIMPLE_FORECAST_MODEL,D1,Source-bound vol_squeeze.assess_series percentile25/minimum compression5/release window3/original range and TTM dependencies; historical price-release population retained; volume attribute separate; phenotype reconciliation pending,D,DOWN,P0_ORIGINAL_COHORT_REFERENCE,REMAINING_MAE,M1,One regularized discrete-time cause-model recipe or one regularized quantile-model recipe with fixed own-price/state/age/volatility/location/liquidity inputs; exact implementation pending; no hidden model/feature/penalty/calibration search,0.90,D,"[""TOI-W3-PROPOSAL-CFG-0012""]",Current-price remaining adverse excursion quantile to the original post-trigger deadline,Pinball loss at registered quantile; diagnostic coverage/order/width checks,Identical eligible held-out current D1 landmarks with prefix-known eligibility/weights; failed/expired/stagnant original paths represented lawfully; no eventual-success matching and no eventual landmark-count denominator,10,FIRST_CAUSALLY_RECOGNIZED_FORMING_ONSET; TEN_SUBSEQUENT_COMPLETED_NATIVE_BARS; ORIGIN_EXCLUDED,21,ORIGINAL_FIRST_FEASIBLE_P0_REFERENCE; SAME_ORIGINAL_DEADLINE_ACROSS_POLICIES_CLOCKS_AND_LANDMARKS,+1 frozen trigger ATR before -1 frozen trigger ATR; unresolved retained; ATR recipe requires source binding; adverse first passage is NOT structural fakeout,"OBSERVED_PREFIX_ONLY: predeclared elapsed-age landmarks; fixed weight for each eligible occurrence at a landmark, or separately frozen equal-snapshot normalization using only eligible cases already known at that snapshot; NEVER divide by eventual surviving landmark count; preserve proper at-risk exposure; current forecasts use remaining time to fixed origin deadline","{""hidden_hyperparameter_search"":false,""learned_sector_regime_theme_industry_axis"":false,""minimum_compression"":5,""model_binding"":""REQUIRES_EXACT_PRE_OUTCOME_SOURCE_BINDING"",""model_recipe_count"":1,""original_range_TTM_dependencies"":""SOURCE_BOUND"",""percentile"":25,""phenotype"":""PRICE_RELEASE_VOLUME_ATTRIBUTE_SEPARATE_RECONCILIATION_PENDING"",""quantile"":""0.90"",""release_window"":3}",PROPOSED_NOT_REGISTERED_HOLD,"Qualified program ancestry only: S16 esx_sq_phase0 has 12 historical declared trials and report/run evidence, not 12 newly reconstructed itemized rows; S16 v1.0 accruing/unshipped does not confer new clock/direction/model/consumer authority. Def4 is a separate DRAFT 10-trial/46-cell reservation with zero canonical ledger rows at Macro 5fc7af4a1aa2510966a7b566f97e5b894f2632f8. This proposal does not claim all-time search=12+218.","BEFORE_OUTCOMES: incumbent owner review and approval; qualified corpus/cutoff/source/session/basis/rights/PIT/known-time contracts for each clock; exact occurrence and reset law; S16 phenotype reconciliation; ATR/scale and label/fill/ambiguity binding; matching/support and draw/seed rules; exact M0/M1 estimator/features/regularization/calibration binding where applicable; prefix-known landmark schedule/weights; consumer margins, costs, precision/power and sufficiency gates; exact temporal folds and untouched-evidence proof; one inferential procedure; independent acceptance; resource estimate/budget; existing-ledger registration only through a separately approved admitted carrier","OFFLINE_RESEARCH_PROPOSAL_ONLY; no canonical trial ID, registration, admission, dispatch, outcome execution, production, rank, gate, size or promotion authority",TOI_Recovery_Masterplan_2026-10-03.md,K1-K9,0426631f0a2e3c7243530a2ad859c5e36857768c43d0649ab17210d1c2246be8
TOI-W3-PROPOSAL-CFG-0150,W3-B,REMAINING_MAE_MODEL,EMPIRICAL_BASELINE,D1,Source-bound vol_squeeze.assess_series percentile25/minimum compression5/release window3/original range and TTM dependencies; historical price-release population retained; volume attribute separate; phenotype reconciliation pending,4H-CLOCK,UP,P0_ORIGINAL_COHORT_REFERENCE,REMAINING_MAE,M0,Elapsed-age/clock empirical transition distribution or corresponding empirical excursion quantile; one bound estimation/support rule reused across folds,0.10,4H-CLOCK,"[""TOI-W3-PROPOSAL-CFG-0013""]",Current-price remaining adverse excursion quantile to the original post-trigger deadline,Pinball loss at registered quantile; diagnostic coverage/order/width checks,Identical eligible held-out current D1 landmarks with prefix-known eligibility/weights; failed/expired/stagnant original paths represented lawfully; no eventual-success matching and no eventual landmark-count denominator,10,FIRST_CAUSALLY_RECOGNIZED_FORMING_ONSET; TEN_SUBSEQUENT_COMPLETED_NATIVE_BARS; ORIGIN_EXCLUDED,21,ORIGINAL_FIRST_FEASIBLE_P0_REFERENCE; SAME_ORIGINAL_DEADLINE_ACROSS_POLICIES_CLOCKS_AND_LANDMARKS,+1 frozen trigger ATR before -1 frozen trigger ATR; unresolved retained; ATR recipe requires source binding; adverse first passage is NOT structural fakeout,"OBSERVED_PREFIX_ONLY: predeclared elapsed-age landmarks; fixed weight for each eligible occurrence at a landmark, or separately frozen equal-snapshot normalization using only eligible cases already known at that snapshot; NEVER divide by eventual surviving landmark count; preserve proper at-risk exposure; current forecasts use remaining time to fixed origin deadline","{""hidden_hyperparameter_search"":false,""learned_sector_regime_theme_industry_axis"":false,""minimum_compression"":5,""model_binding"":""REQUIRES_EXACT_PRE_OUTCOME_SOURCE_BINDING"",""model_recipe_count"":1,""original_range_TTM_dependencies"":""SOURCE_BOUND"",""percentile"":25,""phenotype"":""PRICE_RELEASE_VOLUME_ATTRIBUTE_SEPARATE_RECONCILIATION_PENDING"",""quantile"":""0.10"",""release_window"":3}",PROPOSED_NOT_REGISTERED_HOLD,"Qualified program ancestry only: S16 esx_sq_phase0 has 12 historical declared trials and report/run evidence, not 12 newly reconstructed itemized rows; S16 v1.0 accruing/unshipped does not confer new clock/direction/model/consumer authority. Def4 is a separate DRAFT 10-trial/46-cell reservation with zero canonical ledger rows at Macro 5fc7af4a1aa2510966a7b566f97e5b894f2632f8. This proposal does not claim all-time search=12+218.","BEFORE_OUTCOMES: incumbent owner review and approval; qualified corpus/cutoff/source/session/basis/rights/PIT/known-time contracts for each clock; exact occurrence and reset law; S16 phenotype reconciliation; ATR/scale and label/fill/ambiguity binding; matching/support and draw/seed rules; exact M0/M1 estimator/features/regularization/calibration binding where applicable; prefix-known landmark schedule/weights; consumer margins, costs, precision/power and sufficiency gates; exact temporal folds and untouched-evidence proof; one inferential procedure; independent acceptance; resource estimate/budget; existing-ledger registration only through a separately approved admitted carrier","OFFLINE_RESEARCH_PROPOSAL_ONLY; no canonical trial ID, registration, admission, dispatch, outcome execution, production, rank, gate, size or promotion authority",TOI_Recovery_Masterplan_2026-10-03.md,K1-K9,0426631f0a2e3c7243530a2ad859c5e36857768c43d0649ab17210d1c2246be8
TOI-W3-PROPOSAL-CFG-0151,W3-B,REMAINING_MAE_MODEL,SIMPLE_FORECAST_MODEL,D1,Source-bound vol_squeeze.assess_series percentile25/minimum compression5/release window3/original range and TTM dependencies; historical price-release population retained; volume attribute separate; phenotype reconciliation pending,4H-CLOCK,UP,P0_ORIGINAL_COHORT_REFERENCE,REMAINING_MAE,M1,One regularized discrete-time cause-model recipe or one regularized quantile-model recipe with fixed own-price/state/age/volatility/location/liquidity inputs; exact implementation pending; no hidden model/feature/penalty/calibration search,0.10,4H-CLOCK,"[""TOI-W3-PROPOSAL-CFG-0013""]",Current-price remaining adverse excursion quantile to the original post-trigger deadline,Pinball loss at registered quantile; diagnostic coverage/order/width checks,Identical eligible held-out current D1 landmarks with prefix-known eligibility/weights; failed/expired/stagnant original paths represented lawfully; no eventual-success matching and no eventual landmark-count denominator,10,FIRST_CAUSALLY_RECOGNIZED_FORMING_ONSET; TEN_SUBSEQUENT_COMPLETED_NATIVE_BARS; ORIGIN_EXCLUDED,21,ORIGINAL_FIRST_FEASIBLE_P0_REFERENCE; SAME_ORIGINAL_DEADLINE_ACROSS_POLICIES_CLOCKS_AND_LANDMARKS,+1 frozen trigger ATR before -1 frozen trigger ATR; unresolved retained; ATR recipe requires source binding; adverse first passage is NOT structural fakeout,"OBSERVED_PREFIX_ONLY: predeclared elapsed-age landmarks; fixed weight for each eligible occurrence at a landmark, or separately frozen equal-snapshot normalization using only eligible cases already known at that snapshot; NEVER divide by eventual surviving landmark count; preserve proper at-risk exposure; current forecasts use remaining time to fixed origin deadline","{""hidden_hyperparameter_search"":false,""learned_sector_regime_theme_industry_axis"":false,""minimum_compression"":5,""model_binding"":""REQUIRES_EXACT_PRE_OUTCOME_SOURCE_BINDING"",""model_recipe_count"":1,""original_range_TTM_dependencies"":""SOURCE_BOUND"",""percentile"":25,""phenotype"":""PRICE_RELEASE_VOLUME_ATTRIBUTE_SEPARATE_RECONCILIATION_PENDING"",""quantile"":""0.10"",""release_window"":3}",PROPOSED_NOT_REGISTERED_HOLD,"Qualified program ancestry only: S16 esx_sq_phase0 has 12 historical declared trials and report/run evidence, not 12 newly reconstructed itemized rows; S16 v1.0 accruing/unshipped does not confer new clock/direction/model/consumer authority. Def4 is a separate DRAFT 10-trial/46-cell reservation with zero canonical ledger rows at Macro 5fc7af4a1aa2510966a7b566f97e5b894f2632f8. This proposal does not claim all-time search=12+218.","BEFORE_OUTCOMES: incumbent owner review and approval; qualified corpus/cutoff/source/session/basis/rights/PIT/known-time contracts for each clock; exact occurrence and reset law; S16 phenotype reconciliation; ATR/scale and label/fill/ambiguity binding; matching/support and draw/seed rules; exact M0/M1 estimator/features/regularization/calibration binding where applicable; prefix-known landmark schedule/weights; consumer margins, costs, precision/power and sufficiency gates; exact temporal folds and untouched-evidence proof; one inferential procedure; independent acceptance; resource estimate/budget; existing-ledger registration only through a separately approved admitted carrier","OFFLINE_RESEARCH_PROPOSAL_ONLY; no canonical trial ID, registration, admission, dispatch, outcome execution, production, rank, gate, size or promotion authority",TOI_Recovery_Masterplan_2026-10-03.md,K1-K9,0426631f0a2e3c7243530a2ad859c5e36857768c43d0649ab17210d1c2246be8
TOI-W3-PROPOSAL-CFG-0152,W3-B,REMAINING_MAE_MODEL,EMPIRICAL_BASELINE,D1,Source-bound vol_squeeze.assess_series percentile25/minimum compression5/release window3/original range and TTM dependencies; historical price-release population retained; volume attribute separate; phenotype reconciliation pending,4H-CLOCK,UP,P0_ORIGINAL_COHORT_REFERENCE,REMAINING_MAE,M0,Elapsed-age/clock empirical transition distribution or corresponding empirical excursion quantile; one bound estimation/support rule reused across folds,0.50,4H-CLOCK,"[""TOI-W3-PROPOSAL-CFG-0013""]",Current-price remaining adverse excursion quantile to the original post-trigger deadline,Pinball loss at registered quantile; diagnostic coverage/order/width checks,Identical eligible held-out current D1 landmarks with prefix-known eligibility/weights; failed/expired/stagnant original paths represented lawfully; no eventual-success matching and no eventual landmark-count denominator,10,FIRST_CAUSALLY_RECOGNIZED_FORMING_ONSET; TEN_SUBSEQUENT_COMPLETED_NATIVE_BARS; ORIGIN_EXCLUDED,21,ORIGINAL_FIRST_FEASIBLE_P0_REFERENCE; SAME_ORIGINAL_DEADLINE_ACROSS_POLICIES_CLOCKS_AND_LANDMARKS,+1 frozen trigger ATR before -1 frozen trigger ATR; unresolved retained; ATR recipe requires source binding; adverse first passage is NOT structural fakeout,"OBSERVED_PREFIX_ONLY: predeclared elapsed-age landmarks; fixed weight for each eligible occurrence at a landmark, or separately frozen equal-snapshot normalization using only eligible cases already known at that snapshot; NEVER divide by eventual surviving landmark count; preserve proper at-risk exposure; current forecasts use remaining time to fixed origin deadline","{""hidden_hyperparameter_search"":false,""learned_sector_regime_theme_industry_axis"":false,""minimum_compression"":5,""model_binding"":""REQUIRES_EXACT_PRE_OUTCOME_SOURCE_BINDING"",""model_recipe_count"":1,""original_range_TTM_dependencies"":""SOURCE_BOUND"",""percentile"":25,""phenotype"":""PRICE_RELEASE_VOLUME_ATTRIBUTE_SEPARATE_RECONCILIATION_PENDING"",""quantile"":""0.50"",""release_window"":3}",PROPOSED_NOT_REGISTERED_HOLD,"Qualified program ancestry only: S16 esx_sq_phase0 has 12 historical declared trials and report/run evidence, not 12 newly reconstructed itemized rows; S16 v1.0 accruing/unshipped does not confer new clock/direction/model/consumer authority. Def4 is a separate DRAFT 10-trial/46-cell reservation with zero canonical ledger rows at Macro 5fc7af4a1aa2510966a7b566f97e5b894f2632f8. This proposal does not claim all-time search=12+218.","BEFORE_OUTCOMES: incumbent owner review and approval; qualified corpus/cutoff/source/session/basis/rights/PIT/known-time contracts for each clock; exact occurrence and reset law; S16 phenotype reconciliation; ATR/scale and label/fill/ambiguity binding; matching/support and draw/seed rules; exact M0/M1 estimator/features/regularization/calibration binding where applicable; prefix-known landmark schedule/weights; consumer margins, costs, precision/power and sufficiency gates; exact temporal folds and untouched-evidence proof; one inferential procedure; independent acceptance; resource estimate/budget; existing-ledger registration only through a separately approved admitted carrier","OFFLINE_RESEARCH_PROPOSAL_ONLY; no canonical trial ID, registration, admission, dispatch, outcome execution, production, rank, gate, size or promotion authority",TOI_Recovery_Masterplan_2026-10-03.md,K1-K9,0426631f0a2e3c7243530a2ad859c5e36857768c43d0649ab17210d1c2246be8
TOI-W3-PROPOSAL-CFG-0153,W3-B,REMAINING_MAE_MODEL,SIMPLE_FORECAST_MODEL,D1,Source-bound vol_squeeze.assess_series percentile25/minimum compression5/release window3/original range and TTM dependencies; historical price-release population retained; volume attribute separate; phenotype reconciliation pending,4H-CLOCK,UP,P0_ORIGINAL_COHORT_REFERENCE,REMAINING_MAE,M1,One regularized discrete-time cause-model recipe or one regularized quantile-model recipe with fixed own-price/state/age/volatility/location/liquidity inputs; exact implementation pending; no hidden model/feature/penalty/calibration search,0.50,4H-CLOCK,"[""TOI-W3-PROPOSAL-CFG-0013""]",Current-price remaining adverse excursion quantile to the original post-trigger deadline,Pinball loss at registered quantile; diagnostic coverage/order/width checks,Identical eligible held-out current D1 landmarks with prefix-known eligibility/weights; failed/expired/stagnant original paths represented lawfully; no eventual-success matching and no eventual landmark-count denominator,10,FIRST_CAUSALLY_RECOGNIZED_FORMING_ONSET; TEN_SUBSEQUENT_COMPLETED_NATIVE_BARS; ORIGIN_EXCLUDED,21,ORIGINAL_FIRST_FEASIBLE_P0_REFERENCE; SAME_ORIGINAL_DEADLINE_ACROSS_POLICIES_CLOCKS_AND_LANDMARKS,+1 frozen trigger ATR before -1 frozen trigger ATR; unresolved retained; ATR recipe requires source binding; adverse first passage is NOT structural fakeout,"OBSERVED_PREFIX_ONLY: predeclared elapsed-age landmarks; fixed weight for each eligible occurrence at a landmark, or separately frozen equal-snapshot normalization using only eligible cases already known at that snapshot; NEVER divide by eventual surviving landmark count; preserve proper at-risk exposure; current forecasts use remaining time to fixed origin deadline","{""hidden_hyperparameter_search"":false,""learned_sector_regime_theme_industry_axis"":false,""minimum_compression"":5,""model_binding"":""REQUIRES_EXACT_PRE_OUTCOME_SOURCE_BINDING"",""model_recipe_count"":1,""original_range_TTM_dependencies"":""SOURCE_BOUND"",""percentile"":25,""phenotype"":""PRICE_RELEASE_VOLUME_ATTRIBUTE_SEPARATE_RECONCILIATION_PENDING"",""quantile"":""0.50"",""release_window"":3}",PROPOSED_NOT_REGISTERED_HOLD,"Qualified program ancestry only: S16 esx_sq_phase0 has 12 historical declared trials and report/run evidence, not 12 newly reconstructed itemized rows; S16 v1.0 accruing/unshipped does not confer new clock/direction/model/consumer authority. Def4 is a separate DRAFT 10-trial/46-cell reservation with zero canonical ledger rows at Macro 5fc7af4a1aa2510966a7b566f97e5b894f2632f8. This proposal does not claim all-time search=12+218.","BEFORE_OUTCOMES: incumbent owner review and approval; qualified corpus/cutoff/source/session/basis/rights/PIT/known-time contracts for each clock; exact occurrence and reset law; S16 phenotype reconciliation; ATR/scale and label/fill/ambiguity binding; matching/support and draw/seed rules; exact M0/M1 estimator/features/regularization/calibration binding where applicable; prefix-known landmark schedule/weights; consumer margins, costs, precision/power and sufficiency gates; exact temporal folds and untouched-evidence proof; one inferential procedure; independent acceptance; resource estimate/budget; existing-ledger registration only through a separately approved admitted carrier","OFFLINE_RESEARCH_PROPOSAL_ONLY; no canonical trial ID, registration, admission, dispatch, outcome execution, production, rank, gate, size or promotion authority",TOI_Recovery_Masterplan_2026-10-03.md,K1-K9,0426631f0a2e3c7243530a2ad859c5e36857768c43d0649ab17210d1c2246be8
TOI-W3-PROPOSAL-CFG-0154,W3-B,REMAINING_MAE_MODEL,EMPIRICAL_BASELINE,D1,Source-bound vol_squeeze.assess_series percentile25/minimum compression5/release window3/original range and TTM dependencies; historical price-release population retained; volume attribute separate; phenotype reconciliation pending,4H-CLOCK,UP,P0_ORIGINAL_COHORT_REFERENCE,REMAINING_MAE,M0,Elapsed-age/clock empirical transition distribution or corresponding empirical excursion quantile; one bound estimation/support rule reused across folds,0.90,4H-CLOCK,"[""TOI-W3-PROPOSAL-CFG-0013""]",Current-price remaining adverse excursion quantile to the original post-trigger deadline,Pinball loss at registered quantile; diagnostic coverage/order/width checks,Identical eligible held-out current D1 landmarks with prefix-known eligibility/weights; failed/expired/stagnant original paths represented lawfully; no eventual-success matching and no eventual landmark-count denominator,10,FIRST_CAUSALLY_RECOGNIZED_FORMING_ONSET; TEN_SUBSEQUENT_COMPLETED_NATIVE_BARS; ORIGIN_EXCLUDED,21,ORIGINAL_FIRST_FEASIBLE_P0_REFERENCE; SAME_ORIGINAL_DEADLINE_ACROSS_POLICIES_CLOCKS_AND_LANDMARKS,+1 frozen trigger ATR before -1 frozen trigger ATR; unresolved retained; ATR recipe requires source binding; adverse first passage is NOT structural fakeout,"OBSERVED_PREFIX_ONLY: predeclared elapsed-age landmarks; fixed weight for each eligible occurrence at a landmark, or separately frozen equal-snapshot normalization using only eligible cases already known at that snapshot; NEVER divide by eventual surviving landmark count; preserve proper at-risk exposure; current forecasts use remaining time to fixed origin deadline","{""hidden_hyperparameter_search"":false,""learned_sector_regime_theme_industry_axis"":false,""minimum_compression"":5,""model_binding"":""REQUIRES_EXACT_PRE_OUTCOME_SOURCE_BINDING"",""model_recipe_count"":1,""original_range_TTM_dependencies"":""SOURCE_BOUND"",""percentile"":25,""phenotype"":""PRICE_RELEASE_VOLUME_ATTRIBUTE_SEPARATE_RECONCILIATION_PENDING"",""quantile"":""0.90"",""release_window"":3}",PROPOSED_NOT_REGISTERED_HOLD,"Qualified program ancestry only: S16 esx_sq_phase0 has 12 historical declared trials and report/run evidence, not 12 newly reconstructed itemized rows; S16 v1.0 accruing/unshipped does not confer new clock/direction/model/consumer authority. Def4 is a separate DRAFT 10-trial/46-cell reservation with zero canonical ledger rows at Macro 5fc7af4a1aa2510966a7b566f97e5b894f2632f8. This proposal does not claim all-time search=12+218.","BEFORE_OUTCOMES: incumbent owner review and approval; qualified corpus/cutoff/source/session/basis/rights/PIT/known-time contracts for each clock; exact occurrence and reset law; S16 phenotype reconciliation; ATR/scale and label/fill/ambiguity binding; matching/support and draw/seed rules; exact M0/M1 estimator/features/regularization/calibration binding where applicable; prefix-known landmark schedule/weights; consumer margins, costs, precision/power and sufficiency gates; exact temporal folds and untouched-evidence proof; one inferential procedure; independent acceptance; resource estimate/budget; existing-ledger registration only through a separately approved admitted carrier","OFFLINE_RESEARCH_PROPOSAL_ONLY; no canonical trial ID, registration, admission, dispatch, outcome execution, production, rank, gate, size or promotion authority",TOI_Recovery_Masterplan_2026-10-03.md,K1-K9,0426631f0a2e3c7243530a2ad859c5e36857768c43d0649ab17210d1c2246be8
TOI-W3-PROPOSAL-CFG-0155,W3-B,REMAINING_MAE_MODEL,SIMPLE_FORECAST_MODEL,D1,Source-bound vol_squeeze.assess_series percentile25/minimum compression5/release window3/original range and TTM dependencies; historical price-release population retained; volume attribute separate; phenotype reconciliation pending,4H-CLOCK,UP,P0_ORIGINAL_COHORT_REFERENCE,REMAINING_MAE,M1,One regularized discrete-time cause-model recipe or one regularized quantile-model recipe with fixed own-price/state/age/volatility/location/liquidity inputs; exact implementation pending; no hidden model/feature/penalty/calibration search,0.90,4H-CLOCK,"[""TOI-W3-PROPOSAL-CFG-0013""]",Current-price remaining adverse excursion quantile to the original post-trigger deadline,Pinball loss at registered quantile; diagnostic coverage/order/width checks,Identical eligible held-out current D1 landmarks with prefix-known eligibility/weights; failed/expired/stagnant original paths represented lawfully; no eventual-success matching and no eventual landmark-count denominator,10,FIRST_CAUSALLY_RECOGNIZED_FORMING_ONSET; TEN_SUBSEQUENT_COMPLETED_NATIVE_BARS; ORIGIN_EXCLUDED,21,ORIGINAL_FIRST_FEASIBLE_P0_REFERENCE; SAME_ORIGINAL_DEADLINE_ACROSS_POLICIES_CLOCKS_AND_LANDMARKS,+1 frozen trigger ATR before -1 frozen trigger ATR; unresolved retained; ATR recipe requires source binding; adverse first passage is NOT structural fakeout,"OBSERVED_PREFIX_ONLY: predeclared elapsed-age landmarks; fixed weight for each eligible occurrence at a landmark, or separately frozen equal-snapshot normalization using only eligible cases already known at that snapshot; NEVER divide by eventual surviving landmark count; preserve proper at-risk exposure; current forecasts use remaining time to fixed origin deadline","{""hidden_hyperparameter_search"":false,""learned_sector_regime_theme_industry_axis"":false,""minimum_compression"":5,""model_binding"":""REQUIRES_EXACT_PRE_OUTCOME_SOURCE_BINDING"",""model_recipe_count"":1,""original_range_TTM_dependencies"":""SOURCE_BOUND"",""percentile"":25,""phenotype"":""PRICE_RELEASE_VOLUME_ATTRIBUTE_SEPARATE_RECONCILIATION_PENDING"",""quantile"":""0.90"",""release_window"":3}",PROPOSED_NOT_REGISTERED_HOLD,"Qualified program ancestry only: S16 esx_sq_phase0 has 12 historical declared trials and report/run evidence, not 12 newly reconstructed itemized rows; S16 v1.0 accruing/unshipped does not confer new clock/direction/model/consumer authority. Def4 is a separate DRAFT 10-trial/46-cell reservation with zero canonical ledger rows at Macro 5fc7af4a1aa2510966a7b566f97e5b894f2632f8. This proposal does not claim all-time search=12+218.","BEFORE_OUTCOMES: incumbent owner review and approval; qualified corpus/cutoff/source/session/basis/rights/PIT/known-time contracts for each clock; exact occurrence and reset law; S16 phenotype reconciliation; ATR/scale and label/fill/ambiguity binding; matching/support and draw/seed rules; exact M0/M1 estimator/features/regularization/calibration binding where applicable; prefix-known landmark schedule/weights; consumer margins, costs, precision/power and sufficiency gates; exact temporal folds and untouched-evidence proof; one inferential procedure; independent acceptance; resource estimate/budget; existing-ledger registration only through a separately approved admitted carrier","OFFLINE_RESEARCH_PROPOSAL_ONLY; no canonical trial ID, registration, admission, dispatch, outcome execution, production, rank, gate, size or promotion authority",TOI_Recovery_Masterplan_2026-10-03.md,K1-K9,0426631f0a2e3c7243530a2ad859c5e36857768c43d0649ab17210d1c2246be8
TOI-W3-PROPOSAL-CFG-0156,W3-B,REMAINING_MAE_MODEL,EMPIRICAL_BASELINE,D1,Source-bound vol_squeeze.assess_series percentile25/minimum compression5/release window3/original range and TTM dependencies; historical price-release population retained; volume attribute separate; phenotype reconciliation pending,4H-CLOCK,DOWN,P0_ORIGINAL_COHORT_REFERENCE,REMAINING_MAE,M0,Elapsed-age/clock empirical transition distribution or corresponding empirical excursion quantile; one bound estimation/support rule reused across folds,0.10,4H-CLOCK,"[""TOI-W3-PROPOSAL-CFG-0014""]",Current-price remaining adverse excursion quantile to the original post-trigger deadline,Pinball loss at registered quantile; diagnostic coverage/order/width checks,Identical eligible held-out current D1 landmarks with prefix-known eligibility/weights; failed/expired/stagnant original paths represented lawfully; no eventual-success matching and no eventual landmark-count denominator,10,FIRST_CAUSALLY_RECOGNIZED_FORMING_ONSET; TEN_SUBSEQUENT_COMPLETED_NATIVE_BARS; ORIGIN_EXCLUDED,21,ORIGINAL_FIRST_FEASIBLE_P0_REFERENCE; SAME_ORIGINAL_DEADLINE_ACROSS_POLICIES_CLOCKS_AND_LANDMARKS,+1 frozen trigger ATR before -1 frozen trigger ATR; unresolved retained; ATR recipe requires source binding; adverse first passage is NOT structural fakeout,"OBSERVED_PREFIX_ONLY: predeclared elapsed-age landmarks; fixed weight for each eligible occurrence at a landmark, or separately frozen equal-snapshot normalization using only eligible cases already known at that snapshot; NEVER divide by eventual surviving landmark count; preserve proper at-risk exposure; current forecasts use remaining time to fixed origin deadline","{""hidden_hyperparameter_search"":false,""learned_sector_regime_theme_industry_axis"":false,""minimum_compression"":5,""model_binding"":""REQUIRES_EXACT_PRE_OUTCOME_SOURCE_BINDING"",""model_recipe_count"":1,""original_range_TTM_dependencies"":""SOURCE_BOUND"",""percentile"":25,""phenotype"":""PRICE_RELEASE_VOLUME_ATTRIBUTE_SEPARATE_RECONCILIATION_PENDING"",""quantile"":""0.10"",""release_window"":3}",PROPOSED_NOT_REGISTERED_HOLD,"Qualified program ancestry only: S16 esx_sq_phase0 has 12 historical declared trials and report/run evidence, not 12 newly reconstructed itemized rows; S16 v1.0 accruing/unshipped does not confer new clock/direction/model/consumer authority. Def4 is a separate DRAFT 10-trial/46-cell reservation with zero canonical ledger rows at Macro 5fc7af4a1aa2510966a7b566f97e5b894f2632f8. This proposal does not claim all-time search=12+218.","BEFORE_OUTCOMES: incumbent owner review and approval; qualified corpus/cutoff/source/session/basis/rights/PIT/known-time contracts for each clock; exact occurrence and reset law; S16 phenotype reconciliation; ATR/scale and label/fill/ambiguity binding; matching/support and draw/seed rules; exact M0/M1 estimator/features/regularization/calibration binding where applicable; prefix-known landmark schedule/weights; consumer margins, costs, precision/power and sufficiency gates; exact temporal folds and untouched-evidence proof; one inferential procedure; independent acceptance; resource estimate/budget; existing-ledger registration only through a separately approved admitted carrier","OFFLINE_RESEARCH_PROPOSAL_ONLY; no canonical trial ID, registration, admission, dispatch, outcome execution, production, rank, gate, size or promotion authority",TOI_Recovery_Masterplan_2026-10-03.md,K1-K9,0426631f0a2e3c7243530a2ad859c5e36857768c43d0649ab17210d1c2246be8
TOI-W3-PROPOSAL-CFG-0157,W3-B,REMAINING_MAE_MODEL,SIMPLE_FORECAST_MODEL,D1,Source-bound vol_squeeze.assess_series percentile25/minimum compression5/release window3/original range and TTM dependencies; historical price-release population retained; volume attribute separate; phenotype reconciliation pending,4H-CLOCK,DOWN,P0_ORIGINAL_COHORT_REFERENCE,REMAINING_MAE,M1,One regularized discrete-time cause-model recipe or one regularized quantile-model recipe with fixed own-price/state/age/volatility/location/liquidity inputs; exact implementation pending; no hidden model/feature/penalty/calibration search,0.10,4H-CLOCK,"[""TOI-W3-PROPOSAL-CFG-0014""]",Current-price remaining adverse excursion quantile to the original post-trigger deadline,Pinball loss at registered quantile; diagnostic coverage/order/width checks,Identical eligible held-out current D1 landmarks with prefix-known eligibility/weights; failed/expired/stagnant original paths represented lawfully; no eventual-success matching and no eventual landmark-count denominator,10,FIRST_CAUSALLY_RECOGNIZED_FORMING_ONSET; TEN_SUBSEQUENT_COMPLETED_NATIVE_BARS; ORIGIN_EXCLUDED,21,ORIGINAL_FIRST_FEASIBLE_P0_REFERENCE; SAME_ORIGINAL_DEADLINE_ACROSS_POLICIES_CLOCKS_AND_LANDMARKS,+1 frozen trigger ATR before -1 frozen trigger ATR; unresolved retained; ATR recipe requires source binding; adverse first passage is NOT structural fakeout,"OBSERVED_PREFIX_ONLY: predeclared elapsed-age landmarks; fixed weight for each eligible occurrence at a landmark, or separately frozen equal-snapshot normalization using only eligible cases already known at that snapshot; NEVER divide by eventual surviving landmark count; preserve proper at-risk exposure; current forecasts use remaining time to fixed origin deadline","{""hidden_hyperparameter_search"":false,""learned_sector_regime_theme_industry_axis"":false,""minimum_compression"":5,""model_binding"":""REQUIRES_EXACT_PRE_OUTCOME_SOURCE_BINDING"",""model_recipe_count"":1,""original_range_TTM_dependencies"":""SOURCE_BOUND"",""percentile"":25,""phenotype"":""PRICE_RELEASE_VOLUME_ATTRIBUTE_SEPARATE_RECONCILIATION_PENDING"",""quantile"":""0.10"",""release_window"":3}",PROPOSED_NOT_REGISTERED_HOLD,"Qualified program ancestry only: S16 esx_sq_phase0 has 12 historical declared trials and report/run evidence, not 12 newly reconstructed itemized rows; S16 v1.0 accruing/unshipped does not confer new clock/direction/model/consumer authority. Def4 is a separate DRAFT 10-trial/46-cell reservation with zero canonical ledger rows at Macro 5fc7af4a1aa2510966a7b566f97e5b894f2632f8. This proposal does not claim all-time search=12+218.","BEFORE_OUTCOMES: incumbent owner review and approval; qualified corpus/cutoff/source/session/basis/rights/PIT/known-time contracts for each clock; exact occurrence and reset law; S16 phenotype reconciliation; ATR/scale and label/fill/ambiguity binding; matching/support and draw/seed rules; exact M0/M1 estimator/features/regularization/calibration binding where applicable; prefix-known landmark schedule/weights; consumer margins, costs, precision/power and sufficiency gates; exact temporal folds and untouched-evidence proof; one inferential procedure; independent acceptance; resource estimate/budget; existing-ledger registration only through a separately approved admitted carrier","OFFLINE_RESEARCH_PROPOSAL_ONLY; no canonical trial ID, registration, admission, dispatch, outcome execution, production, rank, gate, size or promotion authority",TOI_Recovery_Masterplan_2026-10-03.md,K1-K9,0426631f0a2e3c7243530a2ad859c5e36857768c43d0649ab17210d1c2246be8
TOI-W3-PROPOSAL-CFG-0158,W3-B,REMAINING_MAE_MODEL,EMPIRICAL_BASELINE,D1,Source-bound vol_squeeze.assess_series percentile25/minimum compression5/release window3/original range and TTM dependencies; historical price-release population retained; volume attribute separate; phenotype reconciliation pending,4H-CLOCK,DOWN,P0_ORIGINAL_COHORT_REFERENCE,REMAINING_MAE,M0,Elapsed-age/clock empirical transition distribution or corresponding empirical excursion quantile; one bound estimation/support rule reused across folds,0.50,4H-CLOCK,"[""TOI-W3-PROPOSAL-CFG-0014""]",Current-price remaining adverse excursion quantile to the original post-trigger deadline,Pinball loss at registered quantile; diagnostic coverage/order/width checks,Identical eligible held-out current D1 landmarks with prefix-known eligibility/weights; failed/expired/stagnant original paths represented lawfully; no eventual-success matching and no eventual landmark-count denominator,10,FIRST_CAUSALLY_RECOGNIZED_FORMING_ONSET; TEN_SUBSEQUENT_COMPLETED_NATIVE_BARS; ORIGIN_EXCLUDED,21,ORIGINAL_FIRST_FEASIBLE_P0_REFERENCE; SAME_ORIGINAL_DEADLINE_ACROSS_POLICIES_CLOCKS_AND_LANDMARKS,+1 frozen trigger ATR before -1 frozen trigger ATR; unresolved retained; ATR recipe requires source binding; adverse first passage is NOT structural fakeout,"OBSERVED_PREFIX_ONLY: predeclared elapsed-age landmarks; fixed weight for each eligible occurrence at a landmark, or separately frozen equal-snapshot normalization using only eligible cases already known at that snapshot; NEVER divide by eventual surviving landmark count; preserve proper at-risk exposure; current forecasts use remaining time to fixed origin deadline","{""hidden_hyperparameter_search"":false,""learned_sector_regime_theme_industry_axis"":false,""minimum_compression"":5,""model_binding"":""REQUIRES_EXACT_PRE_OUTCOME_SOURCE_BINDING"",""model_recipe_count"":1,""original_range_TTM_dependencies"":""SOURCE_BOUND"",""percentile"":25,""phenotype"":""PRICE_RELEASE_VOLUME_ATTRIBUTE_SEPARATE_RECONCILIATION_PENDING"",""quantile"":""0.50"",""release_window"":3}",PROPOSED_NOT_REGISTERED_HOLD,"Qualified program ancestry only: S16 esx_sq_phase0 has 12 historical declared trials and report/run evidence, not 12 newly reconstructed itemized rows; S16 v1.0 accruing/unshipped does not confer new clock/direction/model/consumer authority. Def4 is a separate DRAFT 10-trial/46-cell reservation with zero canonical ledger rows at Macro 5fc7af4a1aa2510966a7b566f97e5b894f2632f8. This proposal does not claim all-time search=12+218.","BEFORE_OUTCOMES: incumbent owner review and approval; qualified corpus/cutoff/source/session/basis/rights/PIT/known-time contracts for each clock; exact occurrence and reset law; S16 phenotype reconciliation; ATR/scale and label/fill/ambiguity binding; matching/support and draw/seed rules; exact M0/M1 estimator/features/regularization/calibration binding where applicable; prefix-known landmark schedule/weights; consumer margins, costs, precision/power and sufficiency gates; exact temporal folds and untouched-evidence proof; one inferential procedure; independent acceptance; resource estimate/budget; existing-ledger registration only through a separately approved admitted carrier","OFFLINE_RESEARCH_PROPOSAL_ONLY; no canonical trial ID, registration, admission, dispatch, outcome execution, production, rank, gate, size or promotion authority",TOI_Recovery_Masterplan_2026-10-03.md,K1-K9,0426631f0a2e3c7243530a2ad859c5e36857768c43d0649ab17210d1c2246be8
TOI-W3-PROPOSAL-CFG-0159,W3-B,REMAINING_MAE_MODEL,SIMPLE_FORECAST_MODEL,D1,Source-bound vol_squeeze.assess_series percentile25/minimum compression5/release window3/original range and TTM dependencies; historical price-release population retained; volume attribute separate; phenotype reconciliation pending,4H-CLOCK,DOWN,P0_ORIGINAL_COHORT_REFERENCE,REMAINING_MAE,M1,One regularized discrete-time cause-model recipe or one regularized quantile-model recipe with fixed own-price/state/age/volatility/location/liquidity inputs; exact implementation pending; no hidden model/feature/penalty/calibration search,0.50,4H-CLOCK,"[""TOI-W3-PROPOSAL-CFG-0014""]",Current-price remaining adverse excursion quantile to the original post-trigger deadline,Pinball loss at registered quantile; diagnostic coverage/order/width checks,Identical eligible held-out current D1 landmarks with prefix-known eligibility/weights; failed/expired/stagnant original paths represented lawfully; no eventual-success matching and no eventual landmark-count denominator,10,FIRST_CAUSALLY_RECOGNIZED_FORMING_ONSET; TEN_SUBSEQUENT_COMPLETED_NATIVE_BARS; ORIGIN_EXCLUDED,21,ORIGINAL_FIRST_FEASIBLE_P0_REFERENCE; SAME_ORIGINAL_DEADLINE_ACROSS_POLICIES_CLOCKS_AND_LANDMARKS,+1 frozen trigger ATR before -1 frozen trigger ATR; unresolved retained; ATR recipe requires source binding; adverse first passage is NOT structural fakeout,"OBSERVED_PREFIX_ONLY: predeclared elapsed-age landmarks; fixed weight for each eligible occurrence at a landmark, or separately frozen equal-snapshot normalization using only eligible cases already known at that snapshot; NEVER divide by eventual surviving landmark count; preserve proper at-risk exposure; current forecasts use remaining time to fixed origin deadline","{""hidden_hyperparameter_search"":false,""learned_sector_regime_theme_industry_axis"":false,""minimum_compression"":5,""model_binding"":""REQUIRES_EXACT_PRE_OUTCOME_SOURCE_BINDING"",""model_recipe_count"":1,""original_range_TTM_dependencies"":""SOURCE_BOUND"",""percentile"":25,""phenotype"":""PRICE_RELEASE_VOLUME_ATTRIBUTE_SEPARATE_RECONCILIATION_PENDING"",""quantile"":""0.50"",""release_window"":3}",PROPOSED_NOT_REGISTERED_HOLD,"Qualified program ancestry only: S16 esx_sq_phase0 has 12 historical declared trials and report/run evidence, not 12 newly reconstructed itemized rows; S16 v1.0 accruing/unshipped does not confer new clock/direction/model/consumer authority. Def4 is a separate DRAFT 10-trial/46-cell reservation with zero canonical ledger rows at Macro 5fc7af4a1aa2510966a7b566f97e5b894f2632f8. This proposal does not claim all-time search=12+218.","BEFORE_OUTCOMES: incumbent owner review and approval; qualified corpus/cutoff/source/session/basis/rights/PIT/known-time contracts for each clock; exact occurrence and reset law; S16 phenotype reconciliation; ATR/scale and label/fill/ambiguity binding; matching/support and draw/seed rules; exact M0/M1 estimator/features/regularization/calibration binding where applicable; prefix-known landmark schedule/weights; consumer margins, costs, precision/power and sufficiency gates; exact temporal folds and untouched-evidence proof; one inferential procedure; independent acceptance; resource estimate/budget; existing-ledger registration only through a separately approved admitted carrier","OFFLINE_RESEARCH_PROPOSAL_ONLY; no canonical trial ID, registration, admission, dispatch, outcome execution, production, rank, gate, size or promotion authority",TOI_Recovery_Masterplan_2026-10-03.md,K1-K9,0426631f0a2e3c7243530a2ad859c5e36857768c43d0649ab17210d1c2246be8
TOI-W3-PROPOSAL-CFG-0160,W3-B,REMAINING_MAE_MODEL,EMPIRICAL_BASELINE,D1,Source-bound vol_squeeze.assess_series percentile25/minimum compression5/release window3/original range and TTM dependencies; historical price-release population retained; volume attribute separate; phenotype reconciliation pending,4H-CLOCK,DOWN,P0_ORIGINAL_COHORT_REFERENCE,REMAINING_MAE,M0,Elapsed-age/clock empirical transition distribution or corresponding empirical excursion quantile; one bound estimation/support rule reused across folds,0.90,4H-CLOCK,"[""TOI-W3-PROPOSAL-CFG-0014""]",Current-price remaining adverse excursion quantile to the original post-trigger deadline,Pinball loss at registered quantile; diagnostic coverage/order/width checks,Identical eligible held-out current D1 landmarks with prefix-known eligibility/weights; failed/expired/stagnant original paths represented lawfully; no eventual-success matching and no eventual landmark-count denominator,10,FIRST_CAUSALLY_RECOGNIZED_FORMING_ONSET; TEN_SUBSEQUENT_COMPLETED_NATIVE_BARS; ORIGIN_EXCLUDED,21,ORIGINAL_FIRST_FEASIBLE_P0_REFERENCE; SAME_ORIGINAL_DEADLINE_ACROSS_POLICIES_CLOCKS_AND_LANDMARKS,+1 frozen trigger ATR before -1 frozen trigger ATR; unresolved retained; ATR recipe requires source binding; adverse first passage is NOT structural fakeout,"OBSERVED_PREFIX_ONLY: predeclared elapsed-age landmarks; fixed weight for each eligible occurrence at a landmark, or separately frozen equal-snapshot normalization using only eligible cases already known at that snapshot; NEVER divide by eventual surviving landmark count; preserve proper at-risk exposure; current forecasts use remaining time to fixed origin deadline","{""hidden_hyperparameter_search"":false,""learned_sector_regime_theme_industry_axis"":false,""minimum_compression"":5,""model_binding"":""REQUIRES_EXACT_PRE_OUTCOME_SOURCE_BINDING"",""model_recipe_count"":1,""original_range_TTM_dependencies"":""SOURCE_BOUND"",""percentile"":25,""phenotype"":""PRICE_RELEASE_VOLUME_ATTRIBUTE_SEPARATE_RECONCILIATION_PENDING"",""quantile"":""0.90"",""release_window"":3}",PROPOSED_NOT_REGISTERED_HOLD,"Qualified program ancestry only: S16 esx_sq_phase0 has 12 historical declared trials and report/run evidence, not 12 newly reconstructed itemized rows; S16 v1.0 accruing/unshipped does not confer new clock/direction/model/consumer authority. Def4 is a separate DRAFT 10-trial/46-cell reservation with zero canonical ledger rows at Macro 5fc7af4a1aa2510966a7b566f97e5b894f2632f8. This proposal does not claim all-time search=12+218.","BEFORE_OUTCOMES: incumbent owner review and approval; qualified corpus/cutoff/source/session/basis/rights/PIT/known-time contracts for each clock; exact occurrence and reset law; S16 phenotype reconciliation; ATR/scale and label/fill/ambiguity binding; matching/support and draw/seed rules; exact M0/M1 estimator/features/regularization/calibration binding where applicable; prefix-known landmark schedule/weights; consumer margins, costs, precision/power and sufficiency gates; exact temporal folds and untouched-evidence proof; one inferential procedure; independent acceptance; resource estimate/budget; existing-ledger registration only through a separately approved admitted carrier","OFFLINE_RESEARCH_PROPOSAL_ONLY; no canonical trial ID, registration, admission, dispatch, outcome execution, production, rank, gate, size or promotion authority",TOI_Recovery_Masterplan_2026-10-03.md,K1-K9,0426631f0a2e3c7243530a2ad859c5e36857768c43d0649ab17210d1c2246be8
TOI-W3-PROPOSAL-CFG-0161,W3-B,REMAINING_MAE_MODEL,SIMPLE_FORECAST_MODEL,D1,Source-bound vol_squeeze.assess_series percentile25/minimum compression5/release window3/original range and TTM dependencies; historical price-release population retained; volume attribute separate; phenotype reconciliation pending,4H-CLOCK,DOWN,P0_ORIGINAL_COHORT_REFERENCE,REMAINING_MAE,M1,One regularized discrete-time cause-model recipe or one regularized quantile-model recipe with fixed own-price/state/age/volatility/location/liquidity inputs; exact implementation pending; no hidden model/feature/penalty/calibration search,0.90,4H-CLOCK,"[""TOI-W3-PROPOSAL-CFG-0014""]",Current-price remaining adverse excursion quantile to the original post-trigger deadline,Pinball loss at registered quantile; diagnostic coverage/order/width checks,Identical eligible held-out current D1 landmarks with prefix-known eligibility/weights; failed/expired/stagnant original paths represented lawfully; no eventual-success matching and no eventual landmark-count denominator,10,FIRST_CAUSALLY_RECOGNIZED_FORMING_ONSET; TEN_SUBSEQUENT_COMPLETED_NATIVE_BARS; ORIGIN_EXCLUDED,21,ORIGINAL_FIRST_FEASIBLE_P0_REFERENCE; SAME_ORIGINAL_DEADLINE_ACROSS_POLICIES_CLOCKS_AND_LANDMARKS,+1 frozen trigger ATR before -1 frozen trigger ATR; unresolved retained; ATR recipe requires source binding; adverse first passage is NOT structural fakeout,"OBSERVED_PREFIX_ONLY: predeclared elapsed-age landmarks; fixed weight for each eligible occurrence at a landmark, or separately frozen equal-snapshot normalization using only eligible cases already known at that snapshot; NEVER divide by eventual surviving landmark count; preserve proper at-risk exposure; current forecasts use remaining time to fixed origin deadline","{""hidden_hyperparameter_search"":false,""learned_sector_regime_theme_industry_axis"":false,""minimum_compression"":5,""model_binding"":""REQUIRES_EXACT_PRE_OUTCOME_SOURCE_BINDING"",""model_recipe_count"":1,""original_range_TTM_dependencies"":""SOURCE_BOUND"",""percentile"":25,""phenotype"":""PRICE_RELEASE_VOLUME_ATTRIBUTE_SEPARATE_RECONCILIATION_PENDING"",""quantile"":""0.90"",""release_window"":3}",PROPOSED_NOT_REGISTERED_HOLD,"Qualified program ancestry only: S16 esx_sq_phase0 has 12 historical declared trials and report/run evidence, not 12 newly reconstructed itemized rows; S16 v1.0 accruing/unshipped does not confer new clock/direction/model/consumer authority. Def4 is a separate DRAFT 10-trial/46-cell reservation with zero canonical ledger rows at Macro 5fc7af4a1aa2510966a7b566f97e5b894f2632f8. This proposal does not claim all-time search=12+218.","BEFORE_OUTCOMES: incumbent owner review and approval; qualified corpus/cutoff/source/session/basis/rights/PIT/known-time contracts for each clock; exact occurrence and reset law; S16 phenotype reconciliation; ATR/scale and label/fill/ambiguity binding; matching/support and draw/seed rules; exact M0/M1 estimator/features/regularization/calibration binding where applicable; prefix-known landmark schedule/weights; consumer margins, costs, precision/power and sufficiency gates; exact temporal folds and untouched-evidence proof; one inferential procedure; independent acceptance; resource estimate/budget; existing-ledger registration only through a separately approved admitted carrier","OFFLINE_RESEARCH_PROPOSAL_ONLY; no canonical trial ID, registration, admission, dispatch, outcome execution, production, rank, gate, size or promotion authority",TOI_Recovery_Masterplan_2026-10-03.md,K1-K9,0426631f0a2e3c7243530a2ad859c5e36857768c43d0649ab17210d1c2246be8
TOI-W3-PROPOSAL-CFG-0162,W3-B,REMAINING_MAE_MODEL,EMPIRICAL_BASELINE,D1,Source-bound vol_squeeze.assess_series percentile25/minimum compression5/release window3/original range and TTM dependencies; historical price-release population retained; volume attribute separate; phenotype reconciliation pending,195M-RTH,UP,P0_ORIGINAL_COHORT_REFERENCE,REMAINING_MAE,M0,Elapsed-age/clock empirical transition distribution or corresponding empirical excursion quantile; one bound estimation/support rule reused across folds,0.10,195M-RTH,"[""TOI-W3-PROPOSAL-CFG-0015""]",Current-price remaining adverse excursion quantile to the original post-trigger deadline,Pinball loss at registered quantile; diagnostic coverage/order/width checks,Identical eligible held-out current D1 landmarks with prefix-known eligibility/weights; failed/expired/stagnant original paths represented lawfully; no eventual-success matching and no eventual landmark-count denominator,10,FIRST_CAUSALLY_RECOGNIZED_FORMING_ONSET; TEN_SUBSEQUENT_COMPLETED_NATIVE_BARS; ORIGIN_EXCLUDED,21,ORIGINAL_FIRST_FEASIBLE_P0_REFERENCE; SAME_ORIGINAL_DEADLINE_ACROSS_POLICIES_CLOCKS_AND_LANDMARKS,+1 frozen trigger ATR before -1 frozen trigger ATR; unresolved retained; ATR recipe requires source binding; adverse first passage is NOT structural fakeout,"OBSERVED_PREFIX_ONLY: predeclared elapsed-age landmarks; fixed weight for each eligible occurrence at a landmark, or separately frozen equal-snapshot normalization using only eligible cases already known at that snapshot; NEVER divide by eventual surviving landmark count; preserve proper at-risk exposure; current forecasts use remaining time to fixed origin deadline","{""hidden_hyperparameter_search"":false,""learned_sector_regime_theme_industry_axis"":false,""minimum_compression"":5,""model_binding"":""REQUIRES_EXACT_PRE_OUTCOME_SOURCE_BINDING"",""model_recipe_count"":1,""original_range_TTM_dependencies"":""SOURCE_BOUND"",""percentile"":25,""phenotype"":""PRICE_RELEASE_VOLUME_ATTRIBUTE_SEPARATE_RECONCILIATION_PENDING"",""quantile"":""0.10"",""release_window"":3}",PROPOSED_NOT_REGISTERED_HOLD,"Qualified program ancestry only: S16 esx_sq_phase0 has 12 historical declared trials and report/run evidence, not 12 newly reconstructed itemized rows; S16 v1.0 accruing/unshipped does not confer new clock/direction/model/consumer authority. Def4 is a separate DRAFT 10-trial/46-cell reservation with zero canonical ledger rows at Macro 5fc7af4a1aa2510966a7b566f97e5b894f2632f8. This proposal does not claim all-time search=12+218.","BEFORE_OUTCOMES: incumbent owner review and approval; qualified corpus/cutoff/source/session/basis/rights/PIT/known-time contracts for each clock; exact occurrence and reset law; S16 phenotype reconciliation; ATR/scale and label/fill/ambiguity binding; matching/support and draw/seed rules; exact M0/M1 estimator/features/regularization/calibration binding where applicable; prefix-known landmark schedule/weights; consumer margins, costs, precision/power and sufficiency gates; exact temporal folds and untouched-evidence proof; one inferential procedure; independent acceptance; resource estimate/budget; existing-ledger registration only through a separately approved admitted carrier","OFFLINE_RESEARCH_PROPOSAL_ONLY; no canonical trial ID, registration, admission, dispatch, outcome execution, production, rank, gate, size or promotion authority",TOI_Recovery_Masterplan_2026-10-03.md,K1-K9,0426631f0a2e3c7243530a2ad859c5e36857768c43d0649ab17210d1c2246be8
TOI-W3-PROPOSAL-CFG-0163,W3-B,REMAINING_MAE_MODEL,SIMPLE_FORECAST_MODEL,D1,Source-bound vol_squeeze.assess_series percentile25/minimum compression5/release window3/original range and TTM dependencies; historical price-release population retained; volume attribute separate; phenotype reconciliation pending,195M-RTH,UP,P0_ORIGINAL_COHORT_REFERENCE,REMAINING_MAE,M1,One regularized discrete-time cause-model recipe or one regularized quantile-model recipe with fixed own-price/state/age/volatility/location/liquidity inputs; exact implementation pending; no hidden model/feature/penalty/calibration search,0.10,195M-RTH,"[""TOI-W3-PROPOSAL-CFG-0015""]",Current-price remaining adverse excursion quantile to the original post-trigger deadline,Pinball loss at registered quantile; diagnostic coverage/order/width checks,Identical eligible held-out current D1 landmarks with prefix-known eligibility/weights; failed/expired/stagnant original paths represented lawfully; no eventual-success matching and no eventual landmark-count denominator,10,FIRST_CAUSALLY_RECOGNIZED_FORMING_ONSET; TEN_SUBSEQUENT_COMPLETED_NATIVE_BARS; ORIGIN_EXCLUDED,21,ORIGINAL_FIRST_FEASIBLE_P0_REFERENCE; SAME_ORIGINAL_DEADLINE_ACROSS_POLICIES_CLOCKS_AND_LANDMARKS,+1 frozen trigger ATR before -1 frozen trigger ATR; unresolved retained; ATR recipe requires source binding; adverse first passage is NOT structural fakeout,"OBSERVED_PREFIX_ONLY: predeclared elapsed-age landmarks; fixed weight for each eligible occurrence at a landmark, or separately frozen equal-snapshot normalization using only eligible cases already known at that snapshot; NEVER divide by eventual surviving landmark count; preserve proper at-risk exposure; current forecasts use remaining time to fixed origin deadline","{""hidden_hyperparameter_search"":false,""learned_sector_regime_theme_industry_axis"":false,""minimum_compression"":5,""model_binding"":""REQUIRES_EXACT_PRE_OUTCOME_SOURCE_BINDING"",""model_recipe_count"":1,""original_range_TTM_dependencies"":""SOURCE_BOUND"",""percentile"":25,""phenotype"":""PRICE_RELEASE_VOLUME_ATTRIBUTE_SEPARATE_RECONCILIATION_PENDING"",""quantile"":""0.10"",""release_window"":3}",PROPOSED_NOT_REGISTERED_HOLD,"Qualified program ancestry only: S16 esx_sq_phase0 has 12 historical declared trials and report/run evidence, not 12 newly reconstructed itemized rows; S16 v1.0 accruing/unshipped does not confer new clock/direction/model/consumer authority. Def4 is a separate DRAFT 10-trial/46-cell reservation with zero canonical ledger rows at Macro 5fc7af4a1aa2510966a7b566f97e5b894f2632f8. This proposal does not claim all-time search=12+218.","BEFORE_OUTCOMES: incumbent owner review and approval; qualified corpus/cutoff/source/session/basis/rights/PIT/known-time contracts for each clock; exact occurrence and reset law; S16 phenotype reconciliation; ATR/scale and label/fill/ambiguity binding; matching/support and draw/seed rules; exact M0/M1 estimator/features/regularization/calibration binding where applicable; prefix-known landmark schedule/weights; consumer margins, costs, precision/power and sufficiency gates; exact temporal folds and untouched-evidence proof; one inferential procedure; independent acceptance; resource estimate/budget; existing-ledger registration only through a separately approved admitted carrier","OFFLINE_RESEARCH_PROPOSAL_ONLY; no canonical trial ID, registration, admission, dispatch, outcome execution, production, rank, gate, size or promotion authority",TOI_Recovery_Masterplan_2026-10-03.md,K1-K9,0426631f0a2e3c7243530a2ad859c5e36857768c43d0649ab17210d1c2246be8
TOI-W3-PROPOSAL-CFG-0164,W3-B,REMAINING_MAE_MODEL,EMPIRICAL_BASELINE,D1,Source-bound vol_squeeze.assess_series percentile25/minimum compression5/release window3/original range and TTM dependencies; historical price-release population retained; volume attribute separate; phenotype reconciliation pending,195M-RTH,UP,P0_ORIGINAL_COHORT_REFERENCE,REMAINING_MAE,M0,Elapsed-age/clock empirical transition distribution or corresponding empirical excursion quantile; one bound estimation/support rule reused across folds,0.50,195M-RTH,"[""TOI-W3-PROPOSAL-CFG-0015""]",Current-price remaining adverse excursion quantile to the original post-trigger deadline,Pinball loss at registered quantile; diagnostic coverage/order/width checks,Identical eligible held-out current D1 landmarks with prefix-known eligibility/weights; failed/expired/stagnant original paths represented lawfully; no eventual-success matching and no eventual landmark-count denominator,10,FIRST_CAUSALLY_RECOGNIZED_FORMING_ONSET; TEN_SUBSEQUENT_COMPLETED_NATIVE_BARS; ORIGIN_EXCLUDED,21,ORIGINAL_FIRST_FEASIBLE_P0_REFERENCE; SAME_ORIGINAL_DEADLINE_ACROSS_POLICIES_CLOCKS_AND_LANDMARKS,+1 frozen trigger ATR before -1 frozen trigger ATR; unresolved retained; ATR recipe requires source binding; adverse first passage is NOT structural fakeout,"OBSERVED_PREFIX_ONLY: predeclared elapsed-age landmarks; fixed weight for each eligible occurrence at a landmark, or separately frozen equal-snapshot normalization using only eligible cases already known at that snapshot; NEVER divide by eventual surviving landmark count; preserve proper at-risk exposure; current forecasts use remaining time to fixed origin deadline","{""hidden_hyperparameter_search"":false,""learned_sector_regime_theme_industry_axis"":false,""minimum_compression"":5,""model_binding"":""REQUIRES_EXACT_PRE_OUTCOME_SOURCE_BINDING"",""model_recipe_count"":1,""original_range_TTM_dependencies"":""SOURCE_BOUND"",""percentile"":25,""phenotype"":""PRICE_RELEASE_VOLUME_ATTRIBUTE_SEPARATE_RECONCILIATION_PENDING"",""quantile"":""0.50"",""release_window"":3}",PROPOSED_NOT_REGISTERED_HOLD,"Qualified program ancestry only: S16 esx_sq_phase0 has 12 historical declared trials and report/run evidence, not 12 newly reconstructed itemized rows; S16 v1.0 accruing/unshipped does not confer new clock/direction/model/consumer authority. Def4 is a separate DRAFT 10-trial/46-cell reservation with zero canonical ledger rows at Macro 5fc7af4a1aa2510966a7b566f97e5b894f2632f8. This proposal does not claim all-time search=12+218.","BEFORE_OUTCOMES: incumbent owner review and approval; qualified corpus/cutoff/source/session/basis/rights/PIT/known-time contracts for each clock; exact occurrence and reset law; S16 phenotype reconciliation; ATR/scale and label/fill/ambiguity binding; matching/support and draw/seed rules; exact M0/M1 estimator/features/regularization/calibration binding where applicable; prefix-known landmark schedule/weights; consumer margins, costs, precision/power and sufficiency gates; exact temporal folds and untouched-evidence proof; one inferential procedure; independent acceptance; resource estimate/budget; existing-ledger registration only through a separately approved admitted carrier","OFFLINE_RESEARCH_PROPOSAL_ONLY; no canonical trial ID, registration, admission, dispatch, outcome execution, production, rank, gate, size or promotion authority",TOI_Recovery_Masterplan_2026-10-03.md,K1-K9,0426631f0a2e3c7243530a2ad859c5e36857768c43d0649ab17210d1c2246be8
TOI-W3-PROPOSAL-CFG-0165,W3-B,REMAINING_MAE_MODEL,SIMPLE_FORECAST_MODEL,D1,Source-bound vol_squeeze.assess_series percentile25/minimum compression5/release window3/original range and TTM dependencies; historical price-release population retained; volume attribute separate; phenotype reconciliation pending,195M-RTH,UP,P0_ORIGINAL_COHORT_REFERENCE,REMAINING_MAE,M1,One regularized discrete-time cause-model recipe or one regularized quantile-model recipe with fixed own-price/state/age/volatility/location/liquidity inputs; exact implementation pending; no hidden model/feature/penalty/calibration search,0.50,195M-RTH,"[""TOI-W3-PROPOSAL-CFG-0015""]",Current-price remaining adverse excursion quantile to the original post-trigger deadline,Pinball loss at registered quantile; diagnostic coverage/order/width checks,Identical eligible held-out current D1 landmarks with prefix-known eligibility/weights; failed/expired/stagnant original paths represented lawfully; no eventual-success matching and no eventual landmark-count denominator,10,FIRST_CAUSALLY_RECOGNIZED_FORMING_ONSET; TEN_SUBSEQUENT_COMPLETED_NATIVE_BARS; ORIGIN_EXCLUDED,21,ORIGINAL_FIRST_FEASIBLE_P0_REFERENCE; SAME_ORIGINAL_DEADLINE_ACROSS_POLICIES_CLOCKS_AND_LANDMARKS,+1 frozen trigger ATR before -1 frozen trigger ATR; unresolved retained; ATR recipe requires source binding; adverse first passage is NOT structural fakeout,"OBSERVED_PREFIX_ONLY: predeclared elapsed-age landmarks; fixed weight for each eligible occurrence at a landmark, or separately frozen equal-snapshot normalization using only eligible cases already known at that snapshot; NEVER divide by eventual surviving landmark count; preserve proper at-risk exposure; current forecasts use remaining time to fixed origin deadline","{""hidden_hyperparameter_search"":false,""learned_sector_regime_theme_industry_axis"":false,""minimum_compression"":5,""model_binding"":""REQUIRES_EXACT_PRE_OUTCOME_SOURCE_BINDING"",""model_recipe_count"":1,""original_range_TTM_dependencies"":""SOURCE_BOUND"",""percentile"":25,""phenotype"":""PRICE_RELEASE_VOLUME_ATTRIBUTE_SEPARATE_RECONCILIATION_PENDING"",""quantile"":""0.50"",""release_window"":3}",PROPOSED_NOT_REGISTERED_HOLD,"Qualified program ancestry only: S16 esx_sq_phase0 has 12 historical declared trials and report/run evidence, not 12 newly reconstructed itemized rows; S16 v1.0 accruing/unshipped does not confer new clock/direction/model/consumer authority. Def4 is a separate DRAFT 10-trial/46-cell reservation with zero canonical ledger rows at Macro 5fc7af4a1aa2510966a7b566f97e5b894f2632f8. This proposal does not claim all-time search=12+218.","BEFORE_OUTCOMES: incumbent owner review and approval; qualified corpus/cutoff/source/session/basis/rights/PIT/known-time contracts for each clock; exact occurrence and reset law; S16 phenotype reconciliation; ATR/scale and label/fill/ambiguity binding; matching/support and draw/seed rules; exact M0/M1 estimator/features/regularization/calibration binding where applicable; prefix-known landmark schedule/weights; consumer margins, costs, precision/power and sufficiency gates; exact temporal folds and untouched-evidence proof; one inferential procedure; independent acceptance; resource estimate/budget; existing-ledger registration only through a separately approved admitted carrier","OFFLINE_RESEARCH_PROPOSAL_ONLY; no canonical trial ID, registration, admission, dispatch, outcome execution, production, rank, gate, size or promotion authority",TOI_Recovery_Masterplan_2026-10-03.md,K1-K9,0426631f0a2e3c7243530a2ad859c5e36857768c43d0649ab17210d1c2246be8
TOI-W3-PROPOSAL-CFG-0166,W3-B,REMAINING_MAE_MODEL,EMPIRICAL_BASELINE,D1,Source-bound vol_squeeze.assess_series percentile25/minimum compression5/release window3/original range and TTM dependencies; historical price-release population retained; volume attribute separate; phenotype reconciliation pending,195M-RTH,UP,P0_ORIGINAL_COHORT_REFERENCE,REMAINING_MAE,M0,Elapsed-age/clock empirical transition distribution or corresponding empirical excursion quantile; one bound estimation/support rule reused across folds,0.90,195M-RTH,"[""TOI-W3-PROPOSAL-CFG-0015""]",Current-price remaining adverse excursion quantile to the original post-trigger deadline,Pinball loss at registered quantile; diagnostic coverage/order/width checks,Identical eligible held-out current D1 landmarks with prefix-known eligibility/weights; failed/expired/stagnant original paths represented lawfully; no eventual-success matching and no eventual landmark-count denominator,10,FIRST_CAUSALLY_RECOGNIZED_FORMING_ONSET; TEN_SUBSEQUENT_COMPLETED_NATIVE_BARS; ORIGIN_EXCLUDED,21,ORIGINAL_FIRST_FEASIBLE_P0_REFERENCE; SAME_ORIGINAL_DEADLINE_ACROSS_POLICIES_CLOCKS_AND_LANDMARKS,+1 frozen trigger ATR before -1 frozen trigger ATR; unresolved retained; ATR recipe requires source binding; adverse first passage is NOT structural fakeout,"OBSERVED_PREFIX_ONLY: predeclared elapsed-age landmarks; fixed weight for each eligible occurrence at a landmark, or separately frozen equal-snapshot normalization using only eligible cases already known at that snapshot; NEVER divide by eventual surviving landmark count; preserve proper at-risk exposure; current forecasts use remaining time to fixed origin deadline","{""hidden_hyperparameter_search"":false,""learned_sector_regime_theme_industry_axis"":false,""minimum_compression"":5,""model_binding"":""REQUIRES_EXACT_PRE_OUTCOME_SOURCE_BINDING"",""model_recipe_count"":1,""original_range_TTM_dependencies"":""SOURCE_BOUND"",""percentile"":25,""phenotype"":""PRICE_RELEASE_VOLUME_ATTRIBUTE_SEPARATE_RECONCILIATION_PENDING"",""quantile"":""0.90"",""release_window"":3}",PROPOSED_NOT_REGISTERED_HOLD,"Qualified program ancestry only: S16 esx_sq_phase0 has 12 historical declared trials and report/run evidence, not 12 newly reconstructed itemized rows; S16 v1.0 accruing/unshipped does not confer new clock/direction/model/consumer authority. Def4 is a separate DRAFT 10-trial/46-cell reservation with zero canonical ledger rows at Macro 5fc7af4a1aa2510966a7b566f97e5b894f2632f8. This proposal does not claim all-time search=12+218.","BEFORE_OUTCOMES: incumbent owner review and approval; qualified corpus/cutoff/source/session/basis/rights/PIT/known-time contracts for each clock; exact occurrence and reset law; S16 phenotype reconciliation; ATR/scale and label/fill/ambiguity binding; matching/support and draw/seed rules; exact M0/M1 estimator/features/regularization/calibration binding where applicable; prefix-known landmark schedule/weights; consumer margins, costs, precision/power and sufficiency gates; exact temporal folds and untouched-evidence proof; one inferential procedure; independent acceptance; resource estimate/budget; existing-ledger registration only through a separately approved admitted carrier","OFFLINE_RESEARCH_PROPOSAL_ONLY; no canonical trial ID, registration, admission, dispatch, outcome execution, production, rank, gate, size or promotion authority",TOI_Recovery_Masterplan_2026-10-03.md,K1-K9,0426631f0a2e3c7243530a2ad859c5e36857768c43d0649ab17210d1c2246be8
TOI-W3-PROPOSAL-CFG-0167,W3-B,REMAINING_MAE_MODEL,SIMPLE_FORECAST_MODEL,D1,Source-bound vol_squeeze.assess_series percentile25/minimum compression5/release window3/original range and TTM dependencies; historical price-release population retained; volume attribute separate; phenotype reconciliation pending,195M-RTH,UP,P0_ORIGINAL_COHORT_REFERENCE,REMAINING_MAE,M1,One regularized discrete-time cause-model recipe or one regularized quantile-model recipe with fixed own-price/state/age/volatility/location/liquidity inputs; exact implementation pending; no hidden model/feature/penalty/calibration search,0.90,195M-RTH,"[""TOI-W3-PROPOSAL-CFG-0015""]",Current-price remaining adverse excursion quantile to the original post-trigger deadline,Pinball loss at registered quantile; diagnostic coverage/order/width checks,Identical eligible held-out current D1 landmarks with prefix-known eligibility/weights; failed/expired/stagnant original paths represented lawfully; no eventual-success matching and no eventual landmark-count denominator,10,FIRST_CAUSALLY_RECOGNIZED_FORMING_ONSET; TEN_SUBSEQUENT_COMPLETED_NATIVE_BARS; ORIGIN_EXCLUDED,21,ORIGINAL_FIRST_FEASIBLE_P0_REFERENCE; SAME_ORIGINAL_DEADLINE_ACROSS_POLICIES_CLOCKS_AND_LANDMARKS,+1 frozen trigger ATR before -1 frozen trigger ATR; unresolved retained; ATR recipe requires source binding; adverse first passage is NOT structural fakeout,"OBSERVED_PREFIX_ONLY: predeclared elapsed-age landmarks; fixed weight for each eligible occurrence at a landmark, or separately frozen equal-snapshot normalization using only eligible cases already known at that snapshot; NEVER divide by eventual surviving landmark count; preserve proper at-risk exposure; current forecasts use remaining time to fixed origin deadline","{""hidden_hyperparameter_search"":false,""learned_sector_regime_theme_industry_axis"":false,""minimum_compression"":5,""model_binding"":""REQUIRES_EXACT_PRE_OUTCOME_SOURCE_BINDING"",""model_recipe_count"":1,""original_range_TTM_dependencies"":""SOURCE_BOUND"",""percentile"":25,""phenotype"":""PRICE_RELEASE_VOLUME_ATTRIBUTE_SEPARATE_RECONCILIATION_PENDING"",""quantile"":""0.90"",""release_window"":3}",PROPOSED_NOT_REGISTERED_HOLD,"Qualified program ancestry only: S16 esx_sq_phase0 has 12 historical declared trials and report/run evidence, not 12 newly reconstructed itemized rows; S16 v1.0 accruing/unshipped does not confer new clock/direction/model/consumer authority. Def4 is a separate DRAFT 10-trial/46-cell reservation with zero canonical ledger rows at Macro 5fc7af4a1aa2510966a7b566f97e5b894f2632f8. This proposal does not claim all-time search=12+218.","BEFORE_OUTCOMES: incumbent owner review and approval; qualified corpus/cutoff/source/session/basis/rights/PIT/known-time contracts for each clock; exact occurrence and reset law; S16 phenotype reconciliation; ATR/scale and label/fill/ambiguity binding; matching/support and draw/seed rules; exact M0/M1 estimator/features/regularization/calibration binding where applicable; prefix-known landmark schedule/weights; consumer margins, costs, precision/power and sufficiency gates; exact temporal folds and untouched-evidence proof; one inferential procedure; independent acceptance; resource estimate/budget; existing-ledger registration only through a separately approved admitted carrier","OFFLINE_RESEARCH_PROPOSAL_ONLY; no canonical trial ID, registration, admission, dispatch, outcome execution, production, rank, gate, size or promotion authority",TOI_Recovery_Masterplan_2026-10-03.md,K1-K9,0426631f0a2e3c7243530a2ad859c5e36857768c43d0649ab17210d1c2246be8
TOI-W3-PROPOSAL-CFG-0168,W3-B,REMAINING_MAE_MODEL,EMPIRICAL_BASELINE,D1,Source-bound vol_squeeze.assess_series percentile25/minimum compression5/release window3/original range and TTM dependencies; historical price-release population retained; volume attribute separate; phenotype reconciliation pending,195M-RTH,DOWN,P0_ORIGINAL_COHORT_REFERENCE,REMAINING_MAE,M0,Elapsed-age/clock empirical transition distribution or corresponding empirical excursion quantile; one bound estimation/support rule reused across folds,0.10,195M-RTH,"[""TOI-W3-PROPOSAL-CFG-0016""]",Current-price remaining adverse excursion quantile to the original post-trigger deadline,Pinball loss at registered quantile; diagnostic coverage/order/width checks,Identical eligible held-out current D1 landmarks with prefix-known eligibility/weights; failed/expired/stagnant original paths represented lawfully; no eventual-success matching and no eventual landmark-count denominator,10,FIRST_CAUSALLY_RECOGNIZED_FORMING_ONSET; TEN_SUBSEQUENT_COMPLETED_NATIVE_BARS; ORIGIN_EXCLUDED,21,ORIGINAL_FIRST_FEASIBLE_P0_REFERENCE; SAME_ORIGINAL_DEADLINE_ACROSS_POLICIES_CLOCKS_AND_LANDMARKS,+1 frozen trigger ATR before -1 frozen trigger ATR; unresolved retained; ATR recipe requires source binding; adverse first passage is NOT structural fakeout,"OBSERVED_PREFIX_ONLY: predeclared elapsed-age landmarks; fixed weight for each eligible occurrence at a landmark, or separately frozen equal-snapshot normalization using only eligible cases already known at that snapshot; NEVER divide by eventual surviving landmark count; preserve proper at-risk exposure; current forecasts use remaining time to fixed origin deadline","{""hidden_hyperparameter_search"":false,""learned_sector_regime_theme_industry_axis"":false,""minimum_compression"":5,""model_binding"":""REQUIRES_EXACT_PRE_OUTCOME_SOURCE_BINDING"",""model_recipe_count"":1,""original_range_TTM_dependencies"":""SOURCE_BOUND"",""percentile"":25,""phenotype"":""PRICE_RELEASE_VOLUME_ATTRIBUTE_SEPARATE_RECONCILIATION_PENDING"",""quantile"":""0.10"",""release_window"":3}",PROPOSED_NOT_REGISTERED_HOLD,"Qualified program ancestry only: S16 esx_sq_phase0 has 12 historical declared trials and report/run evidence, not 12 newly reconstructed itemized rows; S16 v1.0 accruing/unshipped does not confer new clock/direction/model/consumer authority. Def4 is a separate DRAFT 10-trial/46-cell reservation with zero canonical ledger rows at Macro 5fc7af4a1aa2510966a7b566f97e5b894f2632f8. This proposal does not claim all-time search=12+218.","BEFORE_OUTCOMES: incumbent owner review and approval; qualified corpus/cutoff/source/session/basis/rights/PIT/known-time contracts for each clock; exact occurrence and reset law; S16 phenotype reconciliation; ATR/scale and label/fill/ambiguity binding; matching/support and draw/seed rules; exact M0/M1 estimator/features/regularization/calibration binding where applicable; prefix-known landmark schedule/weights; consumer margins, costs, precision/power and sufficiency gates; exact temporal folds and untouched-evidence proof; one inferential procedure; independent acceptance; resource estimate/budget; existing-ledger registration only through a separately approved admitted carrier","OFFLINE_RESEARCH_PROPOSAL_ONLY; no canonical trial ID, registration, admission, dispatch, outcome execution, production, rank, gate, size or promotion authority",TOI_Recovery_Masterplan_2026-10-03.md,K1-K9,0426631f0a2e3c7243530a2ad859c5e36857768c43d0649ab17210d1c2246be8
TOI-W3-PROPOSAL-CFG-0169,W3-B,REMAINING_MAE_MODEL,SIMPLE_FORECAST_MODEL,D1,Source-bound vol_squeeze.assess_series percentile25/minimum compression5/release window3/original range and TTM dependencies; historical price-release population retained; volume attribute separate; phenotype reconciliation pending,195M-RTH,DOWN,P0_ORIGINAL_COHORT_REFERENCE,REMAINING_MAE,M1,One regularized discrete-time cause-model recipe or one regularized quantile-model recipe with fixed own-price/state/age/volatility/location/liquidity inputs; exact implementation pending; no hidden model/feature/penalty/calibration search,0.10,195M-RTH,"[""TOI-W3-PROPOSAL-CFG-0016""]",Current-price remaining adverse excursion quantile to the original post-trigger deadline,Pinball loss at registered quantile; diagnostic coverage/order/width checks,Identical eligible held-out current D1 landmarks with prefix-known eligibility/weights; failed/expired/stagnant original paths represented lawfully; no eventual-success matching and no eventual landmark-count denominator,10,FIRST_CAUSALLY_RECOGNIZED_FORMING_ONSET; TEN_SUBSEQUENT_COMPLETED_NATIVE_BARS; ORIGIN_EXCLUDED,21,ORIGINAL_FIRST_FEASIBLE_P0_REFERENCE; SAME_ORIGINAL_DEADLINE_ACROSS_POLICIES_CLOCKS_AND_LANDMARKS,+1 frozen trigger ATR before -1 frozen trigger ATR; unresolved retained; ATR recipe requires source binding; adverse first passage is NOT structural fakeout,"OBSERVED_PREFIX_ONLY: predeclared elapsed-age landmarks; fixed weight for each eligible occurrence at a landmark, or separately frozen equal-snapshot normalization using only eligible cases already known at that snapshot; NEVER divide by eventual surviving landmark count; preserve proper at-risk exposure; current forecasts use remaining time to fixed origin deadline","{""hidden_hyperparameter_search"":false,""learned_sector_regime_theme_industry_axis"":false,""minimum_compression"":5,""model_binding"":""REQUIRES_EXACT_PRE_OUTCOME_SOURCE_BINDING"",""model_recipe_count"":1,""original_range_TTM_dependencies"":""SOURCE_BOUND"",""percentile"":25,""phenotype"":""PRICE_RELEASE_VOLUME_ATTRIBUTE_SEPARATE_RECONCILIATION_PENDING"",""quantile"":""0.10"",""release_window"":3}",PROPOSED_NOT_REGISTERED_HOLD,"Qualified program ancestry only: S16 esx_sq_phase0 has 12 historical declared trials and report/run evidence, not 12 newly reconstructed itemized rows; S16 v1.0 accruing/unshipped does not confer new clock/direction/model/consumer authority. Def4 is a separate DRAFT 10-trial/46-cell reservation with zero canonical ledger rows at Macro 5fc7af4a1aa2510966a7b566f97e5b894f2632f8. This proposal does not claim all-time search=12+218.","BEFORE_OUTCOMES: incumbent owner review and approval; qualified corpus/cutoff/source/session/basis/rights/PIT/known-time contracts for each clock; exact occurrence and reset law; S16 phenotype reconciliation; ATR/scale and label/fill/ambiguity binding; matching/support and draw/seed rules; exact M0/M1 estimator/features/regularization/calibration binding where applicable; prefix-known landmark schedule/weights; consumer margins, costs, precision/power and sufficiency gates; exact temporal folds and untouched-evidence proof; one inferential procedure; independent acceptance; resource estimate/budget; existing-ledger registration only through a separately approved admitted carrier","OFFLINE_RESEARCH_PROPOSAL_ONLY; no canonical trial ID, registration, admission, dispatch, outcome execution, production, rank, gate, size or promotion authority",TOI_Recovery_Masterplan_2026-10-03.md,K1-K9,0426631f0a2e3c7243530a2ad859c5e36857768c43d0649ab17210d1c2246be8
TOI-W3-PROPOSAL-CFG-0170,W3-B,REMAINING_MAE_MODEL,EMPIRICAL_BASELINE,D1,Source-bound vol_squeeze.assess_series percentile25/minimum compression5/release window3/original range and TTM dependencies; historical price-release population retained; volume attribute separate; phenotype reconciliation pending,195M-RTH,DOWN,P0_ORIGINAL_COHORT_REFERENCE,REMAINING_MAE,M0,Elapsed-age/clock empirical transition distribution or corresponding empirical excursion quantile; one bound estimation/support rule reused across folds,0.50,195M-RTH,"[""TOI-W3-PROPOSAL-CFG-0016""]",Current-price remaining adverse excursion quantile to the original post-trigger deadline,Pinball loss at registered quantile; diagnostic coverage/order/width checks,Identical eligible held-out current D1 landmarks with prefix-known eligibility/weights; failed/expired/stagnant original paths represented lawfully; no eventual-success matching and no eventual landmark-count denominator,10,FIRST_CAUSALLY_RECOGNIZED_FORMING_ONSET; TEN_SUBSEQUENT_COMPLETED_NATIVE_BARS; ORIGIN_EXCLUDED,21,ORIGINAL_FIRST_FEASIBLE_P0_REFERENCE; SAME_ORIGINAL_DEADLINE_ACROSS_POLICIES_CLOCKS_AND_LANDMARKS,+1 frozen trigger ATR before -1 frozen trigger ATR; unresolved retained; ATR recipe requires source binding; adverse first passage is NOT structural fakeout,"OBSERVED_PREFIX_ONLY: predeclared elapsed-age landmarks; fixed weight for each eligible occurrence at a landmark, or separately frozen equal-snapshot normalization using only eligible cases already known at that snapshot; NEVER divide by eventual surviving landmark count; preserve proper at-risk exposure; current forecasts use remaining time to fixed origin deadline","{""hidden_hyperparameter_search"":false,""learned_sector_regime_theme_industry_axis"":false,""minimum_compression"":5,""model_binding"":""REQUIRES_EXACT_PRE_OUTCOME_SOURCE_BINDING"",""model_recipe_count"":1,""original_range_TTM_dependencies"":""SOURCE_BOUND"",""percentile"":25,""phenotype"":""PRICE_RELEASE_VOLUME_ATTRIBUTE_SEPARATE_RECONCILIATION_PENDING"",""quantile"":""0.50"",""release_window"":3}",PROPOSED_NOT_REGISTERED_HOLD,"Qualified program ancestry only: S16 esx_sq_phase0 has 12 historical declared trials and report/run evidence, not 12 newly reconstructed itemized rows; S16 v1.0 accruing/unshipped does not confer new clock/direction/model/consumer authority. Def4 is a separate DRAFT 10-trial/46-cell reservation with zero canonical ledger rows at Macro 5fc7af4a1aa2510966a7b566f97e5b894f2632f8. This proposal does not claim all-time search=12+218.","BEFORE_OUTCOMES: incumbent owner review and approval; qualified corpus/cutoff/source/session/basis/rights/PIT/known-time contracts for each clock; exact occurrence and reset law; S16 phenotype reconciliation; ATR/scale and label/fill/ambiguity binding; matching/support and draw/seed rules; exact M0/M1 estimator/features/regularization/calibration binding where applicable; prefix-known landmark schedule/weights; consumer margins, costs, precision/power and sufficiency gates; exact temporal folds and untouched-evidence proof; one inferential procedure; independent acceptance; resource estimate/budget; existing-ledger registration only through a separately approved admitted carrier","OFFLINE_RESEARCH_PROPOSAL_ONLY; no canonical trial ID, registration, admission, dispatch, outcome execution, production, rank, gate, size or promotion authority",TOI_Recovery_Masterplan_2026-10-03.md,K1-K9,0426631f0a2e3c7243530a2ad859c5e36857768c43d0649ab17210d1c2246be8
TOI-W3-PROPOSAL-CFG-0171,W3-B,REMAINING_MAE_MODEL,SIMPLE_FORECAST_MODEL,D1,Source-bound vol_squeeze.assess_series percentile25/minimum compression5/release window3/original range and TTM dependencies; historical price-release population retained; volume attribute separate; phenotype reconciliation pending,195M-RTH,DOWN,P0_ORIGINAL_COHORT_REFERENCE,REMAINING_MAE,M1,One regularized discrete-time cause-model recipe or one regularized quantile-model recipe with fixed own-price/state/age/volatility/location/liquidity inputs; exact implementation pending; no hidden model/feature/penalty/calibration search,0.50,195M-RTH,"[""TOI-W3-PROPOSAL-CFG-0016""]",Current-price remaining adverse excursion quantile to the original post-trigger deadline,Pinball loss at registered quantile; diagnostic coverage/order/width checks,Identical eligible held-out current D1 landmarks with prefix-known eligibility/weights; failed/expired/stagnant original paths represented lawfully; no eventual-success matching and no eventual landmark-count denominator,10,FIRST_CAUSALLY_RECOGNIZED_FORMING_ONSET; TEN_SUBSEQUENT_COMPLETED_NATIVE_BARS; ORIGIN_EXCLUDED,21,ORIGINAL_FIRST_FEASIBLE_P0_REFERENCE; SAME_ORIGINAL_DEADLINE_ACROSS_POLICIES_CLOCKS_AND_LANDMARKS,+1 frozen trigger ATR before -1 frozen trigger ATR; unresolved retained; ATR recipe requires source binding; adverse first passage is NOT structural fakeout,"OBSERVED_PREFIX_ONLY: predeclared elapsed-age landmarks; fixed weight for each eligible occurrence at a landmark, or separately frozen equal-snapshot normalization using only eligible cases already known at that snapshot; NEVER divide by eventual surviving landmark count; preserve proper at-risk exposure; current forecasts use remaining time to fixed origin deadline","{""hidden_hyperparameter_search"":false,""learned_sector_regime_theme_industry_axis"":false,""minimum_compression"":5,""model_binding"":""REQUIRES_EXACT_PRE_OUTCOME_SOURCE_BINDING"",""model_recipe_count"":1,""original_range_TTM_dependencies"":""SOURCE_BOUND"",""percentile"":25,""phenotype"":""PRICE_RELEASE_VOLUME_ATTRIBUTE_SEPARATE_RECONCILIATION_PENDING"",""quantile"":""0.50"",""release_window"":3}",PROPOSED_NOT_REGISTERED_HOLD,"Qualified program ancestry only: S16 esx_sq_phase0 has 12 historical declared trials and report/run evidence, not 12 newly reconstructed itemized rows; S16 v1.0 accruing/unshipped does not confer new clock/direction/model/consumer authority. Def4 is a separate DRAFT 10-trial/46-cell reservation with zero canonical ledger rows at Macro 5fc7af4a1aa2510966a7b566f97e5b894f2632f8. This proposal does not claim all-time search=12+218.","BEFORE_OUTCOMES: incumbent owner review and approval; qualified corpus/cutoff/source/session/basis/rights/PIT/known-time contracts for each clock; exact occurrence and reset law; S16 phenotype reconciliation; ATR/scale and label/fill/ambiguity binding; matching/support and draw/seed rules; exact M0/M1 estimator/features/regularization/calibration binding where applicable; prefix-known landmark schedule/weights; consumer margins, costs, precision/power and sufficiency gates; exact temporal folds and untouched-evidence proof; one inferential procedure; independent acceptance; resource estimate/budget; existing-ledger registration only through a separately approved admitted carrier","OFFLINE_RESEARCH_PROPOSAL_ONLY; no canonical trial ID, registration, admission, dispatch, outcome execution, production, rank, gate, size or promotion authority",TOI_Recovery_Masterplan_2026-10-03.md,K1-K9,0426631f0a2e3c7243530a2ad859c5e36857768c43d0649ab17210d1c2246be8
TOI-W3-PROPOSAL-CFG-0172,W3-B,REMAINING_MAE_MODEL,EMPIRICAL_BASELINE,D1,Source-bound vol_squeeze.assess_series percentile25/minimum compression5/release window3/original range and TTM dependencies; historical price-release population retained; volume attribute separate; phenotype reconciliation pending,195M-RTH,DOWN,P0_ORIGINAL_COHORT_REFERENCE,REMAINING_MAE,M0,Elapsed-age/clock empirical transition distribution or corresponding empirical excursion quantile; one bound estimation/support rule reused across folds,0.90,195M-RTH,"[""TOI-W3-PROPOSAL-CFG-0016""]",Current-price remaining adverse excursion quantile to the original post-trigger deadline,Pinball loss at registered quantile; diagnostic coverage/order/width checks,Identical eligible held-out current D1 landmarks with prefix-known eligibility/weights; failed/expired/stagnant original paths represented lawfully; no eventual-success matching and no eventual landmark-count denominator,10,FIRST_CAUSALLY_RECOGNIZED_FORMING_ONSET; TEN_SUBSEQUENT_COMPLETED_NATIVE_BARS; ORIGIN_EXCLUDED,21,ORIGINAL_FIRST_FEASIBLE_P0_REFERENCE; SAME_ORIGINAL_DEADLINE_ACROSS_POLICIES_CLOCKS_AND_LANDMARKS,+1 frozen trigger ATR before -1 frozen trigger ATR; unresolved retained; ATR recipe requires source binding; adverse first passage is NOT structural fakeout,"OBSERVED_PREFIX_ONLY: predeclared elapsed-age landmarks; fixed weight for each eligible occurrence at a landmark, or separately frozen equal-snapshot normalization using only eligible cases already known at that snapshot; NEVER divide by eventual surviving landmark count; preserve proper at-risk exposure; current forecasts use remaining time to fixed origin deadline","{""hidden_hyperparameter_search"":false,""learned_sector_regime_theme_industry_axis"":false,""minimum_compression"":5,""model_binding"":""REQUIRES_EXACT_PRE_OUTCOME_SOURCE_BINDING"",""model_recipe_count"":1,""original_range_TTM_dependencies"":""SOURCE_BOUND"",""percentile"":25,""phenotype"":""PRICE_RELEASE_VOLUME_ATTRIBUTE_SEPARATE_RECONCILIATION_PENDING"",""quantile"":""0.90"",""release_window"":3}",PROPOSED_NOT_REGISTERED_HOLD,"Qualified program ancestry only: S16 esx_sq_phase0 has 12 historical declared trials and report/run evidence, not 12 newly reconstructed itemized rows; S16 v1.0 accruing/unshipped does not confer new clock/direction/model/consumer authority. Def4 is a separate DRAFT 10-trial/46-cell reservation with zero canonical ledger rows at Macro 5fc7af4a1aa2510966a7b566f97e5b894f2632f8. This proposal does not claim all-time search=12+218.","BEFORE_OUTCOMES: incumbent owner review and approval; qualified corpus/cutoff/source/session/basis/rights/PIT/known-time contracts for each clock; exact occurrence and reset law; S16 phenotype reconciliation; ATR/scale and label/fill/ambiguity binding; matching/support and draw/seed rules; exact M0/M1 estimator/features/regularization/calibration binding where applicable; prefix-known landmark schedule/weights; consumer margins, costs, precision/power and sufficiency gates; exact temporal folds and untouched-evidence proof; one inferential procedure; independent acceptance; resource estimate/budget; existing-ledger registration only through a separately approved admitted carrier","OFFLINE_RESEARCH_PROPOSAL_ONLY; no canonical trial ID, registration, admission, dispatch, outcome execution, production, rank, gate, size or promotion authority",TOI_Recovery_Masterplan_2026-10-03.md,K1-K9,0426631f0a2e3c7243530a2ad859c5e36857768c43d0649ab17210d1c2246be8
TOI-W3-PROPOSAL-CFG-0173,W3-B,REMAINING_MAE_MODEL,SIMPLE_FORECAST_MODEL,D1,Source-bound vol_squeeze.assess_series percentile25/minimum compression5/release window3/original range and TTM dependencies; historical price-release population retained; volume attribute separate; phenotype reconciliation pending,195M-RTH,DOWN,P0_ORIGINAL_COHORT_REFERENCE,REMAINING_MAE,M1,One regularized discrete-time cause-model recipe or one regularized quantile-model recipe with fixed own-price/state/age/volatility/location/liquidity inputs; exact implementation pending; no hidden model/feature/penalty/calibration search,0.90,195M-RTH,"[""TOI-W3-PROPOSAL-CFG-0016""]",Current-price remaining adverse excursion quantile to the original post-trigger deadline,Pinball loss at registered quantile; diagnostic coverage/order/width checks,Identical eligible held-out current D1 landmarks with prefix-known eligibility/weights; failed/expired/stagnant original paths represented lawfully; no eventual-success matching and no eventual landmark-count denominator,10,FIRST_CAUSALLY_RECOGNIZED_FORMING_ONSET; TEN_SUBSEQUENT_COMPLETED_NATIVE_BARS; ORIGIN_EXCLUDED,21,ORIGINAL_FIRST_FEASIBLE_P0_REFERENCE; SAME_ORIGINAL_DEADLINE_ACROSS_POLICIES_CLOCKS_AND_LANDMARKS,+1 frozen trigger ATR before -1 frozen trigger ATR; unresolved retained; ATR recipe requires source binding; adverse first passage is NOT structural fakeout,"OBSERVED_PREFIX_ONLY: predeclared elapsed-age landmarks; fixed weight for each eligible occurrence at a landmark, or separately frozen equal-snapshot normalization using only eligible cases already known at that snapshot; NEVER divide by eventual surviving landmark count; preserve proper at-risk exposure; current forecasts use remaining time to fixed origin deadline","{""hidden_hyperparameter_search"":false,""learned_sector_regime_theme_industry_axis"":false,""minimum_compression"":5,""model_binding"":""REQUIRES_EXACT_PRE_OUTCOME_SOURCE_BINDING"",""model_recipe_count"":1,""original_range_TTM_dependencies"":""SOURCE_BOUND"",""percentile"":25,""phenotype"":""PRICE_RELEASE_VOLUME_ATTRIBUTE_SEPARATE_RECONCILIATION_PENDING"",""quantile"":""0.90"",""release_window"":3}",PROPOSED_NOT_REGISTERED_HOLD,"Qualified program ancestry only: S16 esx_sq_phase0 has 12 historical declared trials and report/run evidence, not 12 newly reconstructed itemized rows; S16 v1.0 accruing/unshipped does not confer new clock/direction/model/consumer authority. Def4 is a separate DRAFT 10-trial/46-cell reservation with zero canonical ledger rows at Macro 5fc7af4a1aa2510966a7b566f97e5b894f2632f8. This proposal does not claim all-time search=12+218.","BEFORE_OUTCOMES: incumbent owner review and approval; qualified corpus/cutoff/source/session/basis/rights/PIT/known-time contracts for each clock; exact occurrence and reset law; S16 phenotype reconciliation; ATR/scale and label/fill/ambiguity binding; matching/support and draw/seed rules; exact M0/M1 estimator/features/regularization/calibration binding where applicable; prefix-known landmark schedule/weights; consumer margins, costs, precision/power and sufficiency gates; exact temporal folds and untouched-evidence proof; one inferential procedure; independent acceptance; resource estimate/budget; existing-ledger registration only through a separately approved admitted carrier","OFFLINE_RESEARCH_PROPOSAL_ONLY; no canonical trial ID, registration, admission, dispatch, outcome execution, production, rank, gate, size or promotion authority",TOI_Recovery_Masterplan_2026-10-03.md,K1-K9,0426631f0a2e3c7243530a2ad859c5e36857768c43d0649ab17210d1c2246be8
TOI-W3-PROPOSAL-CFG-0174,W3-C,MTF_MODEL_ADDITION,DAILY_COHORT_CONTEXT_MODEL,D1,Source-bound vol_squeeze.assess_series percentile25/minimum compression5/release window3/original range and TTM dependencies; historical price-release population retained; volume attribute separate; phenotype reconciliation pending,D,JOINT_UP_DOWN,NO_PRETRIGGER_ENTRY,ACTIVATION,M1,One regularized discrete-time cause-model recipe or one regularized quantile-model recipe with fixed own-price/state/age/volatility/location/liquidity inputs; exact implementation pending; no hidden model/feature/penalty/calibration search,,W+D,"[""TOI-W3-PROPOSAL-CFG-0057""]",Joint up/down/pre-trigger-invalidated/unactivated distribution to fixed activation deadline,One frozen multistate Brier loss; calibration,Identical held-out D1 all-FORMING risk sets; never-armed cases retained; current landmarks target remaining time to original ten-subsequent-bar deadline; exact same Daily decision clock/episodes/labels/deadline as D baseline and other context variants,10,FIRST_CAUSALLY_RECOGNIZED_FORMING_ONSET; TEN_SUBSEQUENT_COMPLETED_NATIVE_BARS; ORIGIN_EXCLUDED,21,ORIGINAL_FIRST_FEASIBLE_P0_REFERENCE; SAME_ORIGINAL_DEADLINE_ACROSS_POLICIES_CLOCKS_AND_LANDMARKS,+1 frozen trigger ATR before -1 frozen trigger ATR; unresolved retained; ATR recipe requires source binding; adverse first passage is NOT structural fakeout,"OBSERVED_PREFIX_ONLY: predeclared elapsed-age landmarks; fixed weight for each eligible occurrence at a landmark, or separately frozen equal-snapshot normalization using only eligible cases already known at that snapshot; NEVER divide by eventual surviving landmark count; preserve proper at-risk exposure; current forecasts use remaining time to fixed origin deadline","{""hidden_hyperparameter_search"":false,""learned_sector_regime_theme_industry_axis"":false,""minimum_compression"":5,""model_binding"":""REQUIRES_EXACT_PRE_OUTCOME_SOURCE_BINDING"",""model_recipe_count"":1,""original_range_TTM_dependencies"":""SOURCE_BOUND"",""percentile"":25,""phenotype"":""PRICE_RELEASE_VOLUME_ATTRIBUTE_SEPARATE_RECONCILIATION_PENDING"",""release_window"":3}",PROPOSED_NOT_REGISTERED_HOLD,"Qualified program ancestry only: S16 esx_sq_phase0 has 12 historical declared trials and report/run evidence, not 12 newly reconstructed itemized rows; S16 v1.0 accruing/unshipped does not confer new clock/direction/model/consumer authority. Def4 is a separate DRAFT 10-trial/46-cell reservation with zero canonical ledger rows at Macro 5fc7af4a1aa2510966a7b566f97e5b894f2632f8. This proposal does not claim all-time search=12+218.","BEFORE_OUTCOMES: incumbent owner review and approval; qualified corpus/cutoff/source/session/basis/rights/PIT/known-time contracts for each clock; exact occurrence and reset law; S16 phenotype reconciliation; ATR/scale and label/fill/ambiguity binding; matching/support and draw/seed rules; exact M0/M1 estimator/features/regularization/calibration binding where applicable; prefix-known landmark schedule/weights; consumer margins, costs, precision/power and sufficiency gates; exact temporal folds and untouched-evidence proof; one inferential procedure; independent acceptance; resource estimate/budget; existing-ledger registration only through a separately approved admitted carrier; Use only completed available Weekly/intraday context; 4H-CLOCK and 195M-RTH are distinct; no learned regime/sector/theme/industry axis","OFFLINE_RESEARCH_PROPOSAL_ONLY; no canonical trial ID, registration, admission, dispatch, outcome execution, production, rank, gate, size or promotion authority",TOI_Recovery_Masterplan_2026-10-03.md,K1-K9,0426631f0a2e3c7243530a2ad859c5e36857768c43d0649ab17210d1c2246be8
TOI-W3-PROPOSAL-CFG-0175,W3-C,MTF_MODEL_ADDITION,DAILY_COHORT_CONTEXT_MODEL,D1,Source-bound vol_squeeze.assess_series percentile25/minimum compression5/release window3/original range and TTM dependencies; historical price-release population retained; volume attribute separate; phenotype reconciliation pending,D,UP,P0_ORIGINAL_COHORT_REFERENCE,TRIGGERED_PATH,M1,One regularized discrete-time cause-model recipe or one regularized quantile-model recipe with fixed own-price/state/age/volatility/location/liquidity inputs; exact implementation pending; no hidden model/feature/penalty/calibration search,,W+D,"[""TOI-W3-PROPOSAL-CFG-0067""]",Joint favorable/adverse/unresolved first-passage distribution to original fixed T; not structural-fakeout probability,One frozen proper multistate probability loss/Brier recipe; calibration,Identical held-out original raw D1 directional trigger cohort or explicitly predeclared at-risk landmarks; no policy-survivor selection; common P0 origin and expiry; exact same Daily decision clock/episodes/labels/deadline as D baseline and other context variants,10,FIRST_CAUSALLY_RECOGNIZED_FORMING_ONSET; TEN_SUBSEQUENT_COMPLETED_NATIVE_BARS; ORIGIN_EXCLUDED,21,ORIGINAL_FIRST_FEASIBLE_P0_REFERENCE; SAME_ORIGINAL_DEADLINE_ACROSS_POLICIES_CLOCKS_AND_LANDMARKS,+1 frozen trigger ATR before -1 frozen trigger ATR; unresolved retained; ATR recipe requires source binding; adverse first passage is NOT structural fakeout,"OBSERVED_PREFIX_ONLY: predeclared elapsed-age landmarks; fixed weight for each eligible occurrence at a landmark, or separately frozen equal-snapshot normalization using only eligible cases already known at that snapshot; NEVER divide by eventual surviving landmark count; preserve proper at-risk exposure; current forecasts use remaining time to fixed origin deadline","{""hidden_hyperparameter_search"":false,""learned_sector_regime_theme_industry_axis"":false,""minimum_compression"":5,""model_binding"":""REQUIRES_EXACT_PRE_OUTCOME_SOURCE_BINDING"",""model_recipe_count"":1,""original_range_TTM_dependencies"":""SOURCE_BOUND"",""percentile"":25,""phenotype"":""PRICE_RELEASE_VOLUME_ATTRIBUTE_SEPARATE_RECONCILIATION_PENDING"",""release_window"":3}",PROPOSED_NOT_REGISTERED_HOLD,"Qualified program ancestry only: S16 esx_sq_phase0 has 12 historical declared trials and report/run evidence, not 12 newly reconstructed itemized rows; S16 v1.0 accruing/unshipped does not confer new clock/direction/model/consumer authority. Def4 is a separate DRAFT 10-trial/46-cell reservation with zero canonical ledger rows at Macro 5fc7af4a1aa2510966a7b566f97e5b894f2632f8. This proposal does not claim all-time search=12+218.","BEFORE_OUTCOMES: incumbent owner review and approval; qualified corpus/cutoff/source/session/basis/rights/PIT/known-time contracts for each clock; exact occurrence and reset law; S16 phenotype reconciliation; ATR/scale and label/fill/ambiguity binding; matching/support and draw/seed rules; exact M0/M1 estimator/features/regularization/calibration binding where applicable; prefix-known landmark schedule/weights; consumer margins, costs, precision/power and sufficiency gates; exact temporal folds and untouched-evidence proof; one inferential procedure; independent acceptance; resource estimate/budget; existing-ledger registration only through a separately approved admitted carrier; Use only completed available Weekly/intraday context; 4H-CLOCK and 195M-RTH are distinct; no learned regime/sector/theme/industry axis","OFFLINE_RESEARCH_PROPOSAL_ONLY; no canonical trial ID, registration, admission, dispatch, outcome execution, production, rank, gate, size or promotion authority",TOI_Recovery_Masterplan_2026-10-03.md,K1-K9,0426631f0a2e3c7243530a2ad859c5e36857768c43d0649ab17210d1c2246be8
TOI-W3-PROPOSAL-CFG-0176,W3-C,MTF_MODEL_ADDITION,DAILY_COHORT_CONTEXT_MODEL,D1,Source-bound vol_squeeze.assess_series percentile25/minimum compression5/release window3/original range and TTM dependencies; historical price-release population retained; volume attribute separate; phenotype reconciliation pending,D,DOWN,P0_ORIGINAL_COHORT_REFERENCE,TRIGGERED_PATH,M1,One regularized discrete-time cause-model recipe or one regularized quantile-model recipe with fixed own-price/state/age/volatility/location/liquidity inputs; exact implementation pending; no hidden model/feature/penalty/calibration search,,W+D,"[""TOI-W3-PROPOSAL-CFG-0069""]",Joint favorable/adverse/unresolved first-passage distribution to original fixed T; not structural-fakeout probability,One frozen proper multistate probability loss/Brier recipe; calibration,Identical held-out original raw D1 directional trigger cohort or explicitly predeclared at-risk landmarks; no policy-survivor selection; common P0 origin and expiry; exact same Daily decision clock/episodes/labels/deadline as D baseline and other context variants,10,FIRST_CAUSALLY_RECOGNIZED_FORMING_ONSET; TEN_SUBSEQUENT_COMPLETED_NATIVE_BARS; ORIGIN_EXCLUDED,21,ORIGINAL_FIRST_FEASIBLE_P0_REFERENCE; SAME_ORIGINAL_DEADLINE_ACROSS_POLICIES_CLOCKS_AND_LANDMARKS,+1 frozen trigger ATR before -1 frozen trigger ATR; unresolved retained; ATR recipe requires source binding; adverse first passage is NOT structural fakeout,"OBSERVED_PREFIX_ONLY: predeclared elapsed-age landmarks; fixed weight for each eligible occurrence at a landmark, or separately frozen equal-snapshot normalization using only eligible cases already known at that snapshot; NEVER divide by eventual surviving landmark count; preserve proper at-risk exposure; current forecasts use remaining time to fixed origin deadline","{""hidden_hyperparameter_search"":false,""learned_sector_regime_theme_industry_axis"":false,""minimum_compression"":5,""model_binding"":""REQUIRES_EXACT_PRE_OUTCOME_SOURCE_BINDING"",""model_recipe_count"":1,""original_range_TTM_dependencies"":""SOURCE_BOUND"",""percentile"":25,""phenotype"":""PRICE_RELEASE_VOLUME_ATTRIBUTE_SEPARATE_RECONCILIATION_PENDING"",""release_window"":3}",PROPOSED_NOT_REGISTERED_HOLD,"Qualified program ancestry only: S16 esx_sq_phase0 has 12 historical declared trials and report/run evidence, not 12 newly reconstructed itemized rows; S16 v1.0 accruing/unshipped does not confer new clock/direction/model/consumer authority. Def4 is a separate DRAFT 10-trial/46-cell reservation with zero canonical ledger rows at Macro 5fc7af4a1aa2510966a7b566f97e5b894f2632f8. This proposal does not claim all-time search=12+218.","BEFORE_OUTCOMES: incumbent owner review and approval; qualified corpus/cutoff/source/session/basis/rights/PIT/known-time contracts for each clock; exact occurrence and reset law; S16 phenotype reconciliation; ATR/scale and label/fill/ambiguity binding; matching/support and draw/seed rules; exact M0/M1 estimator/features/regularization/calibration binding where applicable; prefix-known landmark schedule/weights; consumer margins, costs, precision/power and sufficiency gates; exact temporal folds and untouched-evidence proof; one inferential procedure; independent acceptance; resource estimate/budget; existing-ledger registration only through a separately approved admitted carrier; Use only completed available Weekly/intraday context; 4H-CLOCK and 195M-RTH are distinct; no learned regime/sector/theme/industry axis","OFFLINE_RESEARCH_PROPOSAL_ONLY; no canonical trial ID, registration, admission, dispatch, outcome execution, production, rank, gate, size or promotion authority",TOI_Recovery_Masterplan_2026-10-03.md,K1-K9,0426631f0a2e3c7243530a2ad859c5e36857768c43d0649ab17210d1c2246be8
TOI-W3-PROPOSAL-CFG-0177,W3-C,MTF_MODEL_ADDITION,DAILY_COHORT_CONTEXT_MODEL,D1,Source-bound vol_squeeze.assess_series percentile25/minimum compression5/release window3/original range and TTM dependencies; historical price-release population retained; volume attribute separate; phenotype reconciliation pending,D,UP,P0_ORIGINAL_COHORT_REFERENCE,REMAINING_MFE,M1,One regularized discrete-time cause-model recipe or one regularized quantile-model recipe with fixed own-price/state/age/volatility/location/liquidity inputs; exact implementation pending; no hidden model/feature/penalty/calibration search,0.10,W+D,"[""TOI-W3-PROPOSAL-CFG-0091""]",Current-price remaining favorable excursion quantile to the original post-trigger deadline,Pinball loss at registered quantile; diagnostic coverage/order/width checks,Identical eligible held-out current D1 landmarks with prefix-known eligibility/weights; failed/expired/stagnant original paths represented lawfully; no eventual-success matching and no eventual landmark-count denominator; exact same Daily decision clock/episodes/labels/deadline as D baseline and other context variants,10,FIRST_CAUSALLY_RECOGNIZED_FORMING_ONSET; TEN_SUBSEQUENT_COMPLETED_NATIVE_BARS; ORIGIN_EXCLUDED,21,ORIGINAL_FIRST_FEASIBLE_P0_REFERENCE; SAME_ORIGINAL_DEADLINE_ACROSS_POLICIES_CLOCKS_AND_LANDMARKS,+1 frozen trigger ATR before -1 frozen trigger ATR; unresolved retained; ATR recipe requires source binding; adverse first passage is NOT structural fakeout,"OBSERVED_PREFIX_ONLY: predeclared elapsed-age landmarks; fixed weight for each eligible occurrence at a landmark, or separately frozen equal-snapshot normalization using only eligible cases already known at that snapshot; NEVER divide by eventual surviving landmark count; preserve proper at-risk exposure; current forecasts use remaining time to fixed origin deadline","{""hidden_hyperparameter_search"":false,""learned_sector_regime_theme_industry_axis"":false,""minimum_compression"":5,""model_binding"":""REQUIRES_EXACT_PRE_OUTCOME_SOURCE_BINDING"",""model_recipe_count"":1,""original_range_TTM_dependencies"":""SOURCE_BOUND"",""percentile"":25,""phenotype"":""PRICE_RELEASE_VOLUME_ATTRIBUTE_SEPARATE_RECONCILIATION_PENDING"",""quantile"":""0.10"",""release_window"":3}",PROPOSED_NOT_REGISTERED_HOLD,"Qualified program ancestry only: S16 esx_sq_phase0 has 12 historical declared trials and report/run evidence, not 12 newly reconstructed itemized rows; S16 v1.0 accruing/unshipped does not confer new clock/direction/model/consumer authority. Def4 is a separate DRAFT 10-trial/46-cell reservation with zero canonical ledger rows at Macro 5fc7af4a1aa2510966a7b566f97e5b894f2632f8. This proposal does not claim all-time search=12+218.","BEFORE_OUTCOMES: incumbent owner review and approval; qualified corpus/cutoff/source/session/basis/rights/PIT/known-time contracts for each clock; exact occurrence and reset law; S16 phenotype reconciliation; ATR/scale and label/fill/ambiguity binding; matching/support and draw/seed rules; exact M0/M1 estimator/features/regularization/calibration binding where applicable; prefix-known landmark schedule/weights; consumer margins, costs, precision/power and sufficiency gates; exact temporal folds and untouched-evidence proof; one inferential procedure; independent acceptance; resource estimate/budget; existing-ledger registration only through a separately approved admitted carrier; Use only completed available Weekly/intraday context; 4H-CLOCK and 195M-RTH are distinct; no learned regime/sector/theme/industry axis","OFFLINE_RESEARCH_PROPOSAL_ONLY; no canonical trial ID, registration, admission, dispatch, outcome execution, production, rank, gate, size or promotion authority",TOI_Recovery_Masterplan_2026-10-03.md,K1-K9,0426631f0a2e3c7243530a2ad859c5e36857768c43d0649ab17210d1c2246be8
TOI-W3-PROPOSAL-CFG-0178,W3-C,MTF_MODEL_ADDITION,DAILY_COHORT_CONTEXT_MODEL,D1,Source-bound vol_squeeze.assess_series percentile25/minimum compression5/release window3/original range and TTM dependencies; historical price-release population retained; volume attribute separate; phenotype reconciliation pending,D,UP,P0_ORIGINAL_COHORT_REFERENCE,REMAINING_MFE,M1,One regularized discrete-time cause-model recipe or one regularized quantile-model recipe with fixed own-price/state/age/volatility/location/liquidity inputs; exact implementation pending; no hidden model/feature/penalty/calibration search,0.50,W+D,"[""TOI-W3-PROPOSAL-CFG-0093""]",Current-price remaining favorable excursion quantile to the original post-trigger deadline,Pinball loss at registered quantile; diagnostic coverage/order/width checks,Identical eligible held-out current D1 landmarks with prefix-known eligibility/weights; failed/expired/stagnant original paths represented lawfully; no eventual-success matching and no eventual landmark-count denominator; exact same Daily decision clock/episodes/labels/deadline as D baseline and other context variants,10,FIRST_CAUSALLY_RECOGNIZED_FORMING_ONSET; TEN_SUBSEQUENT_COMPLETED_NATIVE_BARS; ORIGIN_EXCLUDED,21,ORIGINAL_FIRST_FEASIBLE_P0_REFERENCE; SAME_ORIGINAL_DEADLINE_ACROSS_POLICIES_CLOCKS_AND_LANDMARKS,+1 frozen trigger ATR before -1 frozen trigger ATR; unresolved retained; ATR recipe requires source binding; adverse first passage is NOT structural fakeout,"OBSERVED_PREFIX_ONLY: predeclared elapsed-age landmarks; fixed weight for each eligible occurrence at a landmark, or separately frozen equal-snapshot normalization using only eligible cases already known at that snapshot; NEVER divide by eventual surviving landmark count; preserve proper at-risk exposure; current forecasts use remaining time to fixed origin deadline","{""hidden_hyperparameter_search"":false,""learned_sector_regime_theme_industry_axis"":false,""minimum_compression"":5,""model_binding"":""REQUIRES_EXACT_PRE_OUTCOME_SOURCE_BINDING"",""model_recipe_count"":1,""original_range_TTM_dependencies"":""SOURCE_BOUND"",""percentile"":25,""phenotype"":""PRICE_RELEASE_VOLUME_ATTRIBUTE_SEPARATE_RECONCILIATION_PENDING"",""quantile"":""0.50"",""release_window"":3}",PROPOSED_NOT_REGISTERED_HOLD,"Qualified program ancestry only: S16 esx_sq_phase0 has 12 historical declared trials and report/run evidence, not 12 newly reconstructed itemized rows; S16 v1.0 accruing/unshipped does not confer new clock/direction/model/consumer authority. Def4 is a separate DRAFT 10-trial/46-cell reservation with zero canonical ledger rows at Macro 5fc7af4a1aa2510966a7b566f97e5b894f2632f8. This proposal does not claim all-time search=12+218.","BEFORE_OUTCOMES: incumbent owner review and approval; qualified corpus/cutoff/source/session/basis/rights/PIT/known-time contracts for each clock; exact occurrence and reset law; S16 phenotype reconciliation; ATR/scale and label/fill/ambiguity binding; matching/support and draw/seed rules; exact M0/M1 estimator/features/regularization/calibration binding where applicable; prefix-known landmark schedule/weights; consumer margins, costs, precision/power and sufficiency gates; exact temporal folds and untouched-evidence proof; one inferential procedure; independent acceptance; resource estimate/budget; existing-ledger registration only through a separately approved admitted carrier; Use only completed available Weekly/intraday context; 4H-CLOCK and 195M-RTH are distinct; no learned regime/sector/theme/industry axis","OFFLINE_RESEARCH_PROPOSAL_ONLY; no canonical trial ID, registration, admission, dispatch, outcome execution, production, rank, gate, size or promotion authority",TOI_Recovery_Masterplan_2026-10-03.md,K1-K9,0426631f0a2e3c7243530a2ad859c5e36857768c43d0649ab17210d1c2246be8
TOI-W3-PROPOSAL-CFG-0179,W3-C,MTF_MODEL_ADDITION,DAILY_COHORT_CONTEXT_MODEL,D1,Source-bound vol_squeeze.assess_series percentile25/minimum compression5/release window3/original range and TTM dependencies; historical price-release population retained; volume attribute separate; phenotype reconciliation pending,D,UP,P0_ORIGINAL_COHORT_REFERENCE,REMAINING_MFE,M1,One regularized discrete-time cause-model recipe or one regularized quantile-model recipe with fixed own-price/state/age/volatility/location/liquidity inputs; exact implementation pending; no hidden model/feature/penalty/calibration search,0.90,W+D,"[""TOI-W3-PROPOSAL-CFG-0095""]",Current-price remaining favorable excursion quantile to the original post-trigger deadline,Pinball loss at registered quantile; diagnostic coverage/order/width checks,Identical eligible held-out current D1 landmarks with prefix-known eligibility/weights; failed/expired/stagnant original paths represented lawfully; no eventual-success matching and no eventual landmark-count denominator; exact same Daily decision clock/episodes/labels/deadline as D baseline and other context variants,10,FIRST_CAUSALLY_RECOGNIZED_FORMING_ONSET; TEN_SUBSEQUENT_COMPLETED_NATIVE_BARS; ORIGIN_EXCLUDED,21,ORIGINAL_FIRST_FEASIBLE_P0_REFERENCE; SAME_ORIGINAL_DEADLINE_ACROSS_POLICIES_CLOCKS_AND_LANDMARKS,+1 frozen trigger ATR before -1 frozen trigger ATR; unresolved retained; ATR recipe requires source binding; adverse first passage is NOT structural fakeout,"OBSERVED_PREFIX_ONLY: predeclared elapsed-age landmarks; fixed weight for each eligible occurrence at a landmark, or separately frozen equal-snapshot normalization using only eligible cases already known at that snapshot; NEVER divide by eventual surviving landmark count; preserve proper at-risk exposure; current forecasts use remaining time to fixed origin deadline","{""hidden_hyperparameter_search"":false,""learned_sector_regime_theme_industry_axis"":false,""minimum_compression"":5,""model_binding"":""REQUIRES_EXACT_PRE_OUTCOME_SOURCE_BINDING"",""model_recipe_count"":1,""original_range_TTM_dependencies"":""SOURCE_BOUND"",""percentile"":25,""phenotype"":""PRICE_RELEASE_VOLUME_ATTRIBUTE_SEPARATE_RECONCILIATION_PENDING"",""quantile"":""0.90"",""release_window"":3}",PROPOSED_NOT_REGISTERED_HOLD,"Qualified program ancestry only: S16 esx_sq_phase0 has 12 historical declared trials and report/run evidence, not 12 newly reconstructed itemized rows; S16 v1.0 accruing/unshipped does not confer new clock/direction/model/consumer authority. Def4 is a separate DRAFT 10-trial/46-cell reservation with zero canonical ledger rows at Macro 5fc7af4a1aa2510966a7b566f97e5b894f2632f8. This proposal does not claim all-time search=12+218.","BEFORE_OUTCOMES: incumbent owner review and approval; qualified corpus/cutoff/source/session/basis/rights/PIT/known-time contracts for each clock; exact occurrence and reset law; S16 phenotype reconciliation; ATR/scale and label/fill/ambiguity binding; matching/support and draw/seed rules; exact M0/M1 estimator/features/regularization/calibration binding where applicable; prefix-known landmark schedule/weights; consumer margins, costs, precision/power and sufficiency gates; exact temporal folds and untouched-evidence proof; one inferential procedure; independent acceptance; resource estimate/budget; existing-ledger registration only through a separately approved admitted carrier; Use only completed available Weekly/intraday context; 4H-CLOCK and 195M-RTH are distinct; no learned regime/sector/theme/industry axis","OFFLINE_RESEARCH_PROPOSAL_ONLY; no canonical trial ID, registration, admission, dispatch, outcome execution, production, rank, gate, size or promotion authority",TOI_Recovery_Masterplan_2026-10-03.md,K1-K9,0426631f0a2e3c7243530a2ad859c5e36857768c43d0649ab17210d1c2246be8
TOI-W3-PROPOSAL-CFG-0180,W3-C,MTF_MODEL_ADDITION,DAILY_COHORT_CONTEXT_MODEL,D1,Source-bound vol_squeeze.assess_series percentile25/minimum compression5/release window3/original range and TTM dependencies; historical price-release population retained; volume attribute separate; phenotype reconciliation pending,D,DOWN,P0_ORIGINAL_COHORT_REFERENCE,REMAINING_MFE,M1,One regularized discrete-time cause-model recipe or one regularized quantile-model recipe with fixed own-price/state/age/volatility/location/liquidity inputs; exact implementation pending; no hidden model/feature/penalty/calibration search,0.10,W+D,"[""TOI-W3-PROPOSAL-CFG-0097""]",Current-price remaining favorable excursion quantile to the original post-trigger deadline,Pinball loss at registered quantile; diagnostic coverage/order/width checks,Identical eligible held-out current D1 landmarks with prefix-known eligibility/weights; failed/expired/stagnant original paths represented lawfully; no eventual-success matching and no eventual landmark-count denominator; exact same Daily decision clock/episodes/labels/deadline as D baseline and other context variants,10,FIRST_CAUSALLY_RECOGNIZED_FORMING_ONSET; TEN_SUBSEQUENT_COMPLETED_NATIVE_BARS; ORIGIN_EXCLUDED,21,ORIGINAL_FIRST_FEASIBLE_P0_REFERENCE; SAME_ORIGINAL_DEADLINE_ACROSS_POLICIES_CLOCKS_AND_LANDMARKS,+1 frozen trigger ATR before -1 frozen trigger ATR; unresolved retained; ATR recipe requires source binding; adverse first passage is NOT structural fakeout,"OBSERVED_PREFIX_ONLY: predeclared elapsed-age landmarks; fixed weight for each eligible occurrence at a landmark, or separately frozen equal-snapshot normalization using only eligible cases already known at that snapshot; NEVER divide by eventual surviving landmark count; preserve proper at-risk exposure; current forecasts use remaining time to fixed origin deadline","{""hidden_hyperparameter_search"":false,""learned_sector_regime_theme_industry_axis"":false,""minimum_compression"":5,""model_binding"":""REQUIRES_EXACT_PRE_OUTCOME_SOURCE_BINDING"",""model_recipe_count"":1,""original_range_TTM_dependencies"":""SOURCE_BOUND"",""percentile"":25,""phenotype"":""PRICE_RELEASE_VOLUME_ATTRIBUTE_SEPARATE_RECONCILIATION_PENDING"",""quantile"":""0.10"",""release_window"":3}",PROPOSED_NOT_REGISTERED_HOLD,"Qualified program ancestry only: S16 esx_sq_phase0 has 12 historical declared trials and report/run evidence, not 12 newly reconstructed itemized rows; S16 v1.0 accruing/unshipped does not confer new clock/direction/model/consumer authority. Def4 is a separate DRAFT 10-trial/46-cell reservation with zero canonical ledger rows at Macro 5fc7af4a1aa2510966a7b566f97e5b894f2632f8. This proposal does not claim all-time search=12+218.","BEFORE_OUTCOMES: incumbent owner review and approval; qualified corpus/cutoff/source/session/basis/rights/PIT/known-time contracts for each clock; exact occurrence and reset law; S16 phenotype reconciliation; ATR/scale and label/fill/ambiguity binding; matching/support and draw/seed rules; exact M0/M1 estimator/features/regularization/calibration binding where applicable; prefix-known landmark schedule/weights; consumer margins, costs, precision/power and sufficiency gates; exact temporal folds and untouched-evidence proof; one inferential procedure; independent acceptance; resource estimate/budget; existing-ledger registration only through a separately approved admitted carrier; Use only completed available Weekly/intraday context; 4H-CLOCK and 195M-RTH are distinct; no learned regime/sector/theme/industry axis","OFFLINE_RESEARCH_PROPOSAL_ONLY; no canonical trial ID, registration, admission, dispatch, outcome execution, production, rank, gate, size or promotion authority",TOI_Recovery_Masterplan_2026-10-03.md,K1-K9,0426631f0a2e3c7243530a2ad859c5e36857768c43d0649ab17210d1c2246be8
TOI-W3-PROPOSAL-CFG-0181,W3-C,MTF_MODEL_ADDITION,DAILY_COHORT_CONTEXT_MODEL,D1,Source-bound vol_squeeze.assess_series percentile25/minimum compression5/release window3/original range and TTM dependencies; historical price-release population retained; volume attribute separate; phenotype reconciliation pending,D,DOWN,P0_ORIGINAL_COHORT_REFERENCE,REMAINING_MFE,M1,One regularized discrete-time cause-model recipe or one regularized quantile-model recipe with fixed own-price/state/age/volatility/location/liquidity inputs; exact implementation pending; no hidden model/feature/penalty/calibration search,0.50,W+D,"[""TOI-W3-PROPOSAL-CFG-0099""]",Current-price remaining favorable excursion quantile to the original post-trigger deadline,Pinball loss at registered quantile; diagnostic coverage/order/width checks,Identical eligible held-out current D1 landmarks with prefix-known eligibility/weights; failed/expired/stagnant original paths represented lawfully; no eventual-success matching and no eventual landmark-count denominator; exact same Daily decision clock/episodes/labels/deadline as D baseline and other context variants,10,FIRST_CAUSALLY_RECOGNIZED_FORMING_ONSET; TEN_SUBSEQUENT_COMPLETED_NATIVE_BARS; ORIGIN_EXCLUDED,21,ORIGINAL_FIRST_FEASIBLE_P0_REFERENCE; SAME_ORIGINAL_DEADLINE_ACROSS_POLICIES_CLOCKS_AND_LANDMARKS,+1 frozen trigger ATR before -1 frozen trigger ATR; unresolved retained; ATR recipe requires source binding; adverse first passage is NOT structural fakeout,"OBSERVED_PREFIX_ONLY: predeclared elapsed-age landmarks; fixed weight for each eligible occurrence at a landmark, or separately frozen equal-snapshot normalization using only eligible cases already known at that snapshot; NEVER divide by eventual surviving landmark count; preserve proper at-risk exposure; current forecasts use remaining time to fixed origin deadline","{""hidden_hyperparameter_search"":false,""learned_sector_regime_theme_industry_axis"":false,""minimum_compression"":5,""model_binding"":""REQUIRES_EXACT_PRE_OUTCOME_SOURCE_BINDING"",""model_recipe_count"":1,""original_range_TTM_dependencies"":""SOURCE_BOUND"",""percentile"":25,""phenotype"":""PRICE_RELEASE_VOLUME_ATTRIBUTE_SEPARATE_RECONCILIATION_PENDING"",""quantile"":""0.50"",""release_window"":3}",PROPOSED_NOT_REGISTERED_HOLD,"Qualified program ancestry only: S16 esx_sq_phase0 has 12 historical declared trials and report/run evidence, not 12 newly reconstructed itemized rows; S16 v1.0 accruing/unshipped does not confer new clock/direction/model/consumer authority. Def4 is a separate DRAFT 10-trial/46-cell reservation with zero canonical ledger rows at Macro 5fc7af4a1aa2510966a7b566f97e5b894f2632f8. This proposal does not claim all-time search=12+218.","BEFORE_OUTCOMES: incumbent owner review and approval; qualified corpus/cutoff/source/session/basis/rights/PIT/known-time contracts for each clock; exact occurrence and reset law; S16 phenotype reconciliation; ATR/scale and label/fill/ambiguity binding; matching/support and draw/seed rules; exact M0/M1 estimator/features/regularization/calibration binding where applicable; prefix-known landmark schedule/weights; consumer margins, costs, precision/power and sufficiency gates; exact temporal folds and untouched-evidence proof; one inferential procedure; independent acceptance; resource estimate/budget; existing-ledger registration only through a separately approved admitted carrier; Use only completed available Weekly/intraday context; 4H-CLOCK and 195M-RTH are distinct; no learned regime/sector/theme/industry axis","OFFLINE_RESEARCH_PROPOSAL_ONLY; no canonical trial ID, registration, admission, dispatch, outcome execution, production, rank, gate, size or promotion authority",TOI_Recovery_Masterplan_2026-10-03.md,K1-K9,0426631f0a2e3c7243530a2ad859c5e36857768c43d0649ab17210d1c2246be8
TOI-W3-PROPOSAL-CFG-0182,W3-C,MTF_MODEL_ADDITION,DAILY_COHORT_CONTEXT_MODEL,D1,Source-bound vol_squeeze.assess_series percentile25/minimum compression5/release window3/original range and TTM dependencies; historical price-release population retained; volume attribute separate; phenotype reconciliation pending,D,DOWN,P0_ORIGINAL_COHORT_REFERENCE,REMAINING_MFE,M1,One regularized discrete-time cause-model recipe or one regularized quantile-model recipe with fixed own-price/state/age/volatility/location/liquidity inputs; exact implementation pending; no hidden model/feature/penalty/calibration search,0.90,W+D,"[""TOI-W3-PROPOSAL-CFG-0101""]",Current-price remaining favorable excursion quantile to the original post-trigger deadline,Pinball loss at registered quantile; diagnostic coverage/order/width checks,Identical eligible held-out current D1 landmarks with prefix-known eligibility/weights; failed/expired/stagnant original paths represented lawfully; no eventual-success matching and no eventual landmark-count denominator; exact same Daily decision clock/episodes/labels/deadline as D baseline and other context variants,10,FIRST_CAUSALLY_RECOGNIZED_FORMING_ONSET; TEN_SUBSEQUENT_COMPLETED_NATIVE_BARS; ORIGIN_EXCLUDED,21,ORIGINAL_FIRST_FEASIBLE_P0_REFERENCE; SAME_ORIGINAL_DEADLINE_ACROSS_POLICIES_CLOCKS_AND_LANDMARKS,+1 frozen trigger ATR before -1 frozen trigger ATR; unresolved retained; ATR recipe requires source binding; adverse first passage is NOT structural fakeout,"OBSERVED_PREFIX_ONLY: predeclared elapsed-age landmarks; fixed weight for each eligible occurrence at a landmark, or separately frozen equal-snapshot normalization using only eligible cases already known at that snapshot; NEVER divide by eventual surviving landmark count; preserve proper at-risk exposure; current forecasts use remaining time to fixed origin deadline","{""hidden_hyperparameter_search"":false,""learned_sector_regime_theme_industry_axis"":false,""minimum_compression"":5,""model_binding"":""REQUIRES_EXACT_PRE_OUTCOME_SOURCE_BINDING"",""model_recipe_count"":1,""original_range_TTM_dependencies"":""SOURCE_BOUND"",""percentile"":25,""phenotype"":""PRICE_RELEASE_VOLUME_ATTRIBUTE_SEPARATE_RECONCILIATION_PENDING"",""quantile"":""0.90"",""release_window"":3}",PROPOSED_NOT_REGISTERED_HOLD,"Qualified program ancestry only: S16 esx_sq_phase0 has 12 historical declared trials and report/run evidence, not 12 newly reconstructed itemized rows; S16 v1.0 accruing/unshipped does not confer new clock/direction/model/consumer authority. Def4 is a separate DRAFT 10-trial/46-cell reservation with zero canonical ledger rows at Macro 5fc7af4a1aa2510966a7b566f97e5b894f2632f8. This proposal does not claim all-time search=12+218.","BEFORE_OUTCOMES: incumbent owner review and approval; qualified corpus/cutoff/source/session/basis/rights/PIT/known-time contracts for each clock; exact occurrence and reset law; S16 phenotype reconciliation; ATR/scale and label/fill/ambiguity binding; matching/support and draw/seed rules; exact M0/M1 estimator/features/regularization/calibration binding where applicable; prefix-known landmark schedule/weights; consumer margins, costs, precision/power and sufficiency gates; exact temporal folds and untouched-evidence proof; one inferential procedure; independent acceptance; resource estimate/budget; existing-ledger registration only through a separately approved admitted carrier; Use only completed available Weekly/intraday context; 4H-CLOCK and 195M-RTH are distinct; no learned regime/sector/theme/industry axis","OFFLINE_RESEARCH_PROPOSAL_ONLY; no canonical trial ID, registration, admission, dispatch, outcome execution, production, rank, gate, size or promotion authority",TOI_Recovery_Masterplan_2026-10-03.md,K1-K9,0426631f0a2e3c7243530a2ad859c5e36857768c43d0649ab17210d1c2246be8
TOI-W3-PROPOSAL-CFG-0183,W3-C,MTF_MODEL_ADDITION,DAILY_COHORT_CONTEXT_MODEL,D1,Source-bound vol_squeeze.assess_series percentile25/minimum compression5/release window3/original range and TTM dependencies; historical price-release population retained; volume attribute separate; phenotype reconciliation pending,D,UP,P0_ORIGINAL_COHORT_REFERENCE,REMAINING_MAE,M1,One regularized discrete-time cause-model recipe or one regularized quantile-model recipe with fixed own-price/state/age/volatility/location/liquidity inputs; exact implementation pending; no hidden model/feature/penalty/calibration search,0.10,W+D,"[""TOI-W3-PROPOSAL-CFG-0139""]",Current-price remaining adverse excursion quantile to the original post-trigger deadline,Pinball loss at registered quantile; diagnostic coverage/order/width checks,Identical eligible held-out current D1 landmarks with prefix-known eligibility/weights; failed/expired/stagnant original paths represented lawfully; no eventual-success matching and no eventual landmark-count denominator; exact same Daily decision clock/episodes/labels/deadline as D baseline and other context variants,10,FIRST_CAUSALLY_RECOGNIZED_FORMING_ONSET; TEN_SUBSEQUENT_COMPLETED_NATIVE_BARS; ORIGIN_EXCLUDED,21,ORIGINAL_FIRST_FEASIBLE_P0_REFERENCE; SAME_ORIGINAL_DEADLINE_ACROSS_POLICIES_CLOCKS_AND_LANDMARKS,+1 frozen trigger ATR before -1 frozen trigger ATR; unresolved retained; ATR recipe requires source binding; adverse first passage is NOT structural fakeout,"OBSERVED_PREFIX_ONLY: predeclared elapsed-age landmarks; fixed weight for each eligible occurrence at a landmark, or separately frozen equal-snapshot normalization using only eligible cases already known at that snapshot; NEVER divide by eventual surviving landmark count; preserve proper at-risk exposure; current forecasts use remaining time to fixed origin deadline","{""hidden_hyperparameter_search"":false,""learned_sector_regime_theme_industry_axis"":false,""minimum_compression"":5,""model_binding"":""REQUIRES_EXACT_PRE_OUTCOME_SOURCE_BINDING"",""model_recipe_count"":1,""original_range_TTM_dependencies"":""SOURCE_BOUND"",""percentile"":25,""phenotype"":""PRICE_RELEASE_VOLUME_ATTRIBUTE_SEPARATE_RECONCILIATION_PENDING"",""quantile"":""0.10"",""release_window"":3}",PROPOSED_NOT_REGISTERED_HOLD,"Qualified program ancestry only: S16 esx_sq_phase0 has 12 historical declared trials and report/run evidence, not 12 newly reconstructed itemized rows; S16 v1.0 accruing/unshipped does not confer new clock/direction/model/consumer authority. Def4 is a separate DRAFT 10-trial/46-cell reservation with zero canonical ledger rows at Macro 5fc7af4a1aa2510966a7b566f97e5b894f2632f8. This proposal does not claim all-time search=12+218.","BEFORE_OUTCOMES: incumbent owner review and approval; qualified corpus/cutoff/source/session/basis/rights/PIT/known-time contracts for each clock; exact occurrence and reset law; S16 phenotype reconciliation; ATR/scale and label/fill/ambiguity binding; matching/support and draw/seed rules; exact M0/M1 estimator/features/regularization/calibration binding where applicable; prefix-known landmark schedule/weights; consumer margins, costs, precision/power and sufficiency gates; exact temporal folds and untouched-evidence proof; one inferential procedure; independent acceptance; resource estimate/budget; existing-ledger registration only through a separately approved admitted carrier; Use only completed available Weekly/intraday context; 4H-CLOCK and 195M-RTH are distinct; no learned regime/sector/theme/industry axis","OFFLINE_RESEARCH_PROPOSAL_ONLY; no canonical trial ID, registration, admission, dispatch, outcome execution, production, rank, gate, size or promotion authority",TOI_Recovery_Masterplan_2026-10-03.md,K1-K9,0426631f0a2e3c7243530a2ad859c5e36857768c43d0649ab17210d1c2246be8
TOI-W3-PROPOSAL-CFG-0184,W3-C,MTF_MODEL_ADDITION,DAILY_COHORT_CONTEXT_MODEL,D1,Source-bound vol_squeeze.assess_series percentile25/minimum compression5/release window3/original range and TTM dependencies; historical price-release population retained; volume attribute separate; phenotype reconciliation pending,D,UP,P0_ORIGINAL_COHORT_REFERENCE,REMAINING_MAE,M1,One regularized discrete-time cause-model recipe or one regularized quantile-model recipe with fixed own-price/state/age/volatility/location/liquidity inputs; exact implementation pending; no hidden model/feature/penalty/calibration search,0.50,W+D,"[""TOI-W3-PROPOSAL-CFG-0141""]",Current-price remaining adverse excursion quantile to the original post-trigger deadline,Pinball loss at registered quantile; diagnostic coverage/order/width checks,Identical eligible held-out current D1 landmarks with prefix-known eligibility/weights; failed/expired/stagnant original paths represented lawfully; no eventual-success matching and no eventual landmark-count denominator; exact same Daily decision clock/episodes/labels/deadline as D baseline and other context variants,10,FIRST_CAUSALLY_RECOGNIZED_FORMING_ONSET; TEN_SUBSEQUENT_COMPLETED_NATIVE_BARS; ORIGIN_EXCLUDED,21,ORIGINAL_FIRST_FEASIBLE_P0_REFERENCE; SAME_ORIGINAL_DEADLINE_ACROSS_POLICIES_CLOCKS_AND_LANDMARKS,+1 frozen trigger ATR before -1 frozen trigger ATR; unresolved retained; ATR recipe requires source binding; adverse first passage is NOT structural fakeout,"OBSERVED_PREFIX_ONLY: predeclared elapsed-age landmarks; fixed weight for each eligible occurrence at a landmark, or separately frozen equal-snapshot normalization using only eligible cases already known at that snapshot; NEVER divide by eventual surviving landmark count; preserve proper at-risk exposure; current forecasts use remaining time to fixed origin deadline","{""hidden_hyperparameter_search"":false,""learned_sector_regime_theme_industry_axis"":false,""minimum_compression"":5,""model_binding"":""REQUIRES_EXACT_PRE_OUTCOME_SOURCE_BINDING"",""model_recipe_count"":1,""original_range_TTM_dependencies"":""SOURCE_BOUND"",""percentile"":25,""phenotype"":""PRICE_RELEASE_VOLUME_ATTRIBUTE_SEPARATE_RECONCILIATION_PENDING"",""quantile"":""0.50"",""release_window"":3}",PROPOSED_NOT_REGISTERED_HOLD,"Qualified program ancestry only: S16 esx_sq_phase0 has 12 historical declared trials and report/run evidence, not 12 newly reconstructed itemized rows; S16 v1.0 accruing/unshipped does not confer new clock/direction/model/consumer authority. Def4 is a separate DRAFT 10-trial/46-cell reservation with zero canonical ledger rows at Macro 5fc7af4a1aa2510966a7b566f97e5b894f2632f8. This proposal does not claim all-time search=12+218.","BEFORE_OUTCOMES: incumbent owner review and approval; qualified corpus/cutoff/source/session/basis/rights/PIT/known-time contracts for each clock; exact occurrence and reset law; S16 phenotype reconciliation; ATR/scale and label/fill/ambiguity binding; matching/support and draw/seed rules; exact M0/M1 estimator/features/regularization/calibration binding where applicable; prefix-known landmark schedule/weights; consumer margins, costs, precision/power and sufficiency gates; exact temporal folds and untouched-evidence proof; one inferential procedure; independent acceptance; resource estimate/budget; existing-ledger registration only through a separately approved admitted carrier; Use only completed available Weekly/intraday context; 4H-CLOCK and 195M-RTH are distinct; no learned regime/sector/theme/industry axis","OFFLINE_RESEARCH_PROPOSAL_ONLY; no canonical trial ID, registration, admission, dispatch, outcome execution, production, rank, gate, size or promotion authority",TOI_Recovery_Masterplan_2026-10-03.md,K1-K9,0426631f0a2e3c7243530a2ad859c5e36857768c43d0649ab17210d1c2246be8
TOI-W3-PROPOSAL-CFG-0185,W3-C,MTF_MODEL_ADDITION,DAILY_COHORT_CONTEXT_MODEL,D1,Source-bound vol_squeeze.assess_series percentile25/minimum compression5/release window3/original range and TTM dependencies; historical price-release population retained; volume attribute separate; phenotype reconciliation pending,D,UP,P0_ORIGINAL_COHORT_REFERENCE,REMAINING_MAE,M1,One regularized discrete-time cause-model recipe or one regularized quantile-model recipe with fixed own-price/state/age/volatility/location/liquidity inputs; exact implementation pending; no hidden model/feature/penalty/calibration search,0.90,W+D,"[""TOI-W3-PROPOSAL-CFG-0143""]",Current-price remaining adverse excursion quantile to the original post-trigger deadline,Pinball loss at registered quantile; diagnostic coverage/order/width checks,Identical eligible held-out current D1 landmarks with prefix-known eligibility/weights; failed/expired/stagnant original paths represented lawfully; no eventual-success matching and no eventual landmark-count denominator; exact same Daily decision clock/episodes/labels/deadline as D baseline and other context variants,10,FIRST_CAUSALLY_RECOGNIZED_FORMING_ONSET; TEN_SUBSEQUENT_COMPLETED_NATIVE_BARS; ORIGIN_EXCLUDED,21,ORIGINAL_FIRST_FEASIBLE_P0_REFERENCE; SAME_ORIGINAL_DEADLINE_ACROSS_POLICIES_CLOCKS_AND_LANDMARKS,+1 frozen trigger ATR before -1 frozen trigger ATR; unresolved retained; ATR recipe requires source binding; adverse first passage is NOT structural fakeout,"OBSERVED_PREFIX_ONLY: predeclared elapsed-age landmarks; fixed weight for each eligible occurrence at a landmark, or separately frozen equal-snapshot normalization using only eligible cases already known at that snapshot; NEVER divide by eventual surviving landmark count; preserve proper at-risk exposure; current forecasts use remaining time to fixed origin deadline","{""hidden_hyperparameter_search"":false,""learned_sector_regime_theme_industry_axis"":false,""minimum_compression"":5,""model_binding"":""REQUIRES_EXACT_PRE_OUTCOME_SOURCE_BINDING"",""model_recipe_count"":1,""original_range_TTM_dependencies"":""SOURCE_BOUND"",""percentile"":25,""phenotype"":""PRICE_RELEASE_VOLUME_ATTRIBUTE_SEPARATE_RECONCILIATION_PENDING"",""quantile"":""0.90"",""release_window"":3}",PROPOSED_NOT_REGISTERED_HOLD,"Qualified program ancestry only: S16 esx_sq_phase0 has 12 historical declared trials and report/run evidence, not 12 newly reconstructed itemized rows; S16 v1.0 accruing/unshipped does not confer new clock/direction/model/consumer authority. Def4 is a separate DRAFT 10-trial/46-cell reservation with zero canonical ledger rows at Macro 5fc7af4a1aa2510966a7b566f97e5b894f2632f8. This proposal does not claim all-time search=12+218.","BEFORE_OUTCOMES: incumbent owner review and approval; qualified corpus/cutoff/source/session/basis/rights/PIT/known-time contracts for each clock; exact occurrence and reset law; S16 phenotype reconciliation; ATR/scale and label/fill/ambiguity binding; matching/support and draw/seed rules; exact M0/M1 estimator/features/regularization/calibration binding where applicable; prefix-known landmark schedule/weights; consumer margins, costs, precision/power and sufficiency gates; exact temporal folds and untouched-evidence proof; one inferential procedure; independent acceptance; resource estimate/budget; existing-ledger registration only through a separately approved admitted carrier; Use only completed available Weekly/intraday context; 4H-CLOCK and 195M-RTH are distinct; no learned regime/sector/theme/industry axis","OFFLINE_RESEARCH_PROPOSAL_ONLY; no canonical trial ID, registration, admission, dispatch, outcome execution, production, rank, gate, size or promotion authority",TOI_Recovery_Masterplan_2026-10-03.md,K1-K9,0426631f0a2e3c7243530a2ad859c5e36857768c43d0649ab17210d1c2246be8
TOI-W3-PROPOSAL-CFG-0186,W3-C,MTF_MODEL_ADDITION,DAILY_COHORT_CONTEXT_MODEL,D1,Source-bound vol_squeeze.assess_series percentile25/minimum compression5/release window3/original range and TTM dependencies; historical price-release population retained; volume attribute separate; phenotype reconciliation pending,D,DOWN,P0_ORIGINAL_COHORT_REFERENCE,REMAINING_MAE,M1,One regularized discrete-time cause-model recipe or one regularized quantile-model recipe with fixed own-price/state/age/volatility/location/liquidity inputs; exact implementation pending; no hidden model/feature/penalty/calibration search,0.10,W+D,"[""TOI-W3-PROPOSAL-CFG-0145""]",Current-price remaining adverse excursion quantile to the original post-trigger deadline,Pinball loss at registered quantile; diagnostic coverage/order/width checks,Identical eligible held-out current D1 landmarks with prefix-known eligibility/weights; failed/expired/stagnant original paths represented lawfully; no eventual-success matching and no eventual landmark-count denominator; exact same Daily decision clock/episodes/labels/deadline as D baseline and other context variants,10,FIRST_CAUSALLY_RECOGNIZED_FORMING_ONSET; TEN_SUBSEQUENT_COMPLETED_NATIVE_BARS; ORIGIN_EXCLUDED,21,ORIGINAL_FIRST_FEASIBLE_P0_REFERENCE; SAME_ORIGINAL_DEADLINE_ACROSS_POLICIES_CLOCKS_AND_LANDMARKS,+1 frozen trigger ATR before -1 frozen trigger ATR; unresolved retained; ATR recipe requires source binding; adverse first passage is NOT structural fakeout,"OBSERVED_PREFIX_ONLY: predeclared elapsed-age landmarks; fixed weight for each eligible occurrence at a landmark, or separately frozen equal-snapshot normalization using only eligible cases already known at that snapshot; NEVER divide by eventual surviving landmark count; preserve proper at-risk exposure; current forecasts use remaining time to fixed origin deadline","{""hidden_hyperparameter_search"":false,""learned_sector_regime_theme_industry_axis"":false,""minimum_compression"":5,""model_binding"":""REQUIRES_EXACT_PRE_OUTCOME_SOURCE_BINDING"",""model_recipe_count"":1,""original_range_TTM_dependencies"":""SOURCE_BOUND"",""percentile"":25,""phenotype"":""PRICE_RELEASE_VOLUME_ATTRIBUTE_SEPARATE_RECONCILIATION_PENDING"",""quantile"":""0.10"",""release_window"":3}",PROPOSED_NOT_REGISTERED_HOLD,"Qualified program ancestry only: S16 esx_sq_phase0 has 12 historical declared trials and report/run evidence, not 12 newly reconstructed itemized rows; S16 v1.0 accruing/unshipped does not confer new clock/direction/model/consumer authority. Def4 is a separate DRAFT 10-trial/46-cell reservation with zero canonical ledger rows at Macro 5fc7af4a1aa2510966a7b566f97e5b894f2632f8. This proposal does not claim all-time search=12+218.","BEFORE_OUTCOMES: incumbent owner review and approval; qualified corpus/cutoff/source/session/basis/rights/PIT/known-time contracts for each clock; exact occurrence and reset law; S16 phenotype reconciliation; ATR/scale and label/fill/ambiguity binding; matching/support and draw/seed rules; exact M0/M1 estimator/features/regularization/calibration binding where applicable; prefix-known landmark schedule/weights; consumer margins, costs, precision/power and sufficiency gates; exact temporal folds and untouched-evidence proof; one inferential procedure; independent acceptance; resource estimate/budget; existing-ledger registration only through a separately approved admitted carrier; Use only completed available Weekly/intraday context; 4H-CLOCK and 195M-RTH are distinct; no learned regime/sector/theme/industry axis","OFFLINE_RESEARCH_PROPOSAL_ONLY; no canonical trial ID, registration, admission, dispatch, outcome execution, production, rank, gate, size or promotion authority",TOI_Recovery_Masterplan_2026-10-03.md,K1-K9,0426631f0a2e3c7243530a2ad859c5e36857768c43d0649ab17210d1c2246be8
TOI-W3-PROPOSAL-CFG-0187,W3-C,MTF_MODEL_ADDITION,DAILY_COHORT_CONTEXT_MODEL,D1,Source-bound vol_squeeze.assess_series percentile25/minimum compression5/release window3/original range and TTM dependencies; historical price-release population retained; volume attribute separate; phenotype reconciliation pending,D,DOWN,P0_ORIGINAL_COHORT_REFERENCE,REMAINING_MAE,M1,One regularized discrete-time cause-model recipe or one regularized quantile-model recipe with fixed own-price/state/age/volatility/location/liquidity inputs; exact implementation pending; no hidden model/feature/penalty/calibration search,0.50,W+D,"[""TOI-W3-PROPOSAL-CFG-0147""]",Current-price remaining adverse excursion quantile to the original post-trigger deadline,Pinball loss at registered quantile; diagnostic coverage/order/width checks,Identical eligible held-out current D1 landmarks with prefix-known eligibility/weights; failed/expired/stagnant original paths represented lawfully; no eventual-success matching and no eventual landmark-count denominator; exact same Daily decision clock/episodes/labels/deadline as D baseline and other context variants,10,FIRST_CAUSALLY_RECOGNIZED_FORMING_ONSET; TEN_SUBSEQUENT_COMPLETED_NATIVE_BARS; ORIGIN_EXCLUDED,21,ORIGINAL_FIRST_FEASIBLE_P0_REFERENCE; SAME_ORIGINAL_DEADLINE_ACROSS_POLICIES_CLOCKS_AND_LANDMARKS,+1 frozen trigger ATR before -1 frozen trigger ATR; unresolved retained; ATR recipe requires source binding; adverse first passage is NOT structural fakeout,"OBSERVED_PREFIX_ONLY: predeclared elapsed-age landmarks; fixed weight for each eligible occurrence at a landmark, or separately frozen equal-snapshot normalization using only eligible cases already known at that snapshot; NEVER divide by eventual surviving landmark count; preserve proper at-risk exposure; current forecasts use remaining time to fixed origin deadline","{""hidden_hyperparameter_search"":false,""learned_sector_regime_theme_industry_axis"":false,""minimum_compression"":5,""model_binding"":""REQUIRES_EXACT_PRE_OUTCOME_SOURCE_BINDING"",""model_recipe_count"":1,""original_range_TTM_dependencies"":""SOURCE_BOUND"",""percentile"":25,""phenotype"":""PRICE_RELEASE_VOLUME_ATTRIBUTE_SEPARATE_RECONCILIATION_PENDING"",""quantile"":""0.50"",""release_window"":3}",PROPOSED_NOT_REGISTERED_HOLD,"Qualified program ancestry only: S16 esx_sq_phase0 has 12 historical declared trials and report/run evidence, not 12 newly reconstructed itemized rows; S16 v1.0 accruing/unshipped does not confer new clock/direction/model/consumer authority. Def4 is a separate DRAFT 10-trial/46-cell reservation with zero canonical ledger rows at Macro 5fc7af4a1aa2510966a7b566f97e5b894f2632f8. This proposal does not claim all-time search=12+218.","BEFORE_OUTCOMES: incumbent owner review and approval; qualified corpus/cutoff/source/session/basis/rights/PIT/known-time contracts for each clock; exact occurrence and reset law; S16 phenotype reconciliation; ATR/scale and label/fill/ambiguity binding; matching/support and draw/seed rules; exact M0/M1 estimator/features/regularization/calibration binding where applicable; prefix-known landmark schedule/weights; consumer margins, costs, precision/power and sufficiency gates; exact temporal folds and untouched-evidence proof; one inferential procedure; independent acceptance; resource estimate/budget; existing-ledger registration only through a separately approved admitted carrier; Use only completed available Weekly/intraday context; 4H-CLOCK and 195M-RTH are distinct; no learned regime/sector/theme/industry axis","OFFLINE_RESEARCH_PROPOSAL_ONLY; no canonical trial ID, registration, admission, dispatch, outcome execution, production, rank, gate, size or promotion authority",TOI_Recovery_Masterplan_2026-10-03.md,K1-K9,0426631f0a2e3c7243530a2ad859c5e36857768c43d0649ab17210d1c2246be8
TOI-W3-PROPOSAL-CFG-0188,W3-C,MTF_MODEL_ADDITION,DAILY_COHORT_CONTEXT_MODEL,D1,Source-bound vol_squeeze.assess_series percentile25/minimum compression5/release window3/original range and TTM dependencies; historical price-release population retained; volume attribute separate; phenotype reconciliation pending,D,DOWN,P0_ORIGINAL_COHORT_REFERENCE,REMAINING_MAE,M1,One regularized discrete-time cause-model recipe or one regularized quantile-model recipe with fixed own-price/state/age/volatility/location/liquidity inputs; exact implementation pending; no hidden model/feature/penalty/calibration search,0.90,W+D,"[""TOI-W3-PROPOSAL-CFG-0149""]",Current-price remaining adverse excursion quantile to the original post-trigger deadline,Pinball loss at registered quantile; diagnostic coverage/order/width checks,Identical eligible held-out current D1 landmarks with prefix-known eligibility/weights; failed/expired/stagnant original paths represented lawfully; no eventual-success matching and no eventual landmark-count denominator; exact same Daily decision clock/episodes/labels/deadline as D baseline and other context variants,10,FIRST_CAUSALLY_RECOGNIZED_FORMING_ONSET; TEN_SUBSEQUENT_COMPLETED_NATIVE_BARS; ORIGIN_EXCLUDED,21,ORIGINAL_FIRST_FEASIBLE_P0_REFERENCE; SAME_ORIGINAL_DEADLINE_ACROSS_POLICIES_CLOCKS_AND_LANDMARKS,+1 frozen trigger ATR before -1 frozen trigger ATR; unresolved retained; ATR recipe requires source binding; adverse first passage is NOT structural fakeout,"OBSERVED_PREFIX_ONLY: predeclared elapsed-age landmarks; fixed weight for each eligible occurrence at a landmark, or separately frozen equal-snapshot normalization using only eligible cases already known at that snapshot; NEVER divide by eventual surviving landmark count; preserve proper at-risk exposure; current forecasts use remaining time to fixed origin deadline","{""hidden_hyperparameter_search"":false,""learned_sector_regime_theme_industry_axis"":false,""minimum_compression"":5,""model_binding"":""REQUIRES_EXACT_PRE_OUTCOME_SOURCE_BINDING"",""model_recipe_count"":1,""original_range_TTM_dependencies"":""SOURCE_BOUND"",""percentile"":25,""phenotype"":""PRICE_RELEASE_VOLUME_ATTRIBUTE_SEPARATE_RECONCILIATION_PENDING"",""quantile"":""0.90"",""release_window"":3}",PROPOSED_NOT_REGISTERED_HOLD,"Qualified program ancestry only: S16 esx_sq_phase0 has 12 historical declared trials and report/run evidence, not 12 newly reconstructed itemized rows; S16 v1.0 accruing/unshipped does not confer new clock/direction/model/consumer authority. Def4 is a separate DRAFT 10-trial/46-cell reservation with zero canonical ledger rows at Macro 5fc7af4a1aa2510966a7b566f97e5b894f2632f8. This proposal does not claim all-time search=12+218.","BEFORE_OUTCOMES: incumbent owner review and approval; qualified corpus/cutoff/source/session/basis/rights/PIT/known-time contracts for each clock; exact occurrence and reset law; S16 phenotype reconciliation; ATR/scale and label/fill/ambiguity binding; matching/support and draw/seed rules; exact M0/M1 estimator/features/regularization/calibration binding where applicable; prefix-known landmark schedule/weights; consumer margins, costs, precision/power and sufficiency gates; exact temporal folds and untouched-evidence proof; one inferential procedure; independent acceptance; resource estimate/budget; existing-ledger registration only through a separately approved admitted carrier; Use only completed available Weekly/intraday context; 4H-CLOCK and 195M-RTH are distinct; no learned regime/sector/theme/industry axis","OFFLINE_RESEARCH_PROPOSAL_ONLY; no canonical trial ID, registration, admission, dispatch, outcome execution, production, rank, gate, size or promotion authority",TOI_Recovery_Masterplan_2026-10-03.md,K1-K9,0426631f0a2e3c7243530a2ad859c5e36857768c43d0649ab17210d1c2246be8
TOI-W3-PROPOSAL-CFG-0189,W3-C,MTF_MODEL_ADDITION,DAILY_COHORT_CONTEXT_MODEL,D1,Source-bound vol_squeeze.assess_series percentile25/minimum compression5/release window3/original range and TTM dependencies; historical price-release population retained; volume attribute separate; phenotype reconciliation pending,D,JOINT_UP_DOWN,NO_PRETRIGGER_ENTRY,ACTIVATION,M1,One regularized discrete-time cause-model recipe or one regularized quantile-model recipe with fixed own-price/state/age/volatility/location/liquidity inputs; exact implementation pending; no hidden model/feature/penalty/calibration search,,W+D+4H-CLOCK,"[""TOI-W3-PROPOSAL-CFG-0057""]",Joint up/down/pre-trigger-invalidated/unactivated distribution to fixed activation deadline,One frozen multistate Brier loss; calibration,Identical held-out D1 all-FORMING risk sets; never-armed cases retained; current landmarks target remaining time to original ten-subsequent-bar deadline; exact same Daily decision clock/episodes/labels/deadline as D baseline and other context variants,10,FIRST_CAUSALLY_RECOGNIZED_FORMING_ONSET; TEN_SUBSEQUENT_COMPLETED_NATIVE_BARS; ORIGIN_EXCLUDED,21,ORIGINAL_FIRST_FEASIBLE_P0_REFERENCE; SAME_ORIGINAL_DEADLINE_ACROSS_POLICIES_CLOCKS_AND_LANDMARKS,+1 frozen trigger ATR before -1 frozen trigger ATR; unresolved retained; ATR recipe requires source binding; adverse first passage is NOT structural fakeout,"OBSERVED_PREFIX_ONLY: predeclared elapsed-age landmarks; fixed weight for each eligible occurrence at a landmark, or separately frozen equal-snapshot normalization using only eligible cases already known at that snapshot; NEVER divide by eventual surviving landmark count; preserve proper at-risk exposure; current forecasts use remaining time to fixed origin deadline","{""hidden_hyperparameter_search"":false,""learned_sector_regime_theme_industry_axis"":false,""minimum_compression"":5,""model_binding"":""REQUIRES_EXACT_PRE_OUTCOME_SOURCE_BINDING"",""model_recipe_count"":1,""original_range_TTM_dependencies"":""SOURCE_BOUND"",""percentile"":25,""phenotype"":""PRICE_RELEASE_VOLUME_ATTRIBUTE_SEPARATE_RECONCILIATION_PENDING"",""release_window"":3}",PROPOSED_NOT_REGISTERED_HOLD,"Qualified program ancestry only: S16 esx_sq_phase0 has 12 historical declared trials and report/run evidence, not 12 newly reconstructed itemized rows; S16 v1.0 accruing/unshipped does not confer new clock/direction/model/consumer authority. Def4 is a separate DRAFT 10-trial/46-cell reservation with zero canonical ledger rows at Macro 5fc7af4a1aa2510966a7b566f97e5b894f2632f8. This proposal does not claim all-time search=12+218.","BEFORE_OUTCOMES: incumbent owner review and approval; qualified corpus/cutoff/source/session/basis/rights/PIT/known-time contracts for each clock; exact occurrence and reset law; S16 phenotype reconciliation; ATR/scale and label/fill/ambiguity binding; matching/support and draw/seed rules; exact M0/M1 estimator/features/regularization/calibration binding where applicable; prefix-known landmark schedule/weights; consumer margins, costs, precision/power and sufficiency gates; exact temporal folds and untouched-evidence proof; one inferential procedure; independent acceptance; resource estimate/budget; existing-ledger registration only through a separately approved admitted carrier; Use only completed available Weekly/intraday context; 4H-CLOCK and 195M-RTH are distinct; no learned regime/sector/theme/industry axis","OFFLINE_RESEARCH_PROPOSAL_ONLY; no canonical trial ID, registration, admission, dispatch, outcome execution, production, rank, gate, size or promotion authority",TOI_Recovery_Masterplan_2026-10-03.md,K1-K9,0426631f0a2e3c7243530a2ad859c5e36857768c43d0649ab17210d1c2246be8
TOI-W3-PROPOSAL-CFG-0190,W3-C,MTF_MODEL_ADDITION,DAILY_COHORT_CONTEXT_MODEL,D1,Source-bound vol_squeeze.assess_series percentile25/minimum compression5/release window3/original range and TTM dependencies; historical price-release population retained; volume attribute separate; phenotype reconciliation pending,D,UP,P0_ORIGINAL_COHORT_REFERENCE,TRIGGERED_PATH,M1,One regularized discrete-time cause-model recipe or one regularized quantile-model recipe with fixed own-price/state/age/volatility/location/liquidity inputs; exact implementation pending; no hidden model/feature/penalty/calibration search,,W+D+4H-CLOCK,"[""TOI-W3-PROPOSAL-CFG-0067""]",Joint favorable/adverse/unresolved first-passage distribution to original fixed T; not structural-fakeout probability,One frozen proper multistate probability loss/Brier recipe; calibration,Identical held-out original raw D1 directional trigger cohort or explicitly predeclared at-risk landmarks; no policy-survivor selection; common P0 origin and expiry; exact same Daily decision clock/episodes/labels/deadline as D baseline and other context variants,10,FIRST_CAUSALLY_RECOGNIZED_FORMING_ONSET; TEN_SUBSEQUENT_COMPLETED_NATIVE_BARS; ORIGIN_EXCLUDED,21,ORIGINAL_FIRST_FEASIBLE_P0_REFERENCE; SAME_ORIGINAL_DEADLINE_ACROSS_POLICIES_CLOCKS_AND_LANDMARKS,+1 frozen trigger ATR before -1 frozen trigger ATR; unresolved retained; ATR recipe requires source binding; adverse first passage is NOT structural fakeout,"OBSERVED_PREFIX_ONLY: predeclared elapsed-age landmarks; fixed weight for each eligible occurrence at a landmark, or separately frozen equal-snapshot normalization using only eligible cases already known at that snapshot; NEVER divide by eventual surviving landmark count; preserve proper at-risk exposure; current forecasts use remaining time to fixed origin deadline","{""hidden_hyperparameter_search"":false,""learned_sector_regime_theme_industry_axis"":false,""minimum_compression"":5,""model_binding"":""REQUIRES_EXACT_PRE_OUTCOME_SOURCE_BINDING"",""model_recipe_count"":1,""original_range_TTM_dependencies"":""SOURCE_BOUND"",""percentile"":25,""phenotype"":""PRICE_RELEASE_VOLUME_ATTRIBUTE_SEPARATE_RECONCILIATION_PENDING"",""release_window"":3}",PROPOSED_NOT_REGISTERED_HOLD,"Qualified program ancestry only: S16 esx_sq_phase0 has 12 historical declared trials and report/run evidence, not 12 newly reconstructed itemized rows; S16 v1.0 accruing/unshipped does not confer new clock/direction/model/consumer authority. Def4 is a separate DRAFT 10-trial/46-cell reservation with zero canonical ledger rows at Macro 5fc7af4a1aa2510966a7b566f97e5b894f2632f8. This proposal does not claim all-time search=12+218.","BEFORE_OUTCOMES: incumbent owner review and approval; qualified corpus/cutoff/source/session/basis/rights/PIT/known-time contracts for each clock; exact occurrence and reset law; S16 phenotype reconciliation; ATR/scale and label/fill/ambiguity binding; matching/support and draw/seed rules; exact M0/M1 estimator/features/regularization/calibration binding where applicable; prefix-known landmark schedule/weights; consumer margins, costs, precision/power and sufficiency gates; exact temporal folds and untouched-evidence proof; one inferential procedure; independent acceptance; resource estimate/budget; existing-ledger registration only through a separately approved admitted carrier; Use only completed available Weekly/intraday context; 4H-CLOCK and 195M-RTH are distinct; no learned regime/sector/theme/industry axis","OFFLINE_RESEARCH_PROPOSAL_ONLY; no canonical trial ID, registration, admission, dispatch, outcome execution, production, rank, gate, size or promotion authority",TOI_Recovery_Masterplan_2026-10-03.md,K1-K9,0426631f0a2e3c7243530a2ad859c5e36857768c43d0649ab17210d1c2246be8
TOI-W3-PROPOSAL-CFG-0191,W3-C,MTF_MODEL_ADDITION,DAILY_COHORT_CONTEXT_MODEL,D1,Source-bound vol_squeeze.assess_series percentile25/minimum compression5/release window3/original range and TTM dependencies; historical price-release population retained; volume attribute separate; phenotype reconciliation pending,D,DOWN,P0_ORIGINAL_COHORT_REFERENCE,TRIGGERED_PATH,M1,One regularized discrete-time cause-model recipe or one regularized quantile-model recipe with fixed own-price/state/age/volatility/location/liquidity inputs; exact implementation pending; no hidden model/feature/penalty/calibration search,,W+D+4H-CLOCK,"[""TOI-W3-PROPOSAL-CFG-0069""]",Joint favorable/adverse/unresolved first-passage distribution to original fixed T; not structural-fakeout probability,One frozen proper multistate probability loss/Brier recipe; calibration,Identical held-out original raw D1 directional trigger cohort or explicitly predeclared at-risk landmarks; no policy-survivor selection; common P0 origin and expiry; exact same Daily decision clock/episodes/labels/deadline as D baseline and other context variants,10,FIRST_CAUSALLY_RECOGNIZED_FORMING_ONSET; TEN_SUBSEQUENT_COMPLETED_NATIVE_BARS; ORIGIN_EXCLUDED,21,ORIGINAL_FIRST_FEASIBLE_P0_REFERENCE; SAME_ORIGINAL_DEADLINE_ACROSS_POLICIES_CLOCKS_AND_LANDMARKS,+1 frozen trigger ATR before -1 frozen trigger ATR; unresolved retained; ATR recipe requires source binding; adverse first passage is NOT structural fakeout,"OBSERVED_PREFIX_ONLY: predeclared elapsed-age landmarks; fixed weight for each eligible occurrence at a landmark, or separately frozen equal-snapshot normalization using only eligible cases already known at that snapshot; NEVER divide by eventual surviving landmark count; preserve proper at-risk exposure; current forecasts use remaining time to fixed origin deadline","{""hidden_hyperparameter_search"":false,""learned_sector_regime_theme_industry_axis"":false,""minimum_compression"":5,""model_binding"":""REQUIRES_EXACT_PRE_OUTCOME_SOURCE_BINDING"",""model_recipe_count"":1,""original_range_TTM_dependencies"":""SOURCE_BOUND"",""percentile"":25,""phenotype"":""PRICE_RELEASE_VOLUME_ATTRIBUTE_SEPARATE_RECONCILIATION_PENDING"",""release_window"":3}",PROPOSED_NOT_REGISTERED_HOLD,"Qualified program ancestry only: S16 esx_sq_phase0 has 12 historical declared trials and report/run evidence, not 12 newly reconstructed itemized rows; S16 v1.0 accruing/unshipped does not confer new clock/direction/model/consumer authority. Def4 is a separate DRAFT 10-trial/46-cell reservation with zero canonical ledger rows at Macro 5fc7af4a1aa2510966a7b566f97e5b894f2632f8. This proposal does not claim all-time search=12+218.","BEFORE_OUTCOMES: incumbent owner review and approval; qualified corpus/cutoff/source/session/basis/rights/PIT/known-time contracts for each clock; exact occurrence and reset law; S16 phenotype reconciliation; ATR/scale and label/fill/ambiguity binding; matching/support and draw/seed rules; exact M0/M1 estimator/features/regularization/calibration binding where applicable; prefix-known landmark schedule/weights; consumer margins, costs, precision/power and sufficiency gates; exact temporal folds and untouched-evidence proof; one inferential procedure; independent acceptance; resource estimate/budget; existing-ledger registration only through a separately approved admitted carrier; Use only completed available Weekly/intraday context; 4H-CLOCK and 195M-RTH are distinct; no learned regime/sector/theme/industry axis","OFFLINE_RESEARCH_PROPOSAL_ONLY; no canonical trial ID, registration, admission, dispatch, outcome execution, production, rank, gate, size or promotion authority",TOI_Recovery_Masterplan_2026-10-03.md,K1-K9,0426631f0a2e3c7243530a2ad859c5e36857768c43d0649ab17210d1c2246be8
TOI-W3-PROPOSAL-CFG-0192,W3-C,MTF_MODEL_ADDITION,DAILY_COHORT_CONTEXT_MODEL,D1,Source-bound vol_squeeze.assess_series percentile25/minimum compression5/release window3/original range and TTM dependencies; historical price-release population retained; volume attribute separate; phenotype reconciliation pending,D,UP,P0_ORIGINAL_COHORT_REFERENCE,REMAINING_MFE,M1,One regularized discrete-time cause-model recipe or one regularized quantile-model recipe with fixed own-price/state/age/volatility/location/liquidity inputs; exact implementation pending; no hidden model/feature/penalty/calibration search,0.10,W+D+4H-CLOCK,"[""TOI-W3-PROPOSAL-CFG-0091""]",Current-price remaining favorable excursion quantile to the original post-trigger deadline,Pinball loss at registered quantile; diagnostic coverage/order/width checks,Identical eligible held-out current D1 landmarks with prefix-known eligibility/weights; failed/expired/stagnant original paths represented lawfully; no eventual-success matching and no eventual landmark-count denominator; exact same Daily decision clock/episodes/labels/deadline as D baseline and other context variants,10,FIRST_CAUSALLY_RECOGNIZED_FORMING_ONSET; TEN_SUBSEQUENT_COMPLETED_NATIVE_BARS; ORIGIN_EXCLUDED,21,ORIGINAL_FIRST_FEASIBLE_P0_REFERENCE; SAME_ORIGINAL_DEADLINE_ACROSS_POLICIES_CLOCKS_AND_LANDMARKS,+1 frozen trigger ATR before -1 frozen trigger ATR; unresolved retained; ATR recipe requires source binding; adverse first passage is NOT structural fakeout,"OBSERVED_PREFIX_ONLY: predeclared elapsed-age landmarks; fixed weight for each eligible occurrence at a landmark, or separately frozen equal-snapshot normalization using only eligible cases already known at that snapshot; NEVER divide by eventual surviving landmark count; preserve proper at-risk exposure; current forecasts use remaining time to fixed origin deadline","{""hidden_hyperparameter_search"":false,""learned_sector_regime_theme_industry_axis"":false,""minimum_compression"":5,""model_binding"":""REQUIRES_EXACT_PRE_OUTCOME_SOURCE_BINDING"",""model_recipe_count"":1,""original_range_TTM_dependencies"":""SOURCE_BOUND"",""percentile"":25,""phenotype"":""PRICE_RELEASE_VOLUME_ATTRIBUTE_SEPARATE_RECONCILIATION_PENDING"",""quantile"":""0.10"",""release_window"":3}",PROPOSED_NOT_REGISTERED_HOLD,"Qualified program ancestry only: S16 esx_sq_phase0 has 12 historical declared trials and report/run evidence, not 12 newly reconstructed itemized rows; S16 v1.0 accruing/unshipped does not confer new clock/direction/model/consumer authority. Def4 is a separate DRAFT 10-trial/46-cell reservation with zero canonical ledger rows at Macro 5fc7af4a1aa2510966a7b566f97e5b894f2632f8. This proposal does not claim all-time search=12+218.","BEFORE_OUTCOMES: incumbent owner review and approval; qualified corpus/cutoff/source/session/basis/rights/PIT/known-time contracts for each clock; exact occurrence and reset law; S16 phenotype reconciliation; ATR/scale and label/fill/ambiguity binding; matching/support and draw/seed rules; exact M0/M1 estimator/features/regularization/calibration binding where applicable; prefix-known landmark schedule/weights; consumer margins, costs, precision/power and sufficiency gates; exact temporal folds and untouched-evidence proof; one inferential procedure; independent acceptance; resource estimate/budget; existing-ledger registration only through a separately approved admitted carrier; Use only completed available Weekly/intraday context; 4H-CLOCK and 195M-RTH are distinct; no learned regime/sector/theme/industry axis","OFFLINE_RESEARCH_PROPOSAL_ONLY; no canonical trial ID, registration, admission, dispatch, outcome execution, production, rank, gate, size or promotion authority",TOI_Recovery_Masterplan_2026-10-03.md,K1-K9,0426631f0a2e3c7243530a2ad859c5e36857768c43d0649ab17210d1c2246be8
TOI-W3-PROPOSAL-CFG-0193,W3-C,MTF_MODEL_ADDITION,DAILY_COHORT_CONTEXT_MODEL,D1,Source-bound vol_squeeze.assess_series percentile25/minimum compression5/release window3/original range and TTM dependencies; historical price-release population retained; volume attribute separate; phenotype reconciliation pending,D,UP,P0_ORIGINAL_COHORT_REFERENCE,REMAINING_MFE,M1,One regularized discrete-time cause-model recipe or one regularized quantile-model recipe with fixed own-price/state/age/volatility/location/liquidity inputs; exact implementation pending; no hidden model/feature/penalty/calibration search,0.50,W+D+4H-CLOCK,"[""TOI-W3-PROPOSAL-CFG-0093""]",Current-price remaining favorable excursion quantile to the original post-trigger deadline,Pinball loss at registered quantile; diagnostic coverage/order/width checks,Identical eligible held-out current D1 landmarks with prefix-known eligibility/weights; failed/expired/stagnant original paths represented lawfully; no eventual-success matching and no eventual landmark-count denominator; exact same Daily decision clock/episodes/labels/deadline as D baseline and other context variants,10,FIRST_CAUSALLY_RECOGNIZED_FORMING_ONSET; TEN_SUBSEQUENT_COMPLETED_NATIVE_BARS; ORIGIN_EXCLUDED,21,ORIGINAL_FIRST_FEASIBLE_P0_REFERENCE; SAME_ORIGINAL_DEADLINE_ACROSS_POLICIES_CLOCKS_AND_LANDMARKS,+1 frozen trigger ATR before -1 frozen trigger ATR; unresolved retained; ATR recipe requires source binding; adverse first passage is NOT structural fakeout,"OBSERVED_PREFIX_ONLY: predeclared elapsed-age landmarks; fixed weight for each eligible occurrence at a landmark, or separately frozen equal-snapshot normalization using only eligible cases already known at that snapshot; NEVER divide by eventual surviving landmark count; preserve proper at-risk exposure; current forecasts use remaining time to fixed origin deadline","{""hidden_hyperparameter_search"":false,""learned_sector_regime_theme_industry_axis"":false,""minimum_compression"":5,""model_binding"":""REQUIRES_EXACT_PRE_OUTCOME_SOURCE_BINDING"",""model_recipe_count"":1,""original_range_TTM_dependencies"":""SOURCE_BOUND"",""percentile"":25,""phenotype"":""PRICE_RELEASE_VOLUME_ATTRIBUTE_SEPARATE_RECONCILIATION_PENDING"",""quantile"":""0.50"",""release_window"":3}",PROPOSED_NOT_REGISTERED_HOLD,"Qualified program ancestry only: S16 esx_sq_phase0 has 12 historical declared trials and report/run evidence, not 12 newly reconstructed itemized rows; S16 v1.0 accruing/unshipped does not confer new clock/direction/model/consumer authority. Def4 is a separate DRAFT 10-trial/46-cell reservation with zero canonical ledger rows at Macro 5fc7af4a1aa2510966a7b566f97e5b894f2632f8. This proposal does not claim all-time search=12+218.","BEFORE_OUTCOMES: incumbent owner review and approval; qualified corpus/cutoff/source/session/basis/rights/PIT/known-time contracts for each clock; exact occurrence and reset law; S16 phenotype reconciliation; ATR/scale and label/fill/ambiguity binding; matching/support and draw/seed rules; exact M0/M1 estimator/features/regularization/calibration binding where applicable; prefix-known landmark schedule/weights; consumer margins, costs, precision/power and sufficiency gates; exact temporal folds and untouched-evidence proof; one inferential procedure; independent acceptance; resource estimate/budget; existing-ledger registration only through a separately approved admitted carrier; Use only completed available Weekly/intraday context; 4H-CLOCK and 195M-RTH are distinct; no learned regime/sector/theme/industry axis","OFFLINE_RESEARCH_PROPOSAL_ONLY; no canonical trial ID, registration, admission, dispatch, outcome execution, production, rank, gate, size or promotion authority",TOI_Recovery_Masterplan_2026-10-03.md,K1-K9,0426631f0a2e3c7243530a2ad859c5e36857768c43d0649ab17210d1c2246be8
TOI-W3-PROPOSAL-CFG-0194,W3-C,MTF_MODEL_ADDITION,DAILY_COHORT_CONTEXT_MODEL,D1,Source-bound vol_squeeze.assess_series percentile25/minimum compression5/release window3/original range and TTM dependencies; historical price-release population retained; volume attribute separate; phenotype reconciliation pending,D,UP,P0_ORIGINAL_COHORT_REFERENCE,REMAINING_MFE,M1,One regularized discrete-time cause-model recipe or one regularized quantile-model recipe with fixed own-price/state/age/volatility/location/liquidity inputs; exact implementation pending; no hidden model/feature/penalty/calibration search,0.90,W+D+4H-CLOCK,"[""TOI-W3-PROPOSAL-CFG-0095""]",Current-price remaining favorable excursion quantile to the original post-trigger deadline,Pinball loss at registered quantile; diagnostic coverage/order/width checks,Identical eligible held-out current D1 landmarks with prefix-known eligibility/weights; failed/expired/stagnant original paths represented lawfully; no eventual-success matching and no eventual landmark-count denominator; exact same Daily decision clock/episodes/labels/deadline as D baseline and other context variants,10,FIRST_CAUSALLY_RECOGNIZED_FORMING_ONSET; TEN_SUBSEQUENT_COMPLETED_NATIVE_BARS; ORIGIN_EXCLUDED,21,ORIGINAL_FIRST_FEASIBLE_P0_REFERENCE; SAME_ORIGINAL_DEADLINE_ACROSS_POLICIES_CLOCKS_AND_LANDMARKS,+1 frozen trigger ATR before -1 frozen trigger ATR; unresolved retained; ATR recipe requires source binding; adverse first passage is NOT structural fakeout,"OBSERVED_PREFIX_ONLY: predeclared elapsed-age landmarks; fixed weight for each eligible occurrence at a landmark, or separately frozen equal-snapshot normalization using only eligible cases already known at that snapshot; NEVER divide by eventual surviving landmark count; preserve proper at-risk exposure; current forecasts use remaining time to fixed origin deadline","{""hidden_hyperparameter_search"":false,""learned_sector_regime_theme_industry_axis"":false,""minimum_compression"":5,""model_binding"":""REQUIRES_EXACT_PRE_OUTCOME_SOURCE_BINDING"",""model_recipe_count"":1,""original_range_TTM_dependencies"":""SOURCE_BOUND"",""percentile"":25,""phenotype"":""PRICE_RELEASE_VOLUME_ATTRIBUTE_SEPARATE_RECONCILIATION_PENDING"",""quantile"":""0.90"",""release_window"":3}",PROPOSED_NOT_REGISTERED_HOLD,"Qualified program ancestry only: S16 esx_sq_phase0 has 12 historical declared trials and report/run evidence, not 12 newly reconstructed itemized rows; S16 v1.0 accruing/unshipped does not confer new clock/direction/model/consumer authority. Def4 is a separate DRAFT 10-trial/46-cell reservation with zero canonical ledger rows at Macro 5fc7af4a1aa2510966a7b566f97e5b894f2632f8. This proposal does not claim all-time search=12+218.","BEFORE_OUTCOMES: incumbent owner review and approval; qualified corpus/cutoff/source/session/basis/rights/PIT/known-time contracts for each clock; exact occurrence and reset law; S16 phenotype reconciliation; ATR/scale and label/fill/ambiguity binding; matching/support and draw/seed rules; exact M0/M1 estimator/features/regularization/calibration binding where applicable; prefix-known landmark schedule/weights; consumer margins, costs, precision/power and sufficiency gates; exact temporal folds and untouched-evidence proof; one inferential procedure; independent acceptance; resource estimate/budget; existing-ledger registration only through a separately approved admitted carrier; Use only completed available Weekly/intraday context; 4H-CLOCK and 195M-RTH are distinct; no learned regime/sector/theme/industry axis","OFFLINE_RESEARCH_PROPOSAL_ONLY; no canonical trial ID, registration, admission, dispatch, outcome execution, production, rank, gate, size or promotion authority",TOI_Recovery_Masterplan_2026-10-03.md,K1-K9,0426631f0a2e3c7243530a2ad859c5e36857768c43d0649ab17210d1c2246be8
TOI-W3-PROPOSAL-CFG-0195,W3-C,MTF_MODEL_ADDITION,DAILY_COHORT_CONTEXT_MODEL,D1,Source-bound vol_squeeze.assess_series percentile25/minimum compression5/release window3/original range and TTM dependencies; historical price-release population retained; volume attribute separate; phenotype reconciliation pending,D,DOWN,P0_ORIGINAL_COHORT_REFERENCE,REMAINING_MFE,M1,One regularized discrete-time cause-model recipe or one regularized quantile-model recipe with fixed own-price/state/age/volatility/location/liquidity inputs; exact implementation pending; no hidden model/feature/penalty/calibration search,0.10,W+D+4H-CLOCK,"[""TOI-W3-PROPOSAL-CFG-0097""]",Current-price remaining favorable excursion quantile to the original post-trigger deadline,Pinball loss at registered quantile; diagnostic coverage/order/width checks,Identical eligible held-out current D1 landmarks with prefix-known eligibility/weights; failed/expired/stagnant original paths represented lawfully; no eventual-success matching and no eventual landmark-count denominator; exact same Daily decision clock/episodes/labels/deadline as D baseline and other context variants,10,FIRST_CAUSALLY_RECOGNIZED_FORMING_ONSET; TEN_SUBSEQUENT_COMPLETED_NATIVE_BARS; ORIGIN_EXCLUDED,21,ORIGINAL_FIRST_FEASIBLE_P0_REFERENCE; SAME_ORIGINAL_DEADLINE_ACROSS_POLICIES_CLOCKS_AND_LANDMARKS,+1 frozen trigger ATR before -1 frozen trigger ATR; unresolved retained; ATR recipe requires source binding; adverse first passage is NOT structural fakeout,"OBSERVED_PREFIX_ONLY: predeclared elapsed-age landmarks; fixed weight for each eligible occurrence at a landmark, or separately frozen equal-snapshot normalization using only eligible cases already known at that snapshot; NEVER divide by eventual surviving landmark count; preserve proper at-risk exposure; current forecasts use remaining time to fixed origin deadline","{""hidden_hyperparameter_search"":false,""learned_sector_regime_theme_industry_axis"":false,""minimum_compression"":5,""model_binding"":""REQUIRES_EXACT_PRE_OUTCOME_SOURCE_BINDING"",""model_recipe_count"":1,""original_range_TTM_dependencies"":""SOURCE_BOUND"",""percentile"":25,""phenotype"":""PRICE_RELEASE_VOLUME_ATTRIBUTE_SEPARATE_RECONCILIATION_PENDING"",""quantile"":""0.10"",""release_window"":3}",PROPOSED_NOT_REGISTERED_HOLD,"Qualified program ancestry only: S16 esx_sq_phase0 has 12 historical declared trials and report/run evidence, not 12 newly reconstructed itemized rows; S16 v1.0 accruing/unshipped does not confer new clock/direction/model/consumer authority. Def4 is a separate DRAFT 10-trial/46-cell reservation with zero canonical ledger rows at Macro 5fc7af4a1aa2510966a7b566f97e5b894f2632f8. This proposal does not claim all-time search=12+218.","BEFORE_OUTCOMES: incumbent owner review and approval; qualified corpus/cutoff/source/session/basis/rights/PIT/known-time contracts for each clock; exact occurrence and reset law; S16 phenotype reconciliation; ATR/scale and label/fill/ambiguity binding; matching/support and draw/seed rules; exact M0/M1 estimator/features/regularization/calibration binding where applicable; prefix-known landmark schedule/weights; consumer margins, costs, precision/power and sufficiency gates; exact temporal folds and untouched-evidence proof; one inferential procedure; independent acceptance; resource estimate/budget; existing-ledger registration only through a separately approved admitted carrier; Use only completed available Weekly/intraday context; 4H-CLOCK and 195M-RTH are distinct; no learned regime/sector/theme/industry axis","OFFLINE_RESEARCH_PROPOSAL_ONLY; no canonical trial ID, registration, admission, dispatch, outcome execution, production, rank, gate, size or promotion authority",TOI_Recovery_Masterplan_2026-10-03.md,K1-K9,0426631f0a2e3c7243530a2ad859c5e36857768c43d0649ab17210d1c2246be8
TOI-W3-PROPOSAL-CFG-0196,W3-C,MTF_MODEL_ADDITION,DAILY_COHORT_CONTEXT_MODEL,D1,Source-bound vol_squeeze.assess_series percentile25/minimum compression5/release window3/original range and TTM dependencies; historical price-release population retained; volume attribute separate; phenotype reconciliation pending,D,DOWN,P0_ORIGINAL_COHORT_REFERENCE,REMAINING_MFE,M1,One regularized discrete-time cause-model recipe or one regularized quantile-model recipe with fixed own-price/state/age/volatility/location/liquidity inputs; exact implementation pending; no hidden model/feature/penalty/calibration search,0.50,W+D+4H-CLOCK,"[""TOI-W3-PROPOSAL-CFG-0099""]",Current-price remaining favorable excursion quantile to the original post-trigger deadline,Pinball loss at registered quantile; diagnostic coverage/order/width checks,Identical eligible held-out current D1 landmarks with prefix-known eligibility/weights; failed/expired/stagnant original paths represented lawfully; no eventual-success matching and no eventual landmark-count denominator; exact same Daily decision clock/episodes/labels/deadline as D baseline and other context variants,10,FIRST_CAUSALLY_RECOGNIZED_FORMING_ONSET; TEN_SUBSEQUENT_COMPLETED_NATIVE_BARS; ORIGIN_EXCLUDED,21,ORIGINAL_FIRST_FEASIBLE_P0_REFERENCE; SAME_ORIGINAL_DEADLINE_ACROSS_POLICIES_CLOCKS_AND_LANDMARKS,+1 frozen trigger ATR before -1 frozen trigger ATR; unresolved retained; ATR recipe requires source binding; adverse first passage is NOT structural fakeout,"OBSERVED_PREFIX_ONLY: predeclared elapsed-age landmarks; fixed weight for each eligible occurrence at a landmark, or separately frozen equal-snapshot normalization using only eligible cases already known at that snapshot; NEVER divide by eventual surviving landmark count; preserve proper at-risk exposure; current forecasts use remaining time to fixed origin deadline","{""hidden_hyperparameter_search"":false,""learned_sector_regime_theme_industry_axis"":false,""minimum_compression"":5,""model_binding"":""REQUIRES_EXACT_PRE_OUTCOME_SOURCE_BINDING"",""model_recipe_count"":1,""original_range_TTM_dependencies"":""SOURCE_BOUND"",""percentile"":25,""phenotype"":""PRICE_RELEASE_VOLUME_ATTRIBUTE_SEPARATE_RECONCILIATION_PENDING"",""quantile"":""0.50"",""release_window"":3}",PROPOSED_NOT_REGISTERED_HOLD,"Qualified program ancestry only: S16 esx_sq_phase0 has 12 historical declared trials and report/run evidence, not 12 newly reconstructed itemized rows; S16 v1.0 accruing/unshipped does not confer new clock/direction/model/consumer authority. Def4 is a separate DRAFT 10-trial/46-cell reservation with zero canonical ledger rows at Macro 5fc7af4a1aa2510966a7b566f97e5b894f2632f8. This proposal does not claim all-time search=12+218.","BEFORE_OUTCOMES: incumbent owner review and approval; qualified corpus/cutoff/source/session/basis/rights/PIT/known-time contracts for each clock; exact occurrence and reset law; S16 phenotype reconciliation; ATR/scale and label/fill/ambiguity binding; matching/support and draw/seed rules; exact M0/M1 estimator/features/regularization/calibration binding where applicable; prefix-known landmark schedule/weights; consumer margins, costs, precision/power and sufficiency gates; exact temporal folds and untouched-evidence proof; one inferential procedure; independent acceptance; resource estimate/budget; existing-ledger registration only through a separately approved admitted carrier; Use only completed available Weekly/intraday context; 4H-CLOCK and 195M-RTH are distinct; no learned regime/sector/theme/industry axis","OFFLINE_RESEARCH_PROPOSAL_ONLY; no canonical trial ID, registration, admission, dispatch, outcome execution, production, rank, gate, size or promotion authority",TOI_Recovery_Masterplan_2026-10-03.md,K1-K9,0426631f0a2e3c7243530a2ad859c5e36857768c43d0649ab17210d1c2246be8
TOI-W3-PROPOSAL-CFG-0197,W3-C,MTF_MODEL_ADDITION,DAILY_COHORT_CONTEXT_MODEL,D1,Source-bound vol_squeeze.assess_series percentile25/minimum compression5/release window3/original range and TTM dependencies; historical price-release population retained; volume attribute separate; phenotype reconciliation pending,D,DOWN,P0_ORIGINAL_COHORT_REFERENCE,REMAINING_MFE,M1,One regularized discrete-time cause-model recipe or one regularized quantile-model recipe with fixed own-price/state/age/volatility/location/liquidity inputs; exact implementation pending; no hidden model/feature/penalty/calibration search,0.90,W+D+4H-CLOCK,"[""TOI-W3-PROPOSAL-CFG-0101""]",Current-price remaining favorable excursion quantile to the original post-trigger deadline,Pinball loss at registered quantile; diagnostic coverage/order/width checks,Identical eligible held-out current D1 landmarks with prefix-known eligibility/weights; failed/expired/stagnant original paths represented lawfully; no eventual-success matching and no eventual landmark-count denominator; exact same Daily decision clock/episodes/labels/deadline as D baseline and other context variants,10,FIRST_CAUSALLY_RECOGNIZED_FORMING_ONSET; TEN_SUBSEQUENT_COMPLETED_NATIVE_BARS; ORIGIN_EXCLUDED,21,ORIGINAL_FIRST_FEASIBLE_P0_REFERENCE; SAME_ORIGINAL_DEADLINE_ACROSS_POLICIES_CLOCKS_AND_LANDMARKS,+1 frozen trigger ATR before -1 frozen trigger ATR; unresolved retained; ATR recipe requires source binding; adverse first passage is NOT structural fakeout,"OBSERVED_PREFIX_ONLY: predeclared elapsed-age landmarks; fixed weight for each eligible occurrence at a landmark, or separately frozen equal-snapshot normalization using only eligible cases already known at that snapshot; NEVER divide by eventual surviving landmark count; preserve proper at-risk exposure; current forecasts use remaining time to fixed origin deadline","{""hidden_hyperparameter_search"":false,""learned_sector_regime_theme_industry_axis"":false,""minimum_compression"":5,""model_binding"":""REQUIRES_EXACT_PRE_OUTCOME_SOURCE_BINDING"",""model_recipe_count"":1,""original_range_TTM_dependencies"":""SOURCE_BOUND"",""percentile"":25,""phenotype"":""PRICE_RELEASE_VOLUME_ATTRIBUTE_SEPARATE_RECONCILIATION_PENDING"",""quantile"":""0.90"",""release_window"":3}",PROPOSED_NOT_REGISTERED_HOLD,"Qualified program ancestry only: S16 esx_sq_phase0 has 12 historical declared trials and report/run evidence, not 12 newly reconstructed itemized rows; S16 v1.0 accruing/unshipped does not confer new clock/direction/model/consumer authority. Def4 is a separate DRAFT 10-trial/46-cell reservation with zero canonical ledger rows at Macro 5fc7af4a1aa2510966a7b566f97e5b894f2632f8. This proposal does not claim all-time search=12+218.","BEFORE_OUTCOMES: incumbent owner review and approval; qualified corpus/cutoff/source/session/basis/rights/PIT/known-time contracts for each clock; exact occurrence and reset law; S16 phenotype reconciliation; ATR/scale and label/fill/ambiguity binding; matching/support and draw/seed rules; exact M0/M1 estimator/features/regularization/calibration binding where applicable; prefix-known landmark schedule/weights; consumer margins, costs, precision/power and sufficiency gates; exact temporal folds and untouched-evidence proof; one inferential procedure; independent acceptance; resource estimate/budget; existing-ledger registration only through a separately approved admitted carrier; Use only completed available Weekly/intraday context; 4H-CLOCK and 195M-RTH are distinct; no learned regime/sector/theme/industry axis","OFFLINE_RESEARCH_PROPOSAL_ONLY; no canonical trial ID, registration, admission, dispatch, outcome execution, production, rank, gate, size or promotion authority",TOI_Recovery_Masterplan_2026-10-03.md,K1-K9,0426631f0a2e3c7243530a2ad859c5e36857768c43d0649ab17210d1c2246be8
TOI-W3-PROPOSAL-CFG-0198,W3-C,MTF_MODEL_ADDITION,DAILY_COHORT_CONTEXT_MODEL,D1,Source-bound vol_squeeze.assess_series percentile25/minimum compression5/release window3/original range and TTM dependencies; historical price-release population retained; volume attribute separate; phenotype reconciliation pending,D,UP,P0_ORIGINAL_COHORT_REFERENCE,REMAINING_MAE,M1,One regularized discrete-time cause-model recipe or one regularized quantile-model recipe with fixed own-price/state/age/volatility/location/liquidity inputs; exact implementation pending; no hidden model/feature/penalty/calibration search,0.10,W+D+4H-CLOCK,"[""TOI-W3-PROPOSAL-CFG-0139""]",Current-price remaining adverse excursion quantile to the original post-trigger deadline,Pinball loss at registered quantile; diagnostic coverage/order/width checks,Identical eligible held-out current D1 landmarks with prefix-known eligibility/weights; failed/expired/stagnant original paths represented lawfully; no eventual-success matching and no eventual landmark-count denominator; exact same Daily decision clock/episodes/labels/deadline as D baseline and other context variants,10,FIRST_CAUSALLY_RECOGNIZED_FORMING_ONSET; TEN_SUBSEQUENT_COMPLETED_NATIVE_BARS; ORIGIN_EXCLUDED,21,ORIGINAL_FIRST_FEASIBLE_P0_REFERENCE; SAME_ORIGINAL_DEADLINE_ACROSS_POLICIES_CLOCKS_AND_LANDMARKS,+1 frozen trigger ATR before -1 frozen trigger ATR; unresolved retained; ATR recipe requires source binding; adverse first passage is NOT structural fakeout,"OBSERVED_PREFIX_ONLY: predeclared elapsed-age landmarks; fixed weight for each eligible occurrence at a landmark, or separately frozen equal-snapshot normalization using only eligible cases already known at that snapshot; NEVER divide by eventual surviving landmark count; preserve proper at-risk exposure; current forecasts use remaining time to fixed origin deadline","{""hidden_hyperparameter_search"":false,""learned_sector_regime_theme_industry_axis"":false,""minimum_compression"":5,""model_binding"":""REQUIRES_EXACT_PRE_OUTCOME_SOURCE_BINDING"",""model_recipe_count"":1,""original_range_TTM_dependencies"":""SOURCE_BOUND"",""percentile"":25,""phenotype"":""PRICE_RELEASE_VOLUME_ATTRIBUTE_SEPARATE_RECONCILIATION_PENDING"",""quantile"":""0.10"",""release_window"":3}",PROPOSED_NOT_REGISTERED_HOLD,"Qualified program ancestry only: S16 esx_sq_phase0 has 12 historical declared trials and report/run evidence, not 12 newly reconstructed itemized rows; S16 v1.0 accruing/unshipped does not confer new clock/direction/model/consumer authority. Def4 is a separate DRAFT 10-trial/46-cell reservation with zero canonical ledger rows at Macro 5fc7af4a1aa2510966a7b566f97e5b894f2632f8. This proposal does not claim all-time search=12+218.","BEFORE_OUTCOMES: incumbent owner review and approval; qualified corpus/cutoff/source/session/basis/rights/PIT/known-time contracts for each clock; exact occurrence and reset law; S16 phenotype reconciliation; ATR/scale and label/fill/ambiguity binding; matching/support and draw/seed rules; exact M0/M1 estimator/features/regularization/calibration binding where applicable; prefix-known landmark schedule/weights; consumer margins, costs, precision/power and sufficiency gates; exact temporal folds and untouched-evidence proof; one inferential procedure; independent acceptance; resource estimate/budget; existing-ledger registration only through a separately approved admitted carrier; Use only completed available Weekly/intraday context; 4H-CLOCK and 195M-RTH are distinct; no learned regime/sector/theme/industry axis","OFFLINE_RESEARCH_PROPOSAL_ONLY; no canonical trial ID, registration, admission, dispatch, outcome execution, production, rank, gate, size or promotion authority",TOI_Recovery_Masterplan_2026-10-03.md,K1-K9,0426631f0a2e3c7243530a2ad859c5e36857768c43d0649ab17210d1c2246be8
TOI-W3-PROPOSAL-CFG-0199,W3-C,MTF_MODEL_ADDITION,DAILY_COHORT_CONTEXT_MODEL,D1,Source-bound vol_squeeze.assess_series percentile25/minimum compression5/release window3/original range and TTM dependencies; historical price-release population retained; volume attribute separate; phenotype reconciliation pending,D,UP,P0_ORIGINAL_COHORT_REFERENCE,REMAINING_MAE,M1,One regularized discrete-time cause-model recipe or one regularized quantile-model recipe with fixed own-price/state/age/volatility/location/liquidity inputs; exact implementation pending; no hidden model/feature/penalty/calibration search,0.50,W+D+4H-CLOCK,"[""TOI-W3-PROPOSAL-CFG-0141""]",Current-price remaining adverse excursion quantile to the original post-trigger deadline,Pinball loss at registered quantile; diagnostic coverage/order/width checks,Identical eligible held-out current D1 landmarks with prefix-known eligibility/weights; failed/expired/stagnant original paths represented lawfully; no eventual-success matching and no eventual landmark-count denominator; exact same Daily decision clock/episodes/labels/deadline as D baseline and other context variants,10,FIRST_CAUSALLY_RECOGNIZED_FORMING_ONSET; TEN_SUBSEQUENT_COMPLETED_NATIVE_BARS; ORIGIN_EXCLUDED,21,ORIGINAL_FIRST_FEASIBLE_P0_REFERENCE; SAME_ORIGINAL_DEADLINE_ACROSS_POLICIES_CLOCKS_AND_LANDMARKS,+1 frozen trigger ATR before -1 frozen trigger ATR; unresolved retained; ATR recipe requires source binding; adverse first passage is NOT structural fakeout,"OBSERVED_PREFIX_ONLY: predeclared elapsed-age landmarks; fixed weight for each eligible occurrence at a landmark, or separately frozen equal-snapshot normalization using only eligible cases already known at that snapshot; NEVER divide by eventual surviving landmark count; preserve proper at-risk exposure; current forecasts use remaining time to fixed origin deadline","{""hidden_hyperparameter_search"":false,""learned_sector_regime_theme_industry_axis"":false,""minimum_compression"":5,""model_binding"":""REQUIRES_EXACT_PRE_OUTCOME_SOURCE_BINDING"",""model_recipe_count"":1,""original_range_TTM_dependencies"":""SOURCE_BOUND"",""percentile"":25,""phenotype"":""PRICE_RELEASE_VOLUME_ATTRIBUTE_SEPARATE_RECONCILIATION_PENDING"",""quantile"":""0.50"",""release_window"":3}",PROPOSED_NOT_REGISTERED_HOLD,"Qualified program ancestry only: S16 esx_sq_phase0 has 12 historical declared trials and report/run evidence, not 12 newly reconstructed itemized rows; S16 v1.0 accruing/unshipped does not confer new clock/direction/model/consumer authority. Def4 is a separate DRAFT 10-trial/46-cell reservation with zero canonical ledger rows at Macro 5fc7af4a1aa2510966a7b566f97e5b894f2632f8. This proposal does not claim all-time search=12+218.","BEFORE_OUTCOMES: incumbent owner review and approval; qualified corpus/cutoff/source/session/basis/rights/PIT/known-time contracts for each clock; exact occurrence and reset law; S16 phenotype reconciliation; ATR/scale and label/fill/ambiguity binding; matching/support and draw/seed rules; exact M0/M1 estimator/features/regularization/calibration binding where applicable; prefix-known landmark schedule/weights; consumer margins, costs, precision/power and sufficiency gates; exact temporal folds and untouched-evidence proof; one inferential procedure; independent acceptance; resource estimate/budget; existing-ledger registration only through a separately approved admitted carrier; Use only completed available Weekly/intraday context; 4H-CLOCK and 195M-RTH are distinct; no learned regime/sector/theme/industry axis","OFFLINE_RESEARCH_PROPOSAL_ONLY; no canonical trial ID, registration, admission, dispatch, outcome execution, production, rank, gate, size or promotion authority",TOI_Recovery_Masterplan_2026-10-03.md,K1-K9,0426631f0a2e3c7243530a2ad859c5e36857768c43d0649ab17210d1c2246be8
TOI-W3-PROPOSAL-CFG-0200,W3-C,MTF_MODEL_ADDITION,DAILY_COHORT_CONTEXT_MODEL,D1,Source-bound vol_squeeze.assess_series percentile25/minimum compression5/release window3/original range and TTM dependencies; historical price-release population retained; volume attribute separate; phenotype reconciliation pending,D,UP,P0_ORIGINAL_COHORT_REFERENCE,REMAINING_MAE,M1,One regularized discrete-time cause-model recipe or one regularized quantile-model recipe with fixed own-price/state/age/volatility/location/liquidity inputs; exact implementation pending; no hidden model/feature/penalty/calibration search,0.90,W+D+4H-CLOCK,"[""TOI-W3-PROPOSAL-CFG-0143""]",Current-price remaining adverse excursion quantile to the original post-trigger deadline,Pinball loss at registered quantile; diagnostic coverage/order/width checks,Identical eligible held-out current D1 landmarks with prefix-known eligibility/weights; failed/expired/stagnant original paths represented lawfully; no eventual-success matching and no eventual landmark-count denominator; exact same Daily decision clock/episodes/labels/deadline as D baseline and other context variants,10,FIRST_CAUSALLY_RECOGNIZED_FORMING_ONSET; TEN_SUBSEQUENT_COMPLETED_NATIVE_BARS; ORIGIN_EXCLUDED,21,ORIGINAL_FIRST_FEASIBLE_P0_REFERENCE; SAME_ORIGINAL_DEADLINE_ACROSS_POLICIES_CLOCKS_AND_LANDMARKS,+1 frozen trigger ATR before -1 frozen trigger ATR; unresolved retained; ATR recipe requires source binding; adverse first passage is NOT structural fakeout,"OBSERVED_PREFIX_ONLY: predeclared elapsed-age landmarks; fixed weight for each eligible occurrence at a landmark, or separately frozen equal-snapshot normalization using only eligible cases already known at that snapshot; NEVER divide by eventual surviving landmark count; preserve proper at-risk exposure; current forecasts use remaining time to fixed origin deadline","{""hidden_hyperparameter_search"":false,""learned_sector_regime_theme_industry_axis"":false,""minimum_compression"":5,""model_binding"":""REQUIRES_EXACT_PRE_OUTCOME_SOURCE_BINDING"",""model_recipe_count"":1,""original_range_TTM_dependencies"":""SOURCE_BOUND"",""percentile"":25,""phenotype"":""PRICE_RELEASE_VOLUME_ATTRIBUTE_SEPARATE_RECONCILIATION_PENDING"",""quantile"":""0.90"",""release_window"":3}",PROPOSED_NOT_REGISTERED_HOLD,"Qualified program ancestry only: S16 esx_sq_phase0 has 12 historical declared trials and report/run evidence, not 12 newly reconstructed itemized rows; S16 v1.0 accruing/unshipped does not confer new clock/direction/model/consumer authority. Def4 is a separate DRAFT 10-trial/46-cell reservation with zero canonical ledger rows at Macro 5fc7af4a1aa2510966a7b566f97e5b894f2632f8. This proposal does not claim all-time search=12+218.","BEFORE_OUTCOMES: incumbent owner review and approval; qualified corpus/cutoff/source/session/basis/rights/PIT/known-time contracts for each clock; exact occurrence and reset law; S16 phenotype reconciliation; ATR/scale and label/fill/ambiguity binding; matching/support and draw/seed rules; exact M0/M1 estimator/features/regularization/calibration binding where applicable; prefix-known landmark schedule/weights; consumer margins, costs, precision/power and sufficiency gates; exact temporal folds and untouched-evidence proof; one inferential procedure; independent acceptance; resource estimate/budget; existing-ledger registration only through a separately approved admitted carrier; Use only completed available Weekly/intraday context; 4H-CLOCK and 195M-RTH are distinct; no learned regime/sector/theme/industry axis","OFFLINE_RESEARCH_PROPOSAL_ONLY; no canonical trial ID, registration, admission, dispatch, outcome execution, production, rank, gate, size or promotion authority",TOI_Recovery_Masterplan_2026-10-03.md,K1-K9,0426631f0a2e3c7243530a2ad859c5e36857768c43d0649ab17210d1c2246be8
TOI-W3-PROPOSAL-CFG-0201,W3-C,MTF_MODEL_ADDITION,DAILY_COHORT_CONTEXT_MODEL,D1,Source-bound vol_squeeze.assess_series percentile25/minimum compression5/release window3/original range and TTM dependencies; historical price-release population retained; volume attribute separate; phenotype reconciliation pending,D,DOWN,P0_ORIGINAL_COHORT_REFERENCE,REMAINING_MAE,M1,One regularized discrete-time cause-model recipe or one regularized quantile-model recipe with fixed own-price/state/age/volatility/location/liquidity inputs; exact implementation pending; no hidden model/feature/penalty/calibration search,0.10,W+D+4H-CLOCK,"[""TOI-W3-PROPOSAL-CFG-0145""]",Current-price remaining adverse excursion quantile to the original post-trigger deadline,Pinball loss at registered quantile; diagnostic coverage/order/width checks,Identical eligible held-out current D1 landmarks with prefix-known eligibility/weights; failed/expired/stagnant original paths represented lawfully; no eventual-success matching and no eventual landmark-count denominator; exact same Daily decision clock/episodes/labels/deadline as D baseline and other context variants,10,FIRST_CAUSALLY_RECOGNIZED_FORMING_ONSET; TEN_SUBSEQUENT_COMPLETED_NATIVE_BARS; ORIGIN_EXCLUDED,21,ORIGINAL_FIRST_FEASIBLE_P0_REFERENCE; SAME_ORIGINAL_DEADLINE_ACROSS_POLICIES_CLOCKS_AND_LANDMARKS,+1 frozen trigger ATR before -1 frozen trigger ATR; unresolved retained; ATR recipe requires source binding; adverse first passage is NOT structural fakeout,"OBSERVED_PREFIX_ONLY: predeclared elapsed-age landmarks; fixed weight for each eligible occurrence at a landmark, or separately frozen equal-snapshot normalization using only eligible cases already known at that snapshot; NEVER divide by eventual surviving landmark count; preserve proper at-risk exposure; current forecasts use remaining time to fixed origin deadline","{""hidden_hyperparameter_search"":false,""learned_sector_regime_theme_industry_axis"":false,""minimum_compression"":5,""model_binding"":""REQUIRES_EXACT_PRE_OUTCOME_SOURCE_BINDING"",""model_recipe_count"":1,""original_range_TTM_dependencies"":""SOURCE_BOUND"",""percentile"":25,""phenotype"":""PRICE_RELEASE_VOLUME_ATTRIBUTE_SEPARATE_RECONCILIATION_PENDING"",""quantile"":""0.10"",""release_window"":3}",PROPOSED_NOT_REGISTERED_HOLD,"Qualified program ancestry only: S16 esx_sq_phase0 has 12 historical declared trials and report/run evidence, not 12 newly reconstructed itemized rows; S16 v1.0 accruing/unshipped does not confer new clock/direction/model/consumer authority. Def4 is a separate DRAFT 10-trial/46-cell reservation with zero canonical ledger rows at Macro 5fc7af4a1aa2510966a7b566f97e5b894f2632f8. This proposal does not claim all-time search=12+218.","BEFORE_OUTCOMES: incumbent owner review and approval; qualified corpus/cutoff/source/session/basis/rights/PIT/known-time contracts for each clock; exact occurrence and reset law; S16 phenotype reconciliation; ATR/scale and label/fill/ambiguity binding; matching/support and draw/seed rules; exact M0/M1 estimator/features/regularization/calibration binding where applicable; prefix-known landmark schedule/weights; consumer margins, costs, precision/power and sufficiency gates; exact temporal folds and untouched-evidence proof; one inferential procedure; independent acceptance; resource estimate/budget; existing-ledger registration only through a separately approved admitted carrier; Use only completed available Weekly/intraday context; 4H-CLOCK and 195M-RTH are distinct; no learned regime/sector/theme/industry axis","OFFLINE_RESEARCH_PROPOSAL_ONLY; no canonical trial ID, registration, admission, dispatch, outcome execution, production, rank, gate, size or promotion authority",TOI_Recovery_Masterplan_2026-10-03.md,K1-K9,0426631f0a2e3c7243530a2ad859c5e36857768c43d0649ab17210d1c2246be8
TOI-W3-PROPOSAL-CFG-0202,W3-C,MTF_MODEL_ADDITION,DAILY_COHORT_CONTEXT_MODEL,D1,Source-bound vol_squeeze.assess_series percentile25/minimum compression5/release window3/original range and TTM dependencies; historical price-release population retained; volume attribute separate; phenotype reconciliation pending,D,DOWN,P0_ORIGINAL_COHORT_REFERENCE,REMAINING_MAE,M1,One regularized discrete-time cause-model recipe or one regularized quantile-model recipe with fixed own-price/state/age/volatility/location/liquidity inputs; exact implementation pending; no hidden model/feature/penalty/calibration search,0.50,W+D+4H-CLOCK,"[""TOI-W3-PROPOSAL-CFG-0147""]",Current-price remaining adverse excursion quantile to the original post-trigger deadline,Pinball loss at registered quantile; diagnostic coverage/order/width checks,Identical eligible held-out current D1 landmarks with prefix-known eligibility/weights; failed/expired/stagnant original paths represented lawfully; no eventual-success matching and no eventual landmark-count denominator; exact same Daily decision clock/episodes/labels/deadline as D baseline and other context variants,10,FIRST_CAUSALLY_RECOGNIZED_FORMING_ONSET; TEN_SUBSEQUENT_COMPLETED_NATIVE_BARS; ORIGIN_EXCLUDED,21,ORIGINAL_FIRST_FEASIBLE_P0_REFERENCE; SAME_ORIGINAL_DEADLINE_ACROSS_POLICIES_CLOCKS_AND_LANDMARKS,+1 frozen trigger ATR before -1 frozen trigger ATR; unresolved retained; ATR recipe requires source binding; adverse first passage is NOT structural fakeout,"OBSERVED_PREFIX_ONLY: predeclared elapsed-age landmarks; fixed weight for each eligible occurrence at a landmark, or separately frozen equal-snapshot normalization using only eligible cases already known at that snapshot; NEVER divide by eventual surviving landmark count; preserve proper at-risk exposure; current forecasts use remaining time to fixed origin deadline","{""hidden_hyperparameter_search"":false,""learned_sector_regime_theme_industry_axis"":false,""minimum_compression"":5,""model_binding"":""REQUIRES_EXACT_PRE_OUTCOME_SOURCE_BINDING"",""model_recipe_count"":1,""original_range_TTM_dependencies"":""SOURCE_BOUND"",""percentile"":25,""phenotype"":""PRICE_RELEASE_VOLUME_ATTRIBUTE_SEPARATE_RECONCILIATION_PENDING"",""quantile"":""0.50"",""release_window"":3}",PROPOSED_NOT_REGISTERED_HOLD,"Qualified program ancestry only: S16 esx_sq_phase0 has 12 historical declared trials and report/run evidence, not 12 newly reconstructed itemized rows; S16 v1.0 accruing/unshipped does not confer new clock/direction/model/consumer authority. Def4 is a separate DRAFT 10-trial/46-cell reservation with zero canonical ledger rows at Macro 5fc7af4a1aa2510966a7b566f97e5b894f2632f8. This proposal does not claim all-time search=12+218.","BEFORE_OUTCOMES: incumbent owner review and approval; qualified corpus/cutoff/source/session/basis/rights/PIT/known-time contracts for each clock; exact occurrence and reset law; S16 phenotype reconciliation; ATR/scale and label/fill/ambiguity binding; matching/support and draw/seed rules; exact M0/M1 estimator/features/regularization/calibration binding where applicable; prefix-known landmark schedule/weights; consumer margins, costs, precision/power and sufficiency gates; exact temporal folds and untouched-evidence proof; one inferential procedure; independent acceptance; resource estimate/budget; existing-ledger registration only through a separately approved admitted carrier; Use only completed available Weekly/intraday context; 4H-CLOCK and 195M-RTH are distinct; no learned regime/sector/theme/industry axis","OFFLINE_RESEARCH_PROPOSAL_ONLY; no canonical trial ID, registration, admission, dispatch, outcome execution, production, rank, gate, size or promotion authority",TOI_Recovery_Masterplan_2026-10-03.md,K1-K9,0426631f0a2e3c7243530a2ad859c5e36857768c43d0649ab17210d1c2246be8
TOI-W3-PROPOSAL-CFG-0203,W3-C,MTF_MODEL_ADDITION,DAILY_COHORT_CONTEXT_MODEL,D1,Source-bound vol_squeeze.assess_series percentile25/minimum compression5/release window3/original range and TTM dependencies; historical price-release population retained; volume attribute separate; phenotype reconciliation pending,D,DOWN,P0_ORIGINAL_COHORT_REFERENCE,REMAINING_MAE,M1,One regularized discrete-time cause-model recipe or one regularized quantile-model recipe with fixed own-price/state/age/volatility/location/liquidity inputs; exact implementation pending; no hidden model/feature/penalty/calibration search,0.90,W+D+4H-CLOCK,"[""TOI-W3-PROPOSAL-CFG-0149""]",Current-price remaining adverse excursion quantile to the original post-trigger deadline,Pinball loss at registered quantile; diagnostic coverage/order/width checks,Identical eligible held-out current D1 landmarks with prefix-known eligibility/weights; failed/expired/stagnant original paths represented lawfully; no eventual-success matching and no eventual landmark-count denominator; exact same Daily decision clock/episodes/labels/deadline as D baseline and other context variants,10,FIRST_CAUSALLY_RECOGNIZED_FORMING_ONSET; TEN_SUBSEQUENT_COMPLETED_NATIVE_BARS; ORIGIN_EXCLUDED,21,ORIGINAL_FIRST_FEASIBLE_P0_REFERENCE; SAME_ORIGINAL_DEADLINE_ACROSS_POLICIES_CLOCKS_AND_LANDMARKS,+1 frozen trigger ATR before -1 frozen trigger ATR; unresolved retained; ATR recipe requires source binding; adverse first passage is NOT structural fakeout,"OBSERVED_PREFIX_ONLY: predeclared elapsed-age landmarks; fixed weight for each eligible occurrence at a landmark, or separately frozen equal-snapshot normalization using only eligible cases already known at that snapshot; NEVER divide by eventual surviving landmark count; preserve proper at-risk exposure; current forecasts use remaining time to fixed origin deadline","{""hidden_hyperparameter_search"":false,""learned_sector_regime_theme_industry_axis"":false,""minimum_compression"":5,""model_binding"":""REQUIRES_EXACT_PRE_OUTCOME_SOURCE_BINDING"",""model_recipe_count"":1,""original_range_TTM_dependencies"":""SOURCE_BOUND"",""percentile"":25,""phenotype"":""PRICE_RELEASE_VOLUME_ATTRIBUTE_SEPARATE_RECONCILIATION_PENDING"",""quantile"":""0.90"",""release_window"":3}",PROPOSED_NOT_REGISTERED_HOLD,"Qualified program ancestry only: S16 esx_sq_phase0 has 12 historical declared trials and report/run evidence, not 12 newly reconstructed itemized rows; S16 v1.0 accruing/unshipped does not confer new clock/direction/model/consumer authority. Def4 is a separate DRAFT 10-trial/46-cell reservation with zero canonical ledger rows at Macro 5fc7af4a1aa2510966a7b566f97e5b894f2632f8. This proposal does not claim all-time search=12+218.","BEFORE_OUTCOMES: incumbent owner review and approval; qualified corpus/cutoff/source/session/basis/rights/PIT/known-time contracts for each clock; exact occurrence and reset law; S16 phenotype reconciliation; ATR/scale and label/fill/ambiguity binding; matching/support and draw/seed rules; exact M0/M1 estimator/features/regularization/calibration binding where applicable; prefix-known landmark schedule/weights; consumer margins, costs, precision/power and sufficiency gates; exact temporal folds and untouched-evidence proof; one inferential procedure; independent acceptance; resource estimate/budget; existing-ledger registration only through a separately approved admitted carrier; Use only completed available Weekly/intraday context; 4H-CLOCK and 195M-RTH are distinct; no learned regime/sector/theme/industry axis","OFFLINE_RESEARCH_PROPOSAL_ONLY; no canonical trial ID, registration, admission, dispatch, outcome execution, production, rank, gate, size or promotion authority",TOI_Recovery_Masterplan_2026-10-03.md,K1-K9,0426631f0a2e3c7243530a2ad859c5e36857768c43d0649ab17210d1c2246be8
TOI-W3-PROPOSAL-CFG-0204,W3-C,MTF_MODEL_ADDITION,DAILY_COHORT_CONTEXT_MODEL,D1,Source-bound vol_squeeze.assess_series percentile25/minimum compression5/release window3/original range and TTM dependencies; historical price-release population retained; volume attribute separate; phenotype reconciliation pending,D,JOINT_UP_DOWN,NO_PRETRIGGER_ENTRY,ACTIVATION,M1,One regularized discrete-time cause-model recipe or one regularized quantile-model recipe with fixed own-price/state/age/volatility/location/liquidity inputs; exact implementation pending; no hidden model/feature/penalty/calibration search,,W+D+195M-RTH,"[""TOI-W3-PROPOSAL-CFG-0057""]",Joint up/down/pre-trigger-invalidated/unactivated distribution to fixed activation deadline,One frozen multistate Brier loss; calibration,Identical held-out D1 all-FORMING risk sets; never-armed cases retained; current landmarks target remaining time to original ten-subsequent-bar deadline; exact same Daily decision clock/episodes/labels/deadline as D baseline and other context variants,10,FIRST_CAUSALLY_RECOGNIZED_FORMING_ONSET; TEN_SUBSEQUENT_COMPLETED_NATIVE_BARS; ORIGIN_EXCLUDED,21,ORIGINAL_FIRST_FEASIBLE_P0_REFERENCE; SAME_ORIGINAL_DEADLINE_ACROSS_POLICIES_CLOCKS_AND_LANDMARKS,+1 frozen trigger ATR before -1 frozen trigger ATR; unresolved retained; ATR recipe requires source binding; adverse first passage is NOT structural fakeout,"OBSERVED_PREFIX_ONLY: predeclared elapsed-age landmarks; fixed weight for each eligible occurrence at a landmark, or separately frozen equal-snapshot normalization using only eligible cases already known at that snapshot; NEVER divide by eventual surviving landmark count; preserve proper at-risk exposure; current forecasts use remaining time to fixed origin deadline","{""hidden_hyperparameter_search"":false,""learned_sector_regime_theme_industry_axis"":false,""minimum_compression"":5,""model_binding"":""REQUIRES_EXACT_PRE_OUTCOME_SOURCE_BINDING"",""model_recipe_count"":1,""original_range_TTM_dependencies"":""SOURCE_BOUND"",""percentile"":25,""phenotype"":""PRICE_RELEASE_VOLUME_ATTRIBUTE_SEPARATE_RECONCILIATION_PENDING"",""release_window"":3}",PROPOSED_NOT_REGISTERED_HOLD,"Qualified program ancestry only: S16 esx_sq_phase0 has 12 historical declared trials and report/run evidence, not 12 newly reconstructed itemized rows; S16 v1.0 accruing/unshipped does not confer new clock/direction/model/consumer authority. Def4 is a separate DRAFT 10-trial/46-cell reservation with zero canonical ledger rows at Macro 5fc7af4a1aa2510966a7b566f97e5b894f2632f8. This proposal does not claim all-time search=12+218.","BEFORE_OUTCOMES: incumbent owner review and approval; qualified corpus/cutoff/source/session/basis/rights/PIT/known-time contracts for each clock; exact occurrence and reset law; S16 phenotype reconciliation; ATR/scale and label/fill/ambiguity binding; matching/support and draw/seed rules; exact M0/M1 estimator/features/regularization/calibration binding where applicable; prefix-known landmark schedule/weights; consumer margins, costs, precision/power and sufficiency gates; exact temporal folds and untouched-evidence proof; one inferential procedure; independent acceptance; resource estimate/budget; existing-ledger registration only through a separately approved admitted carrier; Use only completed available Weekly/intraday context; 4H-CLOCK and 195M-RTH are distinct; no learned regime/sector/theme/industry axis","OFFLINE_RESEARCH_PROPOSAL_ONLY; no canonical trial ID, registration, admission, dispatch, outcome execution, production, rank, gate, size or promotion authority",TOI_Recovery_Masterplan_2026-10-03.md,K1-K9,0426631f0a2e3c7243530a2ad859c5e36857768c43d0649ab17210d1c2246be8
TOI-W3-PROPOSAL-CFG-0205,W3-C,MTF_MODEL_ADDITION,DAILY_COHORT_CONTEXT_MODEL,D1,Source-bound vol_squeeze.assess_series percentile25/minimum compression5/release window3/original range and TTM dependencies; historical price-release population retained; volume attribute separate; phenotype reconciliation pending,D,UP,P0_ORIGINAL_COHORT_REFERENCE,TRIGGERED_PATH,M1,One regularized discrete-time cause-model recipe or one regularized quantile-model recipe with fixed own-price/state/age/volatility/location/liquidity inputs; exact implementation pending; no hidden model/feature/penalty/calibration search,,W+D+195M-RTH,"[""TOI-W3-PROPOSAL-CFG-0067""]",Joint favorable/adverse/unresolved first-passage distribution to original fixed T; not structural-fakeout probability,One frozen proper multistate probability loss/Brier recipe; calibration,Identical held-out original raw D1 directional trigger cohort or explicitly predeclared at-risk landmarks; no policy-survivor selection; common P0 origin and expiry; exact same Daily decision clock/episodes/labels/deadline as D baseline and other context variants,10,FIRST_CAUSALLY_RECOGNIZED_FORMING_ONSET; TEN_SUBSEQUENT_COMPLETED_NATIVE_BARS; ORIGIN_EXCLUDED,21,ORIGINAL_FIRST_FEASIBLE_P0_REFERENCE; SAME_ORIGINAL_DEADLINE_ACROSS_POLICIES_CLOCKS_AND_LANDMARKS,+1 frozen trigger ATR before -1 frozen trigger ATR; unresolved retained; ATR recipe requires source binding; adverse first passage is NOT structural fakeout,"OBSERVED_PREFIX_ONLY: predeclared elapsed-age landmarks; fixed weight for each eligible occurrence at a landmark, or separately frozen equal-snapshot normalization using only eligible cases already known at that snapshot; NEVER divide by eventual surviving landmark count; preserve proper at-risk exposure; current forecasts use remaining time to fixed origin deadline","{""hidden_hyperparameter_search"":false,""learned_sector_regime_theme_industry_axis"":false,""minimum_compression"":5,""model_binding"":""REQUIRES_EXACT_PRE_OUTCOME_SOURCE_BINDING"",""model_recipe_count"":1,""original_range_TTM_dependencies"":""SOURCE_BOUND"",""percentile"":25,""phenotype"":""PRICE_RELEASE_VOLUME_ATTRIBUTE_SEPARATE_RECONCILIATION_PENDING"",""release_window"":3}",PROPOSED_NOT_REGISTERED_HOLD,"Qualified program ancestry only: S16 esx_sq_phase0 has 12 historical declared trials and report/run evidence, not 12 newly reconstructed itemized rows; S16 v1.0 accruing/unshipped does not confer new clock/direction/model/consumer authority. Def4 is a separate DRAFT 10-trial/46-cell reservation with zero canonical ledger rows at Macro 5fc7af4a1aa2510966a7b566f97e5b894f2632f8. This proposal does not claim all-time search=12+218.","BEFORE_OUTCOMES: incumbent owner review and approval; qualified corpus/cutoff/source/session/basis/rights/PIT/known-time contracts for each clock; exact occurrence and reset law; S16 phenotype reconciliation; ATR/scale and label/fill/ambiguity binding; matching/support and draw/seed rules; exact M0/M1 estimator/features/regularization/calibration binding where applicable; prefix-known landmark schedule/weights; consumer margins, costs, precision/power and sufficiency gates; exact temporal folds and untouched-evidence proof; one inferential procedure; independent acceptance; resource estimate/budget; existing-ledger registration only through a separately approved admitted carrier; Use only completed available Weekly/intraday context; 4H-CLOCK and 195M-RTH are distinct; no learned regime/sector/theme/industry axis","OFFLINE_RESEARCH_PROPOSAL_ONLY; no canonical trial ID, registration, admission, dispatch, outcome execution, production, rank, gate, size or promotion authority",TOI_Recovery_Masterplan_2026-10-03.md,K1-K9,0426631f0a2e3c7243530a2ad859c5e36857768c43d0649ab17210d1c2246be8
TOI-W3-PROPOSAL-CFG-0206,W3-C,MTF_MODEL_ADDITION,DAILY_COHORT_CONTEXT_MODEL,D1,Source-bound vol_squeeze.assess_series percentile25/minimum compression5/release window3/original range and TTM dependencies; historical price-release population retained; volume attribute separate; phenotype reconciliation pending,D,DOWN,P0_ORIGINAL_COHORT_REFERENCE,TRIGGERED_PATH,M1,One regularized discrete-time cause-model recipe or one regularized quantile-model recipe with fixed own-price/state/age/volatility/location/liquidity inputs; exact implementation pending; no hidden model/feature/penalty/calibration search,,W+D+195M-RTH,"[""TOI-W3-PROPOSAL-CFG-0069""]",Joint favorable/adverse/unresolved first-passage distribution to original fixed T; not structural-fakeout probability,One frozen proper multistate probability loss/Brier recipe; calibration,Identical held-out original raw D1 directional trigger cohort or explicitly predeclared at-risk landmarks; no policy-survivor selection; common P0 origin and expiry; exact same Daily decision clock/episodes/labels/deadline as D baseline and other context variants,10,FIRST_CAUSALLY_RECOGNIZED_FORMING_ONSET; TEN_SUBSEQUENT_COMPLETED_NATIVE_BARS; ORIGIN_EXCLUDED,21,ORIGINAL_FIRST_FEASIBLE_P0_REFERENCE; SAME_ORIGINAL_DEADLINE_ACROSS_POLICIES_CLOCKS_AND_LANDMARKS,+1 frozen trigger ATR before -1 frozen trigger ATR; unresolved retained; ATR recipe requires source binding; adverse first passage is NOT structural fakeout,"OBSERVED_PREFIX_ONLY: predeclared elapsed-age landmarks; fixed weight for each eligible occurrence at a landmark, or separately frozen equal-snapshot normalization using only eligible cases already known at that snapshot; NEVER divide by eventual surviving landmark count; preserve proper at-risk exposure; current forecasts use remaining time to fixed origin deadline","{""hidden_hyperparameter_search"":false,""learned_sector_regime_theme_industry_axis"":false,""minimum_compression"":5,""model_binding"":""REQUIRES_EXACT_PRE_OUTCOME_SOURCE_BINDING"",""model_recipe_count"":1,""original_range_TTM_dependencies"":""SOURCE_BOUND"",""percentile"":25,""phenotype"":""PRICE_RELEASE_VOLUME_ATTRIBUTE_SEPARATE_RECONCILIATION_PENDING"",""release_window"":3}",PROPOSED_NOT_REGISTERED_HOLD,"Qualified program ancestry only: S16 esx_sq_phase0 has 12 historical declared trials and report/run evidence, not 12 newly reconstructed itemized rows; S16 v1.0 accruing/unshipped does not confer new clock/direction/model/consumer authority. Def4 is a separate DRAFT 10-trial/46-cell reservation with zero canonical ledger rows at Macro 5fc7af4a1aa2510966a7b566f97e5b894f2632f8. This proposal does not claim all-time search=12+218.","BEFORE_OUTCOMES: incumbent owner review and approval; qualified corpus/cutoff/source/session/basis/rights/PIT/known-time contracts for each clock; exact occurrence and reset law; S16 phenotype reconciliation; ATR/scale and label/fill/ambiguity binding; matching/support and draw/seed rules; exact M0/M1 estimator/features/regularization/calibration binding where applicable; prefix-known landmark schedule/weights; consumer margins, costs, precision/power and sufficiency gates; exact temporal folds and untouched-evidence proof; one inferential procedure; independent acceptance; resource estimate/budget; existing-ledger registration only through a separately approved admitted carrier; Use only completed available Weekly/intraday context; 4H-CLOCK and 195M-RTH are distinct; no learned regime/sector/theme/industry axis","OFFLINE_RESEARCH_PROPOSAL_ONLY; no canonical trial ID, registration, admission, dispatch, outcome execution, production, rank, gate, size or promotion authority",TOI_Recovery_Masterplan_2026-10-03.md,K1-K9,0426631f0a2e3c7243530a2ad859c5e36857768c43d0649ab17210d1c2246be8
TOI-W3-PROPOSAL-CFG-0207,W3-C,MTF_MODEL_ADDITION,DAILY_COHORT_CONTEXT_MODEL,D1,Source-bound vol_squeeze.assess_series percentile25/minimum compression5/release window3/original range and TTM dependencies; historical price-release population retained; volume attribute separate; phenotype reconciliation pending,D,UP,P0_ORIGINAL_COHORT_REFERENCE,REMAINING_MFE,M1,One regularized discrete-time cause-model recipe or one regularized quantile-model recipe with fixed own-price/state/age/volatility/location/liquidity inputs; exact implementation pending; no hidden model/feature/penalty/calibration search,0.10,W+D+195M-RTH,"[""TOI-W3-PROPOSAL-CFG-0091""]",Current-price remaining favorable excursion quantile to the original post-trigger deadline,Pinball loss at registered quantile; diagnostic coverage/order/width checks,Identical eligible held-out current D1 landmarks with prefix-known eligibility/weights; failed/expired/stagnant original paths represented lawfully; no eventual-success matching and no eventual landmark-count denominator; exact same Daily decision clock/episodes/labels/deadline as D baseline and other context variants,10,FIRST_CAUSALLY_RECOGNIZED_FORMING_ONSET; TEN_SUBSEQUENT_COMPLETED_NATIVE_BARS; ORIGIN_EXCLUDED,21,ORIGINAL_FIRST_FEASIBLE_P0_REFERENCE; SAME_ORIGINAL_DEADLINE_ACROSS_POLICIES_CLOCKS_AND_LANDMARKS,+1 frozen trigger ATR before -1 frozen trigger ATR; unresolved retained; ATR recipe requires source binding; adverse first passage is NOT structural fakeout,"OBSERVED_PREFIX_ONLY: predeclared elapsed-age landmarks; fixed weight for each eligible occurrence at a landmark, or separately frozen equal-snapshot normalization using only eligible cases already known at that snapshot; NEVER divide by eventual surviving landmark count; preserve proper at-risk exposure; current forecasts use remaining time to fixed origin deadline","{""hidden_hyperparameter_search"":false,""learned_sector_regime_theme_industry_axis"":false,""minimum_compression"":5,""model_binding"":""REQUIRES_EXACT_PRE_OUTCOME_SOURCE_BINDING"",""model_recipe_count"":1,""original_range_TTM_dependencies"":""SOURCE_BOUND"",""percentile"":25,""phenotype"":""PRICE_RELEASE_VOLUME_ATTRIBUTE_SEPARATE_RECONCILIATION_PENDING"",""quantile"":""0.10"",""release_window"":3}",PROPOSED_NOT_REGISTERED_HOLD,"Qualified program ancestry only: S16 esx_sq_phase0 has 12 historical declared trials and report/run evidence, not 12 newly reconstructed itemized rows; S16 v1.0 accruing/unshipped does not confer new clock/direction/model/consumer authority. Def4 is a separate DRAFT 10-trial/46-cell reservation with zero canonical ledger rows at Macro 5fc7af4a1aa2510966a7b566f97e5b894f2632f8. This proposal does not claim all-time search=12+218.","BEFORE_OUTCOMES: incumbent owner review and approval; qualified corpus/cutoff/source/session/basis/rights/PIT/known-time contracts for each clock; exact occurrence and reset law; S16 phenotype reconciliation; ATR/scale and label/fill/ambiguity binding; matching/support and draw/seed rules; exact M0/M1 estimator/features/regularization/calibration binding where applicable; prefix-known landmark schedule/weights; consumer margins, costs, precision/power and sufficiency gates; exact temporal folds and untouched-evidence proof; one inferential procedure; independent acceptance; resource estimate/budget; existing-ledger registration only through a separately approved admitted carrier; Use only completed available Weekly/intraday context; 4H-CLOCK and 195M-RTH are distinct; no learned regime/sector/theme/industry axis","OFFLINE_RESEARCH_PROPOSAL_ONLY; no canonical trial ID, registration, admission, dispatch, outcome execution, production, rank, gate, size or promotion authority",TOI_Recovery_Masterplan_2026-10-03.md,K1-K9,0426631f0a2e3c7243530a2ad859c5e36857768c43d0649ab17210d1c2246be8
TOI-W3-PROPOSAL-CFG-0208,W3-C,MTF_MODEL_ADDITION,DAILY_COHORT_CONTEXT_MODEL,D1,Source-bound vol_squeeze.assess_series percentile25/minimum compression5/release window3/original range and TTM dependencies; historical price-release population retained; volume attribute separate; phenotype reconciliation pending,D,UP,P0_ORIGINAL_COHORT_REFERENCE,REMAINING_MFE,M1,One regularized discrete-time cause-model recipe or one regularized quantile-model recipe with fixed own-price/state/age/volatility/location/liquidity inputs; exact implementation pending; no hidden model/feature/penalty/calibration search,0.50,W+D+195M-RTH,"[""TOI-W3-PROPOSAL-CFG-0093""]",Current-price remaining favorable excursion quantile to the original post-trigger deadline,Pinball loss at registered quantile; diagnostic coverage/order/width checks,Identical eligible held-out current D1 landmarks with prefix-known eligibility/weights; failed/expired/stagnant original paths represented lawfully; no eventual-success matching and no eventual landmark-count denominator; exact same Daily decision clock/episodes/labels/deadline as D baseline and other context variants,10,FIRST_CAUSALLY_RECOGNIZED_FORMING_ONSET; TEN_SUBSEQUENT_COMPLETED_NATIVE_BARS; ORIGIN_EXCLUDED,21,ORIGINAL_FIRST_FEASIBLE_P0_REFERENCE; SAME_ORIGINAL_DEADLINE_ACROSS_POLICIES_CLOCKS_AND_LANDMARKS,+1 frozen trigger ATR before -1 frozen trigger ATR; unresolved retained; ATR recipe requires source binding; adverse first passage is NOT structural fakeout,"OBSERVED_PREFIX_ONLY: predeclared elapsed-age landmarks; fixed weight for each eligible occurrence at a landmark, or separately frozen equal-snapshot normalization using only eligible cases already known at that snapshot; NEVER divide by eventual surviving landmark count; preserve proper at-risk exposure; current forecasts use remaining time to fixed origin deadline","{""hidden_hyperparameter_search"":false,""learned_sector_regime_theme_industry_axis"":false,""minimum_compression"":5,""model_binding"":""REQUIRES_EXACT_PRE_OUTCOME_SOURCE_BINDING"",""model_recipe_count"":1,""original_range_TTM_dependencies"":""SOURCE_BOUND"",""percentile"":25,""phenotype"":""PRICE_RELEASE_VOLUME_ATTRIBUTE_SEPARATE_RECONCILIATION_PENDING"",""quantile"":""0.50"",""release_window"":3}",PROPOSED_NOT_REGISTERED_HOLD,"Qualified program ancestry only: S16 esx_sq_phase0 has 12 historical declared trials and report/run evidence, not 12 newly reconstructed itemized rows; S16 v1.0 accruing/unshipped does not confer new clock/direction/model/consumer authority. Def4 is a separate DRAFT 10-trial/46-cell reservation with zero canonical ledger rows at Macro 5fc7af4a1aa2510966a7b566f97e5b894f2632f8. This proposal does not claim all-time search=12+218.","BEFORE_OUTCOMES: incumbent owner review and approval; qualified corpus/cutoff/source/session/basis/rights/PIT/known-time contracts for each clock; exact occurrence and reset law; S16 phenotype reconciliation; ATR/scale and label/fill/ambiguity binding; matching/support and draw/seed rules; exact M0/M1 estimator/features/regularization/calibration binding where applicable; prefix-known landmark schedule/weights; consumer margins, costs, precision/power and sufficiency gates; exact temporal folds and untouched-evidence proof; one inferential procedure; independent acceptance; resource estimate/budget; existing-ledger registration only through a separately approved admitted carrier; Use only completed available Weekly/intraday context; 4H-CLOCK and 195M-RTH are distinct; no learned regime/sector/theme/industry axis","OFFLINE_RESEARCH_PROPOSAL_ONLY; no canonical trial ID, registration, admission, dispatch, outcome execution, production, rank, gate, size or promotion authority",TOI_Recovery_Masterplan_2026-10-03.md,K1-K9,0426631f0a2e3c7243530a2ad859c5e36857768c43d0649ab17210d1c2246be8
TOI-W3-PROPOSAL-CFG-0209,W3-C,MTF_MODEL_ADDITION,DAILY_COHORT_CONTEXT_MODEL,D1,Source-bound vol_squeeze.assess_series percentile25/minimum compression5/release window3/original range and TTM dependencies; historical price-release population retained; volume attribute separate; phenotype reconciliation pending,D,UP,P0_ORIGINAL_COHORT_REFERENCE,REMAINING_MFE,M1,One regularized discrete-time cause-model recipe or one regularized quantile-model recipe with fixed own-price/state/age/volatility/location/liquidity inputs; exact implementation pending; no hidden model/feature/penalty/calibration search,0.90,W+D+195M-RTH,"[""TOI-W3-PROPOSAL-CFG-0095""]",Current-price remaining favorable excursion quantile to the original post-trigger deadline,Pinball loss at registered quantile; diagnostic coverage/order/width checks,Identical eligible held-out current D1 landmarks with prefix-known eligibility/weights; failed/expired/stagnant original paths represented lawfully; no eventual-success matching and no eventual landmark-count denominator; exact same Daily decision clock/episodes/labels/deadline as D baseline and other context variants,10,FIRST_CAUSALLY_RECOGNIZED_FORMING_ONSET; TEN_SUBSEQUENT_COMPLETED_NATIVE_BARS; ORIGIN_EXCLUDED,21,ORIGINAL_FIRST_FEASIBLE_P0_REFERENCE; SAME_ORIGINAL_DEADLINE_ACROSS_POLICIES_CLOCKS_AND_LANDMARKS,+1 frozen trigger ATR before -1 frozen trigger ATR; unresolved retained; ATR recipe requires source binding; adverse first passage is NOT structural fakeout,"OBSERVED_PREFIX_ONLY: predeclared elapsed-age landmarks; fixed weight for each eligible occurrence at a landmark, or separately frozen equal-snapshot normalization using only eligible cases already known at that snapshot; NEVER divide by eventual surviving landmark count; preserve proper at-risk exposure; current forecasts use remaining time to fixed origin deadline","{""hidden_hyperparameter_search"":false,""learned_sector_regime_theme_industry_axis"":false,""minimum_compression"":5,""model_binding"":""REQUIRES_EXACT_PRE_OUTCOME_SOURCE_BINDING"",""model_recipe_count"":1,""original_range_TTM_dependencies"":""SOURCE_BOUND"",""percentile"":25,""phenotype"":""PRICE_RELEASE_VOLUME_ATTRIBUTE_SEPARATE_RECONCILIATION_PENDING"",""quantile"":""0.90"",""release_window"":3}",PROPOSED_NOT_REGISTERED_HOLD,"Qualified program ancestry only: S16 esx_sq_phase0 has 12 historical declared trials and report/run evidence, not 12 newly reconstructed itemized rows; S16 v1.0 accruing/unshipped does not confer new clock/direction/model/consumer authority. Def4 is a separate DRAFT 10-trial/46-cell reservation with zero canonical ledger rows at Macro 5fc7af4a1aa2510966a7b566f97e5b894f2632f8. This proposal does not claim all-time search=12+218.","BEFORE_OUTCOMES: incumbent owner review and approval; qualified corpus/cutoff/source/session/basis/rights/PIT/known-time contracts for each clock; exact occurrence and reset law; S16 phenotype reconciliation; ATR/scale and label/fill/ambiguity binding; matching/support and draw/seed rules; exact M0/M1 estimator/features/regularization/calibration binding where applicable; prefix-known landmark schedule/weights; consumer margins, costs, precision/power and sufficiency gates; exact temporal folds and untouched-evidence proof; one inferential procedure; independent acceptance; resource estimate/budget; existing-ledger registration only through a separately approved admitted carrier; Use only completed available Weekly/intraday context; 4H-CLOCK and 195M-RTH are distinct; no learned regime/sector/theme/industry axis","OFFLINE_RESEARCH_PROPOSAL_ONLY; no canonical trial ID, registration, admission, dispatch, outcome execution, production, rank, gate, size or promotion authority",TOI_Recovery_Masterplan_2026-10-03.md,K1-K9,0426631f0a2e3c7243530a2ad859c5e36857768c43d0649ab17210d1c2246be8
TOI-W3-PROPOSAL-CFG-0210,W3-C,MTF_MODEL_ADDITION,DAILY_COHORT_CONTEXT_MODEL,D1,Source-bound vol_squeeze.assess_series percentile25/minimum compression5/release window3/original range and TTM dependencies; historical price-release population retained; volume attribute separate; phenotype reconciliation pending,D,DOWN,P0_ORIGINAL_COHORT_REFERENCE,REMAINING_MFE,M1,One regularized discrete-time cause-model recipe or one regularized quantile-model recipe with fixed own-price/state/age/volatility/location/liquidity inputs; exact implementation pending; no hidden model/feature/penalty/calibration search,0.10,W+D+195M-RTH,"[""TOI-W3-PROPOSAL-CFG-0097""]",Current-price remaining favorable excursion quantile to the original post-trigger deadline,Pinball loss at registered quantile; diagnostic coverage/order/width checks,Identical eligible held-out current D1 landmarks with prefix-known eligibility/weights; failed/expired/stagnant original paths represented lawfully; no eventual-success matching and no eventual landmark-count denominator; exact same Daily decision clock/episodes/labels/deadline as D baseline and other context variants,10,FIRST_CAUSALLY_RECOGNIZED_FORMING_ONSET; TEN_SUBSEQUENT_COMPLETED_NATIVE_BARS; ORIGIN_EXCLUDED,21,ORIGINAL_FIRST_FEASIBLE_P0_REFERENCE; SAME_ORIGINAL_DEADLINE_ACROSS_POLICIES_CLOCKS_AND_LANDMARKS,+1 frozen trigger ATR before -1 frozen trigger ATR; unresolved retained; ATR recipe requires source binding; adverse first passage is NOT structural fakeout,"OBSERVED_PREFIX_ONLY: predeclared elapsed-age landmarks; fixed weight for each eligible occurrence at a landmark, or separately frozen equal-snapshot normalization using only eligible cases already known at that snapshot; NEVER divide by eventual surviving landmark count; preserve proper at-risk exposure; current forecasts use remaining time to fixed origin deadline","{""hidden_hyperparameter_search"":false,""learned_sector_regime_theme_industry_axis"":false,""minimum_compression"":5,""model_binding"":""REQUIRES_EXACT_PRE_OUTCOME_SOURCE_BINDING"",""model_recipe_count"":1,""original_range_TTM_dependencies"":""SOURCE_BOUND"",""percentile"":25,""phenotype"":""PRICE_RELEASE_VOLUME_ATTRIBUTE_SEPARATE_RECONCILIATION_PENDING"",""quantile"":""0.10"",""release_window"":3}",PROPOSED_NOT_REGISTERED_HOLD,"Qualified program ancestry only: S16 esx_sq_phase0 has 12 historical declared trials and report/run evidence, not 12 newly reconstructed itemized rows; S16 v1.0 accruing/unshipped does not confer new clock/direction/model/consumer authority. Def4 is a separate DRAFT 10-trial/46-cell reservation with zero canonical ledger rows at Macro 5fc7af4a1aa2510966a7b566f97e5b894f2632f8. This proposal does not claim all-time search=12+218.","BEFORE_OUTCOMES: incumbent owner review and approval; qualified corpus/cutoff/source/session/basis/rights/PIT/known-time contracts for each clock; exact occurrence and reset law; S16 phenotype reconciliation; ATR/scale and label/fill/ambiguity binding; matching/support and draw/seed rules; exact M0/M1 estimator/features/regularization/calibration binding where applicable; prefix-known landmark schedule/weights; consumer margins, costs, precision/power and sufficiency gates; exact temporal folds and untouched-evidence proof; one inferential procedure; independent acceptance; resource estimate/budget; existing-ledger registration only through a separately approved admitted carrier; Use only completed available Weekly/intraday context; 4H-CLOCK and 195M-RTH are distinct; no learned regime/sector/theme/industry axis","OFFLINE_RESEARCH_PROPOSAL_ONLY; no canonical trial ID, registration, admission, dispatch, outcome execution, production, rank, gate, size or promotion authority",TOI_Recovery_Masterplan_2026-10-03.md,K1-K9,0426631f0a2e3c7243530a2ad859c5e36857768c43d0649ab17210d1c2246be8
TOI-W3-PROPOSAL-CFG-0211,W3-C,MTF_MODEL_ADDITION,DAILY_COHORT_CONTEXT_MODEL,D1,Source-bound vol_squeeze.assess_series percentile25/minimum compression5/release window3/original range and TTM dependencies; historical price-release population retained; volume attribute separate; phenotype reconciliation pending,D,DOWN,P0_ORIGINAL_COHORT_REFERENCE,REMAINING_MFE,M1,One regularized discrete-time cause-model recipe or one regularized quantile-model recipe with fixed own-price/state/age/volatility/location/liquidity inputs; exact implementation pending; no hidden model/feature/penalty/calibration search,0.50,W+D+195M-RTH,"[""TOI-W3-PROPOSAL-CFG-0099""]",Current-price remaining favorable excursion quantile to the original post-trigger deadline,Pinball loss at registered quantile; diagnostic coverage/order/width checks,Identical eligible held-out current D1 landmarks with prefix-known eligibility/weights; failed/expired/stagnant original paths represented lawfully; no eventual-success matching and no eventual landmark-count denominator; exact same Daily decision clock/episodes/labels/deadline as D baseline and other context variants,10,FIRST_CAUSALLY_RECOGNIZED_FORMING_ONSET; TEN_SUBSEQUENT_COMPLETED_NATIVE_BARS; ORIGIN_EXCLUDED,21,ORIGINAL_FIRST_FEASIBLE_P0_REFERENCE; SAME_ORIGINAL_DEADLINE_ACROSS_POLICIES_CLOCKS_AND_LANDMARKS,+1 frozen trigger ATR before -1 frozen trigger ATR; unresolved retained; ATR recipe requires source binding; adverse first passage is NOT structural fakeout,"OBSERVED_PREFIX_ONLY: predeclared elapsed-age landmarks; fixed weight for each eligible occurrence at a landmark, or separately frozen equal-snapshot normalization using only eligible cases already known at that snapshot; NEVER divide by eventual surviving landmark count; preserve proper at-risk exposure; current forecasts use remaining time to fixed origin deadline","{""hidden_hyperparameter_search"":false,""learned_sector_regime_theme_industry_axis"":false,""minimum_compression"":5,""model_binding"":""REQUIRES_EXACT_PRE_OUTCOME_SOURCE_BINDING"",""model_recipe_count"":1,""original_range_TTM_dependencies"":""SOURCE_BOUND"",""percentile"":25,""phenotype"":""PRICE_RELEASE_VOLUME_ATTRIBUTE_SEPARATE_RECONCILIATION_PENDING"",""quantile"":""0.50"",""release_window"":3}",PROPOSED_NOT_REGISTERED_HOLD,"Qualified program ancestry only: S16 esx_sq_phase0 has 12 historical declared trials and report/run evidence, not 12 newly reconstructed itemized rows; S16 v1.0 accruing/unshipped does not confer new clock/direction/model/consumer authority. Def4 is a separate DRAFT 10-trial/46-cell reservation with zero canonical ledger rows at Macro 5fc7af4a1aa2510966a7b566f97e5b894f2632f8. This proposal does not claim all-time search=12+218.","BEFORE_OUTCOMES: incumbent owner review and approval; qualified corpus/cutoff/source/session/basis/rights/PIT/known-time contracts for each clock; exact occurrence and reset law; S16 phenotype reconciliation; ATR/scale and label/fill/ambiguity binding; matching/support and draw/seed rules; exact M0/M1 estimator/features/regularization/calibration binding where applicable; prefix-known landmark schedule/weights; consumer margins, costs, precision/power and sufficiency gates; exact temporal folds and untouched-evidence proof; one inferential procedure; independent acceptance; resource estimate/budget; existing-ledger registration only through a separately approved admitted carrier; Use only completed available Weekly/intraday context; 4H-CLOCK and 195M-RTH are distinct; no learned regime/sector/theme/industry axis","OFFLINE_RESEARCH_PROPOSAL_ONLY; no canonical trial ID, registration, admission, dispatch, outcome execution, production, rank, gate, size or promotion authority",TOI_Recovery_Masterplan_2026-10-03.md,K1-K9,0426631f0a2e3c7243530a2ad859c5e36857768c43d0649ab17210d1c2246be8
TOI-W3-PROPOSAL-CFG-0212,W3-C,MTF_MODEL_ADDITION,DAILY_COHORT_CONTEXT_MODEL,D1,Source-bound vol_squeeze.assess_series percentile25/minimum compression5/release window3/original range and TTM dependencies; historical price-release population retained; volume attribute separate; phenotype reconciliation pending,D,DOWN,P0_ORIGINAL_COHORT_REFERENCE,REMAINING_MFE,M1,One regularized discrete-time cause-model recipe or one regularized quantile-model recipe with fixed own-price/state/age/volatility/location/liquidity inputs; exact implementation pending; no hidden model/feature/penalty/calibration search,0.90,W+D+195M-RTH,"[""TOI-W3-PROPOSAL-CFG-0101""]",Current-price remaining favorable excursion quantile to the original post-trigger deadline,Pinball loss at registered quantile; diagnostic coverage/order/width checks,Identical eligible held-out current D1 landmarks with prefix-known eligibility/weights; failed/expired/stagnant original paths represented lawfully; no eventual-success matching and no eventual landmark-count denominator; exact same Daily decision clock/episodes/labels/deadline as D baseline and other context variants,10,FIRST_CAUSALLY_RECOGNIZED_FORMING_ONSET; TEN_SUBSEQUENT_COMPLETED_NATIVE_BARS; ORIGIN_EXCLUDED,21,ORIGINAL_FIRST_FEASIBLE_P0_REFERENCE; SAME_ORIGINAL_DEADLINE_ACROSS_POLICIES_CLOCKS_AND_LANDMARKS,+1 frozen trigger ATR before -1 frozen trigger ATR; unresolved retained; ATR recipe requires source binding; adverse first passage is NOT structural fakeout,"OBSERVED_PREFIX_ONLY: predeclared elapsed-age landmarks; fixed weight for each eligible occurrence at a landmark, or separately frozen equal-snapshot normalization using only eligible cases already known at that snapshot; NEVER divide by eventual surviving landmark count; preserve proper at-risk exposure; current forecasts use remaining time to fixed origin deadline","{""hidden_hyperparameter_search"":false,""learned_sector_regime_theme_industry_axis"":false,""minimum_compression"":5,""model_binding"":""REQUIRES_EXACT_PRE_OUTCOME_SOURCE_BINDING"",""model_recipe_count"":1,""original_range_TTM_dependencies"":""SOURCE_BOUND"",""percentile"":25,""phenotype"":""PRICE_RELEASE_VOLUME_ATTRIBUTE_SEPARATE_RECONCILIATION_PENDING"",""quantile"":""0.90"",""release_window"":3}",PROPOSED_NOT_REGISTERED_HOLD,"Qualified program ancestry only: S16 esx_sq_phase0 has 12 historical declared trials and report/run evidence, not 12 newly reconstructed itemized rows; S16 v1.0 accruing/unshipped does not confer new clock/direction/model/consumer authority. Def4 is a separate DRAFT 10-trial/46-cell reservation with zero canonical ledger rows at Macro 5fc7af4a1aa2510966a7b566f97e5b894f2632f8. This proposal does not claim all-time search=12+218.","BEFORE_OUTCOMES: incumbent owner review and approval; qualified corpus/cutoff/source/session/basis/rights/PIT/known-time contracts for each clock; exact occurrence and reset law; S16 phenotype reconciliation; ATR/scale and label/fill/ambiguity binding; matching/support and draw/seed rules; exact M0/M1 estimator/features/regularization/calibration binding where applicable; prefix-known landmark schedule/weights; consumer margins, costs, precision/power and sufficiency gates; exact temporal folds and untouched-evidence proof; one inferential procedure; independent acceptance; resource estimate/budget; existing-ledger registration only through a separately approved admitted carrier; Use only completed available Weekly/intraday context; 4H-CLOCK and 195M-RTH are distinct; no learned regime/sector/theme/industry axis","OFFLINE_RESEARCH_PROPOSAL_ONLY; no canonical trial ID, registration, admission, dispatch, outcome execution, production, rank, gate, size or promotion authority",TOI_Recovery_Masterplan_2026-10-03.md,K1-K9,0426631f0a2e3c7243530a2ad859c5e36857768c43d0649ab17210d1c2246be8
TOI-W3-PROPOSAL-CFG-0213,W3-C,MTF_MODEL_ADDITION,DAILY_COHORT_CONTEXT_MODEL,D1,Source-bound vol_squeeze.assess_series percentile25/minimum compression5/release window3/original range and TTM dependencies; historical price-release population retained; volume attribute separate; phenotype reconciliation pending,D,UP,P0_ORIGINAL_COHORT_REFERENCE,REMAINING_MAE,M1,One regularized discrete-time cause-model recipe or one regularized quantile-model recipe with fixed own-price/state/age/volatility/location/liquidity inputs; exact implementation pending; no hidden model/feature/penalty/calibration search,0.10,W+D+195M-RTH,"[""TOI-W3-PROPOSAL-CFG-0139""]",Current-price remaining adverse excursion quantile to the original post-trigger deadline,Pinball loss at registered quantile; diagnostic coverage/order/width checks,Identical eligible held-out current D1 landmarks with prefix-known eligibility/weights; failed/expired/stagnant original paths represented lawfully; no eventual-success matching and no eventual landmark-count denominator; exact same Daily decision clock/episodes/labels/deadline as D baseline and other context variants,10,FIRST_CAUSALLY_RECOGNIZED_FORMING_ONSET; TEN_SUBSEQUENT_COMPLETED_NATIVE_BARS; ORIGIN_EXCLUDED,21,ORIGINAL_FIRST_FEASIBLE_P0_REFERENCE; SAME_ORIGINAL_DEADLINE_ACROSS_POLICIES_CLOCKS_AND_LANDMARKS,+1 frozen trigger ATR before -1 frozen trigger ATR; unresolved retained; ATR recipe requires source binding; adverse first passage is NOT structural fakeout,"OBSERVED_PREFIX_ONLY: predeclared elapsed-age landmarks; fixed weight for each eligible occurrence at a landmark, or separately frozen equal-snapshot normalization using only eligible cases already known at that snapshot; NEVER divide by eventual surviving landmark count; preserve proper at-risk exposure; current forecasts use remaining time to fixed origin deadline","{""hidden_hyperparameter_search"":false,""learned_sector_regime_theme_industry_axis"":false,""minimum_compression"":5,""model_binding"":""REQUIRES_EXACT_PRE_OUTCOME_SOURCE_BINDING"",""model_recipe_count"":1,""original_range_TTM_dependencies"":""SOURCE_BOUND"",""percentile"":25,""phenotype"":""PRICE_RELEASE_VOLUME_ATTRIBUTE_SEPARATE_RECONCILIATION_PENDING"",""quantile"":""0.10"",""release_window"":3}",PROPOSED_NOT_REGISTERED_HOLD,"Qualified program ancestry only: S16 esx_sq_phase0 has 12 historical declared trials and report/run evidence, not 12 newly reconstructed itemized rows; S16 v1.0 accruing/unshipped does not confer new clock/direction/model/consumer authority. Def4 is a separate DRAFT 10-trial/46-cell reservation with zero canonical ledger rows at Macro 5fc7af4a1aa2510966a7b566f97e5b894f2632f8. This proposal does not claim all-time search=12+218.","BEFORE_OUTCOMES: incumbent owner review and approval; qualified corpus/cutoff/source/session/basis/rights/PIT/known-time contracts for each clock; exact occurrence and reset law; S16 phenotype reconciliation; ATR/scale and label/fill/ambiguity binding; matching/support and draw/seed rules; exact M0/M1 estimator/features/regularization/calibration binding where applicable; prefix-known landmark schedule/weights; consumer margins, costs, precision/power and sufficiency gates; exact temporal folds and untouched-evidence proof; one inferential procedure; independent acceptance; resource estimate/budget; existing-ledger registration only through a separately approved admitted carrier; Use only completed available Weekly/intraday context; 4H-CLOCK and 195M-RTH are distinct; no learned regime/sector/theme/industry axis","OFFLINE_RESEARCH_PROPOSAL_ONLY; no canonical trial ID, registration, admission, dispatch, outcome execution, production, rank, gate, size or promotion authority",TOI_Recovery_Masterplan_2026-10-03.md,K1-K9,0426631f0a2e3c7243530a2ad859c5e36857768c43d0649ab17210d1c2246be8
TOI-W3-PROPOSAL-CFG-0214,W3-C,MTF_MODEL_ADDITION,DAILY_COHORT_CONTEXT_MODEL,D1,Source-bound vol_squeeze.assess_series percentile25/minimum compression5/release window3/original range and TTM dependencies; historical price-release population retained; volume attribute separate; phenotype reconciliation pending,D,UP,P0_ORIGINAL_COHORT_REFERENCE,REMAINING_MAE,M1,One regularized discrete-time cause-model recipe or one regularized quantile-model recipe with fixed own-price/state/age/volatility/location/liquidity inputs; exact implementation pending; no hidden model/feature/penalty/calibration search,0.50,W+D+195M-RTH,"[""TOI-W3-PROPOSAL-CFG-0141""]",Current-price remaining adverse excursion quantile to the original post-trigger deadline,Pinball loss at registered quantile; diagnostic coverage/order/width checks,Identical eligible held-out current D1 landmarks with prefix-known eligibility/weights; failed/expired/stagnant original paths represented lawfully; no eventual-success matching and no eventual landmark-count denominator; exact same Daily decision clock/episodes/labels/deadline as D baseline and other context variants,10,FIRST_CAUSALLY_RECOGNIZED_FORMING_ONSET; TEN_SUBSEQUENT_COMPLETED_NATIVE_BARS; ORIGIN_EXCLUDED,21,ORIGINAL_FIRST_FEASIBLE_P0_REFERENCE; SAME_ORIGINAL_DEADLINE_ACROSS_POLICIES_CLOCKS_AND_LANDMARKS,+1 frozen trigger ATR before -1 frozen trigger ATR; unresolved retained; ATR recipe requires source binding; adverse first passage is NOT structural fakeout,"OBSERVED_PREFIX_ONLY: predeclared elapsed-age landmarks; fixed weight for each eligible occurrence at a landmark, or separately frozen equal-snapshot normalization using only eligible cases already known at that snapshot; NEVER divide by eventual surviving landmark count; preserve proper at-risk exposure; current forecasts use remaining time to fixed origin deadline","{""hidden_hyperparameter_search"":false,""learned_sector_regime_theme_industry_axis"":false,""minimum_compression"":5,""model_binding"":""REQUIRES_EXACT_PRE_OUTCOME_SOURCE_BINDING"",""model_recipe_count"":1,""original_range_TTM_dependencies"":""SOURCE_BOUND"",""percentile"":25,""phenotype"":""PRICE_RELEASE_VOLUME_ATTRIBUTE_SEPARATE_RECONCILIATION_PENDING"",""quantile"":""0.50"",""release_window"":3}",PROPOSED_NOT_REGISTERED_HOLD,"Qualified program ancestry only: S16 esx_sq_phase0 has 12 historical declared trials and report/run evidence, not 12 newly reconstructed itemized rows; S16 v1.0 accruing/unshipped does not confer new clock/direction/model/consumer authority. Def4 is a separate DRAFT 10-trial/46-cell reservation with zero canonical ledger rows at Macro 5fc7af4a1aa2510966a7b566f97e5b894f2632f8. This proposal does not claim all-time search=12+218.","BEFORE_OUTCOMES: incumbent owner review and approval; qualified corpus/cutoff/source/session/basis/rights/PIT/known-time contracts for each clock; exact occurrence and reset law; S16 phenotype reconciliation; ATR/scale and label/fill/ambiguity binding; matching/support and draw/seed rules; exact M0/M1 estimator/features/regularization/calibration binding where applicable; prefix-known landmark schedule/weights; consumer margins, costs, precision/power and sufficiency gates; exact temporal folds and untouched-evidence proof; one inferential procedure; independent acceptance; resource estimate/budget; existing-ledger registration only through a separately approved admitted carrier; Use only completed available Weekly/intraday context; 4H-CLOCK and 195M-RTH are distinct; no learned regime/sector/theme/industry axis","OFFLINE_RESEARCH_PROPOSAL_ONLY; no canonical trial ID, registration, admission, dispatch, outcome execution, production, rank, gate, size or promotion authority",TOI_Recovery_Masterplan_2026-10-03.md,K1-K9,0426631f0a2e3c7243530a2ad859c5e36857768c43d0649ab17210d1c2246be8
TOI-W3-PROPOSAL-CFG-0215,W3-C,MTF_MODEL_ADDITION,DAILY_COHORT_CONTEXT_MODEL,D1,Source-bound vol_squeeze.assess_series percentile25/minimum compression5/release window3/original range and TTM dependencies; historical price-release population retained; volume attribute separate; phenotype reconciliation pending,D,UP,P0_ORIGINAL_COHORT_REFERENCE,REMAINING_MAE,M1,One regularized discrete-time cause-model recipe or one regularized quantile-model recipe with fixed own-price/state/age/volatility/location/liquidity inputs; exact implementation pending; no hidden model/feature/penalty/calibration search,0.90,W+D+195M-RTH,"[""TOI-W3-PROPOSAL-CFG-0143""]",Current-price remaining adverse excursion quantile to the original post-trigger deadline,Pinball loss at registered quantile; diagnostic coverage/order/width checks,Identical eligible held-out current D1 landmarks with prefix-known eligibility/weights; failed/expired/stagnant original paths represented lawfully; no eventual-success matching and no eventual landmark-count denominator; exact same Daily decision clock/episodes/labels/deadline as D baseline and other context variants,10,FIRST_CAUSALLY_RECOGNIZED_FORMING_ONSET; TEN_SUBSEQUENT_COMPLETED_NATIVE_BARS; ORIGIN_EXCLUDED,21,ORIGINAL_FIRST_FEASIBLE_P0_REFERENCE; SAME_ORIGINAL_DEADLINE_ACROSS_POLICIES_CLOCKS_AND_LANDMARKS,+1 frozen trigger ATR before -1 frozen trigger ATR; unresolved retained; ATR recipe requires source binding; adverse first passage is NOT structural fakeout,"OBSERVED_PREFIX_ONLY: predeclared elapsed-age landmarks; fixed weight for each eligible occurrence at a landmark, or separately frozen equal-snapshot normalization using only eligible cases already known at that snapshot; NEVER divide by eventual surviving landmark count; preserve proper at-risk exposure; current forecasts use remaining time to fixed origin deadline","{""hidden_hyperparameter_search"":false,""learned_sector_regime_theme_industry_axis"":false,""minimum_compression"":5,""model_binding"":""REQUIRES_EXACT_PRE_OUTCOME_SOURCE_BINDING"",""model_recipe_count"":1,""original_range_TTM_dependencies"":""SOURCE_BOUND"",""percentile"":25,""phenotype"":""PRICE_RELEASE_VOLUME_ATTRIBUTE_SEPARATE_RECONCILIATION_PENDING"",""quantile"":""0.90"",""release_window"":3}",PROPOSED_NOT_REGISTERED_HOLD,"Qualified program ancestry only: S16 esx_sq_phase0 has 12 historical declared trials and report/run evidence, not 12 newly reconstructed itemized rows; S16 v1.0 accruing/unshipped does not confer new clock/direction/model/consumer authority. Def4 is a separate DRAFT 10-trial/46-cell reservation with zero canonical ledger rows at Macro 5fc7af4a1aa2510966a7b566f97e5b894f2632f8. This proposal does not claim all-time search=12+218.","BEFORE_OUTCOMES: incumbent owner review and approval; qualified corpus/cutoff/source/session/basis/rights/PIT/known-time contracts for each clock; exact occurrence and reset law; S16 phenotype reconciliation; ATR/scale and label/fill/ambiguity binding; matching/support and draw/seed rules; exact M0/M1 estimator/features/regularization/calibration binding where applicable; prefix-known landmark schedule/weights; consumer margins, costs, precision/power and sufficiency gates; exact temporal folds and untouched-evidence proof; one inferential procedure; independent acceptance; resource estimate/budget; existing-ledger registration only through a separately approved admitted carrier; Use only completed available Weekly/intraday context; 4H-CLOCK and 195M-RTH are distinct; no learned regime/sector/theme/industry axis","OFFLINE_RESEARCH_PROPOSAL_ONLY; no canonical trial ID, registration, admission, dispatch, outcome execution, production, rank, gate, size or promotion authority",TOI_Recovery_Masterplan_2026-10-03.md,K1-K9,0426631f0a2e3c7243530a2ad859c5e36857768c43d0649ab17210d1c2246be8
TOI-W3-PROPOSAL-CFG-0216,W3-C,MTF_MODEL_ADDITION,DAILY_COHORT_CONTEXT_MODEL,D1,Source-bound vol_squeeze.assess_series percentile25/minimum compression5/release window3/original range and TTM dependencies; historical price-release population retained; volume attribute separate; phenotype reconciliation pending,D,DOWN,P0_ORIGINAL_COHORT_REFERENCE,REMAINING_MAE,M1,One regularized discrete-time cause-model recipe or one regularized quantile-model recipe with fixed own-price/state/age/volatility/location/liquidity inputs; exact implementation pending; no hidden model/feature/penalty/calibration search,0.10,W+D+195M-RTH,"[""TOI-W3-PROPOSAL-CFG-0145""]",Current-price remaining adverse excursion quantile to the original post-trigger deadline,Pinball loss at registered quantile; diagnostic coverage/order/width checks,Identical eligible held-out current D1 landmarks with prefix-known eligibility/weights; failed/expired/stagnant original paths represented lawfully; no eventual-success matching and no eventual landmark-count denominator; exact same Daily decision clock/episodes/labels/deadline as D baseline and other context variants,10,FIRST_CAUSALLY_RECOGNIZED_FORMING_ONSET; TEN_SUBSEQUENT_COMPLETED_NATIVE_BARS; ORIGIN_EXCLUDED,21,ORIGINAL_FIRST_FEASIBLE_P0_REFERENCE; SAME_ORIGINAL_DEADLINE_ACROSS_POLICIES_CLOCKS_AND_LANDMARKS,+1 frozen trigger ATR before -1 frozen trigger ATR; unresolved retained; ATR recipe requires source binding; adverse first passage is NOT structural fakeout,"OBSERVED_PREFIX_ONLY: predeclared elapsed-age landmarks; fixed weight for each eligible occurrence at a landmark, or separately frozen equal-snapshot normalization using only eligible cases already known at that snapshot; NEVER divide by eventual surviving landmark count; preserve proper at-risk exposure; current forecasts use remaining time to fixed origin deadline","{""hidden_hyperparameter_search"":false,""learned_sector_regime_theme_industry_axis"":false,""minimum_compression"":5,""model_binding"":""REQUIRES_EXACT_PRE_OUTCOME_SOURCE_BINDING"",""model_recipe_count"":1,""original_range_TTM_dependencies"":""SOURCE_BOUND"",""percentile"":25,""phenotype"":""PRICE_RELEASE_VOLUME_ATTRIBUTE_SEPARATE_RECONCILIATION_PENDING"",""quantile"":""0.10"",""release_window"":3}",PROPOSED_NOT_REGISTERED_HOLD,"Qualified program ancestry only: S16 esx_sq_phase0 has 12 historical declared trials and report/run evidence, not 12 newly reconstructed itemized rows; S16 v1.0 accruing/unshipped does not confer new clock/direction/model/consumer authority. Def4 is a separate DRAFT 10-trial/46-cell reservation with zero canonical ledger rows at Macro 5fc7af4a1aa2510966a7b566f97e5b894f2632f8. This proposal does not claim all-time search=12+218.","BEFORE_OUTCOMES: incumbent owner review and approval; qualified corpus/cutoff/source/session/basis/rights/PIT/known-time contracts for each clock; exact occurrence and reset law; S16 phenotype reconciliation; ATR/scale and label/fill/ambiguity binding; matching/support and draw/seed rules; exact M0/M1 estimator/features/regularization/calibration binding where applicable; prefix-known landmark schedule/weights; consumer margins, costs, precision/power and sufficiency gates; exact temporal folds and untouched-evidence proof; one inferential procedure; independent acceptance; resource estimate/budget; existing-ledger registration only through a separately approved admitted carrier; Use only completed available Weekly/intraday context; 4H-CLOCK and 195M-RTH are distinct; no learned regime/sector/theme/industry axis","OFFLINE_RESEARCH_PROPOSAL_ONLY; no canonical trial ID, registration, admission, dispatch, outcome execution, production, rank, gate, size or promotion authority",TOI_Recovery_Masterplan_2026-10-03.md,K1-K9,0426631f0a2e3c7243530a2ad859c5e36857768c43d0649ab17210d1c2246be8
TOI-W3-PROPOSAL-CFG-0217,W3-C,MTF_MODEL_ADDITION,DAILY_COHORT_CONTEXT_MODEL,D1,Source-bound vol_squeeze.assess_series percentile25/minimum compression5/release window3/original range and TTM dependencies; historical price-release population retained; volume attribute separate; phenotype reconciliation pending,D,DOWN,P0_ORIGINAL_COHORT_REFERENCE,REMAINING_MAE,M1,One regularized discrete-time cause-model recipe or one regularized quantile-model recipe with fixed own-price/state/age/volatility/location/liquidity inputs; exact implementation pending; no hidden model/feature/penalty/calibration search,0.50,W+D+195M-RTH,"[""TOI-W3-PROPOSAL-CFG-0147""]",Current-price remaining adverse excursion quantile to the original post-trigger deadline,Pinball loss at registered quantile; diagnostic coverage/order/width checks,Identical eligible held-out current D1 landmarks with prefix-known eligibility/weights; failed/expired/stagnant original paths represented lawfully; no eventual-success matching and no eventual landmark-count denominator; exact same Daily decision clock/episodes/labels/deadline as D baseline and other context variants,10,FIRST_CAUSALLY_RECOGNIZED_FORMING_ONSET; TEN_SUBSEQUENT_COMPLETED_NATIVE_BARS; ORIGIN_EXCLUDED,21,ORIGINAL_FIRST_FEASIBLE_P0_REFERENCE; SAME_ORIGINAL_DEADLINE_ACROSS_POLICIES_CLOCKS_AND_LANDMARKS,+1 frozen trigger ATR before -1 frozen trigger ATR; unresolved retained; ATR recipe requires source binding; adverse first passage is NOT structural fakeout,"OBSERVED_PREFIX_ONLY: predeclared elapsed-age landmarks; fixed weight for each eligible occurrence at a landmark, or separately frozen equal-snapshot normalization using only eligible cases already known at that snapshot; NEVER divide by eventual surviving landmark count; preserve proper at-risk exposure; current forecasts use remaining time to fixed origin deadline","{""hidden_hyperparameter_search"":false,""learned_sector_regime_theme_industry_axis"":false,""minimum_compression"":5,""model_binding"":""REQUIRES_EXACT_PRE_OUTCOME_SOURCE_BINDING"",""model_recipe_count"":1,""original_range_TTM_dependencies"":""SOURCE_BOUND"",""percentile"":25,""phenotype"":""PRICE_RELEASE_VOLUME_ATTRIBUTE_SEPARATE_RECONCILIATION_PENDING"",""quantile"":""0.50"",""release_window"":3}",PROPOSED_NOT_REGISTERED_HOLD,"Qualified program ancestry only: S16 esx_sq_phase0 has 12 historical declared trials and report/run evidence, not 12 newly reconstructed itemized rows; S16 v1.0 accruing/unshipped does not confer new clock/direction/model/consumer authority. Def4 is a separate DRAFT 10-trial/46-cell reservation with zero canonical ledger rows at Macro 5fc7af4a1aa2510966a7b566f97e5b894f2632f8. This proposal does not claim all-time search=12+218.","BEFORE_OUTCOMES: incumbent owner review and approval; qualified corpus/cutoff/source/session/basis/rights/PIT/known-time contracts for each clock; exact occurrence and reset law; S16 phenotype reconciliation; ATR/scale and label/fill/ambiguity binding; matching/support and draw/seed rules; exact M0/M1 estimator/features/regularization/calibration binding where applicable; prefix-known landmark schedule/weights; consumer margins, costs, precision/power and sufficiency gates; exact temporal folds and untouched-evidence proof; one inferential procedure; independent acceptance; resource estimate/budget; existing-ledger registration only through a separately approved admitted carrier; Use only completed available Weekly/intraday context; 4H-CLOCK and 195M-RTH are distinct; no learned regime/sector/theme/industry axis","OFFLINE_RESEARCH_PROPOSAL_ONLY; no canonical trial ID, registration, admission, dispatch, outcome execution, production, rank, gate, size or promotion authority",TOI_Recovery_Masterplan_2026-10-03.md,K1-K9,0426631f0a2e3c7243530a2ad859c5e36857768c43d0649ab17210d1c2246be8
TOI-W3-PROPOSAL-CFG-0218,W3-C,MTF_MODEL_ADDITION,DAILY_COHORT_CONTEXT_MODEL,D1,Source-bound vol_squeeze.assess_series percentile25/minimum compression5/release window3/original range and TTM dependencies; historical price-release population retained; volume attribute separate; phenotype reconciliation pending,D,DOWN,P0_ORIGINAL_COHORT_REFERENCE,REMAINING_MAE,M1,One regularized discrete-time cause-model recipe or one regularized quantile-model recipe with fixed own-price/state/age/volatility/location/liquidity inputs; exact implementation pending; no hidden model/feature/penalty/calibration search,0.90,W+D+195M-RTH,"[""TOI-W3-PROPOSAL-CFG-0149""]",Current-price remaining adverse excursion quantile to the original post-trigger deadline,Pinball loss at registered quantile; diagnostic coverage/order/width checks,Identical eligible held-out current D1 landmarks with prefix-known eligibility/weights; failed/expired/stagnant original paths represented lawfully; no eventual-success matching and no eventual landmark-count denominator; exact same Daily decision clock/episodes/labels/deadline as D baseline and other context variants,10,FIRST_CAUSALLY_RECOGNIZED_FORMING_ONSET; TEN_SUBSEQUENT_COMPLETED_NATIVE_BARS; ORIGIN_EXCLUDED,21,ORIGINAL_FIRST_FEASIBLE_P0_REFERENCE; SAME_ORIGINAL_DEADLINE_ACROSS_POLICIES_CLOCKS_AND_LANDMARKS,+1 frozen trigger ATR before -1 frozen trigger ATR; unresolved retained; ATR recipe requires source binding; adverse first passage is NOT structural fakeout,"OBSERVED_PREFIX_ONLY: predeclared elapsed-age landmarks; fixed weight for each eligible occurrence at a landmark, or separately frozen equal-snapshot normalization using only eligible cases already known at that snapshot; NEVER divide by eventual surviving landmark count; preserve proper at-risk exposure; current forecasts use remaining time to fixed origin deadline","{""hidden_hyperparameter_search"":false,""learned_sector_regime_theme_industry_axis"":false,""minimum_compression"":5,""model_binding"":""REQUIRES_EXACT_PRE_OUTCOME_SOURCE_BINDING"",""model_recipe_count"":1,""original_range_TTM_dependencies"":""SOURCE_BOUND"",""percentile"":25,""phenotype"":""PRICE_RELEASE_VOLUME_ATTRIBUTE_SEPARATE_RECONCILIATION_PENDING"",""quantile"":""0.90"",""release_window"":3}",PROPOSED_NOT_REGISTERED_HOLD,"Qualified program ancestry only: S16 esx_sq_phase0 has 12 historical declared trials and report/run evidence, not 12 newly reconstructed itemized rows; S16 v1.0 accruing/unshipped does not confer new clock/direction/model/consumer authority. Def4 is a separate DRAFT 10-trial/46-cell reservation with zero canonical ledger rows at Macro 5fc7af4a1aa2510966a7b566f97e5b894f2632f8. This proposal does not claim all-time search=12+218.","BEFORE_OUTCOMES: incumbent owner review and approval; qualified corpus/cutoff/source/session/basis/rights/PIT/known-time contracts for each clock; exact occurrence and reset law; S16 phenotype reconciliation; ATR/scale and label/fill/ambiguity binding; matching/support and draw/seed rules; exact M0/M1 estimator/features/regularization/calibration binding where applicable; prefix-known landmark schedule/weights; consumer margins, costs, precision/power and sufficiency gates; exact temporal folds and untouched-evidence proof; one inferential procedure; independent acceptance; resource estimate/budget; existing-ledger registration only through a separately approved admitted carrier; Use only completed available Weekly/intraday context; 4H-CLOCK and 195M-RTH are distinct; no learned regime/sector/theme/industry axis","OFFLINE_RESEARCH_PROPOSAL_ONLY; no canonical trial ID, registration, admission, dispatch, outcome execution, production, rank, gate, size or promotion authority",TOI_Recovery_Masterplan_2026-10-03.md,K1-K9,0426631f0a2e3c7243530a2ad859c5e36857768c43d0649ab17210d1c2246be8
