date,SPY,QQQ,RSP,SMH,IGV,XLV,RSPH,XLF,XLP,XLE,MAGS,EWY,XBI,IBB,WM,MCK,GILD,REGN,BMY,VEEV,CME,ICE,CB,PGR,UNH,MSFT,AMZN,META,AAPL,NVDA,GOOGL,MU,WDC,KO,JNJ
2023-01-03,364.13397216796875,259.18389892578125,133.10325622558594,99.33597564697266,51.26253890991211,127.7940902709961,28.112899780273438,32.42304992675781,67.64972686767578,37.606468200683594,,51.599613189697266,81.01533508300781,128.88192749023438,148.6340789794922,368.1684265136719,75.90560150146484,714.5680541992188,61.20204162597656,159.6199951171875,146.78302001953125,98.60624694824219,211.532470703125,118.695556640625,484.42547607421875,232.94825744628906,85.81999969482422,123.65412902832031,122.98271942138672,14.283263206481934,88.33670043945312,49.61948013305664,23.6332950592041,56.7598876953125,160.87057495117188
2023-01-04,366.9450988769531,260.4186706542969,135.1782989501953,101.8615493774414,51.61644744873047,128.13372802734375,28.419132232666016,32.942657470703125,67.91387939453125,37.602012634277344,,53.638275146484375,82.71454620361328,130.5370635986328,148.52049255371094,367.85369873046875,76.00338745117188,720.5388793945312,61.50695037841797,166.42999267578125,147.76475524902344,99.27489471435547,215.01058959960938,119.69882202148438,471.21832275390625,222.7583770751953,85.13999938964844,126.26123046875,124.2511978149414,14.716300010681152,87.30584716796875,53.39241027832031,24.86725425720215,56.732852935791016,162.62203979492188
2023-01-05,362.757080078125,256.34197998046875,133.77293395996094,100.03643035888672,49.956886291503906,126.8223648071289,28.168489456176758,32.6970329284668,67.23072052001953,38.2881965637207,,53.07042694091797,81.99908447265625,130.64610290527344,145.65249633789062,367.8930358886719,76.31451416015625,717.8311157226562,61.395965576171875,161.1199951171875,147.47804260253906,97.9853744506836,214.2057342529297,120.0547866821289,457.6374816894531,216.15631103515625,83.12000274658203,125.83496856689453,122.93354797363281,14.23337459564209,85.44235229492188,53.894813537597656,26.50751304626465,56.08364486694336,161.4213104248047
2023-01-06,371.0758361816406,263.4173583984375,136.97979736328125,104.41178894042969,50.700687408447266,127.99219512939453,28.409379959106445,33.42447280883789,69.02513122558594,39.01447677612305,,55.75141143798828,82.63504791259766,131.95431518554688,150.96255493164062,379.69549560546875,78.29682159423828,731.1115112304688,62.317928314208984,159.61000061035156,152.11744689941406,100.20145416259766,219.2839813232422,122.8660888671875,457.6748962402344,218.7037811279297,86.08000183105469,128.88816833496094,127.45679473876953,14.826056480407715,86.57233428955078,55.92411422729492,27.967191696166992,57.165645599365234,162.73037719726562
2023-01-09,370.865478515625,265.1225891113281,137.03634643554688,106.68578338623047,51.74641418457031,125.85063934326172,28.171417236328125,33.30165100097656,68.3510971069336,38.87635803222656,,56.924339294433594,80.75698852539062,129.11978149414062,149.7793731689453,375.67279052734375,75.64781951904297,674.9156494140625,60.619144439697266,161.0800018310547,152.73426818847656,100.5262222290039,214.1578369140625,120.492919921875,457.7309265136719,220.83316040039062,87.36000061035156,128.34292602539062,127.97794342041016,15.593351364135742,87.24635314941406,55.520233154296875,28.28321075439453,56.45332717895508,158.51425170898438
2023-01-10,373.4662780761719,267.3666687011719,138.06446838378906,108.07189178466797,51.79840087890625,126.90730285644531,28.516658782958984,33.490604400634766,68.260009765625,39.15261459350586,,57.11051940917969,83.05241394042969,132.0435333251953,146.62741088867188,376.37115478515625,77.46123504638672,693.224365234375,61.16548156738281,161.1999969482422,154.21124267578125,101.87306213378906,215.3651123046875,121.41477966308594,453.9387512207031,222.51528930664062,89.87000274658203,131.83230590820312,128.5482635498047,15.873730659484863,87.64285278320312,56.35756301879883,28.719606399536133,56.02052688598633,158.13510131835938
2023-01-11,378.18988037109375,271.9921875,139.7433319091797,109.33961486816406,52.62617874145508,127.62428283691406,28.761449813842773,33.80236053466797,68.29644775390625,39.272911071777344,,57.25946044921875,83.84733581542969,132.79678344726562,148.59619140625,374.5318908691406,77.50567626953125,704.1243896484375,61.413063049316406,165.30999755859375,152.59527587890625,103.82170104980469,215.21180725097656,120.71197509765625,460.8506164550781,229.24371337890625,95.08999633789062,131.73318481445312,131.26220703125,15.965521812438965,90.7155990600586,57.19489669799805,28.907711029052734,55.912330627441406,157.88229370117188
2023-01-12,379.5667724609375,273.4620666503906,140.27149963378906,110.97728729248047,53.044071197509766,127.21862030029297,28.61515998840332,33.868492126464844,67.75901794433594,40.021484375,,57.67836380004883,87.36500549316406,133.90675354003906,144.51663208007812,374.5712585449219,76.1989517211914,708.7164306640625,61.122802734375,162.57000732421875,153.5248565673828,104.14646911621094,216.160400390625,121.34178161621094,462.9708251953125,231.9078826904297,95.2699966430664,135.51992797851562,131.18353271484375,16.474397659301758,90.32902526855469,56.41666793823242,28.561603546142578,55.19099807739258,157.08782958984375
2023-01-13,381.03924560546875,275.34368896484375,140.6016387939453,111.37683868408203,53.19203567504883,127.78465270996094,28.815093994140625,34.12356185913086,68.07781982421875,40.07939910888672,,58.1065788269043,87.32524871826172,135.01678466796875,145.94589233398438,375.52532958984375,76.68785095214844,716.2145385742188,61.89965057373047,164.24000549316406,152.577880859375,102.80917358398438,217.68385314941406,121.98981475830078,457.2732238769531,232.60792541503906,98.12000274658203,135.78758239746094,132.51100158691406,16.861530303955078,91.31033325195312,56.081729888916016,28.004817962646484,55.38935852050781,156.5732421875
2023-01-17,380.3412170410156,275.9023132324219,140.29037475585938,112.037841796875,53.37199020385742,127.1903076171875,28.76242446899414,33.89684295654297,68.12337493896484,40.164066314697266,,57.948326110839844,86.31170654296875,135.06634521484375,146.11630249023438,377.157958984375,75.92339324951172,722.1455688476562,61.72888946533203,163.6300048828125,152.8993377685547,102.5990219116211,215.23097229003906,119.28807067871094,453.0794982910156,233.6969451904297,96.05000305175781,134.1816864013672,133.6713104248047,17.662755966186523,90.48762512207031,56.0029182434082,28.08005714416504,55.61478042602539,155.6072540283203
2023-01-18,374.3364562988281,272.3155517578125,138.13047790527344,111.33739471435547,52.70416259765625,125.3978271484375,28.491304397583008,33.26386642456055,66.26520538330078,39.428863525390625,,57.08259201049805,85.238525390625,134.055419921875,142.83180236816406,372.1714172363281,74.4388656616211,718.61474609375,61.58378982543945,160.27000427246094,152.71688842773438,102.84738159179688,211.34088134765625,117.04267120361328,444.8226318359375,229.28260803222656,95.45999908447266,131.86204528808594,132.95347595214844,17.338478088378906,90.3191146850586,55.667991638183594,28.192916870117188,53.92866516113281,153.2599334716797
2023-01-19,371.6112976074219,269.6402587890625,136.70626831054688,108.614501953125,52.308265686035156,125.69971466064453,28.505931854248047,32.87652587890625,65.63671875,39.91899490356445,,57.87385177612305,84.3541488647461,132.8562469482422,142.4437713623047,372.48614501953125,74.33219909667969,709.708251953125,62.95819091796875,158.27000427246094,151.405029296875,102.13096618652344,210.0760955810547,114.9342269897461,452.40692138671875,225.5100555419922,93.68000030517578,134.96478271484375,133.0124969482422,16.727828979492188,92.23216247558594,55.520233154296875,28.253110885620117,53.847511291503906,153.05230712890625
2023-01-20,378.5341491699219,277.01947021484375,139.08309936523438,112.1463623046875,53.99382400512695,126.331787109375,28.818017959594727,33.3961296081543,66.14680480957031,40.3155632019043,,58.86991500854492,86.44086456298828,134.26356506347656,143.9298095703125,371.81732177734375,73.78994750976562,716.0855712890625,63.299659729003906,162.44000244140625,152.0913543701172,103.62110137939453,211.20668029785156,116.49504852294922,454.6112365722656,233.57054138183594,97.25,138.1567840576172,135.569091796875,17.799449920654297,97.1584701538086,57.588932037353516,28.937808990478516,54.1721076965332,152.33909606933594
2023-01-23,383.0759582519531,283.1736755371094,140.8468475341797,117.43428039550781,55.233497619628906,126.7657699584961,29.094987869262695,33.783470153808594,66.35630798339844,40.36902618408203,,59.48430633544922,86.60980987548828,135.57183837890625,144.50718688964844,368.85687255859375,73.98552703857422,723.9307250976562,62.539886474609375,168.6999969482422,151.48321533203125,103.80258178710938,214.2344970703125,116.029541015625,453.76129150390625,235.865234375,97.5199966430664,142.0228271484375,138.75502014160156,19.150447845458984,98.91291809082031,60.89887619018555,31.443344116210938,54.30736541748047,151.9508819580078
2023-01-24,382.6648254394531,282.5954895019531,140.51675415039062,116.60063934326172,54.881591796875,125.9261245727539,28.745845794677734,33.80236053466797,66.62955474853516,40.213077545166016,,59.30743408203125,88.25933074951172,135.56190490722656,144.12860107421875,370.30267333984375,74.68777465820312,721.5106811523438,61.7545166015625,168.08999633789062,150.4145965576172,101.490966796875,218.79531860351562,117.91895294189453,459.1692810058594,235.3401641845703,96.31999969482422,141.8939666748047,140.1513214111328,19.222288131713867,96.8412857055664,60.34721374511719,30.924179077148438,54.59590148925781,151.9508819580078
2023-01-25,382.8082580566406,281.9682922363281,140.83746337890625,116.71902465820312,54.78761291503906,125.96388244628906,28.749744415283203,34.06688690185547,66.79351806640625,40.2175407409668,,59.44707107543945,88.33882904052734,135.57183837890625,144.92369079589844,369.8601379394531,74.73221588134766,735.1084594726562,62.463069915771484,170.1699981689453,150.6317901611328,101.7202377319336,220.15589904785156,123.65106964111328,460.010009765625,233.9497528076172,97.18000030517578,140.2682342529297,139.49249267578125,19.280162811279297,94.38309478759766,60.623046875,31.082183837890625,54.93852615356445,153.0342559814453
2023-01-26,387.0154113769531,287.4660339355469,141.96923828125,118.81051635742188,56.14326095581055,126.19973754882812,28.99064064025879,34.24638748168945,66.55669403076172,41.4874267578125,,60.592071533203125,88.03076934814453,135.9384765625,144.3462677001953,377.7972717285156,74.33219909667969,736.2191772460938,62.30939865112305,169.99000549316406,153.5770263671875,103.3440933227539,221.43984985351562,123.13993072509766,459.9913330078125,241.13519287109375,99.22000122070312,146.0177459716797,141.55747985839844,19.758098602294922,96.66287231445312,61.86426544189453,32.92559814453125,54.8303337097168,152.47451782226562
2023-01-27,387.90472412109375,290.3274841308594,142.23338317871094,118.03113555908203,56.423187255859375,125.34121704101562,28.96137809753418,34.24638748168945,66.36541748046875,40.64974594116211,,60.88996505737305,88.82573699951172,136.0078887939453,144.4503936767578,372.9582214355469,74.42998504638672,736.744873046875,61.848419189453125,171.4499969482422,152.62998962402344,103.10528564453125,217.8179931640625,123.28597259521484,453.98541259765625,241.290771484375,102.23999786376953,150.41905212402344,143.4945831298828,20.319847106933594,98.49662017822266,62.9183235168457,33.83601379394531,54.54179382324219,151.87864685058594
2023-01-30,383.0376892089844,284.4574279785156,140.7242431640625,115.20466613769531,55.45943832397461,124.2091293334961,28.66587257385254,34.076332092285156,66.4473876953125,39.71848678588867,,59.54947280883789,86.55018615722656,133.5995330810547,144.91419982910156,372.4566345214844,74.09217071533203,730.4271240234375,61.489871978759766,170.5399932861328,152.873291015625,101.88262176513672,216.6107177734375,123.58715057373047,453.74261474609375,235.99163818359375,100.55000305175781,145.77980041503906,140.6134796142578,19.11952018737793,96.08796691894531,60.7905158996582,33.2867546081543,54.67704391479492,146.25421142578125
2023-01-31,388.6696472167969,288.7203674316406,143.1105194091797,116.95580291748047,56.37919998168945,125.81293487548828,28.980880737304688,34.53925704956055,67.16695404052734,40.070491790771484,,59.084022521972656,88.33882904052734,135.3339385986328,146.4570770263672,372.44677734375,74.61665344238281,752.2567749023438,62.0191535949707,170.5500030517578,153.48146057128906,102.7327651977539,217.97129821777344,124.4543228149414,466.2586364746094,240.950439453125,103.12999725341797,147.6732177734375,141.8819580078125,19.49368667602539,97.97125244140625,59.401519775390625,33.06855773925781,55.29018020629883,147.53616333007812
2023-02-01,392.80035400390625,294.8941955566406,144.57247924804688,122.47062683105469,57.98677444458008,126.40725708007812,29.295894622802734,34.53925704956055,67.70438385009766,39.281829833984375,,60.61069107055664,89.17351531982422,135.4925537109375,146.15415954589844,364.8736267089844,74.66997528076172,751.7906494140625,60.806949615478516,173.3699951171875,152.50840759277344,104.12736511230469,204.50918579101562,125.94206237792969,464.2131042480469,245.75372314453125,105.1500015258789,151.7870635986328,143.00291442871094,20.89657211303711,99.54730224609375,61.6672477722168,32.59453582763672,55.2991943359375,148.890380859375
2023-02-02,398.518310546875,305.4779357910156,146.15704345703125,125.08992004394531,59.43639373779297,125.54878997802734,29.63918685913086,34.63372039794922,67.12142181396484,38.3862190246582,,60.60137939453125,91.38945007324219,135.94845581054688,142.30174255371094,360.4476623535156,72.34989166259766,745.0463256835938,62.121585845947266,181.0800018310547,152.90806579589844,103.47781372070312,201.3760223388672,123.19467163085938,439.7695007324219,257.2757263183594,112.91000366210938,187.12673950195312,148.30296325683594,21.660865783691406,106.79302215576172,62.228755950927734,33.542572021484375,54.352439880371094,149.45008850097656
2023-02-03,394.2823486328125,300.0488586425781,144.36495971679688,122.79125213623047,57.784828186035156,125.18083953857422,29.323200225830078,34.56759262084961,66.8572769165039,38.30156326293945,,59.018856048583984,89.81939697265625,135.37359619140625,142.98326110839844,356.6117858886719,75.11447143554688,776.7147827148438,63.555763244628906,178.35000610351562,153.38587951660156,102.83784484863281,201.059814453125,124.41777801513672,440.8809509277344,251.19871520996094,103.38999938964844,184.9062042236328,151.9215850830078,21.05321502685547,103.85905456542969,61.48008728027344,32.54186248779297,53.946693420410156,148.6105499267578
2023-02-06,391.872802734375,297.5107421875,143.3463134765625,120.74909210205078,56.885066986083984,124.48271942138672,29.146678924560547,34.55814743041992,66.93926239013672,38.127784729003906,,57.33393478393555,89.1337661743164,134.40232849121094,143.70263671875,352.2350769042969,76.76786804199219,774.46337890625,63.624053955078125,174.07000732421875,151.83071899414062,103.46827697753906,204.90203857421875,125.65909576416016,443.8885498046875,249.66241455078125,102.18000030517578,184.44033813476562,149.19778442382812,21.042247772216797,101.99559783935547,59.08628463745117,31.78945541381836,54.253257751464844,147.4819793701172
2023-02-07,396.9979248046875,303.6747131347656,144.68565368652344,124.37467956542969,58.20471954345703,125.2846450805664,29.482168197631836,34.954925537109375,66.65689849853516,39.366485595703125,,58.41377639770508,89.7498550415039,135.1060333251953,143.2388458251953,357.6248474121094,76.4922866821289,763.6328125,63.61552810668945,178.6199951171875,154.4718475341797,104.4521255493164,206.1476593017578,126.5992431640625,445.4204406738281,260.15374755859375,102.11000061035156,189.951904296875,152.0690460205078,22.123842239379883,106.69391632080078,61.20425033569336,32.41395568847656,54.16309356689453,147.51809692382812
2023-02-08,392.6568908691406,298.2751159667969,143.2614288330078,121.9378890991211,57.74684143066406,124.91670227050781,29.24420738220215,34.74708938598633,66.14680480957031,39.01447677612305,,58.56271743774414,86.63961029052734,132.14263916015625,142.79396057128906,360.64434814453125,76.15450286865234,743.5189208984375,62.872825622558594,176.27000427246094,162.83837890625,104.35660552978516,206.33926391601562,126.29803466796875,451.3421325683594,259.34674072265625,100.05000305175781,181.83322143554688,149.38461303710938,22.155771255493164,98.49662017822266,59.35226058959961,32.158138275146484,53.847511291503906,147.70770263671875
2023-02-09,389.2528991699219,295.63897705078125,141.9503631591797,122.42130279541016,57.70085144042969,123.8223648071289,28.782907485961914,34.3597526550293,65.85533905029297,38.680301666259766,,58.38584899902344,85.54655456542969,131.2209014892578,144.13803100585938,356.3954162597656,76.0300521850586,738.6690063476562,61.02888870239258,173.14999389648438,158.9200897216797,102.72320556640625,204.48045349121094,125.21187591552734,453.6866149902344,256.3227844238281,98.23999786376953,176.37115478515625,148.3521270751953,22.287479400634766,94.1749267578125,59.28330612182617,31.593828201293945,53.75733947753906,145.71249389648438
2023-02-10,390.1613464355469,293.6986389160156,142.38427734375,120.36434173583984,56.931053161621094,124.99217224121094,28.897987365722656,34.473121643066406,66.46561431884766,40.195255279541016,,58.16242980957031,85.07952880859375,131.1812744140625,145.83230590820312,362.011474609375,77.07009887695312,751.4038696289062,61.63501739501953,168.61000061035156,159.94528198242188,103.84078979492188,205.70687866210938,126.62664031982422,461.6445007324219,255.8172149658203,97.61000061035156,172.63401794433594,148.7165069580078,21.217851638793945,93.7387924194336,58.92866897583008,32.36128234863281,53.75733947753906,146.38958740234375
2023-02-13,394.74139404296875,298.4025573730469,143.978271484375,122.1746597290039,57.792823791503906,126.0299301147461,29.213972091674805,34.86990737915039,67.22161865234375,40.09278106689453,,58.283451080322266,85.01990509033203,132.9850616455078,144.61131286621094,360.9197692871094,77.77235412597656,757.7117919921875,62.463069915771484,171.63999938964844,160.90963745117188,104.29930114746094,206.4829559326172,127.5211410522461,462.67193603515625,263.8096618652344,99.54000091552734,177.8680419921875,151.51341247558594,21.739696502685547,93.77845001220703,59.22419738769531,32.38386154174805,54.64097595214844,146.93130493164062
2023-02-14,394.55975341796875,300.60748291015625,143.70474243164062,124.80382537841797,58.438655853271484,125.2846450805664,29.15545654296875,34.68096160888672,66.61134338378906,40.106136322021484,,58.274139404296875,85.3378677368164,132.57870483398438,143.24832153320312,359.82806396484375,76.16339111328125,748.03173828125,61.67768859863281,171.92999267578125,161.93479919433594,103.544677734375,204.39422607421875,127.1195068359375,460.3182067871094,264.63616943359375,99.69999694824219,177.9176025390625,150.87326049804688,22.920072555541992,93.84783935546875,61.1451416015625,32.835304260253906,53.730289459228516,146.29026794433594
2023-02-15,395.8410339355469,302.9104309082031,144.3838348388672,124.79889678955078,59.070491790771484,124.66197967529297,29.115468978881836,34.718753814697266,66.73885345458984,39.424407958984375,,56.58921813964844,85.51675415039062,132.57870483398438,144.00555419921875,357.6544494628906,75.6033706665039,746.2366333007812,61.011817932128906,175.1199951171875,163.58551025390625,103.77393341064453,204.03968811035156,129.5748291015625,458.8424377441406,262.5209655761719,101.16000366210938,175.6177978515625,152.9709014892578,22.713529586791992,96.08796691894531,60.918575286865234,32.857879638671875,53.730289459228516,143.8798065185547
2023-02-16,390.3907470703125,297.22650146484375,142.7521209716797,121.41008758544922,57.606876373291016,123.41666412353516,28.880430221557617,34.369197845458984,66.256103515625,39.036766052246094,,57.203609466552734,84.2348861694336,130.9136962890625,144.12860107421875,357.7625732421875,74.12775421142578,730.298095703125,60.4825553894043,173.02999877929688,163.76792907714844,102.3315658569336,201.4622344970703,130.1042022705078,455.1997375488281,255.53199768066406,98.1500015258789,170.9388885498047,151.3755340576172,21.953224182128906,94.67052459716797,59.155242919921875,32.03022766113281,53.39667510986328,142.85964965820312
2023-02-17,389.41546630859375,295.1294250488281,142.45028686523438,119.75267791748047,56.935054779052734,124.52047729492188,28.979904174804688,34.37864685058594,67.1123275756836,37.646575927734375,,56.682308197021484,86.25206756591797,132.17234802246094,146.63687133789062,360.82135009765625,75.3455810546875,742.6065063476562,60.704490661621094,170.49000549316406,163.88958740234375,102.31246948242188,201.79757690429688,129.17323303222656,466.1558532714844,251.545166015625,97.19999694824219,171.3750457763672,150.233154296875,21.34058380126953,93.52072143554688,58.1307487487793,31.285337448120117,54.20817947387695,145.84214782714844
2023-02-21,381.60345458984375,288.1422119140625,139.35659790039062,116.11229705810547,55.78335189819336,122.90723419189453,28.4717960357666,33.67009735107422,66.8572769165039,37.45942306518555,,55.956207275390625,82.24751281738281,128.4854736328125,144.38414001464844,355.5594482421875,75.23890686035156,740.40478515625,60.79840850830078,169.6300048828125,163.238037109375,99.49459838867188,200.03457641601562,130.14071655273438,458.8984680175781,246.291259765625,94.58000183105469,170.58201599121094,146.2249755859375,20.609207153320312,90.98323059082031,56.74174880981445,30.134143829345703,53.91965103149414,143.6689453125
2023-02-22,381.0775451660156,288.3577575683594,139.18685913085938,115.54502868652344,56.35120391845703,122.49214935302734,28.318683624267578,33.63230895996094,66.75708770751953,37.20990753173828,,55.406982421875,83.10208129882812,128.24761962890625,144.0149688720703,354.76275634765625,74.22554016113281,741.9519653320312,60.875240325927734,171.02999877929688,162.4647979736328,99.6187744140625,201.07899475097656,130.05862426757812,456.63812255859375,245.1605682373047,95.79000091552734,169.63037109375,146.6484375,20.707984924316406,90.84446716308594,56.1309928894043,29.772987365722656,54.08194351196289,143.46885681152344
2023-02-23,383.10467529296875,290.8763427734375,139.70556640625,119.63922119140625,56.84707260131836,122.82235717773438,28.430837631225586,33.660667419433594,66.67511749267578,37.771324157714844,,56.3378791809082,82.9430923461914,127.85118865966797,142.9075469970703,354.3988037109375,73.37216186523438,753.4369506835938,60.95206832885742,170.52000427246094,162.55166625976562,99.11253356933594,199.8717041015625,129.93991088867188,459.25341796875,248.33824157714844,95.81999969482422,170.5423583984375,147.13099670410156,23.611536026000977,90.09114074707031,57.87461853027344,29.938520431518555,54.181129455566406,143.4233856201172
2023-02-24,379.01220703125,286.005859375,138.50775146484375,117.50334167480469,55.657386779785156,121.2374038696289,28.034881591796875,33.688995361328125,66.22879028320312,37.722320556640625,,54.55986022949219,80.95572662353516,125.28426361083984,143.2198944091797,353.228515625,71.70098114013672,750.7889404296875,59.91059112548828,165.11000061035156,162.61248779296875,97.91850280761719,202.08506774902344,129.4379425048828,452.3789367675781,242.92837524414062,93.5,168.90675354003906,144.4818572998047,23.234375,88.34661102294922,57.313114166259766,29.426876068115234,53.955711364746094,141.8230438232422
2023-02-27,380.30303955078125,288.053955078125,138.6775360107422,118.03113555908203,55.71137619018555,120.86946868896484,27.98611831665039,33.67955017089844,66.15589904785156,37.833717346191406,,54.662261962890625,81.61154174804688,125.74017333984375,142.99276733398438,349.5008544921875,71.90542602539062,751.5823974609375,59.748382568359375,165.75,159.98004150390625,96.96328735351562,202.8227996826172,129.32838439941406,451.43548583984375,243.84463500976562,93.76000213623047,168.06411743164062,145.6734619140625,23.448896408081055,89.08011627197266,57.037288665771484,28.97542953491211,53.93767547607422,141.51388549804688
2023-02-28,378.8974304199219,287.6816101074219,138.27195739746094,118.09033203125,55.7773551940918,119.9732437133789,27.947107315063477,33.74568176269531,65.6093978881836,37.29011154174805,,54.457462310791016,82.32701110839844,126.04739379882812,141.75279235839844,344.5755920410156,71.58540344238281,754.1907958984375,58.869110107421875,165.66000366210938,161.03997802734375,97.24031066894531,202.1904296875,130.99871826171875,444.54241943359375,243.12330627441406,94.2300033569336,173.41714477539062,145.1711883544922,23.164527893066406,89.26844024658203,56.958473205566406,28.952857971191406,53.658164978027344,139.35885620117188
2023-03-01,377.44403076171875,285.36883544921875,138.0172882080078,118.16925811767578,55.32747268676758,119.77513122558594,27.860307693481445,33.63230895996094,65.12664031982422,38.025299072265625,,55.50006866455078,82.57543182373047,126.9195556640625,140.8725128173828,346.4866638183594,70.74980926513672,764.1287841796875,59.2105827331543,166.1300048828125,160.0582275390625,96.38060760498047,200.73403930664062,129.82125854492188,443.8699035644531,240.05284118652344,92.16999816894531,171.9103546142578,143.10308837890625,22.64767837524414,89.56580352783203,56.48562240600586,28.68198585510254,53.072078704833984,138.7314453125
2023-03-02,380.3794860839844,287.7306213378906,139.10195922851562,119.21499633789062,56.66912078857422,120.51097869873047,28.102170944213867,33.471710205078125,66.01927185058594,38.35948181152344,,55.258033752441406,81.89971923828125,127.21688842773438,141.97994995117188,342.1425476074219,70.7764892578125,762.6013793945312,59.065452575683594,173.55999755859375,162.0303497314453,98.10953521728516,199.6800537109375,129.8395538330078,446.1863098144531,244.7706756591797,92.12999725341797,173.01071166992188,143.69398498535156,23.26231575012207,91.1913833618164,55.589176177978516,28.877614974975586,53.847511291503906,138.62232971191406
2023-03-03,386.4799499511719,293.6790466308594,141.0543670654297,120.83295440673828,57.71684265136719,121.86006164550781,28.575176239013672,34.00075912475586,66.07393646240234,38.88080978393555,,56.41234588623047,83.06234741210938,129.357666015625,142.05567932128906,340.4976806640625,72.0654296875,772.9161987304688,59.15935134887695,180.0500030517578,160.97914123535156,97.88985443115234,198.4344482421875,132.8972625732422,446.98956298828125,248.84510803222656,94.9000015258789,183.6374053955078,148.7362518310547,23.837032318115234,92.82689666748047,55.9339714050293,29.03562355041504,53.59504699707031,140.04989624023438
2023-03-06,386.7477111816406,294.0121765136719,140.3752899169922,119.75760650634766,57.68485641479492,121.80345916748047,28.35281753540039,34.02909851074219,66.24700927734375,38.89863586425781,,56.53335952758789,81.65130615234375,128.14852905273438,142.7087860107422,342.68438720703125,72.10098266601562,773.9873657226562,58.8178825378418,176.3699951171875,160.64028930664062,98.61579895019531,199.35430908203125,132.93377685546875,449.0631103515625,250.38525390625,93.75,183.2904052734375,151.4936981201172,23.50178337097168,94.29386901855469,55.98322677612305,28.426166534423828,54.42457962036133,141.45025634765625
2023-03-07,380.81939697265625,290.4059143066406,138.11160278320312,118.42083740234375,57.109004974365234,119.84117126464844,27.839826583862305,33.150508880615234,65.59117126464844,38.22135543823242,,54.950836181640625,81.55193328857422,126.11677551269531,141.4120330810547,332.2823486328125,71.3631820678711,767.5108642578125,58.049583435058594,175.07000732421875,158.31192016601562,98.34835052490234,198.14703369140625,132.1944580078125,442.6183166503906,247.73390197753906,93.55000305175781,182.90379333496094,149.297607421875,23.24031639099121,93.0350341796875,54.732147216796875,28.072534561157227,54.10900115966797,140.1135711669922
2023-03-08,381.44085693359375,291.85626220703125,138.4040069580078,121.51860809326172,57.24097442626953,119.19964599609375,27.730602264404297,33.027687072753906,65.70047760009766,37.829254150390625,,55.09977722167969,80.71723937988281,125.25453186035156,141.8852996826172,333.2181396484375,71.29204559326172,739.0955200195312,57.443477630615234,172.6300048828125,158.05128479003906,98.01402282714844,194.86053466796875,131.2177734375,439.5546875,247.2952423095703,93.91999816894531,183.3598175048828,150.5482940673828,24.131484985351562,93.4216079711914,56.042327880859375,28.516456604003906,54.13603973388672,139.0860595703125
2023-03-09,374.4033203125,286.79962158203125,135.34805297851562,119.19035339355469,55.949310302734375,117.99208068847656,27.412660598754883,31.68617820739746,65.09019470214844,37.294559478759766,,53.74998092651367,78.23302459716797,122.84616088867188,143.2357177734375,330.9427185058594,70.18090057373047,737.6574096679688,56.777626037597656,169.36000061035156,155.1230926513672,95.616455078125,190.54881286621094,129.6661376953125,434.2400817871094,245.95010375976562,92.25,180.10836791992188,148.3029022216797,23.38801383972168,91.5085678100586,54.77155685424805,27.884428024291992,53.61307907104492,137.52207946777344
2023-03-10,369.00091552734375,282.7719421386719,132.4901885986328,117.26163482666016,54.435707092285156,117.12413787841797,27.005977630615234,31.109893798828125,64.77140808105469,36.81779479980469,,53.77790832519531,75.18240356445312,120.8837890625,142.00894165039062,331.1693115234375,70.66980743408203,740.8807983398438,56.09468460083008,164.6300048828125,152.67567443847656,91.1174087524414,190.09848022460938,128.37911987304688,431.49365234375,242.3142547607422,90.7300033569336,177.94732666015625,146.24461364746094,22.91797637939453,89.83342742919922,54.111534118652344,27.132015228271484,53.38766098022461,137.85850524902344
2023-03-13,368.4750061035156,284.8690490722656,130.8678741455078,117.18270874023438,54.76762008666992,118.21849060058594,27.258573532104492,29.881742477416992,65.09931182861328,36.06923294067383,,54.941532135009766,77.36849975585938,124.25350952148438,143.82530212402344,330.38128662109375,70.67869567871094,746.1671142578125,56.34223937988281,169.0500030517578,157.08106994628906,93.29528045654297,183.94712829589844,127.35682678222656,434.6337585449219,247.5096893310547,92.43000030517578,179.32522583007812,148.1847381591797,22.91897201538086,90.3092041015625,53.096893310546875,26.575231552124023,53.92866516113281,139.17698669433594
2023-03-14,374.56597900390625,291.415283203125,132.7071075439453,120.68990325927734,56.00529479980469,119.27510070800781,27.556026458740234,30.48636817932129,65.69137573242188,36.425689697265625,,54.215431213378906,78.53111267089844,125.81945037841797,146.79232788085938,331.4648132324219,71.58506774902344,760.5185546875,56.74347686767578,173.0800018310547,162.0283966064453,94.42243957519531,185.8921661376953,129.46530151367188,435.4774475097656,254.2062225341797,94.87999725341797,192.33103942871094,150.27252197265625,24.013731002807617,93.1440658569336,53.461368560791016,26.55265998840332,54.12702941894531,139.95899963378906
2023-03-15,372.2232971191406,292.944091796875,130.84901428222656,119.3333969116211,55.89532470703125,119.17134094238281,27.397056579589844,29.673900604248047,66.11947631835938,34.4696159362793,,53.340389251708984,77.55730438232422,124.9373779296875,147.45802307128906,330.3320007324219,71.4773941040039,754.0718383789062,57.605674743652344,170.83999633789062,159.66835021972656,93.15199279785156,179.55877685546875,123.27680206298828,436.2741394042969,258.7388610839844,96.19999694824219,196.028564453125,150.6664581298828,24.17839241027832,95.2652587890625,53.323455810546875,25.875486373901367,54.48769760131836,140.35000610351562
2023-03-16,378.75396728515625,300.66619873046875,132.42416381835938,124.10831451416016,57.42692184448242,120.2845687866211,27.69938850402832,30.240737915039062,66.1650161743164,34.843902587890625,,54.96945571899414,77.7361831665039,125.61131286621094,147.9810791015625,334.8335876464844,71.65686798095703,743.6082153320312,57.28129196166992,175.77999877929688,163.63668823242188,95.19539642333984,184.6499786376953,130.4054412841797,442.4512634277344,269.227294921875,100.04000091552734,203.14602661132812,153.48301696777344,25.488704681396484,99.43826293945312,55.72710037231445,26.590280532836914,54.78752899169922,140.05902099609375
2023-03-17,374.32537841796875,299.2452697753906,130.1887969970703,123.47692108154297,57.21097946166992,118.73738861083984,27.343420028686523,29.267671585083008,65.6822738647461,34.29584884643555,,54.29921340942383,76.01708221435547,123.39127349853516,145.6416473388672,334.2721252441406,69.37747955322266,741.5254516601562,56.79469680786133,172.6300048828125,162.56155395507812,93.05607604980469,179.78012084960938,124.42689514160156,440.0892333984375,272.3757019042969,98.94999694824219,193.90721130371094,152.64593505859375,25.672327041625977,100.7268295288086,55.815757751464844,26.3946533203125,54.53312301635742,138.5586700439453
2023-03-20,377.9247131347656,300.3072814941406,131.8770294189453,124.71996307373047,57.24297332763672,120.24229431152344,27.657512664794922,29.593320846557617,66.59293365478516,34.982444763183594,,54.74604415893555,76.29531860351562,124.72923278808594,147.27732849121094,340.0838928222656,71.306884765625,753.0303955078125,57.400794982910156,173.5399932861328,161.51268005371094,94.05379486083984,182.46527099609375,126.93696594238281,447.08184814453125,265.3574523925781,97.70999908447266,196.08804321289062,155.0094757080078,25.846967697143555,100.33035278320312,56.781158447265625,26.484939575195312,55.06010055541992,139.9317169189453
2023-03-21,382.8870544433594,304.596435546875,133.64027404785156,125.11459350585938,58.292694091796875,120.97154998779297,27.99846649169922,30.343355178833008,66.53801727294922,36.193546295166016,,55.04393005371094,75.54012298583984,124.87792205810547,146.9349822998047,342.2706298828125,71.01972961425781,753.5361938476562,57.63129425048828,177.0800018310547,159.7033233642578,95.66548919677734,186.9886474609375,127.9957504272461,450.0251770019531,266.8683166503906,100.61000061035156,200.40017700195312,156.8609619140625,26.145355224609375,103.99783325195312,57.75640106201172,26.688093185424805,54.80569839477539,139.9317169189453
2023-03-22,376.3601989746094,300.4544982910156,130.63525390625,124.310546875,57.11100387573242,119.14368438720703,27.487518310546875,29.640792846679688,65.9248046875,35.42366409301758,,55.379051208496094,72.6683578491211,122.20195007324219,144.6335906982422,336.7052001953125,69.82617950439453,745.1455688476562,57.400794982910156,173.86000061035156,156.88002014160156,93.43981170654297,182.89834594726562,124.76463317871094,445.7320556640625,265.4159240722656,98.69999694824219,198.0706329345703,155.4329376220703,26.41380500793457,102.4614486694336,57.303253173828125,26.108734130859375,54.56037902832031,137.3493194580078
2023-03-23,377.37762451171875,304.01739501953125,130.19923400878906,127.61548614501953,57.9827766418457,118.91636657714844,27.37419319152832,29.441410064697266,65.66853332519531,34.93291473388672,,56.29133224487305,73.25465393066406,123.30760192871094,143.311767578125,330.8048095703125,70.67870330810547,795.5889282226562,57.1788444519043,174.07000732421875,157.3607635498047,92.60517883300781,179.01980590820312,125.8051528930664,440.4735107421875,270.6504211425781,98.70999908447266,202.50172424316406,156.51622009277344,27.135324478149414,104.67184448242188,60.426025390625,26.53761100769043,54.4422607421875,137.42205810546875
2023-03-24,379.85400390625,305.1362609863281,131.30833435058594,125.5979995727539,58.18672180175781,120.5643081665039,27.687793731689453,29.42242431640625,66.78512573242188,35.0679817199707,,55.56522750854492,73.72168731689453,124.81486511230469,146.88743591308594,341.374267578125,71.79146575927734,813.2828979492188,57.77641677856445,175.5800018310547,160.43751525878906,93.52615356445312,179.53952026367188,128.1782989501953,446.1726379394531,273.4869384765625,98.12999725341797,204.2166748046875,157.81622314453125,26.724166870117188,104.51325988769531,60.24870681762695,26.53008460998535,55.33268356323242,138.80418395996094
2023-03-27,380.564208984375,303.0456237792969,132.180419921875,124.13296508789062,58.24070739746094,121.05680084228516,27.871461868286133,29.83066749572754,67.14207458496094,35.815364837646484,,55.379051208496094,74.47687530517578,124.97351837158203,146.05056762695312,344.1717834472656,71.4145736694336,813.689453125,58.109344482421875,177.5399932861328,161.72244262695312,94.06336212158203,181.8204345703125,128.80812072753906,451.7123718261719,269.4026794433594,98.04000091552734,201.0742645263672,155.87608337402344,26.47667694091797,101.55945587158203,58.899112701416016,26.492464065551758,55.741539001464844,139.3952178955078
2023-03-28,379.7100524902344,301.43597412109375,132.44581604003906,123.26972961425781,58.0207633972168,120.32755279541016,27.753253936767578,29.821178436279297,67.26106262207031,36.369144439697266,,55.88173294067383,73.98004150390625,125.0032730102539,147.2297821044922,349.17572021484375,72.66194152832031,820.1956176757812,58.22031021118164,175.57000732421875,163.7328643798828,95.07068634033203,182.43637084960938,130.3871612548828,442.9761962890625,268.2817687988281,97.23999786376953,198.93304443359375,155.2556610107422,26.355924606323242,100.14202880859375,58.39672088623047,26.041017532348633,55.805137634277344,138.04946899414062
2023-03-29,385.2290344238281,306.9322814941406,134.43650817871094,127.107421875,59.050498962402344,120.65901947021484,27.933008193969727,30.257909774780273,67.63630676269531,36.87338638305664,,55.85380935668945,75.83822631835938,126.75843048095703,149.34092712402344,351.8157043457031,72.94911193847656,812.6380615234375,58.2032356262207,178.66000366210938,163.496826171875,97.53618621826172,185.9973602294922,131.87498474121094,437.3614807128906,273.4284362792969,100.25,203.56240844726562,158.32827758789062,26.92874526977539,100.49884796142578,62.59324264526367,27.538318634033203,56.204917907714844,139.4043731689453
2023-03-30,387.4846496582031,309.83758544921875,135.10006713867188,128.92759704589844,59.44639205932617,121.31249237060547,28.109834671020508,30.191452026367188,67.82849884033203,37.03546905517578,,56.486820220947266,74.19865417480469,126.16345977783203,153.61080932617188,352.4263916015625,73.09269714355469,804.8523559570312,58.22031021118164,179.14999389648438,165.1400909423828,98.5531005859375,186.15135192871094,131.24520874023438,440.61407470703125,276.8790588378906,102.0,206.0307159423828,159.89418029785156,27.326932907104492,100.00325775146484,62.14994812011719,28.049962997436523,56.195831298828125,139.51341247558594
2023-03-31,392.9460754394531,314.9903869628906,137.09071350097656,129.82537841796875,60.92400360107422,122.61003112792969,28.495737075805664,30.523752212524414,68.37765502929688,37.292091369628906,,56.989501953125,75.72892761230469,128.07728576660156,155.17041015625,350.7222900390625,74.45673370361328,814.9390869140625,59.16789245605469,183.7899932861328,167.4039764404297,100.0496597290039,186.8827667236328,130.578857421875,442.9855651855469,281.0217590332031,103.29000091552734,210.0950164794922,162.39556884765625,27.720123291015625,102.81829071044922,59.44092559814453,28.343400955200195,56.359371185302734,140.9410400390625
2023-04-03,394.4434814453125,314.22479248046875,137.2044677734375,129.08546447753906,60.48611831665039,123.98328399658203,28.59440803527832,30.580711364746094,68.7345962524414,38.98044204711914,,56.65437698364258,76.57356262207031,128.68218994140625,155.83607482910156,358.3267822265625,74.69903564453125,819.4219970703125,59.49229431152344,181.11000061035156,166.3463134765625,101.13372039794922,189.288818359375,132.44091796875,463.2325744628906,279.9787902832031,102.41000366210938,211.2152099609375,163.6462860107422,27.90774154663086,103.44275665283203,58.721797943115234,27.989768981933594,56.69554901123047,142.62322998046875
2023-04-04,392.2550354003906,313.16485595703125,135.82997131347656,127.10250091552734,60.49211883544922,124.0022201538086,28.564123153686523,30.295886993408203,68.59729766845703,38.273582458496094,,56.36580276489258,75.09296417236328,127.7798080444336,155.51272583007812,357.55841064453125,73.6939468383789,815.3557739257812,58.8264274597168,181.4199981689453,168.73257446289062,101.72850799560547,188.1146697998047,131.6924285888672,462.3514099121094,279.9300537109375,103.94999694824219,212.850830078125,163.11448669433594,27.396785736083984,103.79959106445312,56.41666793823242,27.04172706604004,56.522918701171875,144.114501953125
2023-04-05,391.2280578613281,310.0731506347656,135.5455780029297,124.87782287597656,59.71832275390625,126.14264678955078,28.90410041809082,30.257909774780273,68.91765594482422,38.84986877441406,,56.43096160888672,74.90415954589844,128.42434692382812,154.8375701904297,367.58612060546875,75.06697082519531,818.4599609375,59.6032600402832,180.07000732421875,170.61183166503906,101.90119171142578,188.624755859375,133.74754333496094,477.3304138183594,277.1617126464844,101.0999984741211,209.6390380859375,161.2728729248047,26.825958251953125,103.5517807006836,56.17039108276367,26.379600524902344,57.05897903442383,150.58868408203125
2023-04-06,392.7541198730469,312.1637268066406,135.64036560058594,124.50292205810547,59.92826843261719,126.4552230834961,28.95490264892578,30.371841430664062,68.9725570678711,38.260074615478516,,55.81657028198242,76.38477325439453,129.951416015625,155.6363525390625,364.5522155761719,74.81570434570312,821.9412841796875,60.885711669921875,180.02000427246094,170.53317260742188,103.84867095947266,189.40432739257812,134.53306579589844,480.6861267089844,284.2384948730469,102.05999755859375,214.2188262939453,162.15921020507812,26.981637954711914,107.46705627441406,57.80403137207031,26.44731903076172,57.095314025878906,150.17037963867188
2023-04-10,393.1572570800781,311.9870300292969,136.46510314941406,126.38724517822266,59.862281799316406,126.36994934082031,28.990070343017578,30.43830108642578,68.9725570678711,38.56623458862305,,57.026737213134766,75.66930389404297,129.26722717285156,154.3240509033203,365.2219543457031,74.12470245361328,817.0120849609375,60.48979187011719,178.32000732421875,168.47036743164062,102.0546875,188.6632537841797,136.094970703125,482.9076232910156,282.08428955078125,102.16999816894531,212.88058471679688,159.5691680908203,27.52252960205078,105.50447082519531,62.45322799682617,28.621793746948242,56.95903778076172,149.41571044921875
2023-04-11,393.2628479003906,309.9847717285156,137.3561248779297,125.71639251708984,59.53636932373047,126.79617309570312,29.15029525756836,30.704137802124023,69.17391204833984,38.93091583251953,23.82028579711914,57.73421859741211,76.39468383789062,129.61431884765625,155.14186096191406,360.6908874511719,74.07085418701172,812.9256591796875,60.27461624145508,176.89999389648438,167.45640563964844,101.8148422241211,190.63623046875,135.7478790283203,488.3348693847656,275.68988037109375,99.91999816894531,211.9884033203125,158.35780334472656,27.11336898803711,104.42404174804688,62.749359130859375,28.87009048461914,56.85909652709961,149.37020874023438
2023-04-12,391.659912109375,307.24639892578125,136.6925811767578,123.48184967041016,59.43239974975586,126.8340072631836,29.108278274536133,30.637680053710938,68.86271667480469,38.95793151855469,23.687875747680664,57.86454772949219,75.56993103027344,129.4655303955078,157.38619995117188,357.13482666015625,73.7298583984375,813.709228515625,60.42953109741211,176.66000366210938,167.59628295898438,102.73580932617188,191.7429962158203,135.31861877441406,488.5411071777344,276.3332214355469,97.83000183105469,212.13710021972656,157.66847229003906,26.440750122070312,103.72029113769531,61.16013717651367,28.59169578552246,56.95903778076172,149.05198669433594
2023-04-13,396.86224365234375,313.2629699707031,137.74481201171875,124.47826385498047,60.540103912353516,128.4819793701172,29.521533966064453,30.913009643554688,69.24713134765625,39.2010498046875,24.395689010620117,59.586708068847656,78.92860412597656,132.46023559570312,158.67001342773438,358.86859130859375,74.72595977783203,823.5479125976562,60.842674255371094,180.8000030517578,166.01416015625,103.13874816894531,192.5995330810547,126.23949432373047,493.2654113769531,282.52288818359375,102.4000015258789,218.43182373046875,163.0455322265625,26.4088134765625,106.48577117919922,62.186710357666016,27.74899673461914,57.376991271972656,151.04331970214844
2023-04-14,395.89276123046875,312.6741027832031,137.1191864013672,124.34507751464844,60.242183685302734,127.44961547851562,29.237239837646484,31.216819763183594,68.80780792236328,39.27308654785156,24.40834617614746,58.972312927246094,77.69642639160156,131.3198699951172,157.19598388671875,356.583251953125,74.48365020751953,822.536376953125,60.6361083984375,178.94000244140625,166.4949493408203,103.13874816894531,188.42262268066406,124.08392333984375,479.7300109863281,278.916259765625,102.51000213623047,219.56192016601562,162.7008819580078,26.703210830688477,107.91311645507812,61.82149887084961,26.68056869506836,57.286128997802734,150.79782104492188
2023-04-17,397.3133850097656,312.9390869140625,138.04812622070312,124.25628662109375,60.51211166381836,127.345458984375,29.249942779541016,31.577598571777344,69.24713134765625,38.809349060058594,24.297353744506836,58.48824691772461,81.3134536743164,132.45028686523438,157.29103088378906,357.8441162109375,75.04901123046875,813.02490234375,60.765201568603516,179.02999877929688,167.92840576171875,103.59922790527344,190.76132202148438,126.42220306396484,473.6934814453125,281.5091247558594,102.73999786376953,216.95480346679688,162.72056579589844,26.94671058654785,105.03860473632812,61.7326545715332,27.101919174194336,57.65864181518555,150.64324951171875
2023-04-18,397.57257080078125,312.958740234375,138.05763244628906,124.81369018554688,60.640079498291016,126.4741439819336,29.109256744384766,31.672548294067383,69.45762634277344,38.96242904663086,24.235042572021484,58.61857604980469,80.81660461425781,131.54795837402344,157.2720489501953,354.8692932128906,75.18362426757812,801.3910522460938,60.44676208496094,183.0399932861328,167.28160095214844,103.11954498291016,194.11053466796875,126.59571838378906,472.87799072265625,281.0899353027344,102.30000305175781,215.9932403564453,163.9417266845703,27.610349655151367,103.58152770996094,61.13052749633789,26.876195907592773,57.74950408935547,146.4058837890625
2023-04-19,397.50537109375,312.8114929199219,138.09555053710938,123.62983703613281,60.51211166381836,126.86245727539062,29.26947784423828,31.748493194580078,69.41187286376953,38.82735061645508,24.2525691986084,58.050724029541016,81.83016967773438,132.10324096679688,157.0057830810547,350.2297668457031,75.47975158691406,802.2339477539062,60.1282958984375,181.75,168.05953979492188,103.93499755859375,196.81495666503906,126.87887573242188,455.7430419921875,281.1679992675781,104.30000305175781,213.82229614257812,165.0841064453125,27.873809814453125,103.26432800292969,59.86705017089844,26.04854393005371,57.85853958129883,147.7880401611328
2023-04-20,395.3360900878906,310.42645263671875,137.33718872070312,123.7679443359375,60.054229736328125,126.3415298461914,29.07311248779297,31.653553009033203,69.57659912109375,38.485191345214844,24.145469665527344,57.86454772949219,80.11109161376953,130.83399963378906,157.57632446289062,353.8940734863281,76.000244140625,791.562255859375,59.84426498413086,183.35000610351562,166.3812713623047,103.37858581542969,196.29525756835938,126.4039077758789,456.9241027832031,278.8870544433594,103.80999755859375,211.2152099609375,164.11895751953125,27.048503875732422,104.36457824707031,60.66659164428711,25.070404052734375,58.112937927246094,148.74281311035156
2023-04-21,395.643310546875,310.75030517578125,137.3751220703125,122.50022888183594,60.158203125,127.19393157958984,29.34763526916504,31.539623260498047,70.07998657226562,38.260074615478516,24.24283218383789,57.30601119995117,81.75066375732422,132.3412322998047,157.05332946777344,354.4752502441406,77.68734741210938,794.1705932617188,60.6705322265625,185.52000427246094,165.83935546875,103.94458770751953,193.62933349609375,125.15257263183594,453.5121154785156,278.5458679199219,106.95999908447266,211.03677368164062,162.5137176513672,27.06346893310547,104.48352813720703,60.34086227416992,25.16069221496582,58.19471740722656,147.9335479736328
2023-04-24,396.0559997558594,310.1026611328125,137.63108825683594,121.84416198730469,59.742313385009766,127.90424346923828,29.54400634765625,31.463666915893555,70.36370849609375,38.845367431640625,24.184415817260742,56.933650970458984,80.7072982788086,131.93466186523438,157.54782104492188,356.5044860839844,77.80400085449219,790.5108032226562,60.71357345581055,186.36000061035156,163.64541625976562,103.54165649414062,193.0326385498047,123.67286682128906,458.31146240234375,274.6566162109375,106.20999908447266,210.9376220703125,162.8190155029297,26.986629486083984,105.03860473632812,58.741764068603516,24.754390716552734,58.10385513305664,148.83372497558594
2023-04-25,389.7690734863281,304.25286865234375,135.28964233398438,117.98181915283203,57.95278549194336,126.54045104980469,28.972488403320312,30.922500610351562,70.27218627929688,38.11600875854492,23.64893341064453,55.32320022583008,79.50494384765625,129.40603637695312,157.45272827148438,357.85394287109375,76.80789947509766,783.1119384765625,60.455360412597656,178.83999633789062,164.1436767578125,102.01631164550781,193.61972045898438,123.18875885009766,461.10467529296875,268.4669189453125,102.56999969482422,205.74327087402344,161.28274536132812,26.187267303466797,102.93722534179688,57.38945007324219,24.144933700561523,58.012996673583984,150.19769287109375
2023-04-26,388.1181945800781,306.0981140136719,133.87721252441406,118.80558776855469,58.106746673583984,124.7409439086914,28.7722110748291,30.628183364868164,69.72305297851562,37.60724639892578,24.106529235839844,55.63039016723633,78.84911346435547,127.66079711914062,155.58883666992188,353.8644714355469,75.14772033691406,771.6268920898438,58.544612884521484,177.0,161.64376831054688,100.35665130615234,190.91531372070312,122.24799346923828,452.6966857910156,287.913330078125,104.9800033569336,207.5771484375,161.2728729248047,26.900802612304688,102.7984619140625,60.23227310180664,24.5888614654541,57.740421295166016,147.86984252929688
2023-04-27,395.8447570800781,314.421142578125,136.0764617919922,119.95491790771484,59.06249237060547,125.39445495605469,28.93438720703125,31.121875762939453,70.50101470947266,37.74231719970703,25.459842681884766,56.3471794128418,78.30257415771484,128.11692810058594,153.70591735839844,358.3661804199219,74.97723388671875,785.7997436523438,58.19173049926758,175.0500030517578,161.18923950195312,103.05239868164062,191.55050659179688,123.04264831542969,459.74554443359375,297.1344909667969,109.81999969482422,236.48330688476562,165.8522491455078,27.170255661010742,106.64436340332031,61.10091781616211,24.6490535736084,57.85853958129883,148.2154083251953
2023-04-28,399.2234191894531,316.5902099609375,137.58364868164062,121.96255493164062,59.28443145751953,126.46466827392578,29.250919342041016,31.492155075073242,70.87625122070312,38.32761001586914,25.39168930053711,56.47750473022461,79.69373321533203,129.41595458984375,157.90919494628906,358.7896728515625,73.77472686767578,795.2218627929688,57.46873474121094,179.0800018310547,162.3780059814453,104.50100708007812,193.98541259765625,124.58625030517578,461.2640380859375,299.5030822753906,105.44999694824219,238.22799682617188,167.1029510498047,27.692182540893555,106.39654541015625,63.529151916503906,25.91310691833496,58.285579681396484,148.85189819335938
2023-05-01,398.82025146484375,316.2270812988281,137.46041870117188,122.89485168457031,59.170467376708984,127.1181640625,29.364240646362305,31.406709671020508,70.93116760253906,37.89539337158203,25.291406631469727,56.10515213012695,81.55193328857422,130.4373321533203,158.61293029785156,348.7127990722656,73.06576538085938,800.1115112304688,58.87168502807617,180.0,163.12969970703125,104.20362091064453,194.54364013671875,124.12045288085938,464.6479797363281,297.8460388183594,102.05000305175781,241.06307983398438,167.01434326171875,28.85080337524414,106.25777435302734,61.545101165771484,25.62718963623047,58.42185592651367,148.760986328125
2023-05-02,394.3378601074219,313.4690856933594,135.40338134765625,121.8293685913086,58.326683044433594,126.56884002685547,29.084835052490234,30.69464111328125,70.73896789550781,36.247581481933594,25.119077682495117,56.226165771484375,79.2267074584961,128.72181701660156,158.536865234375,355.59814453125,72.18633270263672,791.909423828125,58.613468170166016,177.14999389648438,162.168212890625,102.75501251220703,192.96530151367188,117.19695281982422,462.482666015625,297.6998291015625,103.62999725341797,237.1573944091797,165.9802703857422,28.152236938476562,104.39430236816406,61.10091781616211,25.18326759338379,58.15837097167969,150.06124877929688
2023-05-03,391.6311340332031,311.41778564453125,134.61660766601562,120.5715103149414,57.752838134765625,126.39835357666016,29.015470504760742,30.343355178833008,70.16236877441406,35.563232421875,25.070398330688477,55.928279876708984,82.68473052978516,129.5845489501953,159.11695861816406,349.11663818359375,71.29790496826172,796.5906372070312,57.35684585571289,178.0399932861328,158.4970703125,100.56771087646484,190.34751892089844,114.21929168701172,458.780029296875,296.71533203125,103.6500015258789,234.96661376953125,164.90684509277344,27.745073318481445,104.48352813720703,60.123695373535156,24.86725425720215,57.831275939941406,148.09718322753906
2023-05-04,388.85723876953125,310.3185119628906,133.3368682861328,120.16702270507812,57.498905181884766,125.39445495605469,28.715545654296875,29.95409393310547,69.98847198486328,35.16703414916992,24.943830490112305,56.37511444091797,83.44987487792969,129.2077178955078,159.5829315185547,349.7274475097656,70.46333312988281,747.7044677734375,57.51177215576172,178.69000244140625,160.76971435546875,102.4096450805664,188.12429809570312,115.1783676147461,456.75543212890625,297.6998291015625,104.0,231.48719787597656,163.2720489501953,27.50556182861328,103.76985168457031,59.728851318359375,24.859729766845703,57.894874572753906,147.42433166503906
2023-05-05,396.0559997558594,316.9141540527344,135.58351135253906,122.70740509033203,58.62660598754883,126.52146911621094,28.953922271728516,30.69464111328125,70.63829803466797,36.121517181396484,25.315750122070312,57.33393478393555,84.8410415649414,130.81414794921875,160.1725311279297,360.3952941894531,71.5671157836914,755.8569946289062,58.64788818359375,179.10000610351562,161.81857299804688,103.90621185302734,191.4542694091797,118.30215454101562,463.3169250488281,302.8075256347656,105.66000366210938,230.75360107421875,170.93389892578125,28.621274948120117,104.6421127319336,60.43955993652344,25.1682186126709,58.16744613647461,147.92440795898438
2023-05-08,396.16156005859375,317.6993103027344,135.33705139160156,123.38812255859375,58.85055160522461,126.2468490600586,28.791749954223633,30.742115020751953,70.42778778076172,36.121517181396484,25.44036865234375,57.29669952392578,84.46343231201172,129.75311279296875,160.7431182861328,363.0450744628906,70.52613830566406,745.9588012695312,58.880287170410156,177.5,162.3080596923828,102.86054229736328,192.1568145751953,122.47632598876953,461.7608947753906,300.8580017089844,105.83000183105469,231.23934936523438,170.86492919921875,29.091310501098633,106.82279205322266,60.08420944213867,25.717477798461914,58.07659149169922,147.58798217773438
2023-05-09,394.4241943359375,315.6872253417969,134.8346405029297,121.48407745361328,59.036495208740234,125.4039077758789,28.58268165588379,30.628183364868164,70.20814514160156,36.13501739501953,25.34300994873047,56.76608657836914,85.3676986694336,129.50521850585938,161.1520233154297,382.9034118652344,70.71460723876953,748.6962280273438,58.52739334106445,175.22999572753906,161.3815460205078,101.8916015625,193.90846252441406,123.94689178466797,459.6611328125,299.2497253417969,106.62000274658203,231.33848571777344,169.1612548828125,28.512500762939453,106.40648651123047,60.143436431884766,25.281078338623047,57.59504699707031,146.4422607421875
2023-05-10,396.26715087890625,319.1224365234375,134.81568908691406,122.47062683105469,59.87228012084961,125.75434875488281,28.64618492126465,30.457292556762695,70.09830474853516,35.72531509399414,25.83955192565918,56.84056091308594,86.72904968261719,129.9315948486328,162.18858337402344,388.55755615234375,70.09540557861328,743.4495849609375,58.949127197265625,178.8699951171875,161.9759063720703,104.0788803100586,192.93641662597656,122.7412338256836,459.37060546875,304.4256591796875,110.19000244140625,231.051025390625,170.92404174804688,28.825851440429688,110.76779174804688,59.215572357177734,24.73934555053711,57.694984436035156,146.98785400390625
2023-05-11,395.5760803222656,320.162841796875,134.1426544189453,121.38542175292969,59.552364349365234,125.36604309082031,28.571937561035156,30.40981674194336,70.30880737304688,35.297603607177734,26.20952033996582,55.909664154052734,85.46705627441406,129.3366241455078,161.8462371826172,386.18359375,70.6248550415039,739.4625854492188,59.45695114135742,173.27999877929688,160.37632751464844,103.81028747558594,193.8218231201172,122.3393325805664,458.1426696777344,302.2811584472656,112.18000030517578,233.73741149902344,171.11117553710938,28.519481658935547,115.5454330444336,60.81465530395508,24.491046905517578,58.0220832824707,146.3877410888672
2023-05-12,395.0577392578125,319.01446533203125,134.15213012695312,121.24730682373047,59.438392639160156,125.1955795288086,28.539695739746094,30.286392211914062,70.5833740234375,35.351627349853516,26.044008255004883,55.17425537109375,84.8907241821289,129.08871459960938,160.9428253173828,384.1346740722656,70.14924621582031,738.25244140625,58.579036712646484,174.22000122070312,161.66122436523438,104.1748275756836,192.74391174316406,121.87349700927734,460.4578857421875,301.169921875,110.26000213623047,231.77467346191406,170.1841583251953,28.281970977783203,116.4771728515625,60.13356018066406,24.852205276489258,58.24923324584961,146.19674682617188
2023-05-15,396.42071533203125,320.741943359375,134.91049194335938,124.42400360107422,60.06822967529297,124.97774505615234,28.573890686035156,30.533239364624023,70.40948486328125,35.53171157836914,26.151105880737305,56.0586051940918,86.99735260009766,130.6356658935547,160.31515502929688,385.2970275878906,70.33769226074219,744.808349609375,58.67371368408203,176.5500030517578,161.154296875,105.39319610595703,192.53219604492188,120.56736755371094,456.3616943359375,301.6476135253906,111.19999694824219,236.7806854248047,169.69107055664062,28.893714904785156,115.4859619140625,63.8055534362793,27.651182174682617,58.09476852416992,145.07833862304688
2023-05-16,393.7715759277344,321.1051330566406,133.00511169433594,124.3944091796875,59.88827896118164,123.9359359741211,28.326723098754883,30.248416900634766,69.81458282470703,34.65828323364258,26.413976669311523,55.47214126586914,84.49324798583984,127.95829010009766,159.5068359375,390.1139221191406,70.28385162353516,736.1995239257812,57.68391418457031,167.6199951171875,158.72433471679688,104.56815338134766,192.09910583496094,118.5213623046875,449.6689758300781,303.8699645996094,113.4000015258789,236.74105834960938,169.69107055664062,29.153182983398438,118.4595947265625,62.90727996826172,27.545846939086914,57.44059753417969,144.8873748779297
2023-05-17,398.55157470703125,324.9917907714844,134.69244384765625,127.75856018066406,61.117950439453125,124.08747100830078,28.362869262695312,30.856042861938477,69.77796173095703,35.324615478515625,26.77226448059082,56.53335952758789,85.19876098632812,128.245849609375,158.54635620117188,394.96026611328125,70.72356414794922,743.4891967773438,57.262176513671875,166.13999938964844,159.5284881591797,104.1844253540039,191.4542694091797,124.76893615722656,454.440185546875,306.7420959472656,115.5,240.37911987304688,170.30252075195312,30.1162052154541,119.77790069580078,64.0819320678711,27.824237823486328,57.376991271972656,144.5691680908203
2023-05-18,402.3908996582031,331.0279846191406,135.7825927734375,132.23748779296875,62.58956527709961,123.78441619873047,28.372636795043945,31.083904266357422,69.4393310546875,35.581241607666016,27.231807708740234,56.97088623046875,84.19515991210938,127.88888549804688,156.91067504882812,391.9066467285156,70.18514251708984,741.3567504882812,56.54779052734375,167.10000610351562,158.91664123535156,104.13645935058594,193.1000213623047,124.32136535644531,449.20965576171875,311.1576232910156,118.1500015258789,244.70114135742188,172.62985229492188,31.61313819885254,121.75040435791016,66.69771575927734,29.148483276367188,57.05897903442383,144.10536193847656
2023-05-19,401.8052978515625,330.2820739746094,135.42236328125,131.5074462890625,62.55757522583008,124.36212921142578,28.45568084716797,30.95098304748535,69.48507690429688,35.855873107910156,27.10718536376953,57.76214599609375,84.83110046386719,128.9895782470703,157.25302124023438,391.7195129394531,70.75946807861328,752.83203125,56.66828536987305,165.35000610351562,158.92538452148438,103.63760375976562,193.61972045898438,123.3623046875,448.8253479003906,310.9817199707031,116.25,243.5016632080078,172.7383575439453,31.19998550415039,121.6810302734375,67.28996276855469,28.832468032836914,57.086238861083984,144.49639892578125
2023-05-22,401.96856689453125,331.3911437988281,135.63088989257812,131.39894104003906,62.947471618652344,124.4852294921875,28.520160675048828,31.00794792175293,68.43255615234375,35.70730972290039,27.19286346435547,58.748897552490234,86.91785430908203,130.05056762695312,156.24501037597656,390.4980163574219,70.55307006835938,745.343994140625,56.64247131347656,165.3300018310547,159.0215301513672,104.74083709716797,190.75169372558594,123.8829345703125,450.5126037597656,313.7561340332031,115.01000213623047,246.15835571289062,171.7915802001953,31.112163543701172,123.95089721679688,65.37500762939453,28.87009048461914,55.886905670166016,143.71763610839844
2023-05-23,397.457275390625,327.19036865234375,134.18055725097656,129.50474548339844,61.93973922729492,123.12144470214844,28.086389541625977,30.647165298461914,67.92918395996094,36.089996337890625,26.900779724121094,58.04141616821289,86.9377212524414,130.01095581054688,154.7995147705078,387.25732421875,70.51717376708984,742.4280395507812,57.262176513671875,163.97000122070312,156.5303955078125,103.50328826904297,189.05784606933594,121.80043029785156,449.406494140625,307.9729309082031,114.98999786376953,244.59210205078125,169.1881103515625,30.62516212463379,121.4827880859375,65.15785217285156,28.441213607788086,55.786956787109375,143.6626739501953
2023-05-24,394.57781982421875,325.5119323730469,132.72071838378906,127.60069274902344,61.65181350708008,122.2785415649414,27.83531379699707,30.248416900634766,67.48986053466797,36.247581481933594,26.9105167388916,58.04141616821289,85.24844360351562,128.1962890625,154.64735412597656,390.4980163574219,70.93896484375,731.359375,56.34983444213867,162.60000610351562,157.39572143554688,102.24654388427734,186.7769012451172,120.11064910888672,450.70941162109375,306.5955505371094,116.75,247.04063415527344,169.46426391601562,30.47547149658203,119.83737182617188,65.67113494873047,28.012340545654297,55.31450653076172,143.52525329589844
2023-05-25,397.9947509765625,333.4327087402344,132.63543701171875,138.5711669921875,63.18141555786133,121.02838897705078,27.52659797668457,30.238920211791992,66.97731018066406,35.603755950927734,27.241544723510742,57.76214599609375,83.02259826660156,125.77671813964844,153.9436492919922,389.4736328125,69.68260192871094,719.06103515625,55.56659698486328,162.86000061035156,154.72979736328125,100.8363265991211,183.4276885986328,117.76324462890625,447.7755126953125,318.386474609375,115.0,250.49029541015625,170.5983428955078,37.90222930908203,122.39469909667969,68.7114028930664,28.47883415222168,54.887474060058594,141.46389770507812
2023-05-26,403.149169921875,341.9520568847656,133.74452209472656,145.37838745117188,64.66302490234375,120.78213500976562,27.50412940979004,30.485767364501953,67.20613861083984,35.46417999267578,27.913333892822266,58.73958969116211,83.77780151367188,126.02462768554688,153.37306213378906,382.1449279785156,69.18003845214844,719.110595703125,54.9296760559082,165.47999572753906,154.4238739013672,100.8843002319336,182.94647216796875,117.36135864257812,451.356201171875,325.1954650878906,120.11000061035156,259.7589111328125,173.00460815429688,38.866249084472656,123.5147705078125,72.97560119628906,29.87832260131836,54.75117874145508,141.408935546875
2023-05-30,403.302734375,343.5027160644531,133.50753784179688,146.07884216308594,65.14889526367188,120.03394317626953,27.27454376220703,30.47627830505371,66.43732452392578,35.0994987487793,28.11779022216797,59.056087493896484,82.61518859863281,125.11235809326172,154.20993041992188,378.51995849609375,68.49805450439453,722.6314697265625,54.83500289916992,163.66000366210938,155.76121520996094,100.15518188476562,182.95611572265625,116.97774505615234,449.79083251953125,323.55426025390625,121.66000366210938,260.2347106933594,174.8488006591797,40.02886199951172,122.58301544189453,70.76454162597656,30.05890464782715,54.31505584716797,141.42724609375
2023-05-31,401.06634521484375,341.5495300292969,132.34156799316406,142.3891143798828,65.58277893066406,121.0662612915039,27.439647674560547,30.15347671508789,66.51055908203125,34.48269271850586,27.96396255493164,58.44169998168945,83.39024353027344,125.22142028808594,153.981689453125,385.5334167480469,69.04544830322266,729.5344848632812,55.46331787109375,165.6999969482422,156.24195861816406,101.64217376708984,178.81768798828125,116.83158874511719,456.7178649902344,320.7994384765625,120.58000183105469,262.41558837890625,174.79942321777344,37.756534576416016,121.7900619506836,67.319580078125,29.140958786010742,54.20603561401367,142.0594024658203
2023-06-01,404.87689208984375,345.4952087402344,133.3368682861328,144.52993774414062,65.59477996826172,121.86180877685547,27.686817169189453,30.47627830505371,66.45565032958984,34.910404205322266,28.38358497619629,59.35397720336914,84.54293823242188,125.70730590820312,155.49073791503906,383.9453430175781,68.3903579711914,725.180419921875,55.669891357421875,198.3000030517578,157.35205078125,102.04508209228516,180.6462860107422,117.2152099609375,462.7076110839844,324.892578125,122.7699966430664,270.23687744140625,177.6001739501953,39.688568115234375,122.6325912475586,68.19807434082031,29.3215389251709,54.514949798583984,141.58299255371094
2023-06-02,410.7318420410156,348.0863342285156,136.24708557128906,144.17478942871094,66.01866912841797,123.42453002929688,28.079553604125977,31.140865325927734,67.3708724975586,35.97293472290039,28.624069213867188,60.6572380065918,85.88441467285156,127.8987808227539,157.5537872314453,384.86273193359375,69.8979721069336,733.8884887695312,56.513370513916016,195.0,161.96717834472656,103.58963775634766,185.13116455078125,118.28386688232422,468.28485107421875,327.6474304199219,124.25,270.23687744140625,178.4483184814453,39.24646759033203,123.57423400878906,68.27706146240234,30.277103424072266,55.568912506103516,143.80926513671875
2023-06-05,409.94476318359375,348.3316650390625,135.7825927734375,142.369384765625,66.45854949951172,123.86963653564453,28.17529296875,30.979469299316406,67.12377166748047,35.73432159423828,28.604595184326172,60.62930679321289,86.16264343261719,128.3846893310547,157.3436737060547,389.94281005859375,69.74542236328125,744.1240844726562,56.788795471191406,193.4499969482422,162.81504821777344,103.91582489013672,184.1302490234375,117.85458374023438,466.98193359375,328.1749572753906,125.30000305175781,269.0275573730469,177.0972442626953,39.09079360961914,124.90247344970703,66.89513397216797,29.34410858154297,55.19639587402344,145.04608154296875
2023-06-06,410.8374328613281,348.2727966308594,136.7021026611328,143.3756866455078,66.6045150756836,122.8373031616211,28.044384002685547,31.36872673034668,66.78512573242188,36.0224609375,28.72142791748047,61.159915924072266,87.5637435913086,127.99796295166016,155.37612915039062,383.6789855957031,68.38138580322266,742.011474609375,56.358436584472656,195.97999572753906,161.13681030273438,104.03092956542969,184.41897583007812,118.55790710449219,457.0271911621094,325.9671325683594,126.61000061035156,268.7598876953125,176.73231506347656,38.57486343383789,126.1910400390625,66.66809844970703,29.70526885986328,54.79661178588867,144.9177703857422
2023-06-07,409.4168701171875,342.3642272949219,137.70687866210938,142.55685424804688,64.58389282226562,122.35430145263672,27.966222763061523,31.492155075073242,66.56547546386719,36.97693634033203,27.854917526245117,60.28487777709961,87.65318298339844,127.75601196289062,154.29684448242188,379.3979187011719,68.27369689941406,732.579345703125,56.083011627197266,188.8800048828125,159.56346130371094,103.91582489013672,185.3524932861328,119.50782012939453,451.9280090332031,315.9052734375,121.2300033569336,261.30535888671875,175.36155700683594,37.40213394165039,121.4233169555664,66.19429779052734,30.111572265625,54.71484375,145.2293243408203
2023-06-08,411.8932189941406,346.6141357421875,137.76376342773438,144.20437622070312,65.44373321533203,123.14039611816406,27.99553680419922,31.463666915893555,67.0230941772461,36.81935501098633,28.12265968322754,61.12268829345703,87.5637435913086,127.95433807373047,155.28062438964844,383.9354553222656,70.35563659667969,743.9752197265625,56.212127685546875,188.14999389648438,163.08096313476562,106.10311126708984,184.3997344970703,119.72703552246094,459.5205993652344,317.7417907714844,124.25,262.27679443359375,178.07354736328125,38.43512725830078,121.06649017333984,64.47676849365234,30.17176628112793,54.85111999511719,146.82342529296875
2023-06-09,412.6322937011719,347.9390869140625,137.60260009765625,144.86537170410156,66.03961944580078,123.51923370361328,28.135236740112305,31.473167419433594,66.91326141357422,36.61676025390625,28.17620849609375,62.07219314575195,87.10665130615234,127.76591491699219,155.37612915039062,388.5617370605469,70.10437774658203,740.40478515625,55.773170471191406,187.61000061035156,162.54454040527344,105.48914337158203,183.96664428710938,119.56261444091797,462.69818115234375,319.2364196777344,123.43000030517578,262.6435852050781,178.45819091796875,38.694618225097656,121.15568542480469,64.58534240722656,29.930994033813477,54.94198989868164,146.5944061279297
2023-06-12,416.3756103515625,353.8182067871094,138.51260375976562,149.14700317382812,67.60733032226562,123.96434783935547,28.245634078979492,31.463666915893555,66.89495849609375,36.265586853027344,28.731163024902344,62.03496170043945,88.05065155029297,128.7873077392578,155.5958251953125,389.90325927734375,69.8710708618164,747.8333740234375,55.73874282836914,190.47999572753906,157.71676635742188,104.08848571777344,183.38919067382812,119.37081146240234,461.7327880859375,324.17950439453125,126.56999969482422,268.6904602050781,181.2490234375,39.40523910522461,122.55329895019531,66.57925415039062,30.329769134521484,54.70574951171875,146.49359130859375
2023-06-13,419.12078857421875,356.5370178222656,139.84922790527344,151.2089080810547,68.05723571777344,124.58942413330078,28.480104446411133,31.653553009033203,67.16952514648438,36.436676025390625,28.683456420898438,62.8448486328125,89.66043090820312,130.2550048828125,154.82217407226562,391.60980224609375,70.40052032470703,761.0640869140625,55.73874282836914,190.86000061035156,156.3009796142578,104.55856323242188,184.6788330078125,120.2750473022461,460.5329895019531,326.5631103515625,126.66000366210938,268.9581604003906,180.77565002441406,40.94223403930664,122.74162292480469,66.99385070800781,30.53292465209961,54.92382049560547,147.26319885253906
2023-06-14,419.619873046875,359.1280822753906,139.58375549316406,153.50758361816406,68.47315979003906,123.31084442138672,28.32476806640625,31.530126571655273,67.5813980102539,36.06298828125,28.867467880249023,62.25837326049805,88.3288803100586,129.21371459960938,155.1278076171875,385.9378967285156,70.62703704833984,764.793212890625,55.22232437133789,194.38999938964844,159.61622619628906,106.58098602294922,181.7434539794922,115.93646240234375,431.05303955078125,329.54254150390625,126.41999816894531,270.97039794921875,181.40679931640625,42.91339874267578,122.58301544189453,68.22770690917969,30.4426326751709,55.29633712768555,148.01441955566406
2023-06-15,424.8221435546875,363.4074401855469,141.1952667236328,152.4026336669922,69.86689758300781,125.22399139404297,28.786863327026367,31.9478702545166,68.2586669921875,36.45918273925781,29.383481979370117,62.40732192993164,88.62699127197266,130.71112060546875,156.82789611816406,394.63812255859375,71.57837677001953,776.6553344726562,55.661277770996094,201.32000732421875,160.24058532714844,108.22779083251953,184.9146270751953,117.24263763427734,438.4980773925781,340.0538635253906,127.11000061035156,279.3766784667969,183.4383087158203,42.570064544677734,123.99054718017578,67.93157958984375,30.909130096435547,56.05620574951172,150.0024871826172
2023-06-16,423.3751220703125,361.12054443359375,141.08155822753906,151.3174285888672,69.44497680664062,125.21451568603516,28.882604598999023,31.881410598754883,68.3410415649414,36.405155181884766,29.06998062133789,61.886024475097656,87.1165771484375,130.20541381835938,157.62062072753906,400.6849060058594,71.45154571533203,776.635498046875,56.943721771240234,200.0500030517578,161.9026336669922,107.55365753173828,188.4725341796875,118.7314453125,431.5330505371094,334.4172058105469,125.48999786376953,278.55389404296875,182.36341857910156,42.60898971557617,122.44425201416016,66.78656768798828,30.450159072875977,56.45902633666992,150.46055603027344
2023-06-20,421.1786193847656,360.6036071777344,139.79820251464844,150.78468322753906,68.79509735107422,125.07374572753906,28.750587463378906,31.643001556396484,67.82117462158203,35.590335845947266,29.01350975036621,60.67585754394531,87.0897445678711,129.29307556152344,157.45826721191406,404.7587890625,70.4095687866211,774.8106079101562,56.831817626953125,202.3699951171875,160.6538848876953,108.02555847167969,186.8579559326172,118.2656021118164,441.792236328125,330.2361755371094,125.77999877929688,281.8548583984375,182.45216369628906,43.72282028198242,122.0180435180664,66.03634643554688,29.43440055847168,56.08366394042969,150.3689422607422
2023-06-21,419.0205383300781,355.68939208984375,139.59828186035156,147.33175659179688,67.52334594726562,125.09275817871094,28.72220802307129,31.604846954345703,68.06083679199219,35.87192916870117,28.72142791748047,60.1545524597168,86.61277770996094,128.7377471923828,158.05039978027344,408.8327331542969,70.3189697265625,772.390625,56.37565612792969,202.67999267578125,159.6953582763672,107.09139251708984,187.48638916015625,119.28861236572266,448.719482421875,325.84991455078125,124.83000183105469,279.1883239746094,181.4167022705078,42.96131134033203,119.49046325683594,64.9505615234375,28.907711029052734,56.23929977416992,150.1399383544922
2023-06-22,420.5331115722656,359.88616943359375,139.02703857421875,148.0618133544922,67.89327239990234,125.94869995117188,28.848451614379883,31.35689353942871,68.4571762084961,35.3904914855957,29.383481979370117,60.17317199707031,86.04635620117188,128.76748657226562,159.4162139892578,411.54541015625,70.7719955444336,773.4220581054688,56.203521728515625,199.94000244140625,160.1350555419922,106.5905990600586,188.66590881347656,120.3481216430664,450.88421630859375,331.8578186035156,130.14999389648438,282.40008544921875,184.4146270751953,42.941349029541016,122.06758880615234,65.39476013183594,28.85504150390625,56.62380599975586,151.7340087890625
2023-06-23,417.3538513183594,356.31842041015625,137.82745361328125,145.54608154296875,67.32937622070312,125.5302505493164,28.729055404663086,31.223377227783203,68.00553131103516,35.13613510131836,29.276384353637695,58.93507385253906,84.58557891845703,127.4287338256836,158.1554718017578,410.1151123046875,70.19212341308594,773.3426513671875,55.979736328125,200.75999450683594,159.75692749023438,106.9854736328125,186.8289337158203,121.2706527709961,448.954833984375,327.27618408203125,129.3300018310547,286.2165832519531,184.0990447998047,42.12693405151367,121.26471710205078,64.43726348876953,28.486360549926758,56.02873229980469,151.60577392578125
2023-06-26,415.6486511230469,351.54180908203125,138.6652374267578,144.875244140625,66.75547790527344,124.8170166015625,28.670339584350586,31.1566162109375,68.09770202636719,35.76746368408203,28.653276443481445,59.48430633544922,82.64781951904297,126.01065826416016,159.2538604736328,408.4678039550781,69.36759948730469,777.95458984375,55.76456832885742,199.3300018310547,157.312255859375,106.06092071533203,184.4505615234375,120.52167510986328,450.8936767578125,321.0046081542969,127.33000183105469,276.0458679199219,182.70855712890625,40.55299758911133,117.29986572265625,64.6050796508789,28.260635375976562,56.04704666137695,149.91090393066406
2023-06-27,420.20556640625,357.5862121582031,140.35986328125,149.47256469726562,68.0472412109375,124.53170776367188,28.601835250854492,31.404577255249023,68.30049896240234,35.84922409057617,28.994037628173828,60.10800552368164,82.39937591552734,124.48348999023438,161.20225524902344,409.09912109375,68.86927795410156,710.2239990234375,55.73013687133789,201.69000244140625,157.36502075195312,106.77359008789062,183.45472717285156,121.16104888916016,454.18792724609375,326.8365478515625,129.17999267578125,284.5511779785156,185.4600067138672,41.79458236694336,117.28997039794922,65.92778015136719,28.749704360961914,55.92803192138672,149.599365234375
2023-06-28,420.4175109863281,358.28411865234375,140.12188720703125,148.12098693847656,68.39717864990234,124.13228607177734,28.555837631225586,31.328279495239258,67.83960723876953,36.21257781982422,29.101133346557617,58.90715026855469,83.4527359008789,125.1974868774414,159.95106506347656,409.5726013183594,69.0233154296875,694.2955932617188,55.16206359863281,195.92999267578125,161.0496063232422,107.59217834472656,178.78497314453125,120.28419494628906,446.5547180175781,328.0870361328125,129.0399932861328,282.8065490722656,186.63356018066406,41.03705978393555,119.12369537353516,66.20417785644531,28.47883415222168,55.40618896484375,149.2970733642578
2023-06-29,422.0745544433594,357.5666198730469,141.21673583984375,147.90394592285156,68.38717651367188,124.94062042236328,28.8200740814209,31.871877670288086,67.77510070800781,36.63043212890625,28.906414031982422,58.38584899902344,82.10126495361328,124.9000015258789,161.9949951171875,415.1656188964844,68.86927795410156,702.6167602539062,55.08460998535156,195.13999938964844,161.24307250976562,108.13148498535156,182.82632446289062,120.63128662109375,448.427734375,327.30548095703125,127.9000015258789,279.0792541503906,186.9688262939453,40.74262619018555,118.05319213867188,63.49954605102539,28.290735244750977,54.94844436645508,150.34146118164062
2023-06-30,427.0553283691406,363.08038330078125,142.4639129638672,150.20262145996094,69.16902923583984,126.2244644165039,29.165531158447266,32.148441314697266,68.36500549316406,36.866607666015625,29.45163345336914,59.000244140625,82.67762756347656,125.90157318115234,165.63389587402344,421.5082702636719,69.8296890258789,712.6538696289062,55.04157638549805,197.72999572753906,162.94027709960938,108.90193176269531,186.1715087890625,120.90528106689453,452.3807373046875,332.6685485839844,130.36000061035156,284.4818115234375,191.2882843017578,42.219749450683594,118.64791107177734,62.29529571533203,28.539030075073242,55.13154602050781,151.6424102783203
2023-07-03,427.5466613769531,363.9354248046875,142.816162109375,151.5344696044922,68.80709838867188,125.18788146972656,28.91989517211914,32.32963943481445,68.89961242675781,36.952903747558594,29.35427474975586,60.31280517578125,82.41925811767578,125.7528305053711,163.70460510253906,415.086669921875,69.51258850097656,712.2076416015625,55.45470428466797,196.44000244140625,163.70530700683594,108.75746154785156,185.92015075683594,121.10627746582031,449.78302001953125,330.1775817871094,130.22000122070312,283.5301513671875,189.79917907714844,42.33053207397461,118.8461685180664,63.075096130371094,28.97542953491211,55.461124420166016,149.6543426513672
2023-07-05,426.91082763671875,363.9255065917969,142.20684814453125,148.6734619140625,68.79309844970703,125.12132263183594,28.90228271484375,32.262882232666016,68.77978515625,36.7485237121582,29.597675323486328,59.63324737548828,82.48883819580078,125.97097778320312,163.37037658691406,413.10400390625,69.98372650146484,711.9497680664062,55.71291732788086,198.77999877929688,161.67398071289062,108.16038513183594,184.7792510986328,120.04672241210938,443.5146179199219,330.3338623046875,130.3800048828125,291.8074645996094,188.68479919433594,42.2347297668457,120.6799087524414,61.25884246826172,28.335874557495117,55.87310791015625,149.1595916748047
2023-07-06,423.56781005859375,361.1539306640625,141.04539489746094,146.9075469970703,68.07323455810547,124.12279510498047,28.67131805419922,31.9863224029541,68.60464477539062,35.92189025878906,29.46137046813965,58.469627380371094,81.20692443847656,124.40415954589844,163.6664276123047,410.2630615234375,69.07767486572266,699.0562744140625,55.087703704833984,195.36000061035156,161.14633178710938,107.8618392944336,185.83311462402344,120.35751342773438,441.7640075683594,333.3817443847656,128.36000061035156,289.4482116699219,189.15814208984375,42.0211296081543,119.0543212890625,60.43955993652344,28.110153198242188,55.44281768798828,148.05108642578125
2023-07-07,422.4983825683594,359.9549560546875,141.39761352539062,147.045654296875,67.93326568603516,122.67727661132812,28.48929214477539,32.03400421142578,67.71056365966797,36.69401550292969,29.400033950805664,58.776824951171875,81.26654052734375,123.34308624267578,162.3770294189453,409.1681213378906,67.42864990234375,686.7777099609375,54.40171432495117,194.6199951171875,160.00315856933594,108.14112854003906,185.1756591796875,119.98271942138672,434.44140625,329.4253234863281,129.77999877929688,288.00091552734375,188.0437774658203,42.42036437988281,118.42985534667969,59.97969436645508,28.343400955200195,54.71040725708008,145.89810180664062
2023-07-10,423.56781005859375,360.0728759765625,142.6638641357422,149.1272735595703,69.10904693603516,123.64730072021484,28.804412841796875,32.17705535888672,67.69215393066406,36.98015594482422,28.906414031982422,58.85129928588867,83.701171875,125.59416198730469,163.44674682617188,409.1286926269531,68.57933807373047,697.5982666015625,54.25410079956055,199.83999633789062,159.4315643310547,108.97897338867188,181.8498077392578,119.81819915771484,435.824951171875,324.1599426269531,127.12999725341797,291.53985595703125,186.00238037109375,42.097991943359375,115.4264907836914,61.78947830200195,28.493885040283203,54.29843521118164,146.13629150390625
2023-07-11,426.2652587890625,361.851806640625,144.27279663085938,149.28514099121094,70.1268539428711,123.67581939697266,28.944364547729492,32.55852127075195,67.79352569580078,37.79315948486328,29.14008140563965,59.90320587158203,83.30368041992188,125.66357421875,162.57762145996094,408.1028137207031,68.96896362304688,710.9579467773438,54.52328872680664,204.5399932861328,160.3373260498047,110.18279266357422,185.73643493652344,120.81455993652344,435.6744079589844,324.78515625,128.77999877929688,295.693359375,185.47970581054688,42.322547912597656,116.11042022705078,62.89710235595703,28.862567901611328,54.490692138671875,145.33010864257812
2023-07-12,429.69500732421875,366.4220275878906,144.9392547607422,152.42236328125,70.51078033447266,123.34294128417969,29.01090431213379,32.76833724975586,67.95022583007812,38.14289093017578,29.6463565826416,61.53227615356445,84.24771881103516,126.89323425292969,161.5843048095703,403.2200012207031,69.20452117919922,712.5348510742188,54.08043670654297,206.7899932861328,159.44033813476562,111.116943359375,183.96713256835938,120.75971984863281,425.1423645019531,329.4057922363281,130.8000030517578,306.647216796875,187.1463623046875,43.81663513183594,117.88469696044922,63.084991455078125,28.907711029052734,54.783653259277344,144.82620239257812
2023-07-13,433.1054382324219,372.643310546875,145.62472534179688,156.0824737548828,71.67656707763672,123.39051818847656,29.092134475708008,32.882774353027344,68.2359619140625,37.99753952026367,30.376562118530273,62.342159271240234,84.1483383178711,127.23042297363281,160.78199768066406,404.12750244140625,69.50352478027344,715.073974609375,54.08043670654297,208.75,161.11993408203125,112.71560668945312,183.69644165039062,104.91861724853516,421.424560546875,334.73956298828125,134.3000030517578,310.6817626953125,187.90570068359375,45.887611389160156,123.44538116455078,63.81681442260742,29.614978790283203,55.25056076049805,145.49497985839844
2023-07-14,432.8357238769531,372.5647277832031,144.7678680419922,154.7900848388672,71.72454833984375,125.24493408203125,29.249696731567383,32.66342544555664,68.46639251708984,36.99378204345703,30.27920150756836,62.53765106201172,83.88997650146484,127.17091369628906,160.9921417236328,403.9400634765625,69.93843078613281,712.634033203125,53.78519821166992,208.69000244140625,163.67893981933594,113.16825103759766,182.0818328857422,106.75590515136719,451.9384460449219,337.2599792480469,134.67999267578125,306.1812744140625,188.05364990234375,45.38059616088867,124.31765747070312,63.37179183959961,29.840700149536133,55.75408935546875,146.4661102294922
2023-07-17,434.3386535644531,376.0440368652344,145.04396057128906,157.6708221435547,72.62238311767578,124.6743392944336,29.153789520263672,32.978145599365234,68.26361083984375,36.92110824584961,30.366825103759766,62.87276840209961,85.22156524658203,128.16258239746094,160.22805786132812,406.08062744140625,70.2011947631836,715.69873046875,53.70703887939453,206.8699951171875,162.90509033203125,112.33039093017578,185.31101989746094,111.47261047363281,455.6185302734375,337.7386474609375,133.55999755859375,307.9159851074219,191.30801391601562,46.37066650390625,123.5544204711914,64.43986511230469,29.44944953918457,55.671695709228516,145.73321533203125
2023-07-18,437.5660400390625,379.1202392578125,145.93887329101562,158.10488891601562,73.30026245117188,125.59680938720703,29.173362731933594,33.35007858276367,68.18987274169922,37.293540954589844,30.532339096069336,62.686588287353516,85.04268646240234,128.63856506347656,159.1297149658203,405.0646057128906,70.87165069580078,720.5982666015625,53.83729934692383,209.36000061035156,164.4879913330078,111.78146362304688,186.59690856933594,109.5164566040039,470.6025085449219,351.18060302734375,132.8300018310547,309.33355712890625,191.05154418945312,47.40165710449219,122.67224884033203,64.22228240966797,28.937808990478516,55.45196533203125,145.7240447998047
2023-07-19,438.5390319824219,379.03179931640625,146.6624298095703,156.447509765625,73.38823699951172,126.17689514160156,29.36909294128418,33.493125915527344,68.88117980957031,37.511558532714844,30.70758819580078,62.48179626464844,85.22156524658203,129.3227996826172,159.21563720703125,405.4098205566406,71.54214477539062,713.1199951171875,53.889408111572266,206.1699981689453,163.89878845214844,111.38660430908203,186.78057861328125,108.06307220458984,474.0849304199219,346.8725280761719,135.36000061035156,313.2591247558594,192.4026641845703,46.98546600341797,120.95744323730469,64.24205780029297,29.29144287109375,56.431556701660156,145.43089294433594
2023-07-20,435.62957763671875,370.2944030761719,146.5100860595703,150.91293334960938,71.59258270263672,128.2690887451172,29.682254791259766,33.741085052490234,69.47108459472656,37.95212173461914,29.807973861694336,61.43918991088867,83.80052947998047,129.17405700683594,164.1821746826172,413.0841979980469,72.4300765991211,717.0972900390625,55.37425994873047,198.8800048828125,164.8045654296875,111.35772705078125,192.77491760253906,113.30992126464844,474.5931701660156,338.852294921875,129.9600067138672,299.8865051269531,190.45989990234375,45.43149185180664,118.15231323242188,63.975032806396484,28.80237579345703,57.11817932128906,154.26263427734375
2023-07-21,435.62957763671875,369.1838073730469,146.7195281982422,151.72189331054688,71.7785415649414,129.56240844726562,29.926918029785156,33.62663650512695,69.7107162475586,38.28822326660156,29.56846809387207,61.46711349487305,84.43653106689453,130.37399291992188,164.6692657470703,408.6256103515625,73.0643081665039,728.6121215820312,56.164459228515625,199.7100067138672,166.431396484375,111.9259262084961,193.1809844970703,113.7029800415039,476.74853515625,335.8239440917969,130.0,291.69842529296875,189.28636169433594,44.22284698486328,118.9651107788086,64.9244384765625,28.81742286682129,57.16395568847656,155.9208526611328
2023-07-24,437.57568359375,369.7734680175781,147.12893676757812,151.85015869140625,71.55658721923828,129.27711486816406,29.78990936279297,33.950897216796875,69.97802734375,38.90592575073242,29.626882553100586,62.649356842041016,82.89625549316406,128.34104919433594,164.08670043945312,407.570068359375,70.3642807006836,721.1735229492188,56.2078742980957,196.97999572753906,167.9967041015625,111.98370361328125,193.88671875,114.47993469238281,478.7721252441406,337.1329345703125,128.8000030517578,289.0715026855469,190.08514404296875,44.5252571105957,120.46184539794922,64.75631713867188,29.283920288085938,57.1822624206543,156.73626708984375
2023-07-25,438.77032470703125,372.27972412109375,147.23362731933594,154.2869415283203,72.10047912597656,129.22006225585938,29.829051971435547,33.73155212402344,69.95960998535156,39.110313415527344,29.88975715637207,63.20789337158203,82.63787078857422,128.0336456298828,164.0388946533203,405.68603515625,69.97467041015625,723.9010620117188,55.37425994873047,195.89999389648438,168.155029296875,112.23409271240234,189.03329467773438,112.93515014648438,480.8898620605469,342.8673095703125,129.1300048828125,291.9065856933594,190.94313049316406,45.590179443359375,121.13587188720703,64.95409393310547,29.073244094848633,56.99000930786133,157.9364013671875
2023-07-26,438.83770751953125,371.04132080078125,147.56686401367188,152.5999298095703,71.4026107788086,129.1344757080078,29.750761032104492,33.93182373046875,70.04256439208984,39.12393569946289,29.94817352294922,62.863468170166016,82.528564453125,127.76591491699219,157.53466796875,398.3076477050781,69.93843078613281,724.97216796875,55.0616569519043,200.97999572753906,174.77674865722656,112.41708374023438,199.05923461914062,115.3848876953125,478.1321105957031,329.9626770019531,128.14999389648438,295.970947265625,191.8109588623047,45.36362075805664,128.1338348388672,66.63531494140625,29.253820419311523,57.722415924072266,158.23875427246094
2023-07-27,435.9281921386719,370.1567077636719,146.2720947265625,155.3425750732422,70.84871673583984,128.18350219726562,29.457168579101562,33.50267028808594,69.42500305175781,38.874122619628906,30.19157600402832,61.7370719909668,81.25659942626953,126.84366607666016,156.60821533203125,400.0042724609375,69.32229614257812,738.5599365234375,52.734500885009766,198.6300048828125,174.69760131835938,110.68357849121094,204.193115234375,114.54393005371094,475.5249938964844,323.0755920410156,128.25,308.99652099609375,190.5486602783203,45.81075668334961,128.26268005371094,70.28453063964844,31.360576629638672,57.16395568847656,159.12741088867188
2023-07-28,440.1961669921875,376.89910888671875,146.99563598632812,158.34169006347656,71.87852478027344,128.56387329101562,29.525672912597656,33.56942367553711,70.14395141601562,38.99222183227539,30.965595245361328,62.82622146606445,83.2837905883789,128.7773895263672,155.62445068359375,397.4198303222656,69.63941192626953,739.9880981445312,53.32497024536133,201.4499969482422,175.36590576171875,110.87618255615234,199.14627075195312,114.28799438476562,473.3414306640625,330.5487060546875,132.2100067138672,322.64666748046875,193.12255859375,46.65910339355469,131.41473388671875,70.41309356689453,31.62392234802246,57.200584411621094,159.8511962890625
2023-07-31,441.0343017578125,377.0955810546875,147.45263671875,158.46005249023438,72.85433959960938,127.57485961914062,29.25165367126465,33.69340515136719,69.82135009765625,39.7325439453125,30.795211791992188,62.90069580078125,83.76078796386719,128.23194885253906,156.436279296875,396.9364929199219,68.98706817626953,735.8324584960938,54.002281188964844,204.22000122070312,174.96142578125,110.55838012695312,197.6283721923828,115.1563720703125,476.59796142578125,328.1553955078125,133.67999267578125,315.8265380859375,193.73399353027344,46.63814163208008,131.55352783203125,70.60099792480469,32.022701263427734,56.69704818725586,153.48390197753906
2023-08-01,439.77215576171875,376.2209167480469,146.85284423828125,158.37127685546875,72.89033508300781,126.90918731689453,29.144004821777344,33.69340515136719,69.44342041015625,39.546321868896484,30.76600456237793,62.891387939453125,82.77698516845703,126.98249053955078,155.21376037597656,399.52093505859375,68.57026672363281,733.0157470703125,53.42917251586914,202.75,175.72645568847656,110.78952026367188,196.4778594970703,116.47265625,475.06378173828125,328.56561279296875,131.69000244140625,319.9007263183594,192.90560913085938,46.416568756103516,130.39378356933594,69.97796630859375,32.255950927734375,56.550575256347656,154.72987365722656
2023-08-02,433.654541015625,367.9650573730469,145.4533233642578,152.56048583984375,70.57877349853516,126.9947738647461,29.114646911621094,33.40729522705078,69.69229888916016,39.02854919433594,30.065006256103516,60.95512390136719,81.54479217529297,126.29825592041016,156.08290100097656,407.461669921875,68.57026672363281,726.1226196289062,53.62020492553711,199.1300048828125,175.58572387695312,110.75098419189453,198.73052978515625,114.58963775634766,475.1202697753906,319.9300231933594,128.2100067138672,311.5738525390625,189.91751098632812,44.18292999267578,127.25163269042969,67.41658782958984,31.917362213134766,56.724510192871094,155.66433715820312
2023-08-03,432.41180419921875,367.3753356933594,144.72976684570312,152.11654663085938,70.11885833740234,126.35758972167969,28.918916702270508,33.42636489868164,69.49874114990234,39.423702239990234,30.040664672851562,60.92719268798828,80.75975799560547,125.83216094970703,153.71424865722656,429.2122497558594,68.43438720703125,765.1304931640625,53.16867446899414,194.5500030517578,178.37339782714844,107.92926025390625,196.16844177246094,117.77978515625,475.1767578125,319.109375,128.91000366210938,310.4636535644531,188.52699279785156,44.428443908691406,127.32100677490234,68.41542053222656,32.54939270019531,56.431556701660156,156.3331298828125
2023-08-04,430.4561767578125,365.6553955078125,144.0823974609375,152.1757354736328,69.33499908447266,125.91062927246094,28.821054458618164,33.29285430908203,68.80743408203125,39.47820281982422,30.094213485717773,60.35004425048828,80.7100601196289,126.288330078125,153.22714233398438,416.0434875488281,71.2884521484375,760.1615600585938,52.52609634399414,196.9199981689453,180.3344268798828,109.78794860839844,194.254150390625,115.66826629638672,473.17205810546875,320.2035217285156,139.57000732421875,308.0251159667969,179.4739532470703,44.59312438964844,126.9840087890625,69.1373519897461,32.692344665527344,55.58013916015625,154.86724853515625
2023-08-07,434.2133483886719,368.75128173828125,145.301025390625,153.8134002685547,69.77691650390625,127.36560821533203,29.026567459106445,33.760162353515625,69.36968231201172,39.52362060546875,30.454450607299805,60.18247985839844,78.19595336914062,125.4949951171875,154.0103302001953,416.4972229003906,73.09149932861328,768.3934936523438,52.50872802734375,196.82000732421875,183.22756958007812,111.78146362304688,196.28448486328125,116.6920394897461,480.7110290527344,322.4796447753906,142.22000122070312,313.8043212890625,176.37733459472656,45.328697204589844,130.3739471435547,68.61322021484375,32.72997283935547,56.01957321166992,158.58688354492188
2023-08-08,432.32513427734375,365.6160583496094,144.5774688720703,151.27793884277344,68.63912963867188,128.34515380859375,29.046138763427734,33.45497512817383,68.87196350097656,39.71892166137695,30.19157600402832,59.36328887939453,78.83192443847656,126.26848602294922,152.6254425048828,421.92266845703125,72.55692291259766,773.9278564453125,52.23954391479492,193.99000549316406,180.3520050048828,110.62580108642578,194.40882873535156,115.6316909790039,476.1178894042969,318.51348876953125,139.94000244140625,309.9184265136719,177.314208984375,44.57716369628906,130.24508666992188,66.90233612060547,32.47414779663086,55.772396087646484,158.66017150878906
2023-08-09,429.4349060058594,361.59625244140625,144.15855407714844,148.2788543701172,67.84928131103516,128.30712890625,28.9874210357666,33.20702362060547,68.9733657836914,40.21853256225586,29.850812911987305,59.83804702758789,78.76236724853516,126.68499755859375,154.2491455078125,422.5242919921875,72.63846588134766,779.174560546875,52.63898468017578,193.94000244140625,181.60952758789062,109.98055267333984,194.3314971923828,115.6316909790039,472.58843994140625,314.7818603515625,137.85000610351562,302.5531005859375,175.72647094726562,42.47126388549805,128.5203857421875,65.96283721923828,32.03774642944336,55.900569915771484,158.55941772460938
2023-08-10,429.5890808105469,362.26458740234375,143.98719787597656,147.95327758789062,68.28720092773438,128.22152709960938,28.948274612426758,33.23563003540039,68.83509826660156,40.213985443115234,29.906307220458984,59.44707107543945,79.43810272216797,127.10149383544922,152.65406799316406,428.0975646972656,72.48443603515625,786.513916015625,53.22077178955078,192.66000366210938,180.09698486328125,110.55838012695312,194.92124938964844,115.3026351928711,473.8779602050781,315.46563720703125,138.55999755859375,303.0784912109375,175.50950622558594,42.30558776855469,128.55010986328125,64.71675109863281,31.71421241760254,55.772396087646484,157.73484802246094
2023-08-11,429.3385925292969,359.9549560546875,144.01573181152344,144.2438507080078,68.18321228027344,129.02035522460938,29.055923461914062,33.302391052246094,68.9457015991211,40.831687927246094,29.709638595581055,58.75820541381836,79.3685302734375,127.49816131591797,153.71424865722656,434.0851745605469,72.48443603515625,800.3397216796875,53.16867446899414,194.11000061035156,180.94996643066406,109.77830505371094,195.07595825195312,116.85655975341797,478.1415100097656,313.59002685546875,138.41000366210938,299.0142517089844,175.56875610351562,40.77555847167969,128.42124938964844,63.65859603881836,31.51106071472168,56.00127029418945,159.27401733398438
2023-08-14,431.7085266113281,363.99444580078125,143.98719787597656,148.63400268554688,69.07105255126953,129.4102783203125,29.055923461914062,33.23563003540039,68.60464477539062,40.659088134765625,30.065006256103516,58.23690414428711,79.52753448486328,127.34941101074219,153.51368713378906,432.0531921386719,72.34852600097656,801.7579956054688,53.50732421875,192.52000427246094,181.54794311523438,110.67395782470703,194.97926330566406,115.10152435302734,480.8898620605469,316.5500183105469,140.57000732421875,303.5246276855469,177.21788024902344,43.66793441772461,130.1757049560547,67.52537536621094,32.052799224853516,55.73577880859375,158.89840698242188
2023-08-15,426.6796875,360.1318359375,142.09259033203125,146.84835815429688,68.47915649414062,128.9347686767578,28.889554977416992,32.625274658203125,67.86726379394531,39.81430435180664,29.74663734436035,57.724910736083984,79.31884765625,126.94281005859375,151.83267211914062,425.05938720703125,72.15825653076172,799.3081665039062,53.62020492553711,191.22000122070312,180.42233276367188,109.89387512207031,192.7555694580078,114.30626678466797,476.899169921875,314.42034912109375,137.6699981689453,299.3215637207031,175.23297119140625,43.85457229614258,128.6393280029297,64.60797119140625,30.886560440063477,55.36042022705078,158.4403076171875
2023-08-16,423.5485534667969,356.31842041015625,141.05490112304688,144.52993774414062,67.88927459716797,127.95527648925781,28.537242889404297,32.57759094238281,67.71056365966797,39.469112396240234,29.29585838317871,56.56128692626953,77.58976745605469,125.12808990478516,152.83554077148438,423.78692626953125,70.67231750488281,790.808349609375,52.90816879272461,191.9600067138672,181.15220642089844,109.75904846191406,195.3273468017578,124.44344329833984,473.9531555175781,313.65679931640625,135.07000732421875,291.72821044921875,174.36399841308594,43.401451110839844,127.5688247680664,63.51024627685547,30.412538528442383,55.36957550048828,157.9364013671875
2023-08-17,420.3211975097656,352.4263610839844,139.9695281982422,143.55325317382812,66.85746765136719,126.93766784667969,28.243654251098633,32.41547393798828,67.05613708496094,39.94148635864258,29.091400146484375,56.61714172363281,76.46688079833984,124.51323699951172,151.37428283691406,411.28900146484375,69.3132553100586,790.2033081054688,53.96754837036133,187.64999389648438,179.41983032226562,109.412353515625,193.40333557128906,123.5933609008789,464.9176330566406,310.21087646484375,133.97999572753906,282.6082763671875,171.82614135742188,43.25972366333008,128.77809143066406,62.857540130615234,30.314725875854492,55.488590240478516,159.4206085205078
2023-08-18,420.5234680175781,351.98406982421875,140.2170867919922,144.16493225097656,67.13140869140625,126.98526000976562,28.136001586914062,32.40592956542969,67.30500030517578,40.33661651611328,28.789579391479492,56.47750473022461,77.04322052001953,124.36449432373047,151.73721313476562,414.7217102050781,68.75150299072266,805.7450561523438,53.889408111572266,186.97000122070312,179.1560516357422,109.54716491699219,193.26800537109375,122.42332458496094,469.1342468261719,309.8193054199219,133.22000122070312,280.7842712402344,172.30999755859375,43.214813232421875,126.33971405029297,62.88720703125,29.900896072387695,55.799861907958984,158.0280303955078
2023-08-21,423.2595520019531,357.6550598144531,140.18849182128906,149.00889587402344,68.32318878173828,127.11836242675781,28.273012161254883,32.3677864074707,66.85334777832031,40.082271575927734,29.208232879638672,56.85917663574219,77.8978271484375,126.16931915283203,151.73721313476562,420.0681457519531,68.80585479736328,837.453125,53.7591438293457,188.05999755859375,178.1623077392578,109.65310668945312,193.41302490234375,120.82367706298828,468.4189147949219,315.10565185546875,134.67999267578125,287.37640380859375,173.64308166503906,46.87568664550781,127.24170684814453,63.253116607666016,30.397489547729492,55.32380294799805,153.31898498535156
2023-08-22,422.11309814453125,357.1440124511719,139.6363525390625,147.51919555664062,68.26719665527344,126.67140197753906,28.224077224731445,32.06260681152344,66.47544860839844,39.77342987060547,29.208232879638672,56.57990646362305,77.87794494628906,126.22882843017578,151.03041076660156,412.70941162109375,69.1773452758789,833.7437744140625,53.715728759765625,187.27000427246094,175.42747497558594,109.06565856933594,192.49452209472656,119.31543731689453,463.3928527832031,315.6734313964844,134.25,285.0964050292969,175.0157470703125,45.57920455932617,127.94548034667969,62.709197998046875,30.412538528442383,54.98505783081055,152.10049438476562
2023-08-23,426.814453125,362.7756652832031,140.79782104492188,150.71563720703125,69.38899230957031,127.05182647705078,28.282794952392578,32.377323150634766,66.91788482666016,39.673500061035156,29.724245071411133,57.29669952392578,78.36488342285156,126.962646484375,151.26918029785156,415.570068359375,69.8025131225586,833.92236328125,53.455230712890625,187.60000610351562,176.5354766845703,110.5872802734375,194.60220336914062,119.1874771118164,460.66339111328125,320.1178894042969,135.52000427246094,291.6786193847656,178.8571319580078,47.024391174316406,131.20655822753906,64.46952819824219,30.886560440063477,55.17731475830078,150.73541259765625
2023-08-24,420.89923095703125,355.0210876464844,139.44593811035156,146.81875610351562,67.8152847290039,125.94869995117188,28.1262149810791,32.262882232666016,66.38327026367188,39.40098571777344,29.110870361328125,57.25946044921875,77.3313980102539,125.80239868164062,150.21856689453125,417.6020202636719,69.15923309326172,824.4009399414062,53.21208572387695,186.38999938964844,175.97267150878906,111.00138854980469,194.49586486816406,120.56776428222656,459.4021911621094,313.23590087890625,131.83999633789062,284.25384521484375,174.17640686035156,47.07130432128906,128.6393280029297,62.98610305786133,29.99871063232422,55.030845642089844,151.2484588623047
2023-08-25,423.866455078125,357.77294921875,140.15045166015625,147.08509826660156,69.15902709960938,126.87112426757812,28.21429443359375,32.41547393798828,66.75196838378906,39.782508850097656,29.237442016601562,57.724910736083984,78.19595336914062,126.51641082763672,151.221435546875,417.552734375,69.63941192626953,823.5479125976562,53.90676498413086,189.1300048828125,178.70758056640625,111.52144622802734,194.9405975341797,121.18932342529297,460.3622131347656,316.18255615234375,133.25999450683594,283.0146789550781,176.37850952148438,45.92852783203125,128.7384490966797,63.015769958496094,29.712793350219727,55.28717803955078,153.41708374023438
2023-08-28,426.5544128417969,360.46600341796875,141.19769287109375,148.90036010742188,69.490966796875,127.16593170166016,28.410022735595703,32.59667205810547,67.05613708496094,40.05047607421875,29.42242431640625,58.19036102294922,78.43444061279297,127.0320816040039,150.84893798828125,417.6513671875,69.8025131225586,824.0836181640625,53.524696350097656,190.38999938964844,178.79550170898438,113.15862274169922,194.109130859375,120.2752456665039,462.3951416015625,316.8873291015625,133.13999938964844,287.7331848144531,177.9387664794922,46.74394607543945,129.85850524902344,64.58819580078125,31.157426834106445,55.44281768798828,151.6083221435547
2023-08-29,432.7201232910156,368.3385009765625,142.78761291503906,152.71832275390625,70.83871459960938,128.30712890625,28.72318458557129,32.89231491088867,67.29579162597656,40.15949249267578,30.060138702392578,58.972312927246094,78.79218292236328,128.39065551757812,151.03041076660156,415.9547119140625,70.86259460449219,823.3892211914062,54.57538604736328,193.02999877929688,178.2590789794922,114.18909454345703,195.23062133789062,120.88768768310547,463.85406494140625,321.4982604980469,134.91000366210938,295.3959655761719,181.81967163085938,48.68915557861328,133.38723754882812,65.94304656982422,31.262765884399414,55.38788604736328,151.62681579589844
2023-08-30,434.50238037109375,370.39263916015625,143.23507690429688,153.49771118164062,71.47260284423828,128.21202087402344,28.77212142944336,32.9113883972168,67.40641021728516,40.359336853027344,30.152629852294922,58.590641021728516,79.17972564697266,128.76748657226562,151.49842834472656,415.8758239746094,70.3642807006836,828.1103515625,54.16726303100586,192.58999633789062,178.03041076660156,113.5438461303711,195.06626892089844,122.5147476196289,462.6304626464844,321.87030029296875,135.07000732421875,292.5310974121094,185.3055419921875,49.168216705322266,134.68572998046875,67.33745574951172,31.99260139465332,55.36042022705078,151.09158325195312
2023-08-31,433.8665771484375,371.5032653808594,142.73046875,154.11923217773438,71.99250030517578,126.68094635009766,28.410022735595703,32.78740310668945,67.06536865234375,40.3865852355957,30.41939926147461,58.13450622558594,78.7027359008789,127.63699340820312,149.7410125732422,407.3208312988281,69.29512786865234,819.7196044921875,53.53337860107422,208.6999969482422,178.23268127441406,113.63052368164062,194.20579528808594,122.00286102294922,448.5594482421875,320.8619384765625,138.00999450683594,293.31427001953125,185.5228271484375,49.259037017822266,134.97317504882812,69.16703033447266,33.85858917236328,54.774497985839844,149.1998291015625
2023-09-01,434.67578125,371.1101379394531,143.3207550048828,154.109375,72.32844543457031,127.02328491210938,28.47852325439453,33.083045959472656,66.49388885498047,41.21320724487305,30.337617874145508,58.841983795166016,80.6206283569336,128.9261474609375,149.96067810058594,407.3405456542969,69.44915771484375,824.8175659179688,53.85466384887695,216.57000732421875,178.41738891601562,112.68672943115234,196.54551696777344,123.84016418457031,448.239501953125,321.7429504394531,138.1199951171875,293.7999572753906,187.09295654296875,48.41468048095703,134.46763610839844,69.61204528808594,34.580902099609375,54.29843521118164,148.09243774414062
2023-09-05,432.79718017578125,371.5819396972656,141.54991149902344,154.47439575195312,72.68037414550781,125.7109375,27.998991012573242,32.74925994873047,65.92240905761719,41.431217193603516,30.549863815307617,58.42308044433594,79.1499252319336,127.07174682617188,149.9798126220703,402.1937255859375,68.09913635253906,816.1688842773438,52.656349182128906,219.85000610351562,178.1007843017578,110.404296875,193.4226837158203,122.04853820800781,452.540771484375,326.5300598144531,137.27000427246094,297.5371398925781,187.32992553710938,48.45360565185547,134.5767059326172,69.5131607055664,34.452999114990234,53.84983825683594,148.27700805664062
2023-09-06,429.8876953125,368.3089904785156,141.06442260742188,152.67884826660156,72.78434753417969,125.02622985839844,27.920700073242188,32.73018264770508,65.84866333007812,41.44939041137695,30.11368751525879,57.73421859741211,79.38842010498047,126.24866485595703,148.96739196777344,406.2638244628906,67.26555633544922,811.6859130859375,51.814056396484375,222.47000122070312,179.094482421875,109.412353515625,195.2403106689453,123.2551498413086,448.8983459472656,325.8741760253906,135.36000061035156,296.5657043457031,180.62478637695312,46.97336196899414,133.2781982421875,69.63184356689453,34.18965148925781,53.81321716308594,145.8131103515625
2023-09-07,428.56787109375,365.6750183105469,140.50267028808594,149.2949981689453,72.61238861083984,125.58731842041016,27.754331588745117,32.64435958862305,66.00537109375,41.40850830078125,30.045534133911133,57.47357177734375,78.2655029296875,125.82225799560547,150.53121948242188,413.54437255859375,66.99374389648438,818.4996948242188,52.074554443359375,222.0,181.5082244873047,110.97250366210938,197.2512969970703,125.60436248779297,456.3055725097656,322.9666748046875,137.85000610351562,296.070068359375,175.3416290283203,46.15489196777344,134.07115173339844,69.09779357910156,32.67729949951172,53.401248931884766,147.6771697998047
2023-09-08,429.21331787109375,366.18609619140625,140.56936645507812,148.3577880859375,72.7443618774414,125.58731842041016,27.636892318725586,32.71110916137695,66.08831787109375,41.80820083618164,30.22078514099121,57.52011489868164,78.15618896484375,125.79248809814453,150.09950256347656,415.67828369140625,68.86022186279297,823.88525390625,52.81264877319336,220.30999755859375,181.24298095703125,110.71247100830078,197.87974548339844,124.09611511230469,454.2646789550781,327.23492431640625,138.22999572753906,295.29681396484375,175.95387268066406,45.487144470214844,135.1813201904297,69.40437316894531,32.7073974609375,53.401248931884766,148.166259765625
2023-09-11,432.0361328125,370.5007629394531,140.79782104492188,148.46629333496094,73.3342514038086,126.45270538330078,27.793472290039062,32.86370086669922,66.65979766845703,41.25862503051758,30.717323303222656,58.44169998168945,78.33507537841797,126.61558532714844,151.08767700195312,418.76043701171875,69.8025131225586,826.7020263671875,52.8039665222168,224.89999389648438,182.0652313232422,110.77987670898438,199.50396728515625,125.46725463867188,452.9513244628906,330.8276672363281,143.10000610351562,304.8826599121094,177.11915588378906,45.093875885009766,135.71658325195312,69.25601959228516,32.278526306152344,53.90476989746094,150.10415649414062
2023-09-12,429.6661071777344,366.39251708984375,140.616943359375,147.3514862060547,71.22264862060547,126.29103088378906,27.685823440551758,33.083045959472656,66.08831787109375,42.230594635009766,30.26946449279785,57.724910736083984,78.63319396972656,126.41724395751953,152.14303588867188,416.9822692871094,69.58506774902344,825.9481811523438,52.30901336669922,215.72999572753906,182.2686004638672,111.70439910888672,201.37965393066406,126.7378158569336,453.4426574707031,324.7874755859375,141.22999572753906,299.0339660644531,174.09738159179688,44.78644943237305,134.1504669189453,69.5329360961914,31.827075958251953,53.37377166748047,150.9531707763672
2023-09-13,430.1671447753906,367.7881164550781,140.0552520751953,148.5452117919922,71.37261962890625,126.31002807617188,27.744543075561523,33.083045959472656,66.29109191894531,41.91266632080078,30.532339096069336,57.743526458740234,77.79845428466797,126.04042053222656,153.8892059326172,415.3818359375,70.04714965820312,819.4816284179688,51.79669189453125,215.2899932861328,183.39146423339844,112.45559692382812,202.9072265625,127.21310424804688,453.3859558105469,328.9872131347656,144.85000610351562,302.4044189453125,172.0334930419922,45.40031051635742,135.50840759277344,70.06697082519531,32.519290924072266,53.501953125,151.3314971923828
2023-09-14,433.8761901855469,370.79559326171875,141.69276428222656,149.3541717529297,71.72454833984375,126.70944213867188,27.86197853088379,33.38821792602539,66.9639663696289,42.40319061279297,30.877971649169922,58.49755859375,77.71896362304688,126.51641082763672,153.8411865234375,414.5126037597656,70.77909851074219,825.5613403320312,51.657752990722656,211.16000366210938,183.73631286621094,112.98719024658203,205.7904815673828,127.57878112792969,456.9386291503906,331.5716552734375,144.72000122070312,309.0064697265625,173.5443878173828,45.49612808227539,136.8861846923828,70.99658203125,32.87293243408203,53.94487380981445,151.10081481933594
2023-09-15,428.648681640625,364.4465026855469,140.50267028808594,144.83578491210938,70.37081146240234,125.7109375,27.676040649414062,33.21656036376953,66.41094207763672,41.790035247802734,30.25193977355957,58.75820541381836,76.62586212158203,125.55449676513672,153.9658966064453,415.0361633300781,69.23284912109375,816.6549072265625,51.2583122253418,209.00999450683594,182.8610076904297,111.84668731689453,206.0040740966797,126.82009887695312,459.8677978515625,323.2701110839844,140.38999938964844,297.69573974609375,172.82347106933594,43.81825256347656,136.1923370361328,69.10769653320312,32.805213928222656,53.46504211425781,148.98757934570312
2023-09-18,428.9000549316406,364.8263854980469,140.16612243652344,145.31918334960938,70.34281158447266,125.51995086669922,27.556438446044922,33.307559967041016,66.38772583007812,42.1441650390625,30.327880859375,58.87922668457031,75.47313690185547,124.20584106445312,153.34228515625,422.1092834472656,69.1871109008789,817.7559204101562,50.8675651550293,208.19000244140625,182.6222686767578,112.01100158691406,207.85829162597656,128.48370361328125,459.26300048828125,322.134521484375,139.97999572753906,299.91619873046875,175.74652099609375,43.884132385253906,136.9952392578125,69.7208480834961,32.842830657958984,53.7972412109375,149.92884826660156
2023-09-19,428.0105895996094,364.0488586425781,139.93666076660156,144.06626892089844,70.25682067871094,125.62496948242188,27.56624412536621,33.269248962402344,66.22997283935547,41.750675201416016,30.396034240722656,58.255523681640625,75.51288604736328,124.66200256347656,153.1887969970703,426.8313293457031,69.32434844970703,829.9054565429688,50.91098403930664,209.50999450683594,182.5603485107422,111.60504913330078,208.0136260986328,130.22959899902344,454.1607971191406,321.7331848144531,137.6300048828125,302.414306640625,176.83277893066406,43.438968658447266,136.82672119140625,69.92852783203125,33.04598617553711,53.68650436401367,149.67967224121094
2023-09-20,424.0757751464844,358.802734375,139.29603576660156,141.69854736328125,69.6229476928711,125.6345443725586,27.478017807006836,33.039344787597656,66.294921875,41.36177062988281,29.688220977783203,57.84592819213867,73.87323760986328,123.59098815917969,153.55335998535156,434.52691650390625,69.37010192871094,824.8075561523438,51.041221618652344,209.49000549316406,182.056396484375,111.48906707763672,207.51853942871094,130.43072509765625,464.9984130859375,314.0190124511719,135.2899932861328,297.0614013671875,173.29750061035156,42.16033935546875,132.5645294189453,68.90989685058594,34.34765625,53.92641830444336,150.33485412597656
2023-09-21,417.0664978027344,352.227783203125,136.98202514648438,138.8671112060547,67.9852523803711,124.53641510009766,27.125106811523438,32.493316650390625,65.4411849975586,40.79441833496094,29.110870361328125,56.31925582885742,73.23726654052734,122.024169921875,151.09725952148438,432.92657470703125,68.86688995361328,816.6351928710938,51.30173110961914,203.1999969482422,178.7850341796875,108.65713500976562,206.28561401367188,130.16561889648438,473.51171875,312.8051452636719,129.3300018310547,293.1556396484375,171.75697326660156,40.94062042236328,129.29351806640625,67.14957427978516,33.43723678588867,53.0959358215332,149.18138122558594
2023-09-22,416.1286926269531,352.2770690917969,136.43702697753906,140.05099487304688,68.10122680664062,124.27859497070312,26.98786163330078,32.24425506591797,65.08856201171875,40.86304473876953,29.121580123901367,56.59852600097656,72.5019302368164,121.53824615478516,150.11868286132812,433.3414306640625,68.62901306152344,818.083251953125,51.14542770385742,203.13999938964844,178.35177612304688,106.4824447631836,206.85838317871094,130.95172119140625,478.1982116699219,310.33819580078125,129.1199951171875,296.4764709472656,172.60621643066406,41.53252410888672,129.10519409179688,68.11873626708984,33.96392822265625,53.15129470825195,148.11093139648438
2023-09-25,417.8785705566406,353.95025634765625,136.78126525878906,141.0375518798828,68.08723449707031,124.95655822753906,27.164318084716797,32.32088851928711,64.85655212402344,41.37549591064453,29.305593490600586,56.43096160888672,71.42870330810547,121.25067138671875,150.7806854248047,441.00738525390625,68.46432495117188,827.8028564453125,51.37120056152344,203.9499969482422,177.5825958251953,105.52558135986328,206.03317260742188,130.18389892578125,482.14776611328125,310.85699462890625,131.27000427246094,298.2112121582031,173.8800811767578,42.14338684082031,129.95762634277344,67.82205963134766,33.57267379760742,52.59763717651367,147.88943481445312
2023-09-26,411.73944091796875,348.63531494140625,134.85935974121094,138.80795288085938,67.00543212890625,123.8966293334961,26.948650360107422,31.889820098876953,64.37401580810547,41.137577056884766,28.779844284057617,54.64364242553711,72.7503433227539,121.67068481445312,149.36074829101562,437.65850830078125,69.10477447509766,825.5911254882812,50.832828521728516,199.38999938964844,176.68072509765625,103.6408462524414,205.78077697753906,128.65737915039062,477.5841064453125,305.5706481933594,125.9800033569336,296.35748291015625,169.81158447265625,41.83295440673828,127.43997955322266,67.18912506103516,33.309326171875,52.163936614990234,146.74514770507812
2023-09-27,411.90380859375,349.4522705078125,134.9071502685547,140.08059692382812,67.45735168457031,123.27597045898438,26.860424041748047,31.8419189453125,63.845062255859375,42.1624641418457,28.760374069213867,54.662261962890625,73.52545166015625,122.23663330078125,148.1519012451172,438.9920959472656,69.12307739257812,825.7398681640625,50.268402099609375,201.83999633789062,177.1493377685547,104.64604187011719,205.45069885253906,128.53855895996094,475.9588317871094,306.2070007324219,125.9800033569336,295.14813232421875,168.30068969726562,42.38892364501953,129.3926239013672,67.45614624023438,33.52752685546875,51.62873458862305,144.9825897216797
2023-09-28,414.29180908203125,352.3755187988281,135.8441925048828,142.3496551513672,67.97325897216797,123.86800384521484,27.036876678466797,32.07181930541992,64.03993225097656,42.208221435546875,28.955093383789062,55.17425537109375,73.30682373046875,121.96855163574219,148.1710968017578,436.68048095703125,69.0041275024414,827.7333984375,50.485496520996094,202.83999633789062,178.2987518310547,107.1106948852539,206.07200622558594,128.3466033935547,481.9777526855469,307.0390625,125.9800033569336,301.3139953613281,168.55743408203125,43.008766174316406,131.14707946777344,64.47941589355469,34.46052169799805,51.49955749511719,144.77037048339844
2023-09-29,413.28631591796875,352.63140869140625,135.48086547851562,143.03038024902344,68.23920440673828,122.93221282958984,26.860424041748047,31.77486228942871,63.85435104370117,41.35719299316406,28.994037628173828,54.86705780029297,72.56153869628906,121.42245483398438,146.2522735595703,429.57763671875,68.5649642944336,816.218505859375,50.398658752441406,203.4499969482422,177.0255584716797,106.33747100830078,202.10142517089844,127.33197784423828,476.3935241699219,309.1047058105469,127.12000274658203,297.5966491699219,169.07095336914062,43.417999267578125,129.70982360839844,67.27813720703125,34.33261489868164,51.65642166137695,143.72760009765625
2023-10-02,413.1219787597656,355.5743408203125,133.95095825195312,144.26356506347656,68.61713409423828,122.76030731201172,26.732982635498047,31.506637573242188,63.41817855834961,40.53361892700195,29.548995971679688,54.41091537475586,70.20642852783203,119.7841567993164,145.07217407226562,432.116455078125,67.79642486572266,811.3289184570312,50.23366928100586,201.17999267578125,176.96365356445312,105.56425476074219,200.37339782714844,127.03031921386719,486.2012939453125,315.0273132324219,129.4600067138672,304.14910888671875,171.5792236328125,44.69861602783203,132.99073791503906,67.20890045166016,34.21221923828125,51.195037841796875,143.17385864257812
2023-10-03,407.5918884277344,349.3341369628906,132.34458923339844,141.05726623535156,66.89545440673828,121.6717529296875,26.44869041442871,31.008508682250977,62.96348190307617,40.506168365478516,28.838260650634766,53.86168670654297,70.10706329345703,118.47351837158203,146.36740112304688,433.1734924316406,67.03703308105469,801.6885375976562,49.68661117553711,200.25,178.2987518310547,103.98881530761719,198.9269256591797,127.42337036132812,481.3824768066406,306.7944030761719,124.72000122070312,298.3202819824219,170.24607849121094,43.435970306396484,131.26605224609375,67.0803451538086,33.7231559753418,50.64137649536133,143.3491973876953
2023-10-04,410.5599670410156,354.0881042480469,133.09994506835938,143.25729370117188,67.97724914550781,122.18739318847656,26.615345001220703,31.238420486450195,63.4645881652832,39.23419952392578,29.53925895690918,53.75929260253906,69.4412612915039,119.3274154663086,147.71058654785156,436.67059326171875,68.38197326660156,808.3138427734375,49.26112747192383,200.47999572753906,179.6957244873047,105.380615234375,201.6063232421875,130.03955078125,482.468994140625,312.2471008300781,127.0,302.91986083984375,171.4903564453125,43.9589958190918,134.05136108398438,67.35724639892578,34.0767936706543,50.78901672363281,143.51531982421875
2023-10-05,410.4052429199219,353.0447998046875,132.71749877929688,143.25729370117188,67.89327239990234,122.8558120727539,26.634950637817383,31.382104873657227,62.211822509765625,38.991703033447266,29.559703826904297,53.9734001159668,71.69700622558594,120.91606140136719,148.43971252441406,440.3948669433594,68.34537506103516,824.3116455078125,49.48918151855469,201.39999389648438,183.373779296875,106.01850891113281,204.60609436035156,130.35057067871094,487.76971435546875,312.6387023925781,125.95999908447266,302.13677978515625,172.72474670410156,44.60478591918945,133.88282775878906,68.286865234375,34.693763732910156,48.3344612121582,145.01026916503906
2023-10-06,415.27789306640625,358.9602355957031,133.86489868164062,146.35507202148438,69.72692108154297,124.14491271972656,26.811405181884766,31.650325775146484,61.868465423583984,39.22504806518555,30.133161544799805,54.55986022949219,71.77649688720703,121.61112213134766,149.13047790527344,439.89105224609375,68.38197326660156,829.7169799804688,49.699703216552734,209.60000610351562,187.3789825439453,107.16869354248047,203.43145751953125,130.6798553466797,495.876708984375,320.3724365234375,127.95999908447266,312.6841735839844,175.2725067138672,45.67678451538086,136.3707733154297,69.30220794677734,34.91196823120117,49.035762786865234,145.47166442871094
2023-10-09,417.9366455078125,360.7909240722656,134.82107543945312,145.9801788330078,70.19084167480469,124.57462310791016,26.860424041748047,31.669492721557617,61.92414855957031,40.53361892700195,30.172103881835938,54.42953872680664,71.21009063720703,121.17422485351562,151.08767700195312,446.3023376464844,68.67474365234375,825.0059204101562,49.655845642089844,213.16000366210938,190.7653045654297,108.37686157226562,204.34400939941406,131.0457305908203,497.4830322265625,322.8785705566406,128.25999450683594,315.588623046875,176.7537841796875,45.18869400024414,137.2034149169922,68.82674407958984,34.15955352783203,48.79585266113281,146.3022003173828
2023-10-10,420.11187744140625,362.7889709472656,135.853759765625,147.78558349609375,70.51677703857422,125.1666259765625,27.125106811523438,31.899394989013672,62.5551643371582,40.58395004272461,30.33275032043457,54.50400924682617,71.64732360839844,122.15719604492188,150.4832763671875,448.9992980957031,69.50733947753906,828.1202392578125,49.462867736816406,213.8800048828125,191.05709838867188,108.01924133300781,203.54795837402344,130.1218719482422,495.3381652832031,321.47869873046875,129.47999572753906,319.0383605957031,176.16127014160156,45.71272277832031,136.8465576171875,68.42059326171875,34.12193298339844,49.85702133178711,146.13609313964844
2023-10-11,421.8327941894531,365.37762451171875,136.14064025878906,149.38377380371094,70.91270446777344,124.61280059814453,26.70357322692871,31.947288513183594,62.128292083740234,40.062347412109375,30.773792266845703,55.444217681884766,70.8722152709961,122.75294494628906,150.32015991210938,451.1231689453125,70.41311645507812,829.22119140625,49.6909294128418,216.72000122070312,191.95008850097656,107.71961212158203,204.04302978515625,131.59458923339844,495.2342834472656,325.423828125,131.8300018310547,324.9662780761719,177.55364990234375,46.71883773803711,139.31468200683594,69.54988098144531,34.90444564819336,49.561737060546875,144.12437438964844
2023-10-12,419.2611083984375,364.1078796386719,134.4386444091797,150.1434326171875,70.61876678466797,123.5433349609375,26.252634048461914,31.746124267578125,61.450870513916016,40.10810470581055,30.649169921875,54.950836181640625,68.28854370117188,120.28060150146484,148.7563018798828,453.6522216796875,70.2301254272461,831.621337890625,49.348838806152344,215.97000122070312,194.5671844482422,107.06236267089844,203.22756958007812,131.0823516845703,496.56640625,324.1903991699219,132.3300018310547,321.33807373046875,178.4522705078125,46.85758972167969,137.74856567382812,69.09419250488281,34.32508850097656,48.73125457763672,144.26278686523438
2023-10-13,417.1728210449219,359.53106689453125,134.1422119140625,146.38467407226562,69.84291076660156,124.31680297851562,26.45849609375,31.813180923461914,61.989105224609375,40.99116134643555,29.938438415527344,54.699493408203125,69.16302490234375,120.76712036132812,152.3636932373047,456.9516906738281,71.04442596435547,832.7520751953125,49.53304672241211,216.11000061035156,193.96595764160156,106.73374938964844,204.7808837890625,141.73907470703125,509.6624450683594,320.83258056640625,129.7899932861328,311.9505920410156,176.61550903320312,45.3763427734375,136.15269470214844,68.55927276611328,34.385276794433594,48.805076599121094,144.74266052246094
2023-10-16,421.5621032714844,363.5960388183594,135.81552124023438,148.07167053222656,70.6447525024414,125.25257873535156,26.64475440979004,32.148460388183594,62.62939453125,41.265689849853516,30.327880859375,55.006690979003906,69.76918029785156,121.43238830566406,153.35189819335938,449.76983642578125,72.46257019042969,836.7489624023438,50.14704895019531,211.9600067138672,193.47084045410156,108.17388153076172,207.7709503173828,143.66001892089844,508.367919921875,325.6392517089844,132.5500030517578,318.35430908203125,176.4871368408203,46.00917053222656,137.87741088867188,68.43050384521484,34.42289733886719,49.30336380004883,145.3701629638672
2023-10-17,421.542724609375,362.4050598144531,136.48484802246094,146.3254852294922,71.002685546875,125.08069610595703,26.654560089111328,32.301727294921875,62.89852523803711,41.695777893066406,30.259727478027344,54.960147857666016,69.85862731933594,121.27351379394531,153.5629425048828,449.7303466796875,73.6336898803711,829.9947509765625,50.322486877441406,207.94000244140625,191.41958618164062,108.01924133300781,209.81932067871094,145.38890075683594,507.06402587890625,325.0713806152344,131.47000122070312,321.1795654296875,174.93675231933594,43.85618209838867,138.49195861816406,68.35125732421875,33.21151351928711,49.8939323425293,144.0413055419922
2023-10-18,415.9256591796875,357.651123046875,134.32388305664062,143.39541625976562,69.93488311767578,123.99211883544922,26.370269775390625,31.746124267578125,63.13050842285156,42.075538635253906,29.42242431640625,54.42953872680664,68.05998992919922,118.72174072265625,152.59396362304688,450.19464111328125,72.892578125,819.2633666992188,49.86636734008789,206.1999969482422,190.96868896484375,105.97019958496094,208.8776397705078,145.60841369628906,506.5064697265625,323.1624450683594,128.1300048828125,314.210693359375,173.64308166503906,42.1174201965332,136.74742126464844,68.48992156982422,33.44476318359375,49.875492095947266,140.94065856933594
2023-10-19,412.27117919921875,354.30462646484375,132.66012573242188,142.41873168945312,69.4969711303711,122.76988983154297,26.193811416625977,31.32463836669922,62.666526794433594,42.00233459472656,29.062191009521484,53.72205352783203,66.66878509521484,116.775634765625,150.69432067871094,447.7742614746094,71.76724243164062,802.015869140625,49.54181671142578,202.1699981689453,189.31529235839844,105.90253448486328,204.40223693847656,144.3460693359375,502.3206787109375,324.3469543457031,128.39999389648438,310.0869140625,173.2678680419922,42.022605895996094,136.53927612304688,66.89506530761719,32.39891052246094,50.15230941772461,140.56234741210938
2023-10-20,407.2051696777344,349.0191650390625,131.00592041015625,140.18911743164062,67.74129486083984,122.28287506103516,26.036958694458008,30.845659255981445,62.42523956298828,41.2977180480957,28.429346084594727,52.94941329956055,66.49983215332031,116.3387680053711,150.22422790527344,447.3198547363281,71.18167114257812,801.8472290039062,49.52427673339844,200.38999938964844,188.15704345703125,104.40440368652344,201.9169921875,141.63844299316406,497.9743347167969,319.7948303222656,125.16999816894531,305.9632263183594,170.72010803222656,41.309940338134766,134.40818786621094,66.58798217773438,32.2484245300293,50.355316162109375,141.18988037109375
2023-10-23,406.4993896484375,350.07232666015625,130.174072265625,140.68240356445312,67.74530029296875,121.51895904541016,25.919326782226562,30.65407371520996,62.30462646484375,40.629703521728516,28.818790435791016,53.163516998291016,65.04900360107422,115.19693756103516,149.62937927246094,444.5439758300781,70.96208190917969,789.0231323242188,49.120784759521484,195.1300048828125,188.86436462402344,104.10478973388672,200.4899444580078,140.3944091796875,492.8153381347656,322.3890380859375,126.55999755859375,311.2765197753906,170.8385772705078,42.89497375488281,135.3002471923828,66.25118255615234,31.458393096923828,49.903167724609375,139.70411682128906
2023-10-24,409.56414794921875,353.4779052734375,131.00592041015625,142.32994079589844,68.3631820678711,121.89137268066406,25.909526824951172,30.86482048034668,62.833560943603516,40.05778121948242,29.062191009521484,53.86168670654297,66.66878509521484,116.51748657226562,148.35337829589844,446.5691223144531,71.50189208984375,797.6915893554688,49.226043701171875,197.19000244140625,189.4302520751953,103.35089111328125,205.26625061035156,142.9190673828125,496.0562744140625,323.5736083984375,128.55999755859375,309.8292541503906,171.27313232421875,43.58169174194336,137.58998107910156,67.42999267578125,32.32366943359375,51.342674255371094,139.5564727783203
2023-10-25,403.6860046386719,344.8262634277344,129.5620880126953,136.81509399414062,66.52952575683594,120.80279541015625,25.527206420898438,30.74986457824707,63.0469970703125,39.98456954956055,28.147001266479492,52.49327087402344,65.08876037597656,114.29338073730469,157.4102020263672,447.507568359375,71.72146606445312,790.5108032226562,49.655845642089844,194.77999877929688,189.27996826171875,103.1575927734375,209.3533172607422,143.09288024902344,500.97894287109375,333.500244140625,121.38999938964844,296.92254638671875,168.9623565673828,41.701202392578125,124.50598907470703,65.874755859375,31.736785888671875,51.78559875488281,139.8702392578125
2023-10-26,398.85198974609375,338.2513122558594,129.29437255859375,135.61151123046875,65.85365295410156,119.60920715332031,25.19390106201172,30.682809829711914,62.6386833190918,39.673439025878906,27.261016845703125,51.357574462890625,65.76449584960938,114.23381805419922,156.2109375,446.1640930175781,71.82212829589844,785.5220947265625,46.46299362182617,190.13999938964844,190.47352600097656,103.69884490966797,206.86807250976562,140.74200439453125,499.23101806640625,320.98919677734375,119.56999969482422,285.83984375,164.804931640625,40.25090789794922,121.20525360107422,63.923274993896484,28.78732681274414,51.471866607666016,137.49862670898438
2023-10-27,397.0440673828125,339.8753662109375,127.80274200439453,136.4500732421875,65.82565307617188,117.58482360839844,24.84099006652832,30.12721061706543,61.78495788574219,38.72175598144531,27.777029037475586,50.864200592041016,63.717430114746094,111.612548828125,154.82940673828125,442.5978088378906,70.10205841064453,768.8299560546875,44.752540588378906,189.52000427246094,184.81497192382812,101.21487426757812,202.46066284179688,140.01022338867188,495.7349548339844,322.8687744140625,127.73999786376953,294.14691162109375,166.11831665039062,40.424583435058594,121.09620666503906,65.03275299072266,29.3215389251709,50.973575592041016,134.36105346679688
2023-10-30,401.7911071777344,343.7041320800781,128.80674743652344,136.10479736328125,66.69949340820312,118.24369812011719,24.80177879333496,30.66364860534668,62.750030517578125,38.84986877441406,28.156736373901367,52.083675384521484,64.78070831298828,112.22814178466797,156.14378356933594,443.9808654785156,71.15421295166016,771.299560546875,44.954288482666016,190.27999877929688,186.8485107421875,102.48101806640625,207.4602813720703,141.95860290527344,500.7711486816406,330.2109680175781,132.7100067138672,300.0252990722656,168.16244506835938,41.084354400634766,123.36608123779297,65.44879913330078,31.450868606567383,51.81329345703125,135.6806640625
2023-10-31,404.314453125,345.347900390625,129.8776397705078,137.0814666748047,67.47734832763672,118.92168426513672,25.027244567871094,30.998933792114258,62.97276306152344,38.97798156738281,28.09832000732422,51.15277862548828,65.81417846679688,112.87352752685547,157.65963745117188,449.8389892578125,71.85873413085938,773.5014038085938,45.19989013671875,192.7100067138672,188.73178100585938,103.84384155273438,208.35340881347656,144.6113739013672,506.0340576171875,330.9941101074219,133.08999633789062,298.64739990234375,168.6364288330078,40.704063415527344,122.98943328857422,66.24127960205078,30.20938491821289,52.12702560424805,136.88954162597656
2023-11-01,408.6263427734375,351.3419494628906,130.31747436523438,140.4949493408203,68.03324127197266,119.16993713378906,25.125276565551758,31.200096130371094,62.90779495239258,38.88646697998047,28.85773277282715,52.362945556640625,67.17557525634766,114.3926773071289,157.3813934326172,454.0177307128906,73.36836242675781,784.7882080078125,44.980594635009766,187.0500030517578,186.4860076904297,104.62671661376953,213.87725830078125,146.0017547607422,502.2923278808594,338.7865295410156,137.0,309.13525390625,171.79647827148438,42.246185302734375,125.3386001586914,68.74749755859375,31.40572166442871,52.08088684082031,137.21253967285156
2023-11-02,416.4574279785156,357.72003173828125,133.20513916015625,144.13531494140625,69.21902465820312,121.06061553955078,25.49779510498047,31.93770980834961,63.72441482543945,40.062347412109375,29.402956008911133,54.03855895996094,67.83143615722656,115.99125671386719,160.07736206054688,442.1730651855469,74.31989288330078,812.0827026367188,44.84902572631836,189.91000366210938,187.94488525390625,102.70332336425781,212.21719360351562,145.23336791992188,506.5726013183594,340.9892272949219,138.07000732421875,308.1638488769531,175.3514862060547,43.424991607666016,126.36945343017578,69.77771759033203,31.72173500061035,52.68069076538086,138.6428985595703
2023-11-03,420.2569580078125,361.92279052734375,135.38523864746094,147.49945068359375,69.94888305664062,121.66219329833984,25.997753143310547,32.35920715332031,63.798667907714844,39.65971374511719,29.656089782714844,55.546607971191406,71.01134490966797,118.94017791748047,161.2958221435547,447.27044677734375,74.64925384521484,810.2081298828125,46.3314208984375,194.58999633789062,184.45245361328125,104.298095703125,212.4016571044922,142.89163208007812,501.63092041015625,345.3748779296875,138.60000610351562,311.86138916015625,174.44297790527344,44.92119598388672,127.96529388427734,71.8976058959961,32.36128234863281,52.35771942138672,139.65797424316406
2023-11-06,421.2237243652344,363.39923095703125,134.6776580810547,147.9335479736328,69.784912109375,122.4738540649414,25.98794937133789,32.26340866088867,63.900733947753906,39.21132278442383,29.97738265991211,58.34861373901367,69.4412612915039,118.5628890991211,162.3511199951172,454.4326171875,74.23754119873047,825.5911254882812,46.305110931396484,196.14999389648438,188.36041259765625,104.18211364746094,213.13946533203125,144.7394256591797,504.0498046875,349.02642822265625,139.74000549316406,313.0509033203125,176.99075317382812,45.665809631347656,129.10519409179688,72.2343978881836,32.4816780090332,52.56996154785156,139.9901885986328
2023-11-07,422.4225158691406,366.83428955078125,134.3908233642578,148.86090087890625,71.19664764404297,122.55980682373047,25.98794937133789,32.21551513671875,64.05850219726562,38.34199523925781,30.327880859375,57.38978958129883,71.07096862792969,119.44657135009766,162.48545837402344,452.48651123046875,73.75263214111328,823.9844360351562,45.86653137207031,194.1199951171875,187.75918579101562,104.59770965576172,212.54727172851562,145.0870361328125,508.1789245605469,352.9422607421875,142.7100067138672,316.0446472167969,179.5484161376953,45.86943435668945,129.8188934326172,72.11553192138672,32.42148208618164,52.76374435424805,139.25192260742188
2023-11-08,422.73187255859375,367.07049560546875,134.17086791992188,149.3936309814453,71.6785659790039,122.38790130615234,25.8212947845459,32.25382995605469,63.80794143676758,37.861576080322266,30.503129959106445,56.29133224487305,68.99407196044922,117.63947296142578,163.35855102539062,455.0846252441406,71.27315521240234,816.0499877929688,45.98055648803711,194.1300048828125,187.92718505859375,105.51592254638672,212.61520385742188,145.0870361328125,507.1395568847656,355.5560302734375,142.0800018310547,316.9962158203125,180.60499572753906,46.487274169921875,130.68121337890625,71.60041046142578,32.54939270019531,52.68069076538086,138.74441528320312
2023-11-09,419.4350891113281,364.24566650390625,133.0330810546875,149.1272735595703,71.07067108154297,119.85745239257812,25.360549926757812,32.119720458984375,63.54811477661133,37.7471923828125,30.18086814880371,55.732791900634766,66.17192077636719,114.16431427001953,163.1570281982422,456.2601318359375,68.6015625,793.7045288085938,44.21747589111328,166.60000610351562,191.3135223388672,104.91667938232422,212.4404754638672,146.67868041992188,509.28448486328125,353.0988464355469,140.60000610351562,317.7596130371094,180.13104248046875,46.862579345703125,129.0952911376953,72.87828826904297,33.241607666015625,52.28390121459961,136.04055786132812
2023-11-10,425.9803161621094,372.434814453125,134.5915985107422,155.1649627685547,72.84033966064453,120.57361602783203,25.5958251953125,32.483734130859375,63.9935302734375,38.163551330566406,30.9315185546875,56.133079528808594,66.52965545654297,114.71041107177734,164.7976531982422,463.60009765625,69.46159362792969,792.3953247070312,44.39291000366211,165.0800018310547,191.9589385986328,106.10549926757812,215.94509887695312,146.71527099609375,511.37261962890625,361.889892578125,143.55999755859375,325.90802001953125,184.31369018554688,48.2449951171875,131.4246368408203,74.65145874023438,33.85858917236328,52.33926773071289,135.8837127685547
2023-11-13,425.57427978515625,371.2732849121094,134.41949462890625,154.21788024902344,72.9143295288086,121.27069091796875,25.664445877075195,32.43583679199219,64.19768524169922,38.43808364868164,30.921781539916992,55.56522750854492,66.85758209228516,114.60118103027344,164.72088623046875,464.9337158203125,68.5558090209961,790.1736450195312,43.98941421508789,166.25,191.93243408203125,105.02298736572266,215.5178985595703,148.1148223876953,512.6575927734375,358.9627685546875,142.58999633789062,326.32440185546875,182.73159790039062,48.52945327758789,130.9290008544922,74.07691192626953,33.9940185546875,52.53304672241211,136.234375
2023-11-14,433.83074951171875,379.2655029296875,138.25379943847656,158.92373657226562,74.91395568847656,122.0918960571289,26.115388870239258,33.048919677734375,64.85655212402344,38.78123474121094,31.632518768310547,57.61320114135742,70.46479034423828,117.07352447509766,165.15261840820312,448.317626953125,68.36367797851562,787.1982421875,44.31395721435547,173.4499969482422,187.22866821289062,106.75308227539062,213.13946533203125,145.92857360839844,510.6639404296875,362.4771728515625,145.8000030517578,333.38238525390625,185.342041015625,49.56353759765625,132.445556640625,76.4444351196289,34.513187408447266,52.68992233276367,136.26202392578125
2023-11-15,434.74920654296875,379.55096435546875,138.90396118164062,159.04212951660156,74.49603271484375,122.18739318847656,26.301647186279297,33.230934143066406,65.376220703125,38.708030700683594,31.525419235229492,58.032108306884766,70.65359497070312,117.19267272949219,164.22198486328125,440.96783447265625,68.65646362304688,785.8890380859375,45.23497009277344,176.77999877929688,186.60980224609375,107.33300018310547,211.8482666015625,144.22718811035156,508.7268981933594,362.6243591308594,143.1999969482422,329.8136901855469,185.9056396484375,48.79696273803711,133.43679809570312,76.41471099853516,34.63357925415039,52.791419982910156,137.31402587890625
2023-11-16,435.28094482421875,379.87579345703125,138.44500732421875,159.63406372070312,74.52802276611328,122.71257019042969,26.429086685180664,33.36504364013672,64.56888580322266,37.95308303833008,31.729873657226562,58.44169998168945,69.68968963623047,116.19976043701172,164.48101806640625,445.31451416015625,68.18069458007812,790.0149536132812,44.59465408325195,175.32000732421875,187.60887145996094,108.51215362548828,215.5178985595703,146.30361938476562,510.05914306640625,369.0005187988281,142.8300018310547,331.2808837890625,187.58665466308594,49.38787078857422,135.7264862060547,75.94913482666016,34.6185302734375,52.736053466796875,138.513671875
2023-11-17,435.8223571777344,379.9643249511719,139.11434936523438,160.3838348388672,74.76798248291016,122.46430969238281,26.350664138793945,33.53746795654297,64.48536682128906,38.749210357666016,31.583831787109375,57.948326110839844,72.20381164550781,117.26216888427734,163.62716674804688,444.7415771484375,69.03157043457031,795.8567504882812,44.59465408325195,176.5399932861328,188.6964111328125,107.67127990722656,216.12953186035156,144.13568115234375,506.7237243652344,362.8009948730469,145.17999267578125,332.1234436035156,187.5668487548828,49.206207275390625,134.12071228027344,76.83076477050781,35.07749938964844,52.83755111694336,138.2276153564453
2023-11-20,439.1771240234375,384.59039306640625,139.6688995361328,162.6824951171875,75.91576385498047,123.2091064453125,26.566328048706055,33.67158508300781,64.43897247314453,38.80411148071289,32.14852523803711,59.12125778198242,73.0285873413086,118.07635498046875,164.23158264160156,447.4779968261719,69.53480529785156,795.0732421875,42.892967224121094,178.7100067138672,187.44090270996094,108.39617919921875,216.64404296875,145.763916015625,505.59942626953125,370.246337890625,146.1300048828125,337.010498046875,189.30714416503906,50.31513214111328,135.05245971679688,77.88080596923828,35.62676239013672,52.96674728393555,139.4461669921875
2023-11-21,438.22003173828125,382.3561706542969,139.41075134277344,160.2852020263672,75.88777160644531,123.95393371582031,26.742780685424805,33.652427673339844,64.63384246826172,38.7171745300293,31.99275016784668,58.534793853759766,71.5479507446289,117.13308715820312,164.72088623046875,448.8016357421875,68.33622741699219,792.2861938476562,42.52455520629883,176.39999389648438,190.58847045898438,109.65266418457031,218.71185302734375,148.01419067382812,509.8419189453125,365.9596252441406,143.89999389648438,334.04656982421875,188.5062255859375,49.85100173950195,135.76612854003906,75.98876190185547,34.79158401489258,53.548091888427734,140.57171630859375
2023-11-22,439.9118957519531,383.9210510253906,140.06094360351562,159.93988037109375,75.87177276611328,124.54593658447266,26.938846588134766,33.78654098510742,65.09782409667969,38.698875427246094,31.99275016784668,58.56271743774414,72.34292602539062,117.87777709960938,164.7976531982422,451.9036560058594,69.26031494140625,793.1787719726562,43.349082946777344,175.7100067138672,191.28697204589844,110.49354553222656,220.05154418945312,148.74600219726562,513.781982421875,370.6484375,146.7100067138672,338.51727294921875,189.16873168945312,48.62528610229492,137.2727813720703,76.37509155273438,35.29569625854492,53.907962799072266,140.29266357421875
2023-11-24,440.1825866699219,383.3797912597656,140.47210693359375,159.58473205566406,76.1197280883789,125.21438598632812,27.056480407714844,33.891910552978516,65.33912658691406,38.8590202331543,31.778554916381836,58.01348876953125,73.1975326538086,118.51323699951172,165.02789306640625,455.77606201171875,68.967529296875,791.7606201171875,43.64731979370117,176.57000732421875,192.02969360351562,110.56121063232422,220.4107666015625,149.7613525390625,516.9378662109375,370.2364501953125,146.74000549316406,335.2857360839844,187.84368896484375,47.68703842163086,135.4886016845703,76.14725494384766,35.06244659423828,54.0463752746582,141.8553924560547
2023-11-27,439.38983154296875,383.04510498046875,140.1852264404297,159.486083984375,76.08573150634766,124.43135833740234,26.889829635620117,33.77695083618164,65.15351104736328,38.72175598144531,31.82723617553711,58.23690414428711,72.77022552490234,117.72885131835938,164.5194091796875,456.289794921875,68.54666900634766,791.5422973632812,42.99822235107422,173.3300018310547,191.62294006347656,109.35302734375,221.68251037597656,150.39251708984375,513.6214599609375,371.3940124511719,147.72999572753906,331.7864074707031,187.6657257080078,48.15217208862305,135.21107482910156,76.78125762939453,35.52142333984375,53.94487380981445,140.72055053710938
2023-11-28,439.8248291015625,384.04901123046875,140.0513916015625,158.56858825683594,76.52565002441406,123.7916030883789,26.742780685424805,33.76737594604492,65.45048522949219,38.73090744018555,32.05116653442383,59.102638244628906,72.57147216796875,117.37138366699219,162.79246520996094,456.00335693359375,68.17154693603516,794.5772705078125,42.9105110168457,174.75999450683594,190.92445373535156,109.00508117675781,218.42062377929688,149.340576171875,510.7301330566406,375.406005859375,147.02999877929688,336.03900146484375,188.26889038085938,47.73195266723633,135.99411010742188,75.40431213378906,35.2806510925293,54.055606842041016,141.04611206054688
2023-11-29,439.5155334472656,383.67498779296875,140.60594177246094,160.02870178222656,77.75341796875,123.82977294921875,26.772193908691406,34.00685501098633,64.92151641845703,38.44265365600586,31.84670639038086,59.000244140625,73.3863296508789,118.49337768554688,162.8500518798828,451.1627197265625,68.83030700683594,801.96630859375,42.73508071899414,173.36000061035156,189.951904296875,108.9181137084961,218.50799560546875,149.1027374267578,505.4861145019531,371.62939453125,146.32000732421875,329.30816650390625,187.25042724609375,48.050350189208984,133.8035125732422,75.96894836425781,35.60419464111328,53.73264694213867,141.49261474609375
2023-11-30,441.2460632324219,382.71038818359375,141.80120849609375,158.3219451904297,78.37930297851562,125.38626861572266,27.017269134521484,34.39004135131836,65.57111358642578,38.698875427246094,31.34043312072754,58.68373489379883,75.04584503173828,120.07210540771484,164.72862243652344,465.486572265625,70.083740234375,817.0615234375,43.31399917602539,174.30999755859375,193.06411743164062,110.02960968017578,222.73097229003906,150.04490661621094,522.4841918945312,371.6882629394531,146.08999633789062,324.3021545410156,187.8239288330078,46.68291473388672,131.3651580810547,75.40431213378906,36.34907913208008,54.35581588745117,143.86465454101562
2023-12-01,443.8564758300781,383.8030090332031,143.93348693847656,158.9632110595703,79.46910095214844,125.88282012939453,27.31136131286621,34.6486701965332,65.84021759033203,38.90019607543945,31.34043312072754,58.94438552856445,77.34133911132812,121.73025512695312,167.4357452392578,459.64031982421875,71.04442596435547,808.1848754882812,43.94554901123047,178.83999633789062,194.10743713378906,110.41622161865234,221.9834747314453,148.60877990722656,518.7582397460938,367.3721618652344,147.02999877929688,321.9924011230469,189.09951782226562,46.677921295166016,130.7010498046875,75.21609497070312,36.40926742553711,54.54184341430664,147.3249969482422
2023-12-04,441.5264587402344,380.23992919921875,144.00039672851562,156.64480590820312,78.48528289794922,126.12152099609375,27.409393310546875,34.6103630065918,65.92373657226562,38.72175598144531,30.795211791992188,57.76214599609375,78.69281005859375,122.5146484375,168.00411987304688,454.3479309082031,71.67572784423828,816.5755615234375,43.84029769897461,179.00999450683594,194.31961059570312,111.1797866821289,221.45924377441406,149.477783203125,519.8201293945312,362.1044616699219,144.83999633789062,317.2342224121094,187.3097686767578,45.42525100708008,128.1338348388672,73.59150695800781,35.717044830322266,54.47673034667969,147.79005432128906
2023-12-05,441.43951416015625,381.1947021484375,142.71908569335938,156.64480590820312,78.4732894897461,125.95918273925781,27.223134994506836,34.43793869018555,65.4040756225586,38.04460144042969,31.252805709838867,57.28738784790039,78.30525207519531,122.02812194824219,166.73248291015625,455.8219909667969,72.29788208007812,814.1754760742188,44.0595817565918,177.9600067138672,193.0464630126953,110.26158142089844,220.25543212890625,149.5875244140625,521.6973266601562,365.4200439453125,146.8800048828125,315.5192565917969,191.25509643554688,46.48337173461914,129.83871459960938,72.99714660644531,35.19036102294922,54.5604362487793,147.4831085205078
2023-12-06,439.6605529785156,378.9898986816406,142.7669219970703,155.38201904296875,77.66543579101562,126.0546875,27.262346267700195,34.26551055908203,65.2370376586914,37.47724151611328,30.98019790649414,56.91503143310547,79.04061126708984,122.98130798339844,167.5802459716797,452.65643310546875,72.60896301269531,828.9037475585938,43.75258255004883,178.38999938964844,189.4302520751953,109.2950439453125,217.74102783203125,147.7214813232422,521.0052490234375,361.77093505859375,144.52000427246094,314.68658447265625,190.1674346923828,45.42226028442383,128.87722778320312,72.44242858886719,35.22798156738281,54.504634857177734,145.68785095214844
2023-12-07,443.0152893066406,384.28521728515625,143.52235412597656,158.93360900878906,78.07535552978516,125.90191650390625,27.36037826538086,34.42835235595703,65.51541900634766,37.22102355957031,31.603307723999023,57.529422760009766,80.01445007324219,123.85507202148438,166.51089477539062,450.7472839355469,71.410400390625,842.2236938476562,43.9981803894043,172.9499969482422,187.279541015625,108.7634506225586,216.6149444580078,147.92271423339844,519.8106689453125,363.8800048828125,146.8800048828125,323.74700927734375,192.09561157226562,46.51332473754883,135.7264862060547,72.95751190185547,35.59666442871094,54.63485336303711,144.552978515625
2023-12-08,444.919921875,385.99786376953125,143.9717254638672,160.2950439453125,78.72323608398438,126.11196899414062,27.35057258605957,34.6103630065918,65.06071472167969,37.623653411865234,31.8564453125,57.86454772949219,78.82198333740234,123.00116729736328,166.18331909179688,452.9532165527344,72.29788208007812,833.2577514648438,44.129756927490234,172.7100067138672,188.07049560546875,109.54635620117188,216.40135192871094,147.42874145507812,521.2327270507812,367.09747314453125,147.4199981689453,329.8533630371094,193.51950073242188,47.42170715332031,133.8035125732422,74.25521850585938,36.0104866027832,54.51393127441406,143.64138793945312
2023-12-11,446.6504821777344,389.2950744628906,145.2530059814453,164.14260864257812,79.52709197998047,126.94271850585938,27.644670486450195,34.82110595703125,65.68246459960938,37.66940689086914,31.40858268737793,58.37653732299805,78.36488342285156,123.88485717773438,167.03114318847656,456.9991149902344,73.27686309814453,841.4700317382812,44.81393814086914,174.47999572753906,191.45651245117188,112.25262451171875,217.91580200195312,149.48692321777344,515.4588623046875,364.2232971191406,145.88999938964844,322.4483947753906,191.017822265625,46.54426956176758,132.1184539794922,77.0586166381836,37.048824310302734,54.913883209228516,144.2366943359375
2023-12-12,448.6903991699219,392.39556884765625,145.51113891601562,165.87893676757812,79.66905975341797,127.48700714111328,27.84072494506836,35.0701789855957,65.8958969116211,37.15238952636719,31.651987075805664,58.69304275512695,79.57722473144531,125.23521423339844,170.12353515625,457.1573486328125,73.94476318359375,856.6842651367188,44.3051872253418,175.16000366210938,190.30117797851562,113.98271179199219,220.43988037109375,151.05116271972656,517.3929443359375,367.2445983886719,147.47999572753906,331.31060791015625,192.53067016601562,47.57244110107422,131.35523986816406,77.42514038085938,37.334739685058594,55.26732635498047,144.2460479736328
2023-12-13,454.8779296875,397.3858337402344,148.59962463378906,167.8323211669922,80.59488677978516,129.83604431152344,28.61517333984375,35.6353645324707,67.0929946899414,37.66940689086914,31.817502975463867,59.4005241394043,83.42292022705078,130.4678192138672,172.5031280517578,455.8318176269531,76.02165222167969,868.9431762695312,45.48934555053711,177.3699951171875,189.4391326904297,117.89173889160156,219.50790405273438,146.86163330078125,520.51220703125,367.2347717285156,148.83999633789062,331.8260498046875,195.74427795410156,48.00267791748047,131.40480041503906,79.03981018066406,37.94419479370117,55.74168395996094,144.91574096679688
2023-12-14,456.3377685546875,397.04132080078125,150.62669372558594,170.93008422851562,79.51509094238281,129.20579528808594,28.791627883911133,35.98979187011719,66.10934448242188,38.77666091918945,31.866180419921875,60.18247985839844,84.94332122802734,131.80825805664062,170.2006378173828,436.91796875,75.50462341308594,868.8240966796875,45.14726257324219,182.83999633789062,186.77296447753906,119.62800598144531,214.8887481689453,140.45846557617188,506.50897216796875,358.95562744140625,147.4199981689453,330.269775390625,195.89263916015625,48.26420593261719,130.78033447265625,81.41724395751953,38.485931396484375,54.913883209228516,145.92034912109375
2023-12-15,455.58642578125,398.9605712890625,149.55581665039062,171.7390594482422,80.28694915771484,128.10769653320312,28.497535705566406,35.77904510498047,66.10934448242188,38.570770263671875,32.129051208496094,59.52153778076172,85.18180084228516,130.84512329101562,168.15826416015625,434.7318420410156,74.16590118408203,852.1021728515625,44.638511657714844,180.6699981689453,183.7246551513672,119.40491485595703,214.45994567871094,140.33038330078125,503.55084228515625,363.6641845703125,149.97000122070312,332.0045166015625,195.35865783691406,48.803245544433594,131.43453979492188,80.64457702636719,38.13229751586914,54.504634857177734,144.32974243164062
2023-12-18,458.1491394042969,401.4735412597656,149.6220245361328,172.039794921875,80.90083312988281,128.31680297851562,28.536815643310547,35.89842224121094,66.79750061035156,38.88581085205078,32.63533020019531,59.754268646240234,83.84403228759766,129.90185546875,171.12550354003906,442.71478271484375,73.39957427978516,843.8998413085938,45.033233642578125,182.0500030517578,187.6883544921875,119.85110473632812,214.69383239746094,142.6995391845703,499.218017578125,365.547607421875,154.07000732421875,341.6200256347656,193.6974639892578,49.9881477355957,134.60643005371094,80.79316711425781,38.011905670166016,54.895286560058594,144.59017944335938
2023-12-19,460.9350891113281,403.5248718261719,150.87950134277344,172.61544799804688,81.40473175048828,129.18002319335938,28.900156021118164,36.16797637939453,66.92842102050781,39.352359771728516,32.791107177734375,60.42451477050781,85.970947265625,131.97703552246094,170.30661010742188,443.199462890625,73.39034271240234,841.4402465820312,45.708641052246094,183.39999389648438,189.25250244140625,120.05479431152344,216.15560913085938,144.23629760742188,496.8383483886719,366.1459655761719,153.7899932861328,347.3100280761719,194.73570251464844,49.515987396240234,135.44895935058594,81.39741516113281,38.32792663574219,54.71855926513672,145.5389862060547
2023-12-20,454.54779052734375,397.5285949707031,148.3837127685547,167.81175231933594,80.23895263671875,127.3096694946289,28.448436737060547,35.52297592163086,65.62874603271484,38.987430572509766,32.40166473388672,60.2917366027832,82.15444946289062,128.08517456054688,169.3239288330078,441.1518249511719,72.55940246582031,834.8942260742188,44.699913024902344,182.97999572753906,187.56393432617188,118.68711853027344,213.2320556640625,142.2970733642578,489.1493225097656,363.5562744140625,152.1199951171875,346.2394714355469,192.6493377685547,48.025634765625,137.1240692138672,77.95014953613281,37.176727294921875,53.58382034301758,142.57167053222656
2023-12-21,458.8577575683594,402.15399169921875,150.2075653076172,171.96038818359375,81.33274841308594,128.86351013183594,28.890338897705078,35.86954116821289,66.08689880371094,39.13987350463867,32.83979034423828,61.24693298339844,84.15213775634766,130.10267639160156,170.3354949951172,447.82904052734375,72.87332153320312,834.9835815429688,44.96305847167969,187.02000427246094,189.98126220703125,120.50101470947266,214.41122436523438,143.1385955810547,492.894287109375,366.4206237792969,153.83999633789062,351.0075988769531,192.50099182128906,48.90308380126953,139.185791015625,84.6762924194336,39.411399841308594,53.9372673034668,144.03207397460938
2023-12-22,459.7799072265625,402.7556457519531,150.71632385253906,171.98023986816406,81.48272705078125,129.5061492919922,29.05727195739746,35.946556091308594,66.591796875,39.25535583496094,32.75216293334961,61.10365676879883,87.0841064453125,132.9450225830078,170.4703826904297,449.3029479980469,73.54730224609375,839.7838134765625,45.86653137207031,190.85000610351562,190.46116638183594,121.94628143310547,215.1421356201172,144.30947875976562,493.302001953125,367.4408264160156,153.4199981689453,350.313720703125,191.4330596923828,48.74335861206055,140.24639892578125,85.67681121826172,39.622074127197266,54.244205474853516,144.6088104248047
2023-12-26,461.7213439941406,405.2212219238281,151.58026123046875,174.35231018066406,81.74267578125,129.79391479492188,29.204570770263672,36.09095764160156,66.87230682373047,39.59257125854492,32.888465881347656,61.39020538330078,88.912841796875,134.197265625,171.01951599121094,450.84619140625,73.81503295898438,842.5709838867188,45.12971878051758,190.05999755859375,190.89662170410156,122.84835815429688,216.4089813232422,143.96189880371094,493.03656005859375,367.519287109375,153.41000366210938,351.7411804199219,190.88926696777344,49.19156265258789,140.27613830566406,86.24142456054688,39.69731521606445,54.46743392944336,145.24131774902344
2023-12-27,462.55621337890625,406.04608154296875,151.7242431640625,174.5408935546875,81.6806869506836,130.34060668945312,29.2733097076416,36.20648193359375,67.18085479736328,39.41703414916992,32.98234176635742,61.944217681884766,90.27446746826172,136.01596069335938,171.24110412597656,452.5575256347656,74.20282745361328,867.2073974609375,44.9192008972168,190.85000610351562,191.79849243164062,123.95413970947266,217.01316833496094,144.21804809570312,495.6532287597656,366.94049072265625,153.33999633789062,354.71502685546875,190.9881134033203,49.32931900024414,139.13623046875,85.84520721435547,39.441490173339844,54.6069450378418,145.43666076660156
2023-12-28,462.73089599609375,405.8487243652344,152.06021118164062,174.50120544433594,81.6526870727539,130.6763153076172,29.312591552734375,36.312374114990234,67.20892333984375,38.8165168762207,32.992122650146484,63.023590087890625,90.30428314208984,136.18490600585938,171.61680603027344,452.5673828125,74.91374206542969,874.4774169921875,44.927974700927734,194.00999450683594,192.23577880859375,124.73985290527344,218.70877075195312,144.8400421142578,497.6536560058594,368.1274719238281,153.3800048828125,355.2007751464844,191.41329956054688,49.43412780761719,138.99746704101562,85.19140625,39.82522964477539,54.64414978027344,145.65061950683594
2023-12-29,461.39129638671875,404.0923156738281,151.47470092773438,173.55831909179688,81.11279296875,130.8106231689453,29.24385643005371,36.19685363769531,67.34916687011719,38.7287483215332,32.70854949951172,62.59375,88.74388885498047,135.01222229003906,172.54164123535156,457.98828125,74.7937240600586,871.0952758789062,45.006919860839844,192.52000427246094,191.85316467285156,124.5749282836914,220.23878479003906,145.6999053955078,499.1422119140625,368.87298583984375,151.94000244140625,350.8787536621094,190.37506103515625,49.43412780761719,138.4622344970703,84.65081024169922,39.40387725830078,54.81156921386719,145.79945373535156
2024-01-02,458.8091735839844,397.254150390625,151.5226593017578,167.70257568359375,78.85921478271484,133.11260986328125,29.63665008544922,36.35087966918945,68.10652160644531,39.14448547363281,31.955615997314453,61.839149475097656,89.67813873291016,137.21852111816406,173.03297424316406,468.3157653808594,76.85257720947266,897.5864868164062,46.27878952026367,189.17999267578125,190.60511779785156,122.65435791015625,221.5543975830078,147.8495635986328,511.34417724609375,363.801513671875,149.92999267578125,343.2754821777344,183.56216430664062,48.08253479003906,136.95558166503906,81.67504119873047,38.267730712890625,55.639373779296875,148.803955078125
2024-01-03,455.062255859375,393.05059814453125,149.28607177734375,164.72506713867188,77.58744812011719,132.89199829101562,29.076913833618164,36.04282760620117,67.57357025146484,39.78196334838867,31.799163818359375,60.51143264770508,87.66056060791016,135.08177185058594,171.99252319335938,475.1611633300781,77.07417297363281,910.0435791015625,45.875301361083984,185.19000244140625,183.48121643066406,121.06359100341797,220.63833618164062,149.2582244873047,513.8944702148438,363.53668212890625,148.47000122070312,341.47137451171875,182.187744140625,47.48460006713867,137.69900512695312,81.59569549560547,37.8764762878418,55.769588470458984,149.7341766357422
2024-01-04,453.596435546875,391.02783203125,149.0364532470703,163.75242614746094,77.39148712158203,133.5538330078125,29.292953491210938,36.18722915649414,67.48006439208984,39.08443832397461,31.544925689697266,59.909664154052734,88.90290069580078,135.6780548095703,172.24298095703125,469.43359375,77.99744415283203,904.6976928710938,46.177001953125,186.11000061035156,184.69284057617188,121.84928131103516,221.50567626953125,149.1027374267578,517.1085815429688,360.9273376464844,144.57000732421875,344.0982971191406,179.87393188476562,47.91283416748047,135.19122314453125,82.04205322265625,37.63570022583008,55.58356475830078,149.41790771484375
2024-01-05,454.21771240234375,391.4915771484375,149.4684600830078,164.83425903320312,77.29750061035156,133.43870544433594,29.332231521606445,36.341251373291016,67.33045959472656,39.11677169799805,31.662267684936523,60.062496185302734,88.75381469726562,135.280517578125,171.26036071777344,473.0343322753906,76.9172134399414,905.6895141601562,46.3455924987793,185.69000244140625,181.45884704589844,122.01416778564453,221.8954620361328,148.8374481201172,509.4859313964844,360.740966796875,145.24000549316406,348.88623046875,179.15206909179688,49.009883880615234,134.5370330810547,82.77607727050781,37.65827560424805,55.499855041503906,149.88302612304688
2024-01-08,460.7021179199219,399.58294677734375,151.071533203125,170.67015075683594,79.40711212158203,134.6184844970703,29.705394744873047,36.57230758666992,67.82601928710938,38.6640739440918,32.64010238647461,60.37770462036133,92.84862518310547,138.53036499023438,171.713134765625,471.49114990234375,77.54503631591797,895.4838256835938,45.95515441894531,190.5399932861328,182.29696655273438,124.55552673339844,220.43368530273438,151.2706756591797,508.6705627441406,367.5487365722656,149.10000610351562,355.53778076171875,183.4830780029297,52.160282135009766,137.6197052001953,84.26396179199219,37.763614654541016,55.90910720825195,150.25511169433594
2024-01-09,460.0031433105469,400.372314453125,150.3035888671875,171.12669372558594,79.72905731201172,134.5992889404297,29.68575096130371,36.341251373291016,68.00369262695312,38.045082092285156,32.64010238647461,59.01177978515625,93.02753448486328,138.08314514160156,171.70350646972656,475.8733825683594,79.4561996459961,895.2954711914062,45.50261306762695,193.0,179.5457763671875,123.22664642333984,219.56637573242188,152.45982360839844,510.4245910644531,368.62774658203125,151.3699951171875,354.3185119628906,183.06781005859375,53.04571533203125,139.71116638183594,82.65704345703125,37.19178009033203,55.806800842285156,150.34812927246094
2024-01-10,462.6047668457031,403.0858154296875,150.56275939941406,171.28549194335938,80.82284545898438,135.21315002441406,29.833049774169922,36.399024963378906,67.86341094970703,37.67091369628906,33.1387939453125,58.667911529541016,91.96405792236328,137.1092071533203,172.61871337890625,478.4750061035156,78.01590728759766,898.7369384765625,44.95247268676758,193.88999938964844,180.2199249267578,123.81834411621094,219.50790405273438,151.39871215820312,509.7324523925781,375.4747009277344,153.72999572753906,367.2449951171875,184.10601806640625,54.25356674194336,141.0294647216797,81.7147216796875,38.00438690185547,55.99281692504883,150.5713653564453
2024-01-11,462.40087890625,403.92462158203125,150.13076782226562,172.2581329345703,81.47472381591797,135.1172332763672,29.72503089904785,36.26424026489258,67.85407257080078,37.76791763305664,33.10946273803711,58.772979736328125,89.91667938232422,136.0358428955078,172.65725708007812,483.5695495605469,78.83761596679688,908.4666137695312,44.562042236328125,204.22999572753906,178.91720581054688,122.9647445678711,221.9051971435547,153.69473266601562,511.6665344238281,377.2992858886719,155.17999267578125,366.4519958496094,183.51272583007812,54.724727630615234,140.8312225341797,82.71656799316406,38.072105407714844,55.63007736206055,149.90159606933594
2024-01-12,462.72119140625,404.1318359375,149.79483032226562,171.6527099609375,81.7206802368164,134.7815399169922,29.577730178833008,36.19685363769531,68.06912231445312,38.192901611328125,33.041011810302734,58.610599517822266,89.86698150634766,136.2843017578125,174.75741577148438,480.08746337890625,79.75163269042969,925.555419921875,44.64189910888672,208.69000244140625,179.95570373535156,123.14906311035156,221.74929809570312,154.4997100830078,494.43963623046875,381.06610107421875,154.6199951171875,371.22998046875,183.83905029296875,54.61292266845703,141.3961944580078,81.72463989257812,37.62818145751953,56.169532775878906,151.05506896972656
2024-01-16,461.0224304199219,404.0923156738281,148.84449768066406,174.382080078125,81.6966781616211,133.97584533691406,29.381330490112305,35.946556091308594,67.69511413574219,37.28288269042969,33.03123092651367,56.34679412841797,88.51529693603516,135.09170532226562,174.1505126953125,483.2331848144531,79.39157104492188,929.6417236328125,44.3668212890625,207.22000122070312,180.92135620117188,122.2469711303711,221.9246826171875,154.19784545898438,492.20220947265625,382.831787109375,153.16000366210938,364.26123046875,181.57472229003906,56.281959533691406,141.23760986328125,83.92670440673828,39.29853439331055,55.79749298095703,149.31561279296875
2024-01-17,458.4597473144531,401.81292724609375,147.6733856201172,173.33004760742188,81.3427505493164,133.707275390625,29.21439552307129,35.879173278808594,67.64837646484375,36.97339630126953,32.825889587402344,54.88534927368164,87.79969787597656,134.1873321533203,174.82485961914062,480.5820617675781,79.8439712524414,921.5188598632812,44.34908676147461,201.88999938964844,184.9023895263672,122.052978515625,222.43142700195312,155.4052734375,497.69158935546875,382.0469970703125,151.7100067138672,365.16326904296875,180.6352996826172,55.953548431396484,140.22657775878906,82.60745239257812,39.36625289916992,55.79749298095703,149.2318572998047
2024-01-18,462.53680419921875,407.5163269042969,148.43174743652344,178.95750427246094,82.17259979248047,133.68809509277344,29.312591552734375,35.93692398071289,67.564208984375,36.9133415222168,33.31480407714844,55.907405853271484,86.52752685546875,133.72023010253906,176.79014587402344,487.6846923828125,79.77011108398438,922.3817138671875,44.446685791015625,204.5,184.83860778808594,122.8289566040039,224.1660614013672,156.20513916015625,489.5380554199219,386.3631286621094,153.5,372.8556823730469,186.51870727539062,57.00566864013672,142.2189178466797,84.13501739501953,40.291717529296875,55.95561218261719,149.9574432373047
2024-01-19,468.3028564453125,415.5977478027344,149.5740509033203,185.77597045898438,83.65831756591797,133.76483154296875,29.332231521606445,36.5145378112793,67.36787414550781,37.0334358215332,33.89173126220703,56.60469436645508,86.51759338378906,134.34632873535156,177.6957550048828,479.375244140625,80.59180450439453,925.7537841796875,44.464439392089844,207.14999389648438,184.06427001953125,122.65435791015625,231.27023315429688,156.41656494140625,477.42144775390625,391.07171630859375,155.33999633789062,380.112060546875,189.41592407226562,59.38544464111328,145.09344482421875,86.80329132080078,41.20966339111328,55.648677825927734,150.3946533203125
2024-01-22,469.2929382324219,416.1405029296875,150.3611602783203,186.6394500732422,84.42217254638672,134.3499298095703,29.508989334106445,36.68782043457031,67.04060363769531,37.17202377319336,33.84283447265625,55.907405853271484,88.4655990600586,134.7836151123047,178.13890075683594,482.06591796875,72.41168212890625,935.1066284179688,43.98527145385742,209.3800048828125,185.1756591796875,123.47885131835938,232.90737915039062,156.54525756835938,486.3619079589844,388.9528503417969,154.77999877929688,378.4565734863281,191.71986389160156,59.54815673828125,144.7068634033203,88.51931762695312,42.887542724609375,55.40684127807617,151.12948608398438
2024-01-23,470.6616516113281,417.8673095703125,150.43795776367188,187.5922393798828,84.58613586425781,134.25401306152344,29.430429458618164,36.74557876586914,67.7699203491211,37.25054931640625,34.05796432495117,56.279930114746094,88.68424987792969,135.51905822753906,178.74583435058594,480.136962890625,73.38111877441406,946.7603759765625,44.47330856323242,211.77999877929688,185.8133544921875,123.32365417480469,234.22299194335938,156.58206176757812,488.7606506347656,391.29730224609375,156.02000427246094,381.8468017578125,192.9954071044922,59.76676940917969,145.7476348876953,86.82313537597656,43.43680953979492,55.66727066040039,148.6551513671875
2024-01-24,471.1761474609375,420.1861267089844,149.66043090820312,190.9270477294922,84.55614471435547,133.02627563476562,29.126014709472656,36.88998794555664,66.93775177001953,37.781776428222656,34.361087799072266,56.470970153808594,87.18348693847656,133.9686737060547,177.06954956054688,479.7709045410156,73.4272689819336,940.4722900390625,44.57978439331055,209.08999633789062,186.08665466308594,123.22664642333984,235.421630859375,163.97354125976562,486.5894470214844,394.8875732421875,156.8699951171875,387.2988586425781,192.3230438232422,61.25312805175781,147.39303588867188,87.36869812011719,43.66252899169922,54.792972564697266,147.86447143554688
2024-01-25,473.73883056640625,420.69927978515625,151.16749572753906,190.9270477294922,84.79409790039062,132.82484436035156,29.263492584228516,37.072898864746094,67.5829086303711,38.63174057006836,34.04818344116211,56.260826110839844,87.9587173461914,134.85317993164062,178.32196044921875,481.0865478515625,74.07357025146484,941.0970458984375,44.02077102661133,208.1999969482422,187.3073272705078,123.46915435791016,235.06106567382812,163.6517791748047,467.78875732421875,397.1534423828125,157.75,389.7572937011719,191.9967041015625,61.50767517089844,150.53514099121094,88.47964477539062,45.39308166503906,55.02549743652344,148.42262268066406
2024-01-26,473.13702392578125,418.1929016113281,151.1866912841797,186.85781860351562,84.64613342285156,133.5825958251953,29.40097427368164,37.20767593383789,67.91017150878906,38.91814041137695,34.04818344116211,56.83394241333008,87.70030975341797,134.5153045654297,179.00595092773438,480.0379638671875,73.41805267333984,932.349365234375,44.10062789916992,208.72999572753906,188.37319946289062,123.44004821777344,235.0902862548828,164.94805908203125,477.0801696777344,396.23138427734375,159.1199951171875,390.708984375,190.26629638671875,60.9227180480957,150.8523712158203,87.33894348144531,43.813011169433594,55.22081756591797,148.36680603027344
2024-01-29,476.8839416503906,422.47540283203125,152.1082000732422,189.0512237548828,86.32781982421875,134.52256774902344,29.695573806762695,37.30393981933594,68.30288696289062,38.86270523071289,34.60554504394531,57.46437072753906,90.24465942382812,136.64210510253906,178.5628204345703,481.2151794433594,73.00257873535156,947.9703369140625,44.2514762878418,213.4199981689453,186.55123901367188,124.3324203491211,236.58126831054688,163.4219207763672,478.3505859375,401.91107177734375,161.25999450683594,397.529052734375,189.5840301513672,62.35417175292969,152.16073608398438,88.3506851196289,44.95668411254883,55.555667877197266,148.236572265625
2024-01-30,476.5151062011719,419.6632080078125,152.13702392578125,187.17539978027344,85.93988800048828,134.8295135498047,29.656291961669922,37.77566146850586,68.68623352050781,39.26459503173828,34.409976959228516,57.22557067871094,88.22705841064453,135.7377166748047,180.2583465576172,484.73681640625,72.58711242675781,951.8681030273438,43.82555389404297,210.91000366210938,187.76287841796875,125.14722442626953,236.97108459472656,165.21466064453125,477.46881103515625,400.8025817871094,159.0,396.5774230957031,185.93531799316406,62.66261291503906,150.1287841796875,85.46419525146484,43.73025131225586,55.713783264160156,147.68775939941406
2024-01-31,468.7396545410156,411.4435729980469,150.1883544921875,184.47579956054688,84.06023406982422,134.64727783203125,29.52863121032715,37.313568115234375,68.18132781982422,38.530113220214844,33.35391616821289,56.80529022216797,86.89525604248047,133.55126953125,178.83253479003906,494.5003967285156,72.2547378540039,935.0570068359375,43.3641357421875,207.41000366210938,187.51687622070312,123.50794982910156,238.75442504882812,163.87242126464844,485.1768493652344,390.00244140625,155.1999969482422,386.7438049316406,182.33607482910156,61.4178352355957,138.86863708496094,85.05751037597656,43.07564926147461,55.33244323730469,147.8086700439453
2024-02-01,474.8746032714844,416.28851318359375,151.93539428710938,186.16305541992188,85.23201751708984,136.39292907714844,29.921430587768555,37.3713264465332,69.57450866699219,38.52549362182617,33.872169494628906,58.553287506103516,88.42584228515625,135.4097137451172,181.5203857421875,496.4392395019531,72.16242218017578,949.9341430664062,43.186668395996094,203.99000549316406,187.47134399414062,125.8359146118164,238.70571899414062,164.29531860351562,480.8155822753906,396.08428955078125,159.27999877929688,391.3433837890625,184.76853942871094,62.91517639160156,139.9193115234375,84.91863250732422,43.18851089477539,56.71830368041992,147.3063507080078
2024-02-02,479.8738098144531,423.3240051269531,151.801025390625,189.78567504882812,85.85990142822266,136.19149780273438,29.754487991333008,37.525352478027344,69.35009765625,38.580928802490234,35.70071792602539,59.80459213256836,87.43195343017578,133.76991271972656,181.3180694580078,499.0111999511719,71.05447387695312,937.4373779296875,43.222164154052734,206.8000030517578,188.16368103027344,124.8368148803711,240.4013671875,166.11561584472656,483.7452087402344,403.3824768066406,171.80999755859375,470.8551025390625,183.76983642578125,66.0426254272461,141.1285858154297,85.7816162109375,43.760345458984375,56.309051513671875,145.6785125732422
2024-02-05,478.1264343261719,422.7714538574219,150.49554443359375,193.48770141601562,85.31600189208984,136.61354064941406,29.734851837158203,37.30393981933594,68.91999053955078,38.483924865722656,35.65182876586914,59.346099853515625,87.86927032470703,134.0183563232422,181.30844116210938,502.46356201171875,70.82368469238281,928.6597900390625,42.57440948486328,204.24000549316406,186.58770751953125,122.94535064697266,242.89610290527344,167.4854278564453,476.8525695800781,397.9186096191406,170.30999755859375,455.4107971191406,185.579345703125,69.20897674560547,142.41714477539062,86.27757263183594,43.99359893798828,55.843994140625,144.92506408691406
2024-02-06,479.5146179199219,421.9228210449219,151.4458465576172,191.29428100585938,85.17002868652344,138.10023498535156,30.186567306518555,37.38095474243164,69.07894897460938,38.608646392822266,35.485599517822266,59.39385986328125,89.21100616455078,135.30039978027344,182.28146362304688,501.4051208496094,71.75616455078125,930.127685546875,43.7101936340332,209.3300018310547,184.72927856445312,122.5379638671875,241.35638427734375,165.72950744628906,484.1623229980469,397.76165771484375,169.14999389648438,450.7615966796875,187.18121337890625,68.1019515991211,142.83348083496094,83.91680908203125,43.97854995727539,55.7509880065918,147.02732849121094
2024-02-07,483.5139465332031,426.2645263671875,152.041015625,195.15509033203125,86.53176879882812,138.4743194580078,30.108009338378906,37.660133361816406,69.01348114013672,38.687171936035156,36.17008590698242,60.4445686340332,87.5313491821289,132.8953399658203,183.0232391357422,511.4061279296875,68.70941162109375,930.8021240234375,43.16005325317383,214.55999755859375,187.1707000732422,124.23542022705078,240.59625244140625,167.4762420654297,492.4297180175781,406.15850830078125,170.52999877929688,465.5021667480469,187.28997802734375,69.97461700439453,144.2608184814453,84.48218536376953,43.594818115234375,55.79749298095703,146.952880859375
2024-02-08,483.7275085449219,427.0539245605469,152.37698364257812,197.93408203125,87.42161560058594,138.23451232910156,30.01963233947754,37.515724182128906,68.99478149414062,39.08443832397461,36.17985916137695,60.4445686340332,88.67431640625,133.42205810546875,182.55120849609375,488.9014587402344,68.13697052001953,938.6771240234375,43.222164154052734,215.38999938964844,185.84068298339844,130.09413146972656,238.1112518310547,168.2025146484375,493.0934753417969,406.2173767089844,169.83999633789062,465.9085693359375,186.2122039794922,69.51742553710938,144.62757873535156,84.19453430175781,42.97783660888672,55.648677825927734,145.483154296875
2024-02-09,486.523193359375,431.2574462890625,152.5593719482422,202.32095336914062,88.38542938232422,138.12901306152344,29.990169525146484,37.62162780761719,68.35897827148438,38.483924865722656,36.76655960083008,60.81709289550781,90.48319244384766,133.75994873046875,181.9442596435547,495.9446105957031,68.01693725585938,945.60986328125,44.19823455810547,216.75999450683594,186.83364868164062,131.42303466796875,240.90811157226562,167.98190307617188,491.3204040527344,412.5346374511719,174.4499969482422,464.03509521484375,186.9745330810547,72.00502014160156,147.69039916992188,84.86903381347656,42.752113342285156,55.397544860839844,145.81802368164062
2024-02-12,486.3095703125,429.5700988769531,153.59605407714844,201.536865234375,87.46560668945312,138.31126403808594,30.1767520904541,37.79490661621094,68.84518432617188,38.90890884399414,36.522098541259766,61.56214141845703,92.53057861328125,134.92274475097656,181.3662109375,489.1487121582031,68.7370834350586,939.3019409179688,44.144996643066406,218.4600067138672,188.40966796875,131.39390563964844,241.6876983642578,167.65090942382812,490.7705383300781,407.3454895019531,172.33999633789062,464.81817626953125,185.29141235351562,72.11981201171875,146.2333221435547,85.0079116821289,43.12832260131836,55.527767181396484,146.8319549560547
2024-02-13,479.6116638183594,422.8701171875,151.04269409179688,197.80506896972656,85.51795959472656,137.0260009765625,29.675931930541992,37.2846794128418,68.10652160644531,38.516258239746094,35.92562484741211,59.900108337402344,88.17737579345703,131.48410034179688,192.18502807617188,499.3277587890625,67.88768768310547,932.7757568359375,43.222164154052734,213.92999267578125,188.96536254882812,130.3754425048828,240.52804565429688,167.3934783935547,490.0215759277344,398.57586669921875,168.63999938964844,456.1145935058594,183.202392578125,72.0000228881836,143.8643341064453,80.87158966064453,41.63854217529297,55.20222091674805,145.5482635498047
2024-02-14,483.97021484375,427.4783020019531,152.42495727539062,201.7750701904297,87.2116470336914,138.21534729003906,30.039268493652344,37.64087677001953,67.97562408447266,38.47930908203125,36.473209381103516,61.00813293457031,90.58257293701172,133.9686737060547,191.86709594726562,495.7962646484375,67.4352798461914,940.0557250976562,43.38188171386719,220.6699981689453,196.0254669189453,132.55789184570312,241.794921875,172.79002380371094,490.1069030761719,402.4282531738281,170.97999572753906,469.1600036621094,182.32119750976562,73.76886749267578,144.6573028564453,81.1691665649414,42.19532775878906,55.14641571044922,144.8692626953125
2024-02-15,487.3094482421875,428.7511291503906,154.31602478027344,201.1001739501953,87.08367156982422,139.22244262695312,30.314231872558594,38.285865783691406,68.41508483886719,39.55099868774414,36.50254440307617,60.93172073364258,92.69954681396484,135.6780548095703,191.81893920898438,500.22796630859375,67.7399673461914,946.9090576171875,43.86991882324219,223.55999755859375,192.23577880859375,132.78099060058594,244.6599578857422,173.97598266601562,493.84234619140625,399.54876708984375,169.8000030517578,479.8164367675781,182.0341033935547,72.52909088134766,141.51513671875,80.97077941894531,42.14265823364258,55.24872970581055,146.89707946777344
2024-02-16,484.8826599121094,424.8633728027344,153.615234375,200.23667907714844,85.5379638671875,139.67324829101562,30.28476905822754,38.15109634399414,68.5179214477539,39.527889251708984,36.17985916137695,61.31379699707031,92.58029174804688,134.89292907714844,194.1599578857422,505.5499267578125,66.08733367919922,940.2838134765625,44.24260711669922,219.35000610351562,193.3654022216797,133.0040740966797,244.50404357910156,173.8380584716797,494.47760009765625,397.0919494628906,169.50999450683594,469.1996765136719,180.49949645996094,72.4841537475586,139.284912109375,78.85800170898438,40.63031005859375,55.23942565917969,146.7283477783203
2024-02-20,482.2132263183594,421.6564025878906,153.26010131835938,196.2964630126953,84.48016357421875,139.20330810546875,30.314231872558594,38.04520797729492,69.23789978027344,39.16758728027344,35.61271286010742,61.41886901855469,91.81497955322266,134.03823852539062,194.40077209472656,501.27655029296875,66.51200866699219,939.113525390625,44.24260711669922,218.75999450683594,192.2084503173828,132.3347930908203,244.1239776611328,174.1966094970703,494.0130615234375,395.84381103515625,167.0800018310547,467.64337158203125,179.75694274902344,69.32877349853516,139.879638671875,80.05819702148438,40.72812271118164,56.4578742980957,147.95619201660156
2024-02-21,482.6500244140625,419.96905517578125,153.56727600097656,195.03599548339844,82.11260223388672,139.51019287109375,30.412429809570312,38.160728454589844,69.4903335571289,39.90206527709961,35.59315872192383,61.41886901855469,91.90443420410156,134.4258575439453,196.7514190673828,501.94915771484375,67.58300018310547,945.0346069335938,45.1743049621582,216.3699951171875,195.8614959716797,132.5869903564453,245.5370330810547,174.90451049804688,494.8757629394531,395.2442626953125,168.58999633789062,464.44805908203125,180.50938415527344,67.35228729248047,141.29710388183594,80.8319091796875,40.17133331298828,56.96013259887695,148.7247314453125
2024-02-22,492.6386413574219,432.2639465332031,155.09353637695312,208.35533142089844,84.21220397949219,141.15037536621094,30.697208404541016,38.603553771972656,69.70539855957031,39.97136306762695,37.30437088012695,62.211673736572266,93.57415771484375,136.32403564453125,199.65122985839844,504.7981262207031,67.19522857666016,956.9859008789062,45.54698944091797,222.1699981689453,198.59445190429688,135.10894775390625,248.9282989501953,176.2283477783203,499.1706237792969,404.551025390625,174.5800018310547,482.4095153808594,182.5390167236328,78.39865112304688,142.82354736328125,85.21622467041016,41.90940475463867,56.87641525268555,150.38368225097656
2024-02-23,492.9784851074219,430.9910583496094,155.5063018798828,207.05516052246094,84.66412353515625,141.82180786132812,30.805225372314453,38.79610061645508,69.92046356201172,39.70805740356445,37.1674690246582,62.240333557128906,94.17049407958984,137.33778381347656,200.43153381347656,510.67401123046875,67.90615844726562,973.1622924804688,45.83980941772461,221.63999938964844,198.5580291748047,134.22625732421875,249.48377990722656,175.86981201171875,499.8721923828125,403.2635803222656,174.99000549316406,480.3255310058594,180.70741271972656,78.6771469116211,142.6947021484375,85.30549621582031,42.18027877807617,56.92292404174805,151.6864776611328
2024-02-26,491.17291259765625,430.76409912109375,154.8823699951172,208.77218627929688,85.47997283935547,141.0928497314453,30.608829498291016,38.603553771972656,69.63995361328125,39.84663391113281,37.00123977661133,61.32334518432617,96.74465942382812,138.3018035888672,199.86312866210938,513.6021728515625,67.3521957397461,981.1760864257812,44.82823944091797,224.0,199.90626525878906,133.77037048339844,248.3435821533203,177.96592712402344,498.0518798828125,400.5118713378906,174.72999572753906,478.0530700683594,179.3609161376953,78.95166778564453,136.36087036132812,88.737548828125,42.94773864746094,56.4671745300293,150.7023468017578
2024-02-27,492.0853576660156,431.8002014160156,155.5638885498047,208.16676330566406,85.52996063232422,140.74754333496094,30.628469467163086,38.70945739746094,69.64930725097656,39.675716400146484,37.108802795410156,60.76933288574219,102.2607192993164,140.0211181640625,200.1714324951172,513.3844604492188,67.41681671142578,985.212646484375,44.81937026977539,222.9199981689453,199.9153594970703,134.46876525878906,248.3728485107422,176.6788330078125,486.7696228027344,400.4529724121094,173.5399932861328,483.32244873046875,180.81631469726562,78.56136322021484,137.65936279296875,91.10824584960938,43.24871063232422,56.1230354309082,150.88043212890625
2024-02-28,491.43505859375,429.5010070800781,155.62147521972656,205.854248046875,85.38199615478516,140.04734802246094,30.520450592041016,38.853858947753906,69.7240982055664,39.59718704223633,36.874122619628906,61.27558898925781,100.90901947021484,138.56016540527344,199.67047119140625,518.033935546875,67.1213607788086,979.5198364257812,45.18317413330078,225.3699951171875,201.18162536621094,134.67245483398438,247.11570739746094,176.54092407226562,472.4154968261719,400.6888427734375,173.16000366210938,480.3156433105469,179.6183319091797,77.52519989013672,135.1813201904297,88.98553466796875,43.2336540222168,56.17884063720703,151.4146728515625
2024-02-29,493.2016906738281,433.1816101074219,156.26463317871094,210.3601837158203,86.03787231445312,138.9059295654297,30.30440902709961,38.83460998535156,69.61188507080078,39.791202545166016,37.37281799316406,61.23738098144531,97.81804656982422,135.99610900878906,198.11944580078125,516.399658203125,66.56742858886719,958.1761474609375,45.03233337402344,225.50999450683594,200.73526000976562,134.2650909423828,245.25439453125,174.27017211914062,467.97845458984375,406.50665283203125,176.75999450683594,486.37890625,178.9549560546875,78.97162628173828,137.24302673339844,89.8782730102539,44.74600601196289,55.82539749145508,151.25537109375
2024-03-01,497.83197021484375,439.7039489746094,157.3589324951172,218.8857421875,86.897705078125,140.36386108398438,30.628469467163086,38.786476135253906,69.62125396728516,40.253135681152344,37.77373123168945,62.0206413269043,100.90901947021484,138.94778442382812,198.2543182373047,520.8267822265625,66.76129913330078,974.76904296875,45.156558990478516,222.00999450683594,199.69671630859375,134.41055297851562,244.2311553955078,172.67970275878906,464.1196594238281,408.3346252441406,178.22000122070312,498.4556884765625,177.8758087158203,82.13300323486328,135.93463134765625,94.38160705566406,48.38016128540039,55.3696403503418,151.9489288330078
2024-03-04,497.29815673828125,438.13507080078125,157.64691162109375,222.40911865234375,86.53176879882812,140.15284729003906,30.657926559448242,38.88274002075195,69.67735290527344,39.82353591918945,37.46082305908203,62.66061019897461,100.1139144897461,137.65579223632812,199.227294921875,529.0469360351562,66.70590209960938,963.2342529296875,45.18317413330078,226.0,201.64625549316406,133.9255828857422,241.93133544921875,173.97598266601562,456.8573303222656,407.76458740234375,177.5800018310547,494.377197265625,173.36109924316406,85.08576202392578,132.17796325683594,94.99659729003906,48.39521026611328,55.63007736206055,149.81198120117188
2024-03-05,492.32806396484375,430.2707214355469,156.92697143554688,219.00485229492188,83.22439575195312,139.1073455810547,30.45170783996582,38.892372131347656,69.84564971923828,40.11917495727539,36.83500671386719,61.42841339111328,98.8516845703125,136.4929962158203,199.2947540283203,523.7483520507812,67.38912963867188,957.3032836914062,45.981781005859375,221.63999938964844,200.32530212402344,135.2350311279297,243.00328063964844,174.5,448.58990478515625,395.7062072753906,174.1199951171875,486.4681701660156,168.4305419921875,85.81549835205078,131.50393676757812,93.70709991455078,47.77070999145508,55.36034393310547,149.9337921142578
2024-03-06,494.82281494140625,432.9744567871094,157.81968688964844,224.6521759033203,84.39617919921875,140.05697631835938,30.716848373413086,39.09452819824219,70.43472290039062,40.243896484375,37.108802795410156,62.163917541503906,99.50765228271484,137.01976013183594,200.30630493164062,520.0046997070312,67.05674743652344,964.13671875,47.36602783203125,224.55999755859375,200.13400268554688,135.24472045898438,244.1629638671875,180.19989013671875,448.0684814453125,395.1558532714844,173.50999450683594,492.2932434082031,167.4404754638672,88.54676055908203,130.24508666992188,94.78827667236328,48.681129455566406,55.38823699951172,149.34332275390625
2024-03-07,499.734619140625,439.5461120605469,159.05796813964844,232.41351318359375,85.39398956298828,140.7091827392578,31.05072784423828,39.03676986694336,70.83677673339844,40.58573532104492,38.03774642944336,62.92806625366211,98.18578338623047,137.4669647216797,199.67047119140625,523.4017944335938,68.0077133178711,965.3368530273438,47.27729415893555,230.1699981689453,195.5459747314453,134.68215942382812,242.47706604003906,180.30104064941406,453.927734375,402.08428955078125,176.82000732421875,508.27001953125,167.32168579101562,92.5089111328125,133.1988983154297,98.1806640625,48.365116119384766,55.285926818847656,148.9027862548828
2024-03-08,496.735107421875,433.2013244628906,158.87559509277344,223.30238342285156,84.91407775878906,140.4501953125,31.05072784423828,39.104156494140625,70.2757568359375,40.72893142700195,37.38259506225586,63.300594329833984,98.34481048583984,137.79493713378906,200.14256286621094,522.3419799804688,69.35568237304688,960.8935546875,47.729835510253906,227.7899932861328,195.04229736328125,134.4978790283203,242.4673309326172,182.40634155273438,453.61358642578125,399.21466064453125,175.35000610351562,502.07781982421875,169.03448486328125,87.37679290771484,134.2198486328125,96.83165740966797,47.40202713012695,55.36034393310547,149.5120391845703
2024-03-11,496.30804443359375,431.5930480957031,159.07717895507812,219.32244873046875,85.14404296875,140.37347412109375,31.07036590576172,39.171539306640625,70.65912628173828,41.149288177490234,36.84478759765625,63.26239013671875,96.23778533935547,137.84461975097656,201.61648559570312,521.5992431640625,69.54033660888672,956.53955078125,48.235618591308594,227.75,198.51307678222656,132.85861206054688,248.49954223632812,180.87103271484375,465.5876159667969,397.5439758300781,171.9600067138672,479.8889465332031,171.034423828125,85.62583923339844,136.45999145507812,93.74676513671875,46.68722915649414,56.03002166748047,151.11476135253906
2024-03-12,501.6470031738281,437.77984619140625,159.48997497558594,226.260009765625,87.01368713378906,141.0256805419922,31.119468688964844,39.335201263427734,71.0237808227539,41.08462905883789,38.018192291259766,64.2080307006836,95.61163330078125,137.18870544433594,202.1078338623047,526.13525390625,69.31875610351562,962.6193237304688,48.27111053466797,231.0500030517578,199.41055297851562,132.8779754638672,251.17942810058594,182.89358520507812,465.7779846191406,408.118408203125,175.38999938964844,495.9252624511719,171.50965881347656,91.75421905517578,137.28268432617188,96.63326263427734,47.37945556640625,56.2718505859375,152.530029296875
2024-03-13,500.860595703125,434.41497802734375,159.5667724609375,221.7838592529297,86.38380432128906,140.47900390625,30.98198699951172,39.624000549316406,71.20143127441406,41.74057388305664,37.74439239501953,64.08384704589844,96.50613403320312,137.40731811523438,203.27352905273438,515.2113037109375,70.11276245117188,957.5610961914062,46.7182731628418,234.7899932861328,200.8849639892578,133.3435821533203,253.5767059326172,183.62904357910156,464.4930114746094,407.9415283203125,176.55999755859375,491.7772216796875,169.43052673339844,90.73100280761719,138.5613555908203,93.39959716796875,47.010772705078125,56.848514556884766,150.99293518066406
2024-03-14,499.8705749511719,433.3197937011719,158.13648986816406,217.81385803222656,85.95388793945312,139.98020935058594,30.756126403808594,39.30632019042969,70.64977264404297,42.17017364501953,37.519493103027344,64.04564666748047,93.87232208251953,134.87306213378906,203.33154296875,524.2733154296875,69.21733856201172,951.183837890625,46.57630157470703,232.47000122070312,200.93069458007812,131.81568908691406,251.89498901367188,185.58721923828125,465.44482421875,417.886962890625,178.75,488.0658264160156,171.2819366455078,87.79207611083984,141.84226989746094,90.69163513183594,45.74671936035156,56.72195053100586,149.2215118408203
2024-03-15,496.4381408691406,428.1689758300781,157.82933044433594,216.2060089111328,83.5443344116211,139.42388916015625,30.657926559448242,39.26781463623047,70.6217269897461,42.294891357421875,37.21636199951172,62.65106201171875,94.13074493408203,135.08177185058594,203.54425048828125,528.5122680664062,68.73233032226562,956.5693359375,46.44319152832031,226.97999572753906,199.1815948486328,131.0274200439453,250.58480834960938,188.3544464111328,467.1771240234375,409.23870849609375,174.4199981689453,480.39501953125,170.9057159423828,87.68526458740234,139.93911743164062,92.49694061279297,44.986785888671875,56.14067077636719,148.25607299804688
2024-03-18,499.3885192871094,432.2525329589844,158.2630615234375,216.6427001953125,84.4941635131836,139.4075164794922,30.70316505432129,39.49296188354492,71.0757064819336,42.44111633300781,37.91062927246094,62.813453674316406,92.3814926147461,134.4258575439453,204.6464080810547,524.6200561523438,68.33125305175781,952.0565795898438,45.7776985168457,228.42999267578125,200.4545440673828,130.7938232421875,251.90478515625,189.7610321044922,463.5887451171875,410.1231994628906,174.47999572753906,493.1764221191406,171.9947967529297,88.30219268798828,146.38197326660156,93.02266693115234,44.6256217956543,56.37506103515625,146.92518615722656
2024-03-19,502.1636962890625,433.3295593261719,159.20767211914062,216.1663055419922,85.1140365600586,140.33163452148438,30.909690856933594,39.686222076416016,71.33944702148438,42.925411224365234,38.00840759277344,62.35495376586914,93.27599334716797,135.30039978027344,205.0428009033203,529.2055053710938,68.47118377685547,955.7659301757812,45.96403884887695,229.9499969482422,198.13760375976562,131.86436462402344,252.72610473632812,188.9152374267578,469.5567321777344,414.1427001953125,175.89999389648438,492.44207763671875,174.3313446044922,89.24357604980469,145.73770141601562,93.24088287353516,45.0018310546875,56.46881103515625,146.4097137451172
2024-03-20,506.8083801269531,438.4674377441406,160.56678771972656,219.63011169433594,85.93388366699219,140.0139617919922,30.850685119628906,40.15971374511719,71.55608367919922,42.86488342285156,38.585330963134766,63.83550262451172,94.57798767089844,135.64825439453125,204.83009338378906,525.6500244140625,69.00282287597656,959.0390014648438,46.03502655029297,230.1699981689453,195.6283721923828,132.4482879638672,252.75543212890625,189.12669372558594,470.42291259765625,417.8968505859375,178.14999389648438,501.65106201171875,176.89564514160156,90.21587371826172,147.4326934814453,95.47270965576172,45.6865234375,56.956336975097656,145.98793029785156
2024-03-21,508.4832458496094,440.54229736328125,161.66561889648438,224.6124725341797,86.54376983642578,140.19688415527344,30.94902801513672,40.48826217651367,71.59375762939453,43.120994567871094,38.458213806152344,64.50414276123047,94.61774444580078,136.50970458984375,205.38119506835938,529.0469360351562,68.17269897460938,960.080322265625,45.7776985168457,231.82000732421875,197.89035034179688,134.3946075439453,250.6043701171875,188.98880004882812,468.0052795410156,421.9654541015625,178.14999389648438,503.8739318847656,169.66812133789062,91.27703857421875,146.30270385742188,108.96287536621094,47.95880889892578,56.69382858276367,145.97857666015625
2024-03-22,507.5192565917969,441.0462646484375,160.62461853027344,225.9324951171875,85.973876953125,140.00436401367188,30.87034797668457,40.02443313598633,71.2452621459961,43.027862548828125,38.908016204833984,64.04564666748047,92.98776245117188,135.53485107421875,204.75274658203125,527.4525146484375,67.72499084472656,959.3167114257812,46.07938766479492,230.4199981689453,196.43426513671875,132.57476806640625,249.82217407226562,189.1083221435547,466.4632873535156,421.3463134765625,178.8699951171875,505.67999267578125,170.569091796875,94.1261215209961,149.44483947753906,109.31997680664062,48.10929489135742,56.71257781982422,145.4911651611328
2024-03-25,506.11700439453125,439.44561767578125,160.27761840820312,225.37669372558594,85.67394256591797,139.8118438720703,30.79167366027832,39.86981964111328,71.04747009277344,43.42833709716797,38.82001495361328,64.49458312988281,92.10321807861328,135.29611206054688,204.74310302734375,527.4326171875,67.69701385498047,953.217041015625,46.36333465576172,229.4199981689453,197.066162109375,132.166015625,249.91995239257812,189.40249633789062,462.4751281738281,415.5677185058594,179.7100067138672,499.17022705078125,169.15330505371094,94.83788299560547,148.7509765625,116.18409729003906,48.89180374145508,56.62820053100586,145.48184204101562
2024-03-26,505.1822509765625,438.0228271484375,160.12338256835938,223.2825164794922,85.83390808105469,140.32203674316406,30.762174606323242,40.00510787963867,71.08512878417969,43.093055725097656,38.50710678100586,64.37996673583984,92.12309265136719,135.15684509277344,204.74310302734375,530.938720703125,67.53844451904297,955.6569213867188,46.62953567504883,232.67999267578125,194.95071411132812,133.44088745117188,250.3794708251953,188.14300537109375,468.5953674316406,414.3785400390625,178.3000030517578,492.0948181152344,168.0246124267578,92.4011001586914,149.34571838378906,117.84060668945312,51.27695083618164,56.75946044921875,145.99728393554688
2024-03-27,509.427734375,439.5147399902344,162.68736267089844,223.20310974121094,85.37399291992188,142.18951416015625,31.25389862060547,40.47859191894531,71.82923889160156,43.4935302734375,38.31153869628906,64.2844467163086,94.32951354980469,137.06674194335938,206.8700714111328,534.0783081054688,68.09808349609375,958.3843383789062,47.250675201416016,233.38999938964844,197.44161987304688,133.3046417236328,252.74563598632812,189.52198791503906,469.34735107421875,414.1623229980469,179.8300018310547,490.08026123046875,171.5888671875,90.0940933227539,149.54393005371094,118.28697204589844,50.893218994140625,57.21885681152344,148.04991149902344
2024-03-28,509.3303527832031,438.70452880859375,163.2560577392578,223.30238342285156,85.25401306152344,142.20877075195312,31.263731002807617,40.70083999633789,71.92342376708984,43.9638557434082,38.28220748901367,64.10295867919922,94.30963134765625,136.49978637695312,206.07730102539062,531.69140625,68.32192993164062,954.60546875,48.120262145996094,231.69000244140625,197.15773010253906,133.74256896972656,253.3616485595703,190.1379852294922,470.8702392578125,413.464599609375,180.3800048828125,481.8636779785156,169.77703857421875,90.19991302490234,149.60345458984375,117.05083465576172,51.344669342041016,57.35948181152344,148.26548767089844
2024-04-01,508.4442443847656,439.6333312988281,162.2921600341797,226.23023986816406,85.00405883789062,140.99583435058594,30.958864212036133,40.47859191894531,71.34886169433594,44.28982162475586,38.40931701660156,63.61580276489258,93.27599334716797,136.09190368652344,205.84524536132812,531.3347778320312,67.97681427001953,961.3696899414062,47.01996612548828,230.38999938964844,194.16314697265625,133.35330200195312,251.67013549804688,193.01547241210938,466.1111145019531,417.2481994628906,180.97000122070312,487.58953857421875,168.34144592285156,90.20689392089844,154.1233367919922,123.41520690917969,53.308467864990234,56.890708923339844,147.88121032714844
2024-04-02,505.21148681640625,435.8392028808594,160.8944854736328,223.3222198486328,84.10423278808594,138.80108642578125,30.42780303955078,40.26601028442383,70.98152160644531,44.90916442871094,38.00840759277344,63.68267059326172,90.1253890991211,133.18722534179688,204.10499572753906,528.145751953125,67.23997497558594,946.8594970703125,46.79813003540039,216.41000366210938,196.70901489257812,133.81068420410156,250.63369750976562,193.08905029296875,436.0713806152344,414.1721496582031,180.69000244140625,493.5634765625,167.16326904296875,89.29747772216797,153.20155334472656,121.87623596191406,51.78859329223633,56.3938102722168,147.83433532714844
2024-04-03,505.7665100097656,436.8173522949219,161.06802368164062,224.21546936035156,84.25419616699219,138.64706420898438,30.358963012695312,40.24668502807617,70.19974517822266,45.21650695800781,38.29198455810547,63.520286560058594,90.48319244384766,132.82913208007812,203.43789672851562,534.9003295898438,66.1207046508789,943.1600952148438,46.30122375488281,217.1300048828125,194.1723175048828,133.70362854003906,249.1182098388672,193.86166381835938,437.59429931640625,413.1992492675781,182.41000366210938,502.8617248535156,167.9652099609375,88.81031036376953,153.55838012695312,127.09878540039062,53.88782501220703,56.093788146972656,144.58203125
2024-04-04,499.59307861328125,430.13812255859375,159.42935180664062,218.24063110351562,83.26438903808594,136.644775390625,30.034425735473633,39.792510986328125,69.89834594726562,45.188568115234375,37.8226203918457,63.147762298583984,88.94265747070312,130.93910217285156,200.21841430664062,529.651123046875,64.87085723876953,929.34423828125,46.1396484375,214.74000549316406,194.337158203125,133.03213500976562,246.61520385742188,192.4544219970703,433.4443054199219,410.673583984375,180.0,507.009765625,167.14344787597656,85.756591796875,149.2069549560547,123.20669555664062,53.07522201538086,55.59688186645508,142.93246459960938
2024-04-05,504.8122863769531,435.20684814453125,160.38365173339844,220.97000122070312,84.15422058105469,137.86732482910156,30.270450592041016,40.16937255859375,70.01136016845703,45.67285919189453,38.37998580932617,63.13821029663086,89.6284408569336,131.81448364257812,200.06369018554688,533.5731201171875,64.89884948730469,934.9776611328125,46.06782913208008,214.72999572753906,193.3023223876953,134.1707763671875,247.270263671875,194.07321166992188,433.7869567871094,418.1818542480469,185.07000732421875,523.3040771484375,167.8959197998047,87.85597229003906,151.15965270996094,122.70033264160156,55.00891876220703,55.79377365112305,142.82936096191406
2024-04-08,505.09466552734375,435.3352966308594,160.875244140625,221.3868408203125,84.44416809082031,137.4245147705078,30.240947723388672,40.34330749511719,69.90776062011719,45.3841438293457,38.54621505737305,63.271934509277344,89.84709930419922,131.9736328125,199.84132385253906,527.1156616210938,64.74959564208984,930.7921752929688,45.87034606933594,214.97000122070312,194.8316650390625,133.20733642578125,247.52450561523438,193.51214599609375,434.0343933105469,417.2678527832031,185.19000244140625,515.2760620117188,166.77713012695312,86.98248291015625,153.48898315429688,122.0748062133789,54.8885383605957,55.56875991821289,142.0795440673828
2024-04-09,505.6788635253906,436.94586181640625,161.5113983154297,222.41905212402344,84.68412017822266,137.91546630859375,30.54581642150879,40.111392974853516,70.24684143066406,45.39811325073242,38.54621505737305,62.918521881103516,91.07951354980469,133.56524658203125,199.6286163330078,522.21337890625,65.234619140625,936.157958984375,46.31916809082031,216.5399932861328,192.11178588867188,131.43612670898438,242.50869750976562,188.37979125976562,437.5751953125,418.9287109375,185.6699981689453,512.944091796875,167.9850311279297,85.20655059814453,155.22361755371094,121.75708770751953,54.662811279296875,55.99065399169922,142.73561096191406
2024-04-10,500.61541748046875,433.1319885253906,158.76429748535156,220.48365783691406,83.57432556152344,136.29824829101562,30.113100051879883,39.51228332519531,69.99252319335938,45.53781509399414,38.46799087524414,60.51143264770508,89.39984893798828,131.157958984375,201.29156494140625,524.8974609375,63.53706741333008,928.5308837890625,45.14324188232422,210.9199981689453,194.1448211669922,129.37306213378906,242.4793701171875,189.6122589111328,428.37103271484375,415.9608154296875,185.9499969482422,515.8516845703125,166.11378479003906,86.8886489868164,154.76763916015625,121.33014678955078,54.361846923828125,55.24061584472656,140.77674865722656
2024-04-11,504.3934326171875,440.0483093261719,158.64859008789062,225.60496520996094,84.12422943115234,135.73992919921875,29.965579986572266,39.232059478759766,69.82298278808594,45.50522232055664,39.42626953125,62.011085510253906,90.72171783447266,131.6354217529297,199.10653686523438,518.3408813476562,64.03140258789062,912.7809448242188,44.092979431152344,211.19000244140625,194.8499755859375,129.8985595703125,239.08660888671875,186.03433227539062,420.4422607421875,420.55023193359375,189.0500030517578,519.156005859375,173.30169677734375,90.45945739746094,158.0089111328125,126.60236358642578,55.603328704833984,55.36250305175781,139.45523071289062
2024-04-12,497.43133544921875,433.0331115722656,156.1328125,219.02468872070312,82.74449157714844,133.71839904785156,29.444358825683594,38.71025466918945,69.11656188964844,44.76480484008789,38.71245193481445,59.80459213256836,87.61085510253906,128.8998565673828,198.55543518066406,517.984375,63.49042510986328,897.2888793945312,43.338951110839844,206.74000549316406,191.85537719726562,129.96669006347656,240.33810424804688,187.54278564453125,418.04364013671875,414.62420654296875,186.1300048828125,507.9822692871094,174.7966766357422,88.03365325927734,156.34365844726562,121.64786529541016,54.2188835144043,54.64058303833008,138.26490783691406
2024-04-15,491.1994934082031,425.9092712402344,154.78335571289062,215.72959899902344,80.46492004394531,133.44888305664062,29.287004470825195,38.51698684692383,68.83399200439453,44.345706939697266,37.79328918457031,59.470272064208984,85.82186126708984,127.16899108886719,198.54580688476562,517.6575317382812,63.19195556640625,891.19921875,43.54541015625,201.6199951171875,188.86077880859375,127.03742980957031,238.9986114501953,190.01702880859375,424.1639709472656,406.50665283203125,183.6199951171875,496.4015808105469,170.9750518798828,85.85243225097656,153.4989013671875,120.50606536865234,52.992454528808594,54.50933074951172,138.33047485351562
2024-04-16,490.30364990234375,425.9488220214844,153.92552185058594,217.51609802246094,80.68486785888672,133.49700927734375,29.1099853515625,38.25608444213867,68.86224365234375,43.95920181274414,37.5586051940918,58.543739318847656,85.0864028930664,126.30355834960938,198.1783905029297,523.2730102539062,62.78154754638672,886.8155517578125,43.32099151611328,200.3699951171875,189.0897216796875,126.41459655761719,239.75149536132812,191.63580322265625,446.30352783203125,407.43048095703125,183.32000732421875,495.9351501464844,167.6978759765625,87.26399993896484,153.04293823242188,120.90320587158203,53.46647262573242,54.434326171875,135.38748168945312
2024-04-17,487.40185546875,420.751708984375,153.60739135742188,210.80679321289062,80.04499053955078,133.26596069335938,28.893625259399414,38.352718353271484,69.11656188964844,43.833473205566406,37.157691955566406,58.1521110534668,84.13226318359375,125.2292251586914,199.3095703125,520.8663330078125,62.4271240234375,893.8076171875,42.94397735595703,199.1999969482422,190.8663330078125,127.2320556640625,238.10887145996094,192.3440399169922,455.9169616699219,404.73773193359375,181.27999877929688,490.3879089355469,166.3316192626953,83.88982391357422,154.1035614013672,115.5019302368164,52.79682922363281,54.85622024536133,135.68743896484375
2024-04-18,486.39892578125,418.3506774902344,153.4628448486328,207.06509399414062,79.48509979248047,133.25633239746094,28.814950942993164,38.487998962402344,69.43681335449219,43.69842529296875,36.962127685546875,59.0308837890625,82.96942901611328,123.98578643798828,198.26541137695312,513.8246459960938,61.70893096923828,886.6666870117188,43.356903076171875,199.5399932861328,191.9927215576172,127.46563720703125,239.92747497558594,192.92349243164062,469.4234619140625,397.2982482910156,179.22000122070312,497.95953369140625,165.381103515625,84.52472686767578,154.63876342773438,111.13325500488281,51.40486526489258,55.23124313354492,136.5965576171875
2024-04-19,482.15350341796875,409.69537353515625,154.04116821289062,197.71575927734375,78.51527404785156,133.75689697265625,28.942798614501953,39.01947784423828,70.11498260498047,44.224632263183594,35.73983383178711,58.572391510009766,82.32339477539062,124.06536865234375,200.19906616210938,519.7869262695312,62.26856231689453,889.4734497070312,43.92242431640625,198.3800048828125,195.0972442626953,127.6894760131836,244.64016723632812,197.46719360351562,476.990478515625,392.2370300292969,174.6300048828125,477.3882141113281,163.3614044189453,76.0683822631836,152.7356719970703,106.0099868774414,49.69688415527344,56.41255569458008,138.63043212890625
2024-04-22,486.5937805175781,413.8155212402344,155.21713256835938,201.49716186523438,79.46510314941406,134.26708984375,29.080480575561523,39.49296188354492,70.78372192382812,44.51333999633789,36.072296142578125,59.871456146240234,83.2377700805664,125.44807434082031,200.64376831054688,522.2529907226562,62.445777893066406,892.7860717773438,44.110939025878906,199.05999755859375,197.33172607421875,128.11764526367188,245.90142822265625,195.91278076171875,467.5674133300781,394.0453796386719,177.22999572753906,478.0431823730469,164.19305419921875,79.38063049316406,154.90640258789062,108.34327697753906,50.44929885864258,56.768821716308594,139.76449584960938
2024-04-23,492.3679504394531,419.9908447265625,156.59552001953125,206.24131774902344,80.84484100341797,136.01905822753906,29.54270362854004,39.744197845458984,70.98152160644531,44.76015090942383,36.78611373901367,60.167564392089844,84.17202758789062,127.34805297851562,201.852294921875,526.8880004882812,62.520389556884766,899.8875122070312,43.976287841796875,201.10000610351562,198.51307678222656,128.77940368652344,244.31752014160156,196.85093688964844,462.7606506347656,400.5413513183594,179.5399932861328,492.30322265625,165.2425079345703,82.28060913085938,156.86900329589844,111.65949249267578,52.60872268676758,56.853206634521484,140.1769256591797
2024-04-24,492.1342468261719,421.4136962890625,156.81719970703125,206.47950744628906,80.9248275756836,135.59552001953125,29.54270362854004,39.73453903198242,71.51840209960938,44.79274368286133,37.18702697753906,60.32994842529297,83.4266128540039,127.08941650390625,203.44757080078125,530.275146484375,62.56704330444336,899.1138305664062,43.859588623046875,200.52000427246094,194.68511962890625,129.01300048828125,237.60044860839844,195.17694091796875,463.82666015625,402.0056457519531,176.58999633789062,489.72308349609375,167.3414764404297,79.53936004638672,157.73135375976562,110.98432159423828,52.3303337097168,57.70637893676758,139.21151733398438
2024-04-25,490.2646179199219,419.3782653808594,156.48948669433594,210.60830688476562,80.17497253417969,134.69065856933594,29.218164443969727,39.502620697021484,71.34886169433594,44.99763870239258,36.629661560058594,60.08159637451172,81.71713256835938,125.01038360595703,205.64224243164062,534.7517700195312,60.87879943847656,883.3837890625,40.125328063964844,199.08999633789062,194.63934326171875,128.28311157226562,240.4847869873047,193.21783447265625,470.0706787109375,392.158447265625,173.6699981689453,438.0019226074219,168.2028350830078,82.48925018310547,154.62889099121094,110.7857437133789,52.247562408447266,57.884517669677734,137.6088409423828
2024-04-26,494.9093933105469,425.8499755859375,156.56658935546875,216.0074920654297,81.07479858398438,134.72915649414062,29.3361759185791,39.44464111328125,71.19816589355469,44.583194732666016,37.861732482910156,60.50188446044922,82.97936248779297,125.82608032226562,203.12852478027344,538.079345703125,61.01871109008789,875.9651489257812,40.259979248046875,200.91000366210938,193.17413330078125,128.16632080078125,239.9861297607422,191.34149169921875,471.4889221191406,399.31292724609375,179.6199951171875,439.89739990234375,167.61868286132812,87.58344268798828,170.4386749267578,114.02255249023438,53.692203521728516,57.884517669677734,136.97149658203125
2024-04-29,496.662109375,427.5791015625,157.65579223632812,216.74195861816406,80.94482421875,135.1815948486328,29.532865524291992,39.386661529541016,71.42420959472656,44.8858757019043,38.458213806152344,61.15140914916992,84.99693298339844,127.69621276855469,205.11045837402344,530.938720703125,61.50373458862305,885.1690673828125,40.071468353271484,201.5800018310547,191.96527099609375,127.27098846435547,243.67221069335938,190.09056091308594,465.4734191894531,395.3131103515625,180.9600067138672,429.3089904785156,171.77696228027344,87.60541534423828,164.68963623046875,113.54595184326172,52.56357955932617,58.165775299072266,137.6088409423828
2024-04-30,488.7943420410156,419.5166320800781,155.38099670410156,212.484130859375,78.91520690917969,135.0853271484375,29.227998733520508,39.00014114379883,71.11339569091797,43.54940414428711,37.40215301513672,60.224876403808594,84.10244750976562,126.25382232666016,201.11753845214844,532.0479736328125,60.813507080078125,883.3638916015625,39.443111419677734,198.55999755859375,191.98358154296875,125.3051986694336,243.1051025390625,191.54380798339844,460.4000549316406,382.615966796875,175.0,426.8778076171875,168.63845825195312,86.25273895263672,161.3492889404297,112.15592956542969,53.293418884277344,57.912635803222656,135.5187225341797
2024-05-01,487.2071228027344,416.4832763671875,154.850830078125,206.2909393310547,79.05517578125,135.3259735107422,29.355844497680664,39.00014114379883,70.6612777709961,42.85555648803711,37.43148422241211,60.263084411621094,86.79586791992188,128.8103485107422,199.89932250976562,525.9966430664062,61.1026611328125,896.0789184570312,39.68547821044922,198.89999389648438,190.5458221435547,125.22734069824219,244.36639404296875,194.80905151367188,460.79034423828125,388.1291198730469,179.0,435.8287048339844,167.61868286132812,82.89753723144531,162.4197998046875,108.91912841796875,53.05264663696289,58.062652587890625,141.69525146484375
2024-05-02,491.76422119140625,421.79901123046875,155.8050994873047,210.43959045410156,79.89502716064453,135.229736328125,29.37551498413086,39.09676742553711,71.25468444824219,43.10236358642578,38.08663558959961,61.57169723510742,87.79969787597656,129.96421813964844,200.28607177734375,525.1746826171875,60.93477249145508,929.9293212890625,39.22767639160156,201.42999267578125,190.00547790527344,123.14476013183594,244.6792755126953,192.26124572753906,469.2236022949219,390.9791259765625,184.72000122070312,438.2996520996094,171.31166076660156,85.66874694824219,165.155517578125,111.53041076660156,52.4582405090332,58.1189079284668,140.51431274414062
2024-05-03,497.8598327636719,430.2764892578125,156.91357421875,216.09683227539062,80.85484313964844,135.56666564941406,29.50336265563965,39.18374252319336,71.47130584716797,43.107025146484375,38.89823532104492,62.259437561035156,89.4296646118164,132.2621307373047,200.982177734375,523.7781982421875,60.4217643737793,949.1605834960938,39.48799133300781,203.4499969482422,190.1612091064453,126.99850463867188,243.00732421875,191.97613525390625,468.7286376953125,399.6470642089844,186.2100067138672,448.5010070800781,181.55886840820312,88.63561248779297,165.77008056640625,113.883544921875,53.38370895385742,58.287662506103516,139.90512084960938
2024-05-06,503.0010070800781,434.9894714355469,158.1184539794922,220.99977111816406,81.97462463378906,136.11534118652344,29.51319694519043,39.686222076416016,71.50898742675781,43.446964263916016,39.48494338989258,62.80389404296875,90.02601623535156,132.3218231201172,203.57322692871094,528.2843627929688,61.130645751953125,950.7870483398438,39.40720748901367,203.13999938964844,190.48171997070312,127.7575912475586,246.439208984375,198.22140502929688,470.565673828125,406.4084167480469,188.6999969482422,462.1159973144531,179.9054412841797,91.9808349609375,166.62252807617188,119.2748794555664,54.62519073486328,58.45642852783203,139.25839233398438
2024-05-07,503.5561218261719,435.0586242675781,158.56187438964844,219.07432556152344,81.53471374511719,137.24163818359375,29.749223709106445,39.821502685546875,72.29076385498047,43.405052185058594,39.31870651245117,62.746585845947266,89.87691497802734,132.5804443359375,203.51522827148438,540.505859375,61.056026458740234,962.0242309570312,39.53288269042969,205.30999755859375,190.7930908203125,130.13211059570312,246.34141540527344,198.17544555664062,476.8287048339844,402.2807922363281,188.75999450683594,464.6563415527344,180.58856201171875,90.39757537841797,169.7448272705078,118.36144256591797,53.790016174316406,58.70956039428711,139.38958740234375
2024-05-08,503.6048278808594,434.8017578125,158.5233154296875,219.73928833007812,81.19477844238281,136.7699432373047,29.58203887939453,39.96644973754883,72.07412719726562,43.35382843017578,39.123138427734375,62.88031005859375,88.56499481201172,131.89405822753906,203.03182983398438,538.3863525390625,60.55234909057617,947.9307250976562,39.20073699951172,201.77000427246094,193.99832153320312,129.8109893798828,246.02854919433594,198.58013916015625,478.9703369140625,403.4601745605469,188.0,468.9830017089844,180.92523193359375,90.25582122802734,167.89126586914062,118.47064971923828,54.20383834838867,58.925201416015625,139.6051788330078
2024-05-09,506.5064697265625,435.7502746582031,159.85348510742188,218.32994079589844,81.14479064941406,137.94435119628906,29.916410446166992,40.26601028442383,72.6957778930664,43.935909271240234,39.11336135864258,62.18301773071289,88.43578338623047,132.71971130371094,203.51522827148438,549.7857666015625,60.2352294921875,960.0704345703125,40.16123580932617,203.91000366210938,195.6192169189453,131.32908630371094,248.38490295410156,196.57501220703125,482.6063232421875,405.2094421386719,189.5,471.781494140625,182.73707580566406,88.59370422363281,168.4661865234375,116.97139739990234,54.241458892822266,58.95332717895508,140.44869995117188
2024-05-10,507.15899658203125,436.7778625488281,160.11376953125,221.62506103515625,81.37474060058594,138.22348022460938,30.063926696777344,40.420616149902344,73.11022186279297,43.69377136230469,38.91779327392578,61.972877502441406,87.60092163085938,132.6998291015625,204.47239685058594,554.5297241210938,61.52238464355469,965.8229370117188,40.34077072143555,203.77999877929688,190.90296936035156,130.39486694335938,249.16709899902344,198.4513702392578,488.10791015625,407.58770751953125,187.47999572753906,472.55548095703125,181.4779815673828,89.72273254394531,167.16769409179688,120.37699890136719,53.87277603149414,59.30959701538086,140.50494384765625
2024-05-13,507.2270812988281,437.78564453125,160.0751953125,221.58534240722656,81.47472381591797,138.08871459960938,30.034425735473633,40.256343841552734,72.90299224853516,43.577354431152344,39.06446838378906,62.116153717041016,89.33027648925781,133.7045135498047,203.8246307373047,549.2807006835938,62.99607849121094,968.9570922851562,40.448490142822266,203.86000061035156,192.24000549316406,130.15159606933594,248.87374877929688,195.37010192871094,487.0894470214844,406.58526611328125,186.57000732421875,464.4281311035156,184.6802215576172,90.24284362792969,167.65338134765625,122.12445831298828,53.39876174926758,59.609622955322266,141.73277282714844
2024-05-14,509.5542907714844,440.60162353515625,160.71136474609375,225.37669372558594,81.95463562011719,138.67591857910156,30.28028678894043,40.459266662597656,72.76171112060547,43.63322830200195,39.51427459716797,62.6319580078125,90.22477722167969,134.7589569091797,202.896484375,546.2799072265625,63.09868621826172,976.5740966796875,40.13430404663086,203.82000732421875,193.0458984375,130.7841339111328,247.52450561523438,196.5290069580078,489.1263732910156,409.3763427734375,187.07000732421875,468.23876953125,185.82034301757812,91.19817352294922,168.84280395507812,123.92157745361328,55.332454681396484,59.159584045410156,141.8827362060547
2024-05-15,515.8641357421875,447.4883728027344,161.99337768554688,232.14553833007812,84.01424407958984,140.73593139648438,30.594987869262695,40.758819580078125,72.8088150024414,43.73101806640625,39.924964904785156,63.921470642089844,92.04358673095703,136.61912536621094,202.0650177001953,546.2600708007812,62.501739501953125,970.19677734375,39.99067687988281,211.3800048828125,190.7198028564453,134.1707763671875,247.3387451171875,192.46359252929688,492.61956787109375,416.5338134765625,185.99000549316406,477.8545837402344,188.09068298339844,94.4665298461914,170.9937744140625,126.90022277832031,56.95014572143555,59.18771743774414,143.09178161621094
2024-05-16,514.8027954101562,446.579345703125,161.73309326171875,230.45828247070312,83.7742919921875,140.57229614257812,30.56548309326172,40.758819580078125,73.84488677978516,43.60995101928711,39.78806686401367,63.396114349365234,92.0237045288086,136.56936645507812,205.15882873535156,550.419677734375,63.2945556640625,960.050537109375,39.5957145690918,209.64999389648438,194.81333923339844,133.43115234375,258.9836120605469,190.4033203125,496.1604309082031,414.4761962890625,183.6300048828125,469.6082458496094,188.2096405029297,94.19599914550781,172.64906311035156,126.97965240478516,55.753814697265625,59.36585235595703,144.60076904296875
2024-05-17,515.542724609375,446.3619689941406,161.9740753173828,228.52291870117188,84.25419616699219,140.84182739257812,30.594987869262695,41.05837631225586,73.66592407226562,44.219974517822266,39.866294860839844,62.52688980102539,90.62232971191406,135.9725341796875,203.45721435546875,559.095458984375,63.163963317871094,974.2433471679688,39.523902893066406,210.27000427246094,195.18881225585938,134.68653869628906,268.1743469238281,192.43600463867188,499.35858154296875,413.708251953125,184.6999969482422,468.29827880859375,188.2393798828125,92.3192367553711,174.51255798339844,124.39815521240234,54.248985290527344,59.09395980834961,144.9381866455078
2024-05-20,516.13671875,449.47430419921875,161.83912658691406,233.23728942871094,85.1140365600586,140.54342651367188,30.506479263305664,40.49791717529297,73.15731048583984,43.93125534057617,39.9836311340332,62.31674575805664,91.70565032958984,136.7882537841797,201.5526123046875,558.58056640625,63.33186340332031,979.1825561523438,38.922481536865234,209.9600067138672,193.47630310058594,133.2754364013672,258.2601013183594,190.37571716308594,492.31500244140625,418.7588806152344,183.5399932861328,465.25177001953125,189.39932250976562,94.61626434326172,175.364990234375,128.0817413330078,54.96377944946289,58.66267776489258,142.92568969726562
2024-05-21,517.402587890625,450.3536376953125,161.77166748046875,232.90975952148438,84.45417022705078,140.78407287597656,30.40813446044922,40.758819580078125,73.59059143066406,43.717044830322266,40.47254943847656,61.944217681884766,91.00993347167969,136.19139099121094,201.41725158691406,547.0819702148438,62.76290512084961,985.8079223632812,37.94402313232422,209.24000549316406,192.6337890625,133.5868682861328,259.1009521484375,192.5831756591797,498.3305358886719,422.401611328125,183.14999389648438,461.073974609375,190.69810485839844,95.2212142944336,176.2868194580078,126.59241485595703,55.68609619140625,58.98145294189453,142.89735412597656
2024-05-22,515.912841796875,450.2647705078125,161.15475463867188,234.8153533935547,84.46416473388672,141.0343780517578,30.457305908203125,40.52690887451172,73.29859924316406,42.87884521484375,40.09119415283203,61.64811325073242,91.60626983642578,137.16624450683594,202.95448303222656,552.0242309570312,63.238590240478516,975.740966796875,38.00685501098633,205.75999450683594,193.6686248779297,133.21707153320312,261.4866638183594,189.78704833984375,496.2365417480469,423.85870361328125,183.1300048828125,464.1998596191406,189.26052856445312,94.78597259521484,174.82974243164062,125.38111114501953,55.332454681396484,59.065834045410156,145.03268432617188
2024-05-23,512.1444702148438,448.2392578125,158.89923095703125,238.02113342285156,83.70430755615234,139.49417114257812,30.034425735473633,39.96644973754883,72.43203735351562,42.4876823425293,40.159645080566406,61.0176887512207,88.7737045288086,134.9180908203125,202.53875732421875,552.6678466796875,61.71824264526367,972.5374755859375,37.28873062133789,204.5800018310547,194.20895385742188,131.76702880859375,257.2236328125,186.88055419921875,491.93426513671875,420.3931579589844,181.0500030517578,462.2152099609375,185.27505493164062,103.61970520019531,172.02462768554688,125.37118530273438,55.798954010009766,58.21266555786133,141.44229125976562
2024-05-24,515.5330200195312,452.47796630859375,159.94985961914062,242.42782592773438,82.88446044921875,139.02247619628906,30.063926696777344,40.208030700683594,72.62042236328125,42.5482292175293,40.79523468017578,61.22782516479492,88.28669738769531,134.95791625976562,201.88131713867188,555.3418579101562,61.26122283935547,976.9510498046875,37.01943588256836,203.88999938964844,196.81890869140625,132.68182373046875,258.8663024902344,187.55198669433594,483.69140625,423.50433349609375,180.75,474.5600280761719,188.3484344482422,106.28507995605469,173.45199584960938,128.56825256347656,56.288028717041016,58.12827682495117,138.86288452148438
2024-05-28,515.893310546875,454.18731689453125,158.84136962890625,247.95603942871094,82.3245620727539,137.337890625,29.670547485351562,39.763526916503906,72.05529022216797,42.98594284057617,41.274375915527344,61.8296012878418,88.58486938476562,133.37623596191406,199.60928344726562,543.9820556640625,59.638282775878906,965.1881103515625,36.34619140625,203.08999633789062,190.93960571289062,130.09317016601562,256.79345703125,188.7200927734375,479.4176330566406,423.6618347167969,182.14999389648438,476.24700927734375,188.35838317871094,113.70423889160156,174.84954833984375,131.72561645507812,57.288734436035156,57.95952224731445,136.41575622558594
2024-05-29,512.28076171875,450.9859924316406,156.9810791015625,243.80738830566406,82.09461212158203,136.26934814453125,29.444358825683594,39.44464111328125,71.53723907470703,42.22691345214844,41.20592498779297,60.320396423339844,86.94496154785156,131.81448364257812,197.38563537597656,553.51953125,59.227882385253906,958.5726928710938,36.13075637817383,200.5,188.5494384765625,128.4096221923828,255.7082061767578,186.85296630859375,461.3710021972656,422.5296630859375,182.02000427246094,470.72955322265625,188.65577697753906,114.62664794921875,174.3539581298828,130.6433868408203,58.25934600830078,57.84701156616211,136.4724578857422
2024-05-30,508.88250732421875,446.1544494628906,157.70399475097656,240.4527587890625,77.34549713134766,136.3367462158203,29.414852142333984,39.65724182128906,71.72562408447266,42.34798049926758,40.49210739135742,59.68996810913086,88.41590881347656,132.6500701904297,199.40626525878906,555.5697631835938,59.768863677978516,961.9647216796875,36.13075637817383,194.19000244140625,187.642822265625,129.66500854492188,259.2475891113281,190.3297119140625,458.4488830566406,408.2539978027344,179.32000732421875,463.4754943847656,189.64718627929688,110.30911254882812,170.59725952148438,125.39104461669922,56.8147087097168,58.10015869140625,137.26611328125
2024-05-31,513.5174560546875,445.324462890625,159.79563903808594,238.67617797851562,78.07535552978516,138.3293914794922,29.729555130004883,40.23701858520508,72.84647369384766,43.400390625,40.46277618408203,59.39385986328125,88.58486938476562,133.17730712890625,203.7375946044922,564.1168212890625,59.94607925415039,972.1307983398438,36.88478469848633,174.25,185.884521484375,130.3072967529297,264.7913818359375,194.23875427246094,471.5079650878906,408.7068786621094,176.44000244140625,463.2571716308594,190.59893798828125,109.44361877441406,170.98385620117188,124.1102294921875,56.6491813659668,59.000205993652344,138.57943725585938
2024-06-03,513.93603515625,447.715576171875,158.9474334716797,241.65367126464844,77.9253921508789,139.30165100097656,29.89674186706543,39.98577880859375,72.8182144165039,42.26415252685547,40.951690673828125,60.37770462036133,90.8608627319336,134.78880310058594,194.62049865722656,568.27099609375,59.162593841552734,981.3743896484375,37.49519348144531,171.41000366210938,184.75808715820312,130.06398010253906,260.7044372558594,192.5831756591797,473.4782409667969,407.1217346191406,178.33999633789062,473.8355712890625,192.36366271972656,114.80133819580078,171.64796447753906,127.25765991210938,56.41593551635742,59.000205993652344,139.5904083251953
2024-06-04,514.5106201171875,448.9407653808594,158.46546936035156,240.78028869628906,78.25532531738281,139.70596313476562,29.8770694732666,39.80217361450195,73.44929504394531,41.85902404785156,41.07880783081055,60.167564392089844,90.61238098144531,134.76889038085938,196.87319946289062,568.836181640625,59.84347915649414,985.1532592773438,37.47724533081055,178.9199981689453,186.61712646484375,131.1442108154297,258.9151611328125,194.96539306640625,481.1405029296875,409.6322937011719,179.33999633789062,473.3393859863281,192.68092346191406,116.23585510253906,172.26251220703125,125.7385482788086,55.6334228515625,59.94712829589844,139.64710998535156
2024-06-05,520.6256103515625,457.9913024902344,159.42935180664062,252.50169372558594,80.02499389648438,140.34127807617188,30.132766723632812,39.91814041137695,73.28917694091797,41.8543701171875,41.91974639892578,61.30424499511719,93.54434204101562,137.3353729248047,197.13421630859375,574.6561279296875,59.58232116699219,997.6301879882812,37.01943588256836,181.69000244140625,183.60423278808594,131.70864868164062,258.2601013183594,195.55409240722656,478.8846435546875,417.449462890625,181.27999877929688,491.2711486816406,194.18783569335938,122.22848510742188,173.8682861328125,132.75823974609375,57.86056900024414,59.92838668823242,137.9180450439453
2024-06-06,520.6159057617188,457.8332214355469,159.1209259033203,250.51670837402344,80.25495147705078,140.80332946777344,30.162275314331055,39.89881134033203,73.51522827148438,42.07323455810547,42.02730941772461,61.7913932800293,92.25228881835938,136.8777618408203,195.7806854248047,581.1105346679688,59.55433654785156,992.591796875,36.6962776184082,185.00999450683594,184.51998901367188,131.2415008544922,257.8787536621094,196.08753967285156,477.74249267578125,417.9515075683594,185.0,489.98114013671875,192.80978393554688,120.78897094726562,175.17666625976562,129.1441192626953,56.61908721923828,60.144020080566406,138.3432159423828
2024-06-07,519.9829711914062,457.4281005859375,158.61968994140625,250.3181915283203,80.36492919921875,140.9573516845703,30.093429565429688,40.0824089050293,73.14788818359375,41.90559005737305,41.94908142089844,60.80754089355469,90.83103942871094,136.00238037109375,194.61619567871094,581.8938598632812,60.347145080566406,994.734130859375,37.23487091064453,183.13999938964844,183.61740112304688,130.20022583007812,261.27154541015625,195.48048400878906,467.05340576171875,417.29193115234375,184.3000030517578,489.1872253417969,195.19912719726562,120.6791763305664,172.92662048339844,130.00794982910156,56.41593551635742,59.91900634765625,138.96681213378906
2024-06-10,521.589599609375,459.2757568359375,159.04380798339844,253.94081115722656,80.59488677978516,141.47715759277344,30.044260025024414,39.927799224853516,73.09137725830078,42.22224807739258,42.0468635559082,61.30424499511719,91.4273681640625,136.2212371826172,195.7418670654297,586.2365112304688,60.86015701293945,993.5239868164062,38.21331787109375,184.99000549316406,182.82528686523438,130.28781127929688,261.7310485839844,193.4109649658203,471.15582275390625,421.249755859375,187.05999755859375,498.75341796875,191.4614715576172,121.5796127319336,173.67088317871094,133.86032104492188,58.011051177978516,59.61899185180664,139.01405334472656
2024-06-11,522.8457641601562,462.42767333984375,158.38836669921875,253.5636749267578,80.86483764648438,140.88998413085938,29.936080932617188,39.473636627197266,73.0537109375,42.138427734375,42.5162239074707,60.92216491699219,91.89450073242188,136.09190368652344,196.1494598388672,586.2464599609375,60.52437210083008,1002.2619018554688,38.61726760864258,188.0,183.00950622558594,130.978759765625,258.04498291015625,191.7645721435547,472.31707763671875,425.98529052734375,187.22999572753906,503.5861511230469,205.37100219726562,120.7110366821289,175.2685546875,134.1085205078125,57.57465362548828,59.58148956298828,138.66445922851562
2024-06-12,527.139892578125,468.4844055175781,159.2366180419922,261.1165771484375,82.70449829101562,140.59153747558594,30.004919052124023,39.43498611450195,72.25308227539062,41.68673324584961,43.32782745361328,62.44092559814453,93.24618530273438,137.08665466308594,194.9267578125,579.8018798828125,60.01136779785156,1019.2515258789062,38.06968688964844,188.91000366210938,180.2740478515625,132.39959716796875,257.1845397949219,186.19992065429688,469.31878662109375,434.2356872558594,186.88999938964844,504.9456481933594,211.24014282226562,124.99398040771484,176.42959594726562,139.74810791015625,59.583595275878906,58.95332717895508,137.38894653320312
2024-06-13,528.2012329101562,471.023681640625,158.78355407714844,265.2056884765625,81.83465576171875,140.47605895996094,29.936080932617188,39.40598678588867,72.3472671508789,41.30488204956055,43.49406051635742,61.934669494628906,93.24618530273438,136.60919189453125,195.26638793945312,586.0283203125,59.283851623535156,1018.1408081054688,37.23487091064453,185.77000427246094,180.19114685058594,132.067626953125,257.35076904296875,187.2668914794922,473.3450012207031,434.74761962890625,183.8300018310547,500.2419738769531,212.40008544921875,129.39674377441406,173.81973266601562,142.12110900878906,59.87704086303711,59.05645751953125,137.42672729492188
2024-06-14,528.5227661132812,473.46417236328125,157.77145385742188,265.8805847167969,83.0244369506836,140.4279022216797,29.818065643310547,39.28038024902344,72.47915649414062,40.9975471496582,43.552730560302734,61.629005432128906,91.18885040283203,135.73379516601562,197.61476135253906,584.9179077148438,61.42707824707031,1028.029052734375,36.983524322509766,184.6999969482422,181.5634765625,132.46795654296875,254.56436157226562,187.56117248535156,473.1737060546875,435.7223205566406,183.66000366210938,500.7982482910156,210.66513061523438,131.66297912597656,175.43724060058594,140.35377502441406,58.77851104736328,59.09897232055664,137.51174926757812
2024-06-17,532.7291259765625,479.2640686035156,158.91848754882812,270.4361572265625,83.74430084228516,140.2835235595703,29.76889419555664,39.62824249267578,73.16673278808594,41.10464096069336,44.08076095581055,62.125709533691406,90.03593444824219,134.7291259765625,200.27371215820312,592.3538208007812,60.68120193481445,1036.8065185546875,36.77707290649414,179.75,181.0661163330078,132.9854278564453,255.80059814453125,191.53463745117188,467.63922119140625,441.4325256347656,184.05999755859375,503.25177001953125,214.80923461914062,130.7644805908203,175.88381958007812,146.77772521972656,60.087711334228516,59.16510772705078,137.89913940429688
2024-06-18,534.0825805664062,479.41229248046875,159.313720703125,274.6840515136719,84.02424621582031,140.46641540527344,29.749223709106445,39.879486083984375,73.26092529296875,41.27694320678711,43.95363998413086,62.689273834228516,89.15137481689453,133.6746826171875,201.73902893066406,597.7870483398438,59.62374496459961,1030.5977783203125,36.63344192504883,178.74000549316406,181.01087951660156,133.1611785888672,258.0669860839844,193.84329223632812,459.8201599121094,439.4339904785156,182.80999755859375,496.15936279296875,212.44964599609375,135.35691833496094,173.75027465820312,152.3577117919922,60.36610412597656,59.174560546875,137.61570739746094
2024-06-20,532.6318359375,475.7169494628906,159.41009521484375,266.9028625488281,83.91426849365234,140.92848205566406,29.857404708862305,40.092079162597656,73.1008071899414,42.035980224609375,43.562503814697266,62.43136978149414,89.34022521972656,134.9877471923828,202.59298706054688,598.0943603515625,64.66556549072266,1035.834716796875,36.839908599853516,183.8000030517578,182.8160858154297,133.87396240234375,261.4518737792969,193.9352569580078,463.1370849609375,438.80389404296875,186.10000610351562,498.3546142578125,207.87925720214844,130.56478881835938,174.95101928710938,143.1636199951172,57.4015998840332,58.749385833740234,139.62820434570312
2024-06-21,531.9177856445312,474.4423522949219,159.61248779296875,262.903076171875,84.75410461425781,141.32313537597656,29.965579986572266,39.93745803833008,73.15731048583984,41.7938346862793,43.42560958862305,62.202125549316406,91.81497955322266,136.61912536621094,202.80648803710938,597.935791015625,66.72382354736328,1044.512939453125,37.63881301879883,184.8800048828125,179.1227264404297,134.58673095703125,259.6073913574219,192.40843200683594,461.292236328125,442.8207702636719,189.0800018310547,491.4808044433594,205.70806884765625,126.36173248291016,178.2555389404297,138.54673767089844,57.01034164428711,59.30683135986328,140.54470825195312
2024-06-24,530.1885986328125,469.041015625,160.3799591064453,253.86141967773438,83.88427734375,142.14747619628906,29.966567993164062,40.34783172607422,73.9374008178711,42.847660064697266,42.809574127197266,62.068397521972656,93.28278350830078,139.22537231445312,206.15440368652344,602.6255493164062,66.7804946899414,1055.1748046875,37.908111572265625,186.6999969482422,179.67538452148438,135.4459686279297,261.09869384765625,193.7788848876953,468.35614013671875,440.7433776855469,185.57000732421875,495.5832824707031,206.35247802734375,117.9156494140625,177.84866333007812,138.02049255371094,56.73194885253906,60.440635681152344,140.894287109375
2024-06-25,532.2302856445312,474.4047546386719,159.27671813964844,259.8064880371094,84.54414367675781,141.70297241210938,29.75969696044922,40.047088623046875,73.46290588378906,42.946231842041016,43.934085845947266,62.116153717041016,92.62600708007812,138.79763793945312,205.78564453125,599.2643432617188,65.7230224609375,1062.4151611328125,37.87220764160156,186.1699981689453,178.77276611328125,134.0887451171875,258.3221435546875,191.5714111328125,463.11798095703125,443.97265625,186.33999633789062,507.19525146484375,207.27452087402344,125.88250732421875,182.6218719482422,140.11544799804688,57.830467224121094,60.31779861450195,139.0707550048828
2024-06-26,532.89453125,475.3844909667969,158.6766815185547,258.95294189453125,84.64413452148438,141.200439453125,29.66118621826172,39.794857025146484,73.31105041503906,42.52376937866211,44.608787536621094,62.31674575805664,91.74034881591797,137.19607543945312,206.37759399414062,594.44580078125,65.43977355957031,1060.4017333984375,38.150489807128906,184.27000427246094,179.785888671875,134.14735412597656,255.10398864746094,191.4886474609375,462.6783142089844,445.16387939453125,193.61000061035156,509.69842529296875,211.41860961914062,126.19200134277344,182.47300720214844,141.34664916992188,56.78461837768555,60.51622009277344,138.72117614746094
2024-06-27,533.7347412109375,476.6116027832031,158.8702392578125,256.9183044433594,86.44379425048828,140.96847534179688,29.6414852142334,39.74634552001953,72.99788665771484,42.622344970703125,44.794578552246094,62.842105865478516,92.40708923339844,137.18612670898438,206.37759399414062,588.14013671875,64.98658752441406,1042.251708984375,37.26179885864258,185.14999389648438,180.08984375,134.2254638671875,257.0859069824219,194.3951416015625,464.97235107421875,445.8432312011719,197.85000610351562,516.0955200195312,212.2613067626953,123.78596496582031,183.9912872314453,131.28875732421875,57.649898529052734,60.38393783569336,137.75743103027344
2024-06-28,531.6343383789062,474.1375732421875,158.9863739013672,258.7445068359375,86.88371276855469,140.8525390625,29.582382202148438,39.88216781616211,72.67521667480469,42.7866325378418,44.11009216308594,63.12865447998047,92.2578125,136.53955078125,207.02777099609375,579.0581665039062,64.77886199951172,1042.4202880859375,37.279754638671875,183.00999450683594,181.07533264160156,133.65914916992188,250.26699829101562,191.0471649169922,486.7852478027344,440.0345458984375,193.25,500.85784912109375,208.81117248535156,123.33672332763672,180.75624084472656,130.59373474121094,57.01034164428711,60.13828659057617,138.0975799560547
2024-07-01,532.728515625,476.91845703125,157.69921875,259.0522155761719,87.32362365722656,140.06007385253906,29.257301330566406,39.969482421875,72.16275024414062,42.81010055541992,45.078147888183594,63.15732192993164,92.58621215820312,136.25108337402344,203.16551208496094,581.338623046875,64.80718994140625,1048.3612060546875,37.07329177856445,181.6699981689453,180.06222534179688,133.69818115234375,250.01193237304688,192.65676879882812,472.8200378417969,449.6632080078125,197.1999969482422,501.314697265625,214.88853454589844,124.095458984375,181.58981323242188,130.5838165283203,57.46931457519531,59.788692474365234,138.3621368408203
2024-07-02,536.3135986328125,481.9259033203125,158.40570068359375,261.65252685546875,87.7535400390625,139.54786682128906,29.198190689086914,40.435142517089844,72.66571807861328,42.777244567871094,46.10487747192383,63.195526123046875,90.91439819335938,135.30606079101562,203.2722625732422,579.8414306640625,64.5805892944336,1036.1024169921875,36.310279846191406,182.85000610351562,181.51744079589844,137.4963836669922,250.7477569580078,194.18357849121094,476.2515563964844,452.1737365722656,200.0,506.10260009765625,218.37831115722656,122.4681396484375,183.82260131835938,131.6461944580078,58.72584533691406,59.665870666503906,137.97471618652344
2024-07-03,538.70703125,485.9437561035156,158.47344970703125,267.5976257324219,87.863525390625,138.48486328125,29.139089584350586,40.30902099609375,72.54235076904297,42.96501159667969,46.87736129760742,63.8546028137207,90.42680358886719,134.3809356689453,203.98068237304688,578.3741455078125,62.87165451049805,1015.7008666992188,35.96019744873047,181.3300018310547,180.57797241210938,137.82839965820312,249.28587341308594,193.49343872070312,468.2701416015625,453.6407165527344,197.58999633789062,506.55950927734375,219.64730834960938,128.06893920898438,184.39817810058594,135.84608459472656,58.530216217041016,59.8359375,137.6534881591797
2024-07-05,541.8135375976562,491.0106201171875,158.40570068359375,267.69683837890625,88.913330078125,139.5575714111328,29.23759651184082,40.299320220947266,73.4344253540039,42.293758392333984,47.776973724365234,65.87005615234375,91.26268005371094,135.485107421875,204.10682678222656,582.7465209960938,62.966064453125,1025.7578125,36.142459869384766,183.4600067138672,180.89112854003906,137.46710205078125,247.74549865722656,193.4105987548828,466.4730224609375,460.3255920410156,200.0,536.3098754882812,224.39617919921875,125.62293243408203,189.1416015625,130.66323852539062,58.063716888427734,60.242210388183594,138.39991760253906
2024-07-08,542.4385375976562,492.1783447265625,158.7153778076172,272.1531677246094,88.06349182128906,139.40293884277344,29.217893600463867,40.19261169433594,73.32054901123047,42.03557586669922,47.757415771484375,65.1536636352539,92.77528381347656,137.007080078125,204.38824462890625,584.5014038085938,63.77805709838867,1043.63037109375,36.44319534301758,182.88999938964844,179.5740509033203,137.83811950683594,248.21644592285156,192.97811889648438,467.7443542480469,459.02606201171875,199.2899932861328,525.7904052734375,225.8634796142578,127.9890365600586,187.58358764648438,129.87322998046875,59.06443405151367,59.486351013183594,137.455078125
2024-07-09,542.9661254882812,492.6038818359375,158.4444122314453,272.7486572265625,86.66374969482422,140.07940673828125,29.23759651184082,40.50304412841797,73.1307373046875,41.66475296020508,48.23655319213867,65.0772476196289,93.90973663330078,138.13116455078125,203.80599975585938,581.8045043945312,63.976322174072266,1045.3955078125,37.23603057861328,182.22999572753906,179.25167846679688,139.09768676757812,248.5598602294922,192.77565002441406,470.3921203613281,452.4297180175781,199.33999633789062,526.4659423828125,226.71607971191406,131.163818359375,187.5339813232422,130.3203887939453,59.01176071166992,59.23124694824219,138.93846130371094
2024-07-10,548.3389282226562,497.74005126953125,159.7509002685547,279.1601867675781,86.65374755859375,141.4033660888672,29.483869552612305,40.658267974853516,73.4533920288086,41.94639587402344,48.73524856567383,65.71723175048828,95.01431274414062,139.79238891601562,204.9316864013672,581.814453125,64.91104125976562,1062.3455810546875,37.472965240478516,182.02000427246094,178.29380798339844,141.00164794921875,251.48362731933594,193.2357940673828,478.8228759765625,459.035888671875,199.7899932861328,531.124755859375,230.97915649414062,134.68800354003906,189.71713256835938,135.53759765625,60.37363052368164,59.363529205322266,141.1871795654297
2024-07-11,543.6109008789062,486.824462890625,161.67681884765625,268.9870910644531,86.40380096435547,142.39877319335938,29.9074649810791,40.978416442871094,73.17818450927734,42.38294219970703,46.544898986816406,65.7649917602539,97.48221588134766,143.094970703125,205.5042266845703,570.3233032226562,66.06292724609375,1071.420654296875,37.135780334472656,185.97999572753906,180.3385467529297,143.67698669433594,253.12210083007812,194.91976928710938,482.10150146484375,447.66461181640625,195.0500030517578,509.2813415527344,225.61561584472656,127.19036865234375,184.15008544921875,129.41610717773438,58.567840576171875,59.61862564086914,141.44229125976562
2024-07-12,547.0396728515625,489.6844787597656,163.09939575195312,272.3913879394531,87.30363464355469,143.28785705566406,30.104480743408203,41.11423110961914,73.50083923339844,42.49090576171875,46.84803009033203,65.5739517211914,98.47733306884766,144.26878356933594,207.42562866210938,571.7410888671875,66.05348205566406,1091.0386962890625,36.87150573730469,187.9199981689453,178.15567016601562,144.89747619628906,253.46548461914062,196.28167724609375,488.955078125,446.5323791503906,194.49000549316406,495.5434875488281,228.56011962890625,129.02734375,183.65390014648438,132.71533203125,59.267578125,60.185523986816406,141.6123809814453
2024-07-15,548.5440673828125,491.0007019042969,163.28330993652344,271.7760314941406,87.93350982666016,142.78530883789062,29.818803787231445,41.71571731567383,73.07379150390625,43.134002685546875,46.99470520019531,64.58055877685547,99.4127426147461,144.38812255859375,209.60906982421875,573.3275146484375,66.85601043701172,1073.2457275390625,36.5890007019043,185.74000549316406,181.4529571533203,144.33120727539062,255.2904052734375,199.7785186767578,492.6255798339844,446.9360656738281,192.72000122070312,492.8515930175781,232.386962890625,128.2286376953125,185.1027069091797,130.0520477294922,59.305206298828125,59.911529541015625,141.00765991210938
2024-07-16,551.797119140625,491.188720703125,166.1769561767578,271.65692138671875,88.22345733642578,144.8244171142578,30.488664627075195,42.191078186035156,73.77605438232422,43.326454162597656,46.78935623168945,65.17277526855469,101.35323333740234,147.15354919433594,214.35440063476562,578.968994140625,67.6396713256836,1086.020263671875,37.545875549316406,187.16000366210938,181.78453063964844,145.4051971435547,256.71307373046875,193.24496459960938,524.6471557617188,442.56475830078125,193.02000427246094,486.5240783691406,232.80335998535156,126.1520767211914,182.5126953125,126.69320678710938,57.980960845947266,60.72407150268555,142.68003845214844
2024-07-17,544.0602416992188,476.76995849609375,165.49949645996094,252.31312561035156,86.30381774902344,145.4815673828125,30.63643455505371,42.511226654052734,74.72508239746094,43.75831604003906,45.244380950927734,64.07430267333984,99.313232421875,145.6017303466797,216.7124786376953,577.0950927734375,69.20697784423828,1076.726806640625,39.32292175292969,181.92999267578125,185.5515899658203,145.88368225097656,262.4232177734375,203.68942260742188,547.97998046875,436.6575622558594,187.92999267578125,458.9093933105469,226.9143524169922,117.79584503173828,179.6348876953125,118.75314331054688,54.0157356262207,61.61221694946289,147.9427947998047
2024-07-18,539.879150390625,474.5136413574219,164.07687377929688,253.6232147216797,85.0140609741211,142.17648315429688,30.153738021850586,41.99705505371094,74.35496520996094,43.838111877441406,45.22482681274414,63.014041900634766,97.06426239013672,143.36354064941406,216.49900817871094,573.49609375,69.4052505493164,1058.5172119140625,38.63032531738281,180.42999267578125,184.76869201660156,144.27261352539062,262.6194763183594,206.6156768798828,539.4345092773438,433.5563049316406,183.75,472.6770324707031,222.25473022460938,120.89073944091797,176.3303680419922,116.71595001220703,52.84949493408203,61.59331512451172,146.84677124023438
2024-07-19,536.2940673828125,470.3077087402344,162.97360229492188,246.2787322998047,84.83409118652344,142.9012908935547,30.143882751464844,41.5701904296875,74.10820770263672,43.359317779541016,44.618568420410156,62.30719757080078,97.03440856933594,143.2640838623047,216.20785522460938,575.181640625,68.50828552246094,1054.88720703125,38.858154296875,183.25,184.06871032714844,144.19447326660156,254.97645568847656,201.84898376464844,540.3807983398438,430.34674072265625,183.1300048828125,473.6107482910156,222.38363647460938,117.73594665527344,176.30062866210938,113.54589080810547,52.533485412597656,61.687801361083984,146.15704345703125
2024-07-22,541.8232421875,477.314208984375,164.2607421875,255.786865234375,85.60395050048828,143.7227325439453,30.390161514282227,41.80303192138672,74.15567016601562,43.087059020996094,45.70396423339844,62.842105865478516,98.40767669677734,145.472412109375,216.838623046875,578.027099609375,68.36668395996094,1060.9769287109375,38.885498046875,187.0,184.09634399414062,145.71766662597656,257.0662841796875,199.04232788085938,533.8809814453125,436.0865478515625,182.5500030517578,484.1499938964844,222.03665161132812,123.33672332763672,180.27992248535156,114.55951690673828,54.9713020324707,61.19648742675781,145.73187255859375
2024-07-23,540.9733276367188,475.63189697265625,163.68008422851562,252.9483184814453,85.78392028808594,143.63575744628906,30.301502227783203,41.880638122558594,73.88993072509766,42.40171432495117,45.674625396728516,62.5555419921875,99.2734375,144.5870819091797,212.25827026367188,580.74365234375,67.19590759277344,1046.9229736328125,39.16799545288086,186.72000122070312,181.84901428222656,145.06349182128906,258.2828674316406,198.6742401123047,530.2199096679688,437.967041015625,186.41000366210938,485.4313659667969,223.0775909423828,122.3882827758789,180.39898681640625,113.53595733642578,54.896060943603516,61.376014709472656,143.94610595703125
2024-07-24,528.7135620117188,458.57080078125,161.76390075683594,239.17242431640625,82.87445831298828,144.83409118652344,30.616727828979492,41.30826187133789,73.82352447509766,42.406410217285156,42.90735626220703,61.61946105957031,98.55696105957031,144.88551330566406,210.94822692871094,584.9574584960938,69.39580535888672,1052.1695556640625,40.69898986816406,184.25,181.6739959716797,144.0284881591797,255.13340759277344,198.25094604492188,535.0469970703125,422.2637939453125,180.8300018310547,458.1941833496094,216.6631622314453,114.06201171875,171.30908203125,109.59077453613281,54.18126678466797,62.17910385131836,147.65933227539062
2024-07-25,525.9588012695312,453.51385498046875,161.95742797851562,234.78558349609375,83.70430755615234,144.10928344726562,30.498517990112305,41.46348190307617,73.73812103271484,43.138694763183594,42.477108001708984,61.18961715698242,100.48748016357422,146.2582550048828,194.00482177734375,590.6484985351562,72.23773193359375,1055.4722900390625,41.25489044189453,186.5500030517578,183.6358184814453,145.5126190185547,256.6737976074219,195.79397583007812,534.9801635742188,411.92620849609375,179.85000610351562,450.3865966796875,215.62217712402344,112.09525299072266,166.00001525878906,106.77845001220703,50.0279426574707,62.42477035522461,150.833984375
2024-07-26,531.8492431640625,458.16510009765625,164.27044677734375,238.50746154785156,84.75410461425781,144.9210662841797,30.656131744384766,42.11347198486328,74.48782348632812,43.27482223510742,42.91713333129883,62.1352653503418,101.04475402832031,147.48182678222656,191.13241577148438,595.0406494140625,72.7098159790039,1069.794189453125,45.975467681884766,192.42999267578125,184.7042236328125,147.43612670898438,264.9643859863281,198.4718017578125,544.5770263671875,418.68994140625,182.5,462.59466552734375,216.08816528320312,112.87396240234375,165.72215270996094,108.72621154785156,51.359718322753906,63.3506965637207,151.77883911132812
2024-07-29,532.1619262695312,459.0854187011719,164.49302673339844,236.81028747558594,84.25419616699219,145.00802612304688,30.81374740600586,42.055259704589844,74.51629638671875,42.903987884521484,43.366939544677734,62.1352653503418,99.78093719482422,147.13365173339844,194.6064910888672,601.5348510742188,73.38961791992188,1068.365966796875,44.63583755493164,191.6699981689453,183.2121124267578,147.5923614501953,266.5733947753906,196.58534240722656,541.7380981445312,420.12738037109375,183.1999969482422,462.6045837402344,216.3657684326172,111.40637969970703,168.23280334472656,107.17594909667969,49.9827995300293,63.1428337097168,149.8135528564453
2024-07-30,529.4657592773438,452.7815246582031,165.28659057617188,227.74876403808594,83.44435119628906,145.13365173339844,31.158533096313477,42.54032516479492,74.01331329345703,43.57054901123047,42.48688888549805,61.629005432128906,98.50718688964844,147.1038055419922,195.14990234375,604.5192260742188,73.69174194335938,1068.970947265625,44.69963073730469,193.6300048828125,181.62796020507812,147.72906494140625,271.4398498535156,198.4718017578125,550.8953247070312,416.3763732910156,181.7100067138672,460.1014404296875,216.92092895507812,103.55931091308594,168.98699951171875,101.91902923583984,47.53745651245117,63.945945739746094,152.43077087402344
2024-07-31,538.0719604492188,466.1810302734375,166.0705108642578,245.13735961914062,84.60414123535156,144.60214233398438,30.981216430664062,42.43361282348633,73.88045501708984,43.75361251831055,43.95363998413086,63.568050384521484,98.57683563232422,147.19334411621094,196.66378784179688,611.7569580078125,71.81285095214844,1070.3494873046875,43.34178161621094,191.92999267578125,178.41358947753906,147.98292541503906,270.45867919921875,197.0362548828125,550.7327270507812,411.87701416015625,186.97999572753906,471.6637878417969,220.17276000976562,116.82743835449219,170.2274169921875,109.1336441040039,50.44929885864258,63.05780029296875,149.14273071289062
2024-08-01,530.4524536132812,454.889404296875,164.22203063964844,229.27720642089844,82.96444702148438,146.08071899414062,31.18808364868164,41.83212661743164,74.56375122070312,42.59417724609375,43.03447341918945,62.39316177368164,98.1887435913086,146.327880859375,199.97288513183594,623.7239379882812,72.21884155273438,1084.185302734375,43.89768600463867,189.13999938964844,180.8082275390625,147.43612670898438,266.8187255859375,198.1037139892578,547.492431640625,410.6562194824219,184.07000732421875,494.4210205078125,216.48471069335938,109.03028869628906,169.45339965820312,100.87559509277344,45.54356384277344,64.21047973632812,151.89219665527344
2024-08-02,520.5762329101562,444.0926818847656,161.39613342285156,216.7915802001953,80.19496154785156,145.7908477783203,31.010765075683594,40.80379104614258,75.21856689453125,41.49576187133789,41.56772232055664,60.70247268676758,95.99948120117188,143.4132843017578,201.6128692626953,625.0029907226562,72.48321533203125,1073.324951171875,44.44446563720703,185.13999938964844,184.05027770996094,146.3132781982422,266.2005920410156,199.6312713623047,563.7994995117188,402.1695556640625,167.89999389648438,484.885009765625,217.97183227539062,107.0934829711914,165.38479614257812,92.12064361572266,43.06059646606445,65.50491333007812,155.08578491210938
2024-08-05,505.41510009765625,430.85150146484375,157.58309936523438,211.70997619628906,77.9253921508789,141.89622497558594,30.242395401000977,39.6202278137207,73.73812103271484,40.58041000366211,39.9836311340332,57.41661071777344,92.97431182861328,139.36463928222656,195.576904296875,607.7216186523438,70.65153503417969,1062.50439453125,43.36912536621094,185.47000122070312,181.6463623046875,145.26852416992188,264.23834228515625,194.08236694335938,544.8065185546875,389.03594970703125,161.02000427246094,472.557861328125,207.47279357910156,100.28470611572266,158.031494140625,89.85488891601562,42.880027770996094,64.34276580810547,152.35516357421875
2024-08-06,510.07476806640625,434.9683532714844,159.1992950439453,215.828857421875,79.09516906738281,142.55340576171875,30.36060333251953,40.26051330566406,74.25057220458984,40.82920837402344,40.482330322265625,56.77662658691406,93.97937774658203,139.99134826660156,197.12957763671875,609.0799560546875,70.04727935791016,1057.4559326171875,43.11396789550781,185.47000122070312,186.39891052246094,146.9576873779297,260.17645263671875,196.97186279296875,543.2674560546875,393.427001953125,161.92999267578125,490.7953796386719,205.45030212402344,104.07845306396484,157.07882690429688,88.44376373291016,43.1734619140625,64.29552459716797,150.20094299316406
2024-08-07,506.6654968261719,430.25775146484375,158.07666015625,209.88377380371094,78.93519592285156,141.10379028320312,29.868057250976562,40.30902099609375,74.32648468017578,40.993492126464844,39.91518783569336,57.27333068847656,91.9095230102539,137.46466064453125,198.7889862060547,612.2427368164062,69.8678970336914,1059.052978515625,42.37580108642578,182.25,188.81202697753906,147.55328369140625,260.6964416503906,198.65582275390625,541.0977172851562,392.2652893066406,162.77000427246094,485.65985107421875,208.01806640625,98.74724578857422,157.72384643554688,86.25752258300781,42.323238372802734,64.68289184570312,150.13479614257812
2024-08-08,518.3782958984375,443.4197692871094,160.9412841796875,223.2229766845703,81.54470825195312,144.22525024414062,30.478816986083984,40.959014892578125,75.00029754638672,41.8759765625,41.19614791870117,58.715675354003906,94.53665161132812,141.4337158203125,199.80789184570312,542.83984375,71.36910247802734,1104.229736328125,42.694759368896484,185.4600067138672,188.95018005371094,150.1309814453125,264.14019775390625,200.93795776367188,541.2506713867188,396.4593505859375,165.8000030517578,506.23175048828125,211.4780731201172,104.7972640991211,160.7902069091797,91.49457550048828,44.3773193359375,64.93800354003906,151.3820037841797
2024-08-09,520.6641235351562,445.7354431152344,161.2799835205078,223.16342163085938,82.45454406738281,144.94039916992188,30.380308151245117,41.13363265991211,75.11416625976562,41.96986770629883,41.49927520751953,59.43206787109375,95.07402038574219,141.4237823486328,199.18682861328125,536.5341186523438,69.546875,1121.9732666015625,42.5762825012207,186.85000610351562,190.3409423828125,150.44342041015625,265.16058349609375,204.03907775878906,534.1006469726562,399.73785400390625,166.94000244140625,514.3175048828125,214.38290405273438,104.57762908935547,162.4176483154297,92.49827575683594,44.904014587402344,64.8907699584961,151.75991821289062
2024-08-12,520.9376220703125,446.6953430175781,160.5057830810547,225.2576141357422,81.92464447021484,144.38954162597656,30.242395401000977,40.920204162597656,74.73456573486328,42.1764030456543,41.61661911010742,59.470272064208984,95.34269714355469,140.81698608398438,197.10044860839844,546.2999267578125,68.91427612304688,1111.90625,42.886131286621094,185.4199981689453,190.27645874023438,150.25790405273438,262.9432373046875,205.1985321044922,540.342529296875,400.5155944824219,166.8000030517578,512.5096435546875,215.91146850585938,108.84061431884766,161.04820251464844,94.04851531982422,45.42318344116211,64.40890502929688,151.0607452392578
2024-08-13,529.5047607421875,457.7791442871094,162.33489990234375,234.41836547851562,83.39437103271484,146.13870239257812,30.60687828063965,41.2597541809082,75.07621002197266,41.76801681518555,42.86824417114258,60.74068069458008,96.47713470458984,142.79652404785156,197.88650512695312,547.0436401367188,69.84901428222656,1148.84130859375,44.7087516784668,190.32000732421875,191.1790771484375,151.00973510742188,262.76666259765625,204.59121704101562,548.8975219726562,407.60418701171875,170.22999572753906,525.0156860351562,219.62364196777344,115.94890594482422,162.9038848876953,96.83102416992188,46.33359909057617,64.68289184570312,149.65293884277344
2024-08-14,531.1752319335938,457.9275817871094,162.67359924316406,234.61685180664062,83.86427307128906,146.66055297851562,30.537918090820312,41.764217376708984,75.41785430908203,42.01211166381836,42.55533981323242,60.85530090332031,95.62133026123047,142.04052734375,200.24459838867188,548.1144409179688,70.00008392333984,1147.38330078125,44.11640167236328,188.1999969482422,191.43698120117188,152.43527221679688,267.23077392578125,215.6429901123047,554.087890625,410.41009521484375,170.10000610351562,523.24755859375,220.07028198242188,117.88568878173828,159.14288330078125,99.78245544433594,46.28093719482422,64.79627990722656,149.7379913330078
2024-08-15,540.2796630859375,469.4963073730469,164.880126953125,244.52200317382812,85.40398406982422,147.5786590576172,30.902406692504883,42.152278900146484,76.19603729248047,42.514381408691406,43.88519287109375,61.45707321166992,97.2334213256836,144.18917846679688,200.7880096435547,540.7576293945312,70.18889617919922,1165.701904296875,44.75431442260742,192.86000061035156,189.0791473388672,151.82992553710938,267.4956970214844,217.8791046142578,554.030517578125,415.2626647949219,177.58999633789062,533.7470703125,223.04795837402344,122.65782928466797,160.06578063964844,106.28157806396484,47.77823257446289,64.86243438720703,150.31431579589844
2024-08-16,541.4910888671875,470.0999450683594,165.27691650390625,244.85946655273438,85.50396728515625,147.7332763671875,31.03046989440918,42.46271896362305,76.40482330322266,42.46744155883789,43.9438591003418,62.60330581665039,97.29312896728516,144.0897216796875,199.32269287109375,543.0381469726562,69.66015625,1169.6495361328125,44.982147216796875,192.5,191.46461486816406,152.84536743164062,268.2511901855469,217.0601348876953,552.1856689453125,412.7377624511719,177.05999755859375,523.9031372070312,224.36810302734375,124.375,161.71307373046875,107.31507110595703,48.19205856323242,65.3631820678711,150.59776306152344
2024-08-19,546.66845703125,476.275146484375,166.5350341796875,249.4547119140625,86.4837875366211,148.6320343017578,31.22749137878418,42.69554901123047,76.66104888916016,42.7537727355957,44.657676696777344,63.31014633178711,100.35812377929688,147.0242462158203,200.4774932861328,543.7222290039062,70.29275512695312,1187.0755615234375,44.927459716796875,194.27999877929688,192.37643432617188,153.5581512451172,268.8594665527344,218.8085174560547,553.2373046875,415.755859375,178.22000122070312,525.750732421875,224.20924377441406,129.7860565185547,165.39468383789062,107.95108795166016,48.982093811035156,65.17423248291016,150.82455444335938
2024-08-20,545.7794799804688,475.275634765625,165.87693786621094,246.19932556152344,86.67375183105469,149.23117065429688,31.109275817871094,42.55972671508789,77.04065704345703,41.627197265625,44.520782470703125,63.348350524902344,100.33821105957031,146.60646057128906,201.9428253173828,543.8412475585938,70.57601165771484,1182.46337890625,44.63583755493164,193.6699981689453,192.2198486328125,154.02682495117188,266.8971252441406,219.7011260986328,555.024658203125,418.98101806640625,178.8800048828125,523.2177124023438,224.82464599609375,127.04061126708984,165.90078735351562,107.31507110595703,48.470455169677734,65.55213928222656,151.32530212402344
2024-08-21,547.6551513671875,477.4924011230469,167.0382843017578,248.75006103515625,87.20365142822266,149.4824676513672,31.178232192993164,42.4918212890625,77.5626220703125,41.697608947753906,44.74568557739258,63.41521453857422,101.32339477539062,147.37237548828125,203.1849365234375,553.478271484375,70.9347915649414,1175.6300048828125,44.14373779296875,201.44000244140625,192.8645782470703,154.37832641601562,266.9364013671875,218.38523864746094,552.5585327148438,418.33013916015625,180.11000061035156,531.591552734375,224.71546936035156,128.28857421875,164.58096313476562,107.65296936035156,48.92942810058594,65.73165130615234,152.52523803710938
2024-08-22,543.3568115234375,469.9217834472656,166.56407165527344,240.6016387939453,85.86389923095703,149.5791015625,31.109275817871094,42.73435592651367,77.44873809814453,41.80556869506836,43.601619720458984,62.211673736572266,99.65156555175781,145.68130493164062,203.90304565429688,556.1156616210938,71.66178894042969,1177.930908203125,43.39646530151367,197.05999755859375,193.0672149658203,154.85675048828125,267.7016906738281,221.05384826660156,553.1798095703125,409.8577575683594,176.1300048828125,528.383056640625,222.85939025878906,123.536376953125,162.54664611816406,103.6083984375,48.18453598022461,65.50491333007812,153.39450073242188
2024-08-23,549.1302490234375,475.018310546875,168.6834716796875,246.52685546875,86.35381317138672,150.22657775878906,31.394956588745117,43.103004455566406,77.66699981689453,42.42988967895508,44.423004150390625,64.19847106933594,101.014892578125,147.1734619140625,203.76718139648438,547.4403076171875,72.43600463867188,1189.2972412109375,43.8430061340332,199.25,190.7001495361328,156.23345947265625,270.890380859375,222.0016632080078,558.7142944335938,411.080810546875,177.0399932861328,524.479248046875,225.15219116210938,129.15713500976562,164.35272216796875,102.20719909667969,48.41778564453125,65.93952178955078,155.07630920410156
2024-08-26,547.8212280273438,470.40667724609375,168.6544647216797,240.75050354003906,86.07386016845703,150.1492462158203,31.276742935180664,43.23882293701172,78.21743774414062,42.81010055541992,43.82652282714844,63.12865447998047,101.20396423339844,147.1038055419922,202.6415252685547,542.800048828125,72.66260528564453,1189.5450439453125,43.96147918701172,198.8300018310547,191.9711456298828,156.5264129638672,270.42926025390625,223.10592651367188,561.2186889648438,407.82598876953125,175.5,517.6451416015625,225.48965454101562,126.25191497802734,164.8885955810547,98.29183197021484,47.16877746582031,66.93160247802734,155.52984619140625
2024-08-27,548.5733642578125,471.81195068359375,168.7318878173828,243.1721954345703,86.30381774902344,150.38121032714844,31.434356689453125,43.461952209472656,78.40723419189453,42.411109924316406,43.67984390258789,63.21462631225586,100.57704162597656,147.09385681152344,203.01025390625,546.0224609375,72.70037078857422,1191.91552734375,43.85211944580078,200.25,195.627685546875,156.8095703125,271.97943115234375,225.9770050048828,561.428955078125,408.17120361328125,173.1199951171875,515.6386108398438,226.3333282470703,128.08889770507812,163.41993713378906,97.2483901977539,47.289161682128906,67.55517578125,155.12998962402344
2024-08-28,545.3888549804688,466.45806884765625,168.26736450195312,239.08311462402344,85.23401641845703,150.55516052246094,31.47376251220703,43.568668365478516,78.0750732421875,42.138851165771484,43.14203643798828,62.57465362548828,100.04962921142578,147.00433349609375,203.11700439453125,551.951416015625,74.17326354980469,1189.4658203125,44.7087516784668,199.35000610351562,198.13290405273438,156.97555541992188,273.4511413574219,228.45237731933594,562.56640625,404.9755554199219,170.8000030517578,513.3340454101562,224.80479431152344,125.40331268310547,161.6039581298828,94.26714324951172,46.973148345947266,67.79139709472656,156.0534210205078
2024-08-29,545.4376220703125,465.7752380371094,168.8964080810547,236.12545776367188,86.2738265991211,150.87405395507812,31.700332641601562,43.956729888916016,77.68599700927734,42.68806076049805,42.94647216796875,62.47913360595703,100.41783142089844,147.50172424316406,203.67015075683594,551.4061279296875,75.01355743408203,1169.2725830078125,45.31021499633789,217.02000427246094,197.19345092773438,156.43850708007812,276.6594543457031,230.062744140625,565.4627075195312,407.4610290527344,172.1199951171875,514.7643432617188,228.0802459716797,117.39649963378906,160.5421142578125,94.97270202636719,47.424598693847656,68.07484436035156,156.34854125976562
2024-08-30,550.6444091796875,471.3270263671875,170.202880859375,241.6338348388672,86.78372955322266,151.91778564453125,31.907197952270508,44.373878479003906,78.3028564453125,42.847660064697266,43.6505126953125,62.56509780883789,100.76612091064453,147.3922882080078,205.76622009277344,557.0051879882812,74.58869171142578,1174.9853515625,45.519813537597656,216.44000244140625,198.7039337158203,157.73712158203125,278.8179016113281,232.07803344726562,564.1531982421875,411.42596435546875,178.5,517.8338012695312,227.296142578125,119.173583984375,162.12986755371094,95.63851928710938,49.35078048706055,68.4716567993164,157.90032958984375
2024-09-03,539.3126831054688,457.01708984375,168.0157470703125,223.50086975097656,84.88408660888672,151.62786865234375,31.670780181884766,44.04403305053711,78.85326385498047,41.78209686279297,42.19354248046875,60.40636444091797,98.17879486083984,144.8954620361328,203.20433044433594,569.7816772460938,75.24959564208984,1159.2354736328125,46.03925704956055,215.74000549316406,195.84872436523438,157.62973022460938,281.2903747558594,232.18844604492188,572.2589721679688,403.8314514160156,176.25,508.3475341796875,221.11248779296875,107.82229614257812,156.15594482421875,88.02639770507812,47.44717025756836,68.98188018798828,159.13795471191406
2024-09-04,538.2088623046875,455.82952880859375,167.7737579345703,222.9649200439453,84.69412231445312,151.36692810058594,31.5722713470459,44.0925407409668,79.22338104248047,41.20472717285156,42.30110168457031,60.42546463012695,98.03946685791016,144.73629760742188,203.12672424316406,567.131103515625,74.71142578125,1169.7088623046875,45.528926849365234,216.8300018310547,198.94338989257812,158.59632873535156,285.4504089355469,233.65158081054688,577.5161743164062,403.298828125,173.3300018310547,509.32098388671875,219.20677185058594,106.03523254394531,155.25289916992188,88.73194885253906,47.36440658569336,68.55669403076172,159.32835388183594
2024-09-05,536.8997192382812,456.2551574707031,166.74794006347656,222.5778350830078,84.37418365478516,149.28915405273438,31.31614875793457,43.607479095458984,78.91970825195312,40.88553237915039,42.95625305175781,60.024288177490234,97.60163116455078,144.030029296875,202.2339324951172,511.0115661621094,74.37153625488281,1141.135009765625,45.38311767578125,215.30999755859375,202.05650329589844,158.76235961914062,281.9084777832031,229.63023376464844,569.2096557617188,402.79583740234375,177.88999938964844,513.4135131835938,220.72537231445312,107.03358459472656,156.03684997558594,88.83132934570312,47.10858154296875,67.2433853149414,157.0720977783203
2024-09-06,527.8635864257812,444.0332946777344,164.95753479003906,213.38731384277344,83.34437561035156,148.7769775390625,31.08957290649414,42.967185974121094,78.75836944580078,40.37387466430664,41.28415298461914,57.78913497924805,96.04923248291016,142.000732421875,198.67251586914062,500.5084533691406,74.32433319091797,1122.231201171875,44.38067626953125,215.88999938964844,203.08807373046875,156.70213317871094,282.07525634765625,228.84805297851562,570.538330078125,396.197509765625,171.38999938964844,496.9341735839844,219.177001953125,102.66079711914062,149.76519775390625,85.84014129638672,45.72414779663086,67.21504211425781,156.49136352539062
2024-09-09,533.7737426757812,449.7433776855469,166.5543975830078,218.21084594726562,84.39418029785156,149.8206787109375,31.31614875793457,43.607479095458984,79.36573028564453,40.6649055480957,41.870853424072266,58.88760757446289,97.41255187988281,143.77139282226562,202.2921600341797,505.7203369140625,74.74919128417969,1135.392333984375,44.19841384887695,222.58999633789062,202.338134765625,157.8835906982422,286.6866149902344,231.259033203125,567.8809814453125,400.16241455078125,175.39999389648438,501.42401123046875,219.26632690429688,106.2947998046875,147.76795959472656,85.73081970214844,47.10858154296875,67.88587951660156,158.61434936523438
2024-09-10,536.0986938476562,453.89984130859375,166.6511688232422,220.27525329589844,85.73392486572266,150.5068359375,31.454059600830078,43.161216735839844,79.34676361083984,39.96548843383789,42.5162239074707,58.534183502197266,97.62152862548828,144.1593475341797,202.08837890625,502.05712890625,76.8924560546875,1127.0413818359375,44.909236907958984,221.88999938964844,202.2825469970703,158.147216796875,285.5386962890625,229.25296020507812,572.5935668945312,408.52630615234375,179.5500030517578,501.42401123046875,218.47225952148438,107.922119140625,147.71827697753906,86.30721282958984,47.244014739990234,67.6024169921875,159.34739685058594
2024-09-11,541.5986328125,463.7564392089844,166.72857666015625,231.64927673339844,86.65374755859375,150.0623016357422,31.404804229736328,42.957489013671875,78.60652923583984,39.59465026855469,43.57228469848633,58.897159576416016,98.41761779785156,144.85565185546875,201.4964141845703,506.7428894042969,76.42036437988281,1132.099609375,44.28043746948242,223.89999389648438,202.38438415527344,156.21395874023438,278.9749450683594,229.67623901367188,563.7229614257812,417.24517822265625,184.52000427246094,508.41705322265625,221.0032958984375,116.71763610839844,150.20240783691406,90.08345031738281,47.63526916503906,67.15836334228516,156.9102325439453
2024-09-12,546.1605834960938,468.3087158203125,167.7641143798828,232.14553833007812,87.57357788085938,150.6034698486328,31.52301597595215,43.054500579833984,79.09053039550781,39.95140075683594,44.14921188354492,59.70907211303711,98.57683563232422,144.7959747314453,201.70989990234375,507.4576721191406,78.51640319824219,1154.9210205078125,43.96147918701172,219.94000244140625,201.19004821777344,157.33680725097656,283.11529541015625,229.5750274658203,562.4517822265625,421.1509094238281,187.0,522.0952758789062,221.11248779296875,118.95413970947266,153.7100830078125,86.6649398803711,47.590126037597656,67.30008697509766,156.73890686035156
2024-09-13,549.0130615234375,470.40667724609375,169.37062072753906,235.13296508789062,87.31362915039062,150.91275024414062,31.769290924072266,43.18061828613281,79.65044403076172,40.176719665527344,44.24699020385742,60.46367263793945,100.71635437011719,147.03416442871094,202.62539672851562,515.0420532226562,78.9166488647461,1143.9019775390625,44.77253723144531,217.9499969482422,200.90301513671875,157.55162048339844,284.3160705566406,235.0779266357422,568.0913696289062,424.6917419433594,186.49000549316406,521.1218872070312,220.844482421875,118.91419219970703,156.4625244140625,90.64989471435547,48.92190170288086,67.93270111083984,157.57666015625
2024-09-16,549.8238525390625,468.3284606933594,170.5996856689453,232.04629516601562,88.00349426269531,151.95643615722656,31.966310501098633,43.74329376220703,79.96361541748047,40.63674545288086,43.85585403442383,60.6738166809082,100.78601837158203,147.3126983642578,202.8883819580078,516.0447998046875,79.25020599365234,1143.63427734375,45.55626678466797,217.02999877929688,202.328857421875,158.5307159423828,286.7274475097656,235.86007690429688,565.1368408203125,425.43145751953125,184.88999938964844,530.2294311523438,214.71046447753906,116.59781646728516,157.05868530273438,86.63513946533203,48.22215270996094,68.58909606933594,158.9761199951172
2024-09-17,550.0485229492188,468.5758972167969,170.85130310058594,231.96688842773438,87.60357666015625,150.39085388183594,31.80869483947754,43.976131439208984,79.20440673828125,41.185951232910156,44.1296501159668,60.38726043701172,100.45761108398438,147.05406188964844,197.82395935058594,510.177734375,79.14537048339844,1137.35595703125,45.100608825683594,214.8000030517578,202.00479125976562,159.41197204589844,286.1959228515625,236.41221618652344,554.4124145507812,429.1893005371094,186.8800048828125,533.2518920898438,215.1769561767578,115.40966796875,158.31072998046875,88.17546081542969,49.576499938964844,68.3037109375,159.05227661132812
2024-09-18,548.4171752929688,466.54718017578125,170.53196716308594,229.32684326171875,86.85372161865234,150.13958740234375,31.81854248046875,43.84030532836914,78.90070343017578,41.265750885009766,44.051422119140625,60.42546463012695,100.31830596923828,146.74569702148438,196.61630249023438,507.904296875,79.94586181640625,1129.4813232421875,45.32844161987305,215.47999572753906,200.26419067382812,157.8551483154297,284.62115478515625,237.10240173339844,556.9927368164062,424.90875244140625,186.42999267578125,534.8727416992188,219.04795837402344,113.1931381225586,158.79762268066406,86.80406951904297,48.470455169677734,68.25614166259766,158.17642211914062
2024-09-19,557.7755126953125,478.34344482421875,172.35134887695312,239.28160095214844,89.17328643798828,150.68077087402344,32.04512023925781,44.32537078857422,78.43569946289062,41.75863265991211,45.68440628051758,61.04634094238281,101.93040466308594,148.6854705810547,199.3043212890625,504.4694519042969,79.95541381835938,1140.7677001953125,44.67229461669922,214.38999938964844,198.83834838867188,155.55416870117188,285.9990539550781,234.93067932128906,553.55859375,432.6807861328125,189.8699951171875,555.9017333984375,227.16709899902344,117.68611907958984,161.1128692626953,88.69219970703125,49.636688232421875,67.18115997314453,156.9102325439453
2024-09-20,556.8114013671875,477.4329833984375,171.72232055664062,236.11553955078125,89.18327331542969,150.0623016357422,31.729881286621094,44.296268463134766,78.81532287597656,41.66475296020508,45.46928024291992,60.4827766418457,101.1144027709961,147.20327758789062,198.77838134765625,504.3106384277344,79.99353790283203,1135.6502685546875,45.02770233154297,214.8800048828125,197.35694885253906,156.5039520263672,286.07781982421875,238.55628967285156,551.5728759765625,429.3075866699219,191.60000610351562,558.1387939453125,226.50205993652344,115.81903839111328,162.55368041992188,90.3318862915039,50.223575592041016,68.15149688720703,156.28192138671875
2024-09-23,558.2026977539062,478.6985168457031,172.60157775878906,237.15765380859375,89.19327545166016,149.76837158203125,31.69534683227539,44.24271774291992,79.27229309082031,42.1792106628418,45.82130432128906,60.83619689941406,98.72078704833984,144.81591796875,201.7001953125,501.3323974609375,80.04117584228516,1083.034912109375,45.57448959350586,211.0399932861328,199.85679626464844,156.61163330078125,287.50494384765625,237.04714965820312,550.0476684570312,427.57177734375,193.8800048828125,561.1812744140625,224.78494262695312,116.07862091064453,160.82470703125,92.98519897460938,49.877464294433594,68.23712158203125,155.3870391845703
2024-09-24,559.7999267578125,481.0075988769531,172.8542022705078,241.5742645263672,89.30325317382812,149.4676971435547,31.62627410888672,43.87273406982422,79.08148956298828,42.07508850097656,46.183101654052734,62.125709533691406,98.24304962158203,144.31849670410156,202.10923767089844,477.0003967285156,79.85057830810547,1037.41162109375,46.422000885009766,207.91000366210938,201.98631286621094,155.43670654296875,285.1920166015625,236.07174682617188,551.7551879882812,423.2912292480469,193.9600067138672,560.1075439453125,225.67823791503906,120.68143463134766,161.2618865966797,93.41251373291016,50.005374908447266,67.85660552978516,154.9681396484375
2024-09-25,558.5652465820312,481.4535217285156,171.78546142578125,243.69821166992188,88.84334564208984,148.0126953125,31.28090476989746,43.60984420776367,78.88113403320312,41.2515754699707,46.398223876953125,60.5209846496582,97.28759765625,142.12701416015625,202.27481079101562,475.66021728515625,78.34485626220703,1022.703125,45.519813537597656,205.1300048828125,201.39373779296875,156.12208557128906,285.7530517578125,236.48582458496094,552.82958984375,426.19091796875,192.52999877929688,565.0588989257812,224.68568420410156,123.31730651855469,160.4669952392578,95.17145538330078,49.65925979614258,67.97073364257812,152.8927764892578
2024-09-26,560.7798461914062,485.0707092285156,173.223388671875,250.72511291503906,89.30325317382812,148.50738525390625,31.537464141845703,43.83378601074219,79.06241607666016,40.4422492980957,46.29066467285156,64.07430267333984,97.72552490234375,143.68099975585938,199.98605346679688,475.580810546875,79.1358413696289,1031.440673828125,45.67473220825195,209.42999267578125,202.27330017089844,154.81983947753906,285.2707214355469,232.24365234375,551.3906860351562,425.4018859863281,191.16000366210938,564.5917358398438,225.8271484375,123.84648132324219,161.69911193847656,109.1932601928711,53.0150260925293,67.92318725585938,153.6448516845703
2024-09-27,559.9664916992188,482.37518310546875,173.84521484375,245.88172912597656,89.2232666015625,148.42979431152344,31.705215454101562,43.96036148071289,79.20552062988281,41.265769958496094,46.29066467285156,63.367454528808594,97.9643783569336,144.33843994140625,200.1516571044922,484.7040710449219,79.67903900146484,1034.1485595703125,46.39466857910156,210.85000610351562,202.1158905029297,155.30941772460938,285.0050354003906,231.06576538085938,558.143798828125,422.1569519042969,187.97000122070312,564.114501953125,226.09510803222656,121.21060943603516,162.91139221191406,106.8281478881836,52.23251724243164,68.29419708251953,153.6543731689453
2024-09-30,562.21044921875,483.6833190917969,174.06866455078125,243.60890197753906,89.3532485961914,149.39979553222656,31.803895950317383,44.125877380371094,79.18643951416016,41.55447006225586,46.62312698364258,61.09410095214844,98.33262634277344,145.0357208251953,202.1871337890625,490.8292541503906,79.89822387695312,1042.628662109375,47.151058197021484,209.8699951171875,204.29168701171875,157.28724670410156,283.8436584472656,233.5135498046875,560.8585205078125,424.40570068359375,186.3300018310547,569.1654663085938,231.266357421875,121.25054931640625,164.7993621826172,103.06182861328125,51.38228988647461,68.36078643798828,154.28269958496094
2024-10-01,557.1739501953125,476.9444274902344,173.1456756591797,237.0881805419922,87.46360778808594,148.61410522460938,31.44865608215332,43.89220428466797,78.91929626464844,42.50104522705078,45.92886734008789,60.63560485839844,97.50656127929688,144.20895385742188,202.50852966308594,494.85980224609375,79.99353790283203,1038.333984375,48.20816421508789,207.6199951171875,208.57843017578125,157.77679443359375,287.5148010253906,233.98287963867188,559.5347900390625,414.9273376464844,185.1300048828125,573.17236328125,224.52688598632812,116.81745910644531,165.93212890625,99.6830825805664,50.23110580444336,68.21809387207031,154.21604919433594
2024-10-02,557.4089965820312,477.6183166503906,172.96109008789062,240.50238037109375,88.20346069335938,148.31338500976562,31.241430282592773,43.94088363647461,78.25145721435547,42.93647003173828,45.68440628051758,60.5591926574707,97.62598419189453,144.2388153076172,201.91444396972656,485.230224609375,80.75591278076172,1031.748291015625,48.99189376831055,207.52000427246094,206.9951934814453,157.5614013671875,286.7372741699219,234.1300811767578,568.1776123046875,411.4161682128906,184.75999450683594,569.5332641601562,225.0926513671875,118.66458129882812,164.8092803955078,99.22594451904297,50.05052185058594,67.55216979980469,153.43539428710938
2024-10-03,556.3900146484375,477.26153564453125,172.14492797851562,242.71566772460938,88.29344177246094,146.9747772216797,30.896053314208984,43.70720672607422,77.46914672851562,43.693729400634766,45.65507125854492,59.890560150146484,96.18284606933594,142.05731201171875,203.63829040527344,478.7674560546875,80.21271514892578,1006.27880859375,49.39286804199219,204.52999877929688,207.64329528808594,159.85255432128906,283.99127197265625,232.2337188720703,568.5997924804688,410.8341979980469,181.9600067138672,579.4362182617188,223.99090576171875,122.65834045410156,164.8092803955078,101.18363189697266,50.095664978027344,67.08602905273438,152.79757690429688
2024-10-04,561.4461669921875,482.9400634765625,173.49546813964844,245.9611358642578,89.88314819335938,147.0911865234375,30.98486328125,44.44718933105469,77.72673797607422,44.10075378417969,46.44711685180664,59.890560150146484,97.04874420166016,143.34230041503906,202.6643829345703,481.8946533203125,80.61296844482422,1004.5233154296875,49.724609375,204.6699981689453,207.79144287109375,159.36300659179688,286.0088806152344,235.0782928466797,567.1129150390625,410.36077880859375,186.50999450683594,592.5309448242188,225.1125030517578,124.72511291503906,166.00169372558594,101.61095428466797,49.92261505126953,66.7530746459961,152.59764099121094
2024-10-07,556.370361328125,477.7669677734375,172.14492797851562,246.35813903808594,88.66337585449219,146.4412841796875,30.678964614868164,43.90193557739258,76.95396423339844,44.25693130493164,45.57684326171875,60.19622039794922,95.87432098388672,141.6289520263672,200.0542449951172,480.1573791503906,80.46048736572266,987.8906860351562,49.245426177978516,201.80999755859375,205.2916259765625,156.21022033691406,272.8103332519531,226.01980590820312,559.7841796875,403.93011474609375,180.8000030517578,581.4348754882812,220.04052734375,127.52073669433594,161.9475555419922,102.38198852539062,49.990325927734375,65.64956665039062,151.87413024902344
2024-10-08,561.6322631835938,484.9022521972656,172.55300903320312,250.62586975097656,90.56301879882812,147.23667907714844,30.836854934692383,44.15509033203125,77.3355712890625,43.102115631103516,46.398223876953125,60.54964065551758,96.64067077636719,142.44578552246094,203.23898315429688,491.494384765625,81.20381927490234,997.0252075195312,48.36077880859375,204.44000244140625,205.24533081054688,158.7069854736328,275.5465087890625,229.24180603027344,557.8848876953125,409.029296875,182.72000122070312,589.4984130859375,224.09017944335938,132.6826934814453,163.33868408203125,102.01387786865234,49.787174224853516,65.8113021850586,152.02645874023438
2024-10-09,565.5224609375,488.7176208496094,173.7383575439453,253.23614501953125,91.71280670166016,148.7401580810547,31.083547592163086,44.564022064208984,77.80306243896484,43.36241912841797,46.398223876953125,60.7120246887207,95.85440063476562,142.58523559570312,206.6964111328125,498.47332763671875,82.090087890625,1003.8983764648438,48.655662536621094,206.83999633789062,205.04164123535156,158.36427307128906,278.37127685546875,230.8436279296875,567.1321411132812,411.7415466308594,185.1699981689453,587.1320190429688,227.8321075439453,132.44305419921875,160.8346405029297,101.17818450927734,48.515594482421875,66.18228912353516,152.9403533935547
2024-10-10,564.5327758789062,488.1626281738281,173.08738708496094,252.73988342285156,92.34268951416016,148.18728637695312,31.01447105407715,44.427711486816406,77.45960998535156,43.655860900878906,46.40800476074219,60.47322463989258,95.76483917236328,142.59519958496094,205.73223876953125,502.5733337402344,80.689208984375,990.8363037109375,48.28705978393555,210.1300048828125,204.84718322753906,157.29702758789062,280.2117919921875,231.7826385498047,573.34814453125,410.14373779296875,186.64999389648438,580.490234375,227.3358154296875,134.5996856689453,161.05323791503906,105.14771270751953,48.19205856323242,65.87788391113281,152.80706787109375
2024-10-11,567.913330078125,488.9257507324219,174.78765869140625,254.7646026611328,92.80259704589844,149.273681640625,31.132883071899414,45.284523010253906,77.88893127441406,43.925636291503906,45.95819854736328,60.54964065551758,98.21320343017578,145.02572631835938,206.28736877441406,501.91815185546875,80.95603942871094,1007.3499145507812,48.10275650024414,211.32000732421875,205.28236389160156,159.17698669433594,282.3081970214844,233.90914916992188,573.683837890625,410.6172180175781,188.82000732421875,586.5752563476562,225.85690307617188,134.58969116210938,162.2058868408203,106.37139892578125,48.816558837890625,66.18228912353516,153.7114715576172
2024-10-14,572.5578002929688,493.0285339355469,176.07015991210938,259.3201599121094,93.31250762939453,150.0981903076172,31.349977493286133,45.5668830871582,78.2037582397461,43.906700134277344,46.437339782714844,60.72157287597656,98.60134887695312,145.14527893066406,207.93333435058594,505.58135986328125,81.05133819580078,1005.9415893554688,48.535865783691406,210.4199981689453,207.57847595214844,160.94920349121094,284.1585693359375,231.8746795654297,580.734375,413.39862060546875,187.5399932861328,587.0425415039062,229.5790252685547,137.85459899902344,163.9149932861328,107.78411865234375,50.28376388549805,66.914794921875,153.84478759765625
2024-10-15,568.1092529296875,486.4383544921875,175.2734375,245.3060760498047,92.41267395019531,148.264892578125,31.251300811767578,45.664249420166016,78.69986724853516,42.4915771484375,46.06576156616211,59.31744384765625,98.84021759033203,145.2548828125,208.21572875976562,509.93951416015625,81.78514099121094,1008.2029418945312,48.61880111694336,210.0,208.15252685546875,161.7324676513672,282.86920166015625,231.61691284179688,533.6251831054688,413.0040588378906,187.69000244140625,582.916259765625,232.11004638671875,131.39468383789062,164.41184997558594,103.78473663330078,50.37405776977539,66.914794921875,156.2248077392578
2024-10-16,570.5785522460938,486.4977722167969,176.45877075195312,245.4648895263672,91.98275756835938,148.68197631835938,31.2315616607666,46.228965759277344,78.64262390136719,42.695091247558594,46.124427795410156,60.052940368652344,99.77577209472656,145.83261108398438,207.5826873779297,507.2193603515625,82.67142486572266,999.703125,49.18092346191406,217.3300018310547,210.32830810546875,161.6835479736328,288.4793701171875,235.0874786376953,548.0621337890625,410.419921875,186.88999938964844,573.490478515625,230.05545043945312,135.5082550048828,164.11375427246094,108.67948913574219,51.00608825683594,67.13360595703125,156.3961639404297
2024-10-17,570.62744140625,486.834716796875,176.17703247070312,249.69293212890625,92.05274200439453,147.8186798095703,30.945398330688477,46.35553741455078,78.28962707519531,42.89860534667969,46.13420867919922,59.59444808959961,98.83026885986328,145.1253662109375,207.5242462158203,505.0254211425781,83.25273895263672,990.0527954101562,49.005836486816406,217.02000427246094,210.3838653564453,161.37022399902344,297.1307678222656,231.37754821777344,542.9684448242188,411.0117492675781,187.52999877929688,573.6296997070312,230.4226837158203,136.7163848876953,161.89784240722656,111.47508239746094,50.67502212524414,66.49623107910156,156.57704162597656
2024-10-18,572.8224487304688,490.0257263183594,176.70164489746094,249.62344360351562,92.29269409179688,148.5364990234375,31.142751693725586,46.36527633666992,78.46134948730469,42.75661849975586,46.33955383300781,59.288787841796875,99.35774993896484,145.34451293945312,207.202880859375,505.5019836425781,82.64283752441406,982.5646362304688,49.04269790649414,221.32000732421875,211.39305114746094,163.3480682373047,296.9044494628906,231.1750030517578,546.4025268554688,412.4320068359375,188.99000549316406,573.17236328125,233.25149536132812,137.7847137451172,162.38475036621094,110.57970428466797,50.43424987792969,67.00992584228516,157.1958770751953
2024-10-21,571.8817138671875,490.96722412109375,175.19573974609375,250.94346618652344,92.26270294189453,146.7904815673828,30.787513732910156,45.99529266357422,77.80306243896484,42.62883377075195,46.69157791137695,58.83029556274414,97.68570709228516,143.43197631835938,206.297119140625,504.6283264160156,82.23304748535156,960.5662841796875,48.0290412902832,221.89999389648438,210.2172088623047,162.8682861328125,293.15447998046875,230.82522583007812,548.186767578125,413.04351806640625,189.07000732421875,571.8697509765625,234.720458984375,143.48580932617188,163.0306396484375,108.52032470703125,50.6072998046875,66.06813049316406,155.0157470703125
2024-10-22,571.5779418945312,491.5023498535156,174.40872192382812,249.80209350585938,92.09273529052734,146.5770721435547,30.708568572998047,45.90766143798828,78.24193572998047,42.72822189331055,46.92625427246094,58.1521110534668,97.80513000488281,143.44190979003906,205.5471954345703,501.7096862792969,84.01512908935547,954.4568481445312,48.61880111694336,219.5500030517578,209.40245056152344,162.4766387939453,292.4261474609375,228.53298950195312,546.6423950195312,421.6539306640625,189.6999969482422,578.6806640625,234.10507202148438,143.36599731445312,164.09385681152344,107.26677703857422,50.9835090637207,66.06813049316406,155.60598754882812
2024-10-23,566.3552856445312,483.9706726074219,173.83547973632812,247.14219665527344,90.77297973632812,145.8883514404297,30.5605525970459,45.868717193603516,78.08927917480469,42.505775451660156,45.87019348144531,58.47687530517578,96.21270751953125,141.6090545654297,206.27764892578125,498.115966796875,83.12883758544922,933.6784057617188,48.89525604248047,217.72999572753906,210.300537109375,161.55624389648438,290.3493957519531,227.6124267578125,541.6351318359375,418.7838134765625,184.7100067138672,560.4653930664062,229.0430145263672,139.34226989746094,161.74880981445312,104.51100158691406,50.11823272705078,64.69825744628906,157.90032958984375
2024-10-24,567.5801391601562,487.8951416015625,173.87435913085938,248.184326171875,91.77279663085938,144.92807006835938,30.57042121887207,45.90766143798828,77.98433685302734,42.50104522705078,47.27827453613281,58.49597930908203,96.78996276855469,141.04122924804688,203.46299743652344,501.2926940917969,84.6059799194336,921.2907104492188,48.76624298095703,212.61000061035156,212.66146850585938,163.41659545898438,289.3258056640625,227.26258850097656,537.9610595703125,418.9120178222656,186.3800048828125,564.5320434570312,228.8544464111328,140.19094848632812,161.68919372558594,106.30175018310547,49.90003967285156,64.02283477783203,155.81544494628906
2024-10-25,567.3841552734375,490.8681335449219,173.04852294921875,251.0625762939453,92.1827163696289,144.13265991210938,30.35333251953125,45.401363372802734,77.3355712890625,42.48684310913086,47.86497497558594,58.40045928955078,96.69044494628906,140.96156311035156,201.4080047607422,503.72491455078125,84.81562805175781,925.3770141601562,47.844730377197266,212.22999572753906,209.37464904785156,161.8597869873047,283.4499206542969,224.4180145263672,541.558349609375,422.28515625,187.8300018310547,569.970703125,229.68820190429688,141.31918334960938,164.22305297851562,107.3563232421875,52.25509262084961,63.66133117675781,153.15933227539062
2024-10-28,569.1381225585938,490.9473876953125,174.02978515625,249.32571411132812,92.32268524169922,144.3460693359375,30.363195419311523,45.96608352661133,77.47868347167969,42.217071533203125,47.806304931640625,58.954471588134766,98.02410125732422,142.1868133544922,202.82992553710938,505.2538146972656,84.5869140625,921.0031127929688,48.508216857910156,212.1300048828125,211.20787048339844,162.9661865234375,285.44793701171875,224.9059295654297,542.2106323242188,420.7465515136719,188.38999938964844,574.8526000976562,231.6633758544922,140.30076599121094,165.66384887695312,105.84412384033203,52.45071792602539,63.423519134521484,153.84478759765625
2024-10-29,570.0592041015625,495.66461181640625,173.5051727294922,254.99285888671875,93.87239837646484,143.94837951660156,30.33359146118164,45.683719635009766,76.71543884277344,41.57340621948242,48.24633026123047,58.916263580322266,98.09376525878906,141.8680419921875,213.39703369140625,495.5546875,83.93888092041016,919.7335815429688,48.37920379638672,213.85000610351562,210.25421142578125,163.24034118652344,282.67236328125,222.4847869873047,539.2273559570312,426.03314208984375,190.8300018310547,589.8862915039062,231.93136596679688,141.02963256835938,168.60507202148438,107.62493896484375,51.38981246948242,62.36756134033203,152.40724182128906
2024-10-30,568.3345947265625,491.91864013671875,173.1262664794922,248.79965209960938,93.65243530273438,143.67677307128906,30.402666091918945,45.8881950378418,76.59141540527344,41.668060302734375,48.26588821411133,58.0756950378418,97.95442199707031,141.85809326171875,209.2188720703125,495.7135314941406,84.13900756835938,915.230712890625,48.52665328979492,214.74000549316406,210.41165161132812,163.0543212890625,279.1685485839844,223.69996643066406,540.0235595703125,426.60516357421875,192.72999572753906,588.4146118164062,228.38795471191406,139.12261962890625,173.3548126220703,103.54597473144531,50.426727294921875,62.71003341674805,152.90228271484375
2024-10-31,557.1934814453125,479.501220703125,171.2802276611328,239.86717224121094,91.2428970336914,142.4642791748047,30.00795555114746,45.25531768798828,76.43875885009766,41.928367614746094,46.40800476074219,57.22557067871094,96.57099151611328,139.74627685546875,210.22203063964844,496.9544677734375,84.64409637451172,831.3336791992188,51.392547607421875,208.8300018310547,208.65249633789062,152.61680603027344,277.9874267578125,223.54347229003906,541.5006713867188,400.7837829589844,186.39999389648438,564.3331909179688,224.2291259765625,132.55287170410156,170.0260467529297,99.13870239257812,49.14009475708008,62.12972640991211,152.1882781982422
2024-11-01,559.5451049804688,483.0490417480469,171.3870849609375,242.91415405273438,92.24270629882812,143.30819702148438,30.45200538635254,45.41109848022461,76.46739196777344,41.663333892822266,46.95559310913086,57.33064651489258,98.80040740966797,142.22662353515625,208.4105224609375,522.5174560546875,85.30165100097656,836.6893920898438,50.056358337402344,212.77999877929688,207.03221130371094,151.4124755859375,273.0367126464844,223.4421844482422,544.4360961914062,404.74871826171875,197.92999267578125,563.9155883789062,221.25144958496094,135.18875122070312,170.2048797607422,99.21830749511719,49.56897735595703,61.84434127807617,152.44532775878906
2024-11-04,558.33984375,481.641845703125,171.5911407470703,242.43775939941406,92.23270416259766,142.3672637939453,30.43227195739746,45.06058120727539,76.67729187011719,42.39218521118164,46.584014892578125,58.17121124267578,98.75065612792969,142.29638671875,208.65402221679688,522.120361328125,85.61612701416016,822.0504760742188,51.09766387939453,212.52999877929688,206.54153442382812,151.265625,271.7276611328125,222.30067443847656,535.044921875,402.8648986816406,195.77999877929688,557.47265625,220.35813903808594,135.83775329589844,168.1678924560547,101.20804595947266,49.072383880615234,61.93947219848633,150.6460418701172
2024-11-05,565.09130859375,487.78607177734375,173.59259033203125,246.44744873046875,93.8424072265625,143.4148712158203,30.6888370513916,45.479248046875,77.16385650634766,42.6761589050293,47.38583755493164,58.381351470947266,100.14402770996094,144.497802734375,210.2512664794922,521.4652099609375,85.97826385498047,822.6354370117188,51.55841827392578,212.64999389648438,208.49508666992188,154.5554962158203,272.9186096191406,228.36729431152344,543.9276733398438,405.82373046875,199.5,569.1554565429688,221.78741455078125,139.6917266845703,168.6647186279297,104.94874572753906,50.28376388549805,62.18682098388672,150.75074768066406
2024-11-06,579.1426391601562,501.03594970703125,177.702392578125,252.89869689941406,97.69168090820312,143.59918212890625,30.84671974182129,48.244422912597656,75.90447998046875,44.28059768676758,49.32194519042969,56.70976638793945,101.95541381835938,146.03184509277344,212.78347778320312,545.3206176757812,87.37915802001953,809.960205078125,50.941001892089844,216.4499969482422,204.7731170654297,152.53846740722656,275.595703125,238.19903564453125,572.3792114257812,414.4243469238281,207.08999633789062,568.7776489257812,221.0628662109375,145.38284301757812,175.391845703125,111.25621032714844,52.6011962890625,60.59813690185547,150.3032989501953
2024-11-07,583.6206665039062,508.9244079589844,177.87728881835938,259.0621032714844,100.14122772216797,144.63706970214844,31.02433967590332,47.46550750732422,76.1811752319336,44.077083587646484,50.436683654785156,57.9992790222168,102.52272033691406,147.44635009765625,214.69236755371094,603.0979614257812,93.29719543457031,817.72607421875,50.41574478149414,223.38999938964844,205.57864379882812,152.851806640625,273.6075134277344,234.9954376220703,580.7823486328125,419.6024169921875,210.0500030517578,588.3153076171875,225.78741455078125,148.6477508544922,179.60498046875,112.8281021118164,52.99998092651367,60.56007766723633,149.20848083496094
2024-11-08,586.1486206054688,509.5190734863281,178.8683319091797,257.39471435546875,101.22102355957031,145.67494201660156,31.01447105407715,47.8939094543457,77.10660552978516,44.37051773071289,50.75936508178711,56.547386169433594,103.68717956542969,148.2731170654297,218.27639770507812,608.5480346679688,92.02972412109375,821.6337890625,49.89048385620117,235.0,208.93026733398438,153.15530395507812,276.9244384765625,240.74903869628906,590.7202758789062,416.7520446777344,208.17999267578125,585.96875,225.5191650390625,147.399658203125,177.22018432617188,111.32585906982422,52.37548065185547,60.80742263793945,148.0089569091797
2024-11-11,586.7072143554688,509.2216796875,179.7621612548828,251.6282958984375,103.5705795288086,144.8213348388672,31.02433967590332,48.575462341308594,76.83946990966797,44.62136459350586,51.1700553894043,55.754573822021484,103.0402603149414,147.1475067138672,217.78945922851562,611.1192626953125,92.46808624267578,818.916259765625,55.12465286254883,236.8699951171875,209.1802215576172,153.80154418945312,276.2748718261719,239.24850463867188,599.7755737304688,412.2840576171875,206.83999633789062,579.8339233398438,222.8064727783203,145.03338623046875,179.20751953125,108.09252166748047,50.69759750366211,60.274696350097656,147.59959411621094
2024-11-12,584.8846435546875,508.300048828125,178.3922119140625,249.9708251953125,104.07048034667969,142.80377197265625,30.767776489257812,48.429420471191406,76.92532348632812,44.38472366333008,50.99404525756836,54.30268478393555,100.03453063964844,143.80052185058594,218.919189453125,613.1741943359375,89.91409301757812,814.2745971679688,54.387451171875,236.52000427246094,209.53204345703125,152.80284118652344,278.4302978515625,241.50389099121094,589.6267700195312,417.2353210449219,208.91000366210938,581.4745483398438,222.8064727783203,148.0586395263672,180.4694366455078,103.56587982177734,48.12434005737305,60.12248229980469,145.3147430419922
2024-11-13,585.1687622070312,507.6459655761719,178.4893798828125,245.77256774902344,104.40042114257812,142.42547607421875,30.678964614868164,48.45862579345703,77.1543197631836,44.730224609375,50.954933166503906,53.37614822387695,99.53690338134766,143.24270629882812,219.79574584960938,620.0638427734375,88.27496337890625,797.7411499023438,53.8253288269043,233.19000244140625,211.22637939453125,152.58741760253906,278.91259765625,240.61093139648438,581.1852416992188,419.3755798339844,214.10000610351562,576.68212890625,223.69082641601562,146.0417938232422,177.746826171875,99.40731048583984,47.198875427246094,59.932220458984375,145.885986328125
2024-11-14,581.4060668945312,504.1180114746094,177.06117248535156,246.31842041015625,103.03068542480469,140.1847686767578,30.09676742553711,48.33205795288086,76.96348571777344,44.90060043334961,50.319339752197266,53.22331619262695,96.50133514404297,139.5470733642578,215.9390106201172,605.7286987304688,87.7793960571289,776.0999145507812,53.908260345458984,229.7100067138672,206.85630798339844,153.20428466796875,282.4066162109375,237.04830932617188,568.9835205078125,421.0424499511719,211.47999572753906,573.8583374023438,226.77114868164062,146.53102111816406,174.46771240234375,98.6711196899414,47.56755447387695,59.50413131713867,144.5817108154297
2024-11-15,573.9591674804688,492.10693359375,175.79811096191406,238.15016174316406,101.11103820800781,137.58514404296875,29.721792221069336,48.55598831176758,76.28611755371094,44.83434295654297,49.34150695800781,53.68180847167969,91.39559936523438,132.8630828857422,212.21856689453125,601.8867797851562,84.24384307861328,750.6104125976562,51.807220458984375,213.36000061035156,208.57843017578125,152.303466796875,283.45977783203125,235.4649200439453,568.1008911132812,409.3153076171875,202.61000061035156,550.910400390625,223.57156372070312,141.7584991455078,171.3972930908203,95.84568786621094,47.25154495239258,58.733577728271484,146.6094970703125
2024-11-18,576.310791015625,495.5259094238281,176.50735473632812,239.7282257080078,101.10104370117188,137.6821746826172,29.859939575195312,48.7020378112793,76.82037353515625,45.43068313598633,49.957542419433594,55.200565338134766,91.52499389648438,132.52438354492188,212.61790466308594,611.1292114257812,84.30101013183594,755.7578125,52.34170150756836,213.67999267578125,210.6893768310547,154.39883422851562,284.1782531738281,236.14613342285156,565.6260986328125,410.0649108886719,201.6999969482422,551.2285766601562,226.5724334716797,139.93133544921875,174.18948364257812,97.00968170166016,48.59083938598633,58.84773635864258,147.34254455566406
2024-11-19,578.4175415039062,498.9349670410156,176.03126525878906,242.34841918945312,102.50077819824219,136.9740447998047,29.613243103027344,48.380733489990234,76.92532348632812,45.1419792175293,50.86692810058594,54.952213287353516,92.72926330566406,132.873046875,213.33860778808594,611.1788330078125,83.62439727783203,738.5004272460938,53.65945816040039,209.88999938964844,212.6337127685547,154.6337890625,279.3948669433594,234.29580688476562,553.4915161132812,412.0671081542969,204.61000061035156,557.8802490234375,226.83074951171875,146.7806396484375,176.99163818359375,97.22856140136719,49.12504577636719,59.54218292236328,145.65750122070312
2024-11-20,578.6134643554688,498.6475830078125,176.62393188476562,240.72071838378906,103.29063415527344,138.59396362304688,29.879674911499023,48.23468780517578,76.53417205810547,45.59633255004883,50.54424285888672,54.81848907470703,93.56529235839844,134.31741333007812,213.0756378173828,616.6290283203125,84.46302032470703,737.2606811523438,53.33692932128906,210.6300048828125,211.09677124023438,152.51889038085938,278.3811340332031,236.60643005371094,576.0339965820312,409.798583984375,202.8800048828125,562.284912109375,227.5461883544922,145.6623992919922,174.86520385742188,97.86528015136719,48.03404998779297,59.922706604003906,145.76220703125
2024-11-21,581.7196655273438,500.44134521484375,178.848876953125,244.25404357910156,104.52040100097656,139.70944213867188,30.165842056274414,48.84809112548828,77.36420440673828,45.96549606323242,49.967315673828125,55.41070556640625,93.85391998291016,135.5725555419922,215.75393676757812,623.7071533203125,85.53990173339844,738.4012451171875,53.65945816040039,214.5399932861328,209.76351928710938,155.0450439453125,280.6153259277344,242.5165557861328,573.146728515625,408.0295715332031,198.3800048828125,559.868896484375,227.06924438476562,146.44119262695312,166.56808471679688,102.23275756835938,49.56897735595703,60.655208587646484,148.0375213623047
2024-11-22,583.5225830078125,501.2440490722656,180.25765991210938,242.7851104736328,106.02012634277344,139.83558654785156,30.274389266967773,49.393333435058594,78.07974243164062,46.0364875793457,49.90864944458008,55.52532958984375,95.78472900390625,137.42532348632812,218.55886840820312,618.6640625,85.9496841430664,731.9545288085938,54.24921417236328,216.5800018310547,212.05967712402344,155.9654083251953,280.7137145996094,244.92843627929688,566.79638671875,412.11114501953125,197.1199951171875,555.9414672851562,228.41065979003906,141.7285614013672,163.7162628173828,102.11336517333984,49.9827995300293,60.80742263793945,147.72335815429688
2024-11-25,585.501953125,502.036865234375,181.88992309570312,241.83233642578125,105.77017211914062,141.02867126464844,30.629627227783203,49.714637756347656,78.5090560913086,45.12778091430664,49.65441131591797,56.10799789428711,97.16815948486328,139.36776733398438,219.76649475097656,612.2509765625,86.2355728149414,743.3702392578125,54.166282653808594,226.9499969482422,212.36520385742188,156.29833984375,281.9046936035156,244.76272583007812,581.1468505859375,413.8801574707031,201.4499969482422,561.8773193359375,231.39161682128906,135.80780029296875,166.5879364013672,103.94392395019531,52.24004364013672,61.24502182006836,148.3040771484375
2024-11-26,588.5591430664062,504.7323913574219,181.90933227539062,239.609130859375,106.17009735107422,141.78524780273438,30.600027084350586,49.81200408935547,78.83343505859375,45.06624984741211,50.30956268310547,55.97426986694336,98.38239288330078,139.6865234375,221.5195770263672,620.4608764648438,87.05514526367188,746.8613891601562,54.12942886352539,226.8800048828125,217.01304626464844,157.140380859375,283.9322204589844,246.73277282714844,582.0677490234375,422.9723205566406,207.86000061035156,570.259033203125,233.56771850585938,136.70640563964844,168.0486297607422,101.27767944335938,54.94120407104492,61.406742095947266,148.28489685058594
2024-11-27,586.7758178710938,500.7584228515625,181.73446655273438,236.46290588378906,104.28044891357422,142.54185485839844,30.767776489257812,49.90937042236328,78.99563598632812,45.018924713134766,49.869537353515625,55.534881591796875,99.52696228027344,141.04122924804688,222.5032501220703,621.8308715820312,88.0653076171875,748.686279296875,54.617828369140625,226.75999450683594,219.73504638671875,157.82579040527344,285.7628479003906,245.66488647460938,583.5928955078125,418.0309143066406,205.74000549316406,565.9439697265625,233.4385528564453,135.12884521484375,168.15797424316406,97.69615173339844,53.79753494262695,61.29258728027344,149.12937927246094
2024-11-29,590.4208374023438,505.15850830078125,182.2882537841797,240.31381225585938,104.74036407470703,142.98806762695312,30.807247161865234,49.98725891113281,79.39633178710938,45.21296691894531,50.60291290283203,54.85669708251953,99.14875030517578,141.00143432617188,222.2694854736328,623.9354858398438,88.2273178100586,744.0744018554688,54.571746826171875,227.85000610351562,220.35540771484375,157.6005859375,284.1782531738281,247.52447509765625,585.3388671875,418.4954528808594,207.88999938964844,571.0346069335938,235.82330322265625,138.03433227539062,167.87973022460938,97.44741821289062,54.91863250732422,61.4219856262207,148.755126953125
2024-12-02,591.4791259765625,510.65863037109375,181.8316192626953,246.0107421875,104.84034729003906,142.73587036132812,30.777647018432617,49.490699768066406,79.3009262084961,44.734954833984375,51.512298583984375,54.1689567565918,98.84021759033203,141.1807098388672,219.25033569335938,617.4755249023438,89.59960174560547,756.0951538085938,55.235233306884766,227.4600067138672,218.14260864257812,154.9862823486328,285.33966064453125,243.06887817382812,583.727294921875,425.92724609375,210.7100067138672,589.4387817382812,238.0689697265625,138.41372680664062,170.4036407470703,98.04434204101562,55.249698638916016,61.00982666015625,148.55360412597656
2024-12-03,591.7535400390625,512.224365234375,181.02520751953125,246.55662536621094,105.75016784667969,142.41575622558594,30.69870376586914,49.12071228027344,78.89069366455078,44.730224609375,51.78609085083008,53.30928421020508,97.22789001464844,139.45742797851562,219.14320373535156,614.1559448242188,88.14154052734375,743.4298095703125,54.08334732055664,226.4600067138672,222.88299560546875,152.9986572265625,281.73736572265625,241.75244140625,580.5713500976562,426.14471435546875,213.44000244140625,610.1396484375,241.10952758789062,140.04119873046875,170.2545623779297,99.32772064208984,53.94049835205078,60.88521957397461,146.21206665039062
2024-12-04,595.427978515625,518.5570678710938,181.03492736816406,250.73504638671875,109.8593978881836,142.3381805419922,30.639495849609375,48.93571472167969,78.6712417602539,43.651126861572266,52.69547653198242,53.69136047363281,98.32266998291016,140.41371154785156,219.4158935546875,608.2324829101562,87.28385162353516,748.081298828125,53.78847122192383,237.74000549316406,224.98472595214844,152.84201049804688,280.1133728027344,239.67193603515625,585.9047241210938,432.291748046875,218.16000366210938,610.2688598632812,241.46726989746094,144.91354370117188,173.26539611816406,102.67048645019531,54.4295654296875,59.629547119140625,144.39833068847656
2024-12-05,594.4481811523438,517.1200561523438,180.13134765625,246.43751525878906,108.52965545654297,140.74737548828125,30.2645206451416,49.08176803588867,78.98609161376953,43.82150650024414,53.02793884277344,53.03227996826172,96.86958312988281,139.4075927734375,218.20823669433594,603.7900390625,88.99922943115234,761.6096801757812,54.221580505371094,231.66000366210938,227.7808380126953,153.1063690185547,282.1015319824219,240.53732299804688,555.3811645507812,437.4308166503906,220.5500030517578,605.4466552734375,241.4970703125,144.8436737060547,171.54635620117188,100.35245513916016,54.25651168823242,60.31010055541992,143.4866485595703
2024-12-06,595.574951171875,521.748046875,179.9273223876953,246.7451934814453,110.02937316894531,139.95196533203125,30.185579299926758,49.0720329284668,78.59493255615234,43.078453063964844,53.86888122558594,52.49736785888672,98.67102813720703,140.75238037109375,217.12353515625,599.8245849609375,87.79846954345703,771.6268920898438,54.71919250488281,250.4499969482422,221.63308715820312,152.67555236816406,278.8535461425781,234.341796875,527.2269897460938,438.3696594238281,227.02999877929688,620.2017822265625,241.29830932617188,142.2275848388672,173.60324096679688,100.6509017944336,53.4739990234375,59.936279296875,143.2851104736328
2024-12-09,592.508056640625,517.6849365234375,179.1889190673828,244.22425842285156,107.74979400634766,140.35939025878906,30.422405242919922,48.400211334228516,78.47089385986328,43.0074577331543,53.692867279052734,51.26517105102539,97.77527618408203,141.19068908691406,212.51116943359375,588.265869140625,86.33087158203125,781.544921875,54.101776123046875,245.99000549316406,220.22830200195312,152.81265258789062,272.9481506347656,228.17396545410156,539.8414306640625,440.7909240722656,226.08999633789062,610.06005859375,245.18350219726562,138.6029815673828,174.45875549316406,102.29244232177734,53.22570037841797,60.00337600708008,143.56341552734375
2024-12-10,590.6658935546875,515.9209594726562,178.0910186767578,238.0806884765625,106.15009307861328,139.77737426757812,30.23491668701172,48.39047622680664,78.84297943115234,42.714019775390625,54.230674743652344,51.51352310180664,96.95915985107422,140.01524353027344,211.1528778076172,580.3745727539062,87.99859619140625,772.1226806640625,53.55809020996094,246.19000244140625,222.5261993408203,155.10379028320312,270.2710266113281,227.6308135986328,544.2420654296875,438.1324462890625,225.0399932861328,615.7772827148438,246.19703674316406,134.8685760498047,184.20782470703125,97.5966567993164,51.78107452392578,60.30051803588867,143.20834350585938
2024-12-11,595.2321166992188,525.1571044921875,178.25619506835938,243.9066619873047,107.79978942871094,137.8761749267578,30.00795555114746,48.48783874511719,78.24193572998047,42.78501892089844,55.87343978881836,53.0131721496582,96.51129913330078,139.55703735351562,209.62841796875,573.1492919921875,88.0367202758789,766.6677856445312,52.20347213745117,233.85000610351562,217.97689819335938,154.8785858154297,271.865478515625,224.37197875976562,513.755615234375,443.7261047363281,230.25999450683594,629.060791015625,244.9251708984375,139.10223388671875,194.38467407226562,101.53634643554688,52.59367752075195,60.04171371459961,140.7228546142578
2024-12-12,592.1651611328125,521.7678833007812,177.60523986816406,241.5445098876953,106.82997131347656,136.780029296875,29.909278869628906,48.27363586425781,78.47089385986328,42.43952178955078,55.41385269165039,52.99407196044922,93.75439453125,137.1364288330078,209.56002807617188,575.7333374023438,88.0367202758789,734.9000854492188,51.862510681152344,232.47999572753906,219.51193237304688,153.28260803222656,271.0386962890625,223.47901916503906,496.6441650390625,444.2893981933594,228.97000122070312,627.1815795898438,246.38584899902344,137.1351776123047,190.96255493164062,97.73593139648438,49.65174102783203,61.19193649291992,140.33900451660156
2024-12-13,592.0474243164062,525.7616577148438,176.98345947265625,247.61859130859375,105.75016784667969,136.76063537597656,29.71192169189453,48.23468780517578,78.27055358886719,42.226539611816406,55.36496353149414,53.48121643066406,92.95817565917969,136.08056640625,208.3385467529297,572.7020263671875,88.2769546508789,725.3093872070312,51.401756286621094,228.77999877929688,220.66555786132812,152.33287048339844,272.6384582519531,231.80104064941406,501.1891784667969,442.0262756347656,227.4600067138672,616.8013916015625,246.55474853515625,134.0498046875,188.8336944580078,101.97408294677734,48.99713897705078,60.50180435180664,140.7036590576172
2024-12-16,594.5755615234375,533.3330078125,176.4004669189453,251.3503875732422,106.88996124267578,135.13104248046875,29.455360412597656,48.14706039428711,77.86030578613281,41.29890060424805,56.66548538208008,53.0895881652832,94.3117446899414,136.71807861328125,206.81411743164062,566.5699462890625,88.45954895019531,718.9320678710938,51.48469543457031,224.69000244140625,219.48402404785156,151.7927703857422,272.2731018066406,230.37413024902344,480.02386474609375,446.29559326171875,232.92999267578125,621.1697387695312,249.44627380371094,131.8031463623047,195.6381378173828,107.70452880859375,49.13257598876953,59.955448150634766,138.0454559326172
2024-12-17,592.1258544921875,530.9842529296875,175.01112365722656,248.0850830078125,105.9201431274414,135.0340576171875,29.336944580078125,47.80628204345703,77.72673797607422,40.991268157958984,56.949058532714844,52.393226623535156,94.14253997802734,137.18846130371094,204.2342987060547,559.3246459960938,89.18030548095703,733.9480590820312,53.12498092651367,226.41000366210938,219.5491485595703,150.0350341796875,273.23095703125,227.87017822265625,467.52490234375,449.1319885253906,231.14999389648438,616.393310546875,251.87078857421875,130.195556640625,194.40457153320312,108.04277801513672,48.635982513427734,60.77019500732422,140.5021514892578
2024-12-18,574.4783935546875,511.82806396484375,169.83258056640625,240.17486572265625,101.1610336303711,133.2007598876953,28.78434944152832,46.37501907348633,76.54371643066406,39.77965545654297,54.43601989746094,50.965301513671875,89.50459289550781,131.86676025390625,200.74571228027344,567.4742431640625,87.1526107788086,708.7660522460938,52.37855911254883,221.5399932861328,220.56321716308594,146.90257263183594,268.17498779296875,221.1959991455078,481.1986389160156,432.26214599609375,220.52000427246094,594.252685546875,246.4752655029297,128.71775817871094,187.42105102539062,103.36690521240234,47.808326721191406,60.24300765991211,138.90911865234375
2024-12-19,574.302001953125,509.5486755371094,169.26904296875,237.0782470703125,101.55095672607422,132.19190979003906,28.626466751098633,46.54053497314453,75.99990844726562,39.434146881103516,54.60225296020508,51.434757232666016,89.38514709472656,130.76055908203125,200.84344482421875,575.6636962890625,87.53700256347656,702.4481811523438,51.880943298339844,219.6699981689453,220.32131958007812,145.61618041992188,269.7450866699219,220.6712646484375,471.11669921875,431.90631103515625,223.2899932861328,592.6407470703125,248.2042236328125,130.485107421875,187.5304718017578,86.64315032958984,44.85886764526367,59.859596252441406,137.7863311767578
2024-12-20,581.199951171875,513.9984130859375,171.6397247314453,240.88946533203125,103.60057830810547,133.86033630371094,29.050783157348633,47.23183059692383,76.26704406738281,39.822242736816406,54.67070388793945,51.19024658203125,90.84820556640625,132.2753448486328,201.1365966796875,576.1804809570312,88.95926666259766,696.1006469726562,52.830101013183594,224.14999389648438,221.91220092773438,147.59976196289062,269.78460693359375,220.91062927246094,481.5934753417969,431.4813537597656,224.9199981689453,582.3715209960938,252.8743896484375,134.49911499023438,190.41543579101562,89.65760040283203,45.32536315917969,59.955448150634766,138.64041137695312
2024-12-23,584.6802978515625,519.0060424804688,171.8737335205078,248.44692993164062,102.90070343017578,135.19720458984375,29.14668083190918,47.34524917602539,75.8652114868164,40.05610275268555,55.50185775756836,51.610801696777344,91.45832061767578,133.15234375,199.15289306640625,573.2188720703125,89.75689697265625,709.2719116210938,53.06047439575195,224.88999938964844,221.42840576171875,147.45245361328125,271.9373474121094,221.86801147460938,487.57330322265625,430.147216796875,225.05999755859375,596.899658203125,253.64942932128906,139.4617156982422,193.6186981201172,89.25965881347656,46.31855010986328,59.79249954223633,139.4081268310547
2024-12-24,591.1790771484375,526.043701171875,173.1704864501953,250.5902557373047,104.08048248291016,135.7526397705078,29.28510093688965,47.90260314941406,76.36508178710938,40.39495849609375,56.792606353759766,51.552120208740234,91.54789733886719,133.49118041992188,200.69683837890625,575.5742797851562,90.28543853759766,708.6172485351562,53.226341247558594,217.42999267578125,222.78671264648438,147.7470703125,273.0828552246094,223.9208984375,487.3421936035156,434.1793518066406,229.0500030517578,604.7608642578125,256.5608215332031,140.01089477539062,195.0910186767578,88.82191467285156,46.42388916015625,60.23341751098633,139.96473693847656
2024-12-26,591.2184448242188,525.6864013671875,173.45323181152344,250.15162658691406,103.85053253173828,136.0254669189453,29.364198684692383,48.01993179321289,76.60540771484375,40.36154556274414,56.39168930053711,50.82837677001953,92.21475982666016,134.2086944580078,200.34506225585938,574.8785400390625,90.72750091552734,710.8091430664062,53.447509765625,214.86000061035156,222.54483032226562,148.29698181152344,274.79119873046875,223.87490844726562,492.2049865722656,432.9736633300781,227.0500030517578,600.3824462890625,257.3755798339844,139.72132873535156,194.5836639404297,89.35913848876953,46.43141555786133,59.9746208190918,139.7056121826172
2024-12-27,584.9949951171875,518.6983642578125,172.27349853515625,247.6294708251953,102.26082611083984,135.39208984375,29.31476402282715,47.66792678833008,76.23050689697266,40.356773376464844,55.08139419555664,50.3295783996582,90.92085266113281,133.06265258789062,199.3678741455078,573.0995483398438,90.43920135498047,706.564208984375,53.152626037597656,214.00999450683594,222.63064575195312,147.6095733642578,274.2085876464844,221.87722778320312,491.0879821777344,425.4825439453125,223.75,596.8598022460938,253.96739196777344,136.8056640625,191.75839233398438,88.17524719238281,45.67147445678711,59.859596252441406,139.197021484375
2024-12-30,578.3192749023438,511.79974365234375,170.53797912597656,243.9010772705078,100.92108154296875,133.7258758544922,28.85996437072754,47.20835494995117,75.33650207519531,40.35200500488281,54.391517639160156,50.06550979614258,89.46771240234375,131.21897888183594,197.65777587890625,567.2457885742188,88.42111206054688,696.8345947265625,51.65978240966797,211.47000122070312,220.75233459472656,146.67669677734375,271.96697998046875,220.5700225830078,488.9791564941406,419.8493347167969,221.3000030517578,588.3319702148438,250.59889221191406,137.2849578857422,190.24632263183594,84.9825439453125,44.85886764526367,59.4570198059082,137.5560302734375
2024-12-31,576.2152709960938,507.45208740234375,170.8499755859375,241.41879272460938,100.10123443603516,134.0474395751953,28.968717575073242,47.25725173950195,75.56721496582031,40.88175964355469,53.632659912109375,49.772098541259766,89.63692474365234,131.75714111328125,197.18870544433594,566.4108276367188,88.76707458496094,706.494873046875,52.120540618896484,210.25,221.4197235107422,146.32321166992188,272.8458251953125,220.57920837402344,487.1110534667969,416.55841064453125,219.38999938964844,582.6303100585938,248.83023071289062,134.08973693847656,188.31637573242188,83.83696746826172,44.86639404296875,59.67748260498047,138.78436279296875
2025-01-02,574.799560546875,506.4595031738281,170.35272216796875,244.03067016601562,99.89127349853516,134.08642578125,28.90939712524414,47.13991165161133,75.33650207519531,41.35901641845703,53.37642288208008,49.997047424316406,91.10001373291016,132.45472717285156,195.96719360351562,562.7335205078125,88.29618072509766,709.331298828125,52.33248519897461,210.5800018310547,221.88693237304688,146.64723205566406,269.1130676269531,221.53660583496094,485.8110656738281,413.672607421875,220.22000122070312,596.292724609375,242.3019256591797,138.1037139892578,188.44570922851562,86.99480438232422,46.551795959472656,59.274898529052734,138.20858764648438
2025-01-03,581.9865112304688,514.7477416992188,171.91273498535156,251.09869384765625,101.45098114013672,135.40184020996094,29.265329360961914,47.511478424072266,75.29805755615234,41.74559020996094,54.73645782470703,51.679264068603516,91.97587585449219,133.6904754638672,197.05191040039062,573.8946533203125,87.84451293945312,712.26708984375,52.70515441894531,213.02999877929688,221.67718505859375,147.13821411132812,268.3330078125,222.98191833496094,493.9864196777344,418.3866882324219,224.19000244140625,601.6561279296875,241.8150177001953,144.2545623779297,190.79344177246094,89.5250473022461,48.20711135864258,59.18863296508789,138.37173461914062
2025-01-06,585.3390502929688,520.663818359375,171.7957305908203,259.42279052734375,101.66094207763672,135.46031188964844,29.44329261779785,47.364803314208984,74.50979614257812,41.554683685302734,55.84025192260742,53.20499801635742,91.77682495117188,133.8300018310547,197.15939331054688,576.8662719726562,87.6715316772461,710.392578125,52.80764389038086,212.8699951171875,215.30813598632812,143.93701171875,263.9682312011719,220.560791015625,494.631591796875,422.8339538574219,227.61000061035156,627.1004028320312,243.4446258544922,149.2071533203125,195.84706115722656,98.8790054321289,49.39591979980469,58.28762435913086,137.86312866210938
2025-01-07,578.722412109375,511.3728942871094,171.22047424316406,253.25196838378906,99.1714096069336,136.1326446533203,29.641029357910156,47.25725173950195,74.25025177001953,41.96989822387695,54.35210037231445,52.53993606567383,92.43372344970703,135.00595092773438,198.75222778320312,581.646728515625,87.09493255615234,724.3175659179688,53.23621368408203,211.72999572753906,216.44271850585938,143.79957580566406,265.400146484375,223.03713989257812,495.19012451171875,417.418212890625,222.11000061035156,614.8509521484375,240.67234802246094,139.93099975585938,194.47422790527344,101.51882934570312,48.80903625488281,58.31637954711914,140.32940673828125
2025-01-08,579.5678100585938,511.46234130859375,171.4252471923828,251.4475860595703,99.18140411376953,136.83419799804688,29.71023941040039,47.413700103759766,74.38481140136719,42.012855529785156,54.243690490722656,53.12675094604492,91.8763427734375,134.36817932128906,201.86947631835938,586.635986328125,85.66305541992188,727.5806884765625,52.92876052856445,217.3000030517578,218.62612915039062,143.92718505859375,263.31646728515625,224.24310302734375,505.0794982910156,419.5824890136719,222.1300048828125,607.7161254882812,241.1592254638672,139.9010467529297,192.9422149658203,99.02842712402344,48.1995849609375,59.150291442871094,136.5292205810547
2025-01-10,570.71923828125,503.4419860839844,168.9194793701172,246.4132537841797,97.19178009033203,136.0644073486328,29.43340301513672,46.26966857910156,73.38507843017578,42.18466567993164,53.593238830566406,52.34432601928711,89.01983642578125,132.2753448486328,202.52420043945312,578.168212890625,86.37418365478516,691.1713256835938,52.01571273803711,217.75,218.53077697753906,140.2251739501953,254.48825073242188,221.0716552734375,501.39141845703125,414.038330078125,218.94000244140625,612.8309326171875,235.3463592529297,135.7073211669922,191.04212951660156,98.95869445800781,47.2665901184082,58.536842346191406,136.32765197753906
2025-01-13,571.604248046875,501.82403564453125,170.30397033691406,243.88113403320312,96.34193420410156,137.8378143310547,29.779447555541992,46.60212326049805,73.51004791259766,43.07236099243164,53.327144622802734,52.31498718261719,88.71128845214844,133.56092834472656,202.79782104492188,581.4877319335938,86.43185424804688,711.0274047851562,51.57782745361328,212.83999633789062,218.76914978027344,141.29551696777344,258.48760986328125,221.2311553955078,521.0834350585938,412.29888916015625,218.4600067138672,605.3379516601562,232.9119110107422,133.03131103515625,190.01748657226562,94.69512176513672,46.6646614074707,59.0927848815918,138.64041137695312
2025-01-14,572.3907470703125,501.3475341796875,171.67872619628906,244.6786651611328,97.3917465209961,136.4152069091797,29.601482391357422,47.179019927978516,73.52926635742188,43.53529739379883,52.79495620727539,52.81378173828125,86.25289154052734,131.1193389892578,202.44602966308594,590.0845947265625,87.45051574707031,685.2105712890625,51.93186569213867,210.86000061035156,220.94302368164062,142.63099670410156,262.1907653808594,224.965576171875,523.5870971679688,410.7967529296875,217.75999450683594,591.3272094726562,231.7990264892578,131.56350708007812,188.6745147705078,96.98629760742188,47.20640182495117,59.46660232543945,138.90911865234375
2025-01-15,582.8025512695312,512.8816528320312,173.32647705078125,250.43077087402344,99.15140533447266,136.9706268310547,29.561935424804688,48.3817253112793,73.27934265136719,44.17959976196289,54.70689010620117,53.586429595947266,88.1340103149414,132.96299743652344,203.25711059570312,579.8677978515625,88.77667999267578,697.6676635742188,52.090248107910156,211.72999572753906,217.27223205566406,145.56710815429688,265.05450439453125,227.50836181640625,523.2789306640625,421.31201171875,223.35000610351562,614.0846557617188,236.35987854003906,136.03683471679688,194.53392028808594,102.7939224243164,48.62845993041992,59.20780563354492,139.1202392578125
2025-01-16,581.6817626953125,509.2884521484375,174.69149780273438,251.5074005126953,99.33137512207031,137.51626586914062,29.878314971923828,48.70439910888672,73.82726287841797,44.499359130859375,53.662227630615234,53.341922760009766,87.47711944580078,132.5045623779297,206.19847106933594,591.53564453125,88.07514953613281,687.55126953125,52.528141021728516,214.75,221.49600219726562,147.5211944580078,270.1104431152344,230.38893127441406,491.6657409667969,419.6022644042969,220.66000366210938,608.2933959960938,226.81088256835938,133.3708038330078,191.90762329101562,102.20618438720703,48.34254455566406,59.66789245605469,141.80728149414062
2025-01-17,587.521728515625,517.884521484375,175.53973388671875,257.44891357421875,100.30119323730469,136.59059143066406,29.85854148864746,49.11507797241211,74.25025177001953,44.842987060546875,54.637901306152344,53.625553131103516,87.55673217773438,132.1956329345703,206.88253784179688,588.9317626953125,88.25774383544922,675.9966430664062,52.444278717041016,216.58999633789062,221.87741088867188,146.42140197753906,266.111083984375,228.64370727539062,490.86651611328125,424.0001220703125,225.94000244140625,609.7561645507812,228.5199737548828,137.504638671875,194.9815673828125,105.3440933227539,48.936946868896484,60.10881423950195,141.0971221923828
2025-01-21,592.899658203125,520.9218139648438,177.5775146484375,261.5760803222656,101.9308853149414,138.85121154785156,30.402324676513672,49.525753021240234,74.59630584716797,44.61390686035156,54.78573226928711,54.456878662109375,90.08480834960938,135.63381958007812,208.07469177246094,582.4815673828125,89.33406066894531,682.1656494140625,53.143043518066406,223.0399932861328,221.43881225585938,148.9843292236328,265.49884033203125,226.13844299316406,505.5320739746094,423.476318359375,230.7100067138672,613.4280395507812,221.2265625,140.61996459960938,197.0209503173828,108.96015930175781,50.73521423339844,59.830841064453125,142.1719207763672
2025-01-22,596.2326049804688,527.582275390625,176.95350646972656,266.3412780761719,104.09048461914062,138.5393829345703,30.431983947753906,49.291080474853516,74.23101043701172,43.80256652832031,55.62343215942383,54.87743377685547,90.7815170288086,135.82315063476562,206.61868286132812,580.7921142578125,89.41093444824219,674.45947265625,53.189632415771484,229.07000732421875,221.70578002929688,151.3901824951172,264.9656066894531,224.4119873046875,500.4572448730469,440.96881103515625,235.00999450683594,620.433349609375,222.40902709960938,146.85067749023438,197.33924865722656,108.81073760986328,51.63811111450195,59.21739196777344,139.4081268310547
2025-01-23,599.48681640625,528.7039184570312,177.7919921875,266.0222473144531,104.27045440673828,140.39073181152344,30.758255004882812,49.574642181396484,74.50018310546875,44.003013610839844,55.74169921875,54.44709396362305,92.54320526123047,137.77645874023438,205.30923461914062,593.5035400390625,89.29561614990234,688.9497680664062,55.09957504272461,222.97000122070312,222.51622009277344,154.83685302734375,263.1683654785156,224.73101806640625,510.1349792480469,441.4728088378906,235.4199981689453,633.3197021484375,222.24009704589844,147.00047302246094,196.9512939453125,104.43758392333984,51.67573547363281,58.97775650024414,140.7228546142578
2025-01-24,597.73681640625,525.716064453125,177.635986328125,260.71875,103.83052825927734,140.61483764648438,30.718704223632812,49.721317291259766,74.88469696044922,43.57825469970703,55.50517272949219,54.67204666137695,92.02565002441406,136.8297119140625,204.6544952392578,587.9478759765625,89.43977355957031,670.2540893554688,55.59336471557617,223.39999389648438,223.7556610107422,154.6306610107422,263.36590576171875,224.08358764648438,512.7733764648438,438.8539123535156,234.85000610351562,644.3053588867188,221.36569213867188,142.40731811523438,199.16969299316406,102.7939224243164,50.72016525268555,59.35157775878906,140.89559936523438
2025-01-27,589.2815551757812,510.4100646972656,177.75299072265625,235.07852172851562,102.11085510253906,143.77186584472656,31.23282814025879,50.268882751464844,76.91301727294922,43.12485885620117,53.790348052978516,53.35169982910156,92.17494201660156,137.89602661132812,208.75872802734375,600.7188720703125,91.6308364868164,679.10107421875,56.4598274230957,225.77000427246094,225.9200439453125,157.93008422851562,273.033447265625,231.67440795898438,523.3751831054688,429.46533203125,235.4199981689453,656.6343994140625,228.40074157714844,118.24340057373047,190.81332397460938,90.76028442382812,48.455406188964844,61.2206916809082,146.72064208984375
2025-01-28,594.3449096679688,517.9539184570312,176.87550354003906,239.70413208007812,104.9703140258789,142.7682647705078,31.064748764038086,50.180885314941406,75.7114028930664,42.714420318603516,55.406620025634766,53.10719299316406,92.74225616455078,137.686767578125,208.77825927734375,599.2479858398438,90.18934631347656,680.7078247070312,54.74553680419922,232.24000549316406,223.4792022705078,155.97596740722656,268.8662109375,229.9291534423828,522.3738403320312,441.95709228515625,238.14999389648438,671.0133666992188,236.7473907470703,128.7976531982422,194.2852020263672,87.91127014160156,47.30421447753906,59.77333450317383,144.3119659423828
2025-01-29,591.6805419921875,516.9812622070312,176.29049682617188,238.7869873046875,103.46060180664062,141.93028259277344,30.817575454711914,50.14177322387695,75.89405822753906,42.809871673583984,54.83501052856445,53.22455596923828,92.14508819580078,137.01904296875,204.77175903320312,599.4765625,91.86146545410156,681.64013671875,55.015724182128906,232.3000030517578,221.67718505859375,154.38516235351562,272.3817138671875,231.19589233398438,518.1561279296875,437.1441345214844,237.07000732421875,673.1627197265625,237.84042358398438,123.51553344726562,194.3946533203125,88.66835021972656,47.25154495239258,60.22383499145508,145.05087280273438
2025-01-30,594.8561401367188,519.1847534179688,178.1722412109375,244.4095001220703,102.74073791503906,143.5672607421875,31.133956909179688,50.62089920043945,76.64386749267578,43.029415130615234,54.825157165527344,54.055885314941406,93.10057830810547,138.39431762695312,217.35806274414062,600.8878173828125,93.16842651367188,677.4844970703125,55.09957504272461,237.07000732421875,224.93798828125,156.56515502929688,271.3448181152344,233.84185791015625,525.3492431640625,410.1247253417969,234.63999938964844,683.6210327148438,236.0816650390625,124.464111328125,199.82626342773438,92.14494323730469,49.49373245239258,61.39323043823242,146.70147705078125
2025-01-31,591.6903076171875,518.4303588867188,176.7097625732422,242.8643035888672,102.87071228027344,143.1092987060547,30.906558990478516,50.32755661010742,75.92289733886719,41.82672119140625,54.84486770629883,52.78444290161133,92.23465728759766,138.18504333496094,215.23756408691406,591.098388671875,93.40867614746094,667.467041015625,54.92256164550781,233.25999450683594,225.51004028320312,156.9481201171875,268.4811096191406,231.23341369628906,522.3834228515625,410.19390869140625,237.67999267578125,685.790283203125,234.50173950195312,119.89094543457031,202.9599151611328,90.88977813720703,49.00466537475586,60.84687423706055,146.01051330566406
2025-02-03,587.7084350585938,514.28125,175.74447631835938,238.03932189941406,102.47078704833984,143.66470336914062,30.906558990478516,50.122215270996094,76.22090148925781,42.08921813964844,53.90861129760742,52.207401275634766,90.99053192138672,137.37782287597656,218.61865234375,596.1373291015625,94.54264068603516,661.3873291015625,55.8542366027832,233.2899932861328,229.44776916503906,157.49801635742188,270.5054626464844,233.56036376953125,527.8624267578125,406.10247802734375,237.4199981689453,694.029541015625,226.56248474121094,116.48603057861328,200.1844024658203,89.5748519897461,48.470455169677734,60.722267150878906,145.74183654785156
2025-02-04,591.6510620117188,520.59423828125,175.95899963378906,240.72097778320312,104.29044342041016,143.2749481201172,30.768138885498047,50.004878997802734,75.57682800292969,42.97214126586914,54.87443161010742,53.15609359741211,92.1351318359375,138.3345184326172,217.07467651367188,599.6157836914062,94.16786193847656,691.3399047851562,55.080936431884766,233.3800048828125,231.2402801513672,156.4473114013672,268.82672119140625,232.69712829589844,525.233642578125,407.5354309082031,242.05999755859375,700.7265625,231.3220672607422,118.47306060791016,205.30764770507812,90.31201934814453,48.011474609375,60.070472717285156,147.29647827148438
2025-02-05,594.0499267578125,522.9566650390625,176.8170166015625,246.37338256835938,104.95032501220703,144.64883422851562,31.084524154663086,50.53289031982422,76.0478515625,43.06282043457031,54.09585952758789,53.75269317626953,94.25511932373047,141.84246826171875,219.64471435546875,603.1737670898438,95.76310729980469,710.8487548828125,55.63063430786133,239.2899932861328,230.39170837402344,157.80239868164062,269.38958740234375,233.63543701171875,519.8027954101562,408.44464111328125,236.1699981689453,701.4031372070312,230.9941864013672,124.64383697509766,190.3358154296875,93.24073028564453,48.6961784362793,60.50180435180664,148.4480438232422
2025-02-06,596.1146240234375,525.6864013671875,176.5830078125,247.5796356201172,105.22026824951172,143.35287475585938,30.550628662109375,50.95335006713867,76.3939208984375,42.270572662353516,54.61819076538086,54.00698471069336,92.9313735961914,140.07852172851562,219.79129028320312,596.0676879882812,94.21591186523438,716.155029296875,53.49708557128906,239.42999267578125,233.03277587890625,164.65655517578125,269.4685974121094,235.84042358398438,510.3949279785156,410.94500732421875,238.8300018310547,708.4880981445312,231.73941040039062,128.4880828857422,190.60446166992188,94.17711639404297,48.515594482421875,60.73185348510742,147.31564331054688
2025-02-07,590.6580810546875,519.0557250976562,175.7152557373047,244.24002075195312,104.60038757324219,142.68055725097656,30.32322883605957,50.669776916503906,76.27855682373047,42.265804290771484,53.524253845214844,52.950706481933594,90.8113784790039,137.1984100341797,219.78152465820312,592.0325927734375,92.2939224243164,704.183837890625,52.96602249145508,237.1999969482422,233.4332275390625,163.8218994140625,266.7825927734375,235.13671875,507.4964599609375,404.9461364746094,229.14999389648438,711.0056762695312,226.1848907470703,129.6463623046875,184.37696838378906,91.94572448730469,48.500545501708984,61.19193649291992,146.94134521484375
2025-02-10,594.6692504882812,525.3388671875,176.21249389648438,248.84568786621094,106.38005828857422,142.5538787841797,30.22435760498047,50.268882751464844,76.74960327148438,43.196449279785156,53.839622497558594,53.92873764038086,89.91561126708984,135.68362426757812,220.9346160888672,599.6953125,91.75577545166016,684.7047729492188,51.7362060546875,237.80999755859375,230.55377197265625,164.1066436767578,263.2473449707031,234.28285217285156,513.6015014648438,407.38720703125,233.13999938964844,713.8715209960938,226.45346069335938,133.3708038330078,185.50111389160156,95.56178283691406,51.94660186767578,61.87248992919922,148.01620483398438
2025-02-11,595.12158203125,524.0882568359375,176.23199462890625,249.09490966796875,105.30025482177734,142.29078674316406,30.026622772216797,50.395999908447266,77.48980712890625,43.54484176635742,53.524253845214844,53.86027908325195,88.63166046142578,133.7801971435547,221.5795440673828,606.6622314453125,92.39002227783203,660.0087890625,52.11819839477539,234.3300018310547,230.487060546875,163.92991638183594,264.6100769042969,241.67666625976562,514.1310424804688,406.6163635253906,232.75999450683594,716.2597045898438,231.39735412597656,132.6019744873047,184.35708618164062,93.71887969970703,51.8563117980957,64.79597473144531,149.8299102783203
2025-02-12,593.2044067382812,524.3958740234375,175.208251953125,247.7391357421875,104.94032287597656,142.086181640625,29.907978057861328,50.21999740600586,77.43212127685547,42.49488067626953,53.51439666748047,53.948299407958984,89.5473403930664,135.00595092773438,222.21473693847656,591.3468017578125,99.28034973144531,658.4218139648438,52.3138542175293,233.33999633789062,237.37098693847656,163.5567626953125,261.7562561035156,240.94476318359375,507.85272216796875,404.2444763183594,228.92999267578125,721.8123168945312,235.62501525878906,130.94442749023438,182.65594482421875,91.32809448242188,50.62235641479492,65.85992431640625,148.9950408935547
2025-02-13,599.4671630859375,531.9398803710938,176.72923278808594,251.1385498046875,106.6500015258789,142.64158630371094,29.927751541137695,50.552452087402344,78.26844787597656,42.81464385986328,54.48021697998047,55.112159729003906,90.34358215332031,136.57057189941406,222.4102020263672,598.77099609375,101.82698059082031,668.74658203125,52.14615249633789,234.14999389648438,238.46742248535156,165.530517578125,264.39288330078125,245.95526123046875,511.4926452636719,405.72686767578125,230.3699951171875,724.9766845703125,240.26051330566406,135.08824157714844,185.17282104492188,95.2928237915039,50.83302688598633,66.6171646118164,150.90472412109375
2025-02-14,599.437744140625,534.1732788085938,176.5537567138672,251.7965087890625,106.739990234375,141.09228515625,29.69046401977539,50.65022659301758,77.48980712890625,42.98645782470703,54.74631118774414,55.43490982055664,90.98058319091797,136.08229064941406,222.53721618652344,590.044921875,100.02031707763672,668.08203125,50.21757507324219,234.0,234.05294799804688,163.70407104492188,261.2131042480469,246.396240234375,504.1069641113281,403.6416320800781,228.67999267578125,733.0466918945312,243.3143768310547,138.6429443359375,184.26754760742188,99.13800048828125,51.4575309753418,66.01329803466797,149.84913635253906
2025-02-18,601.1975708007812,535.3842163085938,177.90899658203125,255.4252166748047,107.8097915649414,140.81947326660156,29.70035171508789,51.01200866699219,77.76856994628906,43.573482513427734,54.322532653808594,56.17821502685547,90.90095520019531,136.64035034179688,223.14309692382812,595.7396850585938,101.1446762084961,674.4296264648438,50.711360931396484,232.8300018310547,236.31263732910156,163.4978485107422,263.2769775390625,247.64414978027344,482.17120361328125,404.8374328613281,226.64999389648438,712.8466186523438,243.18507385253906,139.19212341308594,182.81512451171875,106.3801040649414,54.196311950683594,66.18582916259766,149.92649841308594
2025-02-19,602.6133422851562,535.5330810546875,178.26976013183594,256.541748046875,105.9201431274414,142.6513214111328,30.016735076904297,51.03157043457031,78.39342498779297,43.917110443115234,54.47036361694336,56.99976348876953,92.09530639648438,138.2647705078125,223.30921936035156,599.0393676757812,103.45106506347656,680.043212890625,51.223785400390625,229.19000244140625,239.07765197753906,163.9495391845703,263.1091003417969,252.98306274414062,492.0990905761719,409.9072570800781,226.6300048828125,700.3086547851562,243.58294677734375,139.02235412597656,184.30734252929688,103.95942687988281,53.79753494262695,67.16352081298828,152.73175048828125
2025-02-20,600.1062622070312,533.2598876953125,177.82127380371094,257.00030517578125,103.98050689697266,143.45033264160156,30.1749267578125,50.249324798583984,78.08580017089844,44.31800079345703,54.19441604614258,57.17580795288086,92.284423828125,138.952392578125,223.89552307128906,599.8045654296875,105.73823547363281,691.2055053710938,51.97844696044922,228.74000549316406,236.76077270507812,163.7825927734375,264.1459655761719,251.1534423828125,483.7986145019531,412.0759582519531,222.8800048828125,691.4224853515625,244.53790283203125,139.9010467529297,183.60098266601562,102.78395080566406,53.6395263671875,67.13477325439453,154.46328735351562
2025-02-21,589.8419189453125,522.1923217773438,175.32525634765625,249.2145538330078,100.43116760253906,142.68055725097656,30.0562801361084,49.623538970947266,78.9990234375,43.39689636230469,52.834381103515625,56.324920654296875,91.26921081542969,138.43418884277344,222.8303680419922,594.0402221679688,105.6613540649414,695.4857788085938,52.01571273803711,225.7899932861328,237.28515625,164.84315490722656,263.9089660644531,249.76470947265625,449.13287353515625,404.23309326171875,216.5800018310547,680.1880493164062,244.25938415527344,134.22950744628906,178.72647094726562,98.46060943603516,51.69830322265625,68.39043426513672,156.9976806640625
2025-02-24,587.1580200195312,516.0281982421875,175.47149658203125,242.6649169921875,99.18140411376953,143.84007263183594,30.343002319335938,49.83864974975586,79.23934173583984,43.40644073486328,52.03609848022461,56.207557678222656,89.68667602539062,138.2647705078125,224.4427490234375,602.040771484375,106.69923400878906,708.3163452148438,53.9256591796875,226.11000061035156,236.21730041503906,165.3832244873047,270.0216064453125,255.80735778808594,444.41448974609375,400.0641174316406,212.7100067138672,664.8438110351562,245.80123901367188,130.08570861816406,178.318603515625,95.04377746582031,48.79659652709961,67.66195678710938,158.39064025878906
2025-02-25,584.2379760742188,509.5266418457031,175.64698791503906,237.51095581054688,97.57170104980469,145.07757568359375,30.540740966796875,49.8288688659668,80.36406707763672,42.7812385559082,50.97172546386719,56.285797119140625,88.27336120605469,137.3877716064453,225.4883575439453,623.2299194335938,107.17973327636719,718.465576171875,54.23311233520508,221.36000061035156,239.14439392089844,168.1229248046875,273.9814758300781,261.3338623046875,452.946044921875,394.0235595703125,212.8000030517578,654.26611328125,245.74156188964844,126.44115447998047,174.5084991455078,92.86219024658203,48.84636306762695,68.52462005615234,160.6638641357422
2025-02-26,584.5327758789062,510.7574768066406,175.2764892578125,243.06369018554688,98.93144989013672,144.03497314453125,30.23424530029297,49.721317291259766,78.82598876953125,42.53783416748047,51.020999908447266,56.54008865356445,87.83541870117188,136.57057189941406,223.475341796875,619.7911376953125,106.1514663696289,702.0499877929688,53.459815979003906,227.22999572753906,236.4461212158203,168.08364868164062,270.2388610839844,256.5579833984375,446.40771484375,395.83575439453125,214.35000610351562,670.3865356445312,239.09666442871094,131.08421325683594,171.8324737548828,97.3349609375,49.931400299072266,67.86324310302734,157.75222778320312
2025-02-27,575.2025756835938,496.5731201171875,173.74574279785156,228.08029174804688,96.31194305419922,143.45033264160156,29.848657608032227,49.99510192871094,78.8163833618164,42.76691818237305,49.39487075805664,54.720947265625,86.69082641601562,135.0159454345703,224.37437438964844,617.0381469726562,107.62178039550781,697.918701171875,54.78280258178711,220.99000549316406,238.2195281982422,167.75958251953125,278.16845703125,261.5684509277344,451.1935119628906,388.7059020996094,208.74000549316406,655.00244140625,236.05276489257812,119.9708251953125,167.62445068359375,91.46755981445312,47.98033142089844,67.93034362792969,158.38095092773438
2025-02-28,584.178955078125,504.41473388671875,175.6762237548828,232.04795837402344,97.45172882080078,145.11654663085938,30.026622772216797,51.021793365478516,79.86418914794922,43.4303092956543,50.46910095214844,53.46906280517578,88.29326629638672,136.5606231689453,227.47206115722656,636.3289794921875,109.85128784179688,693.9066162109375,55.546775817871094,224.13999938964844,241.95706176757812,170.10647583007812,281.9110412597656,264.5991516113281,457.3563232421875,393.12237548828125,212.27999877929688,664.9134521484375,240.5688934326172,124.73371124267578,169.3952178955078,93.2706069946289,48.707008361816406,68.25623321533203,159.6288299560547
2025-03-03,573.944091796875,493.3768615722656,173.8042449951172,222.3182373046875,95.61206817626953,145.74989318847656,30.016735076904297,50.59156036376953,80.28715515136719,41.912628173828125,48.793697357177734,53.12675094604492,85.19786071777344,133.7801971435547,228.4492645263672,641.283935546875,111.46575927734375,680.1326904296875,55.77969741821289,218.9499969482422,244.92230224609375,170.0770263671875,286.0684509277344,267.4891052246094,449.7394714355469,384.7052001953125,205.02000427246094,651.8281860351562,236.77890014648438,113.88990020751953,166.14219665527344,90.19247436523438,46.795753479003906,69.32018280029297,161.81497192382812
2025-03-04,567.1504516601562,491.887939453125,170.99624633789062,224.53134155273438,95.42211151123047,144.39547729492188,29.759674072265625,48.811954498291016,78.922119140625,41.5069580078125,48.56702423095703,53.37126159667969,85.72537231445312,133.89976501464844,224.71636962890625,640.4480590820312,110.26451873779297,670.8174438476562,55.37907791137695,218.4499969482422,240.25038146972656,166.7874298095703,280.59771728515625,265.7157287597656,457.0193176269531,384.82403564453125,203.8000030517578,636.8521728515625,234.68994140625,115.81703186035156,170.03189086914062,90.84994506835938,44.42660140991211,67.27855682373047,160.0157470703125
2025-03-05,573.24609375,498.30023193359375,172.58547973632812,228.6884002685547,97.08179473876953,145.8473358154297,30.06616973876953,49.09552001953125,79.24896240234375,40.900848388671875,49.50328063964844,54.818748474121094,87.40745544433594,136.32144165039062,225.13656616210938,636.3986206054688,110.93721771240234,682.3968505859375,55.733116149902344,219.94000244140625,242.63401794433594,168.51571655273438,283.42193603515625,264.4678039550781,458.33856201171875,397.1131286621094,208.36000061035156,653.2411499023438,234.50096130371094,117.12507629394531,172.12098693847656,93.9778823852539,43.99856185913086,67.17311096191406,159.72555541992188
2025-03-06,563.0703735351562,484.59234619140625,170.67445373535156,219.09825134277344,93.4224853515625,145.44786071777344,30.06616973876953,48.283939361572266,79.3931655883789,41.024932861328125,48.02498245239258,53.733131408691406,86.65100860595703,135.74343872070312,220.80758666992188,638.4581909179688,111.51380157470703,693.6087646484375,56.06852340698242,236.13999938964844,242.21446228027344,166.59103393554688,282.7109375,263.8204040527344,469.6434020996094,393.0234069824219,200.6999969482422,624.841552734375,234.09312438964844,110.40510559082031,171.45448303222656,88.9273452758789,41.26109313964844,67.53734588623047,160.412353515625
2025-03-07,566.2262573242188,488.1557922363281,172.27349853515625,224.39178466796875,93.4024887084961,145.4575958251953,30.35289192199707,48.02971649169922,79.6527099609375,41.726497650146484,48.15310287475586,54.456878662109375,86.88988494873047,136.48089599609375,224.3157196044922,640.9754028320312,112.83036804199219,702.615966796875,56.91635513305664,246.8000030517578,243.92002868652344,167.17042541503906,283.0071716308594,262.5536804199219,475.1899108886719,389.478271484375,199.25,622.582763671875,237.81346130371094,112.5219497680664,172.9566192626953,92.60318756103516,41.50996017456055,68.46710968017578,161.24427795410156
2025-03-10,551.1445922851562,469.2366027832031,169.84573364257812,213.86453247070312,88.66337585449219,143.88880920410156,30.12548828125,46.95412826538086,79.47966766357422,42.036720275878906,45.659706115722656,52.90180587768555,85.8348617553711,135.3746795654297,222.57632446289062,655.5218505859375,112.63817596435547,739.6779174804688,58.79834747314453,239.63999938964844,251.3074951171875,166.10003662109375,289.29754638671875,261.493408203125,464.3976135253906,376.4563903808594,194.5399932861328,595.0487670898438,226.2843475341797,106.8204574584961,165.1981658935547,86.74576568603516,40.35524368286133,68.48627471923828,162.22125244140625
2025-03-11,546.5628662109375,468.1149597167969,167.58370971679688,213.5554962158203,89.5232162475586,142.32003784179688,29.581708908081055,46.55323028564453,78.3165054321289,41.70263671875,45.837100982666016,53.488624572753906,85.76519012451172,133.53103637695312,219.0974884033203,649.9003295898438,109.96661376953125,713.1923217773438,57.307655334472656,231.67999267578125,249.5348663330078,165.3242950439453,287.0658264160156,259.85137939453125,470.02587890625,376.7436218261719,196.58999633789062,602.7308349609375,219.6792755126953,108.59780883789062,163.37559509277344,88.70819854736328,41.6094970703125,68.0932846069336,160.44139099121094
2025-03-12,549.4633178710938,473.3956604003906,166.79396057128906,219.83596801757812,91.31288146972656,140.8974151611328,29.225780487060547,46.62167739868164,76.61502075195312,41.89353942871094,46.89162063598633,54.720947265625,86.74058532714844,133.79013061523438,217.77825927734375,637.4332275390625,109.54377746582031,684.7305297851562,55.72380065917969,233.4600067138672,245.98007202148438,165.972412109375,280.4298400878906,260.4237365722656,465.2582702636719,379.53607177734375,198.88999938964844,616.5127563476562,215.83956909179688,115.57803344726562,166.4331512451172,95.27289581298828,42.76421356201172,67.0389175415039,157.52972412109375
2025-03-13,542.138671875,464.8790283203125,165.19496154785156,218.8689727783203,88.283447265625,140.14712524414062,29.047815322875977,46.36744689941406,76.25935363769531,41.60718536376953,45.63999557495117,54.00698471069336,85.56613159179688,132.68392944335938,218.11050415039062,640.4480590820312,108.92874145507812,675.902099609375,56.16169357299805,227.8000030517578,248.9695281982422,166.0902099609375,284.9426574707031,262.1595764160156,465.6547546386719,375.0799255371094,193.88999938964844,587.7349243164062,208.5779266357422,115.41825103759766,162.1007537841797,94.51581573486328,41.838443756103516,66.73219299316406,157.66514587402344
2025-03-14,553.3369140625,476.11541748046875,168.34422302246094,225.86720275878906,91.642822265625,141.21896362304688,29.393857955932617,47.443031311035156,76.432373046875,42.83850860595703,46.980316162109375,54.90677261352539,86.7206802368164,133.7303466796875,220.54786682128906,647.1542358398438,107.84486389160156,662.257080078125,54.978450775146484,234.05999755859375,247.8581085205078,167.97561645507812,291.2033996582031,266.18487548828125,472.5498352050781,384.7745361328125,197.9499969482422,605.1494750976562,212.36788940429688,121.49972534179688,164.81971740722656,100.40313720703125,44.327056884765625,66.78047180175781,157.49102783203125
2025-03-17,557.6038208007812,479.2023620605469,170.61598205566406,228.24978637695312,92.85259246826172,143.01185607910156,29.759674072265625,48.0003776550293,77.54747772216797,43.52098083496094,46.50726318359375,56.5889892578125,87.87522888183594,135.63381958007812,223.8140106201172,651.9498291015625,108.63842010498047,673.7272338867188,55.89150619506836,236.9600067138672,252.5531005859375,170.18142700195312,294.6111755371094,273.250244140625,482.57818603515625,384.9132385253906,195.74000549316406,602.4603271484375,212.87522888183594,119.36272430419922,163.6245574951172,102.71422576904297,44.54605484008789,67.70744323730469,157.52003479003906
2025-03-18,551.5770874023438,471.0332336425781,169.72872924804688,224.72076416015625,91.49285125732422,143.08004760742188,29.789331436157227,47.94171142578125,76.66307830810547,43.59257125854492,45.31476974487305,55.71854019165039,85.76519012451172,133.7495880126953,221.53848266601562,658.2778930664062,106.67391204833984,660.3602905273438,55.80765151977539,236.42999267578125,255.34133911132812,170.2010955810547,292.8874816894531,265.8002014160156,487.2006530761719,379.7836608886719,192.82000732421875,580.01123046875,211.57211303710938,115.26846313476562,160.01922607421875,101.3295669555664,44.13792037963867,66.9928970336914,158.88397216796875
2025-03-19,557.5841674804688,477.3363342285156,170.98646545410156,226.70458984375,92.93257141113281,143.15802001953125,29.71023941040039,48.469730377197266,76.66307830810547,44.30368423461914,46.07362747192383,55.98261260986328,87.04913330078125,134.22837829589844,222.99990844726562,660.4469604492188,104.04165649414062,667.7090454101562,55.97535705566406,237.1699981689453,254.36402893066406,171.0381317138672,293.471923828125,256.4266357421875,486.6204833984375,384.04180908203125,195.5399932861328,581.7044067382812,214.1087188720703,117.35553741455078,163.22618103027344,101.66825866699219,44.695369720458984,66.89634704589844,157.66514587402344
2025-03-20,555.9718627929688,475.71832275390625,170.2747344970703,226.345703125,92.55265045166016,143.24571228027344,29.641029357910156,48.538169860839844,76.28817749023438,44.46595001220703,46.004642486572266,55.48381042480469,86.18321228027344,132.40304565429688,222.54873657226562,663.00390625,102.45458221435547,658.0364379882812,56.29212188720703,235.85000610351562,255.38929748535156,172.90911865234375,291.3619079589844,257.674560546875,494.45355224609375,383.0713195800781,194.9499969482422,583.6365356445312,212.97470092773438,118.36412048339844,162.14060974121094,102.60465240478516,44.30714416503906,67.31153869628906,157.6941680908203
2025-03-21,556.1552124023438,477.28668212890625,169.49472045898438,224.07278442382812,93.09254455566406,142.84620666503906,29.51249885559082,48.36216354370117,76.25935363769531,44.155731201171875,46.625526428222656,55.610958099365234,86.71072387695312,133.24090576171875,220.59690856933594,657.840087890625,103.62552642822266,653.9251098632812,56.89772033691406,236.77000427246094,252.3326873779297,171.7274627685547,288.6971740722656,256.0231628417969,499.8206787109375,387.4482421875,196.2100067138672,593.8452758789062,217.12277221679688,117.5352783203125,163.32579040527344,94.35643768310547,43.461021423339844,66.30732727050781,158.28424072265625
2025-03-24,566.115234375,487.76043701171875,172.1212615966797,229.9145965576172,95.39212036132812,143.93685913085938,29.774986267089844,49.2149658203125,76.73094940185547,44.65884017944336,48.16295623779297,56.05107116699219,88.40782165527344,134.9665069580078,221.90139770507812,657.5316162109375,103.2964859008789,656.427734375,56.879085540771484,239.0399932861328,251.9398651123047,172.5742950439453,288.70709228515625,257.0927734375,499.48223876953125,389.2505187988281,203.25999450683594,616.3541259765625,219.56983947753906,121.24009704589844,167.00082397460938,96.56791687011719,44.10805892944336,66.57769012451172,157.95533752441406
2025-03-25,567.4759521484375,490.54388427734375,171.70980834960938,228.93763732910156,96.35193634033203,142.09791564941406,29.47783088684082,49.489742279052734,76.03514862060547,44.841609954833984,48.74441909790039,55.81634521484375,86.6759033203125,132.6324462890625,222.71548461914062,660.2578125,104.40939331054688,629.7535400390625,55.146156311035156,240.61000061035156,251.09664916992188,172.9485321044922,288.6674499511719,257.49627685546875,496.51336669921875,391.3102722167969,205.7100067138672,623.7840576171875,222.573974609375,120.5210952758789,169.86917114257812,93.8185043334961,43.1922492980957,66.4425048828125,155.75949096679688
2025-03-26,560.7012939453125,481.5175476074219,171.38650512695312,221.3213348388672,94.11235046386719,141.57949829101562,29.398591995239258,49.3425407409668,77.21412658691406,45.10615158081055,47.24641036987305,55.56205749511719,84.68517303466797,130.80709838867188,224.539794921875,659.6807861328125,105.744873046875,635.7120361328125,55.164794921875,235.61000061035156,251.7290496826172,173.07650756835938,292.5506896972656,255.72291564941406,501.1262512207031,386.17083740234375,201.1300048828125,608.5158081054688,220.36563110351562,113.60079956054688,164.39144897460938,91.77635955810547,42.42576217651367,67.61088562011719,156.43663024902344
2025-03-27,559.2122802734375,478.77386474609375,170.9456329345703,217.07455444335938,92.50265502929688,141.80447387695312,29.47783088684082,49.24440383911133,78.0935287475586,44.668460845947266,47.04930877685547,55.24908447265625,85.1330795288086,131.24598693847656,224.6280975341797,662.3174438476562,107.57390594482422,631.4318237304688,54.87596893310547,237.47999572753906,250.8954620361328,173.6673583984375,295.5621337890625,257.72149658203125,498.7279052734375,386.77484130859375,201.36000061035156,600.1497192382812,222.67343139648438,111.27405548095703,161.5828857421875,90.81010437011719,41.718997955322266,68.30610656738281,157.8005828857422
2025-03-28,547.9507446289062,466.1687927246094,168.31027221679688,211.51185607910156,89.85315704345703,141.36428833007812,29.28963279724121,48.2924919128418,77.70698547363281,44.456825256347656,45.364044189453125,53.586429595947266,84.00833892822266,129.95924377441406,223.54916381835938,664.6953735351562,108.18357849121094,632.9512939453125,55.91945266723633,234.2100067138672,251.25,172.04258728027344,293.66015625,261.6529235839844,499.037353515625,375.109619140625,192.72000122070312,574.4139404296875,216.75473022460938,109.51651763916016,153.7049102783203,88.10053253173828,40.434871673583984,67.94884490966797,158.3616180419922
2025-03-31,551.6289672851562,466.1488952636719,169.71121215820312,210.81402587890625,88.97331237792969,142.82174682617188,29.467926025390625,48.88130569458008,78.92462921142578,44.94742202758789,45.19650650024414,52.8529052734375,80.72364044189453,127.57532501220703,227.07034301757812,669.6005859375,108.4352035522461,629.8428955078125,56.823184967041016,231.6300048828125,254.1915740966797,169.8662872314453,299.1581115722656,265.5468444824219,506.493408203125,371.7328796386719,190.25999450683594,574.035400390625,220.9624786376953,108.22832489013672,154.01365661621094,86.66918182373047,40.2457389831543,69.15582275390625,160.4220428466797
2025-04-01,553.1870727539062,469.90655517578125,169.8875732421875,211.83087158203125,90.30307006835938,140.21005249023438,29.111339569091797,48.822425842285156,79.04059600830078,45.21195983886719,46.014495849609375,53.64510726928711,77.79727935791016,124.12410736083984,229.3065948486328,670.2969970703125,107.69002532958984,612.7321166992188,55.481563568115234,227.89999389648438,251.26913452148438,168.87173461914062,298.5736389160156,266.74786376953125,505.8841247558594,378.4666442871094,192.1699981689453,583.6365356445312,222.0169219970703,109.99585723876953,156.43382263183594,88.48456573486328,40.703643798828125,69.39722442626953,148.2433624267578
2025-04-02,556.6878051757812,473.336181640625,171.30810546875,213.4259033203125,91.50283813476562,141.1490936279297,29.339160919189453,49.22478103637695,78.80867004394531,45.27449035644531,46.497406005859375,53.4299430847168,80.21600341796875,126.4681396484375,230.06185913085938,690.0371704101562,108.28034973144531,621.2725830078125,55.52814865112305,226.5399932861328,251.5565643310547,167.8377685546875,298.7123718261719,263.876708984375,505.9615173339844,378.4171447753906,196.00999450683594,581.574951171875,222.71324157714844,110.26546478271484,156.40391540527344,88.37483215332031,41.5895881652832,68.87580871582031,150.28440856933594
2025-04-03,529.2538452148438,447.9967956542969,163.14732360839844,194.96336364746094,86.61375427246094,140.004638671875,28.843900680541992,46.80083084106445,79.26287078857422,41.720062255859375,43.304283142089844,51.97267150878906,77.77737426757812,123.47575378417969,232.288330078125,713.3192749023438,108.76421356201172,606.4160766601562,53.8697624206543,221.49000549316406,257.1330871582031,165.001708984375,299.62371826171875,269.38641357421875,522.6334838867188,369.47503662109375,178.41000366210938,529.4758911132812,202.12203979492188,101.65754699707031,150.10952758789062,74.15107727050781,33.994361877441406,70.66216278076172,154.59869384765625
2025-04-04,498.2696838378906,420.1722106933594,153.9872589111328,180.23916625976562,81.28475952148438,132.3260498046875,27.358123779296875,43.37590789794922,75.82254028320312,37.88185501098633,40.76161193847656,50.12419128417969,73.31816864013672,116.86257934570312,220.88133239746094,679.6694946289062,103.79004669189453,569.4833984375,52.08037185668945,213.67999267578125,243.81463623046875,154.346923828125,278.0479431152344,241.82830810546875,507.75048828125,356.3343200683594,171.0,502.6943664550781,187.38987731933594,94.17801666259766,145.01028442382812,64.55552673339844,30.400815963745117,67.52397155761719,148.2336883544922
2025-04-07,497.3822021484375,421.1861877441406,152.70384216308594,184.32644653320312,81.23477172851562,131.53375244140625,27.160017013549805,43.26795196533203,74.9431381225586,37.636558532714844,40.87002182006836,49.66451644897461,72.65128326416016,115.91498565673828,216.330322265625,658.635986328125,102.1158447265625,568.8180541992188,51.97677993774414,214.74000549316406,241.8120574951172,152.288818359375,271.74761962890625,239.60372924804688,507.4120178222656,354.3736572265625,175.25999450683594,514.1679077148438,180.50625610351562,97.50334930419922,146.15560913085938,68.19625091552734,31.017988204956055,66.01766204833984,145.6992645263672
2025-04-08,489.591796875,413.6012268066406,149.82357788085938,179.3917999267578,80.13497924804688,130.07627868652344,26.59542465209961,43.10111999511719,73.78345489501953,36.76598358154297,39.9140510559082,47.84537124633789,69.47608184814453,111.73562622070312,212.3187713623047,649.5421142578125,99.86101531982422,552.9584350585938,49.9802131652832,209.38999938964844,244.36077880859375,149.30508422851562,272.41131591796875,244.40013122558594,534.8570556640625,351.1058044433594,170.66000366210938,508.3912658691406,171.51376342773438,96.16523742675781,144.11390686035156,65.3734359741211,31.406211853027344,66.06593322753906,145.0995330810547
2025-04-09,541.0084228515625,463.24615478515625,161.80516052246094,210.176025390625,89.47322082519531,135.7300567626953,28.091108322143555,46.34940719604492,76.64396667480469,39.613380432128906,45.7484016418457,52.109596252441406,74.53250885009766,118.32884979248047,220.11630249023438,668.3767700195312,101.85456085205078,572.730712890625,50.6112060546875,217.0399932861328,243.49842834472656,154.4158477783203,281.95098876953125,253.5330047607422,559.439453125,386.68572998046875,191.10000610351562,583.407470703125,197.80487060546875,114.17000579833984,158.0671844482422,77.67210388183594,36.13456344604492,67.54328918457031,146.037841796875
2025-04-10,517.3018798828125,443.54327392578125,156.35809326171875,195.60137939453125,86.47378540039062,131.944580078125,26.99163246154785,45.05401611328125,76.68262481689453,37.02571105957031,43.38312530517578,50.681671142578125,71.27767944335938,112.85279083251953,222.10736083984375,675.9085693359375,98.12876892089844,542.6105346679688,47.52216720581055,210.63999938964844,247.58021545410156,152.82058715820312,279.6923522949219,256.4145812988281,574.8156127929688,377.63482666015625,181.22000122070312,544.0867309570312,189.41915893554688,107.4194564819336,152.20103454589844,69.87198638916016,34.711082458496094,68.3254165649414,143.8323211669922
2025-04-11,526.531982421875,451.7146911621094,158.7289276123047,200.685546875,87.18364715576172,133.88133239746094,27.5166072845459,45.79984664916992,77.64900207519531,37.94437789916992,44.21097183227539,53.116973876953125,73.98506927490234,116.6630859375,224.981201171875,685.8881225585938,100.28682708740234,550.3466186523438,47.75761413574219,218.0,250.5984344482422,153.5295867919922,280.71270751953125,258.72357177734375,579.718505859375,384.6656494140625,184.8699951171875,541.377685546875,197.1085205078125,110.77476501464844,156.50352478027344,69.37326049804688,34.24322509765625,68.97236633300781,146.7729949951172
2025-04-14,531.64013671875,454.7765197753906,160.75686645507812,200.984619140625,87.96350860595703,135.51486206054688,27.912813186645508,46.27090072631836,78.97295379638672,38.07905197143555,44.220829010009766,53.15609359741211,76.18480682373047,119.99462127685547,227.84518432617188,690.4848022460938,103.06423950195312,567.10986328125,48.35093307495117,223.66000366210938,252.6584930419922,157.35035705566406,285.6361389160156,261.46441650390625,567.7174072265625,384.0318603515625,182.1199951171875,529.3364868164062,201.45555114746094,110.55506896972656,158.42572021484375,70.83951568603516,35.65675354003906,69.95726776123047,149.3170928955078
2025-04-15,530.151123046875,455.283447265625,160.23765563964844,202.29055786132812,89.07329559326172,134.68341064453125,27.595848083496094,46.38866424560547,78.30614471435547,38.021339416503906,43.90545654296875,53.1854362487793,76.18480682373047,119.54574584960938,227.04090881347656,689.3705444335938,102.27069091796875,554.0508422851562,47.08894348144531,222.72000122070312,251.872802734375,157.50790405273438,282.1293029785156,259.16473388671875,564.36181640625,381.97210693359375,179.58999633789062,519.4166259765625,201.07754516601562,112.04297637939453,155.6768798828125,70.85945892333984,35.7662467956543,69.3875732421875,148.60125732421875
2025-04-16,518.3668212890625,441.5550842285156,158.18031311035156,193.7471466064453,86.9237060546875,133.31399536132812,27.259071350097656,45.66246032714844,77.46539306640625,38.33397674560547,42.16106414794922,52.872467041015625,74.7813491821289,117.49097442626953,225.1675567626953,691.2012329101562,101.49649810791016,545.4805908203125,46.486209869384766,220.66000366210938,250.45474243164062,156.02096557617188,282.39678955078125,258.2449035644531,565.7639770507812,367.9896545410156,174.3300018310547,500.2840881347656,193.24893188476562,104.3437728881836,152.7089385986328,69.15381622314453,35.45766067504883,69.2137680053711,148.88180541992188
2025-04-17,519.1065063476562,441.4755554199219,159.35592651367188,191.9327850341797,86.57376098632812,132.53146362304688,27.189735412597656,45.78022766113281,79.11791229248047,39.199729919433594,41.86540603637695,53.116973876953125,75.57763671875,117.98970794677734,226.4818572998047,693.5692138671875,101.16747283935547,559.2644653320312,46.36377716064453,215.9499969482422,251.54702758789062,156.21791076660156,282.9118957519531,249.15902709960938,439.1478576660156,364.1969909667969,172.61000061035156,499.4574890136719,195.94467163085938,101.34796905517578,150.54774475097656,68.62516021728516,36.34360122680664,70.48834991455078,152.3254852294922
2025-04-21,506.7503967285156,430.55047607421875,156.15234375,187.2473602294922,83.89427185058594,129.6752471923828,26.555801391601562,44.798866271972656,78.36412048339844,38.17525100708008,40.4659538269043,53.195213317871094,75.15959167480469,116.94237518310547,223.2058868408203,679.0526123046875,100.96424865722656,557.6060180664062,46.09066390991211,210.0800018310547,249.43899536132812,152.6630096435547,277.1564025878906,241.61244201660156,411.3161315917969,355.621337890625,167.32000732421875,482.705322265625,192.14476013183594,96.7743911743164,147.0718994140625,66.57038879394531,35.796112060546875,70.2662582397461,151.79344177246094
2025-04-22,519.9348754882812,441.8533630371094,160.00253295898438,191.3047332763672,86.14385223388672,132.11085510253906,27.189735412597656,46.28071212768555,79.47547149658203,39.146827697753906,41.796417236328125,53.60599136352539,77.27970123291016,120.12428283691406,225.55007934570312,691.6688842773438,102.1061782836914,581.4400634765625,46.91942596435547,215.77999877929688,254.45025634765625,158.2267608642578,287.6966552734375,248.81167602539062,413.10516357421875,363.24639892578125,173.17999267578125,498.26226806640625,198.69017028808594,98.75160217285156,150.85647583007812,70.03157043457031,36.51283645629883,71.35738372802734,152.59632873535156
2025-04-23,527.9915161132812,451.8737487792969,161.55039978027344,198.29299926757812,88.79335021972656,132.7662353515625,27.5859432220459,46.83026885986328,79.02127075195312,39.07468032836914,43.19587707519531,54.37863540649414,78.73292541503906,121.69029235839844,224.2455596923828,688.783447265625,102.94810485839844,583.78369140625,45.704532623291016,220.52999877929688,250.5409698486328,158.53204345703125,281.8222351074219,248.76475524902344,413.8594665527344,370.74261474609375,180.60000610351562,518.1716918945312,203.52464294433594,102.56625366210938,154.7207794189453,72.74466705322266,37.52818298339844,70.77803039550781,150.3037567138672
2025-04-24,539.105224609375,464.5881652832031,164.28375244140625,208.32179260253906,93.18252563476562,134.38998413085938,27.972244262695312,47.35038757324219,78.32548522949219,39.69995880126953,44.46720886230469,54.720947265625,80.5146255493164,123.88471221923828,223.10781860351562,684.9627075195312,102.72553253173828,595.611328125,45.8552131652832,227.7100067138672,252.25604248046875,160.4916534423828,279.3555908203125,248.9149169921875,410.2717590332031,383.5268249511719,186.5399932861328,530.999755859375,207.27481079101562,106.28105163574219,158.6348419189453,77.22325134277344,39.98692321777344,70.02486419677734,149.8684539794922
2025-04-25,543.0003051757812,469.7673645019531,164.0486297607422,211.31248474121094,94.74224090576172,135.0355682373047,27.902908325195312,47.12467575073242,78.1225357055664,39.6278076171875,45.81739044189453,54.584022521972656,79.8775863647461,122.90719604492188,223.93170166015625,691.4996948242188,99.84166717529297,598.471435546875,45.11121368408203,227.5399932861328,255.15928649902344,160.73782348632812,276.4926452636719,248.74598693847656,404.8465881347656,388.03253173828125,188.99000549316406,545.0628662109375,208.1800079345703,110.85465240478516,161.3040008544922,79.57725524902344,40.59414291381836,69.43585968017578,149.52989196777344
2025-04-28,543.2073974609375,469.6182556152344,164.5090789794922,209.99656677246094,94.86221313476562,135.57357788085938,28.021770477294922,47.271881103515625,77.86160278320312,39.906776428222656,45.63999557495117,54.42753982543945,80.99238586425781,124.30364227294922,224.6869354248047,696.2058715820312,102.9094009399414,606.6345825195312,45.63861083984375,225.77000427246094,256.7115478515625,160.98399353027344,279.53387451171875,253.0355224609375,406.1617431640625,387.3492126464844,187.6999969482422,547.5227661132812,209.03549194335938,108.57784271240234,159.95944213867188,78.3603515625,40.72355651855469,69.31997680664062,150.2747344970703
2025-04-29,546.6292724609375,472.7198181152344,165.46917724609375,209.63768005371094,96.08198547363281,136.2387237548828,28.130727767944336,47.76255798339844,78.50907897949219,39.791343688964844,45.91594314575195,54.86764907836914,81.5000228881836,124.43331909179688,224.4123077392578,703.7178344726562,100.8481216430664,564.9746704101562,46.35436248779297,231.63999938964844,260.96575927734375,163.79049682617188,282.2779541015625,259.35247802734375,395.7466125488281,390.2012023925781,187.38999938964844,552.203857421875,210.09988403320312,108.867431640625,159.5113067626953,76.68460845947266,40.434871673583984,69.8607177734375,150.81643676757812
2025-04-30,546.84619140625,472.66015625,165.7042999267578,210.62461853027344,96.05199432373047,137.40274047851562,28.37835693359375,47.85087966918945,79.07925415039062,38.718753814697266,45.32462692260742,54.95567321777344,82.56505584716797,126.25867462158203,228.88485717773438,709.2000732421875,103.10294342041016,594.6182250976562,47.277305603027344,233.69000244140625,265.4883117675781,165.4054718017578,283.3973083496094,264.4492492675781,397.8837890625,391.4093322753906,184.4199981689453,546.7858276367188,211.3831024169922,108.76756286621094,158.15679931640625,76.75444793701172,43.66011047363281,70.0538330078125,151.203369140625
2025-05-01,550.7216796875,478.83343505859375,165.47898864746094,211.64146423339844,96.99181365966797,133.6563720703125,27.942527770996094,47.841068267822266,78.39312744140625,38.8630485534668,46.76350021362305,54.37863540649414,82.11714935302734,124.56298065185547,228.924072265625,703.21044921875,99.91908264160156,585.9188842773438,46.721656799316406,232.07000732421875,265.5170593261719,168.2316436767578,280.63348388671875,260.6196594238281,387.4783020019531,421.2556457519531,190.1999969482422,569.9022216796875,212.1988067626953,111.45381164550781,160.64669799804688,77.57234954833984,43.749698638916016,68.8371810913086,149.413818359375
2025-05-02,558.896728515625,485.94122314453125,168.39845275878906,218.3505859375,99.45135498046875,135.5050811767578,28.437788009643555,48.832237243652344,78.81832122802734,39.43060302734375,47.344966888427734,56.442283630371094,83.11251068115234,126.27861785888672,229.4537353515625,704.8421020507812,100.33522033691406,601.4208984375,47.62575912475586,236.49000549316406,268.7173156738281,170.80178833007812,284.61578369140625,265.45355224609375,386.74334716796875,431.0394287109375,189.97999572753906,594.6121826171875,204.27069091796875,114.33976745605469,163.36561584472656,80.5148696899414,44.486324310302734,69.18480682373047,151.01956176757812
2025-05-05,555.6918334960938,483.058349609375,167.84002685546875,216.9349822998047,99.35137176513672,135.1236114501953,28.219873428344727,48.5181999206543,78.75067901611328,38.718753814697266,46.85219955444336,57.09756851196289,82.26644897460938,125.54049682617188,230.2874298095703,703.4393310546875,99.49327850341797,599.4049682617188,47.14545440673828,236.99000549316406,270.7390441894531,171.32371520996094,285.1308898925781,264.843505859375,391.4721984863281,431.92071533203125,186.35000610351562,596.85302734375,197.84463500976562,113.66072082519531,163.54490661621094,80.21562194824219,44.82477951049805,69.23307037353516,149.93617248535156
2025-05-06,551.0470581054688,478.5650939941406,166.59580993652344,214.92124938964844,97.94163513183594,131.39682006835938,27.684993743896484,48.24342346191406,78.61538696289062,38.728370666503906,46.46784210205078,57.21493148803711,76.81187438964844,118.29891967773438,229.58126831054688,707.4887084960938,94.72232055664062,554.6566772460938,44.8004264831543,232.80999755859375,271.1414794921875,172.51522827148438,286.2899475097656,266.2514343261719,381.5116271972656,429.0885925292969,185.00999450683594,584.9412841796875,197.4666290283203,113.38111114501953,162.56884765625,80.30540466308594,44.08815383911133,69.25238800048828,149.4235076904297
2025-05-07,553.3645629882812,480.4438781738281,167.69305419921875,219.33750915527344,98.76148223876953,132.40431213378906,28.12082290649414,48.52801513671875,78.74102783203125,38.7428092956543,46.29044723510742,56.52052688598633,76.99104309082031,119.09688568115234,230.99362182617188,718.7318115234375,95.70941925048828,557.0499267578125,44.847511291503906,238.32000732421875,272.904541015625,173.83477783203125,287.70654296875,268.80450439453125,378.1752624511719,429.12823486328125,188.7100067138672,594.4030151367188,195.218505859375,116.89617919921875,150.76686096191406,82.41004180908203,44.09810256958008,69.90898895263672,152.1610565185547
2025-05-08,557.2202758789062,485.4044189453125,169.10382080078125,221.2615203857422,100.39118194580078,131.2109375,28.170347213745117,48.93037414550781,78.6443862915039,39.25264358520508,46.980316162109375,55.94348907470703,77.67784881591797,118.87744903564453,228.65927124023438,686.7736206054688,94.99329376220703,543.8817138671875,44.150596618652344,239.52999877929688,270.1929016113281,173.7756805419922,286.2602233886719,266.4954528808594,372.8468017578125,433.9012451171875,192.0800018310547,595.5980834960938,196.45199584960938,117.20574951171875,153.65512084960938,84.93360137939453,44.09810256958008,68.72130584716797,150.57461547851562
2025-05-09,556.5103149414062,485.0862731933594,169.0646514892578,222.70701599121094,99.67131805419922,129.78282165527344,28.081201553344727,48.93037414550781,78.19019317626953,39.64704513549805,47.19713592529297,56.42272186279297,76.0354995727539,116.33392333984375,228.2865447998047,689.967529296875,93.78362274169922,524.1293334960938,43.745635986328125,237.0500030517578,272.4541931152344,175.6072998046875,287.1617126464844,267.04925537109375,368.0986022949219,434.455810546875,193.05999755859375,590.1004028320312,197.4865264892578,116.48676300048828,152.13128662109375,85.64179992675781,43.899017333984375,68.09367370605469,149.18167114257812
2025-05-12,574.9015502929688,504.8488464355469,173.69854736328125,236.67356872558594,102.76073455810547,132.99122619628906,28.88352394104004,49.92154312133789,78.30614471435547,40.681148529052734,49.936912536621094,56.765037536621094,79.081298828125,121.74017333984375,221.2442626953125,684.0574340820312,100.470703125,571.648193359375,45.37491226196289,241.44000244140625,259.1548767089844,170.7919464111328,286.933837890625,263.0506591796875,366.2708740234375,444.8831787109375,208.63999938964844,636.85107421875,209.95704650878906,122.82786560058594,157.81817626953125,92.05546569824219,46.35776138305664,67.13773345947266,149.10427856445312
2025-05-13,578.6981811523438,512.5430908203125,174.09042358398438,244.79827880859375,104.71037292480469,128.99049377441406,28.318925857543945,50.127628326416016,77.25279235839844,41.253509521484375,51.05056381225586,56.84327697753906,77.19012451171875,119.2265625,218.11541748046875,684.3161010742188,98.15780639648438,570.1883544921875,43.87748336791992,241.1999969482422,257.11395263671875,170.2010955810547,282.6543273925781,265.2470703125,301.12054443359375,444.764404296875,211.3699951171875,653.3841552734375,212.08859252929688,129.7481689453125,158.88385009765625,96.68366241455078,48.78663635253906,66.58734130859375,143.5904998779297
2025-05-14,579.4376831054688,515.6148071289062,173.04217529296875,247.2207489013672,104.78035736083984,125.95821380615234,27.774141311645508,49.990234375,76.83724212646484,41.00340270996094,51.986820220947266,57.322513580322266,76.01559448242188,116.62318420410156,218.20372009277344,678.8438110351562,95.20618438720703,567.4077758789062,41.55128860473633,240.3000030517578,255.14015197753906,169.31483459472656,278.7414245605469,261.098388671875,297.8616027832031,448.52734375,210.25,656.70068359375,211.490966796875,135.1505889892578,164.70021057128906,95.07776641845703,48.97576904296875,66.78047180175781,141.5784454345703
2025-05-15,582.2678833007812,516.1814575195312,174.61944580078125,246.36341857910156,104.38043212890625,127.61132049560547,28.249589920043945,50.32389831542969,78.41244506835938,41.17655563354492,51.395503997802734,57.508338928222656,77.21998596191406,118.93730163574219,223.6472625732422,703.200439453125,97.10296630859375,580.9434814453125,43.14289093017578,241.60000610351562,262.53717041015625,172.180419921875,289.31134033203125,263.8954162597656,265.3106384277344,449.5392761230469,205.1699981689453,641.283203125,210.61444091796875,134.6413116455078,163.2958984375,95.20742797851562,49.52326583862305,69.14617919921875,144.72227478027344
2025-05-16,585.9559936523438,518.4281616210938,176.3339080810547,245.65562438964844,105.14028930664062,130.1838836669922,28.715131759643555,50.62811279296875,79.31118774414062,41.1140251159668,51.681304931640625,57.49856185913086,78.6532974243164,120.85242462158203,225.4617919921875,720.53271484375,99.19328308105469,590.2090454101562,44.028167724609375,242.77999877929688,264.7313537597656,173.5590362548828,291.5699462890625,268.4759521484375,282.2921142578125,450.6701965332031,205.58999633789062,637.7574462890625,210.42520141601562,135.21051025390625,165.51687622070312,97.7509536743164,49.762176513671875,69.52276611328125,146.38607788085938
2025-05-19,586.596923828125,518.9251708984375,176.3143310546875,245.24688720703125,104.92033386230469,131.4359130859375,28.88352394104004,50.657554626464844,79.5431137084961,40.58014678955078,51.51376724243164,57.52790069580078,79.35005187988281,122.1989974975586,227.50189208984375,722.7415771484375,102.73521423339844,592.4136352539062,44.47080612182617,239.63999938964844,266.3123474121094,174.05140686035156,291.817626953125,270.55029296875,305.48199462890625,455.23382568359375,206.16000366210938,637.8471069335938,207.95501708984375,135.3802947998047,165.86544799804688,98.39930725097656,50.48884582519531,69.45516204833984,147.5081787109375
2025-05-20,584.624755859375,517.1954345703125,175.85385131835938,244.77833557128906,104.67037963867188,131.7587127685547,29.022192001342773,50.38277816772461,79.82337188720703,40.204978942871094,51.23781967163086,57.117130279541016,81.02224731445312,124.35350799560547,229.40469360351562,715.56787109375,105.59003448486328,611.4393310546875,45.08295822143555,240.77999877929688,266.2452392578125,173.5984344482422,289.22216796875,268.1004943847656,310.9844665527344,454.53936767578125,204.07000732421875,634.5304565429688,206.04257202148438,134.19192504882812,163.31581115722656,97.85070037841797,50.39925765991211,69.22342681884766,148.63995361328125
2025-05-21,574.7733154296875,510.00811767578125,172.0232696533203,240.72097778320312,102.15084838867188,128.70684814453125,28.229778289794922,49.35235595703125,78.89563751220703,39.46427536010742,50.676063537597656,57.80175018310547,78.96185302734375,121.3810806274414,229.6204833984375,715.110107421875,104.24488830566406,601.3247680664062,44.263614654541016,235.0,269.953369140625,172.05239868164062,287.6966552734375,263.7546691894531,292.99737548828125,448.9837341308594,201.1199951171875,632.9369506835938,201.2914276123047,131.61557006835938,167.8772735595703,95.59642791748047,49.26445388793945,69.37791442871094,148.17562866210938
2025-05-22,575.0001831054688,510.9624938964844,171.4746551513672,240.06301879882812,102.69074249267578,127.6993408203125,27.992053985595703,49.29347610473633,78.56707763671875,39.310359954833984,51.12940979003906,57.009544372558594,78.8822250366211,121.11176300048828,228.8456268310547,707.0609130859375,103.2964859008789,593.5971069335938,44.29186248779297,235.52999877929688,270.2025146484375,171.34339904785156,284.3978576660156,260.11279296875,286.895263671875,451.25555419921875,203.10000610351562,634.0025634765625,200.56431579589844,132.6441192626953,170.17791748046875,94.58900451660156,49.612857818603516,68.69233703613281,147.62425231933594
2025-05-23,571.0752563476562,506.2306213378906,170.78887939453125,236.70347595214844,101.91089630126953,127.4939193725586,27.912813186645508,49.116825103759766,78.85697937011719,39.43541717529297,50.400115966796875,57.664825439453125,78.67320251464844,120.94219207763672,232.26870727539062,712.4835205078125,103.90617370605469,585.1334838867188,44.122344970703125,233.0,272.1859130859375,173.43104553222656,283.4171142578125,260.28167724609375,285.83148193359375,446.6126403808594,200.99000549316406,624.5309448242188,194.49838256835938,131.1062469482422,167.78762817382812,93.13272094726562,49.95130920410156,69.30066680908203,147.9434814453125
2025-05-27,582.9483032226562,518.1397705078125,173.97286987304688,244.21011352539062,103.78054809570312,129.27418518066406,28.447690963745117,49.98042297363281,79.57211303710938,39.776912689208984,52.154361724853516,58.662418365478516,78.93199920654297,122.53813934326172,233.4652862548828,716.7518920898438,105.5706787109375,599.97216796875,44.16001892089844,238.05999755859375,272.4637145996094,175.81407165527344,287.0130920410156,261.64276123046875,285.2802734375,457.03936767578125,206.02000427246094,639.7294311523438,199.41885375976562,135.31036376953125,172.19967651367188,96.13507080078125,51.58382797241211,69.31031799316406,149.5142364501953
2025-05-28,579.5757446289062,515.8433837890625,172.49354553222656,241.60821533203125,103.06067657470703,128.60902404785156,28.299114227294922,49.64675521850586,79.03092956542969,39.27188491821289,51.81928253173828,59.415504455566406,78.40444946289062,121.60052490234375,232.6021728515625,708.5433959960938,104.94165802001953,588.6243286132812,44.2353630065918,234.49000549316406,274.0159912109375,175.08538818359375,286.2899475097656,260.0283203125,288.2877502441406,453.7357482910156,204.72000122070312,640.984375,199.62803649902344,134.621337890625,171.66189575195312,95.9355697631836,52.111419677734375,68.70199584960938,148.71420288085938
2025-05-29,581.8635864257812,516.857421875,172.91481018066406,243.3228759765625,102.330810546875,129.46981811523438,28.49721908569336,49.90190887451172,79.34983825683594,39.56528091430664,52.13465118408203,60.442440032958984,80.08662414550781,123.92459869384766,233.20046997070312,709.2697143554688,107.52552032470703,602.0905151367188,45.064117431640625,279.0400085449219,273.91058349609375,175.8042449951172,291.3916320800781,260.28167724609375,288.3457946777344,455.0452880859375,205.6999969482422,642.4484252929688,199.15988159179688,138.9951934814453,171.16390991210938,96.55400085449219,52.31050491333008,69.0302963256836,149.836181640625
2025-05-30,581.2127075195312,516.042236328125,172.84620666503906,239.0063018798828,103.63056945800781,129.7436981201172,28.289209365844727,50.009864807128906,80.04563903808594,39.21416473388672,51.59260559082031,59.29814147949219,78.822509765625,121.4110107421875,236.34890747070312,715.8862915039062,106.52874755859375,487.60791015625,45.46908950805664,279.70001220703125,276.90966796875,177.0548553466797,294.4130554199219,267.4434509277344,291.9626159667969,456.71197509765625,205.00999450683594,644.8786010742188,200.05633544921875,134.94090270996094,171.04440307617188,94.21994018554688,51.315059661865234,69.61931610107422,151.42645263671875
2025-06-02,584.4866943359375,520.1181030273438,172.9833984375,242.54530334472656,103.92051696777344,129.82196044921875,28.20996856689453,50.02949142456055,80.09395599365234,39.72881317138672,51.96710968017578,60.383758544921875,80.86299133300781,123.39595031738281,237.45724487304688,718.8243408203125,105.396484375,488.1350402832031,45.94939422607422,278.6300048828125,278.5480651855469,177.56689453125,297.1174621582031,271.0196533203125,294.6800231933594,458.3092346191406,206.64999389648438,668.1941528320312,200.90298461914062,137.187744140625,168.3453826904297,97.93048858642578,51.9521484375,69.52276611328125,151.61181640625
2025-06-03,587.8197631835938,524.183837890625,174.4235076904297,248.0182647705078,104.9703140258789,130.12518310546875,28.39816665649414,50.127628326416016,80.01664733886719,40.200172424316406,52.09523010253906,60.530460357666016,81.9578857421875,124.51310729980469,235.58387756347656,711.9821166992188,105.80294036865234,485.20111083984375,45.2901496887207,284.75,270.4994812011719,176.60186767578125,293.6304626464844,269.62109375,291.29534912109375,459.30126953125,205.7100067138672,664.1605224609375,202.46676635742188,141.02235412597656,165.50689697265625,101.99015045166016,53.52494430541992,68.71165466308594,150.65570068359375
2025-06-04,587.6619873046875,525.6452026367188,174.03164672851562,250.96908569335938,104.78035736083984,130.37948608398438,28.408071517944336,49.8430290222168,79.45614624023438,39.416175842285156,52.183929443359375,62.57455062866211,82.09724426269531,124.8023681640625,234.30880737304688,706.5841674804688,105.50294494628906,482.287109375,45.158302307128906,283.57000732421875,266.2548522949219,176.39508056640625,289.0438537597656,264.8528747558594,290.4830322265625,460.1941223144531,207.22999572753906,685.1753540039062,202.01856994628906,141.7213897705078,167.3693389892578,102.98760986328125,54.28289031982422,68.9144287109375,149.48495483398438
2025-06-05,584.8218994140625,521.688720703125,173.5614013671875,250.52047729492188,104.640380859375,130.2034149169922,28.358545303344727,49.70563888549805,78.69270324707031,39.37770080566406,50.81404113769531,63.92423629760742,82.17686462402344,124.74252319335938,234.0635986328125,708.7153930664062,106.89647674560547,480.4372253417969,45.05470657348633,289.94000244140625,263.3995361328125,175.83375549316406,288.78631591796875,263.0037536621094,286.09259033203125,463.9739990234375,207.91000366210938,681.85888671875,199.8372039794922,139.79408264160156,167.52871704101562,106.01988983154297,54.90121841430664,68.47026824951172,149.9142303466797
2025-06-06,590.8274536132812,526.7883911132812,175.06031799316406,251.946044921875,105.96013641357422,131.44570922851562,28.625986099243164,50.32389831542969,78.94396209716797,40.118404388427734,51.93754577636719,64.12962341308594,83.86898040771484,126.6376953125,232.60202026367188,710.000244140625,108.83197021484375,490.53192138671875,45.591522216796875,285.3599853515625,262.7671203613281,175.95193481445312,291.06475830078125,262.1777648925781,293.22943115234375,466.6525573730469,213.57000732421875,694.89599609375,203.11419677734375,141.52166748046875,172.97653198242188,108.28411102294922,55.300132751464844,68.8951187133789,151.25082397460938
2025-06-09,591.3599243164062,527.5637817382812,175.08970642089844,256.16290283203125,106.11009979248047,131.2207489013672,28.596271514892578,50.04911804199219,78.83766174316406,40.19535827636719,52.499298095703125,65.01963806152344,83.8789291381836,127.26610565185547,230.2989501953125,705.34912109375,109.35455322265625,514.779052734375,46.14716720581055,283.3299865722656,258.3009033203125,173.2833251953125,287.0824279785156,254.65933227539062,293.2004699707031,469.0038146972656,216.97999572753906,691.2608032226562,200.65394592285156,142.43040466308594,175.5890655517578,110.66803741455078,56.86589050292969,69.30066680908203,151.44595336914062
2025-06-10,594.7128295898438,531.0531005859375,175.9616241455078,261.257080078125,105.86014556884766,132.71730041503906,28.814184188842773,50.108001708984375,79.01161193847656,40.912017822265625,53.2187385559082,64.7066650390625,84.88424682617188,128.46304321289062,230.2989501953125,702.0027465820312,106.53842163085938,520.6766967773438,47.06069564819336,284.1300048828125,256.1351318359375,172.8500518798828,283.56573486328125,249.19650268554688,293.7806701660156,467.1883239746094,217.61000061035156,699.567138671875,201.869140625,143.75852966308594,178.0919647216797,113.84993743896484,55.79878616333008,69.8607177734375,152.63621520996094
2025-06-11,593.0166015625,529.2637329101562,175.46200561523438,261.0676574707031,105.77017211914062,132.78578186035156,28.72503662109375,50.04911804199219,78.74102783203125,41.50361633300781,52.7653923034668,65.5184326171875,83.97847747802734,127.5354232788086,230.59420776367188,714.8504638671875,105.77391815185547,515.7734985351562,47.2396354675293,288.54998779296875,259.5521545410156,174.7899627685547,282.93170166015625,247.0658721923828,300.3276062011719,468.8748474121094,213.1999969482422,691.3404541015625,197.9945068359375,142.64002990722656,176.8455047607422,115.73513793945312,55.51953887939453,69.59034729003906,151.4752197265625
2025-06-12,595.3734741210938,530.5062255859375,175.8734588623047,262.3337097167969,107.01993560791016,133.8226318359375,28.88352394104004,50.04911804199219,79.20487976074219,41.647911071777344,52.73582458496094,66.20305633544922,83.96851348876953,128.67250061035156,233.40908813476562,727.8375854492188,108.4352035522461,518.9960327148438,47.73877716064453,282.1600036621094,260.8131408691406,176.34584045410156,286.57720947265625,251.94671630859375,308.0059509277344,475.0752868652344,213.24000549316406,690.5635375976562,198.412841796875,144.80714416503906,175.20018005371094,115.88475799560547,55.629241943359375,69.7544937133789,152.8411102294922
2025-06-13,588.7172241210938,523.845947265625,173.74754333496094,256.19281005859375,106.25007629394531,133.15748596191406,28.606176376342773,49.02851104736328,78.2385025024414,42.37419128417969,52.38103485107422,64.96095275878906,83.21204376220703,127.67506408691406,232.7693328857422,725.2482299804688,107.18768310546875,526.3555908203125,46.85350036621094,282.54998779296875,259.4078369140625,176.1878662109375,285.0564880371094,251.4116973876953,303.1997375488281,471.1962890625,212.10000610351562,680.1159057617188,195.6737060546875,141.78115844726562,174.17312622070312,115.30620574951172,55.549461364746094,69.06404876708984,153.27037048339844
2025-06-16,594.3182983398438,531.1325073242188,175.4228057861328,262.5630187988281,107.37986755371094,132.74667358398438,28.774560928344727,49.58787536621094,78.48976135253906,42.24913787841797,53.22859191894531,66.69207000732422,82.98310852050781,127.52544403076172,230.9583740234375,716.653076171875,108.01610565185547,519.831298828125,45.82696533203125,284.5799865722656,257.49237060546875,177.53070068359375,284.6986389160156,250.0788116455078,299.63525390625,475.3431701660156,216.10000610351562,699.8262939453125,197.63592529296875,144.49755859375,176.26715087890625,119.53543090820312,57.25483703613281,68.57781982421875,151.4362030029297
2025-06-17,589.2398681640625,525.953369140625,173.73773193359375,260.778564453125,106.63001251220703,130.5555877685547,28.318925857543945,49.303287506103516,77.82295227050781,42.64353942871094,52.57814025878906,65.16633605957031,81.71900177001953,125.00186157226562,230.6040496826172,721.4436645507812,105.2579574584961,506.086669921875,44.480220794677734,281.8900146484375,259.600341796875,178.70567321777344,282.08453369140625,249.4593505859375,300.81365966796875,474.25189208984375,214.82000732421875,694.9522705078125,194.86691284179688,143.9282989501953,175.44947814941406,120.03417205810547,58.411705017089844,67.7026138305664,148.66543579101562
2025-06-18,589.1510009765625,525.8638916015625,173.75733947753906,261.77545166015625,106.07010650634766,130.33059692382812,28.358545303344727,49.28366470336914,77.72631072998047,42.36457061767578,52.66683578491211,66.37910461425781,82.27641296386719,125.45071411132812,229.54107666015625,725.9552612304688,105.2579574584961,510.78094482421875,44.1129264831543,281.42999267578125,261.91046142578125,177.49119567871094,280.4444885253906,244.35321044921875,299.1872253417969,476.4344482421875,212.52000427246094,693.4970703125,195.80320739746094,145.28648376464844,172.8269805908203,121.51041412353516,59.030025482177734,67.30390167236328,147.05564880371094
2025-06-20,587.7674560546875,523.7166748046875,174.04144287109375,259.462646484375,105.09029388427734,129.70457458496094,28.299114227294922,49.42105484008789,78.2964859008789,42.797454833984375,52.09523010253906,67.02459716796875,81.9977035522461,125.1913833618164,228.28128051757812,717.9976196289062,105.7452621459961,506.9419860839844,44.13175964355469,280.0799865722656,263.72967529296875,176.17796325683594,282.10443115234375,245.93011474609375,294.1325988769531,473.616943359375,209.69000244140625,680.120849609375,200.20574951171875,143.65867614746094,166.1659698486328,123.285888671875,59.1297607421875,66.944091796875,146.1385498046875
2025-06-23,593.572998046875,529.1017456054688,175.57794189453125,261.1075439453125,106.35005950927734,129.8913116455078,28.314002990722656,50.043392181396484,79.20333099365234,41.71517562866211,53.13003921508789,67.89505004882812,81.89517211914062,124.6228256225586,231.007568359375,718.9039306640625,103.49391174316406,509.1299743652344,44.18826675415039,280.29998779296875,262.449462890625,177.46156311035156,286.4480285644531,250.03189086914062,292.8372802734375,482.1488037109375,208.47000122070312,696.248046875,200.70376586914062,143.97824096679688,164.7200927734375,121.76976013183594,60.2168083190918,67.81929779052734,147.6312713623047
2025-06-24,600.13037109375,537.1928100585938,177.24037170410156,270.69769287109375,108.02974700927734,131.48348999023438,28.710975646972656,50.791778564453125,79.13522338867188,41.17210006713867,53.51439666748047,71.0541000366211,83.4381103515625,127.0865707397461,230.4465789794922,717.8980712890625,104.478271484375,519.423583984375,44.29186248779297,281.6300048828125,261.2174377441406,178.56744384765625,285.0465393066406,249.68460083007812,297.6484069824219,486.2261962890625,212.77000427246094,709.8734130859375,199.50851440429688,147.70326232910156,166.2956085205078,127.5849380493164,61.902244567871094,68.27635955810547,148.48007202148438
2025-06-25,600.4666137695312,538.5661010742188,175.96160888671875,274.3463439941406,107.74979400634766,131.60142517089844,28.68120002746582,50.6243782043457,78.07463073730469,40.9926872253418,53.71150207519531,70.7802505493164,82.89061737060547,126.3683853149414,224.97427368164062,715.497802734375,103.24050903320312,517.4542846679688,43.96224594116211,279.5,262.80560302734375,178.25148010253906,281.1104736328125,243.73374938964844,294.1423034667969,488.3691101074219,211.99000549316406,706.3648071289062,200.76351928710938,154.10475158691406,170.1944580078125,126.92662048339844,62.38094711303711,67.71233367919922,148.56787109375
2025-06-26,605.1646728515625,543.6019287109375,177.28955078125,276.34014892578125,108.68962097167969,131.91595458984375,28.830062866210938,50.99856948852539,78.00652313232422,41.579402923583984,54.2141227722168,70.35969543457031,83.29875183105469,126.68758392333984,223.1436309814453,719.0732421875,104.88761138916016,518.1605224609375,43.93398666381836,281.19000244140625,262.61309814453125,178.51808166503906,281.8559265136719,245.56402587890625,294.7266845703125,493.5080871582031,217.1199951171875,723.7179565429688,200.20574951171875,154.81381225585938,173.0463409423828,125.6797866821289,63.338348388671875,67.5567398071289,148.304443359375
2025-06-27,608.1713256835938,545.462890625,177.9387969970703,277.5563659667969,107.75979614257812,131.6309356689453,28.830062866210938,51.14627456665039,78.37626647949219,41.361202239990234,54.77587890625,69.18605041503906,82.63179779052734,126.14894104003906,224.65931701660156,722.8379516601562,107.86016845703125,518.1605224609375,43.65145492553711,283.4100036621094,264.4708557128906,179.45606994628906,283.3965759277344,247.78857421875,301.0473937988281,492.0100402832031,223.3000030517578,731.2333984375,200.28543090820312,157.5401611328125,178.02215576171875,124.44295501708984,63.11894607543945,68.39305114746094,148.6947021484375
2025-06-30,611.0790405273438,548.9959106445312,178.77491760253906,278.0149230957031,109.47947692871094,132.47616577148438,28.959081649780273,51.5697021484375,78.7849349975586,41.12360382080078,54.6674690246582,70.20320892333984,82.55216217041016,126.1888427734375,225.2104949951172,729.8095703125,108.05509948730469,522.1387939453125,43.59495162963867,287.9800109863281,265.2986145019531,181.1543731689453,287.96875,250.48243713378906,303.8327941894531,493.4683837890625,219.38999938964844,735.6788330078125,204.35926818847656,157.7798614501953,175.72866821289062,122.93678283691406,63.817054748535156,68.80148315429688,149.02642822265625
2025-07-01,610.8812866210938,544.3681640625,180.8701629638672,274.9843444824219,108.21971130371094,134.36322021484375,29.415597915649414,51.85527420043945,79.7676773071289,41.438785552978516,53.839622497558594,70.0662841796875,82.70148468017578,127.30599975585938,225.19081115722656,724.7900390625,108.89326477050781,531.9946899414062,44.743919372558594,282.8999938964844,265.1061096191406,179.564697265625,287.83953857421875,248.0795135498047,317.6332092285156,488.1508483886719,220.4600067138672,716.8704223632812,206.998779296875,153.09608459472656,175.3397979736328,120.58277130126953,63.66746139526367,69.69615173339844,152.119140625
2025-07-02,613.6505737304688,548.1599731445312,181.2833251953125,280.3775634765625,108.78960418701172,133.036376953125,28.959081649780273,51.815887451171875,80.00120544433594,42.15157699584961,54.628047943115234,70.36946868896484,84.40369415283203,129.22113037109375,219.86614990234375,702.59033203125,108.67884063720703,544.7546997070312,44.85693359375,282.6099853515625,265.4911193847656,179.4462127685547,278.38702392578125,241.9784698486328,299.5378112792969,487.198486328125,219.9199981689453,711.2389526367188,211.6005401611328,157.0408477783203,178.13182067871094,121.43062591552734,65.60221099853516,68.95708465576172,151.76791381835938
2025-07-03,618.487060546875,553.553955078125,182.15878295898438,282.740234375,111.24913787841797,133.17398071289062,29.00870132446289,52.377174377441406,79.9622802734375,42.2000617980957,55.12081527709961,71.10299682617188,84.85163879394531,129.6699981689453,223.51763916015625,716.3842163085938,108.91275024414062,544.3768310546875,44.771053314208984,284.2900085449219,266.3382263183594,180.7989044189453,282.08453369140625,245.69688415527344,300.5019836425781,494.8870544433594,223.41000366210938,716.6611938476562,212.70616149902344,159.1280517578125,179.019287109375,121.97921752929688,65.90141296386719,69.38496398925781,152.20693969726562
2025-07-07,613.8780517578125,549.3840942382812,180.7029571533203,278.8922119140625,110.68924713134766,132.0535430908203,28.691125869750977,51.874969482421875,79.8941650390625,41.79275894165039,54.26340103149414,68.53076934814453,83.19920349121094,127.79475402832031,223.34046936035156,732.3492431640625,108.94198608398438,535.1773071289062,44.36075210571289,281.0,271.9690856933594,180.77915954589844,278.2777099609375,238.072265625,295.7882385253906,493.7759094238281,223.47000122070312,716.0032348632812,209.12037658691406,158.02952575683594,176.28707885742188,119.72782897949219,65.04373168945312,69.05432891845703,151.4849853515625
2025-07-08,613.5418090820312,549.692626953125,181.15545654296875,282.6006774902344,111.0591812133789,132.653076171875,28.889612197875977,51.412147521972656,79.15467071533203,42.91770553588867,54.22397994995117,70.49662017822266,84.32405853271484,129.00169372558594,221.3227996826172,721.1746826171875,108.2402572631836,544.7647094726562,44.88555908203125,280.6300048828125,265.3082580566406,178.69580078125,278.2578430175781,236.28817749023438,299.6741638183594,492.68463134765625,219.36000061035156,718.315673828125,209.1801300048828,159.78717041015625,173.86399841308594,124.22061920166016,63.84696578979492,68.30552673339844,151.9923095703125
2025-07-09,617.2210083007812,553.5838623046875,181.6964874267578,284.53466796875,111.39910888671875,133.1641387939453,28.969005584716797,51.5992431640625,78.63897705078125,42.699501037597656,54.85472106933594,70.49662017822266,87.46966552734375,131.95416259765625,222.18890380859375,724.2820434570312,110.36491394042969,549.568359375,45.4771614074707,284.3599853515625,265.31787109375,179.8609161376953,278.3075256347656,235.13323974609375,295.0091247558594,499.5200500488281,222.5399932861328,730.38623046875,210.3056640625,162.66334533691406,176.11756896972656,122.04412078857422,64.46529388427734,67.56646728515625,152.47036743164062
2025-07-10,618.961669921875,552.7876586914062,182.7490234375,286.62811279296875,109.1295394897461,133.97991943359375,29.18733787536621,51.90450668334961,78.92115783691406,43.02437973022461,55.17994689941406,71.53333282470703,87.97734069824219,133.31069946289062,222.09048461914062,711.6434936523438,111.63191223144531,556.7092895507812,46.29777526855469,281.6400146484375,264.8847351074219,179.5251922607422,278.8442687988281,234.16607666015625,291.69781494140625,497.5061340332031,222.25999450683594,724.8642578125,211.5706787109375,163.88172912597656,177.11473083496094,122.9127197265625,64.88416290283203,67.84848022460938,153.84597778320312
2025-07-11,616.7858276367188,551.5436401367188,181.4112091064453,286.59820556640625,107.45985412597656,132.86929321289062,28.80029296875,51.3629150390625,78.62924194335938,43.21833419799805,55.42633056640625,70.96607208251953,86.62352752685547,131.2559356689453,222.44480895996094,706.7135620117188,106.85631561279297,564.645751953125,44.713802337646484,275.8900146484375,264.7788391113281,178.23171997070312,276.3692932128906,230.03448486328125,296.1680908203125,499.3315734863281,225.02000427246094,715.1660766601562,210.32559204101562,164.70062255859375,179.6774444580078,124.33045196533203,65.96124267578125,67.94573211669922,153.0752410888672
2025-07-14,617.9627685546875,553.5440063476562,181.59811401367188,284.4349670410156,109.0295639038086,132.71205139160156,28.631580352783203,51.74695587158203,78.69734954833984,42.74314498901367,55.39676284790039,71.59201049804688,87.86783599853516,131.55519104003906,225.68292236328125,712.6693115234375,109.2441177368164,567.480224609375,45.17182159423828,282.2799987792969,266.6847229003906,179.5251922607422,278.5063171386719,232.27867126464844,292.7398681640625,499.0339050292969,225.69000244140625,718.5648193359375,207.79563903808594,163.8517608642578,181.04351806640625,118.41993713378906,66.74910736083984,67.5567398071289,152.99722290039062
2025-07-15,615.3220825195312,554.0515747070312,179.0798797607422,289.89794921875,108.96956634521484,130.32376098632812,28.135364532470703,50.8607063293457,77.90921783447266,42.1273307800293,55.66285705566406,71.46487426757812,85.51860046386719,128.722412109375,222.27749633789062,707.9385375976562,106.2910385131836,544.9736328125,44.303497314453125,279.32000732421875,264.7018737792969,177.52081298828125,274.01361083984375,227.42408752441406,284.1012268066406,501.8117980957031,226.35000610351562,708.0692749023438,208.28370666503906,170.4729461669922,181.48226928710938,119.91752624511719,67.34748840332031,67.44976806640625,151.3874053955078
2025-07-16,617.3792114257812,554.6187744140625,179.77828979492188,288.3826599121094,109.78941345214844,131.9454345703125,28.264381408691406,51.21520233154297,78.18165588378906,41.7636604309082,55.80083084106445,71.47465515136719,87.41989135742188,130.8469696044922,222.29718017578125,712.8385620117188,107.06098937988281,544.9437255859375,45.009605407714844,282.4700012207031,267.1371154785156,178.51808166503906,275.9220275878906,231.4241943359375,284.8608703613281,501.61334228515625,223.19000244140625,700.6136474609375,209.3295440673828,171.14205932617188,182.44952392578125,116.2434310913086,66.35018157958984,67.36225128173828,160.76315307617188
2025-07-17,621.1574096679688,559.107177734375,181.2439727783203,290.80511474609375,111.28913116455078,130.44171142578125,28.22468376159668,51.70756530761719,78.92115783691406,42.02065658569336,55.9683723449707,71.45508575439453,87.71852111816406,131.40557861328125,222.1396942138672,707.4008178710938,106.03764343261719,547.00244140625,45.85884094238281,276.4599914550781,267.416259765625,179.6436767578125,273.7949523925781,232.18478393554688,280.55621337890625,507.6451416015625,223.8800048828125,699.1185913085938,209.1901092529297,172.76988220214844,183.05776977539062,113.07849884033203,66.8388671875,68.64588928222656,159.0070343017578
2025-07-18,620.7024536132812,558.56982421875,181.17510986328125,289.40948486328125,111.03917694091797,129.57679748535156,27.807863235473633,51.73710632324219,78.70709228515625,41.68123245239258,56.36258316040039,70.79981231689453,85.87694549560547,129.40066528320312,223.73416137695312,706.9227294921875,105.47238159179688,539.5631713867188,45.19090270996094,282.2900085449219,264.4131164550781,178.43907165527344,272.4729919433594,231.37725830078125,275.2775573730469,506.0082092285156,226.1300048828125,701.9793090820312,210.34552001953125,172.18067932128906,184.5335693359375,114.20669555664062,67.81622314453125,67.92626953125,159.70947265625
2025-07-21,621.87939453125,561.4658813476562,180.55540466308594,289.6088562011719,111.18915557861328,128.8396759033203,27.67884635925293,51.58939743041992,78.69734954833984,41.24967956542969,56.77650833129883,72.24729919433594,85.47877502441406,128.80218505859375,221.7460174560547,708.3270263671875,105.53084564208984,542.556884765625,44.55158996582031,281.0,264.7018737792969,178.5279541015625,272.3636779785156,230.1753387451172,274.7808837890625,506.01812744140625,229.3000030517578,710.6408081054688,211.64036560058594,171.1520538330078,189.5592498779297,113.0485610961914,68.55421447753906,68.14021301269531,160.35340881347656
2025-07-22,621.9683837890625,558.5598754882812,182.8572235107422,284.48480224609375,110.87921142578125,131.23779296875,28.323928833007812,51.874969482421875,79.41739654541016,41.44363784790039,56.559688568115234,71.28882598876953,86.3348617553711,132.50277709960938,223.50778198242188,706.5941162109375,107.37286376953125,557.8728637695312,45.82067108154297,285.20001220703125,264.3553466796875,178.51808166503906,277.0451965332031,232.27867126464844,277.69287109375,501.26611328125,227.47000122070312,702.507568359375,213.5527801513672,166.80783081054688,190.7957000732422,109.04498291015625,66.8787612915039,67.74151611328125,163.8363494873047
2025-07-23,627.259765625,561.1075439453125,184.37210083007812,285.720947265625,111.7890396118164,133.93075561523438,28.978931427001953,52.28854751586914,79.44658660888672,42.093387603759766,56.78636169433594,72.22773742675781,87.81806945800781,135.06625366210938,224.52151489257812,711.105712890625,110.67678833007812,569.2704467773438,46.7367057800293,286.010009765625,266.1264343261719,178.71556091308594,268.5170593261719,232.4289093017578,284.8804016113281,501.8613586425781,228.2899932861328,711.2489013671875,213.3037872314453,170.55284118652344,189.68887329101562,109.65401458740234,69.13265228271484,67.25527954101562,164.97784423828125
2025-07-24,627.4674682617188,562.3018798828125,183.78189086914062,286.9072570800781,112.06898498535156,133.42950439453125,28.889612197875977,52.25900650024414,79.1644058227539,42.394020080566406,56.63853454589844,71.69960021972656,87.09138488769531,135.086181640625,226.97225952148438,707.3112182617188,110.32593536376953,561.5626831054688,46.69853591918945,291.25,266.80023193359375,181.2629852294922,268.546875,232.28807067871094,271.313720703125,506.8316345214844,232.22999572753906,712.4649047851562,212.91531372070312,173.50892639160156,191.6233367919922,111.55095672607422,68.83345031738281,67.19692993164062,165.4266357421875
2025-07-25,630.1180419921875,563.6553955078125,184.66720581054688,286.59820556640625,112.66887664794922,134.13714599609375,29.06825065612793,52.62335205078125,79.30062866210938,42.2340087890625,56.92433547973633,71.60179901123047,87.21084594726562,135.156005859375,226.0470733642578,708.9345703125,113.249755859375,560.0309448242188,46.21189498901367,290.4100036621094,269.0814514160156,182.1121368408203,267.5230712890625,234.84214782714844,273.7290344238281,509.6392517089844,231.44000244140625,710.3517456054688,213.0348663330078,173.2692413330078,192.6304473876953,111.08171081542969,68.63400268554688,67.26500701904297,164.19735717773438
2025-07-28,629.9598999023438,565.4168090820312,183.57530212402344,290.5060729980469,112.85884094238281,132.96759033203125,28.740745544433594,52.25900650024414,78.4832992553711,42.71405029296875,57.35797119140625,71.11277770996094,86.17558288574219,133.76954650878906,224.3049774169922,703.4169921875,110.16024780273438,555.5853881835938,45.33403396606445,292.5899963378906,263.85479736328125,180.4829559326172,264.3822021484375,226.26913452148438,274.7613830566406,508.4388122558594,232.7899932861328,715.28564453125,213.2041778564453,176.51490783691406,192.0321807861328,111.07173156738281,68.80354309082031,66.2147445678711,162.16806030273438
2025-07-29,628.2982788085938,564.5410766601562,183.4867706298828,291.9914245605469,112.98881530761719,132.12234497070312,28.87968635559082,51.993133544921875,78.9990005493164,43.13105392456055,56.9341926574707,71.87564086914062,85.44890594482422,133.5201873779297,231.84417724609375,709.26318359375,111.32978057861328,555.1080932617188,44.713802337646484,287.2300109863281,264.3168640136719,182.3787384033203,266.92669677734375,226.75741577148438,254.2604522705078,508.5082702636719,231.00999450683594,697.7131958007812,210.43515014648438,175.2765350341797,195.1931610107422,111.78059387207031,70.4191665649414,67.4692153930664,164.01197814941406
2025-07-30,627.507080078125,565.2974853515625,182.2965087890625,295.3410339355469,112.69886779785156,131.88645935058594,28.730823516845703,51.8946647644043,78.29843139648438,42.51524353027344,56.98347091674805,72.06147003173828,85.84707641601562,133.360595703125,228.84226989746094,712.0219116210938,111.84632873535156,551.5575561523438,43.874107360839844,286.8999938964844,267.3392333984375,183.39572143554688,264.8990783691406,226.9639892578125,259.100830078125,509.1729431152344,230.19000244140625,692.9389038085938,208.2239227294922,179.03155517578125,195.97093200683594,114.55613708496094,71.23695373535156,66.85657501220703,163.1826934814453
2025-07-31,625.1531372070312,562.3018798828125,180.63409423828125,287.88421630859375,111.63906860351562,128.1909942626953,27.728469848632812,51.5697021484375,77.6270523071289,42.2873420715332,57.74232864379883,71.21057891845703,85.26973724365234,132.4229736328125,225.5451202392578,690.7285766601562,109.43904113769531,542.4872436523438,41.32639694213867,284.20001220703125,267.8589782714844,182.49720764160156,264.4319152832031,227.27383422851562,243.05064392089844,529.2723999023438,234.11000061035156,770.913330078125,206.7498016357422,177.6334228515625,191.35409545898438,108.96510314941406,78.47733306884766,66.02025604248047,160.72413635253906
2025-08-01,614.9066162109375,551.2251586914062,178.59783935546875,283.0692138671875,108.60963439941406,128.87899780273438,27.66892433166504,50.61452865600586,77.99678802490234,41.50182342529297,55.90924072265625,69.09803009033203,85.53849792480469,132.70223999023438,225.26954650878906,695.96728515625,110.30644226074219,555.8240966796875,42.204254150390625,281.3500061035156,270.24615478515625,182.27011108398438,265.7836608886719,226.38180541992188,231.56817626953125,519.956787109375,214.75,747.5598754882812,201.58029174804688,173.4889373779297,188.59197998046875,104.71192932128906,76.34310913085938,66.96354675292969,163.25100708007812
2025-08-04,624.2530517578125,561.3961791992188,180.78164672851562,289.28985595703125,110.95919799804688,130.72671508789062,28.11551856994629,51.11673355102539,78.37626647949219,41.40969467163086,57.062313079833984,70.74112701416016,86.42444610595703,135.02635192871094,226.90335083007812,708.05810546875,111.6026840209961,568.425048828125,43.320674896240234,285.2799987792969,276.3487548828125,186.07150268554688,266.1216125488281,226.84190368652344,234.69442749023438,531.3953857421875,211.64999389648438,773.8338012695312,202.5464630126953,179.76058959960938,194.4851837158203,107.59729766845703,77.08111572265625,67.06078338623047,166.87054443359375
2025-08-05,621.088134765625,557.5845336914062,180.2799835205078,286.2094421386719,110.52928161621094,130.22547912597656,27.986499786376953,50.909942626953125,78.29843139648438,41.46303176879883,56.756797790527344,71.28882598876953,86.45430755615234,133.0713348388672,226.1553497314453,706.6138916015625,109.6047134399414,566.7940673828125,43.75006103515625,281.4599914550781,273.9519348144531,185.03475952148438,266.0619812011719,228.1189422607422,244.45309448242188,523.5679931640625,213.75,760.9660034179688,202.11813354492188,178.02288818359375,194.11622619628906,108.8852310180664,75.63502502441406,67.14830780029297,166.577880859375
2025-08-06,625.8455200195312,564.6007690429688,179.87664794921875,285.7309265136719,111.7890396118164,128.26963806152344,27.420814514160156,51.156124114990234,79.41739654541016,41.0799674987793,57.890159606933594,71.57245635986328,85.73757934570312,131.15618896484375,227.94664001464844,700.9071655273438,107.48007202148438,552.1044921875,42.76723098754883,282.6499938964844,270.8140563964844,185.67657470703125,268.0002136230469,232.41954040527344,239.3692626953125,520.7802124023438,222.30999755859375,769.468017578125,212.40733337402344,179.1813507080078,195.53219604492188,108.6056900024414,73.58059692382812,67.59564208984375,166.43153381347656
2025-08-07,625.3212890625,566.5115356445312,179.76844787597656,290.2169494628906,109.57945251464844,126.7953872680664,27.66892433166504,50.584983825683594,80.02066040039062,40.91995620727539,58.10697555541992,71.82674407958984,84.9312744140625,130.89686584472656,229.54107666015625,660.5614013671875,107.48007202148438,556.7490234375,43.282501220703125,279.760009765625,270.4290466308594,185.64694213867188,267.68212890625,230.34434509277344,238.2882080078125,516.7127075195312,223.1300048828125,759.3411865234375,219.16055297851562,180.52955627441406,195.9609832763672,111.69073486328125,74.23880767822266,68.49030303955078,167.34860229492188
2025-08-08,630.197265625,571.7960815429688,180.09307861328125,292.6194763183594,109.60944366455078,127.92564392089844,28.07581901550293,51.057647705078125,80.25418090820312,41.181793212890625,59.06294250488281,71.88542938232422,85.04077911376953,131.7047882080078,231.38156127929688,665.8698120117188,116.37826538085938,559.9315795898438,43.84547805786133,282.1300048828125,271.641845703125,184.04737854003906,269.6004638671875,231.4711456298828,244.34597778320312,517.9031982421875,222.69000244140625,766.786865234375,228.44374084472656,182.4569854736328,200.84701538085938,118.6994857788086,74.76737976074219,68.40277099609375,169.104736328125
2025-08-11,628.9510498046875,570.1041870117188,179.6012420654297,292.4898681640625,108.34968566894531,128.05340576171875,27.986499786376953,51.037960052490234,80.18607330322266,40.85206985473633,59.03337860107422,71.42575073242188,84.77201080322266,131.40557861328125,233.35989379882812,670.0428466796875,117.4113540649414,542.964599609375,43.82639694213867,276.9599914550781,275.0492858886719,183.58331298828125,269.3619079589844,229.9405975341797,245.787353515625,517.6354370117188,221.3000030517578,763.3681030273438,226.53909301757812,181.81784057617188,200.42822265625,123.52174377441406,74.43827056884766,68.80148315429688,169.58279418945312
2025-08-12,635.6468505859375,577.2697143554688,181.8833770751953,299.1690979003906,109.53945922851562,128.93797302246094,28.29415512084961,51.6583251953125,80.40013122558594,41.050872802734375,59.69368362426758,72.47224426269531,86.52398681640625,133.6598358154297,229.3048858642578,656.3385620117188,116.9727783203125,553.5167236328125,44.417999267578125,275.42999267578125,265.54888916015625,180.43360900878906,268.1393127441406,228.2128448486328,254.74740600585938,525.0460815429688,221.47000122070312,787.419189453125,229.0021209716797,182.9163818359375,202.76156616210938,127.5452880859375,75.70484161376953,68.76258850097656,168.568115234375
2025-08-13,637.82275390625,577.558349609375,184.48028564453125,300.345458984375,109.51947021484375,131.00189208984375,28.84991455078125,51.95374298095703,80.40013122558594,41.526065826416016,59.49657440185547,73.07862854003906,89.11214447021484,136.75198364257812,226.27345275878906,660.4817504882812,117.08972930908203,558.489501953125,45.6584587097168,279.17999267578125,263.66229248046875,179.12037658691406,273.37750244140625,233.98765563964844,264.72027587890625,516.454833984375,224.55999755859375,777.5316772460938,232.6717529296875,181.3484649658203,201.38548278808594,124.07086181640625,75.86439514160156,68.51947784423828,170.1681671142578
2025-08-14,637.8821411132812,577.110595703125,183.2801971435547,300.98345947265625,108.31968688964844,131.66041564941406,28.78044319152832,52.19992446899414,79.68009948730469,41.487274169921875,59.76266860961914,72.04191589355469,89.16191864013672,136.92152404785156,222.5825958251953,671.088623046875,115.99816131591797,562.8853759765625,45.62029266357422,274.9800109863281,264.4131164550781,180.37432861328125,274.0732727050781,235.6402587890625,264.40863037109375,518.3396606445312,230.97999572753906,779.574951171875,232.12330627441406,181.77789306640625,202.36270141601562,125.08921813964844,76.03394317626953,67.6345443725586,170.46084594726562
2025-08-15,636.388671875,574.57275390625,182.8277130126953,294.73291015625,109.08954620361328,133.87179565429688,29.098020553588867,51.6583251953125,79.80660247802734,41.487274169921875,59.604984283447266,71.77783966064453,90.2668685913086,138.40774536132812,223.232177734375,670.3217163085938,115.36466979980469,577.2466430664062,46.221435546875,280.6099853515625,263.66229248046875,178.91302490234375,272.552490234375,232.07208251953125,296.0804138183594,516.0480346679688,231.02999877929688,782.6648559570312,230.93667602539062,180.20997619628906,203.31997680664062,120.67631530761719,74.85713958740234,67.99433898925781,172.3340301513672
2025-08-18,636.2501831054688,574.3438110351562,182.78836059570312,295.93914794921875,109.38949584960938,133.55728149414062,28.98885154724121,51.697715759277344,79.69957733154297,41.23998260498047,59.44729995727539,71.2008056640625,89.79900360107422,138.02870178222656,220.6633758544922,668.4691772460938,114.99432373046875,571.6488037109375,45.982879638671875,282.1000061035156,260.2837219238281,175.69415283203125,271.27032470703125,232.01576232910156,300.44354248046875,513.0023193359375,231.49000549316406,764.8631591796875,230.23863220214844,181.7678985595703,202.9210968017578,123.35201263427734,76.08380889892578,67.22610473632812,171.95355224609375
2025-08-19,632.7984008789062,566.5513916015625,183.6441650390625,289.9677429199219,106.56002044677734,134.41233825683594,29.23695945739746,51.79618835449219,80.51689147949219,41.2545280456543,58.48147964477539,69.87068176269531,88.39542388916016,137.53994750976562,224.8856964111328,674.166015625,114.98457336425781,569.5272827148438,46.12601852416992,284.3500061035156,261.3232727050781,176.02000427246094,272.1449890136719,235.3491973876953,296.3044128417969,505.7304382324219,228.00999450683594,749.0250244140625,229.90957641601562,175.40638732910156,200.99661254882812,121.85443115234375,75.65496826171875,68.19856262207031,173.4657745361328
2025-08-20,631.1170043945312,563.1876220703125,183.47695922851562,288.06365966796875,106.31006622314453,135.1396484375,29.40567398071289,52.06206512451172,80.97421264648438,41.59879684448242,57.83102798461914,69.79243469238281,88.81352233886719,138.06861877441406,226.40139770507812,700.0904541015625,115.71553039550781,588.6814575195312,46.049678802490234,284.0199890136719,264.3264465332031,179.0117645263672,277.98944091796875,237.26473999023438,292.0191955566406,501.7125549316406,223.80999755859375,745.2772827148438,225.3723907470703,175.1667022705078,198.7530059814453,117.02217864990234,75.4355697631836,68.75286102294922,174.4804229736328
2025-08-21,628.5850830078125,560.5801391601562,182.8375244140625,286.56829833984375,105.94013977050781,134.68753051757812,29.217113494873047,51.8946647644043,80.24444580078125,41.884883880615234,57.535369873046875,69.65550994873047,89.51032257080078,138.40774536132812,225.988037109375,703.1381225585938,113.19129180908203,595.8032836914062,46.21189498901367,282.2799987792969,263.0847473144531,176.9678955078125,277.1346740722656,233.7622833251953,295.4376220703125,501.0666198730469,221.9499969482422,736.6854858398438,224.26551818847656,174.7472381591797,199.18179321289062,115.60446166992188,74.4582290649414,68.7139663696289,174.56822204589844
2025-08-22,638.2381591796875,569.2284545898438,186.3984832763672,292.7291564941406,107.43985748291016,135.7981414794922,29.60416030883789,52.751365661621094,80.24444580078125,42.73829650878906,58.944679260253906,71.89521026611328,90.50576782226562,139.48500061035156,223.4388885498047,686.6552124023438,111.85607147216797,587.1575317382812,45.725250244140625,290.8599853515625,259.4270324707031,178.3896942138672,276.0115051269531,234.0064239501953,299.4014892578125,504.037841796875,228.83999633789062,752.32421875,227.11746215820312,177.7532501220703,205.5037384033203,117.49142456054688,76.76197814941406,68.19856262207031,174.91944885253906
2025-08-25,635.42919921875,567.5863647460938,184.97213745117188,293.00830078125,106.67000579833984,133.86196899414062,29.137718200683594,52.44610595703125,78.87249755859375,42.849822998046875,59.2304801940918,71.1323471069336,88.38546752929688,136.7220458984375,220.50588989257812,676.1578979492188,111.25181579589844,570.1248779296875,44.98097610473633,285.17999267578125,261.2270202636719,176.87901306152344,272.7513122558594,229.19879150390625,296.908203125,501.0865173339844,227.94000244140625,750.839111328125,226.5191650390625,179.57083129882812,207.89691162109375,116.23343658447266,79.00589752197266,67.0316162109375,174.0609130859375
2025-08-26,638.0897827148438,569.8654174804688,185.10003662109375,295.8294982910156,106.5500259399414,134.6973876953125,29.18733787536621,52.84983825683594,78.35680389404297,42.78193283081055,59.427589416503906,70.79981231689453,89.49041748046875,138.1184844970703,221.69680786132812,677.761474609375,111.83657836914062,585.334716796875,45.04777526855469,286.5400085449219,261.43878173828125,176.48406982421875,270.3558654785156,231.0204315185547,292.59381103515625,498.8804626464844,228.7100067138672,751.6364135742188,228.6630859375,181.52822875976562,206.55075073242188,116.31330871582031,79.49456024169922,66.83712005615234,173.45156860351562
2025-08-27,639.5436401367188,570.7412109375,185.7689208984375,296.7366638183594,107.42985534667969,134.61874389648438,29.137718200683594,52.95815658569336,78.59032440185547,43.26197814941406,59.467010498046875,70.8780517578125,89.87863159179688,138.23817443847656,222.2676544189453,680.7393188476562,111.02765655517578,584.6474609375,45.44853591918945,293.5899963378906,260.00457763671875,175.062255859375,271.3995056152344,229.76217651367188,295.9538269042969,503.5509033203125,229.1199951171875,744.9384765625,229.8397674560547,181.35845947265625,206.88978576660156,117.56130981445312,80.45197296142578,66.93437957763672,173.7464141845703
2025-08-28,641.80859375,574.31396484375,185.68038940429688,297.952880859375,109.06954956054688,134.08799743652344,28.94915771484375,53.02708435058594,78.09410095214844,43.591705322265625,59.75281524658203,72.02234649658203,89.87863159179688,137.85914611816406,221.03736877441406,678.2593994140625,109.70218658447266,577.3263549804688,44.73288345336914,272.3299865722656,256.780029296875,174.90426635742188,271.59832763671875,231.09555053710938,294.4053039550781,506.4326477050781,231.60000610351562,748.65625,231.90391540527344,179.9303436279297,211.03794860839844,121.80449676513672,81.81827545166016,66.47731018066406,172.4294891357422
2025-08-29,637.98095703125,567.666015625,185.54266357421875,289.3895568847656,108.0797348022461,135.0708465576172,29.207189559936523,53.16495132446289,78.60005187988281,43.82929992675781,58.92496871948242,70.6530990600586,89.44063568115234,137.86911010742188,222.81881713867188,683.8565673828125,110.1017837524414,578.412109375,45.01914596557617,269.20001220703125,256.52978515625,174.37106323242188,273.4073181152344,231.9875946044922,301.7875671386719,503.501220703125,229.0,736.2868041992188,231.485107421875,173.94830322265625,212.3043670654297,118.81929016113281,80.12285614013672,67.08995056152344,174.11985778808594
2025-09-02,633.2533569335938,562.908935546875,184.0769805908203,285.59136962890625,107.24988555908203,135.1986083984375,29.058324813842773,52.77106475830078,78.47357177734375,43.892333984375,58.25480651855469,70.34013366699219,92.45684051513672,140.05357360839844,222.1692352294922,689.6400756835938,109.84838104248047,575.6231689453125,45.238609313964844,269.9800109863281,255.46133422851562,172.880126953125,275.13677978515625,230.86080932617188,300.7454833984375,501.9410705566406,225.33999633789062,732.70849609375,229.07192993164062,170.55284118652344,210.74879455566406,118.2901382446289,81.6886215209961,67.15802764892578,174.99453735351562
2025-09-03,636.685302734375,567.3375854492188,183.79171752929688,285.54150390625,107.29988098144531,134.5597686767578,29.00870132446289,52.68243408203125,78.4151840209961,42.90800476074219,59.68383026123047,71.30838775634766,93.22332763671875,140.00369262695312,220.87005615234375,688.8622436523438,110.12126159667969,561.5787353515625,45.32448959350586,270.95001220703125,259.2634582519531,172.91964721679688,276.53826904296875,231.66835021972656,299.8494567871094,502.1696472167969,225.99000549316406,734.6422119140625,237.7972412109375,170.39305114746094,230.0038604736328,118.5297622680664,85.76757049560547,67.08995056152344,174.93557739257812
2025-09-04,642.0064697265625,572.4728393554688,185.1492156982422,288.9608459472656,106.8199691772461,135.0708465576172,29.06825065612793,53.233882904052734,78.46383666992188,43.194091796875,60.44268798828125,71.46487426757812,93.04415130615234,139.99371337890625,221.4015350341797,689.4705200195312,109.90684509277344,564.9851684570312,44.55158996582031,270.05999755859375,257.4153137207031,172.31735229492188,278.188232421875,233.81861877441406,302.2842712402344,504.7731628417969,235.67999267578125,746.204345703125,239.10354614257812,171.43167114257812,231.63919067382812,124.01095581054688,90.3504867553711,66.3703384399414,175.68247985839844
2025-09-05,640.1469116210938,573.298828125,185.36563110351562,292.3702697753906,108.1197280883789,135.53277587890625,29.35605239868164,52.25900650024414,78.68762969970703,42.360084533691406,60.324424743652344,72.01256561279297,95.0350341796875,142.7566680908203,216.5886688232422,685.43212890625,112.12896728515625,571.1209106445312,44.98097610473633,272.92999267578125,252.13088989257812,172.07049560546875,275.7033386230469,228.9828338623047,307.1636047363281,491.884765625,232.3300018310547,749.9918823242188,239.01380920410156,166.7978515625,234.33151245117188,131.1594696044922,91.89810180664062,66.08832550048828,175.35816955566406
2025-09-08,641.7196655273438,576.0953979492188,185.2180633544922,295.6001892089844,109.99937438964844,135.483642578125,29.266733169555664,52.298397064208984,78.3957290649414,42.26310729980469,60.3835563659668,72.56027221679688,93.9997787475586,141.8489990234375,215.5946044921875,694.9846801757812,112.93788146972656,556.2398071289062,44.5802116394043,282.7799987792969,252.74691772460938,171.6952667236328,275.7928161621094,230.93592834472656,311.8968200683594,495.06463623046875,235.83999633789062,749.8423461914062,237.20892333984375,168.0861358642578,233.5829620361328,131.24935913085938,93.14617156982422,65.57292175292969,175.06333923339844
2025-09-09,643.203125,577.7276000976562,184.6475372314453,296.8861999511719,110.49927520751953,136.2109375,29.22703742980957,52.52488327026367,78.5514144897461,42.46675491333008,60.82704544067383,73.27423095703125,94.54727172851562,142.5771484375,215.70286560058594,703.5300903320312,112.8209457397461,554.33740234375,45.066856384277344,282.67999267578125,252.9403839111328,171.2707061767578,275.3157043457031,228.41941833496094,338.8451232910156,495.2732849121094,238.24000549316406,763.1986083984375,233.6888885498047,170.53286743164062,239.16204833984375,135.02328491210938,94.39424133300781,65.99107360839844,173.91348266601562
2025-09-10,645.0625610351562,577.9166259765625,184.46063232421875,299.8968200683594,112.21895599365234,134.97256469726562,28.790367126464844,52.34762954711914,77.7827377319336,43.208641052246094,60.5018196105957,74.96623229980469,93.4721908569336,140.29295349121094,214.25604248046875,704.2280883789062,112.3238754272461,553.6400756835938,44.990516662597656,274.6000061035156,251.37359619140625,170.05624389648438,275.77294921875,231.37725830078125,337.73480224609375,497.22100830078125,230.3300018310547,749.5234985351562,226.1501922607422,177.09414672851562,238.7029571533203,139.77566528320312,94.87350463867188,65.95218658447266,172.7636260986328
2025-09-11,650.423095703125,581.2803955078125,187.22479248046875,302.9872131347656,112.3789291381836,137.321533203125,29.415597915649414,53.20433807373047,78.4151840209961,43.21833419799805,61.10299301147461,76.14965057373047,95.26398468017578,143.43496704101562,217.02174377441406,717.7393188476562,114.86762237548828,565.9613037109375,45.36265563964844,279.4700012207031,253.76246643066406,173.94650268554688,281.1800537109375,233.62142944335938,344.38665771484375,497.8569641113281,229.9499969482422,748.447021484375,229.3810577392578,176.94432067871094,239.90060424804688,150.32872009277344,96.00176239013672,65.7576904296875,175.42698669433594
2025-09-12,650.2054443359375,583.8479614257812,185.8771514892578,303.37603759765625,111.64906311035156,135.73916625976562,28.909460067749023,52.97785186767578,78.15247344970703,42.961341857910156,62.01953887939453,76.93208312988281,93.69119262695312,140.62210083007812,215.52503967285156,709.38330078125,111.64165496826172,557.7936401367188,44.08402633666992,276.42999267578125,253.68507385253906,171.77427673339844,276.4289245605469,233.13316345214844,343.3153991699219,506.6910095214844,228.14999389648438,753.1216430664062,233.40966796875,177.59349060058594,240.32977294921875,156.97804260253906,97.50943756103516,65.16448974609375,174.99453735351562
2025-09-15,653.6671752929688,588.8439331054688,185.55252075195312,306.2171936035156,112.78884887695312,134.57943725585938,28.710975646972656,52.85968780517578,77.25730895996094,42.81587600708008,63.212032318115234,77.450439453125,93.00432586669922,140.36277770996094,213.51956176757812,700.8677368164062,110.44438171386719,570.3340454101562,44.2271614074707,276.2699890136719,250.3290557861328,170.05624389648438,272.6717834472656,230.66360473632812,340.9534606933594,512.1166381835938,231.42999267578125,762.201904296875,236.03224182128906,177.52359008789062,251.11865234375,157.51719665527344,102.23213958740234,64.88031768798828,174.3459014892578
2025-09-16,652.7671508789062,588.3463745117188,185.06068420410156,306.2570495605469,112.69886779785156,134.57943725585938,28.72089958190918,52.741519927978516,77.60758209228516,43.53351593017578,63.487979888916016,78.91748809814453,93.31291198730469,140.66517639160156,211.29672241210938,691.46484375,108.795654296875,572.7943115234375,44.21761703491211,273.8800048828125,251.2962188720703,169.70968627929688,270.375732421875,230.0251007080078,333.005126953125,505.83642578125,234.0500030517578,776.4552001953125,237.4781494140625,174.65725708007812,250.66954040527344,158.5655059814453,102.93106079101562,64.90971374511719,173.42210388183594
2025-09-17,651.9561767578125,587.172119140625,185.23773193359375,304.3031311035156,113.19877624511719,134.84478759765625,28.760597229003906,53.253578186035156,78.07463073730469,43.63534164428711,63.15290451049805,78.07637786865234,93.34278106689453,140.72506713867188,213.0552215576172,690.2581787109375,110.16958618164062,583.1932373046875,44.03632354736328,274.5799865722656,253.7817840576172,170.5513153076172,270.6043395996094,228.74806213378906,334.79864501953125,506.81024169921875,231.6199951171875,773.1858520507812,238.3157958984375,170.0730743408203,249.04270935058594,159.73362731933594,100.78438568115234,65.69364929199219,174.14935302734375
2025-09-18,655.0023803710938,592.4664916992188,186.4476776123047,315.9867858886719,115.34837341308594,135.1101531982422,28.92930793762207,53.30281066894531,77.39352416992188,43.49957275390625,63.369720458984375,78.97616577148438,96.2395248413086,143.34994506835938,213.3120880126953,688.154296875,111.50426483154297,596.3511962890625,43.51150894165039,279.0799865722656,252.03125,169.44235229492188,272.6220703125,227.2362823486328,328.14404296875,505.2501220703125,231.22999572753906,777.7010498046875,237.20892333984375,176.01551818847656,251.537841796875,168.61936950683594,104.9878921508789,65.12528991699219,171.16168212890625
2025-09-19,658.2465209960938,596.4771728515625,186.12307739257812,314.7306823730469,117.16803741455078,134.93325805664062,28.750667572021484,53.42097473144531,77.23783874511719,42.92255401611328,64.16799926757812,78.29154205322266,95.16443634033203,142.44171142578125,213.78627014160156,696.3108520507812,111.96551513671875,589.6575927734375,42.958072662353516,277.7900085449219,252.9403839111328,168.0957489013672,272.2344665527344,227.5555419921875,329.97674560546875,514.6705322265625,231.47999572753906,775.8372192382812,244.80740356445312,176.4449462890625,254.22259521484375,162.46925354003906,106.46560668945312,65.09589385986328,173.15673828125
2025-09-22,661.3607177734375,600.0083618164062,186.21197509765625,321.170654296875,117.7679214477539,134.89869689941406,28.830228805541992,53.34984588623047,76.37669372558594,42.8731575012207,64.6312026977539,79.76837158203125,96.8840560913086,143.13035583496094,214.36915588378906,695.0045776367188,110.39530181884766,593.3331298828125,42.91990280151367,281.1199951171875,252.50514221191406,168.4423065185547,271.3498229980469,226.43814086914062,334.49481201171875,511.21240234375,227.6300048828125,763.1751098632812,255.35755920410156,183.37612915039062,252.036865234375,164.35621643066406,112.23670196533203,64.88031768798828,171.21083068847656
2025-09-23,657.7606201171875,596.02294921875,186.43922424316406,320.7021179199219,116.37818145751953,135.20477294921875,28.830228805541992,53.11273193359375,76.7587661743164,43.611595153808594,63.63581085205078,79.66078186035156,96.35631561279297,142.212158203125,215.59417724609375,739.187744140625,112.26974487304688,565.652587890625,42.853111267089844,278.8399963378906,253.35623168945312,166.4323272705078,274.2322998046875,224.0531005859375,340.7574157714844,506.0252380371094,220.7100067138672,753.4404907226562,253.7122344970703,178.2027130126953,251.16856384277344,166.14334106445312,110.08002471923828,65.37026977539062,173.54002380371094
2025-09-24,655.6678466796875,593.9305419921875,186.00450134277344,320.1139221191406,115.19840240478516,134.6617431640625,28.77056121826172,52.964542388916016,76.9253158569336,44.17886734008789,63.70479965209961,78.2817611694336,97.0234603881836,141.36383056640625,216.76980590820312,758.402587890625,111.55332946777344,574.7067260742188,42.1374626159668,277.94000244140625,255.74513244628906,166.39273071289062,276.57806396484375,225.35829162597656,344.7952880859375,506.9394226074219,220.2100067138672,758.686767578125,251.59820556640625,176.74456787109375,246.6573944091797,161.4508819580078,109.52088928222656,65.11549377441406,173.64813232421875
2025-09-25,652.6429443359375,591.3699340820312,184.47314453125,320.0640869140625,113.87864685058594,132.43038940429688,28.243480682373047,52.82622528076172,76.19054412841797,44.574981689453125,63.172611236572266,78.13505554199219,95.4502182006836,138.79884338378906,214.537109375,734.4115600585938,108.92323303222656,553.3214111328125,41.42180633544922,279.92999267578125,259.9039001464844,165.63031005859375,276.6177978515625,227.41470336914062,338.6698913574219,503.8390808105469,218.14999389648438,746.96728515625,256.1453552246094,177.46365356445312,245.3100128173828,156.5786895751953,107.04471588134766,64.65493774414062,174.6702117919922
2025-09-26,656.3820190429688,593.801025390625,186.30088806152344,320.8217468261719,114.94844818115234,133.78302001953125,28.57166290283203,53.21152877807617,76.37669372558594,44.98576736450195,63.51754379272461,77.13746643066406,97.5312728881836,140.68515014648438,216.0486297607422,758.3726806640625,110.01256561279297,561.6783447265625,42.09929656982422,290.2699890136719,261.4029846191406,166.0758819580078,278.99334716796875,228.62599182128906,337.2193603515625,508.2411804199219,219.77999877929688,741.8206176757812,254.73931884765625,177.96302795410156,246.05853271484375,157.0179901123047,106.7152099609375,64.35115814208984,176.61614990234375
2025-09-29,658.2266845703125,596.5509643554688,186.92330932617188,321.65911865234375,115.95825958251953,134.1779327392578,28.68105697631836,53.47827911376953,76.52364349365234,44.159305572509766,63.8427734375,78.47736358642578,98.97508239746094,142.13232421875,216.77969360351562,759.6390380859375,110.52288818359375,558.5407104492188,42.12792205810547,293.0,263.29864501953125,166.33331298828125,277.87017822265625,229.48985290527344,338.2974853515625,511.3613586425781,222.1699981689453,741.4716186523438,253.7122344970703,181.6183624267578,243.57342529296875,163.63735961914062,116.56002044677734,64.71372985839844,178.49327087402344
2025-09-30,660.7061157226562,598.1849975585938,187.41729736328125,325.3476257324219,114.98844146728516,137.406494140625,29.228023529052734,53.22140884399414,76.77836608886719,43.68983459472656,63.92161560058594,78.34043884277344,99.77165985107422,144.08848571777344,218.16278076171875,770.3283081054688,108.93305969238281,560.0547485351562,43.03440856933594,297.9100036621094,261.31597900390625,166.8184814453125,280.5439147949219,231.88430786132812,338.4150695800781,514.6903686523438,219.57000732421875,732.4749145507812,253.9116668701172,186.3423309326172,242.6252899169922,167.05186462402344,119.8749008178711,64.98809814453125,182.22784423828125
2025-10-01,662.95751953125,601.0545043945312,187.8421173095703,332.6549072265625,115.04843139648438,141.65200805664062,29.81477165222168,52.747188568115234,76.66080474853516,43.68983459472656,64.26654815673828,80.09112548828125,100.95657348632812,148.22042846679688,217.21437072753906,762.8897094726562,109.08026123046875,597.5762939453125,45.257694244384766,293.260009765625,257.10882568359375,161.0360870361328,279.7090148925781,231.4241943359375,341.3552551269531,516.4392700195312,220.6300048828125,715.4791870117188,254.72933959960938,187.0015106201172,244.42176818847656,181.85809326171875,130.38865661621094,65.4388656616211,182.84698486328125
2025-10-02,663.7210693359375,603.5255126953125,188.2866973876953,337.1907958984375,115.69831085205078,141.3755645751953,29.97389030456543,52.70766830444336,76.35710144042969,43.249717712402344,64.04973602294922,81.69509887695312,102.15144348144531,149.32826232910156,214.29013061523438,756.5280151367188,108.5012435913086,597.6360473632812,43.635555267333984,300.7900085449219,256.7122802734375,159.3924560546875,279.66925048828125,228.73757934570312,346.6672058105469,512.4942626953125,222.41000366210938,725.1639404296875,256.40460205078125,188.64939880371094,245.21022033691406,183.45553588867188,131.05763244628906,64.77252197265625,182.7781982421875
2025-10-03,663.7112426757812,600.9848022460938,188.9486541748047,335.6356201171875,114.80847930908203,142.98492431640625,30.282184600830078,53.07321548461914,76.44527435302734,43.479557037353516,63.49783706665039,82.00806427001953,103.1571273803711,150.70558166503906,217.10569763183594,735.9470825195312,110.59158325195312,597.6360473632812,43.964439392089844,296.2799987792969,255.97726440429688,161.0162811279297,282.2435607910156,230.80421447753906,353.01800537109375,514.0940551757812,219.50999450683594,708.7167358398438,257.2920837402344,187.38101196289062,244.87088012695312,187.64645385742188,131.10755920410156,65.31148529052734,185.3924102783203
2025-10-06,666.0914916992188,605.498291015625,188.8893585205078,342.3148498535156,115.59832763671875,142.29379272460938,30.073339462280273,53.0534553527832,75.8868408203125,43.69472885131836,64.41438293457031,82.91764068603516,103.19695281982422,150.2265167236328,215.06069946289062,739.1677856445312,111.46501159667969,583.1732788085938,43.66457748413086,299.760009765625,253.4432830810547,157.4913787841797,284.6589050292969,225.91946411132812,351.6164855957031,525.2435302734375,220.89999389648438,713.8035278320312,255.96585083007812,185.30364990234375,249.94094848632812,190.7733917236328,125.08685302734375,64.77252197265625,184.92066955566406
2025-10-07,663.6219482421875,602.3099975585938,188.05947875976562,336.0044860839844,114.34856414794922,142.40237426757812,30.003726959228516,53.12261199951172,76.59222412109375,43.76319122314453,63.70479965209961,81.51905059814453,103.23678588867188,150.1865692138672,214.93228149414062,747.9824829101562,114.60541534423828,580.942138671875,43.20026397705078,306.2200012207031,254.94239807128906,160.38258361816406,287.4916687011719,229.1039276123047,356.40899658203125,520.6823120117188,221.77999877929688,711.230224609375,255.7564697265625,184.80430603027344,245.2800750732422,185.508544921875,119.74510192871094,65.44866943359375,185.6381072998047
2025-10-08,667.5791625976562,609.2147216796875,188.67201232910156,344.99652099609375,115.6683120727539,142.6788330078125,30.06339454650879,52.86574172973633,76.21013641357422,43.5088996887207,64.24684143066406,82.3405990600586,104.98926544189453,151.69363403320312,217.3230438232422,753.58642578125,116.04804992675781,561.6384887695312,43.084190368652344,301.79998779296875,256.2383728027344,157.79832458496094,285.3645935058594,228.32424926757812,362.544189453125,521.546875,225.22000122070312,715.9779052734375,257.33197021484375,188.86911010742188,244.14230346679688,196.34793090820312,120.99317169189453,64.79212188720703,186.42433166503906
2025-10-09,665.6452026367188,608.4774169921875,187.11102294921875,344.13916015625,115.6483154296875,142.36289978027344,29.944055557250977,52.67802810668945,76.45507049560547,42.91717529296875,64.33554077148438,81.59729766845703,106.06464385986328,151.75352478027344,214.9026336669922,755.7901000976562,114.566162109375,567.6547241210938,43.219608306884766,298.4700012207031,260.01031494140625,157.72901916503906,282.611328125,227.4788360595703,360.358642578125,519.1123657226562,227.74000549316406,731.6072387695312,253.32330322265625,192.32470703125,241.05833435058594,192.1420440673828,119.51544952392578,65.03710174560547,187.7904052734375
2025-10-10,647.6542358398438,587.3545532226562,182.89239501953125,324.330810546875,112.06898498535156,140.3092498779297,29.407032012939453,51.53199768066406,76.51384735107422,41.67504119873047,61.88156509399414,78.94682312011719,104.54118347167969,149.65760803222656,216.60186767578125,761.3640747070312,114.99797058105469,562.4053955078125,42.52313995361328,286.5899963378906,262.5345764160156,155.94676208496094,281.29931640625,225.44976806640625,347.431640625,507.74432373046875,216.3699951171875,703.4703979492188,244.57806396484375,182.92669677734375,236.10801696777344,181.42254638671875,115.24205780029297,65.69364929199219,187.43658447265625
2025-10-13,657.5919189453125,599.8190307617188,184.67074584960938,338.69610595703125,114.6185073852539,140.1512908935547,29.516427993774414,52.02597427368164,76.25912475585938,42.2423095703125,63.310585021972656,81.78311920166016,104.81998443603516,150.6456756591797,214.4679412841797,767.2870483398438,116.0087890625,555.5325927734375,42.11687469482422,286.0899963378906,262.3701477050781,157.18443298339844,280.8222351074219,221.95530700683594,351.5086669921875,510.81488037109375,220.07000732421875,713.8433837890625,246.96131896972656,188.0801239013672,243.6732177734375,192.5816192626953,118.67674255371094,65.45846557617188,187.61349487304688
2025-10-14,656.78857421875,595.8236694335938,186.20208740234375,332.46551513671875,113.5687026977539,140.5363311767578,29.67554473876953,52.59899139404297,77.48373413085938,42.2374267578125,62.551727294921875,80.87355041503906,104.67063903808594,151.0249481201172,215.4756317138672,779.6615600585938,116.27377319335938,570.343994140625,42.368370056152344,287.6499938964844,258.40478515625,156.7091827392578,282.9095153808594,225.8255157470703,352.75335693359375,510.3379211425781,216.38999938964844,706.8117065429688,247.07101440429688,179.80067443847656,244.97068786621094,186.877197265625,112.95558166503906,66.15420532226562,187.56436157226562
2025-10-15,659.7044677734375,600.0282592773438,186.57752990722656,340.7198181152344,113.26876068115234,140.75355529785156,29.705381393432617,52.59899139404297,77.62089538574219,42.212974548339844,63.024784088134766,83.299072265625,107.90673828125,153.09091186523438,211.10903930664062,789.662841796875,116.09712219238281,574.1489868164062,42.18458557128906,287.3800048828125,259.34295654296875,155.90716552734375,276.62774658203125,212.76821899414062,353.94903564453125,510.19879150390625,215.57000732421875,715.6885986328125,248.63658142089844,179.60093688964844,250.539794921875,191.75242614746094,120.25431823730469,65.73284149169922,187.87884521484375
2025-10-16,655.211669921875,597.806396484375,184.80906677246094,342.2350769042969,112.77885437011719,140.5166015625,29.774993896484375,51.136810302734375,77.08206939697266,41.70438003540039,62.74883270263672,85.94953918457031,107.4487075805664,153.120849609375,210.71383666992188,773.2200927734375,115.6554946899414,566.9275512695312,41.97177505493164,292.7300109863281,253.88821411132812,151.84759521484375,266.6086730957031,208.2968292236328,349.5583801269531,508.3902587890625,214.47000122070312,710.2228393554688,246.75192260742188,181.57839965820312,250.9689483642578,202.3320770263672,125.72586059570312,66.23260498046875,188.8125
2025-10-17,658.9308471679688,601.7320556640625,185.74761962890625,341.76654052734375,112.65887451171875,141.45455932617188,29.97389030456543,51.551753997802734,78.11074829101562,42.04670333862305,63.39928436279297,86.57547760009766,107.33917236328125,153.88934326171875,212.8773956298828,783.7498168945312,120.52313232421875,575.7725219726562,42.20393371582031,283.7300109863281,259.13983154296875,152.08523559570312,266.5887756347656,211.9321746826172,349.4897766113281,510.347900390625,213.0399932861328,715.0602416992188,251.57826232910156,182.98660278320312,252.80535888671875,202.18223571777344,126.00543212890625,67.06553649902344,189.89356994628906
2025-10-20,665.7840576171875,609.3142700195312,187.60499572753906,346.1429443359375,113.86865234375,142.95530700683594,30.38163185119629,52.15441131591797,78.04216766357422,42.491722106933594,64.34539794921875,88.44352722167969,109.69904327392578,156.1848602294922,212.79837036132812,785.5646362304688,120.81755065917969,574.4976196289062,42.16523361206055,285.9100036621094,258.8303527832031,153.75856018066406,266.578857421875,206.07989501953125,357.2126770019531,513.5376586914062,216.47999572753906,730.2706909179688,261.5001525878906,182.4073486328125,256.04901123046875,206.5679473876953,121.3426284790039,67.06553649902344,190.3849334716797
2025-10-21,665.7740478515625,609.1549682617188,188.46453857421875,344.2288818359375,114.98844146728516,143.29098510742188,30.560640335083008,52.09513473510742,77.6796875,42.39391326904297,64.21727752685547,86.6928482055664,109.0916519165039,155.7257537841797,212.29452514648438,785.0361328125,121.76949310302734,577.0574951171875,43.084190368652344,289.8399963378906,259.7878112792969,155.24375915527344,267.6324462890625,208.16529846191406,358.0848693847656,514.4021606445312,222.02999877929688,731.3678588867188,262.0286865234375,180.9292449951172,249.9709014892578,202.09230041503906,121.22281646728516,69.7896957397461,188.57662963867188
2025-10-22,662.3128051757812,603.286376953125,187.55560302734375,337.5496826171875,113.48872375488281,144.11048889160156,30.580530166625977,51.798744201660156,78.12053680419922,42.93673324584961,63.92161560058594,87.48504638671875,106.8612289428711,153.619873046875,213.8455810546875,793.3422241210938,119.19828033447266,582.4361572265625,42.939090728759766,289.94000244140625,259.0141296386719,155.40219116210938,274.8485412597656,209.13284301757812,354.2822570800781,517.2639770507812,217.9499969482422,731.5074462890625,257.72088623046875,180.0503692626953,251.19850158691406,198.27606201171875,120.28427124023438,69.38793182373047,189.6183624267578
2025-10-23,666.2402954101562,608.35791015625,188.44479370117188,343.7304382324219,114.76848602294922,144.189453125,30.6302547454834,51.90742111206055,77.73845672607422,43.5088996887207,64.41438293457031,88.0914306640625,107.1001968383789,154.2786102294922,213.49978637695312,790.6998291015625,118.49168395996094,573.421875,42.39739227294922,291.5,260.0683288574219,155.89727783203125,281.229736328125,207.21652221679688,353.2630310058594,517.283935546875,221.08999633789062,732.095947265625,258.84771728515625,181.92796325683594,252.58578491210938,206.5080108642578,125.52616882324219,68.53540802001953,189.15647888183594
2025-10-24,671.6851806640625,614.8541259765625,188.95851135253906,350.0508117675781,115.97825622558594,144.17958068847656,30.650144577026367,52.470558166503906,77.48373413085938,43.06877517700195,64.90715026855469,90.02793884277344,107.92665100097656,154.85745239257812,212.06732177734375,799.3749389648438,118.6879653930664,575.6729736328125,42.39739227294922,293.0199890136719,260.68731689453125,156.09527587890625,280.2358093261719,205.80746459960938,355.2721252441406,520.314697265625,224.2100067138672,736.444580078125,262.07855224609375,186.02272033691406,259.4124450683594,218.8059844970703,129.23043823242188,68.31002044677734,187.12208557128906
2025-10-27,679.6094970703125,625.80419921875,189.79827880859375,358.823486328125,117.05805206298828,144.51528930664062,30.689924240112305,52.68791198730469,77.6111068725586,43.171470642089844,66.50371551513672,92.23828887939453,111.11296844482422,156.80364990234375,211.1880645751953,809.116943359375,118.2267074584961,583.00390625,41.97177505493164,295.69000244140625,262.1864013671875,158.26370239257812,279.97735595703125,203.45901489257812,358.6827697753906,528.1749877929688,226.97000122070312,748.872314453125,268.0516357421875,191.24607849121094,268.744140625,219.88491821289062,126.47470092773438,68.65299224853516,187.02383422851562
2025-10-28,681.41455078125,630.6165161132812,188.16815185546875,361.983642578125,116.6981201171875,143.60691833496094,30.5009708404541,52.35200500488281,76.83715057373047,42.72156524658203,67.3808364868164,92.37521362304688,111.5212173461914,157.3525848388672,201.76327514648438,802.28662109375,115.6849365234375,651.9013671875,41.420406341552734,291.3500061035156,257.58270263671875,155.7190399169922,273.9142150878906,199.06277465820312,360.5056457519531,538.6585693359375,229.25,749.49072265625,268.2410888671875,200.77392578125,266.94769287109375,221.6931610107422,124.72740936279297,68.75098419189453,183.7118377685547
2025-10-29,681.7418212890625,633.4562377929688,186.06378173828125,367.4665832519531,115.19840240478516,142.1555633544922,30.202625274658203,51.46284103393555,75.02471923828125,43.039432525634766,68.06085205078125,94.77140045166016,110.48566436767578,156.66392517089844,195.14419555664062,805.31787109375,116.29339599609375,650.337646484375,41.20759201049805,286.6700134277344,252.9403839111328,149.13462829589844,276.3196105957031,195.3616180419922,348.176513671875,538.1417846679688,230.3000030517578,749.7200927734375,268.93914794921875,206.77627563476562,274.0338439941406,226.40853881835938,141.16204833984375,66.97733306884766,183.3875274658203
2025-10-30,674.2439575195312,623.7716064453125,185.26353454589844,362.60174560546875,113.94863891601562,142.4715118408203,30.123064041137695,51.60115432739258,74.94634246826172,42.785133361816406,65.98137664794922,93.16742706298828,111.43161010742188,157.0032501220703,198.14749145507812,823.1666870117188,116.23451232910156,651.463134765625,44.12888717651367,285.0299987792969,254.25575256347656,147.05532836914062,276.3792419433594,194.4222412109375,337.8760681152344,522.451171875,222.86000061035156,664.7410888671875,270.63433837890625,202.63156127929688,280.93035888671875,223.79107666015625,137.9170379638672,67.59468841552734,185.7953338623047
2025-10-31,676.4556274414062,626.7805786132812,185.66859436035156,361.8939208984375,115.48834991455078,142.42214965820312,30.083284378051758,51.73946762084961,74.7308120727539,43.09811782836914,66.97676849365234,94.86920166015625,112.22817993164062,159.06922912597656,197.35716247558594,809.017333984375,117.55937194824219,649.2319946289062,44.564178466796875,291.20001220703125,256.77032470703125,144.84732055664062,275.2660217285156,193.51104736328125,334.7496643066406,514.5512084960938,244.22000122070312,646.6680908203125,269.60723876953125,202.23207092285156,280.640869140625,223.55133056640625,149.97842407226562,67.51629638671875,185.61843872070312
2025-11-03,677.7251586914062,629.779541015625,185.21412658691406,364.9643859863281,115.67830657958984,142.61961364746094,30.083284378051758,51.522117614746094,74.14299774169922,43.103004455566406,67.65678405761719,98.566162109375,109.39036560058594,157.15298461914062,194.3933868408203,817.9415893554688,119.77729034423828,639.7195434570312,44.515811920166016,292.7200012207031,255.4840087890625,144.1542205810547,276.568115234375,191.35049438476562,327.13458251953125,513.776123046875,254.0,636.0557861328125,268.2909851074219,206.61647033691406,283.16595458984375,234.47064208984375,157.77638244628906,66.60496520996094,183.05337524414062
2025-11-04,669.6917114257812,616.996337890625,183.98904418945312,351.665771484375,111.97900390625,143.26138305664062,30.242403030395508,51.78886795043945,74.44669342041016,42.638427734375,66.1094970703125,93.65644073486328,107.5781478881836,155.77566528320312,198.2561492919922,839.2604370117188,120.70960235595703,625.5258178710938,44.09986877441406,293.489990234375,259.0528259277344,145.53050231933594,283.9233703613281,196.88340759277344,324.23358154296875,511.0931701660156,249.32000732421875,625.6926879882812,269.2781982421875,198.43690490722656,276.9980163574219,217.8169403076172,151.94537353515625,67.28111267089844,183.64305114746094
2025-11-05,672.012451171875,621.01171875,185.06593322753906,358.3848571777344,111.72904968261719,143.81427001953125,30.19268035888672,51.966697692871094,74.39772033691406,42.75090789794922,66.61211395263672,94.49755096435547,108.74314880371094,158.0012969970703,198.11785888671875,841.843017578125,120.29742431640625,641.6519165039062,44.95110321044922,295.260009765625,259.1978759765625,144.76809692382812,281.5478210449219,196.27281188964844,321.2052001953125,503.96826171875,250.1999969482422,634.30029296875,269.3778991699219,194.96136474609375,283.7547912597656,237.2678985595703,159.85317993164062,67.13412475585938,182.79783630371094
2025-11-06,664.8021850585938,609.4439086914062,183.76182556152344,350.0009460449219,109.28950500488281,144.09072875976562,30.162843704223633,51.778987884521484,74.06462097167969,43.16657638549805,65.23237609863281,91.45587158203125,108.82279968261719,158.12107849121094,197.20895385742188,856.1519165039062,121.1021499633789,644.3214111328125,45.10587692260742,291.2099914550781,262.5055847167969,146.06520080566406,281.3390808105469,196.90219116210938,315.1484375,493.9715576171875,243.0399932861328,617.3344116210938,269.0089416503906,187.84043884277344,284.1939392089844,238.0970916748047,163.3477783203125,67.67308044433594,183.75115966796875
2025-11-07,665.4567260742188,607.5208740234375,185.3030548095703,347.0401611328125,109.45948028564453,144.28817749023438,30.321962356567383,52.14453125,75.1520767211914,43.78764724731445,64.70018768310547,89.78343200683594,108.49421691894531,157.4124755859375,199.48118591308594,849.5508422851562,116.62705993652344,654.939453125,45.16391372680664,294.8599853515625,267.418701171875,147.5305938720703,285.8118896484375,204.09780883789062,317.7455749511719,493.6933288574219,244.41000366210938,620.0972290039062,267.7126159667969,187.9103240966797,278.28546142578125,237.6875,162.70877075195312,69.1331558227539,183.35804748535156
2025-11-10,675.8407592773438,620.9617919921875,186.37005615234375,357.67706298828125,111.75904846191406,145.4137420654297,30.30207061767578,52.332244873046875,74.87776184082031,44.18376159667969,66.49385833740234,93.56841278076172,109.619384765625,159.22891235351562,198.04869079589844,856.9097290039062,115.94992065429688,652.160400390625,45.71528244018555,295.75,268.173095703125,148.02565002441406,286.50762939453125,204.342041015625,315.1679992675781,502.8155517578125,248.39999389648438,630.1211547851562,268.9303283691406,198.7964630126953,289.5334777832031,253.05245971679688,173.95140075683594,69.10375213623047,185.16636657714844
2025-11-11,677.3878784179688,619.307861328125,187.44692993164062,349.9610595703125,111.00918579101562,148.77066040039062,30.938547134399414,52.56935501098633,75.85745239257812,44.76081085205078,66.29674530029297,93.19676971435547,113.52262878417969,163.8199462890625,200.81488037109375,853.9881591796875,120.27779388427734,671.892333984375,47.1275634765625,299.1000061035156,269.68182373046875,150.49110412597656,290.6524658203125,206.5777587890625,320.9210205078125,505.4786682128906,249.10000610351562,625.4533081054688,274.73956298828125,192.91395568847656,290.7411193847656,240.8743896484375,169.72793579101562,70.17186737060547,190.4930419921875
2025-11-12,677.7647705078125,618.8196411132812,187.89149475097656,354.4271545410156,109.82940673828125,150.883544921875,31.226945877075195,53.0238151550293,75.74968719482422,44.134857177734375,65.53788757324219,93.81292724609375,113.62220001220703,164.63836669921875,201.33847045898438,838.3430786132812,121.1021499633789,679.0339965820312,47.47579574584961,296.9599914550781,270.3975524902344,152.53079223632812,293.14727783203125,208.41891479492188,332.29949951171875,507.9232177734375,244.1999969482422,607.43017578125,272.962890625,193.5531463623047,286.15008544921875,244.66065979003906,165.85389709472656,70.0738754272461,191.04339599609375
2025-11-13,666.5179443359375,606.1858520507812,185.76739501953125,343.7503967285156,106.8199691772461,150.8045654296875,31.107608795166016,52.342124938964844,75.74968719482422,44.24733352661133,63.86248779296875,92.0035629272461,111.43161010742188,163.00155639648438,202.03988647460938,843.8173828125,122.8686294555664,692.2518310546875,47.040504455566406,291.70001220703125,274.2275390625,151.194091796875,294.4294738769531,209.62132263183594,325.889892578125,500.12261962890625,237.5800018310547,608.3079223632812,272.4438171386719,186.62197875976562,278.0260314941406,236.71844482421875,156.91770935058594,69.64271545410156,191.88861083984375
2025-11-14,666.408935546875,606.6441040039062,185.085693359375,343.909912109375,107.41986083984375,149.90609741210938,30.809261322021484,51.81850814819336,75.69091033935547,45.00043869018555,63.9511833190918,92.06224060058594,113.52262878417969,163.86984252929688,206.64361572265625,839.6792602539062,122.69197845458984,690.7677001953125,45.12521743774414,293.3599853515625,275.67822265625,150.57032775878906,293.7038879394531,211.5282440185547,315.44244384765625,506.96923828125,234.69000244140625,607.8790283203125,271.90484619140625,189.92774963378906,275.8702087402344,246.58877563476562,157.586669921875,69.73090362548828,192.55690002441406
2025-11-17,660.2003173828125,601.4630126953125,182.65528869628906,339.244384765625,105.47022247314453,149.77774047851562,30.670034408569336,50.83054733276367,75.21085357666016,44.17886734008789,63.813209533691406,90.97662353515625,114.33912658691406,164.937744140625,205.45811462402344,852.7815551757812,121.77928924560547,701.5350952148438,45.27998733520508,277.010009765625,269.9623718261719,148.84747314453125,293.7933349609375,211.68795776367188,314.129150390625,504.296142578125,232.8699951171875,600.4483642578125,266.9639892578125,186.36231994628906,284.46337890625,241.7135772705078,162.19955444335938,69.26054382324219,196.14405822753906
2025-11-18,654.6563110351562,594.1398315429688,182.76397705078125,332.25616455078125,104.39043426513672,150.65646362304688,30.809261322021484,50.751502990722656,75.53414916992188,44.53097152709961,62.6207160949707,89.57804107666016,114.68762969970703,166.14540100097656,208.74789428710938,858.2858276367188,124.81175994873047,722.4822387695312,45.521820068359375,273.7200012207031,270.1073913574219,151.2733154296875,294.7773742675781,211.24644470214844,307.3275451660156,490.6824035644531,222.5500030517578,596.1395263671875,266.94403076171875,181.1289825439453,283.724853515625,228.27670288085938,152.62432861328125,69.7896957397461,196.55682373046875
2025-11-19,657.1853637695312,597.6868286132812,182.21070861816406,338.3870849609375,103.87052154541016,150.39974975585938,30.66008949279785,50.93922424316406,74.95614624023438,43.953914642333984,63.13318634033203,88.57066345214844,114.01053619384766,164.89784240722656,213.0552215576172,850.0294799804688,125.68519592285156,699.9812622070312,44.29332733154297,273.0,263.5404052734375,152.1347198486328,292.18310546875,209.41464233398438,302.92706298828125,484.0543518066406,222.69000244140625,588.7886352539062,268.0619812011719,186.28240966796875,292.2381896972656,225.69921875,153.7326202392578,69.6819076538086,199.02362060546875
2025-11-20,647.1683349609375,583.5385131835938,179.98777770996094,324.091552734375,100.7811050415039,149.50128173828125,30.4810791015625,50.49463653564453,75.4949722290039,43.45510482788086,62.02939224243164,86.58525848388672,113.34339904785156,163.91976928710938,214.18145751953125,847.0281372070312,122.66254425048828,735.0166625976562,44.43842697143555,270.5,266.1807556152344,150.16436767578125,294.52886962890625,212.2985382080078,305.3282165527344,476.308837890625,217.13999938964844,587.6217651367188,265.7562561035156,180.40989685058594,288.884765625,201.17320251464844,140.01380920410156,69.77989959716797,199.57398986816406
2025-11-21,653.6149291992188,587.9224853515625,183.5247039794922,325.1183776855469,100.90107727050781,152.65086364746094,31.366178512573242,51.04789733886719,76.31790924072266,43.72896194458008,62.5418701171875,87.2601089477539,116.15133666992188,167.19334411621094,214.00363159179688,863.5507202148438,124.28182220458984,753.8658447265625,44.7382926940918,244.05999755859375,264.1207275390625,152.9070281982422,296.4869689941406,213.1533660888672,313.59014892578125,470.0268249511719,220.69000244140625,592.7084350585938,270.98651123046875,178.6521453857422,299.0747985839844,207.16734313964844,138.97540283203125,71.48495483398438,200.38967895507812
2025-11-24,663.235107421875,602.9575805664062,184.28543090820312,338.06805419921875,102.2108383178711,153.29261779785156,31.674468994140625,51.2652473449707,75.43618774414062,43.60670471191406,64.60163879394531,88.3163833618164,119.06881713867188,169.37908935546875,209.2813720703125,867.7188110351562,122.93731689453125,759.4009399414062,46.198936462402344,235.74000549316406,266.6256103515625,151.39212036132812,294.0219421386719,211.43431091308594,312.6884765625,471.89849853515625,226.27999877929688,611.4596557617188,275.4083557128906,182.31747436523438,317.9578552246094,223.71116638183594,150.69729614257812,71.1321792602539,202.502685546875
2025-11-25,669.4734497070312,606.6740112304688,186.90354919433594,338.955322265625,103.17066192626953,156.75816345214844,32.370609283447266,51.90742111206055,76.47466278076172,43.332847595214844,65.06482696533203,87.81758117675781,120.85116577148438,171.9939727783203,213.6183319091797,886.734130859375,124.75288391113281,785.2012939453125,47.44677734375,239.9499969482422,267.8829650878906,154.42196655273438,295.9700927734375,212.68368530273438,319.7743225097656,474.8752136230469,229.6699981689453,634.569580078125,276.45635986328125,177.59349060058594,322.8083801269531,224.31057739257812,155.17041015625,71.15178680419922,204.40159606933594
2025-11-26,674.09521484375,612.034423828125,188.20765686035156,346.63140869140625,102.95069885253906,156.41258239746094,32.32088851928711,52.3124885559082,77.3073959350586,43.66049575805664,65.35063171386719,89.53892517089844,122.32483673095703,173.32139587402344,214.72482299804688,881.1801147460938,125.13561248779297,782.49853515625,47.64023971557617,240.6699981689453,271.6451721191406,154.7487030029297,296.09930419921875,215.257568359375,323.1358947753906,483.3475341796875,229.16000366210938,631.9663696289062,277.0353088378906,180.03038024902344,319.3252258300781,230.03497314453125,157.496826171875,71.4163589477539,205.28182983398438
2025-11-28,677.7747192382812,616.996337890625,189.22528076171875,351.187255859375,104.07048034667969,155.65234375,32.21148681640625,52.68791198730469,77.758056640625,44.23265838623047,65.79412841796875,88.87386322021484,122.63351440429688,173.49105834960938,215.238525390625,878.5975341796875,123.49671173095703,778.0904541015625,47.59187316894531,240.2899932861328,272.2157897949219,155.74874877929688,294.38970947265625,214.91940307617188,323.1947021484375,489.82867431640625,233.22000122070312,646.2691650390625,278.3328857421875,176.7745361328125,319.55474853515625,236.2489013671875,163.07818603515625,71.65155029296875,204.64886474609375
2025-12-01,674.6803588867188,614.923828125,187.9310302734375,351.8651428222656,104.05049133300781,153.32223510742188,31.724191665649414,52.25320816040039,77.6796875,44.65811538696289,65.71528625488281,88.62935638427734,119.33765411376953,169.77830505371094,213.32196044921875,855.2327880859375,122.01483154296875,748.0913696289062,47.57252502441406,240.41000366210938,269.8269348144531,155.3922882080078,292.1036071777344,214.00820922851562,316.7655334472656,484.5820007324219,233.8800048828125,639.2075805664062,282.57501220703125,179.69081115722656,314.2751159667969,240.22503662109375,163.28785705566406,71.00025177001953,203.08619689941406
2025-12-02,675.9300537109375,619.736328125,187.75318908691406,358.3150634765625,105.20027923583984,152.40403747558594,31.565073013305664,52.20381164550781,77.17023468017578,44.081058502197266,66.03065490722656,90.04750061035156,117.95359802246094,168.89004516601562,211.94874572753906,828.0953369140625,121.60265350341797,740.0032348632812,46.67292785644531,240.13999938964844,268.37615966796875,153.82786560058594,292.7198486328125,214.89120483398438,318.06903076171875,487.82757568359375,234.4199981689453,645.4213256835938,285.6592712402344,181.22886657714844,315.1932678222656,239.25596618652344,159.74334716796875,69.73715209960938,203.1653289794922
2025-12-03,678.2706298828125,621.2507934570312,189.18576049804688,363.23974609375,106.66000366210938,153.1149139404297,31.724191665649414,52.9052619934082,77.2290267944336,44.90752029418945,66.03065490722656,90.95706939697266,121.3092041015625,171.8941650390625,213.539306640625,803.8123779296875,122.67235565185547,721.7225952148438,49.294342041015625,241.3300018310547,265.32965087890625,155.30319213867188,293.2665100097656,213.406982421875,332.9365539550781,475.6119689941406,232.3800048828125,637.9408569335938,283.623046875,179.36123657226562,319.0058288574219,233.93118286132812,155.35012817382812,69.87529754638672,203.07630920410156
2025-12-04,678.7664794921875,620.6729125976562,189.2450408935547,360.47833251953125,107.92976379394531,151.94985961914062,31.624740600585938,53.01393508911133,76.85673522949219,45.098243713378906,66.35588073730469,89.85189819335938,122.72312927246094,171.7744140625,211.6029815673828,812.6053466796875,120.336669921875,720.8549194335938,50.251991271972656,242.27999877929688,264.2174377441406,157.54087829589844,292.8590393066406,213.32244873046875,326.8405456542969,478.70819091796875,229.11000061035156,659.81396484375,280.179443359375,183.1566162109375,316.999755859375,226.4285125732422,160.8810272216797,69.52005004882812,200.25758361816406
2025-12-05,680.0557861328125,623.20361328125,189.6896209716797,363.28961181640625,109.43948364257812,151.31796264648438,31.634689331054688,53.033695220947266,76.86653900146484,44.91240692138672,66.64168548583984,92.228515625,122.8824462890625,170.82626342773438,211.8162078857422,807.05615234375,118.9627456665039,716.4268188476562,50.44545364379883,242.0,261.9736328125,156.2636260986328,293.21685791015625,209.37709045410156,324.3119812011719,481.01788330078125,229.52999877929688,671.673095703125,278.26300048828125,182.1877899169922,320.6426086425781,236.98818969726562,168.76519775390625,69.07598876953125,199.713623046875
2025-12-08,678.0127563476562,622.008056640625,188.553466796875,367.4067687988281,109.3794937133789,149.5111541748047,31.266727447509766,52.83610534667969,76.22974395751953,44.42338180541992,66.05036163330078,92.98159790039062,123.13137817382812,169.6186065673828,208.49386596679688,796.3867797851562,118.93330383300781,701.3675537109375,49.981136322021484,239.0500030517578,261.53839111328125,155.4813995361328,295.4333801269531,209.63070678710938,319.2998046875,488.8430480957031,226.88999938964844,665.0702514648438,277.3746643066406,185.323974609375,313.3121643066406,246.6787109375,169.654541015625,69.32269287109375,199.4070281982422
2025-12-09,677.427490234375,622.7752075195312,188.19778442382812,367.8553771972656,109.92938232421875,148.05978393554688,31.037992477416992,52.638511657714844,76.40608215332031,44.69723892211914,66.18834686279297,93.47061157226562,120.67193603515625,166.76419067382812,207.58145141601562,793.4724731445312,117.13738250732422,690.7162475585938,48.99448013305664,232.0,261.24822998046875,156.4517364501953,299.39923095703125,212.6273193359375,319.28009033203125,489.8385925292969,227.9199981689453,655.2557983398438,276.6659851074219,184.7446746826172,316.66778564453125,252.17333984375,169.4147186279297,69.16480255126953,197.7652587890625
2025-12-10,681.92041015625,625.3258666992188,190.84552001953125,372.9395751953125,110.05936431884766,150.212158203125,31.545185089111328,53.24116516113281,76.63140869140625,45.166709899902344,66.21791076660156,94.62469482421875,121.52826690673828,168.60060119628906,207.42279052734375,811.5274658203125,119.08050537109375,724.2557983398438,49.53617477416992,229.16000366210938,257.58270263671875,158.79837036132812,294.74755859375,209.3019256591797,323.9864196777344,476.43829345703125,231.77999877929688,648.4434814453125,278.26300048828125,183.55612182617188,319.7937316894531,263.4522705078125,181.8155517578125,69.28321838378906,204.2730255126953
2025-12-11,683.5072021484375,623.3032836914062,192.3867645263672,369.7395324707031,109.7594223022461,151.6339111328125,31.823640823364258,54.20936965942383,77.19963073730469,44.951534271240234,65.72514343261719,92.87401580810547,122.49410247802734,169.94796752929688,210.29884338378906,813.962646484375,120.91567993164062,744.7903442382812,49.5265007019043,229.49000549316406,263.4630432128906,161.49154663085938,304.1304931640625,216.46937561035156,332.23480224609375,481.3265075683594,230.27999877929688,651.016845703125,277.514404296875,180.70957946777344,312.02386474609375,258.2074279785156,187.06167602539062,68.19773864746094,207.70494079589844
2025-12-12,676.1580810546875,611.3867797851562,191.08267211914062,353.02154541015625,107.94976043701172,152.1078338623047,31.763973236083984,54.28840637207031,77.80703735351562,44.511409759521484,65.19295501708984,90.63431549072266,122.6036376953125,169.08966064453125,213.82943725585938,812.22607421875,118.15801239013672,739.295166015625,50.69695281982422,223.25999450683594,265.7851867675781,161.6004638671875,306.6054382324219,220.61199951171875,337.276611328125,476.4084167480469,226.19000244140625,642.558837890625,277.763916015625,174.80679321289062,308.887939453125,240.90435791015625,176.20968627929688,69.58912658691406,209.25770568847656
2025-12-15,675.1365356445312,608.3179931640625,191.31976318359375,351.8053283691406,105.37024688720703,154.1219940185547,31.982759475708008,54.32792282104492,78.02257537841797,44.198429107666016,65.27179718017578,90.69300079345703,122.31487274169922,169.0497283935547,216.51707458496094,821.4182739257812,118.3259506225586,750.5946655273438,52.5155029296875,220.10000610351562,264.4541015625,159.8083038330078,310.72039794921875,222.0304412841797,336.5464782714844,472.7148742675781,222.5399932861328,646.3570556640625,273.6016540527344,176.0752410888672,307.8193359375,237.2678985595703,171.91287231445312,70.03318786621094,211.8192901611328
2025-12-16,673.2918701171875,609.5236206054688,189.9761199951172,350.8482971191406,106.29006958007812,152.11770629882812,31.545185089111328,53.98213577270508,77.66988372802734,42.84870910644531,65.79412841796875,89.5199966430664,121.48843383789062,167.9636688232422,217.09225463867188,808.3934936523438,117.33808135986328,744.3515014648438,52.457462310791016,219.3000030517578,265.2022399902344,158.94432067871094,309.159912109375,217.7563018798828,329.7386169433594,474.2779235839844,222.55999755859375,655.9799194335938,274.1007385253906,177.50350952148438,306.1714782714844,232.28277587890625,174.4510040283203,69.44110870361328,207.00274658203125
2025-12-17,665.8832397460938,598.2247924804688,189.46238708496094,338.18768310546875,104.68036651611328,151.84124755859375,31.545185089111328,53.97225570678711,78.0323715209961,43.79742431640625,64.36510467529297,88.58000183105469,120.42300415039062,167.38417053222656,217.95509338378906,804.960205078125,119.88676452636719,747.7722778320312,51.79969024658203,215.4600067138672,265.96978759765625,159.74871826171875,311.0682678222656,213.49154663085938,327.2029113769531,474.00909423828125,221.27000427246094,648.343505859375,271.33587646484375,170.7317657470703,296.3342590332031,225.29962158203125,166.1371307373047,69.73715209960938,208.0214385986328
2025-12-18,670.9114990234375,606.8931884765625,189.867431640625,346.1728515625,106.16009521484375,151.95973205566406,31.535236358642578,53.88334655761719,77.58171081542969,43.16168975830078,65.6265869140625,90.06999969482422,119.49697875976562,166.04534912109375,216.51707458496094,808.9923706054688,119.99542999267578,746.6952514648438,51.586883544921875,218.10000610351562,258.4786376953125,158.9641876220703,309.08038330078125,211.2276611328125,323.759521484375,481.8342590332031,226.75999450683594,663.266845703125,271.68524169921875,173.9278564453125,302.0668029785156,248.30711364746094,174.88067626953125,69.43123626708984,206.0236053466797
2025-12-19,676.9923095703125,614.8042602539062,190.5590362548828,355.125,107.73979949951172,152.9766845703125,31.793804168701172,54.17972946166992,77.18003845214844,43.16168975830078,66.14891815185547,91.33999633789062,122.90235900878906,170.05184936523438,214.55340576171875,818.66357421875,122.78120422363281,765.8934326171875,52.41877365112305,221.86000061035156,261.4517822265625,159.1925811767578,308.7225341796875,210.68283081054688,323.0491027832031,483.7656555175781,227.35000610351562,657.5969848632812,273.1625061035156,180.76951599121094,306.7607116699219,265.66015625,180.94619750976562,69.13520050048828,204.10488891601562
2025-12-22,681.2098999023438,617.7513427734375,191.9714813232422,359.70001220703125,108.92957305908203,153.98507690429688,32.01594543457031,54.844970703125,76.91043090820312,43.608524322509766,66.51356506347656,91.75,125.78652954101562,172.61962890625,217.8459930419922,816.8171997070312,122.65277862548828,777.2627563476562,52.873409271240234,223.36000061035156,265.44512939453125,160.3346405029297,309.0704650878906,213.57608032226562,320.81927490234375,482.7701110839844,228.42999267578125,660.3221435546875,270.4674987792969,183.4662322998047,309.3773193359375,276.3197021484375,176.62937927246094,69.28321838378906,205.0444793701172
2025-12-23,684.3233032226562,620.6444702148438,191.52513122558594,363.1600036621094,108.04974365234375,153.6776885986328,31.846599578857422,54.95402526855469,76.54505157470703,43.89457702636719,67.14430236816406,92.69999694824219,124.76752471923828,171.95021057128906,218.5203857421875,824.1329956054688,123.67028045654297,783.0570678710938,52.505828857421875,224.25999450683594,267.7090148925781,160.83119201660156,311.4062194824219,214.07395935058594,320.46405029296875,484.6915283203125,232.13999938964844,663.7559814453125,271.85491943359375,188.97950744628906,313.94134521484375,276.0,178.11830139160156,68.94771575927734,203.52137756347656
2025-12-24,686.7305297851562,622.460205078125,192.21945190429688,364.1700134277344,108.209716796875,154.4808349609375,32.0059814453125,55.25144958496094,77.14745330810547,43.76634979248047,67.18372344970703,94.5999984741211,126.1761474609375,173.09921264648438,219.53195190429688,824.8316650390625,124.14444732666016,781.6010131835938,52.921775817871094,223.14999389648438,268.5348815917969,161.50650024414062,311.4261169433594,213.85789489746094,323.2069396972656,485.8563232421875,232.3800048828125,666.361328125,273.3022155761719,188.38023376464844,313.6816711425781,286.39984130859375,179.4273223876953,69.18453979492188,205.49942016601562
2025-12-26,686.660888671875,622.4203491210938,192.26905822753906,365.8599853515625,108.0797348022461,154.72872924804688,32.0059814453125,55.142391204833984,77.2560806274414,43.598663330078125,67.00633239746094,95.83999633789062,124.85743713378906,171.88026428222656,219.27410888671875,826.6581420898438,123.18621826171875,782.8576049804688,52.85406494140625,224.64999389648438,268.87493896484375,162.39035034179688,311.5752258300781,213.36004638671875,327.40020751953125,485.5476989746094,232.52000427246094,662.1089477539062,272.89300537109375,190.2978973388672,313.10247802734375,284.51171875,181.4058380126953,68.94771575927734,205.35105895996094
2025-12-29,684.2138671875,619.4074096679688,191.95166015625,364.2099914550781,107.36986541748047,154.49073791503906,31.92629051208496,54.844970703125,77.30545806884766,44.01294708251953,66.48400115966797,98.72000122070312,123.26899719238281,170.61135864257812,220.4542694091797,828.8139038085938,123.3936767578125,778.399658203125,52.34138870239258,225.02000427246094,270.5169677734375,162.84716796875,312.5492858886719,214.65635681152344,324.5487976074219,484.9404296875,232.07000732421875,657.5171508789062,273.2523498535156,187.99070739746094,313.15240478515625,294.2011413574219,179.54722595214844,69.23387908935547,205.28182983398438
2025-12-30,683.3783569335938,617.9707641601562,191.6441650390625,363.30999755859375,106.96994018554688,154.36184692382812,31.976097106933594,54.706172943115234,77.17707824707031,44.348323822021484,66.41000366210938,98.62000274658203,121.5506820678711,168.7429962158203,220.28567504882812,825.7299194335938,121.68467712402344,771.8572998046875,52.43811798095703,224.63999938964844,268.0004577636719,162.0328369140625,312.24114990234375,216.02786254882812,327.725830078125,485.3187255859375,232.52999877929688,664.7642211914062,272.57354736328125,187.31153869628906,313.4420166015625,292.4621276855469,175.92990112304688,69.14507293701172,204.6389617919922
2025-12-31,678.3152465820312,612.8628540039062,190.0075225830078,360.1300048828125,105.6701889038086,153.4893035888672,31.72706413269043,54.29969024658203,76.71292877197266,44.101722717285156,65.95999908447266,97.22000122070312,121.8104248046875,168.62310791015625,217.8955841064453,818.7035522460938,121.25000762939453,769.7928466796875,52.17694091796875,223.22999572753906,265.32855224609375,160.84112548828125,310.2333679199219,213.91427612304688,325.70318603515625,481.4758605957031,230.82000732421875,658.9146118164062,271.3558349609375,186.27281188964844,312.5931091308594,285.24627685546875,172.14271545410156,68.9871826171875,204.67852783203125
2026-01-02,679.55859375,611.6756591796875,191.29701232910156,373.29998779296875,102.60076904296875,154.1932830810547,31.886444091796875,54.45832061767578,76.7228012084961,45.028934478759766,65.3499984741211,102.22000122070312,121.40082550048828,168.8529052734375,216.5963897705078,821.8474731445312,120.12385559082031,774.220947265625,52.323753356933594,219.49000549316406,262.0250244140625,158.88473510742188,308.1858215332031,211.91616821289062,331.9092102050781,470.84320068359375,226.5,649.2518310546875,270.5074462890625,188.6199493408203,314.74029541015625,315.23907470703125,187.56129455566406,68.20761108398438,205.0741424560547
2026-01-05,684.0845336914062,616.5341796875,193.07247924804688,377.5899963378906,103.6105728149414,153.72726440429688,32.33470916748047,55.648014068603516,76.38703155517578,46.2520637512207,65.88999938964844,104.83000183105469,120.03217315673828,167.1943359375,217.6278076171875,823.3245849609375,116.8639144897461,761.1760864257812,51.93225860595703,221.32000732421875,267.2523498535156,164.475830078125,313.2848205566406,212.7154083251953,337.4541931152344,470.7536315917969,233.05999755859375,657.616943359375,266.764404296875,187.89083862304688,316.1285095214844,311.970947265625,187.74118041992188,67.04318237304688,202.0675048828125
2026-01-06,688.1529541015625,621.951416015625,195.4034423828125,387.6199951171875,104.90032958984375,156.75143432617188,33.07185363769531,55.91569900512695,76.50554656982422,45.01906967163086,65.6500015258789,107.61000061035156,121.97026824951172,171.09095764160156,217.2707977294922,824.9114990234375,119.88676452636719,774.4502563476562,53.26334762573242,237.8699951171875,261.5101013183594,164.86312866210938,307.42047119140625,212.14598083496094,344.3114013671875,476.3885192871094,240.92999267578125,659.4436645507812,261.87347412109375,187.0119171142578,313.9313659667969,343.23297119140625,219.2178955078125,66.94450378417969,202.542236328125
2026-01-07,685.9347534179688,622.550048828125,193.2113494873047,385.0199890136719,106.22008514404297,158.3081512451172,32.98220443725586,55.13248062133789,75.66612243652344,44.51601028442383,65.9000015258789,107.02999877929688,126.30601501464844,176.58616638183594,214.1864776611328,822.3564453125,122.8404769897461,810.0841674804688,55.514469146728516,239.35000610351562,259.275390625,160.8013916015625,304.77655029296875,208.8990936279297,337.13848876953125,481.3265075683594,241.55999755859375,647.534912109375,259.84722900390625,188.87962341308594,321.56146240234375,339.355224609375,199.7322998046875,66.6484603881836,205.21261596679688
2026-01-08,685.8651123046875,619.0083618164062,194.86782836914062,378.9800109863281,104.42042541503906,156.7811737060547,32.89255142211914,55.41999053955078,77.46347045898438,45.916690826416016,65.87999725341797,106.58999633789062,123.58867645263672,172.1100616455078,216.06085205078125,813.0545043945312,119.20514678955078,798.8544311523438,54.71189880371094,241.16000366210938,259.07135009765625,160.86097717285156,311.1080322265625,212.9451904296875,342.2197265625,475.9902648925781,246.2899932861328,644.9096069335938,258.55963134765625,184.81459045410156,325.0169372558594,326.8323974609375,187.54132080078125,68.45430755615234,203.49169921875
2026-01-09,690.4010009765625,625.173828125,195.9985809326172,389.2200012207031,104.98031616210938,155.97805786132812,32.85270309448242,55.25144958496094,78.26338195800781,46.035057067871094,66.37000274658203,108.88999938964844,124.3779067993164,172.2399444580078,219.08567810058594,814.481689453125,119.62992095947266,794.4064331054688,54.67274856567383,240.1199951171875,255.00027465820312,164.83334350585938,304.9554443359375,214.95326232910156,339.3880615234375,477.15509033203125,247.3800048828125,651.8971557617188,258.8890075683594,184.63479614257812,328.14288330078125,344.8920593261719,200.31187438964844,69.57926177978516,202.14663696289062
2026-01-12,691.4852294921875,625.6925659179688,196.1771240234375,390.6600036621094,105.33025360107422,156.04745483398438,32.792930603027344,54.81522750854492,79.18180847167969,45.70954513549805,66.28500366210938,108.93000030517578,123.80846405029297,171.2508087158203,216.76499938964844,824.023193359375,121.11170959472656,765.9332885742188,54.58465576171875,233.2100067138672,257.4584655761719,165.1014862060547,304.7666015625,216.29197692871094,335.96435546875,475.06439208984375,246.47000122070312,640.8268432617188,259.7673645019531,184.71470642089844,331.4285888671875,345.6716003417969,211.98324584960938,69.56939697265625,207.41812133789062
2026-01-13,690.1026000976562,624.7647705078125,196.1771240234375,391.5299987792969,103.33062744140625,155.4128875732422,32.66343688964844,53.76432800292969,80.10022735595703,46.360565185546875,65.98999786376953,107.54000091552734,123.7285385131836,171.17088317871094,214.39471435546875,822.3864135742188,120.28191375732422,756.8677368164062,54.731468200683594,228.49000549316406,260.8299560546875,165.5384521484375,298.8724365234375,204.86297607421875,329.47216796875,468.5832824707031,242.60000610351562,629.96630859375,260.5658874511719,185.58364868164062,335.5332336425781,337.93603515625,213.8418731689453,70.29962921142578,211.3049774169922
2026-01-14,686.7106323242188,618.0905151367188,197.06982421875,388.3500061035156,101.05105590820312,156.5233917236328,32.88258361816406,53.685020446777344,81.20629119873047,47.40614700317383,64.9800033569336,109.63999938964844,126.69563293457031,172.6795654296875,216.98316955566406,832.5466918945312,122.5638656616211,752.110595703125,55.80809020996094,218.86000061035156,267.4175109863281,171.74526977539062,299.1905212402344,205.30255126953125,330.4884338378906,457.34332275390625,236.64999389648438,614.4240112304688,259.4779052734375,182.91688537597656,335.4034118652344,333.1587829589844,214.84112548828125,70.49699401855469,216.15121459960938
2026-01-15,688.5806884765625,620.3153076171875,197.9427032470703,396.4100036621094,99.76129150390625,155.6310272216797,33.0120849609375,53.90312576293945,81.34454345703125,46.9622688293457,65.08999633789062,111.05000305175781,124.2280502319336,170.41152954101562,218.04434204101562,842.4974365234375,119.7879867553711,739.9234619140625,55.41659164428711,218.9499969482422,264.8524169921875,172.08291625976562,299.2899169921875,203.324462890625,334.43505859375,454.6353759765625,238.17999267578125,619.694580078125,257.7311706542969,186.8221435546875,332.347412109375,336.4368896484375,221.93589782714844,69.5496597290039,217.16001892089844
2026-01-16,688.0037231445312,619.7965087890625,197.4368438720703,400.3900146484375,98.29156494140625,154.4213409423828,32.753089904785156,53.9725227355957,81.08777618408203,47.04117965698242,64.9000015258789,112.22000122070312,124.05821990966797,169.81207275390625,219.4030303955078,838.8345336914062,123.3936767578125,731.0673217773438,54.08549880981445,222.2100067138672,271.5662841796875,172.778076171875,298.95196533203125,202.17555236816406,326.6010437011719,457.8211669921875,239.1199951171875,619.1455688476562,255.05612182617188,186.0031280517578,329.5710144042969,362.54193115234375,221.3463134765625,69.51019287109375,216.260009765625
2026-01-20,673.9981689453125,606.6276245117188,194.4908905029297,390.3900146484375,95.91201782226562,154.08421325683594,32.42436218261719,52.7431755065918,81.33466339111328,46.9524040222168,62.939998626708984,110.97000122070312,125.16712951660156,170.5714111328125,219.47244262695312,820.2506103515625,122.63301849365234,731.805419921875,53.067604064941406,216.25999450683594,271.96466064453125,169.76901245117188,299.240234375,203.72406005859375,333.912109375,452.5048828125,231.0,603.0443115234375,246.2425079345703,177.8530731201172,321.5814208984375,364.7906494140625,222.8052520751953,70.80289459228516,215.81495666503906
2026-01-21,681.77685546875,614.8282470703125,197.78399658203125,401.92999267578125,95.38211822509766,156.9199981689453,33.13161849975586,53.000938415527344,81.4136734008789,48.08675765991211,63.63999938964844,115.66000366210938,128.05429077148438,175.00753784179688,224.61959838867188,821.6577758789062,127.54268646240234,747.3135375976562,53.341651916503906,219.72999572753906,271.14849853515625,170.71243286132812,298.166748046875,202.80494689941406,343.1076965332031,442.1410217285156,231.30999755859375,611.8685913085938,247.1907501220703,183.09669494628906,327.953125,388.88677978515625,241.72125244140625,71.05946350097656,215.6171417236328
2026-01-22,685.3379516601562,619.2976684570312,198.04188537597656,402.82000732421875,96.92182922363281,156.9497528076172,33.11170196533203,53.347938537597656,81.24578094482422,48.24458312988281,64.93000030517578,115.98999786376953,131.44097900390625,177.48538208007812,227.10887145996094,815.4697875976562,129.54803466796875,753.4769287109375,53.77229690551758,225.27999877929688,273.4026794433594,173.14552307128906,299.10107421875,206.72119140625,349.7380065917969,449.1398620605469,234.33999633789062,646.476806640625,247.8894500732422,184.6148223876953,330.11029052734375,397.3518981933594,243.11021423339844,70.92131042480469,216.0918731689453
2026-01-23,685.5865478515625,621.2530517578125,197.1591033935547,400.0899963378906,97.69168090820312,156.1466064453125,32.88258361816406,52.614288330078125,81.87782287597656,48.52077102661133,65.62000274658203,117.97000122070312,127.9144287109375,175.17738342285156,227.3369598388672,818.6436767578125,134.27989196777344,751.5221557617188,53.48846435546875,222.0,274.7143249511719,171.73533630371094,299.09112548828125,205.83204650878906,351.50408935546875,463.8841857910156,239.16000366210938,657.5870361328125,247.58001708984375,187.44137573242188,327.5036926269531,399.4207458496094,236.21533203125,71.91797637939453,217.7237548828125
2026-01-26,689.0680541992188,623.9866333007812,197.62530517578125,398.82000732421875,98.79147338867188,156.76136779785156,32.92243194580078,52.95137023925781,81.74943542480469,48.55036544799805,65.91999816894531,117.31999969482422,127.73461151123047,175.6969451904297,228.34852600097656,825.0213012695312,136.10743713378906,760.5977172851562,53.43952560424805,224.17999267578125,275.98712158203125,173.89035034179688,301.655517578125,207.80014038085938,346.9457702636719,468.19500732421875,238.4199981689453,671.1627197265625,254.93637084960938,186.2428436279297,332.8267822265625,388.8667907714844,240.6720428466797,71.6021957397461,219.05894470214844
2026-01-27,691.8134765625,629.6432495117188,197.3177947998047,407.25,97.7416763305664,154.13380432128906,32.47416687011719,52.544891357421875,82.12470245361328,48.994239807128906,66.55000305175781,122.69999694824219,128.40394592285156,176.7460174560547,229.42953491210938,832.566650390625,139.2587127685547,769.1744995117188,54.37912368774414,217.8699951171875,276.40496826171875,172.08291625976562,299.6477355957031,207.88006591796875,278.92608642578125,478.4493103027344,244.67999267578125,671.7716674804688,257.7910461425781,188.29034423828125,334.1150817871094,410.0046691894531,252.4733123779297,72.57913970947266,221.9765625
2026-01-28,691.7438354492188,631.728271484375,196.65322875976562,416.6300048828125,97.04180145263672,153.00344848632812,32.175323486328125,52.534976959228516,81.295166015625,49.36907196044922,66.54000091552734,125.55999755859375,125.81649780273438,173.87850952148438,229.68739318847656,825.0213012695312,138.02389526367188,749.1087036132812,53.45909881591797,217.99000549316406,277.93035888671875,171.24871826171875,301.8145751953125,212.53558349609375,290.094970703125,479.49468994140625,243.00999450683594,667.5391845703125,255.96444702148438,191.2866973876953,335.57318115234375,435.03033447265625,279.4933166503906,72.09559631347656,225.22056579589844
2026-01-29,690.3711547851562,627.9472045898438,196.9111328125,417.5199890136719,92.25270080566406,152.51760864257812,32.085670471191406,53.09016799926758,81.1075210571289,49.822811126708984,66.37999725341797,124.5,126.61570739746094,174.09832763671875,221.28733825683594,820.7095947265625,137.85595703125,747.4232788085938,53.12632751464844,209.97999572753906,281.60308837890625,173.89035034179688,304.3193359375,208.0598907470703,288.3880615234375,431.57806396484375,241.72999572753906,736.995361328125,257.801025390625,192.27548217773438,337.810302734375,435.5400390625,278.20428466796875,72.4607162475586,224.79527282714844
2026-01-30,688.3120727539062,620.405029296875,196.47470092773438,403.4599914550781,90.2930679321289,153.4298095703125,32.125518798828125,52.981109619140625,82.47035217285156,50.355464935302734,66.1500015258789,122.41000366210938,124.6276626586914,172.2799072265625,220.40469360351562,829.6024169921875,140.22682189941406,739.4547729492188,53.87996292114258,203.9199981689453,280.8549499511719,172.5794677734375,307.6888427734375,207.80014038085938,283.099609375,428.38232421875,239.3000030517578,715.2241821289062,258.99884033203125,190.8971710205078,337.56060791015625,414.6419982910156,250.04510498046875,73.82249450683594,224.75572204589844
2026-02-02,691.7339477539062,624.6650390625,197.48643493652344,407.9700012207031,89.50321197509766,154.37176513671875,32.20521545410156,53.566043853759766,83.4480209350586,49.36907196044922,66.15499877929688,120.93000030517578,127.22511291503906,173.98841857910156,221.3170928955078,844.8728637695312,141.15541076660156,752.98828125,54.70210647583008,203.35000610351562,282.5163879394531,171.9835968017578,309.3686218261719,202.84490966796875,281.77752685546875,421.49298095703125,242.9600067138672,705.152099609375,269.50927734375,185.38389587402344,343.2431945800781,437.5488586425781,270.03033447265625,74.33563995361328,228.21730041503906
2026-02-03,685.885009765625,615.0676879882812,196.9607391357422,397.67999267578125,85.37399291992188,152.79522705078125,31.936256408691406,53.07033920288086,84.80096435546875,50.9670295715332,65.08000183105469,124.31999969482422,127.52481842041016,173.64871215820312,223.2311553955078,849.473876953125,141.54067993164062,757.1370239257812,54.799983978271484,190.8000030517578,284.7511291503906,161.94346618652344,311.4857482910156,200.8368377685547,280.3863220214844,409.3868713378906,238.6199951171875,690.4683227539062,268.98028564453125,180.12030029296875,339.26837158203125,419.19940185546875,290.0255126953125,75.87503814697266,230.54151916503906
2026-02-04,682.5626831054688,604.322998046875,198.6767120361328,382.0199890136719,83.82427978515625,154.70887756347656,32.24505615234375,53.49664306640625,85.90702056884766,52.11125183105469,64.08999633789062,120.26000213623047,125.16712951660156,173.89849853515625,224.56007385253906,820.4102783203125,144.45484924316406,772.9742431640625,56.39533615112305,190.69000244140625,286.2571105957031,163.71116638183594,327.4586181640625,205.34249877929688,272.2366027832031,412.3536682128906,232.99000549316406,667.798828125,275.97723388671875,173.97779846191406,332.6070861816406,379.182373046875,269.2109375,76.32896423339844,231.89646911621094
2026-02-05,674.0379638671875,595.6235961914062,196.95079040527344,381.07000732421875,79.65505981445312,153.52894592285156,32.264976501464844,52.8323974609375,85.837890625,51.49968719482422,62.81999969482422,120.20999908447266,120.60161590576172,169.89198303222656,224.72869873046875,955.9475708007812,147.55674743652344,764.5669555664062,58.25495529174805,183.85000610351562,288.93878173828125,167.12738037109375,329.2775573730469,207.36056518554688,264.9649658203125,391.9246520996094,222.69000244140625,669.0166625976562,275.3983459472656,171.6706085205078,330.81939697265625,382.6703796386719,259.99774169921875,77.47366333007812,235.18002319335938
2026-02-06,686.96923828125,608.2138671875,200.62081909179688,401.6499938964844,82.44454193115234,156.37466430664062,32.563819885253906,53.794071197509766,86.84519958496094,52.525535583496094,63.11000061035156,124.70999908447266,125.38691711425781,174.82769775390625,224.91709899902344,946.84521484375,150.64874267578125,783.3961791992188,60.67245864868164,183.64999389648438,293.6899719238281,167.8324737548828,328.96942138671875,202.0956268310547,272.95684814453125,399.3615417480469,210.32000732421875,660.2822265625,277.6042175292969,185.1841278076172,322.4402770996094,394.4635925292969,282.3711853027344,77.9867935180664,237.35589599609375
2026-02-09,690.2816772460938,612.8728637695312,200.73985290527344,406.6499938964844,85.04405212402344,154.99642944335938,32.344669342041016,53.4768180847168,86.34154510498047,52.91022872924805,63.84000015258789,126.05000305175781,125.986328125,174.2182159423828,228.5964813232422,960.4588623046875,149.83868408203125,778.1802978515625,59.47838592529297,184.61000061035156,298.5188903808594,168.3091583251953,324.1984558105469,201.33636474609375,272.0195617675781,411.76629638671875,208.72000122070312,676.0140991210938,274.3672180175781,189.80848693847656,323.8984069824219,383.2799987792969,285.7786865234375,76.9407958984375,236.0207061767578
2026-02-10,688.4613037109375,610.029541015625,201.4540252685547,404.760009765625,85.39398956298828,154.0148162841797,32.28490447998047,53.09016799926758,86.06503295898438,52.85104751586914,63.58000183105469,124.44999694824219,125.21707916259766,171.9102325439453,229.806396484375,933.4013061523438,145.44273376464844,752.8784790039062,59.56647872924805,186.99000549316406,298.0525207519531,163.6714324951172,324.2779541015625,202.40533447265625,269.5726623535156,411.437744140625,206.9600067138672,669.525634765625,273.4280700683594,188.31031799316406,318.16583251953125,373.035888671875,262.3659973144531,75.79609680175781,235.73388671875
2026-02-11,688.3021850585938,611.6657104492188,201.8111114501953,414.7799987792969,83.21440124511719,154.92701721191406,32.533935546875,52.28712463378906,87.29946899414062,54.231998443603516,63.189998626708984,130.60000610351562,124.52776336669922,172.5496826171875,232.7221221923828,951.3464965820312,153.90869140625,776.8737182617188,58.65624237060547,177.0399932861328,293.8940124511719,150.94000244140625,327.0809020996094,208.1697998046875,275.1866760253906,402.57720947265625,204.0800018310547,667.4993286132812,275.24639892578125,189.8184814453125,310.55572509765625,410.1046142578125,273.5377197265625,77.56246948242188,238.21633911132812
2026-02-12,677.668701171875,599.22509765625,199.16273498535156,406.1099853515625,80.94482421875,154.67913818359375,31.92629051208496,51.24613952636719,88.0993881225586,53.24560546875,61.72999954223633,130.8000030517578,123.0592041015625,170.49147033691406,229.1022491455078,914.2283935546875,149.96713256835938,781.5411987304688,58.587730407714844,171.99000549316406,293.0778503417969,148.794921875,330.5001220703125,205.25257873535156,280.57379150390625,400.05841064453125,199.60000610351562,648.6529541015625,261.4891052246094,186.7122802734375,308.59832763671875,413.7325439453125,283.8901062011719,77.95719146728516,241.8658447265625
2026-02-13,678.1461181640625,600.5020141601562,201.2258758544922,407.7200012207031,82.75447845458984,156.33499145507812,32.38451385498047,51.20648193359375,88.3956527709961,53.61056900024414,61.150001525878906,133.97000122070312,122.73951721191406,172.34983825683594,232.58328247070312,932.942138671875,153.0986328125,801.0086059570312,59.44902801513672,174.11000061035156,294.46728515625,151.22799682617188,322.9858093261719,204.33348083496094,289.2760314941406,399.5407409667969,198.7899932861328,638.6307983398438,255.5445556640625,182.58731079101562,305.32257080078125,411.4238586425781,281.3719177246094,77.64141845703125,240.7779083251953
2026-02-17,679.2402954101562,599.8834838867188,200.8787078857422,407.510009765625,80.94482421875,156.03753662109375,32.37455749511719,51.75176239013672,87.10195922851562,53.018733978271484,61.27000045776367,130.67999267578125,124.50777435302734,173.8685302734375,233.27749633789062,944.6394653320312,153.3851318359375,791.3946533203125,59.06731414794922,176.82000732421875,294.62274169921875,152.37998962402344,329.8838806152344,207.70022583007812,285.23077392578125,395.1004943847656,201.14999389648438,638.1516723632812,263.6371154785156,184.7446746826172,301.6273498535156,399.5506591796875,283.9000549316406,78.50979614257812,240.6592254638672
2026-02-18,682.662109375,604.3629760742188,201.9202117919922,412.54998779296875,81.98462677001953,156.33499145507812,32.7331657409668,52.13841247558594,86.9439468383789,54.03471755981445,61.689998626708984,132.92999267578125,125.47682189941406,174.60787963867188,232.1270751953125,945.1384887695312,150.88584899902344,790.0282592773438,58.46049118041992,181.25,293.9620361328125,154.11790466308594,327.2995910644531,203.08468627929688,284.3526916503906,397.828369140625,204.7899932861328,642.0746459960938,264.106689453125,187.75099182128906,302.9356689453125,420.70855712890625,296.3408508300781,78.44071960449219,242.30101013183594
2026-02-19,680.8616333007812,602.04833984375,201.49368286132812,410.20001220703125,81.7646713256836,155.928466796875,32.70328140258789,51.70219039916992,86.57855987548828,54.42927932739258,61.59000015258789,135.2100067138672,126.61570739746094,174.8776397705078,231.49237060546875,935.3275756835938,149.28549194335938,780.2745971679688,59.018375396728516,182.57000732421875,295.283447265625,153.0453643798828,327.17034912109375,201.57614135742188,286.0595703125,397.5988464355469,204.86000061035156,643.6318969726562,260.3401184082031,187.6710968017578,302.456298828125,417.110595703125,284.4596862792969,77.8683853149414,244.19992065429688
2026-02-20,685.7855834960938,607.3757934570312,202.43597412109375,415.0299987792969,80.76485443115234,155.49220275878906,32.72320556640625,52.03927230834961,86.79581451416016,54.13336181640625,62.599998474121094,141.8800048828125,124.65763092041016,174.2382049560547,228.40805053710938,945.6475219726562,149.5620880126953,778.5072021484375,59.3707275390625,180.30999755859375,299.3447570800781,152.946044921875,329.615478515625,203.8839111328125,286.1286315917969,396.37152099609375,210.11000061035156,654.4925537109375,264.3364562988281,189.58877563476562,314.570556640625,427.92437744140625,285.30902099609375,78.78610229492188,239.8284454345703
2026-02-23,678.7827758789062,599.9932250976562,200.2141571044922,412.8800048828125,76.92558288574219,157.1976318359375,32.792930603027344,50.29438400268555,87.86237335205078,54.399688720703125,61.599998474121094,139.3000030517578,126.8454818725586,174.9475860595703,228.65597534179688,947.4141235351562,148.01116943359375,785.8662109375,59.948184967041016,172.1699981689453,305.0870056152344,153.03543090820312,331.3747863769531,203.49429321289062,278.5708923339844,383.6390686035156,205.27000427246094,636.1153564453125,265.9349670410156,191.31666564941406,311.0850524902344,420.7285461425781,280.2127990722656,79.49659729003906,243.14166259765625
2026-02-24,683.7164916992188,606.4380493164062,201.8111114501953,419.1600036621094,78.39530181884766,156.53330993652344,32.72320556640625,50.542236328125,88.62278747558594,54.35036849975586,62.310001373291016,144.5500030517578,129.03334045410156,176.2064971923828,227.68406677246094,955.5084228515625,145.84774780273438,771.0383911132812,60.29074478149414,175.7899932861328,309.9742431640625,154.28672790527344,334.81390380859375,205.88198852539062,270.29290771484375,388.1593017578125,208.55999755859375,638.1616821289062,271.8895263671875,192.61508178710938,310.495849609375,417.7702331542969,270.3700866699219,79.65448760986328,244.87173461914062
2026-02-25,689.4859008789062,615.227294921875,201.93011474609375,426.1600036621094,80.8348388671875,156.49365234375,32.77301025390625,51.42459487915039,87.9018783569336,54.12349319458008,63.27000045776367,148.88999938964844,128.15420532226562,175.14743041992188,226.21629333496094,961.3770751953125,145.3340606689453,783.1103515625,59.99712371826172,176.4600067138672,298.635498046875,159.22238159179688,332.5178527832031,204.3434600830078,280.40606689453125,399.7342224121094,210.63999938964844,652.5260009765625,273.97760009765625,195.32176208496094,312.4932556152344,428.75390625,290.7350158691406,79.40779113769531,243.76808166503906
2026-02-26,685.6561889648438,607.8048095703125,203.07078552246094,412.010009765625,82.58451080322266,156.0871124267578,32.792930603027344,52.0491828918457,87.75374603271484,54.301048278808594,62.27000045776367,150.41000366210938,127.54479217529297,173.72865295410156,231.9683837890625,972.5653686523438,142.0247344970703,769.6404418945312,59.80137252807617,182.86000061035156,307.46746826171875,161.7646942138672,335.87744140625,211.5265655517578,282.8332214355469,400.851806640625,207.9199981689453,655.8401489257812,272.6987609863281,184.66476440429688,306.98040771484375,415.3216247558594,282.04144287109375,79.43739318847656,242.0778045654297
2026-02-27,682.3637084960938,605.8594360351562,203.30885314941406,406.3699951171875,81.5547103881836,158.84356689453125,33.13161849975586,50.988372802734375,88.8894271850586,55.15920639038086,61.349998474121094,151.3699951171875,127.2450942993164,175.21734619140625,238.85108947753906,985.4603881835938,147.141845703125,780.5042114257812,61.04438018798828,182.00999450683594,310.430908203125,162.9961395263672,338.79962158203125,213.4547119140625,289.3549499511719,391.8912048339844,210.0,647.0258178710938,263.93682861328125,176.97415161132812,311.354736328125,412.1334533691406,279.4933166503906,80.4833984375,247.00942993164062
2026-03-02,682.751708984375,606.6575317382812,202.9319305419922,406.3900146484375,82.75447845458984,157.18771362304688,32.83277893066406,50.8594856262207,87.6056137084961,56.26397705078125,61.61000061035156,147.5399932861328,126.42589569091797,173.76861572265625,241.06268310546875,989.8555297851562,148.20872497558594,789.630615234375,61.015018463134766,181.4499969482422,317.1933288574219,163.6416473388672,340.68817138671875,213.2049560546875,290.9928283691406,397.6886291503906,208.38999938964844,652.396240234375,264.476318359375,182.25770568847656,306.12152099609375,412.43328857421875,269.8804016113281,79.16109466552734,247.13868713378906
2026-03-03,676.7337036132812,600.162841796875,200.44227600097656,391.05999755859375,84.10423278808594,155.4128875732422,32.37455749511719,50.770259857177734,86.6476821899414,55.75104522705078,61.290000915527344,132.33999633789062,123.3788833618164,169.9519500732422,241.4296112060547,994.5902709960938,146.0354461669922,765.5166015625,59.918827056884766,185.91000366210938,315.9010925292969,163.6416473388672,336.2550964355469,213.14501953125,285.34918212890625,403.0570068359375,208.72999572753906,653.91357421875,263.5072326660156,179.83065795898438,303.1853332519531,379.46221923828125,250.42481994628906,78.2927017211914,245.3390350341797
2026-03-04,681.5082397460938,609.3112182617188,201.24571228027344,399.1000061035156,85.63394927978516,155.7202606201172,32.61362838745117,51.057769775390625,86.07491302490234,55.425537109375,62.22999954223633,134.3699951171875,126.2960205078125,172.81944274902344,241.93540954589844,977.6290893554688,146.42071533203125,786.3255615234375,61.00523376464844,188.47999572753906,310.91668701171875,165.14120483398438,332.1202697753906,211.19686889648438,288.06243896484375,404.32427978515625,216.82000732421875,666.541015625,262.2783508300781,182.8170166015625,302.7359619140625,400.5400695800781,261.1069030761719,77.0690689086914,243.8973388671875
2026-03-05,677.70849609375,607.4755859375,198.9147491455078,395.3500061035156,87.60357666015625,152.60684204101562,31.886444091796875,50.79009246826172,84.3467025756836,55.71158981323242,62.15999984741211,125.73999786376953,123.77849578857422,168.523193359375,244.05772399902344,930.3213500976562,143.3780975341797,763.7891845703125,59.44902801513672,196.05999755859375,307.8172302246094,162.86703491210938,330.4504089355469,210.37767028808594,284.9150390625,409.79241943359375,218.94000244140625,659.393798828125,260.0504150390625,183.1166534423828,300.4888916015625,396.8222351074219,258.9624938964844,76.01319885253906,238.259765625
2026-03-06,668.82568359375,598.337158203125,196.5441131591797,380.55999755859375,87.9535140991211,151.40708923339844,31.378416061401367,50.1357536315918,84.71208190917969,55.80036544799805,60.9900016784668,126.7300033569336,123.8783950805664,167.41415405273438,244.01806640625,918.2446899414062,142.1827850341797,758.7267456054688,59.00859069824219,195.49000549316406,308.0990295410156,165.04190063476562,326.0173645019531,210.3976593017578,282.6556396484375,408.0761413574219,213.2100067138672,643.7117309570312,257.2229919433594,177.60337829589844,298.1319274902344,370.08758544921875,245.1860809326172,76.02306365966797,239.0253448486328
2026-03-09,674.6845703125,606.3283081054688,197.099609375,394.3699951171875,87.69355773925781,152.95387268066406,31.74698829650879,49.89781951904297,84.89972686767578,55.553768157958984,61.720001220703125,133.88999938964844,126.9953384399414,171.14089965820312,244.47425842285156,941.119384765625,144.85000610351562,780.434326171875,59.341365814208984,195.57000732421875,310.03253173828125,164.65460205078125,322.43914794921875,206.60130310058594,283.550537109375,408.5251770019531,213.49000549316406,646.2372436523438,259.6407775878906,182.427490234375,306.1770935058594,389.0966796875,261.99169921875,76.77304077148438,241.20281982421875
2026-03-10,673.6002807617188,606.3383178710938,195.6216583251953,397.3299865722656,85.63394927978516,151.853271484375,31.19911003112793,49.6301383972168,84.65283203125,54.843563079833984,61.93000030517578,130.3000030517578,127.3050308227539,172.12005615234375,233.59483337402344,927.664306640625,146.75657653808594,770.878662109375,58.851993560791016,189.69000244140625,304.7598571777344,159.06349182128906,323.2740478515625,206.7611541748047,280.736572265625,404.8830871582031,214.3300018310547,652.9053955078125,260.58990478515625,184.544921875,306.8567199707031,402.8787536621094,266.1506042480469,76.85197448730469,242.31643676757812
2026-03-11,672.7548217773438,606.2584228515625,194.97694396972656,401.0299987792969,85.72392272949219,151.55581665039062,31.20907211303711,49.2137451171875,83.53689575195312,56.20479202270508,62.150001525878906,132.85000610351562,126.25605773925781,170.72125244140625,234.5469207763672,933.258056640625,144.2276611328125,773.5046997070312,58.705177307128906,187.08999633789062,301.765380859375,155.93524169921875,320.80908203125,201.02667236328125,283.63006591796875,404.0049743652344,212.64999389648438,653.6939697265625,260.5699157714844,185.8134307861328,308.5157470703125,418.4498291015625,268.73992919921875,76.60527038574219,241.6005401611328
2026-03-12,662.5390625,595.85302734375,191.96156311035156,388.1300048828125,84.97406768798828,148.8885955810547,30.591463088989258,48.410701751708984,83.20113372802734,56.727577209472656,60.95000076293945,123.5,122.499755859375,166.08529663085938,236.63951110839844,943.3169555664062,143.44725036621094,745.4965209960938,57.69707107543945,180.7899932861328,309.5848388671875,157.51426696777344,327.56793212890625,204.98284912109375,275.47662353515625,400.9914855957031,209.52999877929688,637.043701171875,255.52456665039062,182.9268035888672,303.3687744140625,405.1174621582031,261.1119079589844,76.58554077148438,240.6559600830078
2026-03-13,658.7890014648438,592.3213500976562,191.95166015625,387.3299865722656,84.1742172241211,148.52171325683594,30.422121047973633,48.470184326171875,83.68502807617188,56.91499328613281,59.939998626708984,124.1500015258789,121.71052551269531,165.36593627929688,237.50076293945312,939.8707885742188,144.0433349609375,744.6577758789062,57.824310302734375,178.8800048828125,309.79376220703125,158.1001739501953,327.94677734375,204.97286987304688,280.4880065917969,394.69512939453125,207.6699981689453,612.6171875,249.8897705078125,180.0401611328125,302.09954833984375,425.8855895996094,272.2190246582031,76.8438720703125,240.13894653320312
2026-03-16,665.493408203125,598.9656982421875,193.37998962402344,393.9200134277344,84.93407440185547,149.73138427734375,30.65123176574707,48.87666320800781,83.92205047607422,57.112274169921875,60.880001068115234,133.10000610351562,123.78849029541016,166.99452209472656,235.9375457763672,942.2081909179688,144.26190185546875,755.7811279296875,58.440914154052734,185.27999877929688,312.2112121582031,160.37437438964844,329.09320068359375,204.51332092285156,283.8686828613281,399.08563232421875,211.74000549316406,626.8690185546875,252.58729553222656,183.0067138671875,305.3775939941406,441.54656982421875,286.1353759765625,77.32079315185547,241.7993927001953
2026-03-17,667.2440185546875,601.8887939453125,194.46115112304688,396.8800048828125,85.51396942138672,148.3730010986328,30.75084686279297,49.13443374633789,83.6455307006836,57.71397399902344,61.130001068115234,134.42999267578125,124.0682144165039,167.14649963378906,235.03146362304688,940.8497314453125,143.45716857910156,757.91796875,58.440914154052734,186.6999969482422,311.71380615234375,160.2249298095703,329.8408508300781,203.5941925048828,285.9368896484375,398.5467834472656,215.1999969482422,622.0834350585938,253.99598693847656,181.71820068359375,310.7344055175781,461.4251403808594,313.72821044921875,77.08233642578125,236.74844360351562
2026-03-18,657.9335327148438,593.4986572265625,191.9020538330078,393.6700134277344,84.32418823242188,145.89414978027344,30.312543869018555,48.54949951171875,81.61117553710938,57.63506317138672,60.20000076293945,131.8800048828125,120.9912338256836,163.75697326660156,232.78121948242188,919.33349609375,140.3674774169922,743.01025390625,58.1081428527832,184.02999877929688,307.306640625,156.57847595214844,326.9598693847656,200.97669982910156,282.71527099609375,390.9432678222656,209.8699951171875,615.1099243164062,249.70994567871094,180.1899871826172,307.5063171386719,461.46514892578125,304.8205261230469,75.48265838623047,235.92318725585938
2026-03-19,656.3121948242188,591.623046875,191.75328063964844,394.9200134277344,84.44416809082031,145.36865234375,30.193008422851562,48.5693244934082,80.94951629638672,58.55241012573242,59.54999923706055,134.82000732421875,122.21003723144531,164.4368896484375,232.821044921875,897.9571533203125,140.18865966796875,736.3502197265625,56.87492370605469,185.58999633789062,309.1072998046875,157.91351318359375,322.63336181640625,202.48524475097656,278.8473815917969,388.1792297363281,208.75999450683594,606.1382446289062,248.73085021972656,178.3521270751953,306.9466552734375,444.01513671875,316.8473815917969,75.06536102294922,236.24136352539062
2026-03-20,646.9034423828125,580.6888427734375,188.936279296875,384.739990234375,82.97444152832031,144.0994873046875,29.92405128479004,48.65855407714844,80.27798461914062,58.50309371948242,58.369998931884766,125.77999877929688,120.19200897216797,161.62725830078125,230.2422332763672,884.8616333007812,136.3141326904297,731.7770385742188,56.2583122253418,184.07000732421875,305.73480224609375,157.84376525878906,321.5766296386719,205.80206298828125,274.0249328613281,381.0447082519531,205.3699951171875,593.1102905273438,247.76173400878906,172.4989471435547,300.8203125,422.65740966796875,293.02362060546875,74.2704849243164,234.02410888671875
2026-03-23,653.6959228515625,587.3545532226562,190.9504852294922,391.3599853515625,84.4241714477539,144.13433837890625,30.02983856201172,49.0980110168457,80.62060546875,59.203041076660156,59.279998779296875,133.80999755859375,121.58065032958984,162.66712951660156,226.54823303222656,876.0413818359375,136.44326782226562,735.4315795898438,55.788516998291016,185.22999572753906,304.9787292480469,156.5884246826172,325.3548583984375,204.90293884277344,268.00927734375,382.1722717285156,210.13999938964844,603.5006713867188,251.25851440429688,175.43553161621094,301.87969970703125,404.1180419921875,294.7131652832031,74.62818145751953,234.07382202148438
2026-03-24,651.5015869140625,583.3389282226562,191.17959594726562,394.5899963378906,80.80484771728516,144.15423583984375,30.089717864990234,49.107975006103516,80.55108642578125,60.40437698364258,58.5099983215332,128.75,119.42276763916016,161.61727905273438,223.9694061279297,880.9659423828125,137.208251953125,740.5838623046875,56.17022705078125,179.11000061035156,301.1187438964844,155.24343872070312,324.5971984863281,206.01187133789062,270.73370361328125,371.9344177246094,207.24000549316406,592.3709716796875,251.4083709716797,174.99603271484375,290.2666320800781,395.3031311035156,300.9715270996094,74.19100189208984,233.9246826171875
2026-03-25,655.1322021484375,587.1747436523438,192.10601806640625,399.0199890136719,80.38493347167969,145.59788513183594,30.329238891601562,49.16776657104492,80.94833374023438,60.13631057739258,58.95000076293945,127.73999786376953,123.79846954345703,165.72669982910156,223.8798065185547,878.7783203125,137.35726928710938,748.3522338867188,57.687278747558594,178.11000061035156,292.41387939453125,156.24969482421875,322.2046813964844,202.6450958251953,269.0135192871094,370.2381286621094,211.7100067138672,594.3391723632812,252.38746643066406,178.47198486328125,290.7563171386719,381.8708190917969,296.0628356933594,74.76728057861328,238.5580291748047
2026-03-26,643.432373046875,573.1600952148438,190.3428497314453,380.8399963378906,79.73505401611328,145.10008239746094,30.269359588623047,48.87877655029297,80.58087921142578,61.07950973510742,57.029998779296875,119.98999786376953,123.77849578857422,165.23675537109375,225.53262329101562,862.606201171875,135.9862823486328,755.6014404296875,58.166866302490234,178.27999877929688,296.0450439453125,155.38291931152344,323.30126953125,202.70504760742188,266.5277404785156,365.1790771484375,207.5399932861328,547.032958984375,252.6572265625,171.04066467285156,280.7523193359375,355.256103515625,273.27874755859375,74.21087646484375,237.8719940185547
2026-03-27,632.4606323242188,561.9624633789062,187.7329559326172,374.25,76.8755874633789,142.63095092773438,29.530838012695312,47.64310836791992,81.21646881103516,62.112064361572266,55.45000076293945,120.9800033569336,119.47271728515625,160.387451171875,224.08888244628906,859.2099609375,133.3734588623047,736.6098022460938,57.2957878112793,172.58999633789062,292.2646484375,152.10508728027344,318.0975036621094,198.64894104003906,257.54901123046875,355.9989318847656,199.33999633789062,525.233154296875,248.57098388671875,167.32498168945312,274.1762390136719,357.0151062011719,275.2682189941406,75.22432708740234,239.07505798339844
2026-03-30,630.3460693359375,557.6671752929688,187.34446716308594,362.5299987792969,77.60545349121094,143.18850708007812,29.580738067626953,48.19118881225586,81.31578063964844,61.516357421875,55.38999938964844,116.43000030517578,118.66351318359375,161.8372344970703,228.96775817871094,859.2399291992188,135.44979858398438,748.1724853515625,58.46049118041992,175.9600067138672,296.0450439453125,156.35928344726562,324.3380432128906,201.19650268554688,260.3033142089844,358.1842041015625,200.9499969482422,535.8833618164062,246.40298461914062,164.97772216796875,273.33673095703125,321.75048828125,251.60440063476562,75.78073120117188,241.10340881347656
2026-03-31,648.6688842773438,576.54638671875,191.17959594726562,383.3999938964844,80.03499603271484,145.96624755859375,30.129638671875,49.197662353515625,81.41510009765625,60.82136917114258,57.939998626708984,123.01000213623047,127.60474395751953,168.82626342773438,228.79847717285156,864.4042358398438,138.46002197265625,771.4877319335938,59.36094284057617,175.66000366210938,293.8265686035156,156.69802856445312,324.9162292480469,198.04953002929688,269.0533142089844,369.3699951171875,208.27000427246094,571.6002197265625,253.55638122558594,174.1969757080078,287.3883361816406,337.7880554199219,270.41949462890625,75.56214904785156,243.04225158691406
2026-04-01,653.5562744140625,583.6685791015625,191.7971954345703,391.9700012207031,79.75504302978516,147.08132934570312,30.28931999206543,49.267417907714844,80.89867401123047,58.547767639160156,58.68000030517578,126.22000122070312,128.42393493652344,170.1060791015625,230.00326538085938,871.3565673828125,139.3839569091797,776.0908203125,60.41798400878906,172.74000549316406,295.4083557128906,157.4950714111328,326.14239501953125,193.17420959472656,272.424072265625,368.57171630859375,210.57000732421875,578.6936645507812,255.3946990966797,175.54541015625,297.2124938964844,367.7934265136719,297.65240478515625,75.59195709228516,242.7240753173828
2026-04-02,654.144775390625,584.3378295898438,192.34507751464844,392.32000732421875,80.32493591308594,146.16537475585938,30.199499130249023,49.35710144042969,81.32571411132812,58.82576370239258,58.27000045776367,122.87000274658203,128.8335418701172,169.4061737060547,234.40419006347656,883.3033447265625,138.7978057861328,760.7138061523438,58.93472671508789,173.97999572753906,303.53619384765625,162.37692260742188,327.3087463378906,195.163330078125,275.6854553222656,372.6528625488281,209.77000427246094,573.9281005859375,255.68443298339844,177.18348693847656,295.59344482421875,366.18365478515625,294.89312744140625,76.22785186767578,241.65025329589844
2026-04-06,657.23681640625,587.85400390625,193.17189025878906,395.9800109863281,80.44491577148438,145.6376953125,30.249399185180664,49.70588302612305,82.09041595458984,59.252685546875,58.380001068115234,125.94000244140625,128.67369079589844,168.80625915527344,232.7911834716797,855.82373046875,139.21507263183594,761.9019775390625,58.66774368286133,174.63999938964844,306.9783630371094,165.77430725097656,325.8832092285156,196.29283142089844,279.76214599609375,372.0741271972656,212.7899932861328,572.4894409179688,258.6217041015625,177.43319702148438,299.8109130859375,377.701904296875,304.0707092285156,76.72463989257812,239.5920867919922
2026-04-07,657.5260009765625,587.9439086914062,192.74354553222656,399.8999938964844,80.48490905761719,145.9264373779297,30.25937843322754,49.70588302612305,80.70005798339844,59.729248046875,58.290000915527344,127.19000244140625,128.72364807128906,168.47630310058594,232.30328369140625,855.6738891601562,137.8937530517578,759.1361694335938,57.026268005371094,172.52000427246094,308.97796630859375,165.6846466064453,326.38165283203125,196.76263427734375,305.982421875,371.48541259765625,213.77000427246094,574.5175170898438,253.26666259765625,177.89266967773438,305.27764892578125,377.52191162109375,311.8786926269531,75.42304992675781,237.04673767089844
2026-04-08,674.27294921875,605.4246826171875,197.19630432128906,422.9200134277344,79.73505401611328,149.0128173828125,30.967960357666016,51.02127456665039,82.20957946777344,57.63435363769531,59.81999969482422,140.07000732421875,130.52186584472656,171.83583068847656,230.431396484375,870.2177734375,140.6158447265625,774.3734130859375,58.53919219970703,166.57000732421875,301.2480773925781,167.16912841796875,331.6053771972656,198.0020751953125,304.2423400878906,373.52099609375,221.25,611.8529052734375,258.66168212890625,181.8680419921875,317.1305847167969,406.6674499511719,338.6916809082031,76.79419708251953,239.9202117919922
2026-04-09,678.162841796875,609.5202026367188,197.3158416748047,430.30999755859375,76.6256332397461,148.67431640625,30.84819984436035,51.150821685791016,82.87496185302734,56.91950988769531,60.720001220703125,139.2899932861328,131.69073486328125,172.13580322265625,232.09420776367188,872.46533203125,141.16226196289062,766.704833984375,58.80617904663086,157.0800018310547,297.3880615234375,161.37066650390625,331.9044189453125,199.79129028320312,305.16705322265625,372.26373291015625,233.64999389648438,627.8081665039062,260.2502136230469,183.69590759277344,318.29986572265625,421.4451904296875,337.79193115234375,77.67848205566406,239.93014526367188
2026-04-10,677.7140502929688,610.3992309570312,195.89134216308594,436.8800048828125,74.65599822998047,146.66317749023438,30.48891830444336,50.5927734375,81.80240631103516,56.53230285644531,61.13999938964844,138.72999572753906,129.3130645751953,169.34617614746094,228.45994567871094,864.6439208984375,138.08250427246094,747.753173828125,57.965667724609375,151.42999267578125,293.77679443359375,160.0057373046875,326.89007568359375,194.04383850097656,302.6016845703125,370.0684814453125,238.3800048828125,629.2767333984375,260.240234375,188.41041564941406,317.0506286621094,420.52532958984375,343.3404846191406,76.97303771972656,237.09645080566406
2026-04-13,684.3369750976562,616.7122802734375,198.0629425048828,443.3399963378906,78.68524169921875,147.32028198242188,30.82823944091797,51.47966766357422,80.9880599975586,56.70108413696289,61.7599983215332,141.22999572753906,131.92050170898438,172.16578674316406,230.00326538085938,863.6151123046875,138.1222381591797,745.3468017578125,57.41191864013672,158.4499969482422,299.0395202636719,163.70201110839844,328.9536437988281,199.48143005371094,311.22247314453125,383.539306640625,239.88999938964844,633.9425048828125,258.96142578125,189.08961486816406,321.1181945800781,426.4944152832031,350.0687255859375,75.91984558105469,236.59930419921875
2026-04-14,692.675537109375,627.909912109375,198.88973999023438,452.0,79.46510314941406,148.17649841308594,31.05777931213379,51.599246978759766,80.90860748291016,55.54939270019531,63.61000061035156,146.67999267578125,135.58689880371094,175.82528686523438,226.11012268066406,861.8370361328125,139.53297424316406,754.3832397460938,57.431697845458984,159.08999633789062,295.4978942871094,161.44039916992188,324.726806640625,196.5027313232422,312.40570068359375,392.2604064941406,249.02000427246094,661.8765258789062,258.59173583984375,196.28123474121094,332.7112731933594,465.5884094238281,366.1245422363281,75.4131088256836,238.72706604003906
2026-04-15,698.1414184570312,636.7003173828125,198.95947265625,453.0,82.96444702148438,147.12115478515625,30.888120651245117,51.987884521484375,80.50143432617188,55.360748291015625,65.26000213623047,144.9199981689453,136.31617736816406,175.9652557373047,223.95944213867188,862.4663696289062,138.857421875,752.8056030273438,57.24381637573242,167.3000030517578,295.3685607910156,164.45921325683594,326.2520446777344,201.1406707763672,312.2664794921875,410.3312683105469,248.5,670.9581909179688,266.18475341796875,198.63848876953125,336.91876220703125,456.15985107421875,364.9048767089844,74.82688903808594,237.30523681640625
2026-04-16,699.8569946289062,639.7669067382812,199.865966796875,454.79998779296875,84.34418487548828,145.96624755859375,30.758378982543945,51.84837341308594,80.86888122558594,56.17488098144531,65.30999755859375,147.47000122070312,135.32716369628906,174.09552001953125,223.1131134033203,866.382080078125,137.6453857421875,744.887451171875,58.30187225341797,167.69000244140625,294.6920471191406,163.1440887451172,327.39849853515625,203.3796844482422,314.6031494140625,419.35174560546875,249.6999969482422,676.2432250976562,263.15753173828125,198.1190948486328,335.81939697265625,457.1596984863281,361.5957336425781,74.6977310180664,233.1988525390625
2026-04-17,708.3152465820312,648.1376953125,202.37623596191406,464.1600036621094,85.06405639648438,148.14663696289062,31.277339935302734,52.246978759765625,81.89178466796875,54.62604904174805,66.44999694824219,152.3300018310547,138.5340118408203,176.63516235351562,222.98367309570312,865.423095703125,136.74131774902344,749.4506225585938,59.49836349487305,167.9499969482422,286.166259765625,160.64337158203125,329.80096435546875,202.49008178710938,322.78643798828125,421.87628173828125,250.55999755859375,687.9124145507812,269.98126220703125,201.44520568847656,341.4760437011719,455.0000305175781,372.4228820800781,75.25413513183594,232.84091186523438
2026-04-20,706.8988037109375,646.0799560546875,203.01377868652344,463.9599914550781,86.28382873535156,146.77268981933594,31.20747947692871,52.44628143310547,81.822265625,54.675689697265625,65.76000213623047,150.08999633789062,137.6548614501953,175.7352752685547,223.21267700195312,858.0911865234375,134.9828643798828,748.2922973632812,58.469974517822266,168.83999633789062,285.9673156738281,160.0157012939453,328.9635925292969,203.68954467773438,321.6429748535156,417.1664733886719,248.27999877929688,670.2887573242188,272.79864501953125,201.82476806640625,337.2185974121094,448.3510437011719,374.0124816894531,74.99580383300781,229.37088012695312
2026-04-21,702.2708129882812,643.6226806640625,201.7686004638672,464.6600036621094,86.66374969482422,145.27928161621094,30.947999954223633,52.117431640625,81.27605438232422,55.46996307373047,65.30999755859375,146.7899932861328,136.25624084472656,173.96554565429688,222.45596313476562,841.3197631835938,132.41970825195312,746.2454223632812,58.72706985473633,167.7899932861328,282.9330139160156,158.04302978515625,328.2657775878906,207.40789794921875,344.0450134277344,423.2433166503906,249.91000366210938,668.220703125,265.9250183105469,199.64732360839844,332.0916442871094,449.3109130859375,383.7099609375,74.2208023071289,224.8667755126953
2026-04-22,709.3825073242188,654.390869140625,201.67893981933594,476.8299865722656,88.7233657836914,145.7372589111328,31.017858505249023,52.027748107910156,81.54419708251953,56.13516616821289,66.44000244140625,155.8000030517578,137.1753387451172,174.33547973632812,222.96376037597656,828.3141479492188,132.03225708007812,745.4666137695312,58.14365768432617,163.77999877929688,284.23626708984375,158.23233032226562,324.41778564453125,202.62002563476562,351.5123596191406,431.984375,255.36000061035156,674.09521484375,272.9185791015625,202.26426696777344,339.1174621582031,487.4050598144531,388.99859619140625,74.15125274658203,224.80712890625
2026-04-23,706.6295776367188,650.7048950195312,201.66897583007812,481.8500061035156,83.55433654785156,145.59788513183594,30.708478927612305,51.619178771972656,82.9047622680664,56.57201385498047,65.33000183105469,150.58999633789062,134.3581085205078,171.50587463378906,231.79550170898438,835.176513671875,132.76744079589844,764.8776245117188,58.361202239990234,156.14999389648438,283.99749755859375,156.89727783203125,331.8446044921875,205.23886108398438,352.54644775390625,414.8514709472656,255.0800018310547,658.5396728515625,273.1783142089844,199.4075927734375,338.6877136230469,481.64593505859375,403.0149230957031,75.7906723022461,229.3311004638672
2026-04-24,712.10546875,663.1512451171875,201.25059509277344,506.44000244140625,85.18402862548828,143.5469207763672,30.478939056396484,51.24050521850586,82.65648651123047,56.46280288696289,66.56999969482422,154.57000732421875,133.1492919921875,169.75613403320312,228.5395965576172,827.1953735351562,129.548583984375,750.4491577148438,58.05466079711914,161.1300048828125,283.5896301269531,157.8636932373047,325.1056213378906,200.8008270263672,352.9044189453125,423.7023010253906,263.989990234375,674.4049682617188,270.81048583984375,208.0275421142578,344.19439697265625,496.64361572265625,403.8946838378906,76.138427734375,226.19911193847656
2026-04-27,713.332275390625,663.5008544921875,201.0115203857422,506.260009765625,85.41398620605469,142.83009338378906,30.508878707885742,51.629146575927734,81.77261352539062,56.363521575927734,67.08000183105469,156.72999572753906,132.90953063964844,168.99624633789062,225.22396850585938,827.4051513671875,126.9158935546875,743.3297729492188,57.13504409790039,160.4499969482422,280.4857177734375,156.36924743652344,323.5903625488281,201.8903350830078,352.67572021484375,423.9018859863281,261.1199951171875,677.9916381835938,267.3636474609375,216.3578338623047,350.130859375,524.4793090820312,400.62554931640625,74.95606231689453,224.0514678955078
2026-04-28,709.8612060546875,656.8281860351562,199.98548889160156,491.2099914550781,84.98406982421875,143.20840454101562,30.28931999206543,51.669002532958984,82.50751495361328,57.29678726196289,66.86000061035156,154.3699951171875,131.0313720703125,167.78640747070312,226.3690185546875,834.0777587890625,128.41603088378906,730.6787109375,57.609683990478516,158.49000549316406,283.0623474121094,155.72164916992188,329.3125,202.93988037109375,364.6871032714844,428.3222961425781,259.70001220703125,670.7183837890625,270.4608154296875,212.92184448242188,349.5711975097656,504.21246337890625,390.8880920410156,77.8473892211914,226.48745727539062
2026-04-29,709.7515258789062,660.84375,199.63685607910156,499.5799865722656,84.48416137695312,142.21279907226562,29.99989891052246,51.7387580871582,82.34861755371094,58.607337951660156,66.58000183105469,153.9600067138672,128.77359008789062,165.35675048828125,229.3162384033203,821.721435546875,127.99877166748047,685.3363647460938,56.94716262817383,158.22000122070312,285.7882080078125,155.612060546875,324.7367858886719,200.57093811035156,368.6345520019531,423.5426330566406,263.0400085449219,668.5004272460938,269.92132568359375,209.00640869140625,349.7311096191406,518.3803100585938,412.6524353027344,78.36405944824219,226.0499725341797
2026-04-30,716.8132934570312,667.0069580078125,202.65516662597656,506.7200012207031,83.89427185058594,145.34898376464844,30.379138946533203,51.948028564453125,83.72903442382812,59.222900390625,66.23999786376953,160.75999450683594,131.20120239257812,168.66629028320312,231.54656982421875,814.2996215820312,129.9857177734375,706.0054931640625,59.91367721557617,155.97000122070312,286.33538818359375,157.50502014160156,325.98291015625,201.19065856933594,368.37603759765625,406.8987121582031,265.05999755859375,611.3433837890625,271.1002502441406,199.33767700195312,384.5702819824219,517.0804443359375,434.40673828125,78.25476837158203,228.5356903076172
2026-05-01,718.7982177734375,673.4099731445312,202.0375518798828,509.82000732421875,86.61375427246094,144.5226287841797,30.2094783782959,51.7387580871582,83.59000396728516,58.42862319946289,66.87000274658203,162.0,130.29209899902344,167.24649047851562,227.7828826904297,813.1209716796875,130.79042053222656,700.3739013671875,57.570133209228516,171.60000610351562,288.0465393066406,154.17738342285156,325.205322265625,199.22152709960938,366.6856994628906,413.5443115234375,268.260009765625,608.1863403320312,279.88214111328125,198.21897888183594,385.45977783203125,542.1266479492188,431.4075012207031,78.07592010498047,225.89088439941406
2026-05-04,716.1649780273438,672.141357421875,200.8621063232422,506.7900085449219,88.42342376708984,144.09449768066406,30.119659423828125,51.39994812011719,82.96434783935547,58.964759826660156,66.97000122070312,163.58999633789062,133.36907958984375,170.13607788085938,226.86685180664062,806.9577026367188,131.82363891601562,708.15234375,56.73950958251953,170.22000122070312,288.79266357421875,155.8611297607422,324.1087341308594,199.1515655517578,368.6445007324219,412.72607421875,272.04998779296875,609.8447875976562,276.5751647949219,198.24893188476562,383.0212097167969,576.3613891601562,442.24468994140625,77.68842315673828,222.91798400878906
2026-05-05,721.9102172851562,680.8617553710938,202.4559326171875,522.6900024414062,88.25344848632812,144.66200256347656,30.35917854309082,51.409912109375,83.48075866699219,59.024330139160156,67.11000061035156,173.47000122070312,133.65878295898438,170.3160400390625,223.52134704589844,800.1253051757812,132.6084747314453,701.22265625,56.314308166503906,171.19000244140625,285.3405456542969,154.70542907714844,321.5666809082031,197.65223693847656,361.8035583496094,410.4909362792969,273.54998779296875,604.3998413085938,283.9184265136719,196.271240234375,388.1981201171875,640.1015625,465.13873291015625,77.9765625,224.26026916503906
2026-05-06,731.9443359375,695.0062255859375,204.05972290039062,549.760009765625,87.80353546142578,144.7615509033203,30.538820266723633,51.65903854370117,83.65951538085938,56.59187316894531,68.45999908447266,181.97999572753906,137.5449676513672,173.84555053710938,219.5684814453125,742.8486328125,135.41006469726562,719.974609375,55.95832824707031,167.35000610351562,286.8526916503906,152.83238220214844,320.89874267578125,196.712646484375,365.1942138671875,413.0653381347656,274.989990234375,612.3125,287.245361328125,207.5880584716797,397.8023986816406,666.487548828125,483.0240478515625,78.72174835205078,223.33558654785156
2026-05-07,729.7001342773438,694.1771240234375,202.7547607421875,540.0999755859375,90.83296966552734,144.0845489501953,30.568758010864258,51.370052337646484,83.40131378173828,55.54939270019531,68.88999938964844,176.75,133.5289306640625,170.0760955810547,220.4944610595703,753.9263916015625,133.1846923828125,708.0424194335938,55.62211990356445,168.25,285.3703918457031,155.5323486328125,320.28070068359375,195.66311645507812,367.6402282714844,419.8606262207031,271.1700134277344,616.2388305664062,287.1754150390625,211.2537841796875,397.7524108886719,646.5305786132812,463.7890930175781,77.9268798828125,221.23764038085938
2026-05-08,735.724609375,710.44921875,203.3126220703125,566.5399780273438,91.1329116821289,142.85995483398438,30.528839111328125,51.061134338378906,83.59993743896484,55.30118179321289,69.62000274658203,190.1999969482422,134.57789611816406,169.91610717773438,214.44068908691406,735.2770385742188,130.47251892089844,713.8238525390625,55.53312683105469,166.33999633789062,279.7992858886719,155.24343872070312,318.64581298828125,193.9138946533203,377.8221130371094,414.22283935546875,272.67999267578125,609.0654907226562,293.0500183105469,214.94947814941406,400.56072998046875,746.6951293945312,479.8748779296875,77.91693878173828,220.05445861816406
2026-05-11,737.4002685546875,712.5069580078125,203.2030487060547,576.3099975585938,90.67300415039062,142.41192626953125,30.099699020385742,51.0013427734375,82.79551696777344,56.76065444946289,69.44000244140625,192.85000610351562,134.61785888671875,169.97608947753906,213.18614196777344,724.3690795898438,132.64822387695312,711.70703125,55.0485954284668,159.3300018310547,281.1224060058594,157.2360382080078,319.26385498046875,196.82260131835938,382.25677490234375,411.7681579589844,268.989990234375,598.3054809570312,292.67999267578125,219.18453979492188,388.40802001953125,795.2077026367188,515.695556640625,78.15541076660156,220.163818359375
2026-05-12,736.2831420898438,706.463623046875,203.0237274169922,561.25,89.42323303222656,145.2095947265625,30.608678817749023,51.39994812011719,83.85814666748047,57.15779113769531,69.12000274658203,178.5,134.77769470214844,172.25576782226562,216.7108612060547,733.8785400390625,134.05894470214844,722.3311157226562,55.819889068603516,159.4199981689453,284.27606201171875,155.23345947265625,321.038330078125,198.33192443847656,394.138916015625,406.8887023925781,265.82000732421875,602.441650390625,294.79998779296875,220.52297973632812,387.1187744140625,766.462158203125,488.61260986328125,79.51661682128906,222.97763061523438
2026-05-13,740.4025268554688,713.9254760742188,202.1371612548828,572.4600219726562,88.58338928222656,146.06581115722656,30.40907859802246,50.812007904052734,84.13621520996094,57.21736145019531,70.52999877929688,188.6300048828125,135.71678161621094,172.62571716308594,215.50608825683594,736.3657836914062,132.18128967285156,718.806396484375,55.76055908203125,155.72999572753906,295.5973815917969,154.22720336914062,315.027099609375,195.87303161621094,398.8818054199219,404.3342590332031,270.1300048828125,616.0590209960938,298.8699951171875,225.56710815429688,402.3796691894531,803.5064086914062,493.9612121582031,79.7451400756836,229.1024169921875
2026-05-14,746.2474975585938,718.9998168945312,202.8743133544922,578.3400268554688,90.62300872802734,145.9861602783203,30.40907859802246,51.1109619140625,84.39442443847656,57.654212951660156,70.94000244140625,190.52000427246094,134.71775817871094,171.305908203125,217.87582397460938,746.4046630859375,131.19775390625,711.8068237304688,56.13631820678711,156.25,296.1644287109375,155.143798828125,319.0943908691406,196.79261779785156,396.82354736328125,408.5451354980469,267.2200012207031,617.8573608398438,298.2099914550781,235.465576171875,400.8305969238281,775.8906860351562,489.0224914550781,79.93392181396484,229.48025512695312
2026-05-15,737.2706298828125,708.1517944335938,200.78240966796875,556.3400268554688,91.7627944946289,144.462890625,30.139619827270508,50.92162322998047,84.0567626953125,59.014400482177734,69.83999633789062,178.86000061035156,130.5618438720703,166.80654907226562,218.8715057373047,759.72998046875,128.73394775390625,697.2086791992188,56.36375045776367,158.86000061035156,297.31842041015625,153.78883361816406,323.1417541503906,199.64134216308594,391.61334228515625,421.0081481933594,264.1400146484375,613.6612548828125,300.2300109863281,225.05770874023438,396.54315185546875,724.5485229492188,481.89434814453125,80.30155181884766,225.41363525390625
2026-05-18,736.751953125,705.1051025390625,202.0176239013672,546.1599731445312,92.85259246826172,145.0801544189453,30.38912010192871,51.559391021728516,85.3080825805664,60.146240234375,69.45999908447266,176.10000610351562,127.54479217529297,164.00692749023438,221.76893615722656,775.1129150390625,128.82334899902344,628.7409057617188,56.670291900634766,163.85000610351562,303.546142578125,155.4127960205078,329.3025207519531,203.90945434570312,388.9087829589844,422.6246643066406,264.8599853515625,610.64404296875,297.8399963378906,222.0612030029297,396.70306396484375,681.4351806640625,458.5604248046875,80.67910766601562,227.61099243164062
2026-05-19,731.8446044921875,700.7599487304688,200.84217834472656,543.9600219726562,91.9327621459961,146.6731414794922,30.508878707885742,50.92162322998047,85.49677276611328,60.851158142089844,68.52999877929688,174.02000427246094,126.66566467285156,164.1669158935547,221.380615234375,761.0485229492188,129.64793395996094,629.3599853515625,57.65913009643555,163.30999755859375,300.8103332519531,153.5397491455078,329.1031799316406,202.7799530029297,387.02947998046875,416.51788330078125,259.3399963378906,602.052001953125,298.9700012207031,220.35317993164062,387.4285888671875,698.632568359375,455.6811828613281,81.39449310302734,228.684814453125
2026-05-20,739.3452758789062,712.3671875,203.0436553955078,564.6599731445312,93.30250549316406,146.48397827148438,30.718460083007812,51.47966766357422,84.93069458007812,59.371822357177734,69.48999786376953,180.11000061035156,131.58084106445312,167.8863983154297,218.64248657226562,753.8464965820312,129.83670043945312,649.760009765625,57.88656234741211,164.9600067138672,288.6235046386719,151.1287078857422,327.3586120605469,202.51007080078125,381.12322998046875,420.1499938964844,265.010009765625,604.499755859375,302.25,223.20985412597656,388.6778564453125,731.87744140625,459.50018310546875,81.02687072753906,228.0087127685547
2026-05-21,740.8114624023438,713.7256469726562,203.92027282714844,567.8800048828125,92.4626693725586,147.49948120117188,30.738418579101562,51.54942321777344,84.07662963867188,58.70662307739258,69.5,186.4199981689453,132.6497802734375,169.03622436523438,216.8104248046875,765.6534423828125,129.64793395996094,642.5900268554688,58.885284423828125,158.27000427246094,287.7978210449219,150.92945861816406,329.2327575683594,198.88168334960938,380.3078918457031,419.0899963378906,268.4599914550781,606.8175659179688,304.989990234375,219.25445556640625,387.4285888671875,761.9827880859375,486.33319091796875,80.64929962158203,230.40492248535156
2026-05-22,743.7239990234375,716.7523193359375,205.78305053710938,576.3200073242188,93.99237823486328,149.23184204101562,31.00787925720215,51.758689880371094,84.21566772460938,59.06404495239258,69.36000061035156,182.02999877929688,131.5308837890625,168.76626586914062,216.95977783203125,765.23388671875,133.4827423095703,638.8800048828125,58.79629135131836,160.1699981689453,289.7278137207031,152.4039764404297,326.8701477050781,199.4214324951172,386.2638854980469,418.57000732421875,266.32000732421875,609.6949462890625,308.82000732421875,215.07933044433594,382.74139404296875,750.884521484375,484.1537780761719,80.95732116699219,233.0
2026-05-26,748.6613159179688,729.4783935546875,206.83895874023438,602.1400146484375,94.0323715209961,147.85791015625,30.69849967956543,51.669002532958984,83.05371856689453,57.43578338623047,69.62999725341797,200.64999389648438,133.21923828125,169.39617919921875,214.5502166748047,753.5668334960938,132.85684204101562,634.6199951171875,57.38225173950195,158.5399932861328,281.0826416015625,150.0825958251953,324.437744140625,198.6917724609375,374.71978759765625,416.0299987792969,265.2900085449219,611.7730102539062,308.3299865722656,214.60987854003906,388.6478576660156,895.7422485351562,524.5132446289062,79.94385528564453,230.17999267578125
2026-05-27,748.5316162109375,728.6492919921875,206.68954467773438,595.5,93.03256225585938,148.1366729736328,30.69849967956543,51.24050521850586,83.99717712402344,56.581947326660156,70.33000183105469,198.2899932861328,134.31814575195312,169.8561248779297,214.6597442626953,755.6344604492188,132.81710815429688,627.739990234375,56.87794494628906,158.49000549316406,277.6603698730469,149.15603637695312,319.6327209472656,196.82260131835938,381.8292236328125,412.6700134277344,271.8500061035156,634.6718139648438,310.8500061035156,212.35250854492188,388.5978698730469,928.2672119140625,530.461669921875,81.09642028808594,231.2899932861328
2026-05-28,752.6609497070312,734.79248046875,207.4466094970703,599.8300170898438,95.66206359863281,150.21751403808594,31.15757942199707,51.09103012084961,83.84821319580078,56.542232513427734,70.87000274658203,206.41000366210938,135.8566436767578,172.21578979492188,213.47488403320312,756.1439208984375,135.33059692382812,621.52001953125,56.27475357055664,164.3800048828125,275.9890441894531,147.75125122070312,315.2364196777344,194.4236602783203,380.35760498046875,426.989990234375,274.0,634.7017211914062,312.510009765625,214.00057983398438,389.8971252441406,923.3779907226562,531.0415649414062,79.89418029785156,230.8000030517578
2026-05-29,754.5361328125,737.49951171875,208.0243682861328,598.9299926757812,101.64094543457031,148.81369018554688,31.13762092590332,51.39994812011719,82.33869171142578,55.886959075927734,70.70999908447266,205.8300018310547,136.5559539794922,172.15577697753906,210.54757690429688,741.6199951171875,133.55227661132812,614.780029296875,56.54174041748047,174.33999633789062,272.1290588378906,147.30291748046875,310.7604064941406,190.3154754638672,378.15020751953125,450.239990234375,270.6400146484375,631.92431640625,312.05999755859375,210.8942108154297,380.1129455566406,970.8507080078125,531.071533203125,78.50315856933594,225.3300018310547
2026-06-01,756.5908203125,741.9246826171875,208.4029083251953,607.8099975585938,107.6798095703125,147.1908416748047,30.97793960571289,51.25047302246094,81.46475219726562,56.88972473144531,69.86000061035156,216.6999969482422,133.48895263671875,169.34617614746094,211.59303283691406,734.8200073242188,130.24403381347656,600.6599731445312,54.336631774902344,188.66000366210938,256.4304504394531,144.42361450195312,308.81646728515625,192.58447265625,377.7027587890625,460.5199890136719,261.260009765625,599.9139404296875,306.30999755859375,224.09881591796875,376.14532470703125,1035.3408203125,546.0576171875,78.13553619384766,223.50999450683594
2026-06-02,757.6182250976562,745.3408813476562,209.2296905517578,632.2100219726562,104.71037292480469,145.75717163085938,30.61865997314453,51.280364990234375,81.26612854003906,57.54499816894531,69.16999816894531,214.52999877929688,127.63471221923828,164.2469024658203,211.01553344726562,736.780029296875,126.73706817626953,602.9199829101562,53.85210037231445,182.94000244140625,249.23773193359375,141.85316467285156,311.2987060546875,196.73265075683594,375.7738037109375,441.30999755859375,256.5199890136719,597.0765991210938,315.20001220703125,222.56060791015625,361.6340026855469,1063.936279296875,562.9531860351562,77.90701293945312,222.88999938964844
2026-06-03,752.3018798828125,743.39306640625,208.4427490234375,637.9000244140625,100.18121337890625,146.90213012695312,30.868160247802734,50.69242477416992,81.59385681152344,58.28962707519531,68.41999816894531,212.9600067138672,129.7026824951172,167.47645568847656,217.05935668945312,739.530029296875,128.14779663085938,618.9500122070312,54.10919952392578,178.72000122070312,251.33685302734375,137.9376983642578,311.7772216796875,193.37413024902344,374.8590087890625,427.3399963378906,250.02000427246094,622.4031372070312,310.260009765625,214.5,358.77569580078125,1079.4039306640625,593.9551391601562,78.25476837158203,223.24000549316406
2026-06-04,755.1445922851562,739.7969970703125,210.0166473388672,627.530029296875,100.0412368774414,151.4122314453125,31.656579971313477,52.007816314697266,81.47467803955078,58.329341888427734,69.12000274658203,203.97000122070312,133.28915405273438,171.4058837890625,218.0649871826172,756.9500122070312,128.3365478515625,628.72998046875,55.96821212768555,178.60000610351562,254.7392120361328,141.53433227539062,313.52178955078125,195.29327392578125,394.21844482421875,428.04998779296875,253.7899932861328,626.9888916015625,311.2300109863281,218.66000366210938,371.96783447265625,995.8468627929688,575.3499755859375,76.32720947265625,228.1699981689453
2026-06-05,735.65478515625,704.2860107421875,207.02822875976562,569.6900024414062,95.83203125,152.33815002441406,31.696500778198242,52.117431640625,82.86503601074219,57.25707244873047,66.51000213623047,175.19000244140625,128.54380798339844,168.41632080078125,220.39999389648438,775.6599731445312,128.3166961669922,635.4500122070312,56.6307373046875,172.61000061035156,256.0722961425781,140.97640991210938,325.2551574707031,203.929443359375,397.201416015625,416.6700134277344,246.02999877929688,592.450927734375,307.3399963378906,205.10000610351562,368.30999755859375,863.8771362304688,511.7200012207031,78.97014617919922,232.77000427246094
2026-06-08,737.3204345703125,715.283935546875,206.80906677246094,598.1599731445312,95.63207244873047,151.97972106933594,31.67654037475586,51.7885856628418,82.4975814819336,57.912349700927734,66.52999877929688,185.63999938964844,128.30404663085938,166.8965301513672,216.13999938964844,766.6400146484375,127.26361083984375,611.3400268554688,54.949710845947266,167.24000549316406,250.72999572753906,138.5354766845703,320.8788146972656,200.1710968017578,404.2610778808594,411.739990234375,245.22000122070312,584.8479614257812,301.5400085449219,208.63999938964844,363.30999755859375,949.134033203125,526.9299926757812,79.0297622680664,232.16000366210938
2026-06-09,735.1560668945312,707.052978515625,208.3829803466797,591.010009765625,92.93257141113281,153.8913116455078,32.35517883300781,52.27687454223633,83.5204849243164,56.97908020019531,65.66000366210938,184.0500030517578,131.25115966796875,169.336181640625,221.3000030517578,784.22998046875,124.68058013916016,616.1799926757812,55.849552154541016,167.67999267578125,255.94000244140625,141.03619384765625,324.11871337890625,200.04116821289062,410.6545715332031,403.4100036621094,244.19000244140625,584.0487060546875,290.54998779296875,208.19000244140625,364.260009765625,935.74609375,517.719970703125,80.81820678710938,237.0
2026-06-10,723.56591796875,692.9285278320312,205.7332305908203,570.9099731445312,91.56283569335938,152.17886352539062,31.85618019104004,52.04767608642578,84.90090942382812,57.832923889160156,64.22000122070312,178.4499969482422,128.72364807128906,165.9066619873047,224.27999877929688,790.4400024414062,120.68683624267578,601.6500244140625,54.979373931884766,163.75999450683594,263.79998779296875,139.82070922851562,329.5517578125,204.10935974121094,405.1460266113281,397.3599853515625,238.0,570.4512939453125,291.5799865722656,200.4199981689453,356.3800048828125,891.7428588867188,490.0899963378906,83.05377197265625,238.49000549316406
2026-06-11,735.8642578125,716.332763671875,208.94081115722656,609.4500122070312,90.9029541015625,153.4134063720703,31.985919952392578,52.436317443847656,84.68241882324219,56.71101379394531,64.91000366210938,198.94000244140625,132.60983276367188,170.46603393554688,218.7899932861328,787.1900024414062,125.04817199707031,611.47998046875,56.26486587524414,161.5500030517578,262.17999267578125,138.46572875976562,326.9100036621094,202.1702117919922,403.2468566894531,390.3399963378906,241.50999450683594,567.9036254882812,295.6300048828125,204.8699951171875,357.7699890136719,995.7168579101562,529.2899780273438,82.00057983398438,238.3300018310547
2026-06-12,739.843994140625,720.5481567382812,210.83348083496094,619.9600219726562,90.68299102783203,153.13462829589844,32.095699310302734,53.153804779052734,85.22863006591797,57.137935638427734,64.91000366210938,197.4499969482422,133.65878295898438,170.63600158691406,219.4499969482422,784.0499877929688,124.76998901367188,612.1400146484375,56.4922981262207,159.5399932861328,269.5299987792969,140.00999450683594,328.1400146484375,203.0198516845703,406.20001220703125,390.739990234375,238.5500030517578,566.4549560546875,291.1300048828125,205.19000244140625,359.67999267578125,981.4590454101562,562.9299926757812,82.09000396728516,240.8699951171875
2026-06-15,752.890380859375,743.1832885742188,212.05874633789062,647.0999755859375,92.68000030517578,152.2186737060547,32.025840759277344,53.3730354309082,84.89098358154297,55.15225601196289,66.62000274658203,211.4499969482422,136.2662353515625,172.1699981689453,216.94000244140625,779.780029296875,124.30000305175781,614.97998046875,55.61223602294922,162.1699981689453,266.0799865722656,140.10000610351562,326.95001220703125,203.40966796875,411.0400085449219,399.760009765625,246.02000427246094,593.47998046875,296.4200134277344,212.4499969482422,369.3500061035156,1087.8226318359375,653.530029296875,80.91000366210938,235.66000366210938
2026-06-16,748.4019775390625,729.0587768554688,211.35147094726562,616.0,91.37000274658203,152.26846313476562,31.965959548950195,54.1602783203125,85.00021362304688,54.96361541748047,66.41999816894531,205.91000366210938,135.207275390625,171.44000244140625,218.58999633789062,785.4299926757812,127.2300033569336,614.72998046875,55.29580307006836,163.3800048828125,261.6000061035156,141.27999877929688,328.8900146484375,204.56915283203125,407.6499938964844,393.8299865722656,246.0,600.2100219726562,299.239990234375,207.41000366210938,373.25,1020.60302734375,681.0800170898438,80.27999877929688,235.17999267578125
2026-06-17,739.0560302734375,721.7168579101562,208.18374633789062,623.969970703125,89.16000366210938,150.04824829101562,31.36716079711914,53.861324310302734,83.10337829589844,54.2785530090332,64.54000091552734,205.0800018310547,139.2532958984375,173.44000244140625,215.85000610351562,779.7999877929688,125.44999694824219,607.9299926757812,54.66294860839844,154.85000610351562,252.5399932861328,134.58999633789062,327.9599914550781,204.32925415039062,399.5299987792969,378.9100036621094,237.5,567.5800170898438,295.95001220703125,204.64999389648438,363.7900085449219,1043.029541015625,712.1300048828125,79.93000030517578,234.1999969482422
2026-06-18,746.739990234375,739.8070068359375,209.15000915527344,659.8800048828125,89.08999633789062,148.74398803710938,31.44700050354004,53.382999420166016,82.72599792480469,53.38500213623047,65.44000244140625,219.1999969482422,140.58200073242188,173.63999938964844,214.60000610351562,750.6300048828125,123.76000213623047,609.9400024414062,53.39723587036133,153.3000030517578,246.3800048828125,133.8800048828125,323.3999938964844,204.779052734375,400.9599914550781,379.3999938964844,244.38999938964844,577.219970703125,298.010009765625,210.69000244140625,368.0299987792969,1133.8155517578125,746.22998046875,79.38999938964844,228.38999938964844
2026-06-22,744.3900146484375,737.9500122070312,209.61000061035156,668.9099731445312,87.30999755859375,150.05999755859375,31.350000381469727,53.70000076293945,82.18000030517578,54.060001373291016,64.0199966430664,219.02000427246094,145.86000061035156,177.0,213.30999755859375,744.8499755859375,124.87000274658203,612.5,54.08942413330078,153.16000366210938,245.1999969482422,131.33999633789062,325.20001220703125,207.28794860839844,406.67999267578125,367.3399963378906,232.7899932861328,563.8499755859375,297.010009765625,208.64999389648438,349.67999267578125,1211.1937255859375,732.6199951171875,79.52999877929688,231.2899932861328
2026-06-23,733.5800170898438,713.6500244140625,208.88999938964844,622.0499877929688,87.31999969482422,152.17999267578125,31.719999313354492,53.880001068115234,83.72000122070312,54.459999084472656,63.13999938964844,192.1999969482422,147.02999877929688,178.08999633789062,218.83999633789062,763.9099731445312,125.05000305175781,618.030029296875,54.91015625,159.7100067138672,242.25999450683594,133.0,332.1099853515625,215.59426879882812,409.25,373.94000244140625,234.11000061035156,562.2000122070312,294.29998779296875,200.0399932861328,346.1300048828125,1051.6082763671875,670.75,80.30999755859375,239.0800018310547
2026-06-24,733.239990234375,710.6199951171875,210.3800048828125,618.9199829101562,86.16999816894531,153.35000610351562,32.29999923706055,53.720001220703125,84.44000244140625,53.56999969482422,62.68000030517578,197.25999450683594,149.7100067138672,181.52999877929688,223.25999450683594,766.5499877929688,125.16000366210938,623.4299926757812,54.38607406616211,161.35000610351562,231.67999267578125,130.02000427246094,335.1499938964844,220.40213012695312,405.79998779296875,365.4599914550781,234.27000427246094,557.6699829101562,293.0799865722656,199.0,345.2900085449219,1048.3487548828125,643.8300170898438,80.5999984741211,241.0
2026-06-25,734.2999877929688,716.3800048828125,211.75,636.8800048828125,84.76000213623047,155.6300048828125,32.79999923706055,53.45000076293945,83.94000244140625,54.09000015258789,61.06999969482422,205.0,151.58999633789062,183.6699981689453,223.0800018310547,763.8099975585938,123.83999633789062,620.1400146484375,54.77172088623047,158.0800018310547,225.0,124.48999786376953,330.82000732421875,215.44432067871094,415.5299987792969,352.8299865722656,227.00999450683594,542.8699951171875,275.1499938964844,195.74000549316406,343.7099914550781,1213.3734130859375,675.3900146484375,80.41999816894531,244.8800048828125
2026-06-26,728.989990234375,706.52001953125,210.30999755859375,611.6099853515625,88.19999694824219,160.33999633789062,33.4900016784668,53.56999969482422,84.70999908447266,53.84000015258789,61.599998474121094,197.27999877929688,155.3800048828125,187.36000061035156,225.52999877929688,763.510009765625,127.87999725341797,632.9000244140625,56.87794494628906,171.36000061035156,221.0,123.86000061035156,341.44000244140625,224.24041748046875,427.8900146484375,372.9700012207031,232.69000244140625,550.25,283.7799987792969,192.52999877929688,337.3900146484375,1132.1558837890625,586.4500122070312,82.62999725341797,254.66000366210938
2026-06-29,741.0,724.0800170898438,213.0500030517578,631.97998046875,89.88999938964844,160.74000549316406,33.459999084472656,53.720001220703125,84.37000274658203,53.58000183105469,63.52000045776367,197.5,158.30999755859375,189.7899932861328,223.3699951171875,747.530029296875,126.33000183105469,631.8099975585938,57.90633773803711,176.22000122070312,218.5800018310547,122.91000366210938,343.2900085449219,219.7624053955078,419.82000732421875,368.57000732421875,240.13999938964844,562.5999755859375,281.739990234375,194.97000122070312,353.6499938964844,1145.1038818359375,651.8800048828125,82.6500015258789,258.510009765625
2026-06-30,746.77001953125,736.4000244140625,212.77000427246094,655.8900146484375,90.5999984741211,158.66000366210938,33.189998626708984,53.61000061035156,83.06999969482422,53.11000061035156,64.30000305175781,201.89999389648438,158.25,190.19000244140625,222.8800048828125,755.5999755859375,126.33999633789062,623.5399780273438,56.976829528808594,177.47000122070312,220.8300018310547,123.11000061035156,340.739990234375,218.35302734375,415.6300048828125,373.0199890136719,238.33999633789062,563.2899780273438,289.3599853515625,200.08999633789062,357.3699951171875,1154.112548828125,638.719970703125,81.2699966430664,253.97000122070312
2026-07-01,745.760009765625,725.1699829101562,213.41000366210938,620.4600219726562,93.33999633789062,159.5399932861328,33.66999816894531,54.779998779296875,83.30000305175781,52.810001373291016,65.83999633789062,185.5,156.5500030517578,190.1199951171875,224.0800018310547,768.0599975585938,125.97000122070312,624.719970703125,55.810001373291016,184.22000122070312,231.0,126.7300033569336,351.7300109863281,225.1999969482422,426.5400085449219,384.2799987792969,241.6999969482422,612.9099731445312,294.3800048828125,197.5800018310547,361.2099914550781,1032.121337890625,598.3699951171875,81.29000091552734,253.97999572753906
2026-07-02,744.780029296875,712.5999755859375,214.91000366210938,592.2899780273438,93.56999969482422,163.74000549316406,34.52000045776367,55.619998931884766,84.98999786376953,53.220001220703125,65.0999984741211,180.13999938964844,160.4600067138672,195.6999969482422,230.39999389648438,786.2999877929688,131.27000427246094,654.27001953125,58.130001068115234,192.74000549316406,236.60000610351562,132.99000549316406,361.1700134277344,232.22000122070312,425.3599853515625,390.489990234375,242.6699981689453,582.9000244140625,308.6300048828125,194.8300018310547,359.9100036621094,975.4099731445312,539.0,84.13999938964844,263.0400085449219
2026-07-06,751.280029296875,722.8200073242188,215.0,604.2999877929688,94.79000091552734,161.9600067138672,34.310001373291016,56.13999938964844,84.0999984741211,53.130001068115234,66.27999877929688,189.85000610351562,160.80999755859375,195.30999755859375,228.97999572753906,784.22998046875,129.61000061035156,649.8099975585938,56.70000076293945,192.00999450683594,234.75999450683594,134.91000366210938,356.5299987792969,231.6699981689453,417.989990234375,386.739990234375,244.16000366210938,600.2899780273438,312.6600036621094,195.5500030517578,366.4599914550781,984.75,577.4600219726562,82.95999908447266,259.3299865722656
2026-07-07,747.7100219726562,709.4299926757812,214.72999572753906,581.4500122070312,94.12999725341797,164.44000244140625,34.52000045776367,56.04999923706055,84.86000061035156,54.63999938964844,66.23999786376953,181.2899932861328,163.8699951171875,198.22999572753906,237.2100067138672,807.3300170898438,136.36000061035156,676.22998046875,57.970001220703125,192.3000030517578,240.75,136.4499969482422,359.29998779296875,234.39999389648438,428.19000244140625,388.8399963378906,245.97999572753906,615.5800170898438,310.6600036621094,196.92999267578125,367.0299987792969,938.3800048828125,532.0999755859375,84.05000305175781,267.239990234375
2026-07-08,745.4000244140625,711.4400024414062,212.1999969482422,593.0,92.4800033569336,162.3000030517578,33.93000030517578,54.970001220703125,84.38999938964844,55.599998474121094,65.79000091552734,182.72000122070312,162.97000122070312,196.33999633789062,233.94000244140625,818.6599731445312,135.82000732421875,662.8800048828125,57.540000915527344,188.1699981689453,243.07000732421875,137.1699981689453,355.0899963378906,232.89999389648438,425.6000061035156,383.3399963378906,243.6199951171875,603.1199951171875,313.3900146484375,204.1199951171875,361.9200134277344,948.7999877929688,550.2999877929688,83.4000015258789,263.3999938964844
2026-07-09,751.7100219726562,723.280029296875,213.5,607.72998046875,93.87999725341797,162.1699981689453,34.119998931884766,55.540000915527344,83.19999694824219,54.81999969482422,66.76000213623047,184.75,164.27999877929688,197.33999633789062,231.6699981689453,792.8099975585938,134.83999633789062,667.9500122070312,57.939998626708984,189.6999969482422,239.7100067138672,135.11000061035156,347.79998779296875,229.52000427246094,431.67999267578125,384.3599853515625,247.0399932861328,631.47998046875,316.2200012207031,202.77999877929688,358.8900146484375,991.6400146484375,578.0499877929688,82.62999725341797,259.1000061035156
2026-07-10,754.9500122070312,725.510009765625,214.3000030517578,611.030029296875,92.41000366210938,160.83999633789062,33.97999954223633,55.709999084472656,84.12000274658203,55.08000183105469,67.68000030517578,183.52000427246094,159.02999877929688,192.05999755859375,233.3300018310547,805.9600219726562,129.8300018310547,664.52001953125,57.58000183105469,190.1199951171875,240.27000427246094,135.25999450683594,347.8299865722656,230.72000122070312,424.6199951171875,385.1000061035156,245.33999633789062,669.2100219726562,315.32000732421875,210.9600067138672,357.17999267578125,979.2999877929688,582.5900268554688,83.48999786376953,256.9800109863281
2026-07-13,749.1699829101562,711.739990234375,214.22999572753906,585.6199951171875,92.69999694824219,161.41000366210938,34.099998474121094,56.06999969482422,84.58999633789062,56.7400016784668,66.98999786376953,168.02000427246094,155.33999633789062,189.5500030517578,236.7100067138672,812.280029296875,131.39999389648438,663.0900268554688,59.34000015258789,196.80999755859375,245.10000610351562,137.6699981689453,354.739990234375,234.47999572753906,429.0899963378906,390.989990234375,247.30999755859375,656.72998046875,317.30999755859375,203.52999877929688,352.510009765625,937.0,555.5499877929688,84.25,257.7699890136719
