family,rule,anchor,issue,entry,end,lag_hours,prior24h_return,category,barrier_hour,terminal_return,worst_excursion,best_excursion,policy_status
downside,d0,2016-01-10 09:00:00,2016-01-10 10:00:00,2016-01-10 11:00:00,2016-01-11 11:00:00,1,-0.014521306032097447,neither,,0.003643396905361751,-0.0037783375314861534,0.018014573587621374,comparable
downside,d0,2016-01-10 09:00:00,2016-01-10 10:00:00,2016-01-10 16:00:00,2016-01-11 16:00:00,6,-0.014521306032097447,neither,,0.005931917762049155,-0.0005392652510953777,0.0170767329513537,comparable
downside,d0,2016-01-12 23:00:00,2016-01-13 00:00:00,2016-01-13 01:00:00,2016-01-14 01:00:00,1,-0.03379416282642089,neither,,0.005748865355521993,-0.010287443267775975,0.017479343651809698,comparable
downside,d0,2016-01-12 23:00:00,2016-01-13 00:00:00,2016-01-13 06:00:00,2016-01-14 06:00:00,6,-0.03379416282642089,neither,,-0.00048526863084918936,-0.01737723859041007,0.005823223570190494,comparable
downside,d0,2016-01-15 01:00:00,2016-01-15 02:00:00,2016-01-15 03:00:00,2016-01-16 03:00:00,1,-0.026406826568265762,lower_first,4.0,-0.11297467604766309,-0.1542889631156279,0.0022268021699476392,comparable
downside,d0,2016-01-15 01:00:00,2016-01-15 02:00:00,2016-01-15 08:00:00,2016-01-16 08:00:00,6,-0.026406826568265762,lower_first,5.0,-0.11982248520710059,-0.11984714003944774,0.012499999999999956,comparable
downside,d0,2016-01-16 07:00:00,2016-01-16 08:00:00,2016-01-16 09:00:00,2016-01-17 09:00:00,1,-0.1174754641418011,upper_first,1.0,0.0776852505292871,-0.0012702893436837837,0.10374029640084692,comparable
downside,d0,2016-01-16 07:00:00,2016-01-16 08:00:00,2016-01-16 14:00:00,2016-01-17 14:00:00,6,-0.1174754641418011,upper_first,5.0,0.0321446916650896,-0.012273919273297351,0.057071021114385445,comparable
downside,d0,2016-01-28 02:00:00,2016-01-28 03:00:00,2016-01-28 04:00:00,2016-01-29 04:00:00,1,-0.01993845527834992,lower_first,23.0,-0.027159010785261062,-0.05139320502441702,0.007312041365262534,comparable
downside,d0,2016-01-28 02:00:00,2016-01-28 03:00:00,2016-01-28 09:00:00,2016-01-29 09:00:00,6,-0.01993845527834992,lower_first,18.0,-0.02373401268586872,-0.05570864094832073,0.001247790371217583,comparable
downside,d0,2016-02-09 06:00:00,2016-02-09 07:00:00,2016-02-09 08:00:00,2016-02-10 08:00:00,1,-0.0229196887775287,neither,,0.01223035179135512,-0.0005399713815167351,0.012311347498582537,comparable
downside,d0,2016-02-09 06:00:00,2016-02-09 07:00:00,2016-02-09 13:00:00,2016-02-10 13:00:00,6,-0.0229196887775287,neither,,0.012295632097505838,-0.002604096754275309,0.012644634755295314,comparable
downside,d0,2016-02-23 08:00:00,2016-02-23 09:00:00,2016-02-23 10:00:00,2016-02-24 10:00:00,1,-0.026440818012807177,neither,,-0.010693546102639173,-0.03215145649402773,0.004674000283272806,comparable
downside,d0,2016-02-23 08:00:00,2016-02-23 09:00:00,2016-02-23 15:00:00,2016-02-24 15:00:00,6,-0.026440818012807177,neither,,-0.0030711079612568692,-0.03141979683439644,0.005433498700685213,comparable
downside,d0,2016-03-02 13:00:00,2016-03-02 14:00:00,2016-03-02 15:00:00,2016-03-03 15:00:00,1,-0.017310038441175735,neither,,-0.019732238652796608,-0.04690488407892901,0.0029388440546718186,comparable
downside,d0,2016-03-02 13:00:00,2016-03-02 14:00:00,2016-03-02 20:00:00,2016-03-03 20:00:00,6,-0.017310038441175735,neither,,-0.034325956672807356,-0.047104913368934076,0.0009794090898491703,comparable
downside,d0,2016-03-05 01:00:00,2016-03-05 02:00:00,2016-03-05 03:00:00,2016-03-06 03:00:00,1,-0.0491363765777737,neither,,-0.014946263434141516,-0.04751312171957023,0.021819545113721528,comparable
downside,d0,2016-03-05 01:00:00,2016-03-05 02:00:00,2016-03-05 08:00:00,2016-03-06 08:00:00,6,-0.0491363765777737,neither,,0.006555723651033629,-0.039107413010590175,0.010514372163388686,comparable
downside,d0,2016-03-12 15:00:00,2016-03-12 16:00:00,2016-03-12 17:00:00,2016-03-13 17:00:00,1,-0.0237857142857143,neither,,0.008500244259892487,-0.0031265266243282186,0.017049340498290322,comparable
downside,d0,2016-03-12 15:00:00,2016-03-12 16:00:00,2016-03-12 22:00:00,2016-03-13 22:00:00,6,-0.0237857142857143,neither,,0.007341463414634042,-0.0003170731707317076,0.015560975609756111,comparable
downside,d0,2016-03-18 14:00:00,2016-03-18 15:00:00,2016-03-18 16:00:00,2016-03-19 16:00:00,1,-0.018882337494927404,neither,,-0.003666137113528034,-0.024294268605645875,0.008138824392032395,comparable
downside,d0,2016-03-18 14:00:00,2016-03-18 15:00:00,2016-03-18 21:00:00,2016-03-19 21:00:00,6,-0.018882337494927404,neither,,-0.0007379347665666947,-0.004476804250504229,0.010970630196290632,comparable
downside,d0,2016-03-29 12:00:00,2016-03-29 13:00:00,2016-03-29 14:00:00,2016-03-30 14:00:00,1,-0.020338581744998252,neither,,-0.010600876981641139,-0.0180696766732521,0.0034693779212644493,comparable
downside,d0,2016-03-29 12:00:00,2016-03-29 13:00:00,2016-03-29 19:00:00,2016-03-30 19:00:00,6,-0.020338581744998252,neither,,-0.004401663925703736,-0.014317500241849745,0.0073038599206731725,comparable
downside,d0,2016-04-08 19:00:00,2016-04-08 20:00:00,2016-04-08 21:00:00,2016-04-09 21:00:00,1,-0.006808692351489842,neither,,-0.002190267593562556,-0.010784687172650242,9.522902580694215e-05,comparable
downside,d0,2016-04-08 19:00:00,2016-04-08 20:00:00,2016-04-09 02:00:00,2016-04-10 02:00:00,6,-0.006808692351489842,neither,,0.0077448747152619735,-0.001414698477400833,0.00836830116293008,comparable
downside,d0,2016-05-02 08:00:00,2016-05-02 09:00:00,2016-05-02 10:00:00,2016-05-03 10:00:00,1,-0.023932559667177555,neither,,0.012593777457363675,-0.004663527609435225,0.013810349877216188,comparable
downside,d0,2016-05-02 08:00:00,2016-05-02 09:00:00,2016-05-02 15:00:00,2016-05-03 15:00:00,6,-0.023932559667177555,neither,,0.01527940778189052,-0.0014218651259365611,0.01611447142728184,comparable
downside,d0,2016-05-10 09:00:00,2016-05-10 10:00:00,2016-05-10 11:00:00,2016-05-11 11:00:00,1,-0.00838146523646155,neither,,0.008741065303502937,-0.0029653234194161326,0.014959392772577296,comparable
downside,d0,2016-05-10 09:00:00,2016-05-10 10:00:00,2016-05-10 16:00:00,2016-05-11 16:00:00,6,-0.00838146523646155,neither,,0.008018201095599808,-0.0028494433645520623,0.01309860399363827,comparable
downside,d0,2016-05-16 19:00:00,2016-05-16 20:00:00,2016-05-16 21:00:00,2016-05-17 21:00:00,1,-0.017294746639537673,neither,,0.0008366174236587032,-0.0010347636555777528,0.007221329341053684,comparable
downside,d0,2016-05-16 19:00:00,2016-05-16 20:00:00,2016-05-17 02:00:00,2016-05-18 02:00:00,6,-0.017294746639537673,neither,,-0.0016227714304510865,-0.008355079932457654,0.002719238613188235,comparable
downside,d0,2016-05-19 09:00:00,2016-05-19 10:00:00,2016-05-19 11:00:00,2016-05-20 11:00:00,1,-0.012847496272910708,neither,,-0.014312701411267947,-0.03322591399044339,0.0008445382820312375,comparable
downside,d0,2016-05-19 09:00:00,2016-05-19 10:00:00,2016-05-19 16:00:00,2016-05-20 16:00:00,6,-0.012847496272910708,neither,,-0.012033962516435404,-0.030597463953825232,0.0010474004412452942,comparable
downside,d0,2016-06-21 00:00:00,2016-06-21 01:00:00,2016-06-21 02:00:00,2016-06-22 02:00:00,1,-0.11794563983454465,upper_first,2.0,-0.02979955905874898,-0.09419715549663532,0.03500151303370447,comparable
downside,d0,2016-06-21 00:00:00,2016-06-21 01:00:00,2016-06-21 07:00:00,2016-06-22 07:00:00,6,-0.11794563983454465,lower_first,4.0,-0.05266439909297049,-0.10912698412698407,0.010289115646258562,comparable
downside,d0,2016-06-23 01:00:00,2016-06-23 02:00:00,2016-06-23 03:00:00,2016-06-24 03:00:00,1,-0.17099753511715632,upper_first,0.0,0.18355060034305315,-0.0303945111492282,0.18780445969125226,comparable
downside,d0,2016-06-23 01:00:00,2016-06-23 02:00:00,2016-06-23 08:00:00,2016-06-24 08:00:00,6,-0.17099753511715632,upper_first,9.0,0.15676048518699215,-0.049006577951245744,0.17763833044531552,comparable
downside,d0,2016-07-03 14:00:00,2016-07-03 15:00:00,2016-07-03 16:00:00,2016-07-04 16:00:00,1,-0.045303323979518084,upper_first,12.0,0.028223229772084135,-0.009524389130633248,0.04021239692054901,comparable
downside,d0,2016-07-03 14:00:00,2016-07-03 15:00:00,2016-07-03 21:00:00,2016-07-04 21:00:00,6,-0.045303323979518084,neither,,0.01805547217386083,-0.019691421024194078,0.026130155490184492,comparable
downside,d0,2016-07-07 04:00:00,2016-07-07 05:00:00,2016-07-07 06:00:00,2016-07-08 06:00:00,1,-0.04553747461966262,lower_first,10.0,-0.010176704598020003,-0.05643445277083903,0.004841644308755111,comparable
downside,d0,2016-07-07 04:00:00,2016-07-07 05:00:00,2016-07-07 11:00:00,2016-07-08 11:00:00,6,-0.04553747461966262,lower_first,6.0,-0.0033013530897876286,-0.05153520668330258,0.01002805375160798,comparable
downside,d0,2016-07-21 02:00:00,2016-07-21 03:00:00,2016-07-21 04:00:00,2016-07-22 04:00:00,1,-0.01844553751333422,neither,,0.01015282031167497,-1.5085914281787183e-05,0.0102885935402115,comparable
downside,d0,2016-07-21 02:00:00,2016-07-21 03:00:00,2016-07-21 09:00:00,2016-07-22 09:00:00,6,-0.01844553751333422,neither,,0.004903656683864721,-0.0011883094417953766,0.00771649042583622,comparable
downside,d0,2016-07-22 13:00:00,2016-07-22 14:00:00,2016-07-22 15:00:00,2016-07-23 15:00:00,1,-0.013934192132517564,neither,,0.004037541518115528,-0.013331505012645906,0.00915683944297152,comparable
downside,d0,2016-07-22 13:00:00,2016-07-22 14:00:00,2016-07-22 20:00:00,2016-07-23 20:00:00,6,-0.013934192132517564,neither,,-0.0007442849548112696,-0.01634389002810055,0.006075795549479679,comparable
downside,d0,2016-07-26 06:00:00,2016-07-26 07:00:00,2016-07-26 08:00:00,2016-07-27 08:00:00,1,-0.015659512239706297,neither,,0.011316793009217063,-0.001775485942783206,0.017415201247471757,comparable
downside,d0,2016-07-26 06:00:00,2016-07-26 07:00:00,2016-07-26 13:00:00,2016-07-27 13:00:00,6,-0.015659512239706297,neither,,0.004751068606045683,-0.0058734893446908965,0.013238414465389425,comparable
downside,d0,2016-07-31 02:00:00,2016-07-31 03:00:00,2016-07-31 04:00:00,2016-08-01 04:00:00,1,-0.029330054196839317,neither,,-0.028395912994421124,-0.03620008775778849,0.01548298125744374,comparable
downside,d0,2016-07-31 02:00:00,2016-07-31 03:00:00,2016-07-31 09:00:00,2016-08-01 09:00:00,6,-0.029330054196839317,neither,,-0.02763360920185165,-0.04144262090678141,0.0,comparable
downside,d0,2016-08-01 18:00:00,2016-08-01 19:00:00,2016-08-01 20:00:00,2016-08-02 20:00:00,1,-0.03828885400313975,lower_first,22.0,-0.07535867595932555,-0.09199079439176072,0.004945566128584877,comparable
downside,d0,2016-08-01 18:00:00,2016-08-01 19:00:00,2016-08-02 01:00:00,2016-08-03 01:00:00,6,-0.03828885400313975,lower_first,17.0,-0.13094421021668812,-0.21070693205216207,0.002353171879595939,comparable
downside,d0,2016-08-02 21:00:00,2016-08-02 22:00:00,2016-08-02 23:00:00,2016-08-03 23:00:00,1,-0.09988946324652936,upper_first,0.0,0.15252261306532655,-0.029145728643216073,0.1574472361809045,comparable
downside,d0,2016-08-02 21:00:00,2016-08-02 22:00:00,2016-08-03 04:00:00,2016-08-04 04:00:00,6,-0.09988946324652936,upper_first,9.0,0.09254748255462553,-0.04888367918826364,0.0988296488946685,comparable
downside,d0,2016-08-09 18:00:00,2016-08-09 19:00:00,2016-08-09 20:00:00,2016-08-10 20:00:00,1,-0.010507851372092647,neither,,0.018091993185689992,-0.006320272572402086,0.02400340715502569,comparable
downside,d0,2016-08-09 18:00:00,2016-08-09 19:00:00,2016-08-10 01:00:00,2016-08-11 01:00:00,6,-0.010507851372092647,neither,,0.017757725376691846,-0.006912403166766112,0.02339320677619816,comparable
downside,d0,2016-08-14 03:00:00,2016-08-14 04:00:00,2016-08-14 05:00:00,2016-08-15 05:00:00,1,-0.00854293591096289,neither,,-0.018513439385628216,-0.031147147558968635,0.0019027701590783597,comparable
downside,d0,2016-08-14 03:00:00,2016-08-14 04:00:00,2016-08-14 10:00:00,2016-08-15 10:00:00,6,-0.00854293591096289,neither,,-0.01933474779275901,-0.03293751283279722,1.7110396276720508e-05,comparable
downside,d0,2016-08-15 15:00:00,2016-08-15 16:00:00,2016-08-15 17:00:00,2016-08-16 17:00:00,1,-0.016403168952640157,neither,,0.02142301160486837,-0.0034849985847722476,0.023315878856495997,comparable
downside,d0,2016-08-15 15:00:00,2016-08-15 16:00:00,2016-08-15 22:00:00,2016-08-16 22:00:00,6,-0.016403168952640157,neither,,0.021155267696856717,-0.0036784117709175446,0.024305677778168944,comparable
downside,d0,2016-08-23 18:00:00,2016-08-23 19:00:00,2016-08-23 20:00:00,2016-08-24 20:00:00,1,-0.011090983662587983,neither,,-0.00013801670002078215,-0.003174384100476213,0.007504658063625769,comparable
downside,d0,2016-08-23 18:00:00,2016-08-23 19:00:00,2016-08-24 01:00:00,2016-08-25 01:00:00,6,-0.011090983662587983,neither,,-0.0054292734051508695,-0.011580159098328324,0.0006013435733553951,comparable
downside,d0,2016-08-25 05:00:00,2016-08-25 06:00:00,2016-08-25 07:00:00,2016-08-26 07:00:00,1,-0.009408555743534941,neither,,0.00257543590992948,-0.002679845473845366,0.004054571398740103,comparable
downside,d0,2016-08-25 05:00:00,2016-08-25 06:00:00,2016-08-25 12:00:00,2016-08-26 12:00:00,6,-0.009408555743534941,neither,,0.006004803843074447,-0.002471542451352282,0.006944686183729676,comparable
downside,d0,2016-08-27 15:00:00,2016-08-27 16:00:00,2016-08-27 17:00:00,2016-08-28 17:00:00,1,-0.014522570494977627,neither,,0.005157985227810968,-0.0018245934139194953,0.007245741153353524,comparable
downside,d0,2016-08-27 15:00:00,2016-08-27 16:00:00,2016-08-27 22:00:00,2016-08-28 22:00:00,6,-0.014522570494977627,neither,,0.006288316692941054,-0.0021895253109125434,0.006305832895428409,comparable
downside,d0,2016-09-11 19:00:00,2016-09-11 20:00:00,2016-09-11 21:00:00,2016-09-12 21:00:00,1,-0.03147804378440655,neither,,0.006265331830537679,-0.0034475900019890204,0.010160445534707963,comparable
downside,d0,2016-09-11 19:00:00,2016-09-11 20:00:00,2016-09-12 02:00:00,2016-09-13 02:00:00,6,-0.03147804378440655,neither,,0.0002628898163057336,-0.00923400479773917,0.0013637409220861318,comparable
downside,d0,2016-10-18 15:00:00,2016-10-18 16:00:00,2016-10-18 17:00:00,2016-10-19 17:00:00,1,-0.005924744798261772,neither,,-0.01315624017604522,-0.016661427224143432,0.0012417478780257785,comparable
downside,d0,2016-10-18 15:00:00,2016-10-18 16:00:00,2016-10-18 22:00:00,2016-10-19 22:00:00,6,-0.005924744798261772,neither,,-0.01043815041642393,-0.015066832501534955,0.0028653746241165123,comparable
downside,d0,2016-11-03 18:00:00,2016-11-03 19:00:00,2016-11-03 20:00:00,2016-11-04 20:00:00,1,-0.051907872121003784,neither,,-0.009740812159709678,-0.04293330308529941,0.01373922413793105,comparable
downside,d0,2016-11-03 18:00:00,2016-11-03 19:00:00,2016-11-04 01:00:00,2016-11-05 01:00:00,6,-0.051907872121003784,neither,,0.0075035663338087755,-0.01733238231098433,0.010456490727532186,comparable
downside,d0,2016-11-12 17:00:00,2016-11-12 18:00:00,2016-11-12 19:00:00,2016-11-13 19:00:00,1,-0.014482421192423267,neither,,-0.005335149554458241,-0.027044667688290946,0.0017452749872297613,comparable
downside,d0,2016-11-12 17:00:00,2016-11-12 18:00:00,2016-11-13 00:00:00,2016-11-14 00:00:00,6,-0.014482421192423267,neither,,-0.0008798944126704455,-0.026865163277180915,0.0018591317429006438,comparable
downside,d0,2016-11-20 18:00:00,2016-11-20 19:00:00,2016-11-20 20:00:00,2016-11-21 20:00:00,1,-0.04355702373657999,neither,,0.011248439621942774,-0.004650269551022657,0.013004293611709405,comparable
downside,d0,2016-11-20 18:00:00,2016-11-20 19:00:00,2016-11-21 01:00:00,2016-11-22 01:00:00,6,-0.04355702373657999,neither,,0.0009010853983206779,-0.0033449382210390954,0.008218991057409974,comparable
downside,d0,2016-12-05 04:00:00,2016-12-05 05:00:00,2016-12-05 06:00:00,2016-12-06 06:00:00,1,-0.01598048424128573,neither,,0.0009008054260279952,-0.008319203052140733,0.0043053200508689216,comparable
downside,d0,2016-12-05 04:00:00,2016-12-05 05:00:00,2016-12-05 11:00:00,2016-12-06 11:00:00,6,-0.01598048424128573,neither,,0.007587112520062167,-0.007043281028239368,0.00978896685280728,comparable
downside,d0,2017-01-05 12:00:00,2017-01-05 13:00:00,2017-01-05 14:00:00,2017-01-06 14:00:00,1,-0.10383501840333909,upper_first,1.0,-0.06152425804711559,-0.09232269374799018,0.07244738125123185,comparable
downside,d0,2017-01-05 12:00:00,2017-01-05 13:00:00,2017-01-05 19:00:00,2017-01-06 19:00:00,6,-0.10383501840333909,upper_first,5.0,-0.10998250095540762,-0.1200092523684052,0.039734899531347345,comparable
downside,d0,2017-01-07 02:00:00,2017-01-07 03:00:00,2017-01-07 04:00:00,2017-01-08 04:00:00,1,-0.11255573223583704,upper_first,1.0,0.11401118600315496,-0.022312252019695,0.11409484200965636,comparable
downside,d0,2017-01-07 02:00:00,2017-01-07 03:00:00,2017-01-07 09:00:00,2017-01-08 09:00:00,6,-0.11255573223583704,upper_first,0.0,0.1329170599482079,-0.004501561025194278,0.15419056608339976,comparable
downside,d0,2017-01-11 09:00:00,2017-01-11 10:00:00,2017-01-11 11:00:00,2017-01-12 11:00:00,1,-0.04846807626256555,lower_first,1.0,-0.11206333566297355,-0.15830478569218953,0.0024747654128620677,comparable
downside,d0,2017-01-11 09:00:00,2017-01-11 10:00:00,2017-01-11 16:00:00,2017-01-12 16:00:00,6,-0.04846807626256555,lower_first,1.0,-0.005363128491620128,-0.08797020484171325,0.016312849162011256,comparable
downside,d0,2017-01-24 23:00:00,2017-01-25 00:00:00,2017-01-25 01:00:00,2017-01-26 01:00:00,1,-0.026023937630394234,neither,,0.0038847957133287814,-0.0059164992185755105,0.009131502567537364,comparable
downside,d0,2017-01-24 23:00:00,2017-01-25 00:00:00,2017-01-25 06:00:00,2017-01-26 06:00:00,6,-0.026023937630394234,neither,,0.0024639563147204058,-0.011642748532170177,0.007025605167648941,comparable
downside,d0,2017-02-09 13:00:00,2017-02-09 14:00:00,2017-02-09 15:00:00,2017-02-10 15:00:00,1,-0.049730124277290066,upper_first,9.0,0.003323738325498704,-0.02048085485307205,0.035391082855308786,comparable
downside,d0,2017-02-09 13:00:00,2017-02-09 14:00:00,2017-02-09 20:00:00,2017-02-10 20:00:00,6,-0.049730124277290066,upper_first,3.0,0.03048399199599805,-0.0039082041020510605,0.042146073036518406,comparable
downside,d0,2017-03-07 11:00:00,2017-03-07 12:00:00,2017-03-07 13:00:00,2017-03-08 13:00:00,1,-0.052471471026419025,lower_first,15.0,-0.029357901785354024,-0.06819520302049964,0.0165062564036369,comparable
downside,d0,2017-03-07 11:00:00,2017-03-07 12:00:00,2017-03-07 18:00:00,2017-03-08 18:00:00,6,-0.052471471026419025,lower_first,10.0,-0.05364036519067428,-0.08065556024292975,2.38790763573693e-05,comparable
downside,d0,2017-03-10 21:00:00,2017-03-10 22:00:00,2017-03-10 23:00:00,2017-03-11 23:00:00,1,-0.08518147249123909,upper_first,1.0,0.08496342056709594,-0.026537300006425624,0.11895429636225097,comparable
downside,d0,2017-03-10 21:00:00,2017-03-10 22:00:00,2017-03-11 04:00:00,2017-03-12 04:00:00,6,-0.08518147249123909,upper_first,3.0,0.030417292939121987,-0.0008601291062476646,0.05908826314737747,comparable
downside,d0,2017-03-16 19:00:00,2017-03-16 20:00:00,2017-03-16 21:00:00,2017-03-17 21:00:00,1,-0.05592663783437446,upper_first,2.0,-0.03821783036449544,-0.05614354440254843,0.032167468469639804,comparable
downside,d0,2017-03-16 19:00:00,2017-03-16 20:00:00,2017-03-17 02:00:00,2017-03-18 02:00:00,6,-0.05592663783437446,lower_first,1.0,-0.07447411350562372,-0.08496608568730146,0.004550528032969847,comparable
downside,d0,2017-03-17 23:00:00,2017-03-18 00:00:00,2017-03-18 01:00:00,2017-03-19 01:00:00,1,-0.08981286858251569,lower_first,12.0,-0.09128818281623352,-0.15175334200548007,0.011135405422859401,comparable
downside,d0,2017-03-17 23:00:00,2017-03-18 00:00:00,2017-03-18 06:00:00,2017-03-19 06:00:00,6,-0.08981286858251569,lower_first,8.0,-0.055514266630290576,-0.13502732908736836,0.02739494059098546,comparable
downside,d0,2017-03-24 12:00:00,2017-03-24 13:00:00,2017-03-24 14:00:00,2017-03-25 14:00:00,1,-0.07474010090200267,lower_first,9.0,-0.040416636853349064,-0.09021680244503272,0.021526918870296896,comparable
downside,d0,2017-03-24 12:00:00,2017-03-24 13:00:00,2017-03-24 19:00:00,2017-03-25 19:00:00,6,-0.07474010090200267,lower_first,4.0,-0.02914754668002084,-0.09036557073798901,0.0020644475558779796,comparable
downside,d0,2017-04-13 06:00:00,2017-04-13 07:00:00,2017-04-13 08:00:00,2017-04-14 08:00:00,1,-0.02862023372506517,neither,,-0.003522246205846402,-0.03871960912270134,0.002292388266987855,comparable
downside,d0,2017-04-13 06:00:00,2017-04-13 07:00:00,2017-04-13 13:00:00,2017-04-14 13:00:00,6,-0.02862023372506517,neither,,-0.015428848436220166,-0.039683733681025735,0.0011199705798772275,comparable
downside,d0,2017-05-12 19:00:00,2017-05-12 20:00:00,2017-05-12 21:00:00,2017-05-13 21:00:00,1,-0.09847832328452477,upper_first,1.0,0.041501365957952396,-0.04382943342439716,0.04161420596270338,comparable
downside,d0,2017-05-12 19:00:00,2017-05-12 20:00:00,2017-05-13 02:00:00,2017-05-14 02:00:00,6,-0.09847832328452477,upper_first,3.0,0.10292135927658097,-0.01828669687010287,0.10647625900157931,comparable
downside,d0,2017-05-26 18:00:00,2017-05-26 19:00:00,2017-05-26 20:00:00,2017-05-27 20:00:00,1,-0.1302337408312958,upper_first,0.0,-0.0552897487581574,-0.16708823286126617,0.040004527664465384,comparable
downside,d0,2017-05-26 18:00:00,2017-05-26 19:00:00,2017-05-27 01:00:00,2017-05-28 01:00:00,6,-0.1302337408312958,lower_first,2.0,-0.06923010004349706,-0.16781644193127443,0.023640713353632048,comparable
downside,d0,2017-06-12 10:00:00,2017-06-12 11:00:00,2017-06-12 12:00:00,2017-06-13 12:00:00,1,-0.04834179019188001,lower_first,5.0,-0.02294333973846885,-0.11339608926887901,0.02982706133816948,comparable
downside,d0,2017-06-12 10:00:00,2017-06-12 11:00:00,2017-06-12 17:00:00,2017-06-13 17:00:00,6,-0.04834179019188001,lower_first,0.0,0.01973292886033784,-0.08402852129431371,0.04054767428027595,comparable
downside,d0,2017-06-14 22:00:00,2017-06-14 23:00:00,2017-06-15 00:00:00,2017-06-16 00:00:00,1,-0.11474116570802106,upper_first,1.0,-0.009139835787205897,-0.15714514782851807,0.038150488650239955,comparable
downside,d0,2017-06-14 22:00:00,2017-06-14 23:00:00,2017-06-15 05:00:00,2017-06-16 05:00:00,6,-0.11474116570802106,lower_first,1.0,-0.005853271383455372,-0.15259842259296608,0.028100663040063534,comparable
downside,d0,2017-06-24 19:00:00,2017-06-24 20:00:00,2017-06-24 21:00:00,2017-06-25 21:00:00,1,-0.07221505217744018,neither,,-0.04041744773170963,-0.04370083171298722,0.018780490644684233,comparable
downside,d0,2017-06-24 19:00:00,2017-06-24 20:00:00,2017-06-25 02:00:00,2017-06-26 02:00:00,6,-0.07221505217744018,upper_first,7.0,0.007818583563582449,-0.03945657286738047,0.03760272266954434,comparable
downside,d0,2017-06-26 14:00:00,2017-06-26 15:00:00,2017-06-26 16:00:00,2017-06-27 16:00:00,1,-0.059233449477351874,upper_first,10.0,-0.02420160838010732,-0.04764836610678391,0.041660165392416904,comparable
downside,d0,2017-06-26 14:00:00,2017-06-26 15:00:00,2017-06-26 21:00:00,2017-06-27 21:00:00,6,-0.059233449477351874,upper_first,2.0,0.045571808057759844,-0.03620202295405783,0.05202976535095205,comparable
downside,d0,2017-07-01 01:00:00,2017-07-01 02:00:00,2017-07-01 03:00:00,2017-07-02 03:00:00,1,-0.038043071345536195,upper_first,5.0,-0.012533116792571963,-0.021875538276040274,0.0314394219017855,comparable
downside,d0,2017-07-01 01:00:00,2017-07-01 02:00:00,2017-07-01 08:00:00,2017-07-02 08:00:00,6,-0.038043071345536195,neither,,-0.029916353874566703,-0.048659946788778496,0.0031950665938038636,comparable
downside,d0,2017-07-07 12:00:00,2017-07-07 13:00:00,2017-07-07 14:00:00,2017-07-08 14:00:00,1,-0.02440601260707942,neither,,0.0034325215525803365,-0.018227325096341063,0.008037026737118147,comparable
downside,d0,2017-07-07 12:00:00,2017-07-07 13:00:00,2017-07-07 19:00:00,2017-07-08 19:00:00,6,-0.02440601260707942,neither,,0.007051014527315713,-0.01777857270613492,0.0084977841372047,comparable
downside,d0,2017-07-10 13:00:00,2017-07-10 14:00:00,2017-07-10 15:00:00,2017-07-11 15:00:00,1,-0.047642742121904225,lower_first,8.0,-0.01459583796082553,-0.0641027240850045,0.010706664836467539,comparable
downside,d0,2017-07-10 13:00:00,2017-07-10 14:00:00,2017-07-10 20:00:00,2017-07-11 20:00:00,6,-0.047642742121904225,lower_first,3.0,-0.03896265922540454,-0.06429732888077488,0.0022415277321476967,comparable
downside,d0,2017-07-14 15:00:00,2017-07-14 16:00:00,2017-07-14 17:00:00,2017-07-15 17:00:00,1,-0.03624655724201853,lower_first,11.0,-0.06821725100612741,-0.10490464450164971,0.009816540371995197,comparable
downside,d0,2017-07-14 15:00:00,2017-07-14 16:00:00,2017-07-14 22:00:00,2017-07-15 22:00:00,6,-0.03624655724201853,lower_first,9.0,-0.06745457801286547,-0.0931627110394827,0.023063395640774864,comparable
downside,d0,2017-07-15 23:00:00,2017-07-16 00:00:00,2017-07-16 01:00:00,2017-07-17 01:00:00,1,-0.1140742544785408,upper_first,1.0,-0.009450558442089751,-0.10086732397823506,0.04525835617559215,comparable
downside,d0,2017-07-15 23:00:00,2017-07-16 00:00:00,2017-07-16 06:00:00,2017-07-17 06:00:00,6,-0.1140742544785408,lower_first,5.0,-0.010960438417536689,-0.12086483459338371,0.0,comparable
downside,d0,2017-07-25 06:00:00,2017-07-25 07:00:00,2017-07-25 08:00:00,2017-07-26 08:00:00,1,-0.015983222557315435,lower_first,4.0,-0.06900739097192021,-0.08504490052921154,0.013822466755618157,comparable
downside,d0,2017-07-25 06:00:00,2017-07-25 07:00:00,2017-07-25 13:00:00,2017-07-26 13:00:00,6,-0.015983222557315435,upper_first,11.0,-0.0026039197091829447,-0.0353998735577683,0.032874980243401186,comparable
downside,d0,2017-07-26 15:00:00,2017-07-26 16:00:00,2017-07-26 17:00:00,2017-07-27 17:00:00,1,-0.05668456255992815,upper_first,6.0,0.05254069344341161,-0.0009086386455117168,0.06898664177846481,comparable
downside,d0,2017-07-26 15:00:00,2017-07-26 16:00:00,2017-07-26 22:00:00,2017-07-27 22:00:00,6,-0.05668456255992815,upper_first,1.0,0.08065997868665709,-0.0009472596838929759,0.08412237615192075,comparable
downside,d0,2017-08-02 21:00:00,2017-08-02 22:00:00,2017-08-02 23:00:00,2017-08-03 23:00:00,1,-0.022652320808220106,upper_first,20.0,0.03734888298761363,-0.0049917361510890546,0.03957362253709462,comparable
downside,d0,2017-08-02 21:00:00,2017-08-02 22:00:00,2017-08-03 04:00:00,2017-08-04 04:00:00,6,-0.022652320808220106,neither,,0.022507435689101962,-0.004261045077371461,0.029047900911400415,comparable
downside,d0,2017-08-22 00:00:00,2017-08-22 01:00:00,2017-08-22 02:00:00,2017-08-23 02:00:00,1,-0.04702007835455446,lower_first,3.0,0.07145435985880533,-0.06923358640626909,0.07662058020628515,comparable
downside,d0,2017-08-22 00:00:00,2017-08-22 01:00:00,2017-08-22 07:00:00,2017-08-23 07:00:00,6,-0.04702007835455446,upper_first,2.0,0.07730345911949676,-0.006813417190775661,0.08621593291404617,comparable
downside,d0,2017-09-04 07:00:00,2017-09-04 08:00:00,2017-09-04 09:00:00,2017-09-05 09:00:00,1,-0.042433314488359075,upper_first,12.0,-0.009977085470742275,-0.04315795658442456,0.03541130902073153,comparable
downside,d0,2017-09-04 07:00:00,2017-09-04 08:00:00,2017-09-04 14:00:00,2017-09-05 14:00:00,6,-0.042433314488359075,lower_first,1.0,-0.013335585190189403,-0.05907346460769913,0.018188929308731838,comparable
downside,d0,2017-09-08 19:00:00,2017-09-08 20:00:00,2017-09-08 21:00:00,2017-09-09 21:00:00,1,-0.08989367577718044,upper_first,2.0,0.008458863335827571,-0.023289521362453325,0.04705198612699357,comparable
downside,d0,2017-09-08 19:00:00,2017-09-08 20:00:00,2017-09-09 02:00:00,2017-09-10 02:00:00,6,-0.08989367577718044,upper_first,3.0,0.004516861317441112,-0.025775009963664663,0.037141745074686705,comparable
downside,d0,2017-09-12 18:00:00,2017-09-12 19:00:00,2017-09-12 20:00:00,2017-09-13 20:00:00,1,-0.027865183425681006,lower_first,7.0,-0.07611932776739194,-0.10583367930482535,0.009810391623730208,comparable
downside,d0,2017-09-12 18:00:00,2017-09-12 19:00:00,2017-09-13 01:00:00,2017-09-14 01:00:00,6,-0.027865183425681006,lower_first,3.0,-0.05558262967430638,-0.1010856453558504,0.0015006031363089534,comparable
downside,d0,2017-09-14 11:00:00,2017-09-14 12:00:00,2017-09-14 13:00:00,2017-09-15 13:00:00,1,-0.054501681342980834,upper_first,1.0,-0.03543012289225489,-0.14975421549014,0.034721348956844755,comparable
downside,d0,2017-09-14 11:00:00,2017-09-14 12:00:00,2017-09-14 18:00:00,2017-09-15 18:00:00,6,-0.054501681342980834,upper_first,0.0,0.0845309200603317,-0.10256108597285063,0.1748054298642534,comparable
downside,d0,2017-09-21 14:00:00,2017-09-21 15:00:00,2017-09-21 16:00:00,2017-09-22 16:00:00,1,-0.057603778572461795,lower_first,19.0,-0.058710008863997465,-0.06574264594319057,0.0029280472320636353,comparable
downside,d0,2017-09-21 14:00:00,2017-09-21 15:00:00,2017-09-21 21:00:00,2017-09-22 21:00:00,6,-0.057603778572461795,upper_first,7.0,-0.01065407366468396,-0.03971337422775756,0.030870547806530313,comparable
downside,d0,2017-09-22 15:00:00,2017-09-22 16:00:00,2017-09-22 17:00:00,2017-09-23 17:00:00,1,-0.059501997336884105,upper_first,11.0,0.05872757847533627,-0.010367152466367657,0.07031670403587431,comparable
downside,d0,2017-09-22 15:00:00,2017-09-22 16:00:00,2017-09-22 22:00:00,2017-09-23 22:00:00,6,-0.059501997336884105,upper_first,10.0,0.031113595743567535,-0.014102737104160878,0.05168525092186904,comparable
downside,d0,2017-10-03 13:00:00,2017-10-03 14:00:00,2017-10-03 15:00:00,2017-10-04 15:00:00,1,-0.036541782296840686,neither,,-0.016070038819567367,-0.024182183197507756,0.015245035372314808,comparable
downside,d0,2017-10-03 13:00:00,2017-10-03 14:00:00,2017-10-03 20:00:00,2017-10-04 20:00:00,6,-0.036541782296840686,neither,,-0.015442172573297719,-0.023095406889548697,0.016375722097047074,comparable
downside,d0,2017-10-05 04:00:00,2017-10-05 05:00:00,2017-10-05 06:00:00,2017-10-06 06:00:00,1,-0.03326811084573367,upper_first,6.0,0.0565804502146976,-2.409626941646259e-06,0.05775152890829416,comparable
downside,d0,2017-10-05 04:00:00,2017-10-05 05:00:00,2017-10-05 11:00:00,2017-10-06 11:00:00,6,-0.03326811084573367,upper_first,18.0,0.03523504172756842,-1.4144938469629054e-05,0.03894573058607187,comparable
downside,d0,2017-10-18 06:00:00,2017-10-18 07:00:00,2017-10-18 08:00:00,2017-10-19 08:00:00,1,-0.057073436890255125,upper_first,12.0,0.0559705077319248,-0.03890168804429117,0.06449644062081461,comparable
downside,d0,2017-10-18 06:00:00,2017-10-18 07:00:00,2017-10-18 13:00:00,2017-10-19 13:00:00,6,-0.057073436890255125,upper_first,7.0,0.07117290957245559,-0.03480892924706769,0.0819031403707906,comparable
downside,d0,2017-10-24 21:00:00,2017-10-24 22:00:00,2017-10-24 23:00:00,2017-10-25 23:00:00,1,-0.0705063721325404,upper_first,21.0,0.033224340551306186,-0.023838010461128434,0.038124476898190096,comparable
downside,d0,2017-10-24 21:00:00,2017-10-24 22:00:00,2017-10-25 04:00:00,2017-10-26 04:00:00,6,-0.0705063721325404,upper_first,19.0,0.041181654676259116,-0.02102338129496406,0.04226618705035978,comparable
downside,d0,2017-11-10 11:00:00,2017-11-10 12:00:00,2017-11-10 13:00:00,2017-11-11 13:00:00,1,-0.03350289668783757,lower_first,5.0,-0.06662895179598693,-0.06663042120653295,0.02123886003129849,comparable
downside,d0,2017-11-10 11:00:00,2017-11-10 12:00:00,2017-11-10 18:00:00,2017-11-11 18:00:00,6,-0.03350289668783757,lower_first,2.0,-0.058676904606335345,-0.07684501940262622,0.016958677052098636,comparable
downside,d0,2017-11-11 12:00:00,2017-11-11 13:00:00,2017-11-11 14:00:00,2017-11-12 14:00:00,1,-0.06635192300343062,lower_first,13.0,-0.04197319061516136,-0.14358063483479577,0.015765198770485433,comparable
downside,d0,2017-11-11 12:00:00,2017-11-11 13:00:00,2017-11-11 19:00:00,2017-11-12 19:00:00,6,-0.06635192300343062,upper_first,2.0,-0.01587701047353729,-0.11660826662477686,0.03965966614197458,comparable
downside,d0,2017-12-10 03:00:00,2017-12-10 04:00:00,2017-12-10 05:00:00,2017-12-11 05:00:00,1,-0.15973195877571778,upper_first,5.0,0.1737595744680851,-0.028085106382978675,0.20482269503546102,comparable
downside,d0,2017-12-10 03:00:00,2017-12-10 04:00:00,2017-12-10 10:00:00,2017-12-11 10:00:00,6,-0.15973195877571778,upper_first,3.0,0.1816732680108124,-0.009375365729506036,0.19768922404007916,comparable
downside,d0,2017-12-19 11:00:00,2017-12-19 12:00:00,2017-12-19 13:00:00,2017-12-20 13:00:00,1,-0.07154259329551427,lower_first,8.0,-0.01589857302303377,-0.22982519930975265,0.017657746662493423,comparable
downside,d0,2017-12-19 11:00:00,2017-12-19 12:00:00,2017-12-19 18:00:00,2017-12-20 18:00:00,6,-0.07154259329551427,lower_first,3.0,-0.07794272555258652,-0.23741913135170878,0.0,comparable
downside,d0,2017-12-22 13:00:00,2017-12-22 14:00:00,2017-12-22 15:00:00,2017-12-23 15:00:00,1,-0.2604740695083443,upper_first,0.0,0.3201694340398036,-0.030367247373533024,0.3201694340398036,comparable
downside,d0,2017-12-22 13:00:00,2017-12-22 14:00:00,2017-12-22 20:00:00,2017-12-23 20:00:00,6,-0.2604740695083443,upper_first,0.0,0.16414243102162573,-0.008175988068605422,0.21260253542132745,comparable
downside,d0,2017-12-28 18:00:00,2017-12-28 19:00:00,2017-12-28 20:00:00,2017-12-29 20:00:00,1,-0.09617365269461076,upper_first,3.0,0.05189613019268258,-0.014126466121684,0.08460442089315401,comparable
downside,d0,2017-12-28 18:00:00,2017-12-28 19:00:00,2017-12-29 01:00:00,2017-12-30 01:00:00,6,-0.09617365269461076,upper_first,1.0,0.010168634028826506,-0.021477336949590975,0.052636200253519005,comparable
downside,d0,2017-12-30 13:00:00,2017-12-30 14:00:00,2017-12-30 15:00:00,2017-12-31 15:00:00,1,-0.07383170391061455,lower_first,1.0,0.004186110760767026,-0.061578470057596535,0.012744515113841892,comparable
downside,d0,2017-12-30 13:00:00,2017-12-30 14:00:00,2017-12-30 20:00:00,2017-12-31 20:00:00,6,-0.07383170391061455,lower_first,3.0,0.03656294095803925,-0.0617304121797253,0.05429632380245075,comparable
downside,d0,2018-01-08 09:00:00,2018-01-08 10:00:00,2018-01-08 11:00:00,2018-01-09 11:00:00,1,-0.08474008477797501,lower_first,3.0,-0.047724876529326776,-0.08997661239893862,0.010955381553305887,comparable
downside,d0,2018-01-08 09:00:00,2018-01-08 10:00:00,2018-01-08 16:00:00,2018-01-09 16:00:00,6,-0.08474008477797501,upper_first,2.0,0.005296972416076073,-0.026779632269060216,0.052144914769696404,comparable
downside,d0,2018-01-10 08:00:00,2018-01-10 09:00:00,2018-01-10 10:00:00,2018-01-11 10:00:00,1,-0.10585251424191122,upper_first,5.0,-0.024600583845036605,-0.07965242525776894,0.07637440860524314,comparable
downside,d0,2018-01-10 08:00:00,2018-01-10 09:00:00,2018-01-10 15:00:00,2018-01-11 15:00:00,6,-0.10585251424191122,upper_first,0.0,0.00992100730361778,-0.07246371560600318,0.08478182262186773,comparable
downside,d0,2018-01-16 01:00:00,2018-01-16 02:00:00,2018-01-16 03:00:00,2018-01-17 03:00:00,1,-0.038029622301709365,lower_first,4.0,-0.1638364109150151,-0.24905040457076466,0.001405295346490698,comparable
downside,d0,2018-01-16 01:00:00,2018-01-16 02:00:00,2018-01-16 08:00:00,2018-01-17 08:00:00,6,-0.038029622301709365,lower_first,0.0,-0.10910391956354615,-0.21234122661784027,0.0075183078769685,comparable
downside,d0,2018-01-17 14:00:00,2018-01-17 15:00:00,2018-01-17 16:00:00,2018-01-18 16:00:00,1,-0.21973482959268498,upper_first,0.0,0.2667147218542556,-0.006649741966827216,0.2775829926789608,comparable
downside,d0,2018-01-17 14:00:00,2018-01-17 15:00:00,2018-01-17 21:00:00,2018-01-18 21:00:00,6,-0.21973482959268498,upper_first,0.0,0.0825177988903969,-0.02124785470024415,0.11025329648088422,comparable
downside,d0,2018-01-22 13:00:00,2018-01-22 14:00:00,2018-01-22 15:00:00,2018-01-23 15:00:00,1,-0.1176934906798579,lower_first,6.0,-0.02059146270941481,-0.0648792335488797,0.031688793313392916,comparable
downside,d0,2018-01-22 13:00:00,2018-01-22 14:00:00,2018-01-22 20:00:00,2018-01-23 20:00:00,6,-0.1176934906798579,lower_first,1.0,0.03435788479697832,-0.060906515580736564,0.07365439093484416,comparable
downside,d0,2018-01-30 13:00:00,2018-01-30 14:00:00,2018-01-30 15:00:00,2018-01-31 15:00:00,1,-0.052607709750566944,lower_first,3.0,-0.05894096396995907,-0.08726875178248883,9.506607091935848e-05,comparable
downside,d0,2018-01-30 13:00:00,2018-01-30 14:00:00,2018-01-30 20:00:00,2018-01-31 20:00:00,6,-0.052607709750566944,lower_first,4.0,-0.02035973645637712,-0.05741037268586924,0.011207770825826913,comparable
downside,d0,2018-02-05 14:00:00,2018-02-05 15:00:00,2018-02-05 16:00:00,2018-02-06 16:00:00,1,-0.153164870126567,lower_first,2.0,-0.006060374849444328,-0.19980707080065618,0.01900952111048748,comparable
downside,d0,2018-02-05 14:00:00,2018-02-05 15:00:00,2018-02-05 21:00:00,2018-02-06 21:00:00,6,-0.153164870126567,lower_first,2.0,0.05337826004721502,-0.1771686362967685,0.08930935685214103,comparable
downside,d0,2018-02-22 10:00:00,2018-02-22 11:00:00,2018-02-22 12:00:00,2018-02-23 12:00:00,1,-0.07383689501995894,lower_first,5.0,-0.006897223575255684,-0.06707939600584512,0.006652703360935375,comparable
downside,d0,2018-02-22 10:00:00,2018-02-22 11:00:00,2018-02-22 17:00:00,2018-02-23 17:00:00,6,-0.07383689501995894,upper_first,19.0,0.014398303430763981,-0.036582274151262584,0.04534278465119934,comparable
downside,d0,2018-02-24 20:00:00,2018-02-24 21:00:00,2018-02-24 22:00:00,2018-02-25 22:00:00,1,-0.05724505539342817,upper_first,8.0,0.008745257945668827,-0.01927427505860846,0.03596862014238522,comparable
downside,d0,2018-02-24 20:00:00,2018-02-24 21:00:00,2018-02-25 03:00:00,2018-02-26 03:00:00,6,-0.05724505539342817,neither,,0.011936486959629455,-0.031205877127638115,0.023364927777448807,comparable
downside,d0,2018-03-06 10:00:00,2018-03-06 11:00:00,2018-03-06 12:00:00,2018-03-07 12:00:00,1,-0.045194382187218496,neither,,-0.02744374439088948,-0.0469639061160555,0.006212746823712534,comparable
downside,d0,2018-03-06 10:00:00,2018-03-06 11:00:00,2018-03-06 17:00:00,2018-03-07 17:00:00,6,-0.045194382187218496,lower_first,23.0,-0.0896484568048117,-0.09664509256242515,3.0201305428523284e-05,comparable
downside,d0,2018-03-07 16:00:00,2018-03-07 17:00:00,2018-03-07 18:00:00,2018-03-08 18:00:00,1,-0.08964928994965538,upper_first,4.0,-0.04476262864890401,-0.07044105260995492,0.042531687175167976,comparable
downside,d0,2018-03-07 16:00:00,2018-03-07 17:00:00,2018-03-07 23:00:00,2018-03-08 23:00:00,6,-0.08964928994965538,lower_first,17.0,-0.06693501063411111,-0.08907993046811225,0.016405620125193643,comparable
downside,d0,2018-03-08 17:00:00,2018-03-08 18:00:00,2018-03-08 19:00:00,2018-03-09 19:00:00,1,-0.04476360980750438,lower_first,9.0,-0.04874291822554777,-0.10529128808124,0.011500801710315312,comparable
downside,d0,2018-03-08 17:00:00,2018-03-08 18:00:00,2018-03-09 00:00:00,2018-03-10 00:00:00,6,-0.04476360980750438,lower_first,4.0,-0.005362765854549756,-0.10047394383604336,0.011295124074412355,comparable
downside,d0,2018-03-14 16:00:00,2018-03-14 17:00:00,2018-03-14 18:00:00,2018-03-15 18:00:00,1,-0.08641254925735076,lower_first,8.0,-0.01979455604718361,-0.08027718857077049,0.007783931125166621,comparable
downside,d0,2018-03-14 16:00:00,2018-03-14 17:00:00,2018-03-14 23:00:00,2018-03-15 23:00:00,6,-0.08641254925735076,lower_first,3.0,0.017114027123887876,-0.06328622067881817,0.026401740972857857,comparable
downside,d0,2018-03-18 02:00:00,2018-03-18 03:00:00,2018-03-18 04:00:00,2018-03-19 04:00:00,1,-0.07081995269269936,upper_first,17.0,0.06736459401023942,-0.04673974560600491,0.10119164052047225,comparable
downside,d0,2018-03-18 02:00:00,2018-03-18 03:00:00,2018-03-18 09:00:00,2018-03-19 09:00:00,6,-0.07081995269269936,lower_first,5.0,0.07103491376255544,-0.05805645218444566,0.08811875446972173,comparable
downside,d0,2018-03-23 12:00:00,2018-03-23 13:00:00,2018-03-23 14:00:00,2018-03-24 14:00:00,1,-0.045004592422502876,upper_first,1.0,0.06001195457262409,-1.1954572624039983e-06,0.07191273161984446,comparable
downside,d0,2018-03-23 12:00:00,2018-03-23 13:00:00,2018-03-23 19:00:00,2018-03-24 19:00:00,6,-0.045004592422502876,upper_first,4.0,0.03443471799753883,-0.006192676527271512,0.04476745536025262,comparable
downside,d0,2018-03-26 10:00:00,2018-03-26 11:00:00,2018-03-26 12:00:00,2018-03-27 12:00:00,1,-0.033946341739228836,neither,,-0.02005925925925922,-0.04234567901234565,0.0185185185185186,comparable
downside,d0,2018-03-26 10:00:00,2018-03-26 11:00:00,2018-03-26 17:00:00,2018-03-27 17:00:00,6,-0.033946341739228836,neither,,0.002732132202021953,-0.039730426321562096,0.02129998489713958,comparable
downside,d0,2018-03-29 04:00:00,2018-03-29 05:00:00,2018-03-29 06:00:00,2018-03-30 06:00:00,1,-0.028164061251238826,lower_first,14.0,-0.05891851469488518,-0.12246289053452186,0.009221280284831268,comparable
downside,d0,2018-03-29 04:00:00,2018-03-29 05:00:00,2018-03-29 11:00:00,2018-03-30 11:00:00,6,-0.028164061251238826,lower_first,9.0,-0.0784690506235105,-0.11279390767575581,0.012340409018588128,comparable
downside,d0,2018-04-01 13:00:00,2018-04-01 14:00:00,2018-04-01 15:00:00,2018-04-02 15:00:00,1,-0.06717786226691913,upper_first,1.0,0.06248886841701218,-0.009672961768770194,0.0901274374328267,comparable
downside,d0,2018-04-01 13:00:00,2018-04-01 14:00:00,2018-04-01 20:00:00,2018-04-02 20:00:00,6,-0.06717786226691913,neither,,0.010130260680550895,-0.022862551175906076,0.027497869027306887,comparable
downside,d0,2018-04-05 00:00:00,2018-04-05 01:00:00,2018-04-05 02:00:00,2018-04-06 02:00:00,1,-0.0959394152109938,upper_first,1.0,0.030730810112494122,-0.0007596652620693867,0.05126603295521903,comparable
downside,d0,2018-04-05 00:00:00,2018-04-05 01:00:00,2018-04-05 07:00:00,2018-04-06 07:00:00,6,-0.0959394152109938,neither,,-0.02530979641314879,-0.031243423957984406,0.027434876807578057,comparable
downside,d0,2018-04-06 10:00:00,2018-04-06 11:00:00,2018-04-06 12:00:00,2018-04-07 12:00:00,1,-0.040210541813898604,upper_first,13.0,0.03700328135462061,-0.014222730068906952,0.042899441822081386,comparable
downside,d0,2018-04-06 10:00:00,2018-04-06 11:00:00,2018-04-06 17:00:00,2018-04-07 17:00:00,6,-0.040210541813898604,upper_first,8.0,0.0616707575833193,-0.01363235589916234,0.06842341667914353,comparable
downside,d0,2018-04-17 19:00:00,2018-04-17 20:00:00,2018-04-17 21:00:00,2018-04-18 21:00:00,1,-0.013147167372783097,upper_first,10.0,0.03421643318992751,-0.00565955704297616,0.04192344052536057,comparable
downside,d0,2018-04-17 19:00:00,2018-04-17 20:00:00,2018-04-18 02:00:00,2018-04-19 02:00:00,6,-0.013147167372783097,upper_first,18.0,0.0314837606492715,-0.006345427307531293,0.0395794767292299,comparable
downside,d0,2018-04-25 14:00:00,2018-04-25 15:00:00,2018-04-25 16:00:00,2018-04-26 16:00:00,1,-0.05813993541442419,neither,,-0.015097486177333197,-0.03073444810064252,0.02723792895037258,comparable
downside,d0,2018-04-25 14:00:00,2018-04-25 15:00:00,2018-04-25 21:00:00,2018-04-26 21:00:00,6,-0.05813993541442419,neither,,0.0038546255506608507,-0.04625550660792954,0.010788546255506404,comparable
downside,d0,2018-05-07 01:00:00,2018-05-07 02:00:00,2018-05-07 03:00:00,2018-05-08 03:00:00,1,-0.054595882770510196,neither,,0.014711613196314977,-0.013608188380990538,0.01871731440394586,comparable
downside,d0,2018-05-07 01:00:00,2018-05-07 02:00:00,2018-05-07 08:00:00,2018-05-08 08:00:00,6,-0.054595882770510196,neither,,0.00505213372030533,-0.015065032785123056,0.017212727077286827,comparable
downside,d0,2018-05-08 12:00:00,2018-05-08 13:00:00,2018-05-08 14:00:00,2018-05-09 14:00:00,1,-0.021408344953341207,neither,,0.01613080215077356,-0.016789202238560286,0.022934269724569356,comparable
downside,d0,2018-05-08 12:00:00,2018-05-08 13:00:00,2018-05-08 19:00:00,2018-05-09 19:00:00,6,-0.021408344953341207,neither,,0.007230426923449107,-0.026088015121722763,0.01847715382918058,comparable
downside,d0,2018-05-16 02:00:00,2018-05-16 03:00:00,2018-05-16 04:00:00,2018-05-17 04:00:00,1,-0.061763925882366566,upper_first,6.0,0.02354020027596415,-0.006535475585015549,0.038658231846547375,comparable
downside,d0,2018-05-16 02:00:00,2018-05-16 03:00:00,2018-05-16 09:00:00,2018-05-17 09:00:00,6,-0.061763925882366566,upper_first,18.0,0.00547656058848367,-0.012253180458696944,0.03268042278706895,comparable
downside,d0,2018-05-17 22:00:00,2018-05-17 23:00:00,2018-05-18 00:00:00,2018-05-19 00:00:00,1,-0.026195638803601318,neither,,0.022274475741407063,-0.016353145551557313,0.027422757165901368,comparable
downside,d0,2018-05-17 22:00:00,2018-05-17 23:00:00,2018-05-18 05:00:00,2018-05-19 05:00:00,6,-0.026195638803601318,upper_first,14.0,0.026470221623912327,-0.008857477625707433,0.0320843616782589,comparable
downside,d0,2018-05-22 12:00:00,2018-05-22 13:00:00,2018-05-22 14:00:00,2018-05-23 14:00:00,1,-0.038580377649760855,lower_first,18.0,-0.038925650584741844,-0.05057185310561341,0.0019284691165277756,comparable
downside,d0,2018-05-22 12:00:00,2018-05-22 13:00:00,2018-05-22 19:00:00,2018-05-23 19:00:00,6,-0.038580377649760855,lower_first,20.0,-0.08627220608022446,-0.09406139700863858,0.0014174353074238866,comparable
downside,d0,2018-05-23 15:00:00,2018-05-23 16:00:00,2018-05-23 17:00:00,2018-05-24 17:00:00,1,-0.06262066619281081,neither,,-0.012389580408836531,-0.04547048233352202,0.01572104469047053,comparable
downside,d0,2018-05-23 15:00:00,2018-05-23 16:00:00,2018-05-23 22:00:00,2018-05-24 22:00:00,6,-0.06262066619281081,neither,,-0.013814553806392293,-0.04925211495299242,0.011696984916735875,comparable
downside,d0,2018-05-27 00:00:00,2018-05-27 01:00:00,2018-05-27 02:00:00,2018-05-28 02:00:00,1,-0.025536806005943102,neither,,0.012352619382080432,-0.006373550247547155,0.01612561818076852,comparable
downside,d0,2018-05-27 00:00:00,2018-05-27 01:00:00,2018-05-27 07:00:00,2018-05-28 07:00:00,6,-0.025536806005943102,neither,,-0.009099603058630112,-0.016497832807142454,0.021482582190737842,comparable
downside,d0,2018-05-28 05:00:00,2018-05-28 06:00:00,2018-05-28 07:00:00,2018-05-29 07:00:00,1,-0.010738159090252997,neither,,-0.017351365497492943,-0.022696211943931677,0.011782201661333369,comparable
downside,d0,2018-05-28 05:00:00,2018-05-28 06:00:00,2018-05-28 12:00:00,2018-05-29 12:00:00,6,-0.010738159090252997,upper_first,23.0,0.024141274238227206,-0.022437673130193958,0.036008310249307396,comparable
downside,d0,2018-06-09 23:00:00,2018-06-10 00:00:00,2018-06-10 01:00:00,2018-06-11 01:00:00,1,-0.016065522129469323,lower_first,16.0,-0.07550614211127082,-0.0862725221048698,0.011483406066150614,comparable
downside,d0,2018-06-09 23:00:00,2018-06-10 00:00:00,2018-06-10 06:00:00,2018-06-11 06:00:00,6,-0.016065522129469323,lower_first,11.0,-0.0753363621555102,-0.08943694843656103,0.002001267560712172,comparable
downside,d0,2018-06-12 19:00:00,2018-06-12 20:00:00,2018-06-12 21:00:00,2018-06-13 21:00:00,1,-0.03769395758468941,lower_first,19.0,-0.04355919810815678,-0.061573619434833304,0.01245269627413359,comparable
downside,d0,2018-06-12 19:00:00,2018-06-12 20:00:00,2018-06-13 02:00:00,2018-06-14 02:00:00,6,-0.03769395758468941,lower_first,14.0,-0.03630816170861939,-0.06407322654462244,0.00975591151792532,comparable
downside,d0,2018-06-22 07:00:00,2018-06-22 08:00:00,2018-06-22 09:00:00,2018-06-23 09:00:00,1,-0.03664419298258603,lower_first,4.0,-0.04624382225597223,-0.07480949188983099,0.0,comparable
downside,d0,2018-06-22 07:00:00,2018-06-22 08:00:00,2018-06-22 14:00:00,2018-06-23 14:00:00,6,-0.03664419298258603,neither,,0.006535947712418277,-0.03248202614379081,0.02107679738562096,comparable
downside,d0,2018-06-24 04:00:00,2018-06-24 05:00:00,2018-06-24 06:00:00,2018-06-25 06:00:00,1,-0.03497633407192546,upper_first,10.0,0.04051770079939088,-0.022628262064881777,0.05837668654570072,comparable
downside,d0,2018-06-24 04:00:00,2018-06-24 05:00:00,2018-06-24 11:00:00,2018-06-25 11:00:00,6,-0.03497633407192546,upper_first,5.0,0.04059744193874115,-0.027768428138673862,0.05281050151464162,comparable
downside,d0,2018-06-28 21:00:00,2018-06-28 22:00:00,2018-06-28 23:00:00,2018-06-29 23:00:00,1,-0.03182242478833819,upper_first,23.0,0.05138711887690417,-0.025252482739928084,0.060604275076977965,comparable
downside,d0,2018-06-28 21:00:00,2018-06-28 22:00:00,2018-06-29 04:00:00,2018-06-30 04:00:00,6,-0.03182242478833819,upper_first,18.0,0.08270225216030469,-0.015103422467170113,0.109095393617745,comparable
downside,d0,2018-07-10 09:00:00,2018-07-10 10:00:00,2018-07-10 11:00:00,2018-07-11 11:00:00,1,-0.03622155585633424,neither,,-0.018497081238476043,-0.029552363833631357,1.2364359116556756e-05,comparable
downside,d0,2018-07-10 09:00:00,2018-07-10 10:00:00,2018-07-10 16:00:00,2018-07-11 16:00:00,6,-0.03622155585633424,neither,,-0.0023585644883247214,-0.015984955336154183,0.004461683121767868,comparable
downside,d0,2018-07-12 06:00:00,2018-07-12 07:00:00,2018-07-12 08:00:00,2018-07-13 08:00:00,1,-0.016308814424092488,neither,,0.011136740722755167,-0.016630650317672302,0.01719881834001047,comparable
downside,d0,2018-07-12 06:00:00,2018-07-12 07:00:00,2018-07-12 13:00:00,2018-07-13 13:00:00,6,-0.016308814424092488,neither,,0.014696480451900529,-0.016726148567174137,0.01710003479893496,comparable
downside,d0,2018-07-27 12:00:00,2018-07-27 13:00:00,2018-07-27 14:00:00,2018-07-28 14:00:00,1,-0.04862039625622949,upper_first,1.0,0.036887007158205254,-0.006822545167893712,0.052313384445207056,comparable
downside,d0,2018-07-27 12:00:00,2018-07-27 13:00:00,2018-07-27 19:00:00,2018-07-28 19:00:00,6,-0.04862039625622949,neither,,-0.010188119984816835,-0.025068964433451968,0.0,comparable
downside,d0,2018-07-30 17:00:00,2018-07-30 18:00:00,2018-07-30 19:00:00,2018-07-31 19:00:00,1,-0.03526306601280149,upper_first,3.0,-0.02657427087394515,-0.03739011230867906,0.03127664658609275,comparable
downside,d0,2018-07-30 17:00:00,2018-07-30 18:00:00,2018-07-31 00:00:00,2018-08-01 00:00:00,6,-0.03526306601280149,lower_first,12.0,-0.054188494492044104,-0.06615911872705027,0.00043696450428387656,comparable
downside,d0,2018-08-01 01:00:00,2018-08-01 02:00:00,2018-08-01 03:00:00,2018-08-02 03:00:00,1,-0.0689260172626387,neither,,0.015358750330950466,-0.015488482922954683,0.020325655281969723,comparable
downside,d0,2018-08-01 01:00:00,2018-08-01 02:00:00,2018-08-01 08:00:00,2018-08-02 08:00:00,6,-0.0689260172626387,neither,,0.015448641484426817,-0.014314115308151076,0.021542743538767395,comparable
downside,d0,2018-08-03 00:00:00,2018-08-03 01:00:00,2018-08-03 02:00:00,2018-08-04 02:00:00,1,-0.03761453184477237,neither,,0.016882205923413718,-0.007770309382256979,0.026760918272144663,comparable
downside,d0,2018-08-03 00:00:00,2018-08-03 01:00:00,2018-08-03 07:00:00,2018-08-04 07:00:00,6,-0.03761453184477237,neither,,0.0097300635024693,-0.0059136589472653656,0.0253057815944846,comparable
downside,d0,2018-08-04 12:00:00,2018-08-04 13:00:00,2018-08-04 14:00:00,2018-08-05 14:00:00,1,-0.01955458622679318,lower_first,11.0,-0.03834027528756245,-0.051113011336992864,0.0,comparable
downside,d0,2018-08-04 12:00:00,2018-08-04 13:00:00,2018-08-04 19:00:00,2018-08-05 19:00:00,6,-0.01955458622679318,neither,,0.004437914309158852,-0.014751518328056323,0.01448515754667401,comparable
downside,d0,2018-08-06 21:00:00,2018-08-06 22:00:00,2018-08-06 23:00:00,2018-08-07 23:00:00,1,-0.02679740971131428,upper_first,12.0,-0.01846735495128693,-0.03343463719645201,0.039988367020503235,comparable
downside,d0,2018-08-06 21:00:00,2018-08-06 22:00:00,2018-08-07 04:00:00,2018-08-08 04:00:00,6,-0.02679740971131428,upper_first,8.0,-0.048862041683750856,-0.053470469678507215,0.032565069501793165,comparable
downside,d0,2018-08-08 00:00:00,2018-08-08 01:00:00,2018-08-08 02:00:00,2018-08-09 02:00:00,1,-0.051093600475890844,lower_first,14.0,-0.036171694652866626,-0.06916509779709423,0.0067124300091547795,comparable
downside,d0,2018-08-08 00:00:00,2018-08-08 01:00:00,2018-08-08 07:00:00,2018-08-09 07:00:00,6,-0.051093600475890844,lower_first,9.0,-0.03009198463258056,-0.06533596379250317,0.0006214765182654958,comparable
downside,d0,2018-08-14 02:00:00,2018-08-14 03:00:00,2018-08-14 04:00:00,2018-08-15 04:00:00,1,-0.05912627263895365,upper_first,19.0,0.050351783927976124,-0.006945648549516514,0.05077192397465824,comparable
downside,d0,2018-08-14 02:00:00,2018-08-14 03:00:00,2018-08-14 09:00:00,2018-08-15 09:00:00,6,-0.05912627263895365,upper_first,14.0,0.06816873748758079,-0.00816386106508371,0.0764619730270808,comparable
downside,d0,2018-08-20 22:00:00,2018-08-20 23:00:00,2018-08-21 00:00:00,2018-08-22 00:00:00,1,-0.03403285412761203,upper_first,8.0,0.034695481838197484,-0.0015370505884571006,0.036949929218980104,comparable
downside,d0,2018-08-20 22:00:00,2018-08-20 23:00:00,2018-08-21 05:00:00,2018-08-22 05:00:00,6,-0.03403285412761203,upper_first,16.0,0.066570378776456,-1.5871630254515878e-06,0.09365849013181382,comparable
downside,d0,2018-09-05 09:00:00,2018-09-05 10:00:00,2018-09-05 11:00:00,2018-09-06 11:00:00,1,-0.02426409087600412,lower_first,13.0,-0.08910981772178705,-0.10231450540738196,0.008051324690490524,comparable
downside,d0,2018-09-05 09:00:00,2018-09-05 10:00:00,2018-09-05 16:00:00,2018-09-06 16:00:00,6,-0.02426409087600412,lower_first,8.0,-0.08216034359341451,-0.10197136721546174,0.0007158196134573469,comparable
downside,d0,2018-09-08 17:00:00,2018-09-08 18:00:00,2018-09-08 19:00:00,2018-09-09 19:00:00,1,-0.03149025720966492,upper_first,14.0,0.03037112546021148,-0.011969131305037628,0.04198808094874229,comparable
downside,d0,2018-09-08 17:00:00,2018-09-08 18:00:00,2018-09-09 00:00:00,2018-09-10 00:00:00,6,-0.03149025720966492,upper_first,9.0,0.00759857789269569,-0.0066257272139624845,0.042340012928248294,comparable
downside,d0,2018-09-17 15:00:00,2018-09-17 16:00:00,2018-09-17 17:00:00,2018-09-18 17:00:00,1,-0.03374850887115566,neither,,0.013571863303732723,-0.008380178306424457,0.019813067391266204,comparable
downside,d0,2018-09-17 15:00:00,2018-09-17 16:00:00,2018-09-17 22:00:00,2018-09-18 22:00:00,6,-0.03374850887115566,neither,,0.012512015379686048,-0.0027234860621595525,0.022755527074655557,comparable
downside,d0,2018-09-19 18:00:00,2018-09-19 19:00:00,2018-09-19 20:00:00,2018-09-20 20:00:00,1,-0.028145282273983385,neither,,0.0014056140318035037,-0.007021829919142131,0.007642733786686673,comparable
downside,d0,2018-09-19 18:00:00,2018-09-19 19:00:00,2018-09-20 01:00:00,2018-09-21 01:00:00,6,-0.028145282273983385,neither,,0.01324861535679589,-0.012160542228305204,0.017925147427673593,comparable
downside,d0,2018-09-24 09:00:00,2018-09-24 10:00:00,2018-09-24 11:00:00,2018-09-25 11:00:00,1,-0.023107922314521634,neither,,-0.03131618759455368,-0.03681089258698933,0.006807866868381307,comparable
downside,d0,2018-09-24 09:00:00,2018-09-24 10:00:00,2018-09-24 16:00:00,2018-09-25 16:00:00,6,-0.023107922314521634,neither,,-0.030269800326856333,-0.03721890434985431,0.007983593571321501,comparable
downside,d0,2018-09-25 18:00:00,2018-09-25 19:00:00,2018-09-25 20:00:00,2018-09-26 20:00:00,1,-0.04232025232713921,neither,,0.02071695367755777,-0.0005908354507556668,0.027245999682583122,comparable
downside,d0,2018-09-25 18:00:00,2018-09-25 19:00:00,2018-09-26 01:00:00,2018-09-27 01:00:00,6,-0.04232025232713921,neither,,0.014058740821746518,-0.0031838775191376234,0.02128729885955316,comparable
downside,d0,2018-10-03 03:00:00,2018-10-03 04:00:00,2018-10-03 05:00:00,2018-10-04 05:00:00,1,-0.021578570667153962,neither,,0.021929558279820904,-0.002137380813387768,0.02790581825257843,comparable
downside,d0,2018-10-03 03:00:00,2018-10-03 04:00:00,2018-10-03 10:00:00,2018-10-04 10:00:00,6,-0.021578570667153962,neither,,0.01966177637413069,-0.0019773791558411746,0.027274141605862168,comparable
downside,d0,2018-10-10 05:00:00,2018-10-10 06:00:00,2018-10-10 07:00:00,2018-10-11 07:00:00,1,-0.02049420147047676,lower_first,18.0,-0.046443831192343965,-0.07036220394792592,0.0092311390310309,comparable
downside,d0,2018-10-10 05:00:00,2018-10-10 06:00:00,2018-10-10 12:00:00,2018-10-11 12:00:00,6,-0.02049420147047676,lower_first,13.0,-0.04913279674971904,-0.07149386724941897,0.008002585450683997,comparable
downside,d0,2018-10-23 10:00:00,2018-10-23 11:00:00,2018-10-23 12:00:00,2018-10-24 12:00:00,1,-0.003748443356942688,neither,,0.008088367969748989,-0.00036558481803128373,0.0153216126526865,comparable
downside,d0,2018-10-23 10:00:00,2018-10-23 11:00:00,2018-10-23 17:00:00,2018-10-24 17:00:00,6,-0.003748443356942688,neither,,0.0048498122653317655,-0.0012453066332915874,0.012359198998748377,comparable
downside,d0,2018-10-29 11:00:00,2018-10-29 12:00:00,2018-10-29 13:00:00,2018-10-30 13:00:00,1,-0.010899701812399631,neither,,0.0009105009512337947,-0.0040397489573166245,0.006224951240278109,comparable
downside,d0,2018-10-29 11:00:00,2018-10-29 12:00:00,2018-10-29 18:00:00,2018-10-30 18:00:00,6,-0.010899701812399631,neither,,-0.0015173465740835335,-0.005188655161850408,0.0034271928928826245,comparable
downside,d0,2018-11-09 09:00:00,2018-11-09 10:00:00,2018-11-09 11:00:00,2018-11-10 11:00:00,1,-0.014950104317472346,neither,,-0.0021211711130483257,-0.007864698236658474,0.0009787599646262635,comparable
downside,d0,2018-11-09 09:00:00,2018-11-09 10:00:00,2018-11-09 16:00:00,2018-11-10 16:00:00,6,-0.014950104317472346,neither,,0.0028575076166053037,-0.006255624782298241,0.0037637772688658977,comparable
downside,d0,2018-11-14 10:00:00,2018-11-14 11:00:00,2018-11-14 12:00:00,2018-11-15 12:00:00,1,-0.015116897002714458,lower_first,4.0,-0.12870125684821143,-0.14906058652916532,0.0026071543667418595,comparable
downside,d0,2018-11-14 10:00:00,2018-11-14 11:00:00,2018-11-14 17:00:00,2018-11-15 17:00:00,6,-0.015116897002714458,lower_first,2.0,-0.03908297673468886,-0.08677888889084473,0.01126564207998948,comparable
downside,d0,2018-11-15 14:00:00,2018-11-15 15:00:00,2018-11-15 16:00:00,2018-11-16 16:00:00,1,-0.1558367418430927,neither,,0.013847325951511502,-0.019850703080073195,0.027407119807481672,comparable
downside,d0,2018-11-15 14:00:00,2018-11-15 15:00:00,2018-11-15 21:00:00,2018-11-16 21:00:00,6,-0.1558367418430927,neither,,0.005158081419959437,-0.012335970456436529,0.023571720503875238,comparable
downside,d0,2018-11-19 08:00:00,2018-11-19 09:00:00,2018-11-19 10:00:00,2018-11-20 10:00:00,1,-0.045349161051371434,lower_first,8.0,-0.1561158561083591,-0.1891014365711451,0.026697578032937486,comparable
downside,d0,2018-11-19 08:00:00,2018-11-19 09:00:00,2018-11-19 15:00:00,2018-11-20 15:00:00,6,-0.045349161051371434,lower_first,6.0,-0.08987873628378296,-0.1725605043566274,0.013846660834291313,comparable
downside,d0,2018-11-24 21:00:00,2018-11-24 22:00:00,2018-11-24 23:00:00,2018-11-25 23:00:00,1,-0.10631959080197273,upper_first,0.0,0.058859740378437664,-0.07076555834227138,0.10751795012405818,comparable
downside,d0,2018-11-24 21:00:00,2018-11-24 22:00:00,2018-11-25 04:00:00,2018-11-26 04:00:00,6,-0.10631959080197273,upper_first,7.0,0.0955121809091084,-0.04983136663120824,0.13246858911455783,comparable
downside,d0,2018-12-03 15:00:00,2018-12-03 16:00:00,2018-12-03 17:00:00,2018-12-04 17:00:00,1,-0.07066423357664231,upper_first,13.0,0.03240052356020939,-0.022924083769633508,0.05630890052356019,comparable
downside,d0,2018-12-03 15:00:00,2018-12-03 16:00:00,2018-12-03 22:00:00,2018-12-04 22:00:00,6,-0.07066423357664231,upper_first,12.0,0.006374277762574376,-0.036389406668078106,0.04175164843108603,comparable
downside,d0,2018-12-05 16:00:00,2018-12-05 17:00:00,2018-12-05 18:00:00,2018-12-06 18:00:00,1,-0.06408858551230301,upper_first,11.0,-0.028659888820325996,-0.04544462438461805,0.03715599914850265,comparable
downside,d0,2018-12-05 16:00:00,2018-12-05 17:00:00,2018-12-05 23:00:00,2018-12-06 23:00:00,6,-0.06408858551230301,upper_first,6.0,-0.035844677551372106,-0.04704799035023477,0.03632662732089775,comparable
downside,d0,2018-12-06 23:00:00,2018-12-07 00:00:00,2018-12-07 01:00:00,2018-12-08 01:00:00,1,-0.0706828461532214,upper_first,4.0,0.044489636056881166,-0.03229693902145092,0.06953482766931796,comparable
downside,d0,2018-12-06 23:00:00,2018-12-07 00:00:00,2018-12-07 06:00:00,2018-12-08 06:00:00,6,-0.0706828461532214,lower_first,10.0,0.009239314104353635,-0.0560853402295135,0.04324316381856397,comparable
downside,d0,2018-12-13 20:00:00,2018-12-13 21:00:00,2018-12-13 22:00:00,2018-12-14 22:00:00,1,-0.05529451128147689,neither,,-0.030187415715150268,-0.036963994433743985,0.012155449677912822,comparable
downside,d0,2018-12-13 20:00:00,2018-12-13 21:00:00,2018-12-14 03:00:00,2018-12-15 03:00:00,6,-0.05529451128147689,neither,,-0.012385480406047034,-0.03651411729633869,0.008049025603830584,comparable
downside,d0,2018-12-25 03:00:00,2018-12-25 04:00:00,2018-12-25 05:00:00,2018-12-26 05:00:00,1,-0.10588539682767839,censored,,,,,incomplete_price_window
downside,d0,2018-12-25 03:00:00,2018-12-25 04:00:00,2018-12-25 10:00:00,2018-12-26 10:00:00,6,-0.10588539682767839,censored,,,,,incomplete_price_window
downside,d0,2019-01-10 06:00:00,2019-01-10 07:00:00,2019-01-10 08:00:00,2019-01-11 08:00:00,1,-0.05124803691471436,lower_first,8.0,-0.04191860877981557,-0.06368272520929064,0.0013518738180966494,comparable
downside,d0,2019-01-10 06:00:00,2019-01-10 07:00:00,2019-01-10 13:00:00,2019-01-11 13:00:00,6,-0.05124803691471436,lower_first,3.0,-0.03899164464757554,-0.05840282902341032,0.0024306960677737965,comparable
downside,d0,2019-01-13 16:00:00,2019-01-13 17:00:00,2019-01-13 18:00:00,2019-01-14 18:00:00,1,-0.03258554083885212,upper_first,21.0,0.04304261363636375,-0.010795454545454497,0.05263636363636359,comparable
downside,d0,2019-01-13 16:00:00,2019-01-13 17:00:00,2019-01-13 23:00:00,2019-01-14 23:00:00,6,-0.03258554083885212,upper_first,16.0,0.04422792240575246,-0.003924778874649482,0.05852370127184514,comparable
downside,d0,2019-01-20 12:00:00,2019-01-20 13:00:00,2019-01-20 14:00:00,2019-01-21 14:00:00,1,-0.055987771396027286,neither,,0.004760283687943234,-0.004862411347517748,0.012468085106382976,comparable
downside,d0,2019-01-20 12:00:00,2019-01-20 13:00:00,2019-01-20 19:00:00,2019-01-21 19:00:00,6,-0.055987771396027286,neither,,0.006699967608299051,-0.003185183922350898,0.014073341630154834,comparable
downside,d0,2019-01-28 03:00:00,2019-01-28 04:00:00,2019-01-28 05:00:00,2019-01-29 05:00:00,1,-0.02597347914935666,neither,,-0.01737557031175596,-0.026318751244513217,0.0003722718103664757,comparable
downside,d0,2019-01-28 03:00:00,2019-01-28 04:00:00,2019-01-28 10:00:00,2019-01-29 10:00:00,6,-0.02597347914935666,neither,,-0.013733855584839083,-0.02795113356727874,0.0016482956448302666,comparable
downside,d0,2019-01-29 07:00:00,2019-01-29 08:00:00,2019-01-29 09:00:00,2019-01-30 09:00:00,1,-0.022805567840599617,neither,,0.012338218260563139,-0.001196792359487997,0.01701281812014721,comparable
downside,d0,2019-01-29 07:00:00,2019-01-29 08:00:00,2019-01-29 14:00:00,2019-01-30 14:00:00,6,-0.022805567840599617,neither,,0.01260798643213401,-0.006857543297627555,0.01859398279283675,comparable
downside,d0,2019-02-06 01:00:00,2019-02-06 02:00:00,2019-02-06 03:00:00,2019-02-07 03:00:00,1,-0.0061728213614892224,neither,,-0.0016918518518518333,-0.010133333333333328,0.0034074074074073035,comparable
downside,d0,2019-02-06 01:00:00,2019-02-06 02:00:00,2019-02-06 08:00:00,2019-02-07 08:00:00,6,-0.0061728213614892224,neither,,-0.00271657108361012,-0.01138118996466686,0.0021424808981846954,comparable
downside,d0,2019-02-12 00:00:00,2019-02-12 01:00:00,2019-02-12 02:00:00,2019-02-13 02:00:00,1,-0.01203324099722991,neither,,0.007905215928210918,-0.0021003925967469916,0.014798093101514365,comparable
downside,d0,2019-02-12 00:00:00,2019-02-12 01:00:00,2019-02-12 07:00:00,2019-02-13 07:00:00,6,-0.01203324099722991,neither,,0.004975166071657933,-0.005941705914888629,0.013467308046863025,comparable
downside,d0,2019-02-24 14:00:00,2019-02-24 15:00:00,2019-02-24 16:00:00,2019-02-25 16:00:00,1,-0.035293758770056805,neither,,0.0021152829190904665,-0.01828662083553667,0.006409307244843898,comparable
downside,d0,2019-02-24 14:00:00,2019-02-24 15:00:00,2019-02-24 21:00:00,2019-02-25 21:00:00,6,-0.035293758770056805,neither,,0.010853143159006873,-0.014791336502905428,0.01954569466455358,comparable
downside,d0,2019-02-27 20:00:00,2019-02-27 21:00:00,2019-02-27 22:00:00,2019-02-28 22:00:00,1,-0.018702446940797146,upper_first,17.0,0.014283809015737559,-0.0016084289143771802,0.042944785276073594,comparable
downside,d0,2019-02-27 20:00:00,2019-02-27 21:00:00,2019-02-28 03:00:00,2019-03-01 03:00:00,6,-0.018702446940797146,neither,,-0.0007177788294683296,-0.012891097439133414,0.02802755429352688,comparable
downside,d0,2019-03-04 04:00:00,2019-03-04 05:00:00,2019-03-04 06:00:00,2019-03-05 06:00:00,1,-0.016734075088260414,neither,,-0.004522602268820952,-0.013731630285321428,0.0026077475077346257,comparable
downside,d0,2019-03-04 04:00:00,2019-03-04 05:00:00,2019-03-04 11:00:00,2019-03-05 11:00:00,6,-0.016734075088260414,neither,,0.007486906034727792,-0.0030992434597841845,0.009354572399139283,comparable
downside,d0,2019-03-12 02:00:00,2019-03-12 03:00:00,2019-03-12 04:00:00,2019-03-13 04:00:00,1,-0.02422365018816719,neither,,0.015686624618600264,-0.0021899305209094333,0.017590341198527426,comparable
downside,d0,2019-03-12 02:00:00,2019-03-12 03:00:00,2019-03-12 09:00:00,2019-03-13 09:00:00,6,-0.02422365018816719,neither,,-0.0005211114971195308,-0.00394074365981012,0.0047159294192069545,comparable
downside,d0,2019-03-21 14:00:00,2019-03-21 15:00:00,2019-03-21 16:00:00,2019-03-22 16:00:00,1,-0.016537450919663077,neither,,0.005788617065569879,-0.0044663697498075194,0.008846944826455205,comparable
downside,d0,2019-03-21 14:00:00,2019-03-21 15:00:00,2019-03-21 21:00:00,2019-03-22 21:00:00,6,-0.016537450919663077,neither,,0.0010823055625472922,-0.0028441983387869074,0.0062949911905361144,comparable
downside,d0,2019-03-25 18:00:00,2019-03-25 19:00:00,2019-03-25 20:00:00,2019-03-26 20:00:00,1,-0.01572825298632119,neither,,0.004047482250584933,-0.006794537694422731,0.0057608651044445125,comparable
downside,d0,2019-03-25 18:00:00,2019-03-25 19:00:00,2019-03-26 01:00:00,2019-03-27 01:00:00,6,-0.01572825298632119,neither,,0.007232245681382032,-0.006873960332693607,0.007234804862443989,comparable
downside,d0,2019-04-11 09:00:00,2019-04-11 10:00:00,2019-04-11 11:00:00,2019-04-12 11:00:00,1,-0.03378476190476187,censored,,,,,incomplete_price_window
downside,d0,2019-04-11 09:00:00,2019-04-11 10:00:00,2019-04-11 16:00:00,2019-04-12 16:00:00,6,-0.03378476190476187,neither,,0.006119059760039125,-0.027381006708346645,0.012829390534504936,comparable
downside,d0,2019-04-25 22:00:00,2019-04-25 23:00:00,2019-04-26 00:00:00,2019-04-27 00:00:00,1,-0.0573729988886541,upper_first,2.0,0.004806400224350638,-0.018244066978004958,0.031200704211637342,comparable
downside,d0,2019-04-25 22:00:00,2019-04-25 23:00:00,2019-04-26 05:00:00,2019-04-27 05:00:00,6,-0.0573729988886541,neither,,-0.007485877070156022,-0.026384047124716314,0.007414417459321143,comparable
downside,d0,2019-05-17 02:00:00,2019-05-17 03:00:00,2019-05-17 04:00:00,2019-05-18 04:00:00,1,-0.10024859892626437,lower_first,8.0,0.013302442532679759,-0.05570775252955029,0.0217900926175012,comparable
downside,d0,2019-05-17 02:00:00,2019-05-17 03:00:00,2019-05-17 09:00:00,2019-05-18 09:00:00,6,-0.10024859892626437,lower_first,3.0,0.007478955142742771,-0.05552108329535277,0.028386533487817944,comparable
downside,d0,2019-05-30 21:00:00,2019-05-30 22:00:00,2019-05-30 23:00:00,2019-05-31 23:00:00,1,-0.05196645269462741,upper_first,21.0,0.02926360338573164,-0.019347037484885088,0.033616686819830655,comparable
downside,d0,2019-05-30 21:00:00,2019-05-30 22:00:00,2019-05-31 04:00:00,2019-06-01 04:00:00,6,-0.05196645269462741,upper_first,16.0,0.03310826660733701,-0.019363638342277056,0.037467322197689557,comparable
downside,d0,2019-06-03 23:00:00,2019-06-04 00:00:00,2019-06-04 01:00:00,2019-06-05 01:00:00,1,-0.07194945373173611,lower_first,18.0,-0.02562967954100903,-0.06635457155643609,0.008819787701575432,comparable
downside,d0,2019-06-03 23:00:00,2019-06-04 00:00:00,2019-06-04 06:00:00,2019-06-05 06:00:00,6,-0.07194945373173611,lower_first,13.0,-0.022781765511190488,-0.06374406567280078,0.010629473593977368,comparable
downside,d0,2019-06-09 22:00:00,2019-06-09 23:00:00,2019-06-10 00:00:00,2019-06-11 00:00:00,1,-0.04487544036235536,upper_first,11.0,0.049855600159789404,-0.015474685823930523,0.06054970170463858,comparable
downside,d0,2019-06-09 22:00:00,2019-06-09 23:00:00,2019-06-10 05:00:00,2019-06-11 05:00:00,6,-0.04487544036235536,upper_first,6.0,0.039572230270762176,-0.004320061087546567,0.05874838520719039,comparable
downside,d0,2019-07-01 14:00:00,2019-07-01 15:00:00,2019-07-01 16:00:00,2019-07-02 16:00:00,1,-0.08457359185919588,upper_first,8.0,0.02323463383601565,-0.06692139168031497,0.03130661943425528,comparable
downside,d0,2019-07-01 14:00:00,2019-07-01 15:00:00,2019-07-01 21:00:00,2019-07-02 21:00:00,6,-0.08457359185919588,lower_first,7.0,0.02184778333963333,-0.07876198439880422,0.042847924613310884,comparable
downside,d0,2019-07-11 04:00:00,2019-07-11 05:00:00,2019-07-11 06:00:00,2019-07-12 06:00:00,1,-0.12628144493056814,upper_first,8.0,-0.007082133193680673,-0.04573623112507641,0.03342934450554247,comparable
downside,d0,2019-07-11 04:00:00,2019-07-11 05:00:00,2019-07-11 11:00:00,2019-07-12 11:00:00,6,-0.12628144493056814,upper_first,3.0,0.018984462654052958,-0.04540711862778901,0.033785760125032205,comparable
downside,d0,2019-07-13 20:00:00,2019-07-13 21:00:00,2019-07-13 22:00:00,2019-07-14 22:00:00,1,-0.0841036237077668,upper_first,0.0,-0.035157901790039414,-0.0706924824495716,0.03983741236104321,comparable
downside,d0,2019-07-13 20:00:00,2019-07-13 21:00:00,2019-07-14 03:00:00,2019-07-15 03:00:00,6,-0.0841036237077668,lower_first,6.0,-0.10913950278070572,-0.13052601867328795,0.002901989494621837,comparable
downside,d0,2019-07-14 23:00:00,2019-07-15 00:00:00,2019-07-15 01:00:00,2019-07-16 01:00:00,1,-0.1042253000858393,upper_first,6.0,0.09091862761847391,-0.015176083531401652,0.10698589393526148,comparable
downside,d0,2019-07-14 23:00:00,2019-07-15 00:00:00,2019-07-15 06:00:00,2019-07-16 06:00:00,6,-0.1042253000858393,upper_first,8.0,0.05948382656572604,-0.009909546750565434,0.08937272637892058,comparable
downside,d0,2019-07-16 17:00:00,2019-07-16 18:00:00,2019-07-16 19:00:00,2019-07-17 19:00:00,1,-0.07143418671002566,lower_first,16.0,0.037465213998376656,-0.054904318308975686,0.037615245723835455,comparable
downside,d0,2019-07-16 17:00:00,2019-07-16 18:00:00,2019-07-17 00:00:00,2019-07-18 00:00:00,6,-0.07143418671002566,upper_first,14.0,0.028271013171011106,-0.03804958747799525,0.060255784852276895,comparable
downside,d0,2019-07-22 14:00:00,2019-07-22 15:00:00,2019-07-22 16:00:00,2019-07-23 16:00:00,1,-0.019782141776020223,neither,,-0.027647929732337317,-0.03466217055917231,0.01964828983845135,comparable
downside,d0,2019-07-22 14:00:00,2019-07-22 15:00:00,2019-07-22 21:00:00,2019-07-23 21:00:00,6,-0.019782141776020223,neither,,-0.017236603008922824,-0.044456778213011194,0.005428149663501358,comparable
downside,d0,2019-07-23 23:00:00,2019-07-24 00:00:00,2019-07-24 01:00:00,2019-07-25 01:00:00,1,-0.046813110809530434,upper_first,23.0,0.045952669608150254,-0.017364674705619088,0.05004862853073622,comparable
downside,d0,2019-07-23 23:00:00,2019-07-24 00:00:00,2019-07-24 06:00:00,2019-07-25 06:00:00,6,-0.046813110809530434,upper_first,18.0,0.04060616131206296,-0.018762184996238163,0.05117259785925943,comparable
downside,d0,2019-07-27 10:00:00,2019-07-27 11:00:00,2019-07-27 12:00:00,2019-07-28 12:00:00,1,-0.02725951698731055,neither,,0.0013231634659516267,-0.021890618486814617,0.007372662621737414,comparable
downside,d0,2019-07-27 10:00:00,2019-07-27 11:00:00,2019-07-27 17:00:00,2019-07-28 17:00:00,6,-0.02725951698731055,neither,,0.008545242417209886,-0.01375673822671386,0.014111730316218374,comparable
downside,d0,2019-08-10 11:00:00,2019-08-10 12:00:00,2019-08-10 13:00:00,2019-08-11 13:00:00,1,-0.028149068471793992,neither,,0.0031938456410278704,-0.027295494318007374,0.006061376923785389,comparable
downside,d0,2019-08-10 11:00:00,2019-08-10 12:00:00,2019-08-10 18:00:00,2019-08-11 18:00:00,6,-0.028149068471793992,neither,,-0.00039948858421778866,-0.024255292563792885,0.009205836053052696,comparable
downside,d0,2019-08-13 14:00:00,2019-08-13 15:00:00,2019-08-13 16:00:00,2019-08-14 16:00:00,1,-0.036582992971480044,neither,,-0.03915360918928101,-0.049394221808015004,0.004665341407315227,comparable
downside,d0,2019-08-13 14:00:00,2019-08-13 15:00:00,2019-08-13 21:00:00,2019-08-14 21:00:00,6,-0.036582992971480044,lower_first,19.0,-0.06510563658660806,-0.08070153504457678,0.0017595372619245708,comparable
downside,d0,2019-08-14 16:00:00,2019-08-14 17:00:00,2019-08-14 18:00:00,2019-08-15 18:00:00,1,-0.04539842322622201,lower_first,10.0,-0.018979778151313242,-0.07236530195635904,0.004645030346486667,comparable
downside,d0,2019-08-14 16:00:00,2019-08-14 17:00:00,2019-08-14 23:00:00,2019-08-15 23:00:00,6,-0.04539842322622201,lower_first,5.0,0.01703826707449374,-0.07279399381993201,0.02266808178994828,comparable
downside,d0,2019-08-21 12:00:00,2019-08-21 13:00:00,2019-08-21 14:00:00,2019-08-22 14:00:00,1,-0.06464158497730232,neither,,0.018102129543899226,-0.017853548568898203,0.025041262429048805,comparable
downside,d0,2019-08-21 12:00:00,2019-08-21 13:00:00,2019-08-21 19:00:00,2019-08-22 19:00:00,6,-0.06464158497730232,neither,,0.012543311028815785,-0.030568049970596145,0.01696779089912126,comparable
downside,d0,2019-08-28 18:00:00,2019-08-28 19:00:00,2019-08-28 20:00:00,2019-08-29 20:00:00,1,-0.04617677192851477,neither,,-0.016844975940921714,-0.035595641949597634,0.008650094818943854,comparable
downside,d0,2019-08-28 18:00:00,2019-08-28 19:00:00,2019-08-29 01:00:00,2019-08-30 01:00:00,6,-0.04617677192851477,neither,,-0.025221567293808533,-0.03789892175916232,0.0011425410236218791,comparable
downside,d0,2019-09-09 07:00:00,2019-09-09 08:00:00,2019-09-09 09:00:00,2019-09-10 09:00:00,1,-0.03841227736701747,upper_first,2.0,0.011541931444516207,-0.0009564047070885762,0.03939992999511932,comparable
downside,d0,2019-09-09 07:00:00,2019-09-09 08:00:00,2019-09-09 14:00:00,2019-09-10 14:00:00,6,-0.03841227736701747,neither,,-0.009018764255114942,-0.01616023208802775,0.005346424089003099,comparable
downside,d0,2019-09-10 19:00:00,2019-09-10 20:00:00,2019-09-10 21:00:00,2019-09-11 21:00:00,1,-0.029291729490989682,neither,,0.0047067205601099005,-0.01965180218638607,0.0246441102307986,comparable
downside,d0,2019-09-10 19:00:00,2019-09-10 20:00:00,2019-09-11 02:00:00,2019-09-12 02:00:00,6,-0.029291729490989682,neither,,0.004567737401749428,-0.022137943287401263,0.012383114259936212,comparable
downside,d0,2019-09-16 12:00:00,2019-09-16 13:00:00,2019-09-16 14:00:00,2019-09-17 14:00:00,1,-0.017821529119728008,neither,,0.003713073845407644,-0.0073078341322785345,0.020950373377871756,comparable
downside,d0,2019-09-16 12:00:00,2019-09-16 13:00:00,2019-09-16 19:00:00,2019-09-17 19:00:00,6,-0.017821529119728008,neither,,0.010083225368135107,-0.0006635909751626645,0.022545305883840072,comparable
downside,d0,2019-09-19 03:00:00,2019-09-19 04:00:00,2019-09-19 05:00:00,2019-09-20 05:00:00,1,-0.039525382109697915,upper_first,11.0,0.04154438831593388,0.0,0.058356089512851206,comparable
downside,d0,2019-09-19 03:00:00,2019-09-19 04:00:00,2019-09-19 10:00:00,2019-09-20 10:00:00,6,-0.039525382109697915,upper_first,10.0,0.0269446644399296,-0.005886201455548745,0.05116599857807502,comparable
downside,d0,2019-09-24 14:00:00,2019-09-24 15:00:00,2019-09-24 16:00:00,2019-09-25 16:00:00,1,-0.04017550148691551,lower_first,2.0,-0.12637578947368422,-0.14112105263157892,0.007801052631579042,comparable
downside,d0,2019-09-24 14:00:00,2019-09-24 15:00:00,2019-09-24 21:00:00,2019-09-25 21:00:00,6,-0.04017550148691551,neither,,-0.008298585942398073,-0.04183321718498345,0.02552389121056109,comparable
downside,d0,2019-09-26 15:00:00,2019-09-26 16:00:00,2019-09-26 17:00:00,2019-09-27 17:00:00,1,-0.045588672957058596,neither,,0.010894122393403816,-0.009419047378905199,0.029848205955772977,comparable
downside,d0,2019-09-26 15:00:00,2019-09-26 16:00:00,2019-09-26 22:00:00,2019-09-27 22:00:00,6,-0.045588672957058596,neither,,0.019089108910891106,-0.027101485148514848,0.025990099009900902,comparable
downside,d0,2019-09-30 04:00:00,2019-09-30 05:00:00,2019-09-30 06:00:00,2019-10-01 06:00:00,1,-0.03725432064746048,upper_first,3.0,0.08240514527185172,-0.00692662344740913,0.09250716580420537,comparable
downside,d0,2019-09-30 04:00:00,2019-09-30 05:00:00,2019-09-30 11:00:00,2019-10-01 11:00:00,6,-0.03725432064746048,upper_first,4.0,0.03450369961923361,-0.00721046971130801,0.057945798529094095,comparable
downside,d0,2019-10-06 06:00:00,2019-10-06 07:00:00,2019-10-06 08:00:00,2019-10-07 08:00:00,1,-0.020298608646313276,neither,,-0.013253383535923535,-0.027072047568792446,0.011882170977922657,comparable
downside,d0,2019-10-06 06:00:00,2019-10-06 07:00:00,2019-10-06 13:00:00,2019-10-07 13:00:00,6,-0.020298608646313276,neither,,0.02054144207052122,-0.025129231743033498,0.02576471533851432,comparable
downside,d0,2019-10-16 11:00:00,2019-10-16 12:00:00,2019-10-16 13:00:00,2019-10-17 13:00:00,1,-0.02960475952236008,neither,,0.007676204642031559,-0.00978587758638405,0.015645384636572723,comparable
downside,d0,2019-10-16 11:00:00,2019-10-16 12:00:00,2019-10-16 18:00:00,2019-10-17 18:00:00,6,-0.02960475952236008,neither,,0.014668016199409717,-0.008060824293596225,0.018974982221536596,comparable
downside,d0,2019-10-18 05:00:00,2019-10-18 06:00:00,2019-10-18 07:00:00,2019-10-19 07:00:00,1,-0.009825877189686527,neither,,0.0023683878298195182,-0.013498295669738702,0.008675672263603218,comparable
downside,d0,2019-10-18 05:00:00,2019-10-18 06:00:00,2019-10-18 12:00:00,2019-10-19 12:00:00,6,-0.009825877189686527,neither,,0.003981312823386984,-0.00277833529621907,0.010311776935398864,comparable
downside,d0,2019-10-23 12:00:00,2019-10-23 13:00:00,2019-10-23 14:00:00,2019-10-24 14:00:00,1,-0.08590843690112393,neither,,-0.0012206809043746603,-0.023396384000514026,0.00840021201299912,comparable
downside,d0,2019-10-23 12:00:00,2019-10-23 13:00:00,2019-10-23 19:00:00,2019-10-24 19:00:00,6,-0.08590843690112393,neither,,-0.006685695115262402,-0.020246127302451233,0.002099430744079811,comparable
downside,d0,2019-11-08 08:00:00,2019-11-08 09:00:00,2019-11-08 10:00:00,2019-11-09 10:00:00,1,-0.020259754867024027,neither,,-0.020609283217093433,-0.03946831354593694,0.003598111767733281,comparable
downside,d0,2019-11-08 08:00:00,2019-11-08 09:00:00,2019-11-08 15:00:00,2019-11-09 15:00:00,6,-0.020259754867024027,neither,,0.0077583223199120255,-0.00679310112433984,0.01521736895551662,comparable
downside,d0,2019-11-11 09:00:00,2019-11-11 10:00:00,2019-11-11 11:00:00,2019-11-12 11:00:00,1,-0.019566323841306632,neither,,0.0037367816091953276,-0.003193103448275947,0.010098850574712603,comparable
downside,d0,2019-11-11 09:00:00,2019-11-11 10:00:00,2019-11-11 16:00:00,2019-11-12 16:00:00,6,-0.019566323841306632,neither,,-0.0032141270010782597,-0.017439423638933915,0.018553286872605046,comparable
downside,d0,2019-11-15 01:00:00,2019-11-15 02:00:00,2019-11-15 03:00:00,2019-11-16 03:00:00,1,-0.023957328867643124,neither,,-0.009331870890545435,-0.019185763471385453,0.029171041286636834,comparable
downside,d0,2019-11-15 01:00:00,2019-11-15 02:00:00,2019-11-15 08:00:00,2019-11-16 08:00:00,6,-0.023957328867643124,neither,,-0.008497744779756178,-0.02148954546837667,0.02675367658245764,comparable
downside,d0,2019-11-18 17:00:00,2019-11-18 18:00:00,2019-11-18 19:00:00,2019-11-19 19:00:00,1,-0.025747190465546632,neither,,-0.012232329958883459,-0.024924090150964417,0.005172255790226066,comparable
downside,d0,2019-11-18 17:00:00,2019-11-18 18:00:00,2019-11-19 00:00:00,2019-11-20 00:00:00,6,-0.025747190465546632,neither,,-0.00556749795564615,-0.02310854417518282,0.0035476273252994517,comparable
downside,d0,2019-11-21 08:00:00,2019-11-21 09:00:00,2019-11-21 10:00:00,2019-11-22 10:00:00,1,-0.02099038348411386,lower_first,5.0,-0.0644576995951408,-0.07095971757175423,0.0009252482812753815,comparable
downside,d0,2019-11-21 08:00:00,2019-11-21 09:00:00,2019-11-21 15:00:00,2019-11-22 15:00:00,6,-0.02099038348411386,lower_first,0.0,-0.09360863113432283,-0.12799726126478606,0.0,comparable
downside,d0,2019-11-22 10:00:00,2019-11-22 11:00:00,2019-11-22 12:00:00,2019-11-23 12:00:00,1,-0.10472839568673109,upper_first,7.0,0.011974681618821537,-0.04570576255144376,0.04114518632446851,comparable
downside,d0,2019-11-22 10:00:00,2019-11-22 11:00:00,2019-11-22 17:00:00,2019-11-23 17:00:00,6,-0.10472839568673109,upper_first,2.0,0.025429494454131563,-0.0037201577279543097,0.036946272337428976,comparable
downside,d0,2019-11-25 01:00:00,2019-11-25 02:00:00,2019-11-25 03:00:00,2019-11-26 03:00:00,1,-0.0753335836155885,upper_first,7.0,0.06052018650828406,-0.03123761398841829,0.09553428151112664,comparable
downside,d0,2019-11-25 01:00:00,2019-11-25 02:00:00,2019-11-25 08:00:00,2019-11-26 08:00:00,6,-0.0753335836155885,upper_first,2.0,0.07421193910016366,-0.004361971755034499,0.10547073943809648,comparable
downside,d0,2019-12-01 02:00:00,2019-12-01 03:00:00,2019-12-01 04:00:00,2019-12-02 04:00:00,1,-0.05552013998756011,neither,,0.008650684931506891,-0.008608219178082188,0.023632876712328832,comparable
downside,d0,2019-12-01 02:00:00,2019-12-01 03:00:00,2019-12-01 09:00:00,2019-12-02 09:00:00,6,-0.05552013998756011,neither,,-0.009491623909134828,-0.019135365960619266,0.024059334298118795,comparable
downside,d0,2019-12-04 00:00:00,2019-12-04 01:00:00,2019-12-04 02:00:00,2019-12-05 02:00:00,1,-0.031322033898305124,upper_first,11.0,0.009095595250900868,-0.010953549740794322,0.08613504954312479,comparable
downside,d0,2019-12-04 00:00:00,2019-12-04 01:00:00,2019-12-04 07:00:00,2019-12-05 07:00:00,6,-0.031322033898305124,upper_first,6.0,0.023547962028631186,-0.008565823247451032,0.08875716444224135,comparable
downside,d0,2019-12-09 19:00:00,2019-12-09 20:00:00,2019-12-09 21:00:00,2019-12-10 21:00:00,1,-0.02080553857602252,neither,,-0.012561788270366803,-0.019603733052751537,0.013546838522999982,comparable
downside,d0,2019-12-09 19:00:00,2019-12-09 20:00:00,2019-12-10 02:00:00,2019-12-11 02:00:00,6,-0.02080553857602252,neither,,-0.01291240602116872,-0.027454322074900395,0.003664019222510362,comparable
downside,d0,2019-12-14 15:00:00,2019-12-14 16:00:00,2019-12-14 17:00:00,2019-12-15 17:00:00,1,-0.02656497778661071,neither,,0.0035586029083645165,-0.00749969896372682,0.022816424539060298,comparable
downside,d0,2019-12-14 15:00:00,2019-12-14 16:00:00,2019-12-14 22:00:00,2019-12-15 22:00:00,6,-0.02656497778661071,neither,,0.005049734804195571,-0.010668553256627078,0.01955077694745233,comparable
downside,d0,2019-12-16 18:00:00,2019-12-16 19:00:00,2019-12-16 20:00:00,2019-12-17 20:00:00,1,-0.028844856661045526,neither,,-0.04038668846855287,-0.04472191713445439,0.005925392861961809,comparable
downside,d0,2019-12-16 18:00:00,2019-12-16 19:00:00,2019-12-17 01:00:00,2019-12-18 01:00:00,6,-0.028844856661045526,neither,,-0.03451697158280376,-0.047627348609646236,0.007168943005813722,comparable
downside,d0,2019-12-17 19:00:00,2019-12-17 20:00:00,2019-12-17 21:00:00,2019-12-18 21:00:00,1,-0.04038668846855287,upper_first,18.0,0.08150700226496954,-0.023222393879873016,0.09870466832855573,comparable
downside,d0,2019-12-17 19:00:00,2019-12-17 20:00:00,2019-12-18 02:00:00,2019-12-19 02:00:00,6,-0.04038668846855287,upper_first,13.0,0.0778177303024199,-0.033422825652326904,0.11964211089631616,comparable
downside,d0,2019-12-25 16:00:00,2019-12-25 17:00:00,2019-12-25 18:00:00,2019-12-26 18:00:00,1,-0.021823981830948802,upper_first,23.0,0.028914453312307575,-0.0029119956606651343,0.030698277826474163,comparable
downside,d0,2019-12-25 16:00:00,2019-12-25 17:00:00,2019-12-25 23:00:00,2019-12-26 23:00:00,6,-0.021823981830948802,upper_first,20.0,-0.002519538214152406,-0.009388609633903866,0.031137663072809962,comparable
downside,d0,2019-12-27 11:00:00,2019-12-27 12:00:00,2019-12-27 13:00:00,2019-12-28 13:00:00,1,-0.009435434648710883,neither,,0.011376460055383175,-0.006850028108018158,0.019106512037865953,comparable
downside,d0,2019-12-27 11:00:00,2019-12-27 12:00:00,2019-12-27 18:00:00,2019-12-28 18:00:00,6,-0.009435434648710883,neither,,0.019425458299190845,-0.0015734579486058609,0.021843380416500358,comparable
downside,d0,2019-12-31 15:00:00,2019-12-31 16:00:00,2019-12-31 17:00:00,2020-01-01 17:00:00,1,-0.008737022667051675,neither,,0.005495790132906464,-0.010368102428501835,0.007325864588407338,comparable
downside,d0,2019-12-31 15:00:00,2019-12-31 16:00:00,2019-12-31 22:00:00,2020-01-01 22:00:00,6,-0.008737022667051675,neither,,0.008137804818418637,-0.00305953520211788,0.011202928212686647,comparable
downside,d0,2020-01-02 03:00:00,2020-01-02 04:00:00,2020-01-02 05:00:00,2020-01-03 05:00:00,1,-0.013630717328657171,neither,,0.011625242016785498,-0.03619741539430632,0.023780565823644517,comparable
downside,d0,2020-01-02 03:00:00,2020-01-02 04:00:00,2020-01-02 10:00:00,2020-01-03 10:00:00,6,-0.013630717328657171,upper_first,23.0,0.02876839472385484,-0.0389499865404459,0.03012696845977847,comparable
downside,d0,2020-01-10 08:00:00,2020-01-10 09:00:00,2020-01-10 10:00:00,2020-01-11 10:00:00,1,-0.029762482433530968,upper_first,4.0,0.051346628955698304,-0.00567997697937217,0.07102693257911419,comparable
downside,d0,2020-01-10 08:00:00,2020-01-10 09:00:00,2020-01-10 15:00:00,2020-01-11 15:00:00,6,-0.029762482433530968,upper_first,10.0,0.009822233874538844,-0.00747142081184593,0.03651286863169889,comparable
downside,d0,2020-01-23 09:00:00,2020-01-23 10:00:00,2020-01-23 11:00:00,2020-01-24 11:00:00,1,-0.028898390980811373,neither,,-0.02265449459897173,-0.023678735359714098,0.00404349339768717,comparable
downside,d0,2020-01-23 09:00:00,2020-01-23 10:00:00,2020-01-23 16:00:00,2020-01-24 16:00:00,6,-0.028898390980811373,neither,,0.019549904524838402,-0.013838197505764094,0.020160801535283657,comparable
downside,d0,2020-02-15 15:00:00,2020-02-15 16:00:00,2020-02-15 17:00:00,2020-02-16 17:00:00,1,-0.027510478604152455,neither,,-0.017378986178653966,-0.02878546146765537,0.01529047661869587,comparable
downside,d0,2020-02-15 15:00:00,2020-02-15 16:00:00,2020-02-15 22:00:00,2020-02-16 22:00:00,6,-0.027510478604152455,neither,,-0.015759139091531926,-0.031465882068437256,0.012488412397726911,comparable
downside,d0,2020-02-16 16:00:00,2020-02-16 17:00:00,2020-02-16 18:00:00,2020-02-17 18:00:00,1,-0.017376982924118378,neither,,-0.011145922553306709,-0.03007216828611592,0.024992520890280367,comparable
downside,d0,2020-02-16 16:00:00,2020-02-16 17:00:00,2020-02-16 23:00:00,2020-02-17 23:00:00,6,-0.017376982924118378,neither,,-0.0250775068650384,-0.0417793126763073,0.012620739146761428,comparable
downside,d0,2020-02-25 14:00:00,2020-02-25 15:00:00,2020-02-25 16:00:00,2020-02-26 16:00:00,1,-0.034876699780859055,neither,,-0.04265776679624922,-0.04545265583744873,0.00816188611306834,comparable
downside,d0,2020-02-25 14:00:00,2020-02-25 15:00:00,2020-02-25 21:00:00,2020-02-26 21:00:00,6,-0.034876699780859055,lower_first,19.0,-0.0559148487623079,-0.07665522056905594,0.011686182996587746,comparable
downside,d0,2020-02-26 16:00:00,2020-02-26 17:00:00,2020-02-26 18:00:00,2020-02-27 18:00:00,1,-0.06165855525489383,neither,,0.02304442438265042,-0.022656698988587354,0.02929850381588328,comparable
downside,d0,2020-02-26 16:00:00,2020-02-26 17:00:00,2020-02-26 23:00:00,2020-02-27 23:00:00,6,-0.06165855525489383,neither,,0.0010819589607271585,-0.029653647853108756,0.021929599777685826,comparable
downside,d0,2020-02-28 12:00:00,2020-02-28 13:00:00,2020-02-28 14:00:00,2020-02-29 14:00:00,1,-0.030182759771661405,neither,,-0.0015392591925413868,-0.0198475521390854,0.017680118152288538,comparable
downside,d0,2020-02-28 12:00:00,2020-02-28 13:00:00,2020-02-28 19:00:00,2020-02-29 19:00:00,6,-0.030182759771661405,upper_first,3.0,0.0156885245901639,-0.0034156908665105012,0.03198126463700235,comparable
downside,d0,2020-03-08 12:00:00,2020-03-08 13:00:00,2020-03-08 14:00:00,2020-03-09 14:00:00,1,-0.045685084062223935,lower_first,2.0,-0.09984862854228826,-0.11277058224938907,0.0017398487669917362,comparable
downside,d0,2020-03-08 12:00:00,2020-03-08 13:00:00,2020-03-08 19:00:00,2020-03-09 19:00:00,6,-0.045685084062223935,lower_first,9.0,-0.06670143585506316,-0.08098530901417311,0.0019922022265930206,comparable
downside,d0,2020-03-12 06:00:00,2020-03-12 07:00:00,2020-03-12 08:00:00,2020-03-13 08:00:00,1,-0.043070187649824176,lower_first,2.0,-0.26472212745910295,-0.4777198368991341,0.010417174326234235,comparable
downside,d0,2020-03-12 06:00:00,2020-03-12 07:00:00,2020-03-12 13:00:00,2020-03-13 13:00:00,6,-0.043070187649824176,lower_first,0.0,-0.07305876591415383,-0.3638460764736824,0.030739195029491073,comparable
downside,d0,2020-03-16 07:00:00,2020-03-16 08:00:00,2020-03-16 09:00:00,2020-03-17 09:00:00,1,-0.09267342537079448,lower_first,1.0,0.0845876334992115,-0.09455462129940584,0.11676635697301019,comparable
downside,d0,2020-03-16 07:00:00,2020-03-16 08:00:00,2020-03-16 14:00:00,2020-03-17 14:00:00,6,-0.09267342537079448,upper_first,0.0,0.053849963884016194,-0.016169641935816825,0.12821174285419468,comparable
downside,d0,2020-03-27 23:00:00,2020-03-28 00:00:00,2020-03-28 01:00:00,2020-03-29 01:00:00,1,-0.0570893347025383,neither,,-0.014270370288227197,-0.044734315741447817,0.002791340191813596,comparable
downside,d0,2020-03-27 23:00:00,2020-03-28 00:00:00,2020-03-28 06:00:00,2020-03-29 06:00:00,6,-0.0570893347025383,neither,,-0.002272646222576724,-0.022535183870371678,0.0260949064843361,comparable
downside,d0,2020-03-29 19:00:00,2020-03-29 20:00:00,2020-03-29 21:00:00,2020-03-30 21:00:00,1,-0.05148223980046096,upper_first,8.0,0.08935565992555938,-0.01647608405239409,0.09644516513892509,comparable
downside,d0,2020-03-29 19:00:00,2020-03-29 20:00:00,2020-03-30 02:00:00,2020-03-31 02:00:00,6,-0.05148223980046096,upper_first,3.0,0.09692658667402432,-0.00047611997550423,0.11563995235435431,comparable
downside,d0,2020-04-10 05:00:00,2020-04-10 06:00:00,2020-04-10 07:00:00,2020-04-11 07:00:00,1,-0.04883396070648516,neither,,-0.004148025201155536,-0.030835233374875815,0.0,comparable
downside,d0,2020-04-10 05:00:00,2020-04-10 06:00:00,2020-04-10 12:00:00,2020-04-11 12:00:00,6,-0.04883396070648516,neither,,-0.0016429568006675055,-0.022049523412134397,0.008688546678662812,comparable
downside,d0,2020-04-13 00:00:00,2020-04-13 01:00:00,2020-04-13 02:00:00,2020-04-14 02:00:00,1,-0.02085733905979026,upper_first,20.0,0.024901469007524213,-0.012670189896094586,0.03106861340021516,comparable
downside,d0,2020-04-13 00:00:00,2020-04-13 01:00:00,2020-04-13 07:00:00,2020-04-14 07:00:00,6,-0.02085733905979026,neither,,0.02086823231529622,-0.019587408793209304,0.027843087259067367,comparable
downside,d0,2020-04-20 11:00:00,2020-04-20 12:00:00,2020-04-20 13:00:00,2020-04-21 13:00:00,1,-0.02769596358524673,neither,,-0.03236508749987588,-0.04192072413298675,0.009115546400416896,comparable
downside,d0,2020-04-20 11:00:00,2020-04-20 12:00:00,2020-04-20 18:00:00,2020-04-21 18:00:00,6,-0.02769596358524673,neither,,0.003766379828943567,-0.01935791361156869,0.017155046396800877,comparable
downside,d0,2020-05-04 05:00:00,2020-05-04 06:00:00,2020-05-04 07:00:00,2020-05-05 07:00:00,1,-0.053293465157653985,upper_first,9.0,0.04692920828608127,-0.005738585092420978,0.057163443104720324,comparable
downside,d0,2020-05-04 05:00:00,2020-05-04 06:00:00,2020-05-04 12:00:00,2020-05-05 12:00:00,6,-0.053293465157653985,upper_first,9.0,0.019220921494911947,-0.0030966592673655757,0.05020247387517385,comparable
downside,d0,2020-05-10 00:00:00,2020-05-10 01:00:00,2020-05-10 02:00:00,2020-05-11 02:00:00,1,-0.11735061996496665,lower_first,14.0,-0.0006168112007411963,-0.05371760594706898,0.02259271658327866,comparable
downside,d0,2020-05-10 00:00:00,2020-05-10 01:00:00,2020-05-10 07:00:00,2020-05-11 07:00:00,6,-0.11735061996496665,upper_first,1.0,0.009174599671257333,-0.04121600037172346,0.036102479511648466,comparable
downside,d0,2020-05-20 15:00:00,2020-05-20 16:00:00,2020-05-20 17:00:00,2020-05-21 17:00:00,1,-0.028612696174133312,lower_first,21.0,-0.044324479256126925,-0.0599033276816453,0.011297404895155738,comparable
downside,d0,2020-05-20 15:00:00,2020-05-20 16:00:00,2020-05-20 22:00:00,2020-05-21 22:00:00,6,-0.028612696174133312,lower_first,16.0,-0.046760258387705034,-0.07853306652677117,0.001990578000605314,comparable
downside,d0,2020-05-21 18:00:00,2020-05-21 19:00:00,2020-05-21 20:00:00,2020-05-22 20:00:00,1,-0.07540635249276018,neither,,0.012600478188975028,-0.014977072980115191,0.022977797107464504,comparable
downside,d0,2020-05-21 18:00:00,2020-05-21 19:00:00,2020-05-22 01:00:00,2020-05-23 01:00:00,6,-0.07540635249276018,neither,,0.025390869709357666,-0.010587660037321256,0.027536342761218302,comparable
downside,d0,2020-05-24 23:00:00,2020-05-25 00:00:00,2020-05-25 01:00:00,2020-05-26 01:00:00,1,-0.05075606419684253,neither,,0.0060732261445062274,-0.015134811087356259,0.01924380443507867,comparable
downside,d0,2020-05-24 23:00:00,2020-05-25 00:00:00,2020-05-25 06:00:00,2020-05-26 06:00:00,6,-0.05075606419684253,neither,,0.01754363987536678,-0.012156985113245034,0.022325577157850773,comparable
downside,d0,2020-06-07 12:00:00,2020-06-07 13:00:00,2020-06-07 14:00:00,2020-06-08 14:00:00,1,-0.014067205373941905,upper_first,5.0,0.02560740046887977,-0.008260963902604113,0.03957959578960746,comparable
downside,d0,2020-06-07 12:00:00,2020-06-07 13:00:00,2020-06-07 19:00:00,2020-06-08 19:00:00,6,-0.014067205373941905,neither,,0.017470742299473985,-0.0013263211311789203,0.02981234390825427,comparable
downside,d0,2020-06-11 15:00:00,2020-06-11 16:00:00,2020-06-11 17:00:00,2020-06-12 17:00:00,1,-0.025876117906269536,upper_first,0.0,0.03863938886309515,-0.0019508827496308445,0.05350646085166133,comparable
downside,d0,2020-06-11 15:00:00,2020-06-11 16:00:00,2020-06-11 22:00:00,2020-06-12 22:00:00,6,-0.025876117906269536,neither,,0.010178827952224134,-0.012303654273095321,0.02257882195775185,comparable
downside,d0,2020-06-15 01:00:00,2020-06-15 02:00:00,2020-06-15 03:00:00,2020-06-16 03:00:00,1,-0.02201541163505405,neither,,0.022310389251067875,-0.03865167130678371,0.026625914333638923,comparable
downside,d0,2020-06-15 01:00:00,2020-06-15 02:00:00,2020-06-15 08:00:00,2020-06-16 08:00:00,6,-0.02201541163505405,upper_first,8.0,0.042705087268492425,-0.00882728401308841,0.052725514494988746,comparable
downside,d0,2020-06-24 15:00:00,2020-06-24 16:00:00,2020-06-24 17:00:00,2020-06-25 17:00:00,1,-0.04675152624459744,neither,,-0.0005887069434055148,-0.03363055679622884,0.0044933299610936395,comparable
downside,d0,2020-06-24 15:00:00,2020-06-24 16:00:00,2020-06-24 22:00:00,2020-06-25 22:00:00,6,-0.04675152624459744,neither,,0.0043457136687541364,-0.030547397970200896,0.007881667026560235,comparable
downside,d0,2020-06-27 19:00:00,2020-06-27 20:00:00,2020-06-27 21:00:00,2020-06-28 21:00:00,1,-0.02581416030596817,neither,,0.01853880829293586,-0.0014209881401712199,0.02733753108062187,comparable
downside,d0,2020-06-27 19:00:00,2020-06-27 20:00:00,2020-06-28 02:00:00,2020-06-29 02:00:00,6,-0.02581416030596817,neither,,0.018981601812488647,-0.0036477337756720685,0.025046656411366275,comparable
downside,d0,2020-07-02 15:00:00,2020-07-02 16:00:00,2020-07-02 17:00:00,2020-07-03 17:00:00,1,-0.02437219457626172,neither,,0.006201653331562751,-0.0024822106393102006,0.013578566448657181,comparable
downside,d0,2020-07-02 15:00:00,2020-07-02 16:00:00,2020-07-02 22:00:00,2020-07-03 22:00:00,6,-0.02437219457626172,neither,,-0.003752059691361165,-0.01037701247584466,0.001890810355115402,comparable
downside,d0,2020-07-10 04:00:00,2020-07-10 05:00:00,2020-07-10 06:00:00,2020-07-11 06:00:00,1,-0.02624970300342111,neither,,0.01245659983268732,-0.00211054671908395,0.019430152385847332,comparable
downside,d0,2020-07-10 04:00:00,2020-07-10 05:00:00,2020-07-10 11:00:00,2020-07-11 11:00:00,6,-0.02624970300342111,neither,,0.003376840105531631,-0.003287517238224069,0.015473552806154034,comparable
downside,d0,2020-07-16 09:00:00,2020-07-16 10:00:00,2020-07-16 11:00:00,2020-07-17 11:00:00,1,-0.01734374898312918,neither,,0.003007177820852691,-0.0032955674947413582,0.00741117432935634,comparable
downside,d0,2020-07-16 09:00:00,2020-07-16 10:00:00,2020-07-16 16:00:00,2020-07-17 16:00:00,6,-0.01734374898312918,neither,,0.003281634695140312,-0.006513896751938808,0.007529875932045682,comparable
downside,d0,2020-08-11 20:00:00,2020-08-11 21:00:00,2020-08-11 22:00:00,2020-08-12 22:00:00,1,-0.054902843386168465,neither,,0.018105255330751024,-0.013117081772408112,0.029059762479728635,comparable
downside,d0,2020-08-11 20:00:00,2020-08-11 21:00:00,2020-08-12 03:00:00,2020-08-13 03:00:00,6,-0.054902843386168465,upper_first,11.0,0.029124910323688136,-0.008912069653713828,0.036797735578671054,comparable
downside,d0,2020-08-21 21:00:00,2020-08-21 22:00:00,2020-08-21 23:00:00,2020-08-22 23:00:00,1,-0.025770183208840614,neither,,0.010677610958145012,-0.01553327445581587,0.012087207993488835,comparable
downside,d0,2020-08-21 21:00:00,2020-08-21 22:00:00,2020-08-22 04:00:00,2020-08-23 04:00:00,6,-0.025770183208840614,neither,,0.011434647330027303,-0.005681590392107361,0.01933518681529378,comparable
downside,d0,2020-08-25 12:00:00,2020-08-25 13:00:00,2020-08-25 14:00:00,2020-08-26 14:00:00,1,-0.0243161429648292,neither,,-0.0032338847510232638,-0.029858166935210595,0.00027436903858979456,comparable
downside,d0,2020-08-25 12:00:00,2020-08-25 13:00:00,2020-08-25 19:00:00,2020-08-26 19:00:00,6,-0.0243161429648292,neither,,0.013034327355985864,-0.0063539359988250554,0.020946225105567207,comparable
downside,d0,2020-09-02 11:00:00,2020-09-02 12:00:00,2020-09-02 13:00:00,2020-09-03 13:00:00,1,-0.03966526619131305,lower_first,23.0,-0.05420083589065039,-0.06725167934611975,0.0035401604441291923,comparable
downside,d0,2020-09-02 11:00:00,2020-09-02 12:00:00,2020-09-02 18:00:00,2020-09-03 18:00:00,6,-0.03966526619131305,lower_first,18.0,-0.058761003389448785,-0.07877916492149373,0.009706388565274171,comparable
downside,d0,2020-09-03 12:00:00,2020-09-03 13:00:00,2020-09-03 14:00:00,2020-09-04 14:00:00,1,-0.054355630455524606,lower_first,9.0,-0.04979596767329941,-0.08439406654409787,0.0003880229043331518,comparable
downside,d0,2020-09-03 12:00:00,2020-09-03 13:00:00,2020-09-03 19:00:00,2020-09-04 19:00:00,6,-0.054355630455524606,lower_first,4.0,-0.012260719799894071,-0.07125070980397685,0.01386194371313132,comparable
downside,d0,2020-09-21 09:00:00,2020-09-21 10:00:00,2020-09-21 11:00:00,2020-09-22 11:00:00,1,-0.024385749833986337,neither,,-0.018866915786867167,-0.04516429177077941,0.0016948802797349671,comparable
downside,d0,2020-09-21 09:00:00,2020-09-21 10:00:00,2020-09-21 16:00:00,2020-09-22 16:00:00,6,-0.024385749833986337,neither,,0.003341755722552575,-0.022721250916798885,0.011198385666066235,comparable
downside,d0,2020-10-01 16:00:00,2020-10-01 17:00:00,2020-10-01 18:00:00,2020-10-02 18:00:00,1,-0.025727928981905346,neither,,0.006690266264193889,-0.010329519009389831,0.018776863481707595,comparable
downside,d0,2020-10-01 16:00:00,2020-10-01 17:00:00,2020-10-01 23:00:00,2020-10-02 23:00:00,6,-0.025727928981905346,neither,,-0.00448895678907546,-0.022637167807766923,0.006107244572700399,comparable
downside,d0,2020-11-26 03:00:00,2020-11-26 04:00:00,2020-11-26 05:00:00,2020-11-27 05:00:00,1,-0.04642164905904733,lower_first,3.0,-0.038221109605902304,-0.08824494468404598,0.014638171131921451,comparable
downside,d0,2020-11-26 03:00:00,2020-11-26 04:00:00,2020-11-26 10:00:00,2020-11-27 10:00:00,6,-0.04642164905904733,lower_first,7.0,-0.025285060292485118,-0.05101825030241436,0.023668864357285324,comparable
downside,d0,2020-12-08 09:00:00,2020-12-08 10:00:00,2020-12-08 11:00:00,2020-12-09 11:00:00,1,-0.02183133440421603,lower_first,20.0,-0.03138671781602176,-0.06278725020854703,0.008679804683141557,comparable
downside,d0,2020-12-08 09:00:00,2020-12-08 10:00:00,2020-12-08 16:00:00,2020-12-09 16:00:00,6,-0.02183133440421603,lower_first,15.0,-0.024587483750568073,-0.06217185452206064,0.006870352795433909,comparable
downside,d0,2021-01-11 06:00:00,2021-01-11 07:00:00,2021-01-11 08:00:00,2021-01-12 08:00:00,1,-0.2048547035882995,upper_first,0.0,0.061465820881654976,-0.12330241785037832,0.06614901703560294,comparable
downside,d0,2021-01-11 06:00:00,2021-01-11 07:00:00,2021-01-11 13:00:00,2021-01-12 13:00:00,6,-0.2048547035882995,lower_first,0.0,0.0225346959090289,-0.12030925367446244,0.06978899404586736,comparable
downside,d0,2021-01-17 09:00:00,2021-01-17 10:00:00,2021-01-17 11:00:00,2021-01-18 11:00:00,1,-0.0877441588554172,upper_first,4.0,0.038972425861036664,-0.0043337146925704895,0.05823599581413963,comparable
downside,d0,2021-01-17 09:00:00,2021-01-17 10:00:00,2021-01-17 16:00:00,2021-01-18 16:00:00,6,-0.0877441588554172,upper_first,5.0,0.01916420652543005,-0.028350225650475958,0.04621037550230778,comparable
downside,d0,2021-01-21 08:00:00,2021-01-21 09:00:00,2021-01-21 10:00:00,2021-01-22 10:00:00,1,-0.06416276400205645,lower_first,4.0,-0.04407388248181854,-0.1257036789094118,0.006053616529227535,comparable
downside,d0,2021-01-21 08:00:00,2021-01-21 09:00:00,2021-01-21 15:00:00,2021-01-22 15:00:00,6,-0.06416276400205645,upper_first,0.0,0.049335651318069385,-0.07465259214504627,0.05471955519427407,comparable
downside,d0,2021-01-27 11:00:00,2021-01-27 12:00:00,2021-01-27 13:00:00,2021-01-28 13:00:00,1,-0.03607050332359796,lower_first,1.0,0.022919613780346237,-0.053156513007569295,0.03709985827874274,comparable
downside,d0,2021-01-27 11:00:00,2021-01-27 12:00:00,2021-01-27 18:00:00,2021-01-28 18:00:00,6,-0.03607050332359796,upper_first,2.0,0.058773077163470244,-0.03420183128379328,0.06352030456603619,comparable
downside,d0,2021-02-22 13:00:00,2021-02-22 14:00:00,2021-02-22 15:00:00,2021-02-23 15:00:00,1,-0.09197821227731695,lower_first,11.0,-0.12716088011959614,-0.16545811876286187,0.02334995237757931,comparable
downside,d0,2021-02-22 13:00:00,2021-02-22 14:00:00,2021-02-22 20:00:00,2021-02-23 20:00:00,6,-0.09197821227731695,lower_first,6.0,-0.15213848793405693,-0.16287941516541715,0.026512065943083085,comparable
downside,d0,2021-02-28 15:00:00,2021-02-28 16:00:00,2021-02-28 17:00:00,2021-03-01 17:00:00,1,-0.0677397219820991,upper_first,3.0,0.12790840929681524,-0.011168943257785502,0.1376799441495482,comparable
downside,d0,2021-02-28 15:00:00,2021-02-28 16:00:00,2021-02-28 22:00:00,2021-03-01 22:00:00,6,-0.0677397219820991,upper_first,2.0,0.079736089815023,-0.008396680218823227,0.0957735081744937,comparable
downside,d0,2021-03-05 00:00:00,2021-03-05 01:00:00,2021-03-05 02:00:00,2021-03-06 02:00:00,1,-0.08043340488120743,upper_first,11.0,0.04176382704225268,-0.0074161707989452985,0.05956901913281265,comparable
downside,d0,2021-03-05 00:00:00,2021-03-05 01:00:00,2021-03-05 07:00:00,2021-03-06 07:00:00,6,-0.08043340488120743,upper_first,7.0,0.03180379306183445,-0.020716011521132116,0.04379646281329297,comparable
downside,d0,2021-03-16 00:00:00,2021-03-16 01:00:00,2021-03-16 02:00:00,2021-03-17 02:00:00,1,-0.09066599823190036,upper_first,6.0,0.03297398789055084,-0.01746064795917901,0.04894136337244759,comparable
downside,d0,2021-03-16 00:00:00,2021-03-16 01:00:00,2021-03-16 07:00:00,2021-03-17 07:00:00,6,-0.09066599823190036,upper_first,15.0,0.023677324630581253,-0.00829329631271758,0.039006112762663525,comparable
downside,d0,2021-03-21 09:00:00,2021-03-21 10:00:00,2021-03-21 11:00:00,2021-03-22 11:00:00,1,-0.04727249220007279,upper_first,9.0,0.031043151971985594,-0.006191251442978163,0.04027411734602748,comparable
downside,d0,2021-03-21 09:00:00,2021-03-21 10:00:00,2021-03-21 16:00:00,2021-03-22 16:00:00,6,-0.04727249220007279,neither,,-0.0020935665770247525,-0.01577382980619524,0.020863672662015054,comparable
downside,d0,2021-03-22 20:00:00,2021-03-22 21:00:00,2021-03-22 22:00:00,2021-03-23 22:00:00,1,-0.05658032525183776,neither,,0.0013534224438738196,-0.028951001417181876,0.023412357789416083,comparable
downside,d0,2021-03-22 20:00:00,2021-03-22 21:00:00,2021-03-23 03:00:00,2021-03-24 03:00:00,6,-0.05658032525183776,neither,,-0.002704806924657688,-0.02863011921091052,0.023750543417301095,comparable
downside,d0,2021-03-24 22:00:00,2021-03-24 23:00:00,2021-03-25 00:00:00,2021-03-26 00:00:00,1,-0.034480425807825066,neither,,-0.01796662016173456,-0.03740339829799988,0.018720164624015156,comparable
downside,d0,2021-03-24 22:00:00,2021-03-24 23:00:00,2021-03-25 05:00:00,2021-03-26 05:00:00,6,-0.034480425807825066,neither,,0.009491453136249328,-0.03703376153315019,0.01911135281777465,comparable
downside,d0,2021-04-03 21:00:00,2021-04-03 22:00:00,2021-04-03 23:00:00,2021-04-04 23:00:00,1,-0.01882782107622849,neither,,0.009915226265960086,-0.01887379484061502,0.016242508468687467,comparable
downside,d0,2021-04-03 21:00:00,2021-04-03 22:00:00,2021-04-04 04:00:00,2021-04-05 04:00:00,6,-0.01882782107622849,neither,,-0.0009363105506455804,-0.008607523050217503,0.016595531046045497,comparable
downside,d0,2021-04-07 11:00:00,2021-04-07 12:00:00,2021-04-07 13:00:00,2021-04-08 13:00:00,1,-0.03803298373161135,neither,,0.017489637419933146,-0.018948287772571737,0.01938250055206292,comparable
downside,d0,2021-04-07 11:00:00,2021-04-07 12:00:00,2021-04-07 18:00:00,2021-04-08 18:00:00,6,-0.03803298373161135,upper_first,20.0,0.031095184725663305,-0.011145673414258761,0.034692008468448554,comparable
downside,d0,2021-04-16 09:00:00,2021-04-16 10:00:00,2021-04-16 11:00:00,2021-04-17 11:00:00,1,-0.0307926853121685,upper_first,10.0,0.018247919750084884,-0.004099964773572329,0.03776127096420234,comparable
downside,d0,2021-04-16 09:00:00,2021-04-16 10:00:00,2021-04-16 16:00:00,2021-04-17 16:00:00,6,-0.0307926853121685,neither,,-0.02244734473957677,-0.025503913454458793,0.01365849470308711,comparable
downside,d0,2021-04-17 17:00:00,2021-04-17 18:00:00,2021-04-17 19:00:00,2021-04-18 19:00:00,1,-0.030120588378816482,lower_first,8.0,-0.08108775089334808,-0.15147649705679778,0.009400912634167646,comparable
downside,d0,2021-04-17 17:00:00,2021-04-17 18:00:00,2021-04-18 00:00:00,2021-04-19 00:00:00,6,-0.030120588378816482,lower_first,3.0,-0.06315509962175692,-0.14595652868786957,0.0061725867028927794,comparable
downside,d0,2021-04-23 07:00:00,2021-04-23 08:00:00,2021-04-23 09:00:00,2021-04-24 09:00:00,1,-0.11565403735836988,upper_first,2.0,0.021943883603203762,-0.018155051458252247,0.05638490317258027,comparable
downside,d0,2021-04-23 07:00:00,2021-04-23 08:00:00,2021-04-23 14:00:00,2021-04-24 14:00:00,6,-0.11565403735836988,upper_first,4.0,0.009114168103869114,-0.009004140769906521,0.04739513845953591,comparable
downside,d0,2021-05-04 00:00:00,2021-05-04 01:00:00,2021-05-04 02:00:00,2021-05-05 02:00:00,1,-0.036435955225158745,lower_first,22.0,-0.017240902937031954,-0.05066991141646471,0.016604703284448075,comparable
downside,d0,2021-05-04 00:00:00,2021-05-04 01:00:00,2021-05-04 07:00:00,2021-05-05 07:00:00,6,-0.036435955225158745,lower_first,9.0,-0.029610249123304566,-0.0573338483169088,0.009468524123108724,comparable
downside,d0,2021-05-10 19:00:00,2021-05-10 20:00:00,2021-05-10 21:00:00,2021-05-11 21:00:00,1,-0.02836114412161017,neither,,0.029102122183030765,-0.014529999976498287,0.0297722814394088,comparable
downside,d0,2021-05-10 19:00:00,2021-05-10 20:00:00,2021-05-11 02:00:00,2021-05-12 02:00:00,6,-0.02836114412161017,upper_first,22.0,0.02691593920520563,-0.019835608004584282,0.032513746832443235,comparable
downside,d0,2021-05-12 22:00:00,2021-05-12 23:00:00,2021-05-13 00:00:00,2021-05-14 00:00:00,1,-0.06348646193133667,ambiguous,0.0,0.003707567623916219,-0.07068379086668031,0.060632629989114895,comparable
downside,d0,2021-05-12 22:00:00,2021-05-12 23:00:00,2021-05-13 05:00:00,2021-05-14 05:00:00,6,-0.06348646193133667,lower_first,12.0,-0.024479786707945483,-0.0712027801483276,0.01797760330442677,comparable
downside,d0,2021-05-16 18:00:00,2021-05-16 19:00:00,2021-05-16 20:00:00,2021-05-17 20:00:00,1,-0.05153849604279437,lower_first,7.0,-0.027954690131124282,-0.07520614066109987,0.024632979781982423,comparable
downside,d0,2021-05-16 18:00:00,2021-05-16 19:00:00,2021-05-17 01:00:00,2021-05-18 01:00:00,6,-0.05153849604279437,lower_first,2.0,-0.02500143244805475,-0.0757471945422522,0.007103625158310312,comparable
downside,d0,2021-05-19 01:00:00,2021-05-19 02:00:00,2021-05-19 03:00:00,2021-05-20 03:00:00,1,-0.09415421347281094,lower_first,8.0,-0.053355392204932905,-0.2552151695788166,0.06727666199355564,comparable
downside,d0,2021-05-19 01:00:00,2021-05-19 02:00:00,2021-05-19 08:00:00,2021-05-20 08:00:00,6,-0.09415421347281094,lower_first,3.0,-0.008384414171933252,-0.2570960329671065,0.06458138475813646,comparable
downside,d0,2021-05-23 16:00:00,2021-05-23 17:00:00,2021-05-23 18:00:00,2021-05-24 18:00:00,1,-0.15509139926130755,upper_first,2.0,0.15193648854961816,-0.029440916030534336,0.1832061068702291,comparable
downside,d0,2021-05-23 16:00:00,2021-05-23 17:00:00,2021-05-23 23:00:00,2021-05-24 23:00:00,6,-0.15509139926130755,upper_first,0.0,0.13385881552485612,-0.00027504388025900717,0.17820396640986091,comparable
downside,d0,2021-05-28 08:00:00,2021-05-28 09:00:00,2021-05-28 10:00:00,2021-05-29 10:00:00,1,-0.07457099928151778,upper_first,3.0,-0.017107550824216666,-0.03705136956734778,0.03615249166566947,comparable
downside,d0,2021-05-28 08:00:00,2021-05-28 09:00:00,2021-05-28 15:00:00,2021-05-29 15:00:00,6,-0.07457099928151778,lower_first,6.0,-0.05429077541713001,-0.06819546950730737,0.01907144776129166,comparable
downside,d0,2021-06-05 21:00:00,2021-06-05 22:00:00,2021-06-05 23:00:00,2021-06-06 23:00:00,1,-0.06031155522742482,upper_first,2.0,0.013450688550883827,-0.00010003160542748635,0.03958373172606389,comparable
downside,d0,2021-06-05 21:00:00,2021-06-05 22:00:00,2021-06-06 04:00:00,2021-06-07 04:00:00,6,-0.06031155522742482,neither,,0.01042093793160892,-0.021175294795360955,0.021977332509733882,comparable
downside,d0,2021-06-07 20:00:00,2021-06-07 21:00:00,2021-06-07 22:00:00,2021-06-08 22:00:00,1,-0.041864914918101626,lower_first,4.0,-0.018719604373454546,-0.09164830721994999,0.004886737838819766,comparable
downside,d0,2021-06-07 20:00:00,2021-06-07 21:00:00,2021-06-08 03:00:00,2021-06-09 03:00:00,6,-0.041864914918101626,lower_first,12.0,0.004911506438658231,-0.05291988584313789,0.03648456001864542,comparable
downside,d0,2021-06-17 17:00:00,2021-06-17 18:00:00,2021-06-17 19:00:00,2021-06-18 19:00:00,1,-0.037864206772790565,lower_first,23.0,-0.06464833330419595,-0.06883831665339579,0.012928077338542066,comparable
downside,d0,2021-06-17 17:00:00,2021-06-17 18:00:00,2021-06-18 00:00:00,2021-06-19 00:00:00,6,-0.037864206772790565,lower_first,18.0,-0.05938965891716197,-0.07744028570273831,0.002946676905327905,comparable
downside,d0,2021-06-19 03:00:00,2021-06-19 04:00:00,2021-06-19 05:00:00,2021-06-20 05:00:00,1,-0.07393327956904228,upper_first,7.0,0.016568904629763237,-0.0029464917551618175,0.03528122866661598,comparable
downside,d0,2021-06-19 03:00:00,2021-06-19 04:00:00,2021-06-19 10:00:00,2021-06-20 10:00:00,6,-0.07393327956904228,neither,,-0.019141527094783672,-0.021954923977172136,0.022005944127889032,comparable
downside,d0,2021-06-20 10:00:00,2021-06-20 11:00:00,2021-06-20 12:00:00,2021-06-21 12:00:00,1,-0.04576019363539041,upper_first,6.0,-0.03969921323017822,-0.06424780135132058,0.06680857432396348,comparable
downside,d0,2021-06-20 10:00:00,2021-06-20 11:00:00,2021-06-20 17:00:00,2021-06-21 17:00:00,6,-0.04576019363539041,upper_first,2.0,-0.06900802393990024,-0.08292870334797553,0.045511326553756115,comparable
downside,d0,2021-06-21 21:00:00,2021-06-21 22:00:00,2021-06-21 23:00:00,2021-06-22 23:00:00,1,-0.11270288072330548,upper_first,2.0,0.04259998113035568,-0.07890549666343116,0.06667860678059867,comparable
downside,d0,2021-06-21 21:00:00,2021-06-21 22:00:00,2021-06-22 04:00:00,2021-06-23 04:00:00,6,-0.11270288072330548,lower_first,5.0,0.029206608162008374,-0.12797114311174418,0.041559744725663705,comparable
downside,d0,2021-06-25 22:00:00,2021-06-25 23:00:00,2021-06-26 00:00:00,2021-06-27 00:00:00,1,-0.09634378596087456,upper_first,5.0,0.021300145404502535,-0.044980126363285855,0.03535601947420175,comparable
downside,d0,2021-06-25 22:00:00,2021-06-25 23:00:00,2021-06-26 05:00:00,2021-06-27 05:00:00,6,-0.09634378596087456,lower_first,2.0,0.024869414943096357,-0.06751700186227794,0.030557305068078522,comparable
downside,d0,2021-07-01 06:00:00,2021-07-01 07:00:00,2021-07-01 08:00:00,2021-07-02 08:00:00,1,-0.042314492931635805,neither,,7.523509468376766e-05,-0.01974126920705499,0.018283326973819625,comparable
downside,d0,2021-07-01 06:00:00,2021-07-01 07:00:00,2021-07-01 13:00:00,2021-07-02 13:00:00,6,-0.042314492931635805,neither,,-0.012513782745903201,-0.028569493555378078,0.00911265256073901,comparable
downside,d0,2021-07-08 05:00:00,2021-07-08 06:00:00,2021-07-08 07:00:00,2021-07-09 07:00:00,1,-0.05553036605119732,neither,,-0.006791334597858523,-0.029822291699271752,0.006419107343451413,comparable
downside,d0,2021-07-08 05:00:00,2021-07-08 06:00:00,2021-07-08 12:00:00,2021-07-09 12:00:00,6,-0.05553036605119732,neither,,0.002338471509718776,-0.01388469369661316,0.018377591762612333,comparable
downside,d0,2021-07-12 18:00:00,2021-07-12 19:00:00,2021-07-12 20:00:00,2021-07-13 20:00:00,1,-0.028658613933537858,neither,,-0.01568336194033504,-0.01791574425340614,0.016003971659563687,comparable
downside,d0,2021-07-12 18:00:00,2021-07-12 19:00:00,2021-07-13 01:00:00,2021-07-14 01:00:00,6,-0.028658613933537858,neither,,-0.019627808097090527,-0.026496513043888337,0.007861825358339791,comparable
downside,d0,2021-07-13 19:00:00,2021-07-13 20:00:00,2021-07-13 21:00:00,2021-07-14 21:00:00,1,-0.016023129558430216,neither,,0.009250520787832395,-0.027944742965211433,0.018983070242681643,comparable
downside,d0,2021-07-13 19:00:00,2021-07-13 20:00:00,2021-07-14 02:00:00,2021-07-15 02:00:00,6,-0.016023129558430216,neither,,0.01248591532551524,-0.02422425055944999,0.024799217156113773,comparable
downside,d0,2021-07-15 17:00:00,2021-07-15 18:00:00,2021-07-15 19:00:00,2021-07-16 19:00:00,1,-0.04774129498681379,neither,,0.016888025745039448,-0.013205846449592884,0.026034473874879005,comparable
downside,d0,2021-07-15 17:00:00,2021-07-15 18:00:00,2021-07-16 00:00:00,2021-07-17 00:00:00,6,-0.04774129498681379,neither,,-0.015151624488704885,-0.026576837893744876,0.012131778847526364,comparable
downside,d0,2021-07-19 12:00:00,2021-07-19 13:00:00,2021-07-19 14:00:00,2021-07-20 14:00:00,1,-0.033088031522248484,neither,,-0.03512366715163595,-0.04242892455787406,0.01479646325410422,comparable
downside,d0,2021-07-19 12:00:00,2021-07-19 13:00:00,2021-07-19 19:00:00,2021-07-20 19:00:00,6,-0.033088031522248484,neither,,-0.02816479537617056,-0.043938320664287156,0.013196864154131127,comparable
downside,d0,2021-08-02 20:00:00,2021-08-02 21:00:00,2021-08-02 22:00:00,2021-08-03 22:00:00,1,-0.058497329554017985,neither,,-0.02236914561203529,-0.04029675214686712,0.01474655247655221,comparable
downside,d0,2021-08-02 20:00:00,2021-08-02 21:00:00,2021-08-03 03:00:00,2021-08-04 03:00:00,6,-0.058497329554017985,neither,,-0.021090891331142392,-0.03279537208522221,0.002835253277056582,comparable
downside,d0,2021-08-12 12:00:00,2021-08-12 13:00:00,2021-08-12 14:00:00,2021-08-13 14:00:00,1,-0.030079545600296242,upper_first,16.0,0.04706590756597184,-0.0167239231209233,0.05025049558154726,comparable
downside,d0,2021-08-12 12:00:00,2021-08-12 13:00:00,2021-08-12 19:00:00,2021-08-13 19:00:00,6,-0.030079545600296242,upper_first,11.0,0.04637688723004696,-0.012468832978959843,0.05034098138211962,comparable
downside,d0,2021-08-17 20:00:00,2021-08-17 21:00:00,2021-08-17 22:00:00,2021-08-18 22:00:00,1,-0.023742934619253475,neither,,-0.0037540962001112455,-0.012299880939350527,0.028328169570957185,comparable
downside,d0,2021-08-17 20:00:00,2021-08-17 21:00:00,2021-08-18 03:00:00,2021-08-19 03:00:00,6,-0.023742934619253475,neither,,-0.007836718238797613,-0.011749626385909706,0.0242325754108641,comparable
downside,d0,2021-08-19 03:00:00,2021-08-19 04:00:00,2021-08-19 05:00:00,2021-08-20 05:00:00,1,-0.022530393889184097,upper_first,9.0,0.06707187074553267,-0.001969530169744771,0.07382781462355203,comparable
downside,d0,2021-08-19 03:00:00,2021-08-19 04:00:00,2021-08-19 10:00:00,2021-08-20 10:00:00,6,-0.022530393889184097,upper_first,8.0,0.054444640539375255,-0.013875329793199276,0.058823266589072665,comparable
downside,d0,2021-08-24 16:00:00,2021-08-24 17:00:00,2021-08-24 18:00:00,2021-08-25 18:00:00,1,-0.03533276586635836,neither,,0.01744055501839825,-0.018494503429914877,0.022496591330878557,comparable
downside,d0,2021-08-24 16:00:00,2021-08-24 17:00:00,2021-08-24 23:00:00,2021-08-25 23:00:00,6,-0.03533276586635836,neither,,0.011828109124245811,-0.025279992454104172,0.019295815668324723,comparable
downside,d0,2021-08-26 05:00:00,2021-08-26 06:00:00,2021-08-26 07:00:00,2021-08-27 07:00:00,1,-0.030269517911892363,neither,,0.0067928892075035385,-0.01182258862887664,0.017203475173673377,comparable
downside,d0,2021-08-26 05:00:00,2021-08-26 06:00:00,2021-08-26 12:00:00,2021-08-27 12:00:00,6,-0.030269517911892363,neither,,0.0130904293268983,-0.011543574544933821,0.019945633859387524,comparable
downside,d0,2021-08-30 23:00:00,2021-08-31 00:00:00,2021-08-31 01:00:00,2021-09-01 01:00:00,1,-0.03706504861013504,neither,,-0.00193086113120422,-0.003149678545442125,0.02975732474698667,comparable
downside,d0,2021-08-30 23:00:00,2021-08-31 00:00:00,2021-08-31 06:00:00,2021-09-01 06:00:00,6,-0.03706504861013504,neither,,0.006334068508046409,-0.012983514878857294,0.023539659455535267,comparable
downside,d0,2021-09-07 14:00:00,2021-09-07 15:00:00,2021-09-07 16:00:00,2021-09-08 16:00:00,1,-0.08159106807334282,neither,,-0.01410825655108694,-0.04987873110386776,0.018899340399866515,comparable
downside,d0,2021-09-07 14:00:00,2021-09-07 15:00:00,2021-09-07 21:00:00,2021-09-08 21:00:00,6,-0.08159106807334282,lower_first,11.0,-0.016380648895476635,-0.05120789558553729,0.011968321974494378,comparable
downside,d0,2021-09-13 14:00:00,2021-09-13 15:00:00,2021-09-13 16:00:00,2021-09-14 16:00:00,1,-0.04178055055660179,upper_first,14.0,0.054082963007027196,-0.004501599602341422,0.05850276860317938,comparable
downside,d0,2021-09-13 14:00:00,2021-09-13 15:00:00,2021-09-13 21:00:00,2021-09-14 21:00:00,6,-0.04178055055660179,upper_first,15.0,0.03622527363818273,-0.011190738284204915,0.039626358674603734,comparable
downside,d0,2021-09-20 02:00:00,2021-09-20 03:00:00,2021-09-20 04:00:00,2021-09-21 04:00:00,1,-0.0429541421270454,lower_first,7.0,-0.06284915618415843,-0.11726245960981685,0.006419829535036614,comparable
downside,d0,2021-09-20 02:00:00,2021-09-20 03:00:00,2021-09-20 09:00:00,2021-09-21 09:00:00,6,-0.0429541421270454,lower_first,3.0,-0.039291238126280326,-0.10743110234035114,0.005303457882959828,comparable
downside,d0,2021-10-22 15:00:00,2021-10-22 16:00:00,2021-10-22 17:00:00,2021-10-23 17:00:00,1,-0.03689792774132661,neither,,-0.0001488036594581299,-0.024600188277509427,0.009739117751279114,comparable
downside,d0,2021-10-22 15:00:00,2021-10-22 16:00:00,2021-10-22 22:00:00,2021-10-23 22:00:00,6,-0.03689792774132661,neither,,0.010794153856598543,-0.0122855777963784,0.022487268584637565,comparable
downside,d0,2021-10-27 08:00:00,2021-10-27 09:00:00,2021-10-27 10:00:00,2021-10-28 10:00:00,1,-0.05674774169066954,upper_first,23.0,0.035327682287930484,-0.014112690568465647,0.03907283106114634,comparable
downside,d0,2021-10-27 08:00:00,2021-10-27 09:00:00,2021-10-27 15:00:00,2021-10-28 15:00:00,6,-0.05674774169066954,upper_first,18.0,0.040378641513093116,-0.017897730776059273,0.04463595976072399,comparable
downside,d0,2021-11-01 03:00:00,2021-11-01 04:00:00,2021-11-01 05:00:00,2021-11-02 05:00:00,1,-0.028640987337421597,upper_first,3.0,0.015296326695082518,-0.0039061583965147584,0.03215194597799287,comparable
downside,d0,2021-11-01 03:00:00,2021-11-01 04:00:00,2021-11-01 10:00:00,2021-11-02 10:00:00,6,-0.028640987337421597,neither,,0.018143490685121888,-0.026710093936100687,0.02014179472419353,comparable
downside,d0,2021-11-16 00:00:00,2021-11-16 01:00:00,2021-11-16 02:00:00,2021-11-17 02:00:00,1,-0.050217667473562044,lower_first,8.0,-0.045448529197727794,-0.05696380557031111,0.0018160177201644867,comparable
downside,d0,2021-11-16 00:00:00,2021-11-16 01:00:00,2021-11-16 07:00:00,2021-11-17 07:00:00,6,-0.050217667473562044,neither,,-0.020670726688755692,-0.03800771427196159,0.008979558444259572,comparable
downside,d0,2021-11-18 15:00:00,2021-11-18 16:00:00,2021-11-18 17:00:00,2021-11-19 17:00:00,1,-0.026360810663628165,neither,,0.016300036980886556,-0.029229909247612595,0.02164280651945627,comparable
downside,d0,2021-11-18 15:00:00,2021-11-18 16:00:00,2021-11-18 22:00:00,2021-11-19 22:00:00,6,-0.026360810663628165,neither,,0.004942432066956215,-0.03403680923212482,0.0143632865566925,comparable
downside,d0,2021-11-22 18:00:00,2021-11-22 19:00:00,2021-11-22 20:00:00,2021-11-23 20:00:00,1,-0.050814231178320735,upper_first,14.0,0.0315859859968497,-0.011507687738032901,0.03255721713450921,comparable
downside,d0,2021-11-22 18:00:00,2021-11-22 19:00:00,2021-11-23 01:00:00,2021-11-24 01:00:00,6,-0.050814231178320735,neither,,0.01681869130424718,-0.022051651820931495,0.022257388828286206,comparable
downside,d0,2021-11-26 08:00:00,2021-11-26 09:00:00,2021-11-26 10:00:00,2021-11-27 10:00:00,1,-0.041311533451756866,neither,,-0.003160435825523833,-0.023053406584101377,0.009497549466897626,comparable
downside,d0,2021-11-26 08:00:00,2021-11-26 09:00:00,2021-11-26 15:00:00,2021-11-27 15:00:00,6,-0.041311533451756866,neither,,0.0007018668452061227,-0.021367560412444142,0.01080282895645679,comparable
downside,d0,2021-12-03 16:00:00,2021-12-03 17:00:00,2021-12-03 18:00:00,2021-12-04 18:00:00,1,-0.02417941472765206,lower_first,2.0,-0.12149441298632058,-0.23036982172679465,0.0031606596861266656,comparable
downside,d0,2021-12-03 16:00:00,2021-12-03 17:00:00,2021-12-03 23:00:00,2021-12-04 23:00:00,6,-0.02417941472765206,lower_first,5.0,-0.0771629834781491,-0.20770802600584748,0.008329050555987427,comparable
downside,d0,2021-12-09 18:00:00,2021-12-09 19:00:00,2021-12-09 20:00:00,2021-12-10 20:00:00,1,-0.055737091435598685,upper_first,16.0,0.010516464181719254,-0.00918389995311042,0.05304260782777526,comparable
downside,d0,2021-12-09 18:00:00,2021-12-09 19:00:00,2021-12-10 01:00:00,2021-12-11 01:00:00,6,-0.055737091435598685,upper_first,12.0,-0.005854392511305595,-0.026311988695368105,0.04364915683511916,comparable
downside,d0,2021-12-10 23:00:00,2021-12-11 00:00:00,2021-12-11 01:00:00,2021-12-12 01:00:00,1,-0.008356172360533987,upper_first,15.0,0.03334031822203931,-0.0019277874154356445,0.04085845887118178,comparable
downside,d0,2021-12-10 23:00:00,2021-12-11 00:00:00,2021-12-11 06:00:00,2021-12-12 06:00:00,6,-0.008356172360533987,neither,,0.013825803726459363,-0.011042356960499267,0.02851812488028238,comparable
downside,d0,2021-12-17 14:00:00,2021-12-17 15:00:00,2021-12-17 16:00:00,2021-12-18 16:00:00,1,-0.0531541857569644,neither,,0.007268028003037941,-0.02211260297841111,0.019691717361389527,comparable
downside,d0,2021-12-17 14:00:00,2021-12-17 15:00:00,2021-12-17 21:00:00,2021-12-18 21:00:00,6,-0.0531541857569644,neither,,0.015342999964701454,-0.014329300842121806,0.025798761775508883,comparable
downside,d0,2021-12-28 04:00:00,2021-12-28 05:00:00,2021-12-28 06:00:00,2021-12-29 06:00:00,1,-0.038178445546504625,neither,,-0.026663662295089208,-0.038948602692921885,0.005094157181325221,comparable
downside,d0,2021-12-28 04:00:00,2021-12-28 05:00:00,2021-12-28 11:00:00,2021-12-29 11:00:00,6,-0.038178445546504625,neither,,-0.027718194112775985,-0.03573885081015882,0.006768754176575964,comparable
downside,d0,2021-12-29 12:00:00,2021-12-29 13:00:00,2021-12-29 14:00:00,2021-12-30 14:00:00,1,-0.04649581544175374,neither,,-0.00181023987576312,-0.03122558343014714,0.013659466126856312,comparable
downside,d0,2021-12-29 12:00:00,2021-12-29 13:00:00,2021-12-29 19:00:00,2021-12-30 19:00:00,6,-0.04649581544175374,neither,,0.0072429074955846495,-0.03366673033379797,0.00802353103520237,comparable
downside,d0,2021-12-31 19:00:00,2021-12-31 20:00:00,2021-12-31 21:00:00,2022-01-01 21:00:00,1,-0.03923016297304127,upper_first,8.0,0.03343528777372784,-0.0023125560021072245,0.04549152931006706,comparable
downside,d0,2021-12-31 19:00:00,2021-12-31 20:00:00,2022-01-01 02:00:00,2022-01-02 02:00:00,6,-0.03923016297304127,neither,,0.01302086450895712,-0.01224934798409505,0.02542049681474201,comparable
downside,d0,2022-01-05 19:00:00,2022-01-05 20:00:00,2022-01-05 21:00:00,2022-01-06 21:00:00,1,-0.029863859480238175,neither,,-0.016581341826223173,-0.03442401067861356,0.008224452950886363,comparable
downside,d0,2022-01-05 19:00:00,2022-01-05 20:00:00,2022-01-06 02:00:00,2022-01-07 02:00:00,6,-0.029863859480238175,neither,,-0.012424839481868122,-0.025465638658567435,0.0016866547348399763,comparable
downside,d0,2022-01-07 03:00:00,2022-01-07 04:00:00,2022-01-07 05:00:00,2022-01-08 05:00:00,1,-0.023989380084623035,neither,,0.004996686385252858,-0.026866303860031304,0.026944736869247032,comparable
downside,d0,2022-01-07 03:00:00,2022-01-07 04:00:00,2022-01-07 10:00:00,2022-01-08 10:00:00,6,-0.023989380084623035,neither,,-0.0059834382052089685,-0.043396608559780336,0.007646408204079691,comparable
downside,d0,2022-01-17 16:00:00,2022-01-17 17:00:00,2022-01-17 18:00:00,2022-01-18 18:00:00,1,-0.026925269781376104,neither,,-0.014974397485271629,-0.020050754072026944,0.007685976030900488,comparable
downside,d0,2022-01-17 16:00:00,2022-01-17 17:00:00,2022-01-17 23:00:00,2022-01-18 23:00:00,6,-0.026925269781376104,neither,,0.009602220856543386,-0.019186862624410717,0.014187749893278312,comparable
downside,d0,2022-01-19 07:00:00,2022-01-19 08:00:00,2022-01-19 09:00:00,2022-01-20 09:00:00,1,-0.018984984698076857,neither,,0.01450510130585303,-0.0019396370449648037,0.029301450292601228,comparable
downside,d0,2022-01-19 07:00:00,2022-01-19 08:00:00,2022-01-19 14:00:00,2022-01-20 14:00:00,6,-0.018984984698076857,neither,,0.004554843744410286,-0.015456997048804322,0.008908313454557337,comparable
downside,d0,2022-01-20 23:00:00,2022-01-21 00:00:00,2022-01-21 01:00:00,2022-01-22 01:00:00,1,-0.024074806829249673,lower_first,2.0,-0.10736741993609056,-0.13397242657395647,0.001086262918167158,comparable
downside,d0,2022-01-20 23:00:00,2022-01-21 00:00:00,2022-01-21 06:00:00,2022-01-22 06:00:00,6,-0.024074806829249673,lower_first,15.0,-0.08176677266967014,-0.09003028008889558,0.00959319046091145,comparable
downside,d0,2022-01-22 07:00:00,2022-01-22 08:00:00,2022-01-22 09:00:00,2022-01-23 09:00:00,1,-0.09542026171757745,neither,,0.007129480990859083,-0.04464056024813057,0.01644279733131704,comparable
downside,d0,2022-01-22 07:00:00,2022-01-22 08:00:00,2022-01-22 14:00:00,2022-01-23 14:00:00,6,-0.09542026171757745,neither,,0.01092117652081881,-0.037936481898037444,0.015930086493021633,comparable
downside,d0,2022-01-24 10:00:00,2022-01-24 11:00:00,2022-01-24 12:00:00,2022-01-25 12:00:00,1,-0.07337887854338476,upper_first,5.0,0.08125396663854856,-0.022835969648965615,0.11487592933204382,comparable
downside,d0,2022-01-24 10:00:00,2022-01-24 11:00:00,2022-01-24 17:00:00,2022-01-25 17:00:00,6,-0.07337887854338476,upper_first,0.0,0.06858877552825016,-0.009438817000829491,0.08935115779671454,comparable
downside,d0,2022-02-03 10:00:00,2022-02-03 11:00:00,2022-02-03 12:00:00,2022-02-04 12:00:00,1,-0.05685483714247597,upper_first,18.0,0.027815624074411183,-0.014724911619009351,0.03968680113801559,comparable
downside,d0,2022-02-03 10:00:00,2022-02-03 11:00:00,2022-02-03 17:00:00,2022-02-04 17:00:00,6,-0.05685483714247597,upper_first,13.0,0.09784041032503499,-0.012045547233992093,0.10607083048756194,comparable
downside,d0,2022-02-14 01:00:00,2022-02-14 02:00:00,2022-02-14 03:00:00,2022-02-15 03:00:00,1,-0.013437636884211956,upper_first,22.0,0.04514427313937075,-0.0020656342331405453,0.048114461453481416,comparable
downside,d0,2022-02-14 01:00:00,2022-02-14 02:00:00,2022-02-14 08:00:00,2022-02-15 08:00:00,6,-0.013437636884211956,upper_first,17.0,0.03284464280568078,-0.012603245558958753,0.03496872692432529,comparable
downside,d0,2022-02-17 18:00:00,2022-02-17 19:00:00,2022-02-17 20:00:00,2022-02-18 20:00:00,1,-0.05817123376183819,neither,,-0.023801269456028118,-0.043527256574176776,9.097695420323682e-05,comparable
downside,d0,2022-02-17 18:00:00,2022-02-17 19:00:00,2022-02-18 01:00:00,2022-02-19 01:00:00,6,-0.05817123376183819,neither,,-0.008789120494091085,-0.028508212633239438,0.010076144614889593,comparable
downside,d0,2022-02-20 05:00:00,2022-02-20 06:00:00,2022-02-20 07:00:00,2022-02-21 07:00:00,1,-0.02233583697488839,neither,,0.010606942365245509,-0.021048235787230474,0.017772611660397564,comparable
downside,d0,2022-02-20 05:00:00,2022-02-20 06:00:00,2022-02-20 12:00:00,2022-02-21 12:00:00,6,-0.02233583697488839,neither,,-0.01985093618394329,-0.025900854526205275,0.029698343335732957,comparable
downside,d0,2022-02-21 11:00:00,2022-02-21 12:00:00,2022-02-21 13:00:00,2022-02-22 13:00:00,1,-0.019905497887673484,upper_first,1.0,0.0023743957178872233,-0.03219012844580915,0.04806700279533316,comparable
downside,d0,2022-02-21 11:00:00,2022-02-21 12:00:00,2022-02-21 18:00:00,2022-02-22 18:00:00,6,-0.019905497887673484,lower_first,9.0,-0.022966163864887923,-0.05705210883097289,0.0032758035680007236,comparable
downside,d0,2022-02-24 02:00:00,2022-02-24 03:00:00,2022-02-24 04:00:00,2022-02-25 04:00:00,1,-0.04641341484271522,upper_first,11.0,0.11478496693615625,-0.01751678096337861,0.1370034805703224,comparable
downside,d0,2022-02-24 02:00:00,2022-02-24 03:00:00,2022-02-24 09:00:00,2022-02-25 09:00:00,6,-0.04641341484271522,upper_first,9.0,0.07995820444635116,-0.01893382492651008,0.11807609842109756,comparable
downside,d0,2022-03-04 00:00:00,2022-03-04 01:00:00,2022-03-04 02:00:00,2022-03-05 02:00:00,1,-0.05429485761772057,lower_first,18.0,-0.060862127382286246,-0.07103362863653617,0.009213565886712738,comparable
downside,d0,2022-03-04 00:00:00,2022-03-04 01:00:00,2022-03-04 07:00:00,2022-03-05 07:00:00,6,-0.05429485761772057,lower_first,13.0,-0.0582309216196889,-0.06835041530206931,0.012128564083404791,comparable
downside,d0,2022-03-06 10:00:00,2022-03-06 11:00:00,2022-03-06 12:00:00,2022-03-07 12:00:00,1,-0.02291051247568665,neither,,-0.0002669610189987015,-0.02033987474731258,0.026522472955857967,comparable
downside,d0,2022-03-06 10:00:00,2022-03-06 11:00:00,2022-03-06 17:00:00,2022-03-07 17:00:00,6,-0.02291051247568665,neither,,-0.009836852268470753,-0.04182689353286506,0.008637652822708342,comparable
downside,d0,2022-03-07 19:00:00,2022-03-07 20:00:00,2022-03-07 21:00:00,2022-03-08 21:00:00,1,-0.03549925054380165,upper_first,5.0,0.02479887303975392,-0.0021846296799903353,0.047788042491978766,comparable
downside,d0,2022-03-07 19:00:00,2022-03-07 20:00:00,2022-03-08 02:00:00,2022-03-09 02:00:00,6,-0.03549925054380165,neither,,0.025266328207494748,-0.007042420976908326,0.028930080369463873,comparable
downside,d0,2022-03-13 22:00:00,2022-03-13 23:00:00,2022-03-14 00:00:00,2022-03-15 00:00:00,1,-0.03524733216097897,upper_first,7.0,0.049879344012446536,-0.0061650976096355725,0.05590896823254843,comparable
downside,d0,2022-03-13 22:00:00,2022-03-13 23:00:00,2022-03-14 05:00:00,2022-03-15 05:00:00,6,-0.03524733216097897,upper_first,17.0,0.006748099582869704,-0.0030743015021411635,0.03565992505514193,comparable
downside,d0,2022-03-31 16:00:00,2022-03-31 17:00:00,2022-03-31 18:00:00,2022-04-01 18:00:00,1,-0.03332174543020139,neither,,0.01407198203121851,-0.03495556348253148,0.01972704295075478,comparable
downside,d0,2022-03-31 16:00:00,2022-03-31 17:00:00,2022-03-31 23:00:00,2022-04-01 23:00:00,6,-0.03332174543020139,neither,,0.012676795208019564,-0.034354708815533486,0.02036194402850411,comparable
downside,d0,2022-04-04 17:00:00,2022-04-04 18:00:00,2022-04-04 19:00:00,2022-04-05 19:00:00,1,-0.022024086292480316,upper_first,4.0,0.008301028490136808,-3.339039722927151e-05,0.03685970343615752,comparable
downside,d0,2022-04-04 17:00:00,2022-04-04 18:00:00,2022-04-05 00:00:00,2022-04-06 00:00:00,6,-0.022024086292480316,neither,,-0.023274690365084783,-0.026252731283744613,0.012997487465765678,comparable
downside,d0,2022-04-06 00:00:00,2022-04-06 01:00:00,2022-04-06 02:00:00,2022-04-07 02:00:00,1,-0.032590052195324404,lower_first,22.0,-0.040297036866743796,-0.05442489654136273,0.00720465526805425,comparable
downside,d0,2022-04-06 00:00:00,2022-04-06 01:00:00,2022-04-06 07:00:00,2022-04-07 07:00:00,6,-0.032590052195324404,lower_first,11.0,-0.045835780498568734,-0.060317354911045507,0.0009281453650231697,comparable
downside,d0,2022-04-08 22:00:00,2022-04-08 23:00:00,2022-04-09 00:00:00,2022-04-10 00:00:00,1,-0.030601348347563895,neither,,0.011938885852268877,-0.0033822426346189483,0.013120091619165164,comparable
downside,d0,2022-04-08 22:00:00,2022-04-08 23:00:00,2022-04-09 05:00:00,2022-04-10 05:00:00,6,-0.030601348347563895,neither,,0.008205266055716587,-0.005228799781180293,0.011916711762854248,comparable
downside,d0,2022-04-11 09:00:00,2022-04-11 10:00:00,2022-04-11 11:00:00,2022-04-12 11:00:00,1,-0.025808050245977876,lower_first,9.0,-0.034936551529232696,-0.05784740452930104,0.0,comparable
downside,d0,2022-04-11 09:00:00,2022-04-11 10:00:00,2022-04-11 16:00:00,2022-04-12 16:00:00,6,-0.025808050245977876,neither,,-0.009520134272015035,-0.03390117029662909,0.0078000882694093665,comparable
downside,d0,2022-04-17 23:00:00,2022-04-18 00:00:00,2022-04-18 01:00:00,2022-04-19 01:00:00,1,-0.017432578316116776,upper_first,17.0,0.028919933928353903,-0.029912417825655013,0.038495491042983776,comparable
downside,d0,2022-04-17 23:00:00,2022-04-18 00:00:00,2022-04-18 06:00:00,2022-04-19 06:00:00,6,-0.017432578316116776,upper_first,11.0,0.04444142541698115,-0.0036781342341791756,0.05984402985036308,comparable
downside,d0,2022-04-21 22:00:00,2022-04-21 23:00:00,2022-04-22 00:00:00,2022-04-23 00:00:00,1,-0.025764245928830753,neither,,-0.01904929874926453,-0.03232388204739811,0.007886446240407796,comparable
downside,d0,2022-04-21 22:00:00,2022-04-21 23:00:00,2022-04-22 05:00:00,2022-04-23 05:00:00,6,-0.025764245928830753,neither,,-0.026903202022692807,-0.03593311568812452,0.004127236314363847,comparable
downside,d0,2022-04-25 00:00:00,2022-04-25 01:00:00,2022-04-25 02:00:00,2022-04-26 02:00:00,1,-0.017666537192423948,upper_first,16.0,0.03538295715058348,-0.022894704204390548,0.042892121450791576,comparable
downside,d0,2022-04-25 00:00:00,2022-04-25 01:00:00,2022-04-25 07:00:00,2022-04-26 07:00:00,6,-0.017666537192423948,upper_first,11.0,0.04882533857964089,-0.011200202882536536,0.0553739935124169,comparable
downside,d0,2022-04-30 23:00:00,2022-05-01 00:00:00,2022-05-01 01:00:00,2022-05-02 01:00:00,1,-0.02458988782968974,upper_first,23.0,0.026025275722735053,-0.007644909818825707,0.03008665893853224,comparable
downside,d0,2022-04-30 23:00:00,2022-05-01 00:00:00,2022-05-01 06:00:00,2022-05-02 06:00:00,6,-0.02458988782968974,neither,,0.02491828842020416,-0.010246193404124693,0.0292761517773219,comparable
downside,d0,2022-05-05 15:00:00,2022-05-05 16:00:00,2022-05-05 17:00:00,2022-05-06 17:00:00,1,-0.052794363070845174,neither,,-0.0221423569561503,-0.047898365147561184,0.0035099488158345515,comparable
downside,d0,2022-05-05 15:00:00,2022-05-05 16:00:00,2022-05-05 22:00:00,2022-05-06 22:00:00,6,-0.052794363070845174,neither,,-0.013238709826154382,-0.0324107834131484,0.0062594119660239755,comparable
downside,d0,2022-05-07 21:00:00,2022-05-07 22:00:00,2022-05-07 23:00:00,2022-05-08 23:00:00,1,-0.026261355839146683,neither,,-0.02212902820744067,-0.038224449492585744,0.020393602812753153,comparable
downside,d0,2022-05-07 21:00:00,2022-05-07 22:00:00,2022-05-08 04:00:00,2022-05-09 04:00:00,6,-0.026261355839146683,neither,,-0.0262843894271646,-0.0349922668222008,0.013827154045482182,comparable
downside,d0,2022-05-09 02:00:00,2022-05-09 03:00:00,2022-05-09 04:00:00,2022-05-10 04:00:00,1,-0.031240679621396317,lower_first,12.0,-0.08693235713696079,-0.11387023935148577,0.008190763584196015,comparable
downside,d0,2022-05-09 02:00:00,2022-05-09 03:00:00,2022-05-09 09:00:00,2022-05-10 09:00:00,6,-0.031240679621396317,lower_first,7.0,-0.057115748849213,-0.1167086304862891,0.002908158051706522,comparable
downside,d0,2022-05-11 12:00:00,2022-05-11 13:00:00,2022-05-11 14:00:00,2022-05-12 14:00:00,1,-0.08949361404102385,lower_first,3.0,-0.10440074771707553,-0.19020125017937095,0.0220758065459441,comparable
downside,d0,2022-05-11 12:00:00,2022-05-11 13:00:00,2022-05-11 19:00:00,2022-05-12 19:00:00,6,-0.08949361404102385,lower_first,1.0,-0.053588067395875405,-0.1513376083748479,0.007843381556498219,comparable
downside,d0,2022-05-18 15:00:00,2022-05-18 16:00:00,2022-05-18 17:00:00,2022-05-19 17:00:00,1,-0.039006249128376136,upper_first,22.0,0.03175178067302875,-0.019846019368706114,0.04508639780648371,comparable
downside,d0,2022-05-18 15:00:00,2022-05-18 16:00:00,2022-05-18 22:00:00,2022-05-19 22:00:00,6,-0.039006249128376136,upper_first,17.0,0.03642118050818466,-0.019465352385744872,0.04549228289581486,comparable
downside,d0,2022-06-10 13:00:00,2022-06-10 14:00:00,2022-06-10 15:00:00,2022-06-11 15:00:00,1,-0.025579979327633673,neither,,-0.03880026775384393,-0.04180149445108261,0.002285794385498363,comparable
downside,d0,2022-06-10 13:00:00,2022-06-10 14:00:00,2022-06-10 20:00:00,2022-06-11 20:00:00,6,-0.025579979327633673,neither,,-0.013505041506811422,-0.030073915387795913,0.015904295133756907,comparable
downside,d0,2022-06-12 02:00:00,2022-06-12 03:00:00,2022-06-12 04:00:00,2022-06-13 04:00:00,1,-0.06322175935393282,lower_first,21.0,-0.07383885897689335,-0.09553393880897276,0.028954391636528687,comparable
downside,d0,2022-06-12 02:00:00,2022-06-12 03:00:00,2022-06-12 09:00:00,2022-06-13 09:00:00,6,-0.06322175935393282,lower_first,16.0,-0.12368360916066701,-0.12497951867152379,0.028681125969888477,comparable
downside,d0,2022-06-13 07:00:00,2022-06-13 08:00:00,2022-06-13 09:00:00,2022-06-14 09:00:00,1,-0.10256890471524338,lower_first,5.0,-0.06391737874611281,-0.13698914665305717,0.01696843412724447,comparable
downside,d0,2022-06-13 07:00:00,2022-06-13 08:00:00,2022-06-13 14:00:00,2022-06-14 14:00:00,6,-0.10256890471524338,lower_first,9.0,-0.05227063899698092,-0.11857287427964103,0.02480109414101017,comparable
downside,d0,2022-06-15 07:00:00,2022-06-15 08:00:00,2022-06-15 09:00:00,2022-06-16 09:00:00,1,-0.09452958797106181,upper_first,2.0,0.07559843154318946,-0.007550547130347085,0.13599885283108426,comparable
downside,d0,2022-06-15 07:00:00,2022-06-15 08:00:00,2022-06-15 14:00:00,2022-06-16 14:00:00,6,-0.09452958797106181,ambiguous,4.0,-0.024869473592270652,-0.06050720160116119,0.06735246264933048,comparable
downside,d0,2022-06-18 06:00:00,2022-06-18 07:00:00,2022-06-18 08:00:00,2022-06-19 08:00:00,1,-0.06966358678803453,lower_first,10.0,-0.04947769328052731,-0.08645985872133666,0.014612523712849823,comparable
downside,d0,2022-06-18 06:00:00,2022-06-18 07:00:00,2022-06-18 13:00:00,2022-06-19 13:00:00,6,-0.06966358678803453,lower_first,5.0,0.010354830763888323,-0.08127287018650708,0.045942501402870484,comparable
downside,d0,2022-06-27 13:00:00,2022-06-27 14:00:00,2022-06-27 15:00:00,2022-06-28 15:00:00,1,-0.03159156660855589,neither,,0.000818972084298375,-0.01656496001022756,0.01842783313155416,comparable
downside,d0,2022-06-27 13:00:00,2022-06-27 14:00:00,2022-06-27 20:00:00,2022-06-28 20:00:00,6,-0.03159156660855589,neither,,-0.02926253347539387,-0.031249460074293745,0.016979583609295412,comparable
downside,d0,2022-06-28 18:00:00,2022-06-28 19:00:00,2022-06-28 20:00:00,2022-06-29 20:00:00,1,-0.022850140803362784,neither,,-0.0011786529341734076,-0.01992684836906866,0.010062551664946184,comparable
downside,d0,2022-06-28 18:00:00,2022-06-28 19:00:00,2022-06-29 01:00:00,2022-06-30 01:00:00,6,-0.022850140803362784,neither,,-0.01265790311082382,-0.022009368732902268,0.00697400780974422,comparable
downside,d0,2022-06-30 06:00:00,2022-06-30 07:00:00,2022-06-30 08:00:00,2022-07-01 08:00:00,1,-0.026010583997866932,upper_first,15.0,0.007147718660270197,-0.04152663276141633,0.07578962120130939,comparable
downside,d0,2022-06-30 06:00:00,2022-06-30 07:00:00,2022-06-30 13:00:00,2022-07-01 13:00:00,6,-0.026010583997866932,upper_first,10.0,0.0041472343778992116,-0.03040089063643392,0.08827714387572794,comparable
downside,d0,2022-07-11 01:00:00,2022-07-11 02:00:00,2022-07-11 03:00:00,2022-07-12 03:00:00,1,-0.0404665083170902,neither,,-0.028260404801200734,-0.03706822284763389,0.009950311750786422,comparable
downside,d0,2022-07-11 01:00:00,2022-07-11 02:00:00,2022-07-11 08:00:00,2022-07-12 08:00:00,6,-0.0404665083170902,neither,,-0.0351199587129325,-0.04055210680580501,0.015447885359836766,comparable
downside,d0,2022-07-12 07:00:00,2022-07-12 08:00:00,2022-07-12 09:00:00,2022-07-13 09:00:00,1,-0.03513462036562365,neither,,0.004349254945131609,-0.026419609676016087,0.014262558479983811,comparable
downside,d0,2022-07-12 07:00:00,2022-07-12 08:00:00,2022-07-12 14:00:00,2022-07-13 14:00:00,6,-0.03513462036562365,neither,,-0.0246320800023887,-0.04394696263893305,0.01691665304515433,comparable
downside,d0,2022-07-13 12:00:00,2022-07-13 13:00:00,2022-07-13 14:00:00,2022-07-14 14:00:00,1,-0.03558334554769971,upper_first,3.0,0.02452983785651619,-0.005166115223514733,0.058757361727164614,comparable
downside,d0,2022-07-13 12:00:00,2022-07-13 13:00:00,2022-07-13 19:00:00,2022-07-14 19:00:00,6,-0.03558334554769971,upper_first,20.0,0.04337641405909598,-0.013219233624348292,0.04733567866767818,comparable
downside,d0,2022-07-23 11:00:00,2022-07-23 12:00:00,2022-07-23 13:00:00,2022-07-24 13:00:00,1,-0.05847457663007305,neither,,0.009252104362373004,-0.0154209218359177,0.024698604331410134,comparable
downside,d0,2022-07-23 11:00:00,2022-07-23 12:00:00,2022-07-23 18:00:00,2022-07-24 18:00:00,6,-0.05847457663007305,upper_first,11.0,0.034014399123287076,-0.003936855953836416,0.0402601629854733,comparable
downside,d0,2022-07-25 23:00:00,2022-07-26 00:00:00,2022-07-26 01:00:00,2022-07-27 01:00:00,1,-0.05623680725204283,neither,,0.010200883927380833,-0.013439887223058333,0.01442097041510304,comparable
downside,d0,2022-07-25 23:00:00,2022-07-26 00:00:00,2022-07-26 06:00:00,2022-07-27 06:00:00,6,-0.05623680725204283,neither,,0.00478971636688974,-0.02044649481567229,0.007216493382871336,comparable
downside,d0,2022-08-01 06:00:00,2022-08-01 07:00:00,2022-08-01 08:00:00,2022-08-02 08:00:00,1,-0.02322291840379176,neither,,-0.018754170986776786,-0.02598838188644126,0.008061443216073494,comparable
downside,d0,2022-08-01 06:00:00,2022-08-01 07:00:00,2022-08-01 13:00:00,2022-08-02 13:00:00,6,-0.02322291840379176,neither,,-0.017388644499687578,-0.021043681581464524,0.016104197071304283,comparable
downside,d0,2022-08-02 09:00:00,2022-08-02 10:00:00,2022-08-02 11:00:00,2022-08-03 11:00:00,1,-0.025781630566780733,neither,,0.02414324393707412,-0.00853115224129164,0.026203980562950147,comparable
downside,d0,2022-08-02 09:00:00,2022-08-02 10:00:00,2022-08-02 16:00:00,2022-08-03 16:00:00,6,-0.025781630566780733,neither,,0.016374684240432424,-0.012604277884082249,0.029006807267234258,comparable
downside,d0,2022-08-04 16:00:00,2022-08-04 17:00:00,2022-08-04 18:00:00,2022-08-05 18:00:00,1,-0.036820490513414295,upper_first,12.0,0.008500472027562767,-0.010757457350752397,0.037205137391607135,comparable
downside,d0,2022-08-04 16:00:00,2022-08-04 17:00:00,2022-08-04 23:00:00,2022-08-05 23:00:00,6,-0.036820490513414295,upper_first,7.0,0.02760787579129831,-0.0023658842409481906,0.03769105962708941,comparable
downside,d0,2022-08-10 00:00:00,2022-08-10 01:00:00,2022-08-10 02:00:00,2022-08-11 02:00:00,1,-0.0427373485875171,upper_first,10.0,0.06783141949883587,-0.005352767234338085,0.07008608979370767,comparable
downside,d0,2022-08-10 00:00:00,2022-08-10 01:00:00,2022-08-10 07:00:00,2022-08-11 07:00:00,6,-0.0427373485875171,upper_first,5.0,0.07015669018995285,-0.0006171375972776616,0.07536749323589298,comparable
downside,d0,2022-08-16 14:00:00,2022-08-16 15:00:00,2022-08-16 16:00:00,2022-08-17 16:00:00,1,-0.016913516428715747,neither,,-0.021471195253577324,-0.02444042893858589,0.02287276392270199,comparable
downside,d0,2022-08-16 14:00:00,2022-08-16 15:00:00,2022-08-16 21:00:00,2022-08-17 21:00:00,6,-0.016913516428715747,neither,,-0.024132814923789825,-0.03339721713486998,0.019492482394424915,comparable
downside,d0,2022-08-17 19:00:00,2022-08-17 20:00:00,2022-08-17 21:00:00,2022-08-18 21:00:00,1,-0.027687239263701202,neither,,0.000710613610365618,-0.007935541405955315,0.008447456682694865,comparable
downside,d0,2022-08-17 19:00:00,2022-08-17 20:00:00,2022-08-18 02:00:00,2022-08-19 02:00:00,6,-0.027687239263701202,neither,,-0.030229817676159176,-0.032391068364197806,0.005431031691526922,comparable
downside,d0,2022-08-19 00:00:00,2022-08-19 01:00:00,2022-08-19 02:00:00,2022-08-20 02:00:00,1,-0.022498024133283057,lower_first,4.0,-0.07741790936587756,-0.08700805475564466,0.0033031746763929615,comparable
downside,d0,2022-08-19 00:00:00,2022-08-19 01:00:00,2022-08-19 07:00:00,2022-08-20 07:00:00,6,-0.022498024133283057,lower_first,16.0,-0.027136357205770234,-0.05156510270487347,0.010940887081684725,comparable
downside,d0,2022-08-26 15:00:00,2022-08-26 16:00:00,2022-08-26 17:00:00,2022-08-27 17:00:00,1,-0.03650773998402057,neither,,-0.034572085984310275,-0.044490085860769524,0.00655827259250108,comparable
downside,d0,2022-08-26 15:00:00,2022-08-26 16:00:00,2022-08-26 22:00:00,2022-08-27 22:00:00,6,-0.03650773998402057,neither,,-0.03728177781480635,-0.040914676766448554,0.002118222282071036,comparable
downside,d0,2022-08-28 23:00:00,2022-08-29 00:00:00,2022-08-29 01:00:00,2022-08-30 01:00:00,1,-0.0240888090797432,upper_first,13.0,0.031237304133646893,-0.0028861299791980155,0.039963405358457216,comparable
downside,d0,2022-08-28 23:00:00,2022-08-29 00:00:00,2022-08-29 06:00:00,2022-08-30 06:00:00,6,-0.0240888090797432,upper_first,8.0,0.03364175702787353,-0.00014326843391410105,0.0400098617282425,comparable
downside,d0,2022-09-06 17:00:00,2022-09-06 18:00:00,2022-09-06 19:00:00,2022-09-07 19:00:00,1,-0.036472131147541,neither,,0.006273218636412281,-0.022753538410738794,0.012207800565133153,comparable
downside,d0,2022-09-06 17:00:00,2022-09-06 18:00:00,2022-09-07 00:00:00,2022-09-08 00:00:00,6,-0.036472131147541,upper_first,20.0,0.02672908028782217,-0.014037210822121726,0.03593892107667762,comparable
downside,d0,2022-09-13 14:00:00,2022-09-13 15:00:00,2022-09-13 16:00:00,2022-09-14 16:00:00,1,-0.059049799092444344,neither,,-0.031338689422364174,-0.046858738272353984,0.004431350786707533,comparable
downside,d0,2022-09-13 14:00:00,2022-09-13 15:00:00,2022-09-13 21:00:00,2022-09-14 21:00:00,6,-0.059049799092444344,neither,,-0.014372019109325285,-0.03025313728551926,0.01520760736147797,comparable
downside,d0,2022-09-14 18:00:00,2022-09-14 19:00:00,2022-09-14 20:00:00,2022-09-15 20:00:00,1,-0.023397037037037105,neither,,-0.008614485245914683,-0.022675923345715998,0.02225993412334537,comparable
downside,d0,2022-09-14 18:00:00,2022-09-14 19:00:00,2022-09-15 01:00:00,2022-09-16 01:00:00,6,-0.023397037037037105,neither,,-0.018653956897693336,-0.032779835394008194,0.008707461533157934,comparable
downside,d0,2022-09-16 17:00:00,2022-09-16 18:00:00,2022-09-16 19:00:00,2022-09-17 19:00:00,1,-0.01997155634963399,upper_first,21.0,0.026249917542337187,-0.0003400579581489538,0.03209584623039352,comparable
downside,d0,2022-09-16 17:00:00,2022-09-16 18:00:00,2022-09-17 00:00:00,2022-09-18 00:00:00,6,-0.01997155634963399,neither,,0.015813428712552202,-0.002594410376429379,0.01933711981559849,comparable
downside,d0,2022-09-19 02:00:00,2022-09-19 03:00:00,2022-09-19 04:00:00,2022-09-20 04:00:00,1,-0.06336094616670418,upper_first,10.0,0.031427279443134504,-0.027701065614066267,0.04870975318893267,comparable
downside,d0,2022-09-19 02:00:00,2022-09-19 03:00:00,2022-09-19 09:00:00,2022-09-20 09:00:00,6,-0.06336094616670418,upper_first,4.0,0.04833278313258238,-0.0024036895304037076,0.06907010281514547,comparable
downside,d0,2022-10-07 12:00:00,2022-10-07 13:00:00,2022-10-07 14:00:00,2022-10-08 14:00:00,1,-0.02868424896454569,neither,,-0.006026628362848507,-0.014264975776167477,0.00532220400659833,comparable
downside,d0,2022-10-07 12:00:00,2022-10-07 13:00:00,2022-10-07 19:00:00,2022-10-08 19:00:00,6,-0.02868424896454569,neither,,0.0009113943820293624,-0.002703871833495408,0.00943606573547573,comparable
downside,d0,2022-10-08 21:00:00,2022-10-08 22:00:00,2022-10-08 23:00:00,2022-10-09 23:00:00,1,-0.012877128496912138,neither,,0.0018254469892260428,-0.0022783230881088246,0.010232830986846464,comparable
downside,d0,2022-10-08 21:00:00,2022-10-08 22:00:00,2022-10-09 04:00:00,2022-10-10 04:00:00,6,-0.012877128496912138,neither,,0.0044202734673095545,-0.002405050088859939,0.010104514864531122,comparable
downside,d0,2022-10-10 08:00:00,2022-10-10 09:00:00,2022-10-10 10:00:00,2022-10-11 10:00:00,1,-0.008280652410039502,neither,,-0.014210444922694632,-0.019879623696039794,0.00562314675885478,comparable
downside,d0,2022-10-10 08:00:00,2022-10-10 09:00:00,2022-10-10 15:00:00,2022-10-11 15:00:00,6,-0.008280652410039502,neither,,-0.011564488409282925,-0.020701400297188588,0.0054171209067106485,comparable
downside,d0,2022-10-13 10:00:00,2022-10-13 11:00:00,2022-10-13 12:00:00,2022-10-14 12:00:00,1,-0.024117410245043325,upper_first,6.0,0.04490377457891381,-0.03321339370839538,0.06400062280445429,comparable
downside,d0,2022-10-13 10:00:00,2022-10-13 11:00:00,2022-10-13 17:00:00,2022-10-14 17:00:00,6,-0.024117410245043325,upper_first,8.0,0.011409091123415926,-0.001103868990082968,0.045408465580191404,comparable
downside,d0,2022-10-20 00:00:00,2022-10-20 01:00:00,2022-10-20 02:00:00,2022-10-21 02:00:00,1,-0.01370100174895339,neither,,0.0009839542991558758,-0.005971457974545236,0.015932288822615215,comparable
downside,d0,2022-10-20 00:00:00,2022-10-20 01:00:00,2022-10-20 07:00:00,2022-10-21 07:00:00,6,-0.01370100174895339,neither,,-0.0049444552474265935,-0.010383931017034609,0.011422585481210223,comparable
downside,d0,2022-10-21 12:00:00,2022-10-21 13:00:00,2022-10-21 14:00:00,2022-10-22 14:00:00,1,-0.013229447528278482,neither,,0.0068122141583926155,-0.006979504098079126,0.009745294511579017,comparable
downside,d0,2022-10-21 12:00:00,2022-10-21 13:00:00,2022-10-21 19:00:00,2022-10-22 19:00:00,6,-0.013229447528278482,neither,,0.0016237455546830315,-0.0015918766747489155,0.006098449761845481,comparable
downside,d0,2022-11-07 22:00:00,2022-11-07 23:00:00,2022-11-08 00:00:00,2022-11-09 00:00:00,1,-0.03197649115769308,lower_first,4.0,-0.09941417953571396,-0.15021069918721297,0.003965359674535485,comparable
downside,d0,2022-11-07 22:00:00,2022-11-07 23:00:00,2022-11-08 05:00:00,2022-11-09 05:00:00,6,-0.03197649115769308,upper_first,11.0,-0.07110975542065412,-0.10884287575894758,0.052708124654039956,comparable
downside,d0,2022-11-09 15:00:00,2022-11-09 16:00:00,2022-11-09 17:00:00,2022-11-10 17:00:00,1,-0.12406214378113911,lower_first,3.0,0.04226115066032521,-0.09060583871854677,0.053497257219840666,comparable
downside,d0,2022-11-09 15:00:00,2022-11-09 16:00:00,2022-11-09 22:00:00,2022-11-10 22:00:00,6,-0.12406214378113911,upper_first,2.0,0.1342785112714795,-0.011710768670110006,0.1557619517565516,comparable
downside,d0,2022-11-14 01:00:00,2022-11-14 02:00:00,2022-11-14 03:00:00,2022-11-15 03:00:00,1,-0.04659704319835911,upper_first,3.0,0.03644840598987642,-0.022189567132218424,0.06323156587142642,comparable
downside,d0,2022-11-14 01:00:00,2022-11-14 02:00:00,2022-11-14 08:00:00,2022-11-15 08:00:00,6,-0.04659704319835911,neither,,0.001163908829521887,-0.03876125825923027,0.021673934154654795,comparable
downside,d0,2022-11-20 21:00:00,2022-11-20 22:00:00,2022-11-20 23:00:00,2022-11-21 23:00:00,1,-0.024123970772211956,neither,,-0.03344513679530614,-0.049588605882960435,0.00177233897104756,comparable
downside,d0,2022-11-20 21:00:00,2022-11-20 22:00:00,2022-11-21 04:00:00,2022-11-22 04:00:00,6,-0.024123970772211956,neither,,-0.013449118519811565,-0.036231703363838186,0.014886043438146812,comparable
downside,d0,2022-11-28 01:00:00,2022-11-28 02:00:00,2022-11-28 03:00:00,2022-11-29 03:00:00,1,-0.02066243366589171,neither,,0.009078070537551719,-0.0072325355465682195,0.017186505805706576,comparable
downside,d0,2022-11-28 01:00:00,2022-11-28 02:00:00,2022-11-28 08:00:00,2022-11-29 08:00:00,6,-0.02066243366589171,neither,,0.0147582157438646,-0.013818445518917866,0.019132710478622972,comparable
downside,d0,2022-12-07 07:00:00,2022-12-07 08:00:00,2022-12-07 09:00:00,2022-12-08 09:00:00,1,-0.01417483333411762,neither,,0.0023108136672034263,-0.0016231069458380043,0.006083971670055588,comparable
downside,d0,2022-12-07 07:00:00,2022-12-07 08:00:00,2022-12-07 14:00:00,2022-12-08 14:00:00,6,-0.01417483333411762,neither,,4.0341024033274664e-05,-0.007017558430710502,0.002422834443403632,comparable
downside,d0,2022-12-12 00:00:00,2022-12-12 01:00:00,2022-12-12 02:00:00,2022-12-13 02:00:00,1,-0.011156978755250568,neither,,0.01146312327635779,-0.004478593655522167,0.017277272258026555,comparable
downside,d0,2022-12-12 00:00:00,2022-12-12 01:00:00,2022-12-12 07:00:00,2022-12-13 07:00:00,6,-0.011156978755250568,neither,,0.01292195587290812,-0.0021511012882994285,0.017973265895953716,comparable
downside,d0,2022-12-16 09:00:00,2022-12-16 10:00:00,2022-12-16 11:00:00,2022-12-17 11:00:00,1,-0.03707455875929955,neither,,-0.015209116526145539,-0.027392649750780707,0.0053227200594054835,comparable
downside,d0,2022-12-16 09:00:00,2022-12-16 10:00:00,2022-12-16 16:00:00,2022-12-17 16:00:00,6,-0.03707455875929955,neither,,-0.01575049017759511,-0.026153213491195704,0.00034465612156409087,comparable
downside,d0,2022-12-19 22:00:00,2022-12-19 23:00:00,2022-12-20 00:00:00,2022-12-21 00:00:00,1,-0.020837421704583914,upper_first,14.0,0.02774881721267297,-0.0025401490756070677,0.03776646930227412,comparable
downside,d0,2022-12-19 22:00:00,2022-12-19 23:00:00,2022-12-20 05:00:00,2022-12-21 05:00:00,6,-0.020837421704583914,neither,,0.00025844686534926,-0.004657403073492938,0.015973683677710904,comparable
downside,d0,2022-12-27 17:00:00,2022-12-27 18:00:00,2022-12-27 19:00:00,2022-12-28 19:00:00,1,-0.009319231505014902,neither,,0.00011007929318251897,-0.004237752024436436,0.009201546162924457,comparable
downside,d0,2022-12-27 17:00:00,2022-12-27 18:00:00,2022-12-28 00:00:00,2022-12-29 00:00:00,6,-0.009319231505014902,neither,,-0.00950096147454449,-0.014271504122273515,0.004733413141808862,comparable
downside,d0,2022-12-28 21:00:00,2022-12-28 22:00:00,2022-12-28 23:00:00,2022-12-29 23:00:00,1,-0.010561682393582017,neither,,0.006047792458852008,-0.001956781237187233,0.008660467871178357,comparable
downside,d0,2022-12-28 21:00:00,2022-12-28 22:00:00,2022-12-29 04:00:00,2022-12-30 04:00:00,6,-0.010561682393582017,neither,,0.0026068670461552035,-0.0022539671029573327,0.006418065576544452,comparable
downside,d0,2022-12-30 14:00:00,2022-12-30 15:00:00,2022-12-30 16:00:00,2022-12-31 16:00:00,1,-0.012915005941010915,neither,,0.0018453740870563173,-0.002551740265108071,0.006072694687268232,comparable
downside,d0,2022-12-30 14:00:00,2022-12-30 15:00:00,2022-12-30 21:00:00,2022-12-31 21:00:00,6,-0.012915005941010915,neither,,-0.0002946646378282347,-0.002668888727869967,0.005361326473926953,comparable
downside,d0,2023-01-30 19:00:00,2023-01-30 20:00:00,2023-01-30 21:00:00,2023-01-31 21:00:00,1,-0.04657732111467572,neither,,0.01745326638567679,-0.008737647218980515,0.023379253011124534,comparable
downside,d0,2023-01-30 19:00:00,2023-01-30 20:00:00,2023-01-31 02:00:00,2023-02-01 02:00:00,6,-0.04657732111467572,neither,,0.012836707894923638,-0.00384177039432132,0.021138716337970598,comparable
downside,d0,2023-02-05 12:00:00,2023-02-05 13:00:00,2023-02-05 14:00:00,2023-02-06 14:00:00,1,-0.01041159094490518,neither,,-0.014713472217187662,-0.023121848746748497,0.001884494755175492,comparable
downside,d0,2023-02-05 12:00:00,2023-02-05 13:00:00,2023-02-05 19:00:00,2023-02-06 19:00:00,6,-0.01041159094490518,neither,,0.007383237324844361,-0.009317119474005153,0.013682030213024499,comparable
downside,d0,2023-02-09 03:00:00,2023-02-09 04:00:00,2023-02-09 05:00:00,2023-02-10 05:00:00,1,-0.03192754508009943,neither,,-0.03446392041716129,-0.0385335376781869,0.01164171949193804,comparable
downside,d0,2023-02-09 03:00:00,2023-02-09 04:00:00,2023-02-09 10:00:00,2023-02-10 10:00:00,6,-0.03192754508009943,neither,,-0.04017787448608445,-0.04852893384808821,0.0040814208498554105,comparable
downside,d0,2023-02-22 15:00:00,2023-02-22 16:00:00,2023-02-22 17:00:00,2023-02-23 17:00:00,1,-0.03443598063683484,upper_first,9.0,0.005327825164424427,-0.0020262233058827572,0.04064756235607048,comparable
downside,d0,2023-02-22 15:00:00,2023-02-22 16:00:00,2023-02-22 22:00:00,2023-02-23 22:00:00,6,-0.03443598063683484,upper_first,4.0,0.0031705781106177167,-0.008008997098292947,0.033513098852550716,comparable
downside,d0,2023-02-24 15:00:00,2023-02-24 16:00:00,2023-02-24 17:00:00,2023-02-25 17:00:00,1,-0.02547437306453404,neither,,-0.007925922413384301,-0.02919736348626778,0.0058890474322443875,comparable
downside,d0,2023-02-24 15:00:00,2023-02-24 16:00:00,2023-02-24 22:00:00,2023-02-25 22:00:00,6,-0.02547437306453404,neither,,-0.006819666793245416,-0.016388850039640634,0.00543798065119816,comparable
downside,d0,2023-03-03 01:00:00,2023-03-03 02:00:00,2023-03-03 03:00:00,2023-03-04 03:00:00,1,-0.057611826567936286,neither,,-0.0004835490442191004,-0.009571229323917074,0.006325501419335078,comparable
downside,d0,2023-03-03 01:00:00,2023-03-03 02:00:00,2023-03-03 08:00:00,2023-03-04 08:00:00,6,-0.057611826567936286,neither,,-0.0002043320176199348,-0.010014951559451313,0.005874657285576568,comparable
downside,d0,2023-03-08 22:00:00,2023-03-08 23:00:00,2023-03-09 00:00:00,2023-03-10 00:00:00,1,-0.013701877296067533,lower_first,20.0,-0.061404434498449456,-0.0760117440981114,0.005812139592735521,comparable
downside,d0,2023-03-08 22:00:00,2023-03-08 23:00:00,2023-03-09 05:00:00,2023-03-10 05:00:00,6,-0.013701877296067533,lower_first,15.0,-0.08556609024873851,-0.09002746380711857,0.0040404458613376715,comparable
downside,d0,2023-03-10 10:00:00,2023-03-10 11:00:00,2023-03-10 12:00:00,2023-03-11 12:00:00,1,-0.09332667965058927,upper_first,12.0,0.02221721769847007,-0.0048790732746623044,0.06096184697290963,comparable
downside,d0,2023-03-10 10:00:00,2023-03-10 11:00:00,2023-03-10 17:00:00,2023-03-11 17:00:00,6,-0.09332667965058927,upper_first,8.0,0.014901949419810823,-0.00960120234873707,0.047483381765709876,comparable
downside,d0,2023-03-22 19:00:00,2023-03-22 20:00:00,2023-03-22 21:00:00,2023-03-23 21:00:00,1,-0.052781914192728374,upper_first,18.0,0.03413612336168237,-0.012749636436291012,0.052452800580972125,comparable
downside,d0,2023-03-22 19:00:00,2023-03-22 20:00:00,2023-03-23 02:00:00,2023-03-24 02:00:00,6,-0.052781914192728374,upper_first,12.0,0.039777557199524693,-0.0002545793049434364,0.05944959439969599,comparable
downside,d0,2023-03-27 14:00:00,2023-03-27 15:00:00,2023-03-27 16:00:00,2023-03-28 16:00:00,1,-0.030070142459460936,neither,,0.0031385524179110558,-0.010520279134309307,0.01522253636635118,comparable
downside,d0,2023-03-27 14:00:00,2023-03-27 15:00:00,2023-03-27 21:00:00,2023-03-28 21:00:00,6,-0.030070142459460936,neither,,0.009586363957282407,-0.015266693059293512,0.017261665152972006,comparable
downside,d0,2023-04-17 00:00:00,2023-04-17 01:00:00,2023-04-17 02:00:00,2023-04-18 02:00:00,1,-0.014349571872265265,neither,,-0.019320661577896914,-0.02874788964446584,0.005189330469579367,comparable
downside,d0,2023-04-17 00:00:00,2023-04-17 01:00:00,2023-04-17 07:00:00,2023-04-18 07:00:00,6,-0.014349571872265265,neither,,-0.00668404889118146,-0.02763259180460631,0.001061442733544249,comparable
downside,d0,2023-04-19 23:00:00,2023-04-20 00:00:00,2023-04-20 01:00:00,2023-04-21 01:00:00,1,-0.05210604933965923,neither,,-0.022279838056568302,-0.03248304851286277,0.005931335459534948,comparable
downside,d0,2023-04-19 23:00:00,2023-04-20 00:00:00,2023-04-20 06:00:00,2023-04-21 06:00:00,6,-0.05210604933965923,neither,,-0.026106663954789222,-0.031772550956663204,0.006670042677480836,comparable
downside,d0,2023-04-21 06:00:00,2023-04-21 07:00:00,2023-04-21 08:00:00,2023-04-22 08:00:00,1,-0.03543748855623774,neither,,-0.03121336329441171,-0.03635142540646874,0.005285097275836259,comparable
downside,d0,2023-04-21 06:00:00,2023-04-21 07:00:00,2023-04-21 13:00:00,2023-04-22 13:00:00,6,-0.03543748855623774,neither,,-0.031176758911379387,-0.038378729148717206,0.003170199486884906,comparable
downside,d0,2023-04-24 16:00:00,2023-04-24 17:00:00,2023-04-24 18:00:00,2023-04-25 18:00:00,1,-0.01732339172553965,neither,,0.008776027068333692,-0.006867147142979757,0.01008963737854951,comparable
downside,d0,2023-04-24 16:00:00,2023-04-24 17:00:00,2023-04-24 23:00:00,2023-04-25 23:00:00,6,-0.01732339172553965,upper_first,22.0,0.02832687069169859,-0.009775344764240801,0.03411976199223887,comparable
downside,d0,2023-05-01 01:00:00,2023-05-01 02:00:00,2023-05-01 03:00:00,2023-05-02 03:00:00,1,-0.02047237441832439,neither,,-0.019503292261304428,-0.0316502330713081,0.005480509834079772,comparable
downside,d0,2023-05-01 01:00:00,2023-05-01 02:00:00,2023-05-01 08:00:00,2023-05-02 08:00:00,6,-0.02047237441832439,neither,,-0.020246112506180025,-0.03408627484937443,0.0016850229185463306,comparable
downside,d0,2023-05-08 01:00:00,2023-05-08 02:00:00,2023-05-08 03:00:00,2023-05-09 03:00:00,1,-0.023450506407260097,neither,,-0.02329048135215006,-0.0368133943924045,0.0,comparable
downside,d0,2023-05-08 01:00:00,2023-05-08 02:00:00,2023-05-08 08:00:00,2023-05-09 08:00:00,6,-0.023450506407260097,neither,,-0.011697513983752295,-0.02611181004088392,0.0034393532844858576,comparable
downside,d0,2023-05-12 02:00:00,2023-05-12 03:00:00,2023-05-12 04:00:00,2023-05-13 04:00:00,1,-0.03116209690166838,neither,,0.008385428963716857,-0.029645258457989376,0.015005722122884979,comparable
downside,d0,2023-05-12 02:00:00,2023-05-12 03:00:00,2023-05-12 09:00:00,2023-05-13 09:00:00,6,-0.03116209690166838,neither,,0.01951510546963675,-0.018559903019572888,0.026601171415870928,comparable
downside,d0,2023-05-17 11:00:00,2023-05-17 12:00:00,2023-05-17 13:00:00,2023-05-18 13:00:00,1,-0.016058877873256994,upper_first,8.0,0.02111951379795496,-0.0049281489676042955,0.031536629537479044,comparable
downside,d0,2023-05-17 11:00:00,2023-05-17 12:00:00,2023-05-17 18:00:00,2023-05-18 18:00:00,6,-0.016058877873256994,neither,,-0.022080005316213236,-0.026781531327816577,0.01586114346576495,comparable
downside,d0,2023-05-18 17:00:00,2023-05-18 18:00:00,2023-05-18 19:00:00,2023-05-19 19:00:00,1,-0.022121173972770025,neither,,0.01031502156241082,-0.0016900572493276922,0.021410271821610483,comparable
downside,d0,2023-05-18 17:00:00,2023-05-18 18:00:00,2023-05-19 00:00:00,2023-05-20 00:00:00,6,-0.022121173972770025,neither,,0.0026335178249969893,-0.006969146491153544,0.01382233318568038,comparable
downside,d0,2023-05-24 13:00:00,2023-05-24 14:00:00,2023-05-24 15:00:00,2023-05-25 15:00:00,1,-0.02925822329892458,neither,,0.004173696795937154,-0.01469555746623541,0.009134437912831528,comparable
downside,d0,2023-05-24 13:00:00,2023-05-24 14:00:00,2023-05-24 20:00:00,2023-05-25 20:00:00,6,-0.02925822329892458,neither,,0.008394915732723662,-0.014617477959298242,0.014397270957096753,comparable
downside,d0,2023-05-31 05:00:00,2023-05-31 06:00:00,2023-05-31 07:00:00,2023-06-01 07:00:00,1,-0.02403770128224847,neither,,-0.013980890219596143,-0.020553833290644752,0.0068739714251226935,comparable
downside,d0,2023-05-31 05:00:00,2023-05-31 06:00:00,2023-05-31 12:00:00,2023-06-01 12:00:00,6,-0.02403770128224847,neither,,-0.007915327831659158,-0.018146671142771797,0.009348542253079462,comparable
downside,d0,2023-06-05 03:00:00,2023-06-05 04:00:00,2023-06-05 05:00:00,2023-06-06 05:00:00,1,-0.007988500460491488,lower_first,11.0,-0.038807028705676205,-0.05417883022032033,0.0003855335877978039,comparable
downside,d0,2023-06-05 03:00:00,2023-06-05 04:00:00,2023-06-05 10:00:00,2023-06-06 10:00:00,6,-0.007988500460491488,lower_first,9.0,-0.03829873814679308,-0.05206339132382587,0.0014249981333531725,comparable
downside,d0,2023-06-10 04:00:00,2023-06-10 05:00:00,2023-06-10 06:00:00,2023-06-11 06:00:00,1,-0.02680326606535155,neither,,0.011892815428110604,-0.005680255881779228,0.024957168943547492,comparable
downside,d0,2023-06-10 04:00:00,2023-06-10 05:00:00,2023-06-10 11:00:00,2023-06-11 11:00:00,6,-0.02680326606535155,neither,,0.0029604013265023266,-0.012725603232328853,0.017694737198267196,comparable
downside,d0,2023-06-14 20:00:00,2023-06-14 21:00:00,2023-06-14 22:00:00,2023-06-15 22:00:00,1,-0.03558227617931198,neither,,0.01721154431782579,-0.014765774993202863,0.025041270366980894,comparable
downside,d0,2023-06-14 20:00:00,2023-06-14 21:00:00,2023-06-15 03:00:00,2023-06-16 03:00:00,6,-0.03558227617931198,neither,,0.018158251058390418,-0.01290009950764659,0.02698232592642813,comparable
downside,d0,2023-07-14 18:00:00,2023-07-14 19:00:00,2023-07-14 20:00:00,2023-07-15 20:00:00,1,-0.03726786922526926,neither,,0.006888030180683957,-0.004520995813880435,0.009151515091171625,comparable
downside,d0,2023-07-14 18:00:00,2023-07-14 19:00:00,2023-07-15 01:00:00,2023-07-16 01:00:00,6,-0.03726786922526926,neither,,-0.0012735050648597923,-0.002944383249569804,0.0018768136738529506,comparable
downside,d0,2023-07-17 18:00:00,2023-07-17 19:00:00,2023-07-17 20:00:00,2023-07-18 20:00:00,1,-0.015946472511010668,neither,,-0.005619533869100524,-0.012165173343682834,0.01368113595149989,comparable
downside,d0,2023-07-17 18:00:00,2023-07-17 19:00:00,2023-07-18 01:00:00,2023-07-19 01:00:00,6,-0.015946472511010668,neither,,-0.003511955232597841,-0.021326302572428513,0.0026822785976574615,comparable
downside,d0,2023-07-24 09:00:00,2023-07-24 10:00:00,2023-07-24 11:00:00,2023-07-25 11:00:00,1,-0.024604895566705087,neither,,-0.0054788521559167025,-0.016030349239307795,0.00036937231603961784,comparable
downside,d0,2023-07-24 09:00:00,2023-07-24 10:00:00,2023-07-24 16:00:00,2023-07-25 16:00:00,6,-0.024604895566705087,neither,,0.0037814205470023676,-0.003183973986138011,0.009077610612742149,comparable
downside,d0,2023-08-01 02:00:00,2023-08-01 03:00:00,2023-08-01 04:00:00,2023-08-02 04:00:00,1,-0.01817481317539882,upper_first,19.0,0.027416401690941727,-0.012125631449351859,0.04185240406930557,comparable
downside,d0,2023-08-01 02:00:00,2023-08-01 03:00:00,2023-08-01 09:00:00,2023-08-02 09:00:00,6,-0.01817481317539882,upper_first,16.0,0.017064871144041982,-0.014913735492772195,0.03616771474871738,comparable
downside,d0,2023-08-16 23:00:00,2023-08-17 00:00:00,2023-08-17 01:00:00,2023-08-18 01:00:00,1,-0.016099682757779066,lower_first,20.0,-0.06367519750953743,-0.11613658875565147,0.00443599626206459,comparable
downside,d0,2023-08-16 23:00:00,2023-08-17 00:00:00,2023-08-17 06:00:00,2023-08-18 06:00:00,6,-0.016099682757779066,lower_first,15.0,-0.0770691042507029,-0.11907798162735617,0.0005236360589753186,comparable
downside,d0,2023-08-22 21:00:00,2023-08-22 22:00:00,2023-08-22 23:00:00,2023-08-23 23:00:00,1,-0.020135465864358437,upper_first,18.0,0.02514790089835528,-0.0009697911228064848,0.03949360003752034,comparable
downside,d0,2023-08-22 21:00:00,2023-08-22 22:00:00,2023-08-23 04:00:00,2023-08-24 04:00:00,6,-0.020135465864358437,upper_first,15.0,0.01699842153392428,-0.007583408063295605,0.03172666799776391,comparable
downside,d0,2023-09-01 17:00:00,2023-09-01 18:00:00,2023-09-01 19:00:00,2023-09-02 19:00:00,1,-0.03346274916916714,neither,,0.007080126711791479,-0.0031201881165942025,0.013884759075119435,comparable
downside,d0,2023-09-01 17:00:00,2023-09-01 18:00:00,2023-09-02 00:00:00,2023-09-03 00:00:00,6,-0.03346274916916714,neither,,0.002799313526604008,-0.00342345073444672,0.007244255902457697,comparable
downside,d0,2023-09-04 21:00:00,2023-09-04 22:00:00,2023-09-04 23:00:00,2023-09-05 23:00:00,1,-0.011262958873234252,neither,,-0.00035936923325885495,-0.008383082945601306,0.0045278194864279975,comparable
downside,d0,2023-09-04 21:00:00,2023-09-04 22:00:00,2023-09-05 04:00:00,2023-09-06 04:00:00,6,-0.011262958873234252,neither,,0.003446330125715047,-0.002900758543102011,0.007965500872486153,comparable
downside,d0,2023-09-11 14:00:00,2023-09-11 15:00:00,2023-09-11 16:00:00,2023-09-12 16:00:00,1,-0.024412514450182887,upper_first,11.0,0.044194678074794824,-0.008069691669020385,0.05149154050760529,comparable
downside,d0,2023-09-11 14:00:00,2023-09-11 15:00:00,2023-09-11 21:00:00,2023-09-12 21:00:00,6,-0.024412514450182887,upper_first,6.0,0.039286773475518455,-0.0008111913311351637,0.05861106504837643,comparable
downside,d0,2023-09-21 13:00:00,2023-09-21 14:00:00,2023-09-21 15:00:00,2023-09-22 15:00:00,1,-0.02792293172194049,neither,,0.003970087740820638,-0.00398062446657832,0.006364934980875869,comparable
downside,d0,2023-09-21 13:00:00,2023-09-21 14:00:00,2023-09-21 20:00:00,2023-09-22 20:00:00,6,-0.02792293172194049,neither,,-0.0026824897353517896,-0.005184568223265074,0.0051484859737771504,comparable
downside,d0,2023-09-24 23:00:00,2023-09-25 00:00:00,2023-09-25 01:00:00,2023-09-26 01:00:00,1,-0.01239145811073139,neither,,0.00018817226828327094,-0.010237485591870432,0.007329195574980574,comparable
downside,d0,2023-09-24 23:00:00,2023-09-25 00:00:00,2023-09-25 06:00:00,2023-09-26 06:00:00,6,-0.01239145811073139,neither,,0.008018403949219044,-0.004736580836727011,0.012927732477791887,comparable
downside,d0,2023-10-11 02:00:00,2023-10-11 03:00:00,2023-10-11 04:00:00,2023-10-12 04:00:00,1,-0.020352161153058046,neither,,-0.0064826965826282335,-0.01821796179310675,0.012048812721070501,comparable
downside,d0,2023-10-11 02:00:00,2023-10-11 03:00:00,2023-10-11 09:00:00,2023-10-12 09:00:00,6,-0.020352161153058046,neither,,-0.011521649390218047,-0.021614528670026445,0.008547535104103332,comparable
downside,d0,2023-11-13 21:00:00,2023-11-13 22:00:00,2023-11-13 23:00:00,2023-11-14 23:00:00,1,-0.018481224739268276,neither,,-0.023978726016614882,-0.04738904224320706,0.0073558914002942455,comparable
downside,d0,2023-11-13 21:00:00,2023-11-13 22:00:00,2023-11-14 04:00:00,2023-11-15 04:00:00,6,-0.018481224739268276,neither,,-0.02925946760923337,-0.04664569899978899,0.00814195331727352,comparable
downside,d0,2023-11-21 23:00:00,2023-11-22 00:00:00,2023-11-22 01:00:00,2023-11-23 01:00:00,1,-0.045996546022963214,upper_first,17.0,0.033526257740029264,-0.0025711254717537546,0.04880320132120142,comparable
downside,d0,2023-11-21 23:00:00,2023-11-22 00:00:00,2023-11-22 06:00:00,2023-11-23 06:00:00,6,-0.045996546022963214,upper_first,14.0,0.026592000844609665,-0.0035972884517252446,0.04132757649874197,comparable
downside,d0,2023-12-11 02:00:00,2023-12-11 03:00:00,2023-12-11 04:00:00,2023-12-12 04:00:00,1,-0.04100771317273133,lower_first,15.0,-0.013991833153953914,-0.051108725687467604,0.004091222129420702,comparable
downside,d0,2023-12-11 02:00:00,2023-12-11 03:00:00,2023-12-11 09:00:00,2023-12-12 09:00:00,6,-0.04100771317273133,neither,,-0.004718002103836327,-0.049200499578238244,0.006110455668588477,comparable
downside,d0,2023-12-17 14:00:00,2023-12-17 15:00:00,2023-12-17 16:00:00,2023-12-18 16:00:00,1,-0.017949830616736384,neither,,-0.012258978432032719,-0.03004703221953664,0.014485597969104536,comparable
downside,d0,2023-12-17 14:00:00,2023-12-17 15:00:00,2023-12-17 21:00:00,2023-12-18 21:00:00,6,-0.017949830616736384,neither,,-0.002475185151551651,-0.037026269007838675,0.0,comparable
downside,d0,2023-12-24 22:00:00,2023-12-24 23:00:00,2023-12-25 00:00:00,2023-12-26 00:00:00,1,-0.017427479173772853,neither,,0.01312375915223285,-0.006267748393841477,0.01843741153403311,comparable
downside,d0,2023-12-24 22:00:00,2023-12-24 23:00:00,2023-12-25 05:00:00,2023-12-26 05:00:00,6,-0.017427479173772853,neither,,0.008026268293294114,-0.0011388216385853633,0.016525093049777784,comparable
downside,d0,2023-12-26 09:00:00,2023-12-26 10:00:00,2023-12-26 11:00:00,2023-12-27 11:00:00,1,-0.01747989358130686,neither,,0.013582246995911484,-0.02437956464577351,0.013822161330312,comparable
downside,d0,2023-12-26 09:00:00,2023-12-26 10:00:00,2023-12-26 16:00:00,2023-12-27 16:00:00,6,-0.01747989358130686,neither,,0.015058585031682004,-0.018000052403960964,0.020950017715843483,comparable
downside,d0,2024-01-12 16:00:00,2024-01-12 17:00:00,2024-01-12 18:00:00,2024-01-13 18:00:00,1,-0.052209370392405585,lower_first,4.0,-0.017980327148169106,-0.05104660853955634,0.008233656329565964,comparable
downside,d0,2024-01-12 16:00:00,2024-01-12 17:00:00,2024-01-12 23:00:00,2024-01-13 23:00:00,6,-0.052209370392405585,neither,,0.011678646908584334,-0.0013705939687745916,0.01800084405804081,comparable
downside,d0,2024-01-18 16:00:00,2024-01-18 17:00:00,2024-01-18 18:00:00,2024-01-19 18:00:00,1,-0.010135767436233012,neither,,-0.013788470450454837,-0.036354448448009724,0.00243087862491298,comparable
downside,d0,2024-01-18 16:00:00,2024-01-18 17:00:00,2024-01-18 23:00:00,2024-01-19 23:00:00,6,-0.010135767436233012,neither,,0.00794204987809688,-0.026117055741509354,0.020427911731980553,comparable
downside,d0,2024-01-22 18:00:00,2024-01-22 19:00:00,2024-01-22 20:00:00,2024-01-23 20:00:00,1,-0.03368720834592387,neither,,-0.016868923497652455,-0.03225887533807226,0.01365233609153349,comparable
downside,d0,2024-01-22 18:00:00,2024-01-22 19:00:00,2024-01-23 01:00:00,2024-01-24 01:00:00,6,-0.03368720834592387,neither,,0.008730873358520075,-0.033253702291053844,0.010922945039515186,comparable
downside,d0,2024-02-17 13:00:00,2024-02-17 14:00:00,2024-02-17 15:00:00,2024-02-18 15:00:00,1,-0.02456221558061089,neither,,0.020355254028277425,-0.004085442952733831,0.02399045084973639,comparable
downside,d0,2024-02-17 13:00:00,2024-02-17 14:00:00,2024-02-17 20:00:00,2024-02-18 20:00:00,6,-0.02456221558061089,neither,,0.006928812543945728,-0.004638334579779246,0.013000640890361126,comparable
downside,d0,2024-03-16 23:00:00,2024-03-17 00:00:00,2024-03-17 01:00:00,2024-03-18 01:00:00,1,-0.06118329581186788,upper_first,9.0,0.03186987802791452,-0.01015168057845628,0.05695053674009132,comparable
downside,d0,2024-03-16 23:00:00,2024-03-17 00:00:00,2024-03-17 06:00:00,2024-03-18 06:00:00,6,-0.06118329581186788,upper_first,10.0,0.03699555464255133,-0.02566163020607537,0.04123337144790584,comparable
downside,d0,2024-03-19 08:00:00,2024-03-19 09:00:00,2024-03-19 10:00:00,2024-03-20 10:00:00,1,-0.06701985321345938,lower_first,19.0,-0.014697361798837072,-0.05220302905675456,0.025758008905724328,comparable
downside,d0,2024-03-19 08:00:00,2024-03-19 09:00:00,2024-03-19 15:00:00,2024-03-20 15:00:00,6,-0.06701985321345938,upper_first,1.0,0.022763825095722945,-0.03248386043956919,0.04709917769835137,comparable
downside,d0,2024-04-01 14:00:00,2024-04-01 15:00:00,2024-04-01 16:00:00,2024-04-02 16:00:00,1,-0.023541152547139066,lower_first,21.0,-0.04882781585072027,-0.054373486771525315,0.02507518510484874,comparable
downside,d0,2024-04-01 14:00:00,2024-04-01 15:00:00,2024-04-01 21:00:00,2024-04-02 21:00:00,6,-0.023541152547139066,lower_first,5.0,-0.058909897299610714,-0.07522336983520417,0.002473558096796502,comparable
downside,d0,2024-04-10 12:00:00,2024-04-10 13:00:00,2024-04-10 14:00:00,2024-04-11 14:00:00,1,-0.0388475688119343,upper_first,8.0,0.02998915865536822,-0.003840644546962091,0.04522904612584622,comparable
downside,d0,2024-04-10 12:00:00,2024-04-10 13:00:00,2024-04-10 19:00:00,2024-04-11 19:00:00,6,-0.0388475688119343,neither,,0.011226034636328874,-0.0015442397865071955,0.02871212652378974,comparable
downside,d0,2024-04-12 18:00:00,2024-04-12 19:00:00,2024-04-12 20:00:00,2024-04-13 20:00:00,1,-0.05149828536878931,upper_first,9.0,-0.029910683769568847,-0.04455700193745615,0.0335691596125447,comparable
downside,d0,2024-04-12 18:00:00,2024-04-12 19:00:00,2024-04-13 01:00:00,2024-04-14 01:00:00,6,-0.05149828536878931,upper_first,4.0,-0.0478790101126122,-0.09154509152582369,0.03209733081109256,comparable
downside,d0,2024-04-13 19:00:00,2024-04-13 20:00:00,2024-04-13 21:00:00,2024-04-14 21:00:00,1,-0.02975422297448893,upper_first,1.0,0.030624131554899847,-0.0038663002395137314,0.059892798918985024,comparable
downside,d0,2024-04-13 19:00:00,2024-04-13 20:00:00,2024-04-14 02:00:00,2024-04-15 02:00:00,6,-0.02975422297448893,upper_first,21.0,0.024144272046546567,-0.0260994381463453,0.036843057844052174,comparable
downside,d0,2024-04-17 14:00:00,2024-04-17 15:00:00,2024-04-17 16:00:00,2024-04-18 16:00:00,1,-0.013107738062270724,upper_first,11.0,0.05454108868772334,-0.01016677621791473,0.06553178100791235,comparable
downside,d0,2024-04-17 14:00:00,2024-04-17 15:00:00,2024-04-17 21:00:00,2024-04-18 21:00:00,6,-0.013107738062270724,upper_first,14.0,0.04406971565857987,-0.0006052299890392243,0.05516746120562854,comparable
downside,d0,2024-04-24 18:00:00,2024-04-24 19:00:00,2024-04-24 20:00:00,2024-04-25 20:00:00,1,-0.04082751923103123,neither,,0.012880661572789442,-0.017964313645150054,0.016545580006952054,comparable
downside,d0,2024-04-24 18:00:00,2024-04-24 19:00:00,2024-04-25 01:00:00,2024-04-26 01:00:00,6,-0.04082751923103123,neither,,-0.0034658524044322014,-0.027621441205723074,0.011748255606188751,comparable
downside,d0,2024-04-27 01:00:00,2024-04-27 02:00:00,2024-04-27 03:00:00,2024-04-28 03:00:00,1,-0.028092562420842238,neither,,0.015799983437706056,-0.004467845704905993,0.017228123665340656,comparable
downside,d0,2024-04-27 01:00:00,2024-04-27 02:00:00,2024-04-27 08:00:00,2024-04-28 08:00:00,6,-0.028092562420842238,neither,,0.015079234305401146,-0.004788014408057428,0.022231145117688644,comparable
downside,d0,2024-04-29 03:00:00,2024-04-29 04:00:00,2024-04-29 05:00:00,2024-04-30 05:00:00,1,-0.02688952738804007,upper_first,19.0,0.013970960310804248,-0.0125678828483895,0.03520040353870435,comparable
downside,d0,2024-04-29 03:00:00,2024-04-29 04:00:00,2024-04-29 10:00:00,2024-04-30 10:00:00,6,-0.02688952738804007,upper_first,14.0,-0.013748523076632657,-0.015414865314665627,0.03531084448426802,comparable
downside,d0,2024-04-30 09:00:00,2024-04-30 10:00:00,2024-04-30 11:00:00,2024-05-01 11:00:00,1,-0.01377075590165533,lower_first,20.0,-0.06559140707607425,-0.08525977893724024,4.695126798459626e-06,comparable
downside,d0,2024-04-30 09:00:00,2024-04-30 10:00:00,2024-04-30 16:00:00,2024-05-01 16:00:00,6,-0.01377075590165533,lower_first,15.0,-0.06466603076369914,-0.06985197640815355,0.0040738837153635465,comparable
downside,d0,2024-05-07 23:00:00,2024-05-08 00:00:00,2024-05-08 01:00:00,2024-05-09 01:00:00,1,-0.013401677964555936,neither,,-0.01933087307525705,-0.027735663021017265,0.0068084502626986065,comparable
downside,d0,2024-05-07 23:00:00,2024-05-08 00:00:00,2024-05-08 06:00:00,2024-05-09 06:00:00,6,-0.013401677964555936,neither,,-0.016959412439564447,-0.02809500133125553,0.003307455174543117,comparable
downside,d0,2024-05-09 10:00:00,2024-05-09 11:00:00,2024-05-09 12:00:00,2024-05-10 12:00:00,1,-0.02671445979724474,upper_first,10.0,0.03704388839906825,-0.0029032601092651156,0.039205235207653066,comparable
downside,d0,2024-05-09 10:00:00,2024-05-09 11:00:00,2024-05-09 17:00:00,2024-05-10 17:00:00,6,-0.02671445979724474,neither,,-0.01296207610518807,-0.026165220633387554,0.026198042155769263,comparable
downside,d0,2024-05-23 18:00:00,2024-05-23 19:00:00,2024-05-23 20:00:00,2024-05-24 20:00:00,1,-0.032333859629304795,upper_first,22.0,0.030108257774997815,-0.012751432954961728,0.032242362006239755,comparable
downside,d0,2024-05-23 18:00:00,2024-05-23 19:00:00,2024-05-24 01:00:00,2024-05-25 01:00:00,6,-0.032333859629304795,neither,,0.010432092530484383,-0.01813303763843177,0.021544538921652423,comparable
downside,d0,2024-05-28 03:00:00,2024-05-28 04:00:00,2024-05-28 05:00:00,2024-05-29 05:00:00,1,-0.011965251740964966,neither,,0.014946908444226192,-0.008155771049750848,0.016487638146093886,comparable
downside,d0,2024-05-28 03:00:00,2024-05-28 04:00:00,2024-05-28 10:00:00,2024-05-29 10:00:00,6,-0.011965251740964966,neither,,-0.006210112770901444,-0.015602780149848616,0.008855600301378663,comparable
downside,d0,2024-06-07 17:00:00,2024-06-07 18:00:00,2024-06-07 19:00:00,2024-06-08 19:00:00,1,-0.020216778442113115,neither,,0.005417656499501211,-0.005638265394527275,0.006731900697624971,comparable
downside,d0,2024-06-07 17:00:00,2024-06-07 18:00:00,2024-06-08 00:00:00,2024-06-09 00:00:00,6,-0.020216778442113115,neither,,-0.0003304642611773323,-0.002891958957810137,0.003171504893279886,comparable
downside,d0,2024-06-11 01:00:00,2024-06-11 02:00:00,2024-06-11 03:00:00,2024-06-12 03:00:00,1,-0.013016927393114885,neither,,-0.0121350560877177,-0.032380571305454686,0.0034226442389080347,comparable
downside,d0,2024-06-11 01:00:00,2024-06-11 02:00:00,2024-06-11 08:00:00,2024-06-12 08:00:00,6,-0.013016927393114885,neither,,-0.0013005474531736505,-0.02231337803058142,0.001654932565385403,comparable
downside,d0,2024-06-14 16:00:00,2024-06-14 17:00:00,2024-06-14 18:00:00,2024-06-15 18:00:00,1,-0.025744465791133875,neither,,0.012826514657781063,-0.004996588367403687,0.01848707098337643,comparable
downside,d0,2024-06-14 16:00:00,2024-06-14 17:00:00,2024-06-14 23:00:00,2024-06-15 23:00:00,6,-0.025744465791133875,neither,,0.0029962248203887487,-0.002609551601548632,0.006905095446593235,comparable
downside,d0,2024-06-21 08:00:00,2024-06-21 09:00:00,2024-06-21 10:00:00,2024-06-22 10:00:00,1,-0.03143740115940474,neither,,0.003898219422272753,-0.011651721176214047,0.007443261757463571,comparable
downside,d0,2024-06-21 08:00:00,2024-06-21 09:00:00,2024-06-21 15:00:00,2024-06-22 15:00:00,6,-0.03143740115940474,neither,,0.001250174133066606,-0.01249878067897403,0.005435912331052117,comparable
downside,d0,2024-06-23 23:00:00,2024-06-24 00:00:00,2024-06-24 01:00:00,2024-06-25 01:00:00,1,-0.01655763733826776,lower_first,16.0,-0.04204867190295125,-0.0732033226423432,0.0050098249750309964,comparable
downside,d0,2024-06-23 23:00:00,2024-06-24 00:00:00,2024-06-24 06:00:00,2024-06-25 06:00:00,6,-0.01655763733826776,lower_first,13.0,-0.02059832558510022,-0.061921040447816766,0.010692288804371675,comparable
downside,d0,2024-06-28 19:00:00,2024-06-28 20:00:00,2024-06-28 21:00:00,2024-06-29 21:00:00,1,-0.022978508565219102,neither,,0.013727828052341629,-0.0017698302493265317,0.01669861454228272,comparable
downside,d0,2024-06-28 19:00:00,2024-06-28 20:00:00,2024-06-29 02:00:00,2024-06-30 02:00:00,6,-0.022978508565219102,neither,,0.0013099223243371316,-0.0031112711725120867,0.005600814580182467,comparable
downside,d0,2024-07-03 08:00:00,2024-07-03 09:00:00,2024-07-03 10:00:00,2024-07-04 10:00:00,1,-0.03462101926758476,lower_first,22.0,-0.04654819753140271,-0.059326445162499186,0.00231759418355737,comparable
downside,d0,2024-07-03 08:00:00,2024-07-03 09:00:00,2024-07-03 15:00:00,2024-07-04 15:00:00,6,-0.03462101926758476,lower_first,18.0,-0.046340548054307984,-0.05785599166403754,0.006706681811483595,comparable
downside,d0,2024-07-05 02:00:00,2024-07-05 03:00:00,2024-07-05 04:00:00,2024-07-06 04:00:00,1,-0.0532073369908318,upper_first,12.0,0.02173440520969283,-0.030936899202396173,0.03327406641010899,comparable
downside,d0,2024-07-05 02:00:00,2024-07-05 03:00:00,2024-07-05 09:00:00,2024-07-06 09:00:00,6,-0.0532073369908318,upper_first,3.0,0.04591439429677502,-0.0035538825214184167,0.05490006947620274,comparable
downside,d0,2024-07-23 19:00:00,2024-07-23 20:00:00,2024-07-23 21:00:00,2024-07-24 21:00:00,1,-0.040301619909351216,neither,,0.0030546737084837794,-0.005674397357253169,0.019507905035093698,comparable
downside,d0,2024-07-23 19:00:00,2024-07-23 20:00:00,2024-07-24 02:00:00,2024-07-25 02:00:00,6,-0.040301619909351216,neither,,-0.018243650929262056,-0.022436972256005383,0.022344531869394224,comparable
downside,d0,2024-07-25 01:00:00,2024-07-25 02:00:00,2024-07-25 03:00:00,2024-07-26 03:00:00,1,-0.018159851836125895,upper_first,19.0,0.043910052624010376,-0.01204430344347085,0.04669494822275366,comparable
downside,d0,2024-07-25 01:00:00,2024-07-25 02:00:00,2024-07-25 08:00:00,2024-07-26 08:00:00,6,-0.018159851836125895,upper_first,14.0,0.0434897625867221,-0.010902115551662428,0.052500171186377065,comparable
downside,d0,2024-07-30 14:00:00,2024-07-30 15:00:00,2024-07-30 16:00:00,2024-07-31 16:00:00,1,-0.03562070982207444,neither,,0.0026397462507656844,-0.013665581981556096,0.00980869998238365,comparable
downside,d0,2024-07-30 14:00:00,2024-07-30 15:00:00,2024-07-30 21:00:00,2024-07-31 21:00:00,6,-0.03562070982207444,neither,,-0.024199279866811363,-0.02517277590082001,0.010027069597108307,comparable
downside,d0,2024-07-31 19:00:00,2024-07-31 20:00:00,2024-07-31 21:00:00,2024-08-01 21:00:00,1,-0.010160124361245582,neither,,0.001708312097516318,-0.03654341452732757,0.008602577164802838,comparable
downside,d0,2024-07-31 19:00:00,2024-07-31 20:00:00,2024-08-01 02:00:00,2024-08-02 02:00:00,6,-0.010160124361245582,neither,,0.006725576889871965,-0.03049947358545968,0.02218483539650018,comparable
downside,d0,2024-08-02 21:00:00,2024-08-02 22:00:00,2024-08-02 23:00:00,2024-08-03 23:00:00,1,-0.04501057032892941,neither,,-0.011861861886348524,-0.02446345933028171,0.013900537857549189,comparable
downside,d0,2024-08-02 21:00:00,2024-08-02 22:00:00,2024-08-03 04:00:00,2024-08-04 04:00:00,6,-0.04501057032892941,neither,,-0.018308715377361118,-0.03269527808717321,0.005344994198027697,comparable
downside,d0,2024-08-04 14:00:00,2024-08-04 15:00:00,2024-08-04 16:00:00,2024-08-05 16:00:00,1,-0.039007844276583326,lower_first,8.0,-0.07887645165732737,-0.16913833140990164,0.009071042638863602,comparable
downside,d0,2024-08-04 14:00:00,2024-08-04 15:00:00,2024-08-04 21:00:00,2024-08-05 21:00:00,6,-0.039007844276583326,lower_first,3.0,-0.07997881024462428,-0.1703721958205373,0.0003020825598738508,comparable
downside,d0,2024-08-11 20:00:00,2024-08-11 21:00:00,2024-08-11 22:00:00,2024-08-12 22:00:00,1,-0.040820601927742506,neither,,-0.00044412655759895614,-0.023068824704891355,0.028926008447724305,comparable
downside,d0,2024-08-11 20:00:00,2024-08-11 21:00:00,2024-08-12 03:00:00,2024-08-13 03:00:00,6,-0.040820601927742506,upper_first,11.0,0.013284942488464235,-0.018012349680629702,0.03425160230233493,comparable
downside,d0,2024-08-15 19:00:00,2024-08-15 20:00:00,2024-08-15 21:00:00,2024-08-16 21:00:00,1,-0.031673486794847494,upper_first,5.0,0.04553447280492162,-0.0011096504310103006,0.05605719030019829,comparable
downside,d0,2024-08-15 19:00:00,2024-08-15 20:00:00,2024-08-16 02:00:00,2024-08-17 02:00:00,6,-0.031673486794847494,upper_first,15.0,0.029662401753849155,-0.003834373282641579,0.04023789828599056,comparable
downside,d0,2024-08-26 23:00:00,2024-08-27 00:00:00,2024-08-27 01:00:00,2024-08-28 01:00:00,1,-0.02197490410015701,lower_first,21.0,-0.05784646073577049,-0.07490223381523042,0.008013407387295723,comparable
downside,d0,2024-08-26 23:00:00,2024-08-27 00:00:00,2024-08-27 06:00:00,2024-08-28 06:00:00,6,-0.02197490410015701,lower_first,15.0,-0.061255982997457936,-0.08132744332380448,0.0,comparable
downside,d0,2024-09-04 01:00:00,2024-09-04 02:00:00,2024-09-04 03:00:00,2024-09-05 03:00:00,1,-0.044058893580968816,upper_first,13.0,0.01873305128218261,-0.008497910750747018,0.033566076447645976,comparable
downside,d0,2024-09-04 01:00:00,2024-09-04 02:00:00,2024-09-04 08:00:00,2024-09-05 08:00:00,6,-0.044058893580968816,upper_first,8.0,0.007115807632269933,-0.010411021385843822,0.03157180303726448,comparable
downside,d0,2024-09-06 14:00:00,2024-09-06 15:00:00,2024-09-06 16:00:00,2024-09-07 16:00:00,1,-0.03273383585241363,neither,,0.014587680637490719,-0.0271175472768459,0.015616680239114666,comparable
downside,d0,2024-09-06 14:00:00,2024-09-06 15:00:00,2024-09-06 21:00:00,2024-09-07 21:00:00,6,-0.03273383585241363,upper_first,13.0,0.024415588542255673,-0.006452291363492457,0.03737123882708038,comparable
downside,d0,2024-09-16 14:00:00,2024-09-16 15:00:00,2024-09-16 16:00:00,2024-09-17 16:00:00,1,-0.04481937079806475,upper_first,22.0,0.05670489158967573,-0.006726890592203549,0.060607856806367044,comparable
downside,d0,2024-09-16 14:00:00,2024-09-16 15:00:00,2024-09-16 21:00:00,2024-09-17 21:00:00,6,-0.04481937079806475,upper_first,15.0,0.042643814919015144,-0.0014873309847213134,0.06414752076246777,comparable
downside,d0,2024-09-30 01:00:00,2024-09-30 02:00:00,2024-09-30 03:00:00,2024-10-01 03:00:00,1,-0.016814682956909244,neither,,-0.015248909976578462,-0.02390027910999848,0.005206107517701231,comparable
downside,d0,2024-09-30 01:00:00,2024-09-30 02:00:00,2024-09-30 08:00:00,2024-10-01 08:00:00,6,-0.016814682956909244,neither,,-0.008183759588237582,-0.02672911235313369,0.00028036122297581123,comparable
downside,d0,2024-10-01 20:00:00,2024-10-01 21:00:00,2024-10-01 22:00:00,2024-10-02 22:00:00,1,-0.04703067270951755,neither,,-0.005156922722556856,-0.01894956021459404,0.020494853874374774,comparable
downside,d0,2024-10-01 20:00:00,2024-10-01 21:00:00,2024-10-02 03:00:00,2024-10-03 03:00:00,6,-0.04703067270951755,neither,,-0.009647434024111945,-0.029068587982665206,0.009968977380412358,comparable
downside,d0,2024-10-09 18:00:00,2024-10-09 19:00:00,2024-10-09 20:00:00,2024-10-10 20:00:00,1,-0.015123912370746173,neither,,-0.02130912001469587,-0.03453054985140036,0.004959717365489391,comparable
downside,d0,2024-10-09 18:00:00,2024-10-09 19:00:00,2024-10-10 01:00:00,2024-10-11 01:00:00,6,-0.015123912370746173,neither,,-0.003884090780725491,-0.025020335575505426,0.014858924688225139,comparable
downside,d0,2024-10-21 13:00:00,2024-10-21 14:00:00,2024-10-21 15:00:00,2024-10-22 15:00:00,1,-0.017289189796860893,neither,,0.004145871870444351,-0.01049042257048527,0.010331143280272848,comparable
downside,d0,2024-10-21 13:00:00,2024-10-21 14:00:00,2024-10-21 20:00:00,2024-10-22 20:00:00,6,-0.017289189796860893,neither,,-0.004575686153633685,-0.01779817320941368,0.0023522061934442284,comparable
downside,d0,2024-10-23 08:00:00,2024-10-23 09:00:00,2024-10-23 10:00:00,2024-10-24 10:00:00,1,-0.00602885765550254,neither,,0.005270727131057695,-0.0198233381893691,0.016246832455931948,comparable
downside,d0,2024-10-23 08:00:00,2024-10-23 09:00:00,2024-10-23 15:00:00,2024-10-24 15:00:00,6,-0.00602885765550254,neither,,0.019347581010449977,-0.019275926648212094,0.022742582757401486,comparable
downside,d0,2024-11-01 01:00:00,2024-11-01 02:00:00,2024-11-01 03:00:00,2024-11-02 03:00:00,1,-0.04197140525495757,upper_first,11.0,0.002132162104757862,-0.011121145718033687,0.03060977217221228,comparable
downside,d0,2024-11-01 01:00:00,2024-11-01 02:00:00,2024-11-01 08:00:00,2024-11-02 08:00:00,6,-0.04197140525495757,upper_first,6.0,0.008284375454306048,-0.006921204284343063,0.034986952112272096,comparable
downside,d0,2024-11-03 02:00:00,2024-11-03 03:00:00,2024-11-03 04:00:00,2024-11-04 04:00:00,1,-0.02094197383725105,neither,,0.009431248933886138,-0.01333816296919621,0.01606595144753009,comparable
downside,d0,2024-11-03 02:00:00,2024-11-03 03:00:00,2024-11-03 09:00:00,2024-11-04 09:00:00,6,-0.02094197383725105,neither,,0.002727618595669945,-0.0146150915079587,0.014750968378383966,comparable
downside,d0,2024-11-04 21:00:00,2024-11-04 22:00:00,2024-11-04 23:00:00,2024-11-05 23:00:00,1,-0.02951140371502481,upper_first,15.0,0.025228176104261202,-0.006579533786888692,0.039537314006769186,comparable
downside,d0,2024-11-04 21:00:00,2024-11-04 22:00:00,2024-11-05 04:00:00,2024-11-06 04:00:00,6,-0.02951140371502481,upper_first,10.0,0.09025254929287896,-0.0003976923286732603,0.09981285584444954,comparable
downside,d0,2024-11-25 14:00:00,2024-11-25 15:00:00,2024-11-25 16:00:00,2024-11-26 16:00:00,1,-0.017769073400096147,neither,,-0.033219798131641554,-0.04802331808735627,0.0051381889911779055,comparable
downside,d0,2024-11-25 14:00:00,2024-11-25 15:00:00,2024-11-25 21:00:00,2024-11-26 21:00:00,6,-0.017769073400096147,neither,,-0.04263911314923219,-0.04529668814337062,0.00215739122845493,comparable
downside,d0,2024-11-26 20:00:00,2024-11-26 21:00:00,2024-11-26 22:00:00,2024-11-27 22:00:00,1,-0.042595334322461764,upper_first,16.0,0.05210558539986909,-0.0016663373128944503,0.06265487220073385,comparable
downside,d0,2024-11-26 20:00:00,2024-11-26 21:00:00,2024-11-27 03:00:00,2024-11-28 03:00:00,6,-0.042595334322461764,upper_first,12.0,0.030951626458715076,-0.006264983260081736,0.04824760440060083,comparable
downside,d0,2024-12-02 08:00:00,2024-12-02 09:00:00,2024-12-02 10:00:00,2024-12-03 10:00:00,1,-0.020847903947899704,neither,,-0.002788834361454273,-0.011757805229231866,0.020112478798473,comparable
downside,d0,2024-12-02 08:00:00,2024-12-02 09:00:00,2024-12-02 15:00:00,2024-12-03 15:00:00,6,-0.020847903947899704,neither,,-0.011868895636027221,-0.0292741816766402,0.010912292193437478,comparable
downside,d0,2024-12-03 13:00:00,2024-12-03 14:00:00,2024-12-03 15:00:00,2024-12-04 15:00:00,1,-0.021313777148224466,neither,,0.006917654296814346,-0.0036240781404118794,0.01862580256705959,comparable
downside,d0,2024-12-03 13:00:00,2024-12-03 14:00:00,2024-12-03 20:00:00,2024-12-04 20:00:00,6,-0.021313777148224466,neither,,0.020447442995804144,-0.008576427265631903,0.020634235517817512,comparable
downside,d0,2024-12-09 15:00:00,2024-12-09 16:00:00,2024-12-09 17:00:00,2024-12-10 17:00:00,1,-0.02213371222742766,neither,,-0.01517737300966071,-0.03667042098228923,0.005426274320235791,comparable
downside,d0,2024-12-09 15:00:00,2024-12-09 16:00:00,2024-12-09 22:00:00,2024-12-10 22:00:00,6,-0.02213371222742766,neither,,-5.282603283418563e-05,-0.027326432176171478,0.014612382277650049,comparable
downside,d0,2024-12-18 20:00:00,2024-12-18 21:00:00,2024-12-18 22:00:00,2024-12-19 22:00:00,1,-0.05646605745691036,lower_first,22.0,-0.03598550328666528,-0.05354033998565144,0.01834636263617173,comparable
downside,d0,2024-12-18 20:00:00,2024-12-18 21:00:00,2024-12-19 03:00:00,2024-12-20 03:00:00,6,-0.05646605745691036,neither,,-0.029197640535577274,-0.048898569171763384,0.023340691104901223,comparable
downside,d0,2024-12-20 08:00:00,2024-12-20 09:00:00,2024-12-20 10:00:00,2024-12-21 10:00:00,1,-0.061449579573482405,upper_first,6.0,0.0406544086413525,-0.027137509798259796,0.05187073626516847,comparable
downside,d0,2024-12-20 08:00:00,2024-12-20 09:00:00,2024-12-20 15:00:00,2024-12-21 15:00:00,6,-0.061449579573482405,upper_first,14.0,0.015831925254430335,-0.0017582538125940905,0.0424815390153257,comparable
downside,d0,2024-12-23 15:00:00,2024-12-23 16:00:00,2024-12-23 17:00:00,2024-12-24 17:00:00,1,-0.02286786207614422,upper_first,21.0,0.04935013282528611,-0.015696690925518286,0.051327032617993984,comparable
downside,d0,2024-12-23 15:00:00,2024-12-23 16:00:00,2024-12-23 22:00:00,2024-12-24 22:00:00,6,-0.02286786207614422,upper_first,16.0,0.047820625390252,-0.004340877150896039,0.05979128791540167,comparable
downside,d0,2024-12-27 15:00:00,2024-12-27 16:00:00,2024-12-27 17:00:00,2024-12-28 17:00:00,1,-0.015875718654842164,neither,,0.007456866835159559,-0.008208627600991725,0.012279220138891045,comparable
downside,d0,2024-12-27 15:00:00,2024-12-27 16:00:00,2024-12-27 22:00:00,2024-12-28 22:00:00,6,-0.015875718654842164,neither,,0.0063006850767584055,-0.0042796906318184336,0.008010993599636862,comparable
downside,d0,2024-12-29 22:00:00,2024-12-29 23:00:00,2024-12-30 00:00:00,2024-12-31 00:00:00,1,-0.022964140982525638,neither,,-0.010074991970680958,-0.02449848151012124,0.014398052228783875,comparable
downside,d0,2024-12-29 22:00:00,2024-12-29 23:00:00,2024-12-30 05:00:00,2024-12-31 05:00:00,6,-0.022964140982525638,neither,,-0.008333378993034879,-0.019431694644245878,0.019666868966003337,comparable
downside,d0,2025-01-07 19:00:00,2025-01-07 20:00:00,2025-01-07 21:00:00,2025-01-08 21:00:00,1,-0.05353345589408398,neither,,-0.025926291884783237,-0.04094202924846868,0.008351995219018304,comparable
downside,d0,2025-01-07 19:00:00,2025-01-07 20:00:00,2025-01-08 02:00:00,2025-01-09 02:00:00,6,-0.05353345589408398,neither,,-0.019971554872982744,-0.04529236244211121,0.0028243864326238377,comparable
downside,d0,2025-01-09 13:00:00,2025-01-09 14:00:00,2025-01-09 15:00:00,2025-01-10 15:00:00,1,-0.035773575771914756,neither,,0.013750112046169827,-0.01758133690042374,0.026553972640048995,comparable
downside,d0,2025-01-09 13:00:00,2025-01-09 14:00:00,2025-01-09 20:00:00,2025-01-10 20:00:00,6,-0.035773575771914756,upper_first,11.0,0.03732711051608528,-0.007786936262113908,0.043092124448220304,comparable
downside,d0,2025-01-13 10:00:00,2025-01-13 11:00:00,2025-01-13 12:00:00,2025-01-14 12:00:00,1,-0.02562963522689954,upper_first,8.0,0.06328506817343205,-0.019080892410932804,0.07264024641575628,comparable
downside,d0,2025-01-13 10:00:00,2025-01-13 11:00:00,2025-01-13 17:00:00,2025-01-14 17:00:00,6,-0.02562963522689954,upper_first,4.0,0.0482416439899398,-0.0012453075032078376,0.06645656666924826,comparable
downside,d0,2025-01-26 23:00:00,2025-01-27 00:00:00,2025-01-27 01:00:00,2025-01-28 01:00:00,1,-0.020724589138381266,neither,,0.0015920877918200738,-0.03897389214028113,0.012206989902713294,comparable
downside,d0,2025-01-26 23:00:00,2025-01-27 00:00:00,2025-01-27 06:00:00,2025-01-28 06:00:00,6,-0.020724589138381266,upper_first,22.0,0.026923569599697883,-0.025922427701814632,0.0304310053934862,comparable
downside,d0,2025-02-01 20:00:00,2025-02-01 21:00:00,2025-02-01 22:00:00,2025-02-02 22:00:00,1,-0.003007887930190245,neither,,-0.04116668134268686,-0.0461166015239145,0.0027115553250876,comparable
downside,d0,2025-02-01 20:00:00,2025-02-01 21:00:00,2025-02-02 03:00:00,2025-02-03 03:00:00,6,-0.003007887930190245,lower_first,22.0,-0.06811539698144009,-0.09212385819736546,0.003146171149440269,comparable
downside,d0,2025-02-03 01:00:00,2025-02-03 02:00:00,2025-02-03 03:00:00,2025-02-04 03:00:00,1,-0.07738315038984278,upper_first,11.0,0.07849742886944844,-0.009361872814784733,0.09627897156487553,comparable
downside,d0,2025-02-03 01:00:00,2025-02-03 02:00:00,2025-02-03 08:00:00,2025-02-04 08:00:00,6,-0.07738315038984278,upper_first,7.0,0.03217896689638877,-0.012768769317565432,0.07511761342821766,comparable
downside,d0,2025-02-09 21:00:00,2025-02-09 22:00:00,2025-02-09 23:00:00,2025-02-10 23:00:00,1,-0.014281460953709413,neither,,0.01644537187239581,-0.006078168208528911,0.026372152759612355,comparable
downside,d0,2025-02-09 21:00:00,2025-02-09 22:00:00,2025-02-10 04:00:00,2025-02-11 04:00:00,6,-0.014281460953709413,neither,,0.008427767372425343,-0.002001456600143281,0.016038301704631053,comparable
downside,d0,2025-02-16 23:00:00,2025-02-17 00:00:00,2025-02-17 01:00:00,2025-02-18 01:00:00,1,-0.015134285972490558,neither,,-0.007310967333390428,-0.011722815240438389,0.007488794940269994,comparable
downside,d0,2025-02-16 23:00:00,2025-02-17 00:00:00,2025-02-17 06:00:00,2025-02-18 06:00:00,6,-0.015134285972490558,neither,,-0.006741877477607794,-0.010930876119923383,0.008296128957990812,comparable
downside,d0,2025-02-18 16:00:00,2025-02-18 17:00:00,2025-02-18 18:00:00,2025-02-19 18:00:00,1,-0.007682542326462483,neither,,0.02460925053945706,-0.007752211595328573,0.02804325521232287,comparable
downside,d0,2025-02-18 16:00:00,2025-02-18 17:00:00,2025-02-18 23:00:00,2025-02-19 23:00:00,6,-0.007682542326462483,neither,,0.013538190039053655,-0.002552939234691576,0.015296006558371156,comparable
downside,d0,2025-02-24 14:00:00,2025-02-24 15:00:00,2025-02-24 16:00:00,2025-02-25 16:00:00,1,-0.009699192190769423,lower_first,15.0,-0.07629751816564667,-0.08992925433007914,0.009496794572072753,comparable
downside,d0,2025-02-24 14:00:00,2025-02-24 15:00:00,2025-02-24 21:00:00,2025-02-25 21:00:00,6,-0.009699192190769423,lower_first,10.0,-0.06302933141967437,-0.0866260524911191,0.0036016243967675887,comparable
downside,d0,2025-02-26 18:00:00,2025-02-26 19:00:00,2025-02-26 20:00:00,2025-02-27 20:00:00,1,-0.031981091141768614,upper_first,10.0,0.002804365870408887,-0.0196286507618878,0.03866927777072027,comparable
downside,d0,2025-02-26 18:00:00,2025-02-26 19:00:00,2025-02-27 01:00:00,2025-02-28 01:00:00,6,-0.031981091141768614,neither,,-0.0051125417549656715,-0.024225887966378812,0.028251243355639888,comparable
downside,d0,2025-02-28 01:00:00,2025-02-28 02:00:00,2025-02-28 03:00:00,2025-03-01 03:00:00,1,-0.03597714335412627,upper_first,12.0,0.054924130806324634,-0.03219283983401344,0.06022697614251982,comparable
downside,d0,2025-02-28 01:00:00,2025-02-28 02:00:00,2025-02-28 08:00:00,2025-03-01 08:00:00,6,-0.03597714335412627,upper_first,5.0,0.07080731991635236,-0.011707491611226195,0.09408019339063234,comparable
downside,d0,2025-03-04 01:00:00,2025-03-04 02:00:00,2025-03-04 03:00:00,2025-03-05 03:00:00,1,-0.10465445536649098,upper_first,15.0,0.04263914054194906,-0.02883481999924875,0.06099438185164585,comparable
downside,d0,2025-03-04 01:00:00,2025-03-04 02:00:00,2025-03-04 08:00:00,2025-03-05 08:00:00,6,-0.10465445536649098,upper_first,10.0,0.05370515428600031,-0.020327683333108748,0.07028839732325864,comparable
downside,d0,2025-03-09 12:00:00,2025-03-09 13:00:00,2025-03-09 14:00:00,2025-03-10 14:00:00,1,-0.018545587164178534,neither,,-0.023602413787940035,-0.04167228186814009,0.006647320425857028,comparable
downside,d0,2025-03-09 12:00:00,2025-03-09 13:00:00,2025-03-09 19:00:00,2025-03-10 19:00:00,6,-0.018545587164178534,lower_first,22.0,-0.06133032238926306,-0.06314259907576314,0.016637135509178336,comparable
downside,d0,2025-03-10 14:00:00,2025-03-10 15:00:00,2025-03-10 16:00:00,2025-03-11 16:00:00,1,-0.045040118121225436,neither,,0.014861123142359656,-0.043062619617172504,0.02845487144314096,comparable
downside,d0,2025-03-10 14:00:00,2025-03-10 15:00:00,2025-03-10 21:00:00,2025-03-11 21:00:00,6,-0.045040118121225436,upper_first,12.0,0.04459636361433805,-0.03396754595326357,0.054931920296612535,comparable
downside,d0,2025-03-18 13:00:00,2025-03-18 14:00:00,2025-03-18 15:00:00,2025-03-19 15:00:00,1,-0.02013587826922225,upper_first,22.0,0.030389666379415425,-0.007460797027314725,0.03136775494702149,comparable
downside,d0,2025-03-18 13:00:00,2025-03-18 14:00:00,2025-03-18 20:00:00,2025-03-19 20:00:00,6,-0.02013587826922225,upper_first,19.0,0.038412262998691826,-0.005586085158822196,0.04462781240580371,comparable
downside,d0,2025-03-28 06:00:00,2025-03-28 07:00:00,2025-03-28 08:00:00,2025-03-29 08:00:00,1,-0.01918931498875609,neither,,-0.017208400653791256,-0.01915580145787943,0.004664720635755737,comparable
downside,d0,2025-03-28 06:00:00,2025-03-28 07:00:00,2025-03-28 13:00:00,2025-03-29 13:00:00,6,-0.01918931498875609,neither,,-0.030385608842632417,-0.03580732521052232,0.00635243062049895,comparable
downside,d0,2025-03-29 09:00:00,2025-03-29 10:00:00,2025-03-29 11:00:00,2025-03-30 11:00:00,1,-0.018896002443408055,neither,,0.002557322905056836,-0.015424166695420571,0.007498359824272383,comparable
downside,d0,2025-03-29 09:00:00,2025-03-29 10:00:00,2025-03-29 16:00:00,2025-03-30 16:00:00,6,-0.018896002443408055,neither,,0.00384021725226269,-0.009556123703492791,0.01350302039968243,comparable
downside,d0,2025-04-03 14:00:00,2025-04-03 15:00:00,2025-04-03 16:00:00,2025-04-04 16:00:00,1,-0.05108465577351007,upper_first,16.0,0.009966960909697287,-0.0063353068348375174,0.03299031871864355,comparable
downside,d0,2025-04-03 14:00:00,2025-04-03 15:00:00,2025-04-03 21:00:00,2025-04-04 21:00:00,6,-0.05108465577351007,neither,,0.021932271489796262,-0.008297315218660284,0.029079776495163134,comparable
downside,d0,2025-04-06 17:00:00,2025-04-06 18:00:00,2025-04-06 19:00:00,2025-04-07 19:00:00,1,-0.02490028971511349,lower_first,11.0,-0.007518886408781955,-0.05846996588788089,0.02759763159695905,comparable
downside,d0,2025-04-06 17:00:00,2025-04-06 18:00:00,2025-04-07 00:00:00,2025-04-08 00:00:00,6,-0.02490028971511349,lower_first,7.0,0.009823510609588082,-0.05039495267011729,0.03641080181676326,comparable
downside,d0,2025-05-04 10:00:00,2025-05-04 11:00:00,2025-05-04 12:00:00,2025-05-05 12:00:00,1,-0.0054845656945502474,neither,,-0.014631141309706552,-0.02025935775335752,0.0035536813462537786,comparable
downside,d0,2025-05-04 10:00:00,2025-05-04 11:00:00,2025-05-04 17:00:00,2025-05-05 17:00:00,6,-0.0054845656945502474,neither,,-0.012032081495564784,-0.01943716538296858,0.0043958574737914535,comparable
downside,d0,2025-05-12 18:00:00,2025-05-12 19:00:00,2025-05-12 20:00:00,2025-05-13 20:00:00,1,-0.028064123999562707,upper_first,23.0,0.0293025464329848,-0.003917649630160169,0.03133874237359291,comparable
downside,d0,2025-05-12 18:00:00,2025-05-12 19:00:00,2025-05-13 01:00:00,2025-05-14 01:00:00,6,-0.028064123999562707,neither,,0.016060688573620086,-0.008132319706138702,0.026974893808195288,comparable
downside,d0,2025-05-19 06:00:00,2025-05-19 07:00:00,2025-05-19 08:00:00,2025-05-20 08:00:00,1,-0.012268674355171205,upper_first,16.0,0.017400928328427767,-0.010558651188844581,0.03523688954968085,comparable
downside,d0,2025-05-19 06:00:00,2025-05-19 07:00:00,2025-05-19 13:00:00,2025-05-20 13:00:00,6,-0.012268674355171205,upper_first,4.0,0.022572587568057134,-0.0016090733277145386,0.04287815052469757,comparable
downside,d0,2025-05-28 19:00:00,2025-05-28 20:00:00,2025-05-28 21:00:00,2025-05-29 21:00:00,1,-0.027127606546783922,neither,,-0.010746789275251412,-0.015835172238530704,0.014875848746973341,comparable
downside,d0,2025-05-28 19:00:00,2025-05-28 20:00:00,2025-05-29 02:00:00,2025-05-30 02:00:00,6,-0.027127606546783922,neither,,-0.02335818677455348,-0.03307064025983919,0.006848559254551967,comparable
downside,d0,2025-05-29 23:00:00,2025-05-30 00:00:00,2025-05-30 01:00:00,2025-05-31 01:00:00,1,-0.020837736920730876,neither,,-0.008707739971839601,-0.012491807541370248,0.013955298056800292,comparable
downside,d0,2025-05-29 23:00:00,2025-05-30 00:00:00,2025-05-30 06:00:00,2025-05-31 06:00:00,6,-0.020837736920730876,neither,,-0.023988625074007563,-0.028374368045270604,0.0005892323234779617,comparable
downside,d0,2025-05-31 01:00:00,2025-05-31 02:00:00,2025-05-31 03:00:00,2025-06-01 03:00:00,1,-0.020437746232847442,neither,,0.009930840622262904,-0.001103232982209934,0.01687216011719772,comparable
downside,d0,2025-05-31 01:00:00,2025-05-31 02:00:00,2025-05-31 08:00:00,2025-06-01 08:00:00,6,-0.020437746232847442,neither,,0.0050841841010633715,-0.004767349785469777,0.011148444920536127,comparable
downside,d0,2025-06-05 16:00:00,2025-06-05 17:00:00,2025-06-05 18:00:00,2025-06-06 18:00:00,1,-0.02113729288732269,neither,,0.01717677619816005,-0.028088987639206753,0.021242607447469863,comparable
downside,d0,2025-06-05 16:00:00,2025-06-05 17:00:00,2025-06-05 23:00:00,2025-06-06 23:00:00,6,-0.02113729288732269,upper_first,14.0,0.02975703118176476,-0.004164408877363246,0.038236898856520485,comparable
downside,d0,2025-06-12 20:00:00,2025-06-12 21:00:00,2025-06-12 22:00:00,2025-06-13 22:00:00,1,-0.026863079036579474,neither,,-0.00255125639088416,-0.0301486804412614,0.0033406657884331725,comparable
downside,d0,2025-06-12 20:00:00,2025-06-12 21:00:00,2025-06-13 03:00:00,2025-06-14 03:00:00,6,-0.026863079036579474,neither,,0.01672264602483886,-0.000321383516988627,0.024650877508139102,comparable
downside,d0,2025-06-17 15:00:00,2025-06-17 16:00:00,2025-06-17 17:00:00,2025-06-18 17:00:00,1,-0.030065629116822867,neither,,0.007753514650051585,-0.0027017660183020764,0.018914002368893623,comparable
downside,d0,2025-06-17 15:00:00,2025-06-17 16:00:00,2025-06-17 22:00:00,2025-06-18 22:00:00,6,-0.030065629116822867,neither,,0.005066834464762637,-0.010265522128628746,0.009729982050180608,comparable
downside,d0,2025-06-20 17:00:00,2025-06-20 18:00:00,2025-06-20 19:00:00,2025-06-21 19:00:00,1,-0.011979081568032846,neither,,-0.00496016999098603,-0.005533738400477661,0.007922589292653326,comparable
downside,d0,2025-06-20 17:00:00,2025-06-20 18:00:00,2025-06-21 00:00:00,2025-06-22 00:00:00,6,-0.011979081568032846,neither,,-0.011202620574830235,-0.02321575016267763,0.006735045339239409,comparable
downside,d0,2025-06-21 19:00:00,2025-06-21 20:00:00,2025-06-21 21:00:00,2025-06-22 21:00:00,1,-0.010196916894270824,neither,,-0.03137011165331227,-0.04445713205061186,0.006051073700291676,comparable
downside,d0,2025-06-21 19:00:00,2025-06-21 20:00:00,2025-06-22 02:00:00,2025-06-23 02:00:00,6,-0.010196916894270824,neither,,-0.012561352098023448,-0.041045400503723295,0.005476071973965269,comparable
downside,d0,2025-07-01 09:00:00,2025-07-01 10:00:00,2025-07-01 11:00:00,2025-07-02 11:00:00,1,-0.00858405230674597,neither,,0.012842576037356057,-0.013072878466788507,0.013052880742586037,comparable
downside,d0,2025-07-01 09:00:00,2025-07-01 10:00:00,2025-07-01 16:00:00,2025-07-02 16:00:00,6,-0.00858405230674597,neither,,0.026523124952470223,-0.008177277118059934,0.02654699594419574,comparable
downside,d0,2025-07-15 14:00:00,2025-07-15 15:00:00,2025-07-15 16:00:00,2025-07-16 16:00:00,1,-0.042763307764483116,upper_first,23.0,0.02446517489924216,-0.002737314130868307,0.030580888320334676,comparable
downside,d0,2025-07-15 14:00:00,2025-07-15 15:00:00,2025-07-15 21:00:00,2025-07-16 21:00:00,6,-0.042763307764483116,upper_first,21.0,0.03062495356087669,-0.0007903562959855615,0.030787474386005043,comparable
downside,d0,2025-07-25 02:00:00,2025-07-25 03:00:00,2025-07-25 04:00:00,2025-07-26 04:00:00,1,-0.021979069864939027,neither,,0.018394194107452355,-0.0056325823223569715,0.020836395147313835,comparable
downside,d0,2025-07-25 02:00:00,2025-07-25 03:00:00,2025-07-25 09:00:00,2025-07-26 09:00:00,6,-0.021979069864939027,neither,,0.021155364491187045,-0.0028429873297537434,0.02277150720001786,comparable
downside,d0,2025-07-29 15:00:00,2025-07-29 16:00:00,2025-07-29 17:00:00,2025-07-30 17:00:00,1,-0.006770173021080517,neither,,0.0003020019543902297,-0.00564960280584037,0.009301830097862895,comparable
downside,d0,2025-07-29 15:00:00,2025-07-29 16:00:00,2025-07-29 22:00:00,2025-07-30 22:00:00,6,-0.006770173021080517,neither,,-0.001953615413351928,-0.015634962434922017,0.010570940872342671,comparable
downside,d0,2025-07-30 18:00:00,2025-07-30 19:00:00,2025-07-30 20:00:00,2025-07-31 20:00:00,1,-0.00923295943789404,neither,,-0.0012000855431992807,-0.001520786997433743,0.017279726261762107,comparable
downside,d0,2025-07-30 18:00:00,2025-07-30 19:00:00,2025-07-31 01:00:00,2025-08-01 01:00:00,6,-0.00923295943789404,neither,,-0.025159655366021605,-0.03605285720945661,0.004349139192048046,comparable
downside,d0,2025-08-01 00:00:00,2025-08-01 01:00:00,2025-08-01 02:00:00,2025-08-02 02:00:00,1,-0.025157630549985877,neither,,-0.01475733617672792,-0.023054251234590817,0.006482620686736773,comparable
downside,d0,2025-08-01 00:00:00,2025-08-01 01:00:00,2025-08-01 07:00:00,2025-08-02 07:00:00,6,-0.025157630549985877,neither,,-0.012885128081408848,-0.021624411425784418,0.007299670696314209,comparable
downside,d0,2025-08-02 18:00:00,2025-08-02 19:00:00,2025-08-02 20:00:00,2025-08-03 20:00:00,1,-0.012947142352913055,neither,,0.01891922266139301,-0.0026753979163107733,0.0230929646187783,comparable
downside,d0,2025-08-02 18:00:00,2025-08-02 19:00:00,2025-08-03 01:00:00,2025-08-04 01:00:00,6,-0.012947142352913055,neither,,0.017758714555705435,-0.0009012606755681718,0.017988635223332716,comparable
downside,d0,2025-08-18 01:00:00,2025-08-18 02:00:00,2025-08-18 03:00:00,2025-08-19 03:00:00,1,-0.009932664960889959,neither,,0.002458145649089971,-0.007087651845483323,0.013197568186988473,comparable
downside,d0,2025-08-18 01:00:00,2025-08-18 02:00:00,2025-08-18 08:00:00,2025-08-19 08:00:00,6,-0.009932664960889959,neither,,-0.00220534576020448,-0.007490316698372523,0.01529394793756711,comparable
downside,d0,2025-08-19 14:00:00,2025-08-19 15:00:00,2025-08-19 16:00:00,2025-08-20 16:00:00,1,-0.015604929137063905,neither,,-0.003909153119936226,-0.012723224348725748,0.004781447116934734,comparable
downside,d0,2025-08-19 14:00:00,2025-08-19 15:00:00,2025-08-19 21:00:00,2025-08-20 21:00:00,6,-0.015604929137063905,neither,,0.007240383697539432,-0.010709466373277632,0.00790980790114304,comparable
downside,d0,2025-08-25 20:00:00,2025-08-25 21:00:00,2025-08-25 22:00:00,2025-08-26 22:00:00,1,-0.0283060355366046,neither,,0.01550123570926809,-0.01115960122442583,0.015501872672808226,comparable
downside,d0,2025-08-25 20:00:00,2025-08-25 21:00:00,2025-08-26 03:00:00,2025-08-27 03:00:00,6,-0.0283060355366046,neither,,0.01300204423423601,-0.003560162740402162,0.02434981804574643,comparable
downside,d0,2025-08-29 13:00:00,2025-08-29 14:00:00,2025-08-29 15:00:00,2025-08-30 15:00:00,1,-0.032995676577737165,neither,,0.0044053201404195,-0.007557998683210387,0.00614877688587856,comparable
downside,d0,2025-08-29 13:00:00,2025-08-29 14:00:00,2025-08-29 20:00:00,2025-08-30 20:00:00,6,-0.032995676577737165,neither,,0.005868892457947306,-0.007745466801333478,0.006662920171843334,comparable
downside,d0,2025-09-15 08:00:00,2025-09-15 09:00:00,2025-09-15 10:00:00,2025-09-16 10:00:00,1,-0.010551078959667892,neither,,0.005233077246636242,-0.00438686233729213,0.009901489026664878,comparable
downside,d0,2025-09-15 08:00:00,2025-09-15 09:00:00,2025-09-15 15:00:00,2025-09-16 15:00:00,6,-0.010551078959667892,neither,,0.005207680847582052,-0.0025241145656659247,0.01161233931360095,comparable
downside,d0,2025-09-22 00:00:00,2025-09-22 01:00:00,2025-09-22 02:00:00,2025-09-23 02:00:00,1,-0.01088627533939257,neither,,-0.01828926217924054,-0.02247683961885416,0.00348733003519075,comparable
downside,d0,2025-09-22 00:00:00,2025-09-22 01:00:00,2025-09-22 07:00:00,2025-09-23 07:00:00,6,-0.01088627533939257,neither,,0.0014135259113641219,-0.011812955717493856,0.006026774166801863,comparable
downside,d0,2025-09-25 13:00:00,2025-09-25 14:00:00,2025-09-25 15:00:00,2025-09-26 15:00:00,1,-0.016188166860979902,neither,,-0.024073561240539387,-0.02649925390189145,0.0014214849368840987,comparable
downside,d0,2025-09-25 13:00:00,2025-09-25 14:00:00,2025-09-25 20:00:00,2025-09-26 20:00:00,6,-0.016188166860979902,neither,,-0.001604055452947506,-0.006823748979353672,0.008945029356948186,comparable
downside,d0,2025-10-09 16:00:00,2025-10-09 17:00:00,2025-10-09 18:00:00,2025-10-10 18:00:00,1,-0.02593033674823053,neither,,-0.02785008075109674,-0.028632473194651564,0.013003628469929973,comparable
downside,d0,2025-10-09 16:00:00,2025-10-09 17:00:00,2025-10-09 23:00:00,2025-10-10 23:00:00,6,-0.02593033674823053,lower_first,21.0,-0.06365706033955487,-0.12117970864725491,0.006947361867724711,comparable
downside,d0,2025-10-17 06:00:00,2025-10-17 07:00:00,2025-10-17 08:00:00,2025-10-18 08:00:00,1,-0.04435244405779881,neither,,0.010544497134053588,-0.019860751850624858,0.018582800269622446,comparable
downside,d0,2025-10-17 06:00:00,2025-10-17 07:00:00,2025-10-17 13:00:00,2025-10-18 13:00:00,6,-0.04435244405779881,neither,,0.016706819303641263,-0.007537115085241353,0.02115787675133851,comparable
downside,d0,2025-10-29 15:00:00,2025-10-29 16:00:00,2025-10-29 17:00:00,2025-10-30 17:00:00,1,-0.027219153966168474,neither,,-0.02662043443928297,-0.03425589867289813,0.008280918837166418,comparable
downside,d0,2025-10-29 15:00:00,2025-10-29 16:00:00,2025-10-29 22:00:00,2025-10-30 22:00:00,6,-0.027219153966168474,neither,,-0.0334592700543187,-0.047978495715920944,7.542408355498686e-05,comparable
downside,d0,2025-10-30 19:00:00,2025-10-30 20:00:00,2025-10-30 21:00:00,2025-10-31 21:00:00,1,-0.03752854529979888,upper_first,17.0,0.017987068564517594,-0.00129305051632711,0.03326914131547132,comparable
downside,d0,2025-10-30 19:00:00,2025-10-30 20:00:00,2025-10-31 02:00:00,2025-11-01 02:00:00,6,-0.03752854529979888,neither,,0.0006002484201852454,-0.009949854303586747,0.013334109456335064,comparable
downside,d0,2025-11-03 03:00:00,2025-11-03 04:00:00,2025-11-03 05:00:00,2025-11-04 05:00:00,1,-0.018852994223419683,neither,,-0.010924398332718632,-0.02427403089110347,0.003954282953817723,comparable
downside,d0,2025-11-03 03:00:00,2025-11-03 04:00:00,2025-11-03 10:00:00,2025-11-04 10:00:00,6,-0.018852994223419683,neither,,-0.03157201081226735,-0.033688691641765134,0.010592080980792007,comparable
downside,d0,2025-11-04 05:00:00,2025-11-04 06:00:00,2025-11-04 07:00:00,2025-11-05 07:00:00,1,-0.031743190329485804,lower_first,14.0,-0.024895301094999378,-0.05561640212019159,0.0022594240951441247,comparable
downside,d0,2025-11-04 05:00:00,2025-11-04 06:00:00,2025-11-04 12:00:00,2025-11-05 12:00:00,6,-0.031743190329485804,lower_first,9.0,-0.023728906939500805,-0.05409036479986562,0.0024420359603212205,comparable
downside,d0,2025-11-12 15:00:00,2025-11-12 16:00:00,2025-11-12 17:00:00,2025-11-13 17:00:00,1,-0.012397175153913365,neither,,-0.008175704989153987,-0.009081049102741101,0.025931768881877426,comparable
downside,d0,2025-11-12 15:00:00,2025-11-12 16:00:00,2025-11-12 22:00:00,2025-11-13 22:00:00,6,-0.012397175153913365,neither,,-0.03097624388839837,-0.03953359036711179,0.021115049783406725,comparable
downside,d0,2025-11-13 16:00:00,2025-11-13 17:00:00,2025-11-13 18:00:00,2025-11-14 18:00:00,1,-0.008187832774600667,lower_first,18.0,-0.03834086187871932,-0.05163440888284687,0.0085171794410972,comparable
downside,d0,2025-11-13 16:00:00,2025-11-13 17:00:00,2025-11-13 23:00:00,2025-11-14 23:00:00,6,-0.008187832774600667,lower_first,13.0,-0.04709273400193292,-0.05807517662342987,0.006526837592620627,comparable
downside,d0,2025-11-14 20:00:00,2025-11-14 21:00:00,2025-11-14 22:00:00,2025-11-15 22:00:00,1,-0.03877041492506883,neither,,0.0027717405669362982,-0.010642889855193571,0.01879731037649912,comparable
downside,d0,2025-11-14 20:00:00,2025-11-14 21:00:00,2025-11-15 03:00:00,2025-11-16 03:00:00,6,-0.03877041492506883,neither,,-0.004982175243794185,-0.016761941953783333,0.0037496261112006657,comparable
downside,d0,2025-11-16 21:00:00,2025-11-16 22:00:00,2025-11-16 23:00:00,2025-11-17 23:00:00,1,-0.018788115611127143,neither,,-0.020919114041246134,-0.03135014021556137,0.019565997479296993,comparable
downside,d0,2025-11-16 21:00:00,2025-11-16 22:00:00,2025-11-17 04:00:00,2025-11-18 04:00:00,6,-0.018788115611127143,lower_first,22.0,-0.04926985156865449,-0.06139330607680582,0.005406667349861172,comparable
downside,d0,2025-11-18 02:00:00,2025-11-18 03:00:00,2025-11-18 04:00:00,2025-11-19 04:00:00,1,-0.04377637253065236,upper_first,12.0,0.011799806022131154,-0.01706696645064587,0.03353833267204509,comparable
downside,d0,2025-11-18 02:00:00,2025-11-18 03:00:00,2025-11-18 09:00:00,2025-11-19 09:00:00,6,-0.04377637253065236,neither,,0.003247826121788977,-0.012772909745574546,0.02914406491437993,comparable
downside,d0,2025-11-20 16:00:00,2025-11-20 17:00:00,2025-11-20 18:00:00,2025-11-21 18:00:00,1,-0.022898370454608963,lower_first,13.0,-0.026744571968413622,-0.0758798603020363,0.01165549799073995,comparable
downside,d0,2025-11-20 16:00:00,2025-11-20 17:00:00,2025-11-20 23:00:00,2025-11-21 23:00:00,6,-0.022898370454608963,lower_first,8.0,-0.042736076504723775,-0.08462958796955355,0.0010832167114340763,comparable
downside,d0,2025-12-01 00:00:00,2025-12-01 01:00:00,2025-12-01 02:00:00,2025-12-02 02:00:00,1,-0.043036188337083114,neither,,-0.008359762881386401,-0.038751726203455905,0.003780642226260067,comparable
downside,d0,2025-12-01 00:00:00,2025-12-01 01:00:00,2025-12-01 07:00:00,2025-12-02 07:00:00,6,-0.043036188337083114,neither,,0.009912416758231402,-0.028205804672845725,0.013078053744393747,comparable
downside,d0,2025-12-15 15:00:00,2025-12-15 16:00:00,2025-12-15 17:00:00,2025-12-16 17:00:00,1,-0.022552460825940535,neither,,0.013870649814282654,-0.014428560000120383,0.02051602119155671,comparable
downside,d0,2025-12-15 15:00:00,2025-12-15 16:00:00,2025-12-15 22:00:00,2025-12-16 22:00:00,6,-0.022552460825940535,neither,,0.01772452608984998,-0.011225289621101586,0.022387251266617447,comparable
downside,d0,2025-12-18 19:00:00,2025-12-18 20:00:00,2025-12-18 21:00:00,2025-12-19 21:00:00,1,-0.017992323796231613,upper_first,6.0,0.04129873202119594,-0.000268972369417142,0.05703361563209697,comparable
downside,d0,2025-12-18 19:00:00,2025-12-18 20:00:00,2025-12-19 02:00:00,2025-12-20 02:00:00,6,-0.017992323796231613,upper_first,5.0,0.032514825736032815,-0.002259159776448305,0.048026026308703784,comparable
downside,d0,2025-12-23 06:00:00,2025-12-23 07:00:00,2025-12-23 08:00:00,2025-12-24 08:00:00,1,-0.0172549026667721,neither,,-0.007565198123053785,-0.011109070615410555,0.009321421155607856,comparable
downside,d0,2025-12-23 06:00:00,2025-12-23 07:00:00,2025-12-23 13:00:00,2025-12-24 13:00:00,6,-0.0172549026667721,neither,,-0.0039939414373902915,-0.013638605007752158,0.0067396265694961155,comparable
downside,d0,2026-01-07 18:00:00,2026-01-07 19:00:00,2026-01-07 20:00:00,2026-01-08 20:00:00,1,-0.012762439720481744,neither,,-0.0023985618071881154,-0.020591837028238524,0.005540463666317663,comparable
downside,d0,2026-01-07 18:00:00,2026-01-07 19:00:00,2026-01-08 01:00:00,2026-01-09 01:00:00,6,-0.012762439720481744,neither,,-0.0009653213798367366,-0.022958503557986454,0.00311065038760705,comparable
downside,d0,2026-01-18 23:00:00,2026-01-19 00:00:00,2026-01-19 01:00:00,2026-01-20 01:00:00,1,-0.015523711021313336,neither,,-0.0003303181327281024,-0.006348561276225961,0.007454118045189917,comparable
downside,d0,2026-01-18 23:00:00,2026-01-19 00:00:00,2026-01-19 06:00:00,2026-01-20 06:00:00,6,-0.015523711021313336,neither,,-0.010127799945781835,-0.013733301051827018,0.009525170978262665,comparable
downside,d0,2026-01-20 05:00:00,2026-01-20 06:00:00,2026-01-20 07:00:00,2026-01-21 07:00:00,1,-0.01010228157268478,neither,,-0.014093854583516752,-0.03369022585993475,0.005870907201814379,comparable
downside,d0,2026-01-20 05:00:00,2026-01-20 06:00:00,2026-01-20 12:00:00,2026-01-21 12:00:00,6,-0.01010228157268478,neither,,-0.026808280911045035,-0.03694929165445948,0.0016688447565094133,comparable
downside,d0,2026-01-21 16:00:00,2026-01-21 17:00:00,2026-01-21 18:00:00,2026-01-22 18:00:00,1,-0.028422812021748234,neither,,0.018573452205674412,-0.0038948412226250673,0.028946525550452185,comparable
downside,d0,2026-01-21 16:00:00,2026-01-21 17:00:00,2026-01-21 23:00:00,2026-01-22 23:00:00,6,-0.028422812021748234,neither,,-0.004832612912321621,-0.014293135033868198,0.0064972241798779695,comparable
downside,d0,2026-01-25 08:00:00,2026-01-25 09:00:00,2026-01-25 10:00:00,2026-01-26 10:00:00,1,-0.01532594867885928,neither,,-0.007955256243700082,-0.025672803068264916,0.006586781776075634,comparable
downside,d0,2026-01-25 08:00:00,2026-01-25 09:00:00,2026-01-25 15:00:00,2026-01-26 15:00:00,6,-0.01532594867885928,neither,,-0.005264503833384837,-0.029021158838914318,0.0007163780737502456,comparable
downside,d0,2026-01-29 14:00:00,2026-01-29 15:00:00,2026-01-29 16:00:00,2026-01-30 16:00:00,1,-0.02947837088426175,neither,,-0.024058501526480036,-0.044584684526458584,0.00841931960140152,comparable
downside,d0,2026-01-29 14:00:00,2026-01-29 15:00:00,2026-01-29 21:00:00,2026-01-30 21:00:00,6,-0.02947837088426175,neither,,-0.003654938492018478,-0.03623134173413145,0.006601329594233762,comparable
downside,d0,2026-01-31 16:00:00,2026-01-31 17:00:00,2026-01-31 18:00:00,2026-02-01 18:00:00,1,-0.03358147065721229,neither,,-0.013886337702642693,-0.03975627599221554,0.007134153439391833,comparable
downside,d0,2026-01-31 16:00:00,2026-01-31 17:00:00,2026-01-31 23:00:00,2026-02-01 23:00:00,6,-0.03358147065721229,neither,,-0.011377172325317875,-0.022822499047503775,0.016397153605918646,comparable
downside,d0,2026-02-03 18:00:00,2026-02-03 19:00:00,2026-02-03 20:00:00,2026-02-04 20:00:00,1,-0.06955509171624819,neither,,-0.014497341065177194,-0.03783971566767319,0.027184468613879798,comparable
downside,d0,2026-02-03 18:00:00,2026-02-03 19:00:00,2026-02-04 01:00:00,2026-02-05 01:00:00,6,-0.06955509171624819,lower_first,16.0,-0.04078249822349578,-0.054152812219236846,0.014082102927370332,comparable
downside,d0,2026-02-05 02:00:00,2026-02-05 03:00:00,2026-02-05 04:00:00,2026-02-06 04:00:00,1,-0.060008653516064325,lower_first,11.0,-0.0985451563662545,-0.15593775932500908,0.010607997440845951,comparable
downside,d0,2026-02-05 02:00:00,2026-02-05 03:00:00,2026-02-05 09:00:00,2026-02-06 09:00:00,6,-0.060008653516064325,lower_first,6.0,-0.08599593772838288,-0.15379683621192752,0.013171355823346387,comparable
downside,d0,2026-02-11 04:00:00,2026-02-11 05:00:00,2026-02-11 06:00:00,2026-02-12 06:00:00,1,-0.03211369991454949,neither,,-0.003964401294498376,-0.02462887087675547,0.021169205189869755,comparable
downside,d0,2026-02-11 04:00:00,2026-02-11 05:00:00,2026-02-11 11:00:00,2026-02-12 11:00:00,6,-0.03211369991454949,upper_first,3.0,0.02212832201152226,-0.011963279166188667,0.034429503587224186,comparable
downside,d0,2026-02-16 15:00:00,2026-02-16 16:00:00,2026-02-16 17:00:00,2026-02-17 17:00:00,1,-0.022660430604503512,neither,,-0.0053630164229944155,-0.018950425072584376,0.019807393567534026,comparable
downside,d0,2026-02-16 15:00:00,2026-02-16 16:00:00,2026-02-16 22:00:00,2026-02-17 22:00:00,6,-0.022660430604503512,neither,,-0.017159699430267183,-0.03269966551859871,0.005514968983566737,comparable
downside,d0,2026-02-18 18:00:00,2026-02-18 19:00:00,2026-02-18 20:00:00,2026-02-19 20:00:00,1,-0.025547895728920134,neither,,0.013427932197628945,-0.008057152438910808,0.017398749968059013,comparable
downside,d0,2026-02-18 18:00:00,2026-02-18 19:00:00,2026-02-19 01:00:00,2026-02-20 01:00:00,6,-0.025547895728920134,neither,,0.011887333038379966,-0.012067437300074313,0.01614914801347722,comparable
downside,d0,2026-02-23 01:00:00,2026-02-23 02:00:00,2026-02-23 03:00:00,2026-02-24 03:00:00,1,-0.05460883837839048,neither,,-0.01063060589914322,-0.02077485833604431,0.028107524567411835,comparable
downside,d0,2026-02-23 01:00:00,2026-02-23 02:00:00,2026-02-23 08:00:00,2026-02-24 08:00:00,6,-0.05460883837839048,neither,,-0.0420354888166703,-0.0495151034471254,0.009800597192376914,comparable
downside,d0,2026-02-28 06:00:00,2026-02-28 07:00:00,2026-02-28 08:00:00,2026-03-01 08:00:00,1,-0.06567393810410571,upper_first,10.0,0.05204435918947059,-0.007139250963114074,0.06864693315566428,comparable
downside,d0,2026-02-28 06:00:00,2026-02-28 07:00:00,2026-02-28 13:00:00,2026-03-01 13:00:00,6,-0.06567393810410571,upper_first,5.0,0.03549976838062907,-0.0018738834868663456,0.06516797636514093,comparable
downside,d0,2026-03-07 06:00:00,2026-03-07 07:00:00,2026-03-07 08:00:00,2026-03-08 08:00:00,1,-0.041262648196765284,neither,,-0.00775300180628713,-0.019145552780759467,0.0058930596652575495,comparable
downside,d0,2026-03-07 06:00:00,2026-03-07 07:00:00,2026-03-07 13:00:00,2026-03-08 13:00:00,6,-0.041262648196765284,neither,,-0.009921606118546977,-0.021297690836887706,0.0031057508457126293,comparable
downside,d0,2026-03-08 22:00:00,2026-03-08 23:00:00,2026-03-09 00:00:00,2026-03-10 00:00:00,1,-0.01519520454414014,upper_first,5.0,0.03731361383016929,-0.002268132936873779,0.05415203387692946,comparable
downside,d0,2026-03-08 22:00:00,2026-03-08 23:00:00,2026-03-09 05:00:00,2026-03-10 05:00:00,6,-0.01519520454414014,upper_first,8.0,0.043549405269913244,-0.0041584122144499025,0.05142706777285633,comparable
downside,d0,2026-03-18 14:00:00,2026-03-18 15:00:00,2026-03-18 16:00:00,2026-03-19 16:00:00,1,-0.0431491465385736,neither,,-0.028851718236330037,-0.03775211638405318,0.007837868695201422,comparable
downside,d0,2026-03-18 14:00:00,2026-03-18 15:00:00,2026-03-18 21:00:00,2026-03-19 21:00:00,6,-0.0431491465385736,neither,,-0.010361589917269098,-0.034345144821311235,0.005745673895095171,comparable
downside,d0,2026-03-22 11:00:00,2026-03-22 12:00:00,2026-03-22 13:00:00,2026-03-23 13:00:00,1,-0.03437198461559354,upper_first,22.0,0.030219751404475748,-0.019124379924259305,0.04146881251380319,comparable
downside,d0,2026-03-22 11:00:00,2026-03-22 12:00:00,2026-03-22 18:00:00,2026-03-23 18:00:00,6,-0.03437198461559354,upper_first,17.0,0.03498028268619158,-0.019420075921633972,0.045808421516819076,comparable
downside,d0,2026-03-26 17:00:00,2026-03-26 18:00:00,2026-03-26 19:00:00,2026-03-27 19:00:00,1,-0.032619197217052975,neither,,-0.03889684003543381,-0.04286064164924541,0.014336467647049433,comparable
downside,d0,2026-03-26 17:00:00,2026-03-26 18:00:00,2026-03-27 00:00:00,2026-03-28 00:00:00,6,-0.032619197217052975,neither,,-0.03512759088322037,-0.04755440749337425,0.005230989186700619,comparable
downside,d0,2026-04-19 21:00:00,2026-04-19 22:00:00,2026-04-19 23:00:00,2026-04-20 23:00:00,1,-0.018411547254173377,upper_first,19.0,0.026160766289773596,-0.0043945334914244905,0.03419848672189052,comparable
downside,d0,2026-04-19 21:00:00,2026-04-19 22:00:00,2026-04-20 04:00:00,2026-04-21 04:00:00,6,-0.018411547254173377,neither,,0.014366012704254638,-0.007223853891699106,0.025875911871098722,comparable
downside,d0,2026-04-27 15:00:00,2026-04-27 16:00:00,2026-04-27 17:00:00,2026-04-28 17:00:00,1,-0.016624520662045228,neither,,-0.0066118181305587775,-0.012647515187459879,0.011265947093969109,comparable
downside,d0,2026-04-27 15:00:00,2026-04-27 16:00:00,2026-04-27 22:00:00,2026-04-28 22:00:00,6,-0.016624520662045228,neither,,-0.005567942799543646,-0.014720161673396737,0.009143101561261746,comparable
downside,d0,2026-04-29 18:00:00,2026-04-29 19:00:00,2026-04-29 20:00:00,2026-04-30 20:00:00,1,-0.009667195219773661,neither,,0.011186210439350974,-0.003170942253103437,0.014912696479260967,comparable
downside,d0,2026-04-29 18:00:00,2026-04-29 19:00:00,2026-04-30 01:00:00,2026-05-01 01:00:00,6,-0.009667195219773661,neither,,0.002709309936790971,-0.012182973016978571,0.00573717699351084,comparable
downside,d0,2026-05-12 16:00:00,2026-05-12 17:00:00,2026-05-12 18:00:00,2026-05-13 18:00:00,1,-0.019427116370796194,neither,,-0.012531274143937288,-0.022287179598033613,0.009940143223435394,comparable
downside,d0,2026-05-12 16:00:00,2026-05-12 17:00:00,2026-05-12 23:00:00,2026-05-13 23:00:00,6,-0.019427116370796194,neither,,-0.015418404689782506,-0.024059526793096087,0.008109376005626778,comparable
downside,d0,2026-05-16 07:00:00,2026-05-16 08:00:00,2026-05-16 09:00:00,2026-05-17 09:00:00,1,-0.030715677918704554,neither,,-0.004040708456677589,-0.009772520196843715,0.00030775170663766005,comparable
downside,d0,2026-05-16 07:00:00,2026-05-16 08:00:00,2026-05-16 14:00:00,2026-05-17 14:00:00,6,-0.030715677918704554,neither,,0.0024774983012081364,-0.0038462776421551714,0.007541622804987158,comparable
downside,d0,2026-05-17 23:00:00,2026-05-18 00:00:00,2026-05-18 01:00:00,2026-05-19 01:00:00,1,-0.008934843855326391,neither,,-0.0011223834702630553,-0.015215740997281957,0.007751327201282798,comparable
downside,d0,2026-05-17 23:00:00,2026-05-18 00:00:00,2026-05-18 06:00:00,2026-05-19 06:00:00,6,-0.008934843855326391,neither,,-0.0004628089197509233,-0.011529639412276915,0.011523395784354351,comparable
downside,d0,2026-05-22 19:00:00,2026-05-22 20:00:00,2026-05-22 21:00:00,2026-05-23 21:00:00,1,-0.023757513850067413,neither,,0.016876902691808304,-0.022339103953382455,0.017150447580577266,comparable
downside,d0,2026-05-22 19:00:00,2026-05-22 20:00:00,2026-05-23 02:00:00,2026-05-24 02:00:00,6,-0.023757513850067413,neither,,0.018419776316604297,-0.015980985147497906,0.02523656168242505,comparable
downside,d0,2026-05-26 22:00:00,2026-05-26 23:00:00,2026-05-27 00:00:00,2026-05-28 00:00:00,1,-0.018337840067172095,neither,,-0.01990594267673007,-0.022579955978218713,0.0027373160428929566,comparable
downside,d0,2026-05-26 22:00:00,2026-05-26 23:00:00,2026-05-27 05:00:00,2026-05-28 05:00:00,6,-0.018337840067172095,neither,,-0.0319401773963881,-0.03747263098918907,0.007792753811249664,comparable
downside,d0,2026-05-28 03:00:00,2026-05-28 04:00:00,2026-05-28 05:00:00,2026-05-29 05:00:00,1,-0.031910030790101906,neither,,0.004802838272314425,-0.008090122156230284,0.01103593050986662,comparable
downside,d0,2026-05-28 03:00:00,2026-05-28 04:00:00,2026-05-28 10:00:00,2026-05-29 10:00:00,6,-0.031910030790101906,neither,,0.0030473111711859513,-0.013174230026428702,0.0058537906338804735,comparable
downside,d0,2026-06-01 12:00:00,2026-06-01 13:00:00,2026-06-01 14:00:00,2026-06-02 14:00:00,1,-0.022721471308721042,neither,,-0.04059914637957274,-0.041496686922910975,0.0025590731849669535,comparable
downside,d0,2026-06-01 12:00:00,2026-06-01 13:00:00,2026-06-01 19:00:00,2026-06-02 19:00:00,6,-0.022721471308721042,lower_first,19.0,-0.05857629885659266,-0.06243859245897543,0.002878232286371185,comparable
downside,d0,2026-06-02 22:00:00,2026-06-02 23:00:00,2026-06-03 00:00:00,2026-06-04 00:00:00,1,-0.0703158099045702,neither,,-0.0392817414746367,-0.04010654313144091,0.01137215161768701,comparable
downside,d0,2026-06-02 22:00:00,2026-06-02 23:00:00,2026-06-03 05:00:00,2026-06-04 05:00:00,6,-0.0703158099045702,lower_first,19.0,-0.030860950059991232,-0.07634018938044884,0.0156691139205416,comparable
downside,d0,2026-06-03 23:00:00,2026-06-04 00:00:00,2026-06-04 01:00:00,2026-06-05 01:00:00,1,-0.03928015019873743,neither,,0.0014449560284388596,-0.030753059228020296,0.02277275995454553,comparable
downside,d0,2026-06-03 23:00:00,2026-06-04 00:00:00,2026-06-04 06:00:00,2026-06-05 06:00:00,6,-0.03928015019873743,neither,,-0.025481139458444213,-0.027509312881515147,0.008661918923149159,comparable
downside,d0,2026-06-05 13:00:00,2026-06-05 14:00:00,2026-06-05 15:00:00,2026-06-06 15:00:00,1,-0.054484854151084505,neither,,-0.0008961158393324675,-0.028692478200954552,0.018969867981583732,comparable
downside,d0,2026-06-05 13:00:00,2026-06-05 14:00:00,2026-06-05 20:00:00,2026-06-06 20:00:00,6,-0.054484854151084505,neither,,0.0049439044233789975,-0.013534755594996839,0.028335770660182336,comparable
downside,d0,2026-06-18 04:00:00,2026-06-18 05:00:00,2026-06-18 06:00:00,2026-06-19 06:00:00,1,-0.030607828359287104,neither,,-0.019472773457917203,-0.02754623592764327,0.010413242818856583,comparable
downside,d0,2026-06-18 04:00:00,2026-06-18 05:00:00,2026-06-18 11:00:00,2026-06-19 11:00:00,6,-0.030607828359287104,neither,,-0.024329782581531956,-0.029117830813444878,0.005596495064350782,comparable
downside,d0,2026-06-23 06:00:00,2026-06-23 07:00:00,2026-06-23 08:00:00,2026-06-24 08:00:00,1,-0.016368484373574632,neither,,-0.0038342177302597147,-0.015018427523317723,0.003749352564766939,comparable
downside,d0,2026-06-23 06:00:00,2026-06-23 07:00:00,2026-06-23 13:00:00,2026-06-24 13:00:00,6,-0.016368484373574632,neither,,0.005522435275266968,-0.004945874891382318,0.015716698330580314,comparable
downside,d0,2026-06-24 13:00:00,2026-06-24 14:00:00,2026-06-24 15:00:00,2026-06-25 15:00:00,1,-0.01879017919027437,neither,,-0.026939277068706136,-0.04946034750090833,0.013937205711694434,comparable
downside,d0,2026-06-24 13:00:00,2026-06-24 14:00:00,2026-06-24 20:00:00,2026-06-25 20:00:00,6,-0.01879017919027437,upper_first,9.0,-0.010616836656109907,-0.031081890619837016,0.0335414391240445,comparable
downside,d0,2026-06-30 12:00:00,2026-06-30 13:00:00,2026-06-30 14:00:00,2026-07-01 14:00:00,1,-0.026038275809357803,neither,,0.013510678471027715,-0.01554908323807358,0.013999172425744444,comparable
downside,d0,2026-06-30 12:00:00,2026-06-30 13:00:00,2026-06-30 19:00:00,2026-07-01 19:00:00,6,-0.026038275809357803,upper_first,20.0,0.02602762338795417,-0.014723778923446118,0.03233044958805942,comparable
downside,d0,2026-07-13 02:00:00,2026-07-13 03:00:00,2026-07-13 04:00:00,2026-07-14 04:00:00,1,-0.010999318457677765,neither,,-0.0041200747563241436,-0.01605629318832469,0.00744806645530649,comparable
downside,d0,2026-07-13 02:00:00,2026-07-13 03:00:00,2026-07-13 09:00:00,2026-07-14 09:00:00,6,-0.010999318457677765,neither,,-0.008095656649641736,-0.02203903868234547,7.126737142182371e-05,comparable
downside,d0,2026-07-23 17:00:00,2026-07-23 18:00:00,2026-07-23 19:00:00,2026-07-24 19:00:00,1,-0.020939542805536338,neither,,-0.009206947705808544,-0.018000672143598018,0.014739016639720104,comparable
downside,d0,2026-07-23 17:00:00,2026-07-23 18:00:00,2026-07-24 00:00:00,2026-07-25 00:00:00,6,-0.020939542805536338,neither,,-0.014879501144021257,-0.021678910348211677,0.010938146605660393,comparable
downside,d0,2026-07-27 23:00:00,2026-07-28 00:00:00,2026-07-28 01:00:00,2026-07-29 01:00:00,1,-0.025200689244911367,neither,,0.007171479949450887,-0.012267702245778112,0.010852452838815863,comparable
downside,d0,2026-07-27 23:00:00,2026-07-28 00:00:00,2026-07-28 06:00:00,2026-07-29 06:00:00,6,-0.025200689244911367,neither,,0.009445196104341802,-0.011563272889358767,0.011573370990836773,comparable
downside,d0,2026-07-31 14:00:00,2026-07-31 15:00:00,2026-07-31 16:00:00,2026-08-01 16:00:00,1,-0.031265418361074215,neither,,0.004998901410537826,-0.00015967870090516367,0.009760200914128658,comparable
downside,d0,2026-07-31 14:00:00,2026-07-31 15:00:00,2026-07-31 21:00:00,2026-08-01 21:00:00,6,-0.031265418361074215,neither,,-0.004571298826042791,-0.010853455925762812,0.0031894150661422316,comparable
downside,d0,2026-08-10 15:00:00,2026-08-10 16:00:00,2026-08-10 17:00:00,2026-08-11 17:00:00,1,-0.014409515060915257,neither,,-0.006239300213396581,-0.007238064446295933,0.009406335229199536,comparable
downside,d0,2026-08-10 15:00:00,2026-08-10 16:00:00,2026-08-10 22:00:00,2026-08-11 22:00:00,6,-0.014409515060915257,neither,,-0.00460959499873026,-0.011769175391021514,0.00828052874839802,comparable
downside,d0,2026-08-11 18:00:00,2026-08-11 19:00:00,2026-08-11 20:00:00,2026-08-12 20:00:00,1,-0.007993617892465998,neither,,-0.0019645885629402393,-0.003669206708938444,0.014929234476930064,comparable
downside,d0,2026-08-11 18:00:00,2026-08-11 19:00:00,2026-08-12 01:00:00,2026-08-13 01:00:00,6,-0.007993617892465998,neither,,-0.0030649270221075886,-0.00705283375813226,0.01148244548484234,comparable
downside,d0,2026-08-13 16:00:00,2026-08-13 17:00:00,2026-08-13 18:00:00,2026-08-14 18:00:00,1,-0.005201454262914185,neither,,-0.0018761687407106153,-0.00954193450390528,0.008973360084553628,comparable
downside,d0,2026-08-13 16:00:00,2026-08-13 17:00:00,2026-08-13 23:00:00,2026-08-14 23:00:00,6,-0.005201454262914185,neither,,-0.010223224935844821,-0.01568039123059073,0.0015459318718491488,comparable
downside,d0,2026-09-08 04:00:00,2026-09-08 05:00:00,2026-09-08 06:00:00,2026-09-09 06:00:00,1,-0.01328114483162346,neither,,0.004646320197146503,-0.012319622530401197,0.01031814054520308,comparable
downside,d0,2026-09-08 04:00:00,2026-09-08 05:00:00,2026-09-08 11:00:00,2026-09-09 11:00:00,6,-0.01328114483162346,neither,,0.004680893598517422,-0.012034891827313321,0.015516561903324844,comparable
downside,d0,2026-09-10 12:00:00,2026-09-10 13:00:00,2026-09-10 14:00:00,2026-09-11 14:00:00,1,-0.03416210019385013,neither,,0.026946003773153482,-0.014453557728029698,0.02806363910463694,comparable
downside,d0,2026-09-10 12:00:00,2026-09-10 13:00:00,2026-09-10 19:00:00,2026-09-11 19:00:00,6,-0.03416210019385013,upper_first,19.0,-0.002456004623737962,-0.0153966172275678,0.034101879966966564,comparable
downside,d0,2026-09-15 14:00:00,2026-09-15 15:00:00,2026-09-15 16:00:00,2026-09-16 16:00:00,1,-0.03349143446200353,neither,,-0.00959969240809011,-0.020629713352326773,0.010881979259778518,comparable
downside,d0,2026-09-15 14:00:00,2026-09-15 15:00:00,2026-09-15 21:00:00,2026-09-16 21:00:00,6,-0.03349143446200353,neither,,0.0030190874545563684,-0.012684068517878067,0.008251451882280492,comparable
downside,d0,2026-09-24 09:00:00,2026-09-24 10:00:00,2026-09-24 11:00:00,2026-09-25 11:00:00,1,-0.030331208785858155,neither,,0.014519212977240459,-0.0021790017479680346,0.017160267530730078,comparable
downside,d0,2026-09-24 09:00:00,2026-09-24 10:00:00,2026-09-24 16:00:00,2026-09-25 16:00:00,6,-0.030331208785858155,neither,,-0.0073742012308777305,-0.015582225193033206,0.009994143811081768,comparable
downside,d1,2016-01-12 23:00:00,2016-01-13 00:00:00,2016-01-13 01:00:00,2016-01-14 01:00:00,1,-0.03379416282642089,neither,,0.005748865355521993,-0.010287443267775975,0.017479343651809698,comparable
downside,d1,2016-01-12 23:00:00,2016-01-13 00:00:00,2016-01-13 06:00:00,2016-01-14 06:00:00,6,-0.03379416282642089,neither,,-0.00048526863084918936,-0.01737723859041007,0.005823223570190494,comparable
downside,d1,2016-01-15 01:00:00,2016-01-15 02:00:00,2016-01-15 03:00:00,2016-01-16 03:00:00,1,-0.026406826568265762,lower_first,4.0,-0.11297467604766309,-0.1542889631156279,0.0022268021699476392,comparable
downside,d1,2016-01-15 01:00:00,2016-01-15 02:00:00,2016-01-15 08:00:00,2016-01-16 08:00:00,6,-0.026406826568265762,lower_first,5.0,-0.11982248520710059,-0.11984714003944774,0.012499999999999956,comparable
downside,d1,2016-01-28 02:00:00,2016-01-28 03:00:00,2016-01-28 04:00:00,2016-01-29 04:00:00,1,-0.01993845527834992,lower_first,23.0,-0.027159010785261062,-0.05139320502441702,0.007312041365262534,comparable
downside,d1,2016-01-28 02:00:00,2016-01-28 03:00:00,2016-01-28 09:00:00,2016-01-29 09:00:00,6,-0.01993845527834992,lower_first,18.0,-0.02373401268586872,-0.05570864094832073,0.001247790371217583,comparable
downside,d1,2016-02-23 08:00:00,2016-02-23 09:00:00,2016-02-23 10:00:00,2016-02-24 10:00:00,1,-0.026440818012807177,neither,,-0.010693546102639173,-0.03215145649402773,0.004674000283272806,comparable
downside,d1,2016-02-23 08:00:00,2016-02-23 09:00:00,2016-02-23 15:00:00,2016-02-24 15:00:00,6,-0.026440818012807177,neither,,-0.0030711079612568692,-0.03141979683439644,0.005433498700685213,comparable
downside,d1,2016-03-02 13:00:00,2016-03-02 14:00:00,2016-03-02 15:00:00,2016-03-03 15:00:00,1,-0.017310038441175735,neither,,-0.019732238652796608,-0.04690488407892901,0.0029388440546718186,comparable
downside,d1,2016-03-02 13:00:00,2016-03-02 14:00:00,2016-03-02 20:00:00,2016-03-03 20:00:00,6,-0.017310038441175735,neither,,-0.034325956672807356,-0.047104913368934076,0.0009794090898491703,comparable
downside,d1,2016-03-05 01:00:00,2016-03-05 02:00:00,2016-03-05 03:00:00,2016-03-06 03:00:00,1,-0.0491363765777737,neither,,-0.014946263434141516,-0.04751312171957023,0.021819545113721528,comparable
downside,d1,2016-03-05 01:00:00,2016-03-05 02:00:00,2016-03-05 08:00:00,2016-03-06 08:00:00,6,-0.0491363765777737,neither,,0.006555723651033629,-0.039107413010590175,0.010514372163388686,comparable
downside,d1,2016-03-18 14:00:00,2016-03-18 15:00:00,2016-03-18 16:00:00,2016-03-19 16:00:00,1,-0.018882337494927404,neither,,-0.003666137113528034,-0.024294268605645875,0.008138824392032395,comparable
downside,d1,2016-03-18 14:00:00,2016-03-18 15:00:00,2016-03-18 21:00:00,2016-03-19 21:00:00,6,-0.018882337494927404,neither,,-0.0007379347665666947,-0.004476804250504229,0.010970630196290632,comparable
downside,d1,2016-04-08 19:00:00,2016-04-08 20:00:00,2016-04-08 21:00:00,2016-04-09 21:00:00,1,-0.006808692351489842,neither,,-0.002190267593562556,-0.010784687172650242,9.522902580694215e-05,comparable
downside,d1,2016-04-08 19:00:00,2016-04-08 20:00:00,2016-04-09 02:00:00,2016-04-10 02:00:00,6,-0.006808692351489842,neither,,0.0077448747152619735,-0.001414698477400833,0.00836830116293008,comparable
downside,d1,2016-05-02 08:00:00,2016-05-02 09:00:00,2016-05-02 10:00:00,2016-05-03 10:00:00,1,-0.023932559667177555,neither,,0.012593777457363675,-0.004663527609435225,0.013810349877216188,comparable
downside,d1,2016-05-02 08:00:00,2016-05-02 09:00:00,2016-05-02 15:00:00,2016-05-03 15:00:00,6,-0.023932559667177555,neither,,0.01527940778189052,-0.0014218651259365611,0.01611447142728184,comparable
downside,d1,2016-05-10 09:00:00,2016-05-10 10:00:00,2016-05-10 11:00:00,2016-05-11 11:00:00,1,-0.00838146523646155,neither,,0.008741065303502937,-0.0029653234194161326,0.014959392772577296,comparable
downside,d1,2016-05-10 09:00:00,2016-05-10 10:00:00,2016-05-10 16:00:00,2016-05-11 16:00:00,6,-0.00838146523646155,neither,,0.008018201095599808,-0.0028494433645520623,0.01309860399363827,comparable
downside,d1,2016-05-16 19:00:00,2016-05-16 20:00:00,2016-05-16 21:00:00,2016-05-17 21:00:00,1,-0.017294746639537673,neither,,0.0008366174236587032,-0.0010347636555777528,0.007221329341053684,comparable
downside,d1,2016-05-16 19:00:00,2016-05-16 20:00:00,2016-05-17 02:00:00,2016-05-18 02:00:00,6,-0.017294746639537673,neither,,-0.0016227714304510865,-0.008355079932457654,0.002719238613188235,comparable
downside,d1,2016-05-19 09:00:00,2016-05-19 10:00:00,2016-05-19 11:00:00,2016-05-20 11:00:00,1,-0.012847496272910708,neither,,-0.014312701411267947,-0.03322591399044339,0.0008445382820312375,comparable
downside,d1,2016-05-19 09:00:00,2016-05-19 10:00:00,2016-05-19 16:00:00,2016-05-20 16:00:00,6,-0.012847496272910708,neither,,-0.012033962516435404,-0.030597463953825232,0.0010474004412452942,comparable
downside,d1,2016-06-21 00:00:00,2016-06-21 01:00:00,2016-06-21 02:00:00,2016-06-22 02:00:00,1,-0.11794563983454465,upper_first,2.0,-0.02979955905874898,-0.09419715549663532,0.03500151303370447,comparable
downside,d1,2016-06-21 00:00:00,2016-06-21 01:00:00,2016-06-21 07:00:00,2016-06-22 07:00:00,6,-0.11794563983454465,lower_first,4.0,-0.05266439909297049,-0.10912698412698407,0.010289115646258562,comparable
downside,d1,2016-06-23 01:00:00,2016-06-23 02:00:00,2016-06-23 03:00:00,2016-06-24 03:00:00,1,-0.17099753511715632,upper_first,0.0,0.18355060034305315,-0.0303945111492282,0.18780445969125226,comparable
downside,d1,2016-06-23 01:00:00,2016-06-23 02:00:00,2016-06-23 08:00:00,2016-06-24 08:00:00,6,-0.17099753511715632,upper_first,9.0,0.15676048518699215,-0.049006577951245744,0.17763833044531552,comparable
downside,d1,2016-07-03 14:00:00,2016-07-03 15:00:00,2016-07-03 16:00:00,2016-07-04 16:00:00,1,-0.045303323979518084,upper_first,12.0,0.028223229772084135,-0.009524389130633248,0.04021239692054901,comparable
downside,d1,2016-07-03 14:00:00,2016-07-03 15:00:00,2016-07-03 21:00:00,2016-07-04 21:00:00,6,-0.045303323979518084,neither,,0.01805547217386083,-0.019691421024194078,0.026130155490184492,comparable
downside,d1,2016-07-07 04:00:00,2016-07-07 05:00:00,2016-07-07 06:00:00,2016-07-08 06:00:00,1,-0.04553747461966262,lower_first,10.0,-0.010176704598020003,-0.05643445277083903,0.004841644308755111,comparable
downside,d1,2016-07-07 04:00:00,2016-07-07 05:00:00,2016-07-07 11:00:00,2016-07-08 11:00:00,6,-0.04553747461966262,lower_first,6.0,-0.0033013530897876286,-0.05153520668330258,0.01002805375160798,comparable
downside,d1,2016-07-21 02:00:00,2016-07-21 03:00:00,2016-07-21 04:00:00,2016-07-22 04:00:00,1,-0.01844553751333422,neither,,0.01015282031167497,-1.5085914281787183e-05,0.0102885935402115,comparable
downside,d1,2016-07-21 02:00:00,2016-07-21 03:00:00,2016-07-21 09:00:00,2016-07-22 09:00:00,6,-0.01844553751333422,neither,,0.004903656683864721,-0.0011883094417953766,0.00771649042583622,comparable
downside,d1,2016-07-22 13:00:00,2016-07-22 14:00:00,2016-07-22 15:00:00,2016-07-23 15:00:00,1,-0.013934192132517564,neither,,0.004037541518115528,-0.013331505012645906,0.00915683944297152,comparable
downside,d1,2016-07-22 13:00:00,2016-07-22 14:00:00,2016-07-22 20:00:00,2016-07-23 20:00:00,6,-0.013934192132517564,neither,,-0.0007442849548112696,-0.01634389002810055,0.006075795549479679,comparable
downside,d1,2016-07-26 06:00:00,2016-07-26 07:00:00,2016-07-26 08:00:00,2016-07-27 08:00:00,1,-0.015659512239706297,neither,,0.011316793009217063,-0.001775485942783206,0.017415201247471757,comparable
downside,d1,2016-07-26 06:00:00,2016-07-26 07:00:00,2016-07-26 13:00:00,2016-07-27 13:00:00,6,-0.015659512239706297,neither,,0.004751068606045683,-0.0058734893446908965,0.013238414465389425,comparable
downside,d1,2016-07-31 02:00:00,2016-07-31 03:00:00,2016-07-31 04:00:00,2016-08-01 04:00:00,1,-0.029330054196839317,neither,,-0.028395912994421124,-0.03620008775778849,0.01548298125744374,comparable
downside,d1,2016-07-31 02:00:00,2016-07-31 03:00:00,2016-07-31 09:00:00,2016-08-01 09:00:00,6,-0.029330054196839317,neither,,-0.02763360920185165,-0.04144262090678141,0.0,comparable
downside,d1,2016-08-01 18:00:00,2016-08-01 19:00:00,2016-08-01 20:00:00,2016-08-02 20:00:00,1,-0.03828885400313975,lower_first,22.0,-0.07535867595932555,-0.09199079439176072,0.004945566128584877,comparable
downside,d1,2016-08-01 18:00:00,2016-08-01 19:00:00,2016-08-02 01:00:00,2016-08-03 01:00:00,6,-0.03828885400313975,lower_first,17.0,-0.13094421021668812,-0.21070693205216207,0.002353171879595939,comparable
downside,d1,2016-08-02 21:00:00,2016-08-02 22:00:00,2016-08-02 23:00:00,2016-08-03 23:00:00,1,-0.09988946324652936,upper_first,0.0,0.15252261306532655,-0.029145728643216073,0.1574472361809045,comparable
downside,d1,2016-08-02 21:00:00,2016-08-02 22:00:00,2016-08-03 04:00:00,2016-08-04 04:00:00,6,-0.09988946324652936,upper_first,9.0,0.09254748255462553,-0.04888367918826364,0.0988296488946685,comparable
downside,d1,2016-08-14 03:00:00,2016-08-14 04:00:00,2016-08-14 05:00:00,2016-08-15 05:00:00,1,-0.00854293591096289,neither,,-0.018513439385628216,-0.031147147558968635,0.0019027701590783597,comparable
downside,d1,2016-08-14 03:00:00,2016-08-14 04:00:00,2016-08-14 10:00:00,2016-08-15 10:00:00,6,-0.00854293591096289,neither,,-0.01933474779275901,-0.03293751283279722,1.7110396276720508e-05,comparable
downside,d1,2016-08-27 15:00:00,2016-08-27 16:00:00,2016-08-27 17:00:00,2016-08-28 17:00:00,1,-0.014522570494977627,neither,,0.005157985227810968,-0.0018245934139194953,0.007245741153353524,comparable
downside,d1,2016-08-27 15:00:00,2016-08-27 16:00:00,2016-08-27 22:00:00,2016-08-28 22:00:00,6,-0.014522570494977627,neither,,0.006288316692941054,-0.0021895253109125434,0.006305832895428409,comparable
downside,d1,2016-09-11 19:00:00,2016-09-11 20:00:00,2016-09-11 21:00:00,2016-09-12 21:00:00,1,-0.03147804378440655,neither,,0.006265331830537679,-0.0034475900019890204,0.010160445534707963,comparable
downside,d1,2016-09-11 19:00:00,2016-09-11 20:00:00,2016-09-12 02:00:00,2016-09-13 02:00:00,6,-0.03147804378440655,neither,,0.0002628898163057336,-0.00923400479773917,0.0013637409220861318,comparable
downside,d1,2016-10-18 15:00:00,2016-10-18 16:00:00,2016-10-18 17:00:00,2016-10-19 17:00:00,1,-0.005924744798261772,neither,,-0.01315624017604522,-0.016661427224143432,0.0012417478780257785,comparable
downside,d1,2016-10-18 15:00:00,2016-10-18 16:00:00,2016-10-18 22:00:00,2016-10-19 22:00:00,6,-0.005924744798261772,neither,,-0.01043815041642393,-0.015066832501534955,0.0028653746241165123,comparable
downside,d1,2016-11-03 18:00:00,2016-11-03 19:00:00,2016-11-03 20:00:00,2016-11-04 20:00:00,1,-0.051907872121003784,neither,,-0.009740812159709678,-0.04293330308529941,0.01373922413793105,comparable
downside,d1,2016-11-03 18:00:00,2016-11-03 19:00:00,2016-11-04 01:00:00,2016-11-05 01:00:00,6,-0.051907872121003784,neither,,0.0075035663338087755,-0.01733238231098433,0.010456490727532186,comparable
downside,d1,2016-11-13 00:00:00,2016-11-13 01:00:00,2016-11-13 02:00:00,2016-11-14 02:00:00,1,-0.024122776421346304,neither,,0.012012357209569613,-0.014728069545225986,0.014354479488468908,comparable
downside,d1,2016-11-13 00:00:00,2016-11-13 01:00:00,2016-11-13 07:00:00,2016-11-14 07:00:00,6,-0.024122776421346304,neither,,0.016093445814406193,-0.011176004037782072,0.01801139231379345,comparable
downside,d1,2016-11-20 18:00:00,2016-11-20 19:00:00,2016-11-20 20:00:00,2016-11-21 20:00:00,1,-0.04355702373657999,neither,,0.011248439621942774,-0.004650269551022657,0.013004293611709405,comparable
downside,d1,2016-11-20 18:00:00,2016-11-20 19:00:00,2016-11-21 01:00:00,2016-11-22 01:00:00,6,-0.04355702373657999,neither,,0.0009010853983206779,-0.0033449382210390954,0.008218991057409974,comparable
downside,d1,2016-12-05 04:00:00,2016-12-05 05:00:00,2016-12-05 06:00:00,2016-12-06 06:00:00,1,-0.01598048424128573,neither,,0.0009008054260279952,-0.008319203052140733,0.0043053200508689216,comparable
downside,d1,2016-12-05 04:00:00,2016-12-05 05:00:00,2016-12-05 11:00:00,2016-12-06 11:00:00,6,-0.01598048424128573,neither,,0.007587112520062167,-0.007043281028239368,0.00978896685280728,comparable
downside,d1,2017-01-05 12:00:00,2017-01-05 13:00:00,2017-01-05 14:00:00,2017-01-06 14:00:00,1,-0.10383501840333909,upper_first,1.0,-0.06152425804711559,-0.09232269374799018,0.07244738125123185,comparable
downside,d1,2017-01-05 12:00:00,2017-01-05 13:00:00,2017-01-05 19:00:00,2017-01-06 19:00:00,6,-0.10383501840333909,upper_first,5.0,-0.10998250095540762,-0.1200092523684052,0.039734899531347345,comparable
downside,d1,2017-01-11 09:00:00,2017-01-11 10:00:00,2017-01-11 11:00:00,2017-01-12 11:00:00,1,-0.04846807626256555,lower_first,1.0,-0.11206333566297355,-0.15830478569218953,0.0024747654128620677,comparable
downside,d1,2017-01-11 09:00:00,2017-01-11 10:00:00,2017-01-11 16:00:00,2017-01-12 16:00:00,6,-0.04846807626256555,lower_first,1.0,-0.005363128491620128,-0.08797020484171325,0.016312849162011256,comparable
downside,d1,2017-02-09 13:00:00,2017-02-09 14:00:00,2017-02-09 15:00:00,2017-02-10 15:00:00,1,-0.049730124277290066,upper_first,9.0,0.003323738325498704,-0.02048085485307205,0.035391082855308786,comparable
downside,d1,2017-02-09 13:00:00,2017-02-09 14:00:00,2017-02-09 20:00:00,2017-02-10 20:00:00,6,-0.049730124277290066,upper_first,3.0,0.03048399199599805,-0.0039082041020510605,0.042146073036518406,comparable
downside,d1,2017-03-07 11:00:00,2017-03-07 12:00:00,2017-03-07 13:00:00,2017-03-08 13:00:00,1,-0.052471471026419025,lower_first,15.0,-0.029357901785354024,-0.06819520302049964,0.0165062564036369,comparable
downside,d1,2017-03-07 11:00:00,2017-03-07 12:00:00,2017-03-07 18:00:00,2017-03-08 18:00:00,6,-0.052471471026419025,lower_first,10.0,-0.05364036519067428,-0.08065556024292975,2.38790763573693e-05,comparable
downside,d1,2017-03-10 21:00:00,2017-03-10 22:00:00,2017-03-10 23:00:00,2017-03-11 23:00:00,1,-0.08518147249123909,upper_first,1.0,0.08496342056709594,-0.026537300006425624,0.11895429636225097,comparable
downside,d1,2017-03-10 21:00:00,2017-03-10 22:00:00,2017-03-11 04:00:00,2017-03-12 04:00:00,6,-0.08518147249123909,upper_first,3.0,0.030417292939121987,-0.0008601291062476646,0.05908826314737747,comparable
downside,d1,2017-03-16 19:00:00,2017-03-16 20:00:00,2017-03-16 21:00:00,2017-03-17 21:00:00,1,-0.05592663783437446,upper_first,2.0,-0.03821783036449544,-0.05614354440254843,0.032167468469639804,comparable
downside,d1,2017-03-16 19:00:00,2017-03-16 20:00:00,2017-03-17 02:00:00,2017-03-18 02:00:00,6,-0.05592663783437446,lower_first,1.0,-0.07447411350562372,-0.08496608568730146,0.004550528032969847,comparable
downside,d1,2017-03-18 13:00:00,2017-03-18 14:00:00,2017-03-18 15:00:00,2017-03-19 15:00:00,1,-0.09892030043813893,lower_first,0.0,-0.003238971952307934,-0.0780060768328269,0.014921332089888883,comparable
downside,d1,2017-03-18 13:00:00,2017-03-18 14:00:00,2017-03-18 20:00:00,2017-03-19 20:00:00,6,-0.09892030043813893,lower_first,0.0,0.07866305514386451,-0.060213624980835045,0.08644145755608945,comparable
downside,d1,2017-03-24 12:00:00,2017-03-24 13:00:00,2017-03-24 14:00:00,2017-03-25 14:00:00,1,-0.07474010090200267,lower_first,9.0,-0.040416636853349064,-0.09021680244503272,0.021526918870296896,comparable
downside,d1,2017-03-24 12:00:00,2017-03-24 13:00:00,2017-03-24 19:00:00,2017-03-25 19:00:00,6,-0.07474010090200267,lower_first,4.0,-0.02914754668002084,-0.09036557073798901,0.0020644475558779796,comparable
downside,d1,2017-04-13 06:00:00,2017-04-13 07:00:00,2017-04-13 08:00:00,2017-04-14 08:00:00,1,-0.02862023372506517,neither,,-0.003522246205846402,-0.03871960912270134,0.002292388266987855,comparable
downside,d1,2017-04-13 06:00:00,2017-04-13 07:00:00,2017-04-13 13:00:00,2017-04-14 13:00:00,6,-0.02862023372506517,neither,,-0.015428848436220166,-0.039683733681025735,0.0011199705798772275,comparable
downside,d1,2017-05-12 19:00:00,2017-05-12 20:00:00,2017-05-12 21:00:00,2017-05-13 21:00:00,1,-0.09847832328452477,upper_first,1.0,0.041501365957952396,-0.04382943342439716,0.04161420596270338,comparable
downside,d1,2017-05-12 19:00:00,2017-05-12 20:00:00,2017-05-13 02:00:00,2017-05-14 02:00:00,6,-0.09847832328452477,upper_first,3.0,0.10292135927658097,-0.01828669687010287,0.10647625900157931,comparable
downside,d1,2017-06-12 10:00:00,2017-06-12 11:00:00,2017-06-12 12:00:00,2017-06-13 12:00:00,1,-0.04834179019188001,lower_first,5.0,-0.02294333973846885,-0.11339608926887901,0.02982706133816948,comparable
downside,d1,2017-06-12 10:00:00,2017-06-12 11:00:00,2017-06-12 17:00:00,2017-06-13 17:00:00,6,-0.04834179019188001,lower_first,0.0,0.01973292886033784,-0.08402852129431371,0.04054767428027595,comparable
downside,d1,2017-06-14 22:00:00,2017-06-14 23:00:00,2017-06-15 00:00:00,2017-06-16 00:00:00,1,-0.11474116570802106,upper_first,1.0,-0.009139835787205897,-0.15714514782851807,0.038150488650239955,comparable
downside,d1,2017-06-14 22:00:00,2017-06-14 23:00:00,2017-06-15 05:00:00,2017-06-16 05:00:00,6,-0.11474116570802106,lower_first,1.0,-0.005853271383455372,-0.15259842259296608,0.028100663040063534,comparable
downside,d1,2017-06-24 19:00:00,2017-06-24 20:00:00,2017-06-24 21:00:00,2017-06-25 21:00:00,1,-0.07221505217744018,neither,,-0.04041744773170963,-0.04370083171298722,0.018780490644684233,comparable
downside,d1,2017-06-24 19:00:00,2017-06-24 20:00:00,2017-06-25 02:00:00,2017-06-26 02:00:00,6,-0.07221505217744018,upper_first,7.0,0.007818583563582449,-0.03945657286738047,0.03760272266954434,comparable
downside,d1,2017-06-26 18:00:00,2017-06-26 19:00:00,2017-06-26 20:00:00,2017-06-27 20:00:00,1,-0.08659184597421787,upper_first,1.0,0.03736390523628508,-0.025326864213050415,0.06340972003977896,comparable
downside,d1,2017-06-26 18:00:00,2017-06-26 19:00:00,2017-06-27 01:00:00,2017-06-28 01:00:00,6,-0.08659184597421787,lower_first,13.0,0.04937470087604301,-0.05778554633039923,0.07433672513889755,comparable
downside,d1,2017-07-02 00:00:00,2017-07-02 01:00:00,2017-07-02 02:00:00,2017-07-03 02:00:00,1,-0.02810205483070105,upper_first,15.0,0.03736161596043086,-0.010141247157629207,0.05603412504771854,comparable
downside,d1,2017-07-02 00:00:00,2017-07-02 01:00:00,2017-07-02 07:00:00,2017-07-03 07:00:00,6,-0.02810205483070105,upper_first,10.0,0.032251804383371496,-0.001465803425438117,0.05083654020843298,comparable
downside,d1,2017-07-07 12:00:00,2017-07-07 13:00:00,2017-07-07 14:00:00,2017-07-08 14:00:00,1,-0.02440601260707942,neither,,0.0034325215525803365,-0.018227325096341063,0.008037026737118147,comparable
downside,d1,2017-07-07 12:00:00,2017-07-07 13:00:00,2017-07-07 19:00:00,2017-07-08 19:00:00,6,-0.02440601260707942,neither,,0.007051014527315713,-0.01777857270613492,0.0084977841372047,comparable
downside,d1,2017-07-10 13:00:00,2017-07-10 14:00:00,2017-07-10 15:00:00,2017-07-11 15:00:00,1,-0.047642742121904225,lower_first,8.0,-0.01459583796082553,-0.0641027240850045,0.010706664836467539,comparable
downside,d1,2017-07-10 13:00:00,2017-07-10 14:00:00,2017-07-10 20:00:00,2017-07-11 20:00:00,6,-0.047642742121904225,lower_first,3.0,-0.03896265922540454,-0.06429732888077488,0.0022415277321476967,comparable
downside,d1,2017-07-14 16:00:00,2017-07-14 17:00:00,2017-07-14 18:00:00,2017-07-15 18:00:00,1,-0.05705531172943712,lower_first,13.0,-0.05317775616141973,-0.10226002054564132,0.012800116364694247,comparable
downside,d1,2017-07-14 16:00:00,2017-07-14 17:00:00,2017-07-14 23:00:00,2017-07-15 23:00:00,6,-0.05705531172943712,lower_first,7.0,-0.08004158004158002,-0.10348255544762097,0.011420893516963293,comparable
downside,d1,2017-07-15 23:00:00,2017-07-16 00:00:00,2017-07-16 01:00:00,2017-07-17 01:00:00,1,-0.1140742544785408,upper_first,1.0,-0.009450558442089751,-0.10086732397823506,0.04525835617559215,comparable
downside,d1,2017-07-15 23:00:00,2017-07-16 00:00:00,2017-07-16 06:00:00,2017-07-17 06:00:00,6,-0.1140742544785408,lower_first,5.0,-0.010960438417536689,-0.12086483459338371,0.0,comparable
downside,d1,2017-07-25 06:00:00,2017-07-25 07:00:00,2017-07-25 08:00:00,2017-07-26 08:00:00,1,-0.015983222557315435,lower_first,4.0,-0.06900739097192021,-0.08504490052921154,0.013822466755618157,comparable
downside,d1,2017-07-25 06:00:00,2017-07-25 07:00:00,2017-07-25 13:00:00,2017-07-26 13:00:00,6,-0.015983222557315435,upper_first,11.0,-0.0026039197091829447,-0.0353998735577683,0.032874980243401186,comparable
downside,d1,2017-08-22 00:00:00,2017-08-22 01:00:00,2017-08-22 02:00:00,2017-08-23 02:00:00,1,-0.04702007835455446,lower_first,3.0,0.07145435985880533,-0.06923358640626909,0.07662058020628515,comparable
downside,d1,2017-08-22 00:00:00,2017-08-22 01:00:00,2017-08-22 07:00:00,2017-08-23 07:00:00,6,-0.04702007835455446,upper_first,2.0,0.07730345911949676,-0.006813417190775661,0.08621593291404617,comparable
downside,d1,2017-09-04 07:00:00,2017-09-04 08:00:00,2017-09-04 09:00:00,2017-09-05 09:00:00,1,-0.042433314488359075,upper_first,12.0,-0.009977085470742275,-0.04315795658442456,0.03541130902073153,comparable
downside,d1,2017-09-04 07:00:00,2017-09-04 08:00:00,2017-09-04 14:00:00,2017-09-05 14:00:00,6,-0.042433314488359075,lower_first,1.0,-0.013335585190189403,-0.05907346460769913,0.018188929308731838,comparable
downside,d1,2017-09-08 19:00:00,2017-09-08 20:00:00,2017-09-08 21:00:00,2017-09-09 21:00:00,1,-0.08989367577718044,upper_first,2.0,0.008458863335827571,-0.023289521362453325,0.04705198612699357,comparable
downside,d1,2017-09-08 19:00:00,2017-09-08 20:00:00,2017-09-09 02:00:00,2017-09-10 02:00:00,6,-0.08989367577718044,upper_first,3.0,0.004516861317441112,-0.025775009963664663,0.037141745074686705,comparable
downside,d1,2017-09-12 18:00:00,2017-09-12 19:00:00,2017-09-12 20:00:00,2017-09-13 20:00:00,1,-0.027865183425681006,lower_first,7.0,-0.07611932776739194,-0.10583367930482535,0.009810391623730208,comparable
downside,d1,2017-09-12 18:00:00,2017-09-12 19:00:00,2017-09-13 01:00:00,2017-09-14 01:00:00,6,-0.027865183425681006,lower_first,3.0,-0.05558262967430638,-0.1010856453558504,0.0015006031363089534,comparable
downside,d1,2017-09-14 11:00:00,2017-09-14 12:00:00,2017-09-14 13:00:00,2017-09-15 13:00:00,1,-0.054501681342980834,upper_first,1.0,-0.03543012289225489,-0.14975421549014,0.034721348956844755,comparable
downside,d1,2017-09-14 11:00:00,2017-09-14 12:00:00,2017-09-14 18:00:00,2017-09-15 18:00:00,6,-0.054501681342980834,upper_first,0.0,0.0845309200603317,-0.10256108597285063,0.1748054298642534,comparable
downside,d1,2017-09-21 14:00:00,2017-09-21 15:00:00,2017-09-21 16:00:00,2017-09-22 16:00:00,1,-0.057603778572461795,lower_first,19.0,-0.058710008863997465,-0.06574264594319057,0.0029280472320636353,comparable
downside,d1,2017-09-21 14:00:00,2017-09-21 15:00:00,2017-09-21 21:00:00,2017-09-22 21:00:00,6,-0.057603778572461795,upper_first,7.0,-0.01065407366468396,-0.03971337422775756,0.030870547806530313,comparable
downside,d1,2017-10-04 12:00:00,2017-10-04 13:00:00,2017-10-04 14:00:00,2017-10-05 14:00:00,1,-0.015076083923299288,neither,,0.021778150337197877,-0.017293229521860964,0.02564266499962109,comparable
downside,d1,2017-10-04 12:00:00,2017-10-04 13:00:00,2017-10-04 19:00:00,2017-10-05 19:00:00,6,-0.015076083923299288,upper_first,17.0,0.033281303990372546,-0.011042930165500953,0.03396523168944432,comparable
downside,d1,2017-10-18 06:00:00,2017-10-18 07:00:00,2017-10-18 08:00:00,2017-10-19 08:00:00,1,-0.057073436890255125,upper_first,12.0,0.0559705077319248,-0.03890168804429117,0.06449644062081461,comparable
downside,d1,2017-10-18 06:00:00,2017-10-18 07:00:00,2017-10-18 13:00:00,2017-10-19 13:00:00,6,-0.057073436890255125,upper_first,7.0,0.07117290957245559,-0.03480892924706769,0.0819031403707906,comparable
downside,d1,2017-10-24 21:00:00,2017-10-24 22:00:00,2017-10-24 23:00:00,2017-10-25 23:00:00,1,-0.0705063721325404,upper_first,21.0,0.033224340551306186,-0.023838010461128434,0.038124476898190096,comparable
downside,d1,2017-10-24 21:00:00,2017-10-24 22:00:00,2017-10-25 04:00:00,2017-10-26 04:00:00,6,-0.0705063721325404,upper_first,19.0,0.041181654676259116,-0.02102338129496406,0.04226618705035978,comparable
downside,d1,2017-11-10 11:00:00,2017-11-10 12:00:00,2017-11-10 13:00:00,2017-11-11 13:00:00,1,-0.03350289668783757,lower_first,5.0,-0.06662895179598693,-0.06663042120653295,0.02123886003129849,comparable
downside,d1,2017-11-10 11:00:00,2017-11-10 12:00:00,2017-11-10 18:00:00,2017-11-11 18:00:00,6,-0.03350289668783757,lower_first,2.0,-0.058676904606335345,-0.07684501940262622,0.016958677052098636,comparable
downside,d1,2017-11-12 03:00:00,2017-11-12 04:00:00,2017-11-12 05:00:00,2017-11-13 05:00:00,1,-0.10901249081557673,lower_first,0.0,0.015318875405702759,-0.08224798959535462,0.08009811807141043,comparable
downside,d1,2017-11-12 03:00:00,2017-11-12 04:00:00,2017-11-12 10:00:00,2017-11-13 10:00:00,6,-0.10901249081557673,upper_first,1.0,0.025569506281030607,-0.09436525623176617,0.039121665029855146,comparable
downside,d1,2017-12-19 11:00:00,2017-12-19 12:00:00,2017-12-19 13:00:00,2017-12-20 13:00:00,1,-0.07154259329551427,lower_first,8.0,-0.01589857302303377,-0.22982519930975265,0.017657746662493423,comparable
downside,d1,2017-12-19 11:00:00,2017-12-19 12:00:00,2017-12-19 18:00:00,2017-12-20 18:00:00,6,-0.07154259329551427,lower_first,3.0,-0.07794272555258652,-0.23741913135170878,0.0,comparable
downside,d1,2017-12-22 13:00:00,2017-12-22 14:00:00,2017-12-22 15:00:00,2017-12-23 15:00:00,1,-0.2604740695083443,upper_first,0.0,0.3201694340398036,-0.030367247373533024,0.3201694340398036,comparable
downside,d1,2017-12-22 13:00:00,2017-12-22 14:00:00,2017-12-22 20:00:00,2017-12-23 20:00:00,6,-0.2604740695083443,upper_first,0.0,0.16414243102162573,-0.008175988068605422,0.21260253542132745,comparable
downside,d1,2017-12-30 16:00:00,2017-12-30 17:00:00,2017-12-30 18:00:00,2017-12-31 18:00:00,1,-0.14540253749185328,upper_first,22.0,0.052393896713261556,-0.04894538463217757,0.06866235219990391,comparable
downside,d1,2017-12-30 16:00:00,2017-12-30 17:00:00,2017-12-30 23:00:00,2017-12-31 23:00:00,6,-0.14540253749185328,upper_first,17.0,0.059140870975727955,-0.04058407286634036,0.08444877136013829,comparable
downside,d1,2018-01-08 13:00:00,2018-01-08 14:00:00,2018-01-08 15:00:00,2018-01-09 15:00:00,1,-0.09659836172639014,upper_first,1.0,0.0075460533228626225,-0.03220276181680426,0.0634709080150202,comparable
downside,d1,2018-01-08 13:00:00,2018-01-08 14:00:00,2018-01-08 20:00:00,2018-01-09 20:00:00,6,-0.09659836172639014,lower_first,17.0,-0.024939814814814776,-0.05886243386243384,0.0174603174603174,comparable
downside,d1,2018-01-10 08:00:00,2018-01-10 09:00:00,2018-01-10 10:00:00,2018-01-11 10:00:00,1,-0.10585251424191122,upper_first,5.0,-0.024600583845036605,-0.07965242525776894,0.07637440860524314,comparable
downside,d1,2018-01-10 08:00:00,2018-01-10 09:00:00,2018-01-10 15:00:00,2018-01-11 15:00:00,6,-0.10585251424191122,upper_first,0.0,0.00992100730361778,-0.07246371560600318,0.08478182262186773,comparable
downside,d1,2018-01-16 07:00:00,2018-01-16 08:00:00,2018-01-16 09:00:00,2018-01-17 09:00:00,1,-0.07603704876504114,lower_first,0.0,-0.10804959349593501,-0.1927951219512194,0.022694308943089325,comparable
downside,d1,2018-01-16 07:00:00,2018-01-16 08:00:00,2018-01-16 14:00:00,2018-01-17 14:00:00,6,-0.07603704876504114,upper_first,0.0,-0.1300339321426467,-0.13968500989543076,0.07813837659479339,comparable
downside,d1,2018-01-17 14:00:00,2018-01-17 15:00:00,2018-01-17 16:00:00,2018-01-18 16:00:00,1,-0.21973482959268498,upper_first,0.0,0.2667147218542556,-0.006649741966827216,0.2775829926789608,comparable
downside,d1,2018-01-17 14:00:00,2018-01-17 15:00:00,2018-01-17 21:00:00,2018-01-18 21:00:00,6,-0.21973482959268498,upper_first,0.0,0.0825177988903969,-0.02124785470024415,0.11025329648088422,comparable
downside,d1,2018-01-22 13:00:00,2018-01-22 14:00:00,2018-01-22 15:00:00,2018-01-23 15:00:00,1,-0.1176934906798579,lower_first,6.0,-0.02059146270941481,-0.0648792335488797,0.031688793313392916,comparable
downside,d1,2018-01-22 13:00:00,2018-01-22 14:00:00,2018-01-22 20:00:00,2018-01-23 20:00:00,6,-0.1176934906798579,lower_first,1.0,0.03435788479697832,-0.060906515580736564,0.07365439093484416,comparable
downside,d1,2018-01-30 13:00:00,2018-01-30 14:00:00,2018-01-30 15:00:00,2018-01-31 15:00:00,1,-0.052607709750566944,lower_first,3.0,-0.05894096396995907,-0.08726875178248883,9.506607091935848e-05,comparable
downside,d1,2018-01-30 13:00:00,2018-01-30 14:00:00,2018-01-30 20:00:00,2018-01-31 20:00:00,6,-0.052607709750566944,lower_first,4.0,-0.02035973645637712,-0.05741037268586924,0.011207770825826913,comparable
downside,d1,2018-02-05 14:00:00,2018-02-05 15:00:00,2018-02-05 16:00:00,2018-02-06 16:00:00,1,-0.153164870126567,lower_first,2.0,-0.006060374849444328,-0.19980707080065618,0.01900952111048748,comparable
downside,d1,2018-02-05 14:00:00,2018-02-05 15:00:00,2018-02-05 21:00:00,2018-02-06 21:00:00,6,-0.153164870126567,lower_first,2.0,0.05337826004721502,-0.1771686362967685,0.08930935685214103,comparable
downside,d1,2018-02-22 12:00:00,2018-02-22 13:00:00,2018-02-22 14:00:00,2018-02-23 14:00:00,1,-0.09974477328264997,upper_first,21.0,0.02941619178561017,-0.03258318794783688,0.035376407848493274,comparable
downside,d1,2018-02-22 12:00:00,2018-02-22 13:00:00,2018-02-22 19:00:00,2018-02-23 19:00:00,6,-0.09974477328264997,upper_first,16.0,0.0312797031928187,-0.03268676963605166,0.0495695467589492,comparable
downside,d1,2018-03-06 10:00:00,2018-03-06 11:00:00,2018-03-06 12:00:00,2018-03-07 12:00:00,1,-0.045194382187218496,neither,,-0.02744374439088948,-0.0469639061160555,0.006212746823712534,comparable
downside,d1,2018-03-06 10:00:00,2018-03-06 11:00:00,2018-03-06 17:00:00,2018-03-07 17:00:00,6,-0.045194382187218496,lower_first,23.0,-0.0896484568048117,-0.09664509256242515,3.0201305428523284e-05,comparable
downside,d1,2018-03-07 16:00:00,2018-03-07 17:00:00,2018-03-07 18:00:00,2018-03-08 18:00:00,1,-0.08964928994965538,upper_first,4.0,-0.04476262864890401,-0.07044105260995492,0.042531687175167976,comparable
downside,d1,2018-03-07 16:00:00,2018-03-07 17:00:00,2018-03-07 23:00:00,2018-03-08 23:00:00,6,-0.08964928994965538,lower_first,17.0,-0.06693501063411111,-0.08907993046811225,0.016405620125193643,comparable
downside,d1,2018-03-09 04:00:00,2018-03-09 05:00:00,2018-03-09 06:00:00,2018-03-10 06:00:00,1,-0.11748212748093245,upper_first,0.0,0.1002940031129742,-0.015283691239083685,0.10784231833042934,comparable
downside,d1,2018-03-09 04:00:00,2018-03-09 05:00:00,2018-03-09 11:00:00,2018-03-10 11:00:00,6,-0.11748212748093245,upper_first,1.0,0.06857184742672318,-0.009309058923777536,0.09019181609111149,comparable
downside,d1,2018-03-14 16:00:00,2018-03-14 17:00:00,2018-03-14 18:00:00,2018-03-15 18:00:00,1,-0.08641254925735076,lower_first,8.0,-0.01979455604718361,-0.08027718857077049,0.007783931125166621,comparable
downside,d1,2018-03-14 16:00:00,2018-03-14 17:00:00,2018-03-14 23:00:00,2018-03-15 23:00:00,6,-0.08641254925735076,lower_first,3.0,0.017114027123887876,-0.06328622067881817,0.026401740972857857,comparable
downside,d1,2018-03-23 12:00:00,2018-03-23 13:00:00,2018-03-23 14:00:00,2018-03-24 14:00:00,1,-0.045004592422502876,upper_first,1.0,0.06001195457262409,-1.1954572624039983e-06,0.07191273161984446,comparable
downside,d1,2018-03-23 12:00:00,2018-03-23 13:00:00,2018-03-23 19:00:00,2018-03-24 19:00:00,6,-0.045004592422502876,upper_first,4.0,0.03443471799753883,-0.006192676527271512,0.04476745536025262,comparable
downside,d1,2018-03-26 17:00:00,2018-03-26 18:00:00,2018-03-26 19:00:00,2018-03-27 19:00:00,1,-0.0715275498241501,upper_first,3.0,-0.0037951911565219376,-0.0193438440659367,0.04298224654583249,comparable
downside,d1,2018-03-26 17:00:00,2018-03-26 18:00:00,2018-03-27 00:00:00,2018-03-28 00:00:00,6,-0.0715275498241501,neither,,-0.04314063000691226,-0.04763541760026713,0.009208114435990788,comparable
downside,d1,2018-03-29 04:00:00,2018-03-29 05:00:00,2018-03-29 06:00:00,2018-03-30 06:00:00,1,-0.028164061251238826,lower_first,14.0,-0.05891851469488518,-0.12246289053452186,0.009221280284831268,comparable
downside,d1,2018-03-29 04:00:00,2018-03-29 05:00:00,2018-03-29 11:00:00,2018-03-30 11:00:00,6,-0.028164061251238826,lower_first,9.0,-0.0784690506235105,-0.11279390767575581,0.012340409018588128,comparable
downside,d1,2018-04-01 13:00:00,2018-04-01 14:00:00,2018-04-01 15:00:00,2018-04-02 15:00:00,1,-0.06717786226691913,upper_first,1.0,0.06248886841701218,-0.009672961768770194,0.0901274374328267,comparable
downside,d1,2018-04-01 13:00:00,2018-04-01 14:00:00,2018-04-01 20:00:00,2018-04-02 20:00:00,6,-0.06717786226691913,neither,,0.010130260680550895,-0.022862551175906076,0.027497869027306887,comparable
downside,d1,2018-04-25 14:00:00,2018-04-25 15:00:00,2018-04-25 16:00:00,2018-04-26 16:00:00,1,-0.05813993541442419,neither,,-0.015097486177333197,-0.03073444810064252,0.02723792895037258,comparable
downside,d1,2018-04-25 14:00:00,2018-04-25 15:00:00,2018-04-25 21:00:00,2018-04-26 21:00:00,6,-0.05813993541442419,neither,,0.0038546255506608507,-0.04625550660792954,0.010788546255506404,comparable
downside,d1,2018-05-07 01:00:00,2018-05-07 02:00:00,2018-05-07 03:00:00,2018-05-08 03:00:00,1,-0.054595882770510196,neither,,0.014711613196314977,-0.013608188380990538,0.01871731440394586,comparable
downside,d1,2018-05-07 01:00:00,2018-05-07 02:00:00,2018-05-07 08:00:00,2018-05-08 08:00:00,6,-0.054595882770510196,neither,,0.00505213372030533,-0.015065032785123056,0.017212727077286827,comparable
downside,d1,2018-05-16 02:00:00,2018-05-16 03:00:00,2018-05-16 04:00:00,2018-05-17 04:00:00,1,-0.061763925882366566,upper_first,6.0,0.02354020027596415,-0.006535475585015549,0.038658231846547375,comparable
downside,d1,2018-05-16 02:00:00,2018-05-16 03:00:00,2018-05-16 09:00:00,2018-05-17 09:00:00,6,-0.061763925882366566,upper_first,18.0,0.00547656058848367,-0.012253180458696944,0.03268042278706895,comparable
downside,d1,2018-05-17 22:00:00,2018-05-17 23:00:00,2018-05-18 00:00:00,2018-05-19 00:00:00,1,-0.026195638803601318,neither,,0.022274475741407063,-0.016353145551557313,0.027422757165901368,comparable
downside,d1,2018-05-17 22:00:00,2018-05-17 23:00:00,2018-05-18 05:00:00,2018-05-19 05:00:00,6,-0.026195638803601318,upper_first,14.0,0.026470221623912327,-0.008857477625707433,0.0320843616782589,comparable
downside,d1,2018-05-22 20:00:00,2018-05-22 21:00:00,2018-05-22 22:00:00,2018-05-23 22:00:00,1,-0.035825374781219055,lower_first,17.0,-0.052594795539033456,-0.07891078066914503,0.003718711276332165,comparable
downside,d1,2018-05-22 20:00:00,2018-05-22 21:00:00,2018-05-23 03:00:00,2018-05-24 03:00:00,6,-0.035825374781219055,lower_first,14.0,-0.04311704208770606,-0.06004291850920784,0.008253656735385917,comparable
downside,d1,2018-05-24 08:00:00,2018-05-24 09:00:00,2018-05-24 10:00:00,2018-05-25 10:00:00,1,-0.05654056808049923,upper_first,8.0,0.004789152542372888,-0.014372881355932177,0.03889491525423727,comparable
downside,d1,2018-05-24 08:00:00,2018-05-24 09:00:00,2018-05-24 15:00:00,2018-05-25 15:00:00,6,-0.05654056808049923,neither,,-0.004303852807967412,-0.02341061341565176,0.021228697328119273,comparable
downside,d1,2018-05-28 05:00:00,2018-05-28 06:00:00,2018-05-28 07:00:00,2018-05-29 07:00:00,1,-0.010738159090252997,neither,,-0.017351365497492943,-0.022696211943931677,0.011782201661333369,comparable
downside,d1,2018-05-28 05:00:00,2018-05-28 06:00:00,2018-05-28 12:00:00,2018-05-29 12:00:00,6,-0.010738159090252997,upper_first,23.0,0.024141274238227206,-0.022437673130193958,0.036008310249307396,comparable
downside,d1,2018-06-09 23:00:00,2018-06-10 00:00:00,2018-06-10 01:00:00,2018-06-11 01:00:00,1,-0.016065522129469323,lower_first,16.0,-0.07550614211127082,-0.0862725221048698,0.011483406066150614,comparable
downside,d1,2018-06-09 23:00:00,2018-06-10 00:00:00,2018-06-10 06:00:00,2018-06-11 06:00:00,6,-0.016065522129469323,lower_first,11.0,-0.0753363621555102,-0.08943694843656103,0.002001267560712172,comparable
downside,d1,2018-06-12 19:00:00,2018-06-12 20:00:00,2018-06-12 21:00:00,2018-06-13 21:00:00,1,-0.03769395758468941,lower_first,19.0,-0.04355919810815678,-0.061573619434833304,0.01245269627413359,comparable
downside,d1,2018-06-12 19:00:00,2018-06-12 20:00:00,2018-06-13 02:00:00,2018-06-14 02:00:00,6,-0.03769395758468941,lower_first,14.0,-0.03630816170861939,-0.06407322654462244,0.00975591151792532,comparable
downside,d1,2018-06-22 07:00:00,2018-06-22 08:00:00,2018-06-22 09:00:00,2018-06-23 09:00:00,1,-0.03664419298258603,lower_first,4.0,-0.04624382225597223,-0.07480949188983099,0.0,comparable
downside,d1,2018-06-22 07:00:00,2018-06-22 08:00:00,2018-06-22 14:00:00,2018-06-23 14:00:00,6,-0.03664419298258603,neither,,0.006535947712418277,-0.03248202614379081,0.02107679738562096,comparable
downside,d1,2018-06-24 04:00:00,2018-06-24 05:00:00,2018-06-24 06:00:00,2018-06-25 06:00:00,1,-0.03497633407192546,upper_first,10.0,0.04051770079939088,-0.022628262064881777,0.05837668654570072,comparable
downside,d1,2018-06-24 04:00:00,2018-06-24 05:00:00,2018-06-24 11:00:00,2018-06-25 11:00:00,6,-0.03497633407192546,upper_first,5.0,0.04059744193874115,-0.027768428138673862,0.05281050151464162,comparable
downside,d1,2018-06-28 21:00:00,2018-06-28 22:00:00,2018-06-28 23:00:00,2018-06-29 23:00:00,1,-0.03182242478833819,upper_first,23.0,0.05138711887690417,-0.025252482739928084,0.060604275076977965,comparable
downside,d1,2018-06-28 21:00:00,2018-06-28 22:00:00,2018-06-29 04:00:00,2018-06-30 04:00:00,6,-0.03182242478833819,upper_first,18.0,0.08270225216030469,-0.015103422467170113,0.109095393617745,comparable
downside,d1,2018-07-10 09:00:00,2018-07-10 10:00:00,2018-07-10 11:00:00,2018-07-11 11:00:00,1,-0.03622155585633424,neither,,-0.018497081238476043,-0.029552363833631357,1.2364359116556756e-05,comparable
downside,d1,2018-07-10 09:00:00,2018-07-10 10:00:00,2018-07-10 16:00:00,2018-07-11 16:00:00,6,-0.03622155585633424,neither,,-0.0023585644883247214,-0.015984955336154183,0.004461683121767868,comparable
downside,d1,2018-07-12 06:00:00,2018-07-12 07:00:00,2018-07-12 08:00:00,2018-07-13 08:00:00,1,-0.016308814424092488,neither,,0.011136740722755167,-0.016630650317672302,0.01719881834001047,comparable
downside,d1,2018-07-12 06:00:00,2018-07-12 07:00:00,2018-07-12 13:00:00,2018-07-13 13:00:00,6,-0.016308814424092488,neither,,0.014696480451900529,-0.016726148567174137,0.01710003479893496,comparable
downside,d1,2018-07-30 17:00:00,2018-07-30 18:00:00,2018-07-30 19:00:00,2018-07-31 19:00:00,1,-0.03526306601280149,upper_first,3.0,-0.02657427087394515,-0.03739011230867906,0.03127664658609275,comparable
downside,d1,2018-07-30 17:00:00,2018-07-30 18:00:00,2018-07-31 00:00:00,2018-08-01 00:00:00,6,-0.03526306601280149,lower_first,12.0,-0.054188494492044104,-0.06615911872705027,0.00043696450428387656,comparable
downside,d1,2018-08-01 01:00:00,2018-08-01 02:00:00,2018-08-01 03:00:00,2018-08-02 03:00:00,1,-0.0689260172626387,neither,,0.015358750330950466,-0.015488482922954683,0.020325655281969723,comparable
downside,d1,2018-08-01 01:00:00,2018-08-01 02:00:00,2018-08-01 08:00:00,2018-08-02 08:00:00,6,-0.0689260172626387,neither,,0.015448641484426817,-0.014314115308151076,0.021542743538767395,comparable
downside,d1,2018-08-03 00:00:00,2018-08-03 01:00:00,2018-08-03 02:00:00,2018-08-04 02:00:00,1,-0.03761453184477237,neither,,0.016882205923413718,-0.007770309382256979,0.026760918272144663,comparable
downside,d1,2018-08-03 00:00:00,2018-08-03 01:00:00,2018-08-03 07:00:00,2018-08-04 07:00:00,6,-0.03761453184477237,neither,,0.0097300635024693,-0.0059136589472653656,0.0253057815944846,comparable
downside,d1,2018-08-04 12:00:00,2018-08-04 13:00:00,2018-08-04 14:00:00,2018-08-05 14:00:00,1,-0.01955458622679318,lower_first,11.0,-0.03834027528756245,-0.051113011336992864,0.0,comparable
downside,d1,2018-08-04 12:00:00,2018-08-04 13:00:00,2018-08-04 19:00:00,2018-08-05 19:00:00,6,-0.01955458622679318,neither,,0.004437914309158852,-0.014751518328056323,0.01448515754667401,comparable
downside,d1,2018-08-07 21:00:00,2018-08-07 22:00:00,2018-08-07 23:00:00,2018-08-08 23:00:00,1,-0.01640347209982218,lower_first,6.0,-0.07208000000000003,-0.0931792592592593,0.0,comparable
downside,d1,2018-08-07 21:00:00,2018-08-07 22:00:00,2018-08-08 04:00:00,2018-08-09 04:00:00,6,-0.01640347209982218,lower_first,12.0,-0.03992410443230121,-0.07088038858530665,0.0002853673345477592,comparable
downside,d1,2018-08-20 22:00:00,2018-08-20 23:00:00,2018-08-21 00:00:00,2018-08-22 00:00:00,1,-0.03403285412761203,upper_first,8.0,0.034695481838197484,-0.0015370505884571006,0.036949929218980104,comparable
downside,d1,2018-08-20 22:00:00,2018-08-20 23:00:00,2018-08-21 05:00:00,2018-08-22 05:00:00,6,-0.03403285412761203,upper_first,16.0,0.066570378776456,-1.5871630254515878e-06,0.09365849013181382,comparable
downside,d1,2018-09-05 09:00:00,2018-09-05 10:00:00,2018-09-05 11:00:00,2018-09-06 11:00:00,1,-0.02426409087600412,lower_first,13.0,-0.08910981772178705,-0.10231450540738196,0.008051324690490524,comparable
downside,d1,2018-09-05 09:00:00,2018-09-05 10:00:00,2018-09-05 16:00:00,2018-09-06 16:00:00,6,-0.02426409087600412,lower_first,8.0,-0.08216034359341451,-0.10197136721546174,0.0007158196134573469,comparable
downside,d1,2018-09-08 17:00:00,2018-09-08 18:00:00,2018-09-08 19:00:00,2018-09-09 19:00:00,1,-0.03149025720966492,upper_first,14.0,0.03037112546021148,-0.011969131305037628,0.04198808094874229,comparable
downside,d1,2018-09-08 17:00:00,2018-09-08 18:00:00,2018-09-09 00:00:00,2018-09-10 00:00:00,6,-0.03149025720966492,upper_first,9.0,0.00759857789269569,-0.0066257272139624845,0.042340012928248294,comparable
downside,d1,2018-09-17 15:00:00,2018-09-17 16:00:00,2018-09-17 17:00:00,2018-09-18 17:00:00,1,-0.03374850887115566,neither,,0.013571863303732723,-0.008380178306424457,0.019813067391266204,comparable
downside,d1,2018-09-17 15:00:00,2018-09-17 16:00:00,2018-09-17 22:00:00,2018-09-18 22:00:00,6,-0.03374850887115566,neither,,0.012512015379686048,-0.0027234860621595525,0.022755527074655557,comparable
downside,d1,2018-09-19 18:00:00,2018-09-19 19:00:00,2018-09-19 20:00:00,2018-09-20 20:00:00,1,-0.028145282273983385,neither,,0.0014056140318035037,-0.007021829919142131,0.007642733786686673,comparable
downside,d1,2018-09-19 18:00:00,2018-09-19 19:00:00,2018-09-20 01:00:00,2018-09-21 01:00:00,6,-0.028145282273983385,neither,,0.01324861535679589,-0.012160542228305204,0.017925147427673593,comparable
downside,d1,2018-09-25 00:00:00,2018-09-25 01:00:00,2018-09-25 02:00:00,2018-09-26 02:00:00,1,-0.02712081224949703,neither,,-0.005329152142160565,-0.016844538396805664,0.007965729165208435,comparable
downside,d1,2018-09-25 00:00:00,2018-09-25 01:00:00,2018-09-25 07:00:00,2018-09-26 07:00:00,6,-0.02712081224949703,neither,,0.0015948739753637309,-0.015585843624475682,0.004427955773397052,comparable
downside,d1,2018-10-03 03:00:00,2018-10-03 04:00:00,2018-10-03 05:00:00,2018-10-04 05:00:00,1,-0.021578570667153962,neither,,0.021929558279820904,-0.002137380813387768,0.02790581825257843,comparable
downside,d1,2018-10-03 03:00:00,2018-10-03 04:00:00,2018-10-03 10:00:00,2018-10-04 10:00:00,6,-0.021578570667153962,neither,,0.01966177637413069,-0.0019773791558411746,0.027274141605862168,comparable
downside,d1,2018-10-10 05:00:00,2018-10-10 06:00:00,2018-10-10 07:00:00,2018-10-11 07:00:00,1,-0.02049420147047676,lower_first,18.0,-0.046443831192343965,-0.07036220394792592,0.0092311390310309,comparable
downside,d1,2018-10-10 05:00:00,2018-10-10 06:00:00,2018-10-10 12:00:00,2018-10-11 12:00:00,6,-0.02049420147047676,lower_first,13.0,-0.04913279674971904,-0.07149386724941897,0.008002585450683997,comparable
downside,d1,2018-10-29 11:00:00,2018-10-29 12:00:00,2018-10-29 13:00:00,2018-10-30 13:00:00,1,-0.010899701812399631,neither,,0.0009105009512337947,-0.0040397489573166245,0.006224951240278109,comparable
downside,d1,2018-10-29 11:00:00,2018-10-29 12:00:00,2018-10-29 18:00:00,2018-10-30 18:00:00,6,-0.010899701812399631,neither,,-0.0015173465740835335,-0.005188655161850408,0.0034271928928826245,comparable
downside,d1,2018-11-09 09:00:00,2018-11-09 10:00:00,2018-11-09 11:00:00,2018-11-10 11:00:00,1,-0.014950104317472346,neither,,-0.0021211711130483257,-0.007864698236658474,0.0009787599646262635,comparable
downside,d1,2018-11-09 09:00:00,2018-11-09 10:00:00,2018-11-09 16:00:00,2018-11-10 16:00:00,6,-0.014950104317472346,neither,,0.0028575076166053037,-0.006255624782298241,0.0037637772688658977,comparable
downside,d1,2018-11-14 10:00:00,2018-11-14 11:00:00,2018-11-14 12:00:00,2018-11-15 12:00:00,1,-0.015116897002714458,lower_first,4.0,-0.12870125684821143,-0.14906058652916532,0.0026071543667418595,comparable
downside,d1,2018-11-14 10:00:00,2018-11-14 11:00:00,2018-11-14 17:00:00,2018-11-15 17:00:00,6,-0.015116897002714458,lower_first,2.0,-0.03908297673468886,-0.08677888889084473,0.01126564207998948,comparable
downside,d1,2018-11-15 14:00:00,2018-11-15 15:00:00,2018-11-15 16:00:00,2018-11-16 16:00:00,1,-0.1558367418430927,neither,,0.013847325951511502,-0.019850703080073195,0.027407119807481672,comparable
downside,d1,2018-11-15 14:00:00,2018-11-15 15:00:00,2018-11-15 21:00:00,2018-11-16 21:00:00,6,-0.1558367418430927,neither,,0.005158081419959437,-0.012335970456436529,0.023571720503875238,comparable
downside,d1,2018-11-19 08:00:00,2018-11-19 09:00:00,2018-11-19 10:00:00,2018-11-20 10:00:00,1,-0.045349161051371434,lower_first,8.0,-0.1561158561083591,-0.1891014365711451,0.026697578032937486,comparable
downside,d1,2018-11-19 08:00:00,2018-11-19 09:00:00,2018-11-19 15:00:00,2018-11-20 15:00:00,6,-0.045349161051371434,lower_first,6.0,-0.08987873628378296,-0.1725605043566274,0.013846660834291313,comparable
downside,d1,2018-11-24 21:00:00,2018-11-24 22:00:00,2018-11-24 23:00:00,2018-11-25 23:00:00,1,-0.10631959080197273,upper_first,0.0,0.058859740378437664,-0.07076555834227138,0.10751795012405818,comparable
downside,d1,2018-11-24 21:00:00,2018-11-24 22:00:00,2018-11-25 04:00:00,2018-11-26 04:00:00,6,-0.10631959080197273,upper_first,7.0,0.0955121809091084,-0.04983136663120824,0.13246858911455783,comparable
downside,d1,2018-12-03 15:00:00,2018-12-03 16:00:00,2018-12-03 17:00:00,2018-12-04 17:00:00,1,-0.07066423357664231,upper_first,13.0,0.03240052356020939,-0.022924083769633508,0.05630890052356019,comparable
downside,d1,2018-12-03 15:00:00,2018-12-03 16:00:00,2018-12-03 22:00:00,2018-12-04 22:00:00,6,-0.07066423357664231,upper_first,12.0,0.006374277762574376,-0.036389406668078106,0.04175164843108603,comparable
downside,d1,2018-12-05 16:00:00,2018-12-05 17:00:00,2018-12-05 18:00:00,2018-12-06 18:00:00,1,-0.06408858551230301,upper_first,11.0,-0.028659888820325996,-0.04544462438461805,0.03715599914850265,comparable
downside,d1,2018-12-05 16:00:00,2018-12-05 17:00:00,2018-12-05 23:00:00,2018-12-06 23:00:00,6,-0.06408858551230301,upper_first,6.0,-0.035844677551372106,-0.04704799035023477,0.03632662732089775,comparable
downside,d1,2018-12-06 23:00:00,2018-12-07 00:00:00,2018-12-07 01:00:00,2018-12-08 01:00:00,1,-0.0706828461532214,upper_first,4.0,0.044489636056881166,-0.03229693902145092,0.06953482766931796,comparable
downside,d1,2018-12-06 23:00:00,2018-12-07 00:00:00,2018-12-07 06:00:00,2018-12-08 06:00:00,6,-0.0706828461532214,lower_first,10.0,0.009239314104353635,-0.0560853402295135,0.04324316381856397,comparable
downside,d1,2018-12-13 20:00:00,2018-12-13 21:00:00,2018-12-13 22:00:00,2018-12-14 22:00:00,1,-0.05529451128147689,neither,,-0.030187415715150268,-0.036963994433743985,0.012155449677912822,comparable
downside,d1,2018-12-13 20:00:00,2018-12-13 21:00:00,2018-12-14 03:00:00,2018-12-15 03:00:00,6,-0.05529451128147689,neither,,-0.012385480406047034,-0.03651411729633869,0.008049025603830584,comparable
downside,d1,2019-01-10 06:00:00,2019-01-10 07:00:00,2019-01-10 08:00:00,2019-01-11 08:00:00,1,-0.05124803691471436,lower_first,8.0,-0.04191860877981557,-0.06368272520929064,0.0013518738180966494,comparable
downside,d1,2019-01-10 06:00:00,2019-01-10 07:00:00,2019-01-10 13:00:00,2019-01-11 13:00:00,6,-0.05124803691471436,lower_first,3.0,-0.03899164464757554,-0.05840282902341032,0.0024306960677737965,comparable
downside,d1,2019-01-13 16:00:00,2019-01-13 17:00:00,2019-01-13 18:00:00,2019-01-14 18:00:00,1,-0.03258554083885212,upper_first,21.0,0.04304261363636375,-0.010795454545454497,0.05263636363636359,comparable
downside,d1,2019-01-13 16:00:00,2019-01-13 17:00:00,2019-01-13 23:00:00,2019-01-14 23:00:00,6,-0.03258554083885212,upper_first,16.0,0.04422792240575246,-0.003924778874649482,0.05852370127184514,comparable
downside,d1,2019-01-20 12:00:00,2019-01-20 13:00:00,2019-01-20 14:00:00,2019-01-21 14:00:00,1,-0.055987771396027286,neither,,0.004760283687943234,-0.004862411347517748,0.012468085106382976,comparable
downside,d1,2019-01-20 12:00:00,2019-01-20 13:00:00,2019-01-20 19:00:00,2019-01-21 19:00:00,6,-0.055987771396027286,neither,,0.006699967608299051,-0.003185183922350898,0.014073341630154834,comparable
downside,d1,2019-01-28 03:00:00,2019-01-28 04:00:00,2019-01-28 05:00:00,2019-01-29 05:00:00,1,-0.02597347914935666,neither,,-0.01737557031175596,-0.026318751244513217,0.0003722718103664757,comparable
downside,d1,2019-01-28 03:00:00,2019-01-28 04:00:00,2019-01-28 10:00:00,2019-01-29 10:00:00,6,-0.02597347914935666,neither,,-0.013733855584839083,-0.02795113356727874,0.0016482956448302666,comparable
downside,d1,2019-01-29 07:00:00,2019-01-29 08:00:00,2019-01-29 09:00:00,2019-01-30 09:00:00,1,-0.022805567840599617,neither,,0.012338218260563139,-0.001196792359487997,0.01701281812014721,comparable
downside,d1,2019-01-29 07:00:00,2019-01-29 08:00:00,2019-01-29 14:00:00,2019-01-30 14:00:00,6,-0.022805567840599617,neither,,0.01260798643213401,-0.006857543297627555,0.01859398279283675,comparable
downside,d1,2019-02-06 01:00:00,2019-02-06 02:00:00,2019-02-06 03:00:00,2019-02-07 03:00:00,1,-0.0061728213614892224,neither,,-0.0016918518518518333,-0.010133333333333328,0.0034074074074073035,comparable
downside,d1,2019-02-06 01:00:00,2019-02-06 02:00:00,2019-02-06 08:00:00,2019-02-07 08:00:00,6,-0.0061728213614892224,neither,,-0.00271657108361012,-0.01138118996466686,0.0021424808981846954,comparable
downside,d1,2019-02-12 00:00:00,2019-02-12 01:00:00,2019-02-12 02:00:00,2019-02-13 02:00:00,1,-0.01203324099722991,neither,,0.007905215928210918,-0.0021003925967469916,0.014798093101514365,comparable
downside,d1,2019-02-12 00:00:00,2019-02-12 01:00:00,2019-02-12 07:00:00,2019-02-13 07:00:00,6,-0.01203324099722991,neither,,0.004975166071657933,-0.005941705914888629,0.013467308046863025,comparable
downside,d1,2019-02-24 14:00:00,2019-02-24 15:00:00,2019-02-24 16:00:00,2019-02-25 16:00:00,1,-0.035293758770056805,neither,,0.0021152829190904665,-0.01828662083553667,0.006409307244843898,comparable
downside,d1,2019-02-24 14:00:00,2019-02-24 15:00:00,2019-02-24 21:00:00,2019-02-25 21:00:00,6,-0.035293758770056805,neither,,0.010853143159006873,-0.014791336502905428,0.01954569466455358,comparable
downside,d1,2019-02-27 20:00:00,2019-02-27 21:00:00,2019-02-27 22:00:00,2019-02-28 22:00:00,1,-0.018702446940797146,upper_first,17.0,0.014283809015737559,-0.0016084289143771802,0.042944785276073594,comparable
downside,d1,2019-02-27 20:00:00,2019-02-27 21:00:00,2019-02-28 03:00:00,2019-03-01 03:00:00,6,-0.018702446940797146,neither,,-0.0007177788294683296,-0.012891097439133414,0.02802755429352688,comparable
downside,d1,2019-03-04 04:00:00,2019-03-04 05:00:00,2019-03-04 06:00:00,2019-03-05 06:00:00,1,-0.016734075088260414,neither,,-0.004522602268820952,-0.013731630285321428,0.0026077475077346257,comparable
downside,d1,2019-03-04 04:00:00,2019-03-04 05:00:00,2019-03-04 11:00:00,2019-03-05 11:00:00,6,-0.016734075088260414,neither,,0.007486906034727792,-0.0030992434597841845,0.009354572399139283,comparable
downside,d1,2019-03-21 14:00:00,2019-03-21 15:00:00,2019-03-21 16:00:00,2019-03-22 16:00:00,1,-0.016537450919663077,neither,,0.005788617065569879,-0.0044663697498075194,0.008846944826455205,comparable
downside,d1,2019-03-21 14:00:00,2019-03-21 15:00:00,2019-03-21 21:00:00,2019-03-22 21:00:00,6,-0.016537450919663077,neither,,0.0010823055625472922,-0.0028441983387869074,0.0062949911905361144,comparable
downside,d1,2019-03-25 18:00:00,2019-03-25 19:00:00,2019-03-25 20:00:00,2019-03-26 20:00:00,1,-0.01572825298632119,neither,,0.004047482250584933,-0.006794537694422731,0.0057608651044445125,comparable
downside,d1,2019-03-25 18:00:00,2019-03-25 19:00:00,2019-03-26 01:00:00,2019-03-27 01:00:00,6,-0.01572825298632119,neither,,0.007232245681382032,-0.006873960332693607,0.007234804862443989,comparable
downside,d1,2019-04-11 09:00:00,2019-04-11 10:00:00,2019-04-11 11:00:00,2019-04-12 11:00:00,1,-0.03378476190476187,censored,,,,,incomplete_price_window
downside,d1,2019-04-11 09:00:00,2019-04-11 10:00:00,2019-04-11 16:00:00,2019-04-12 16:00:00,6,-0.03378476190476187,neither,,0.006119059760039125,-0.027381006708346645,0.012829390534504936,comparable
downside,d1,2019-04-25 22:00:00,2019-04-25 23:00:00,2019-04-26 00:00:00,2019-04-27 00:00:00,1,-0.0573729988886541,upper_first,2.0,0.004806400224350638,-0.018244066978004958,0.031200704211637342,comparable
downside,d1,2019-04-25 22:00:00,2019-04-25 23:00:00,2019-04-26 05:00:00,2019-04-27 05:00:00,6,-0.0573729988886541,neither,,-0.007485877070156022,-0.026384047124716314,0.007414417459321143,comparable
downside,d1,2019-05-17 02:00:00,2019-05-17 03:00:00,2019-05-17 04:00:00,2019-05-18 04:00:00,1,-0.10024859892626437,lower_first,8.0,0.013302442532679759,-0.05570775252955029,0.0217900926175012,comparable
downside,d1,2019-05-17 02:00:00,2019-05-17 03:00:00,2019-05-17 09:00:00,2019-05-18 09:00:00,6,-0.10024859892626437,lower_first,3.0,0.007478955142742771,-0.05552108329535277,0.028386533487817944,comparable
downside,d1,2019-05-30 21:00:00,2019-05-30 22:00:00,2019-05-30 23:00:00,2019-05-31 23:00:00,1,-0.05196645269462741,upper_first,21.0,0.02926360338573164,-0.019347037484885088,0.033616686819830655,comparable
downside,d1,2019-05-30 21:00:00,2019-05-30 22:00:00,2019-05-31 04:00:00,2019-06-01 04:00:00,6,-0.05196645269462741,upper_first,16.0,0.03310826660733701,-0.019363638342277056,0.037467322197689557,comparable
downside,d1,2019-06-03 23:00:00,2019-06-04 00:00:00,2019-06-04 01:00:00,2019-06-05 01:00:00,1,-0.07194945373173611,lower_first,18.0,-0.02562967954100903,-0.06635457155643609,0.008819787701575432,comparable
downside,d1,2019-06-03 23:00:00,2019-06-04 00:00:00,2019-06-04 06:00:00,2019-06-05 06:00:00,6,-0.07194945373173611,lower_first,13.0,-0.022781765511190488,-0.06374406567280078,0.010629473593977368,comparable
downside,d1,2019-07-01 14:00:00,2019-07-01 15:00:00,2019-07-01 16:00:00,2019-07-02 16:00:00,1,-0.08457359185919588,upper_first,8.0,0.02323463383601565,-0.06692139168031497,0.03130661943425528,comparable
downside,d1,2019-07-01 14:00:00,2019-07-01 15:00:00,2019-07-01 21:00:00,2019-07-02 21:00:00,6,-0.08457359185919588,lower_first,7.0,0.02184778333963333,-0.07876198439880422,0.042847924613310884,comparable
downside,d1,2019-07-11 04:00:00,2019-07-11 05:00:00,2019-07-11 06:00:00,2019-07-12 06:00:00,1,-0.12628144493056814,upper_first,8.0,-0.007082133193680673,-0.04573623112507641,0.03342934450554247,comparable
downside,d1,2019-07-11 04:00:00,2019-07-11 05:00:00,2019-07-11 11:00:00,2019-07-12 11:00:00,6,-0.12628144493056814,upper_first,3.0,0.018984462654052958,-0.04540711862778901,0.033785760125032205,comparable
downside,d1,2019-07-13 20:00:00,2019-07-13 21:00:00,2019-07-13 22:00:00,2019-07-14 22:00:00,1,-0.0841036237077668,upper_first,0.0,-0.035157901790039414,-0.0706924824495716,0.03983741236104321,comparable
downside,d1,2019-07-13 20:00:00,2019-07-13 21:00:00,2019-07-14 03:00:00,2019-07-15 03:00:00,6,-0.0841036237077668,lower_first,6.0,-0.10913950278070572,-0.13052601867328795,0.002901989494621837,comparable
downside,d1,2019-07-14 23:00:00,2019-07-15 00:00:00,2019-07-15 01:00:00,2019-07-16 01:00:00,1,-0.1042253000858393,upper_first,6.0,0.09091862761847391,-0.015176083531401652,0.10698589393526148,comparable
downside,d1,2019-07-14 23:00:00,2019-07-15 00:00:00,2019-07-15 06:00:00,2019-07-16 06:00:00,6,-0.1042253000858393,upper_first,8.0,0.05948382656572604,-0.009909546750565434,0.08937272637892058,comparable
downside,d1,2019-07-22 14:00:00,2019-07-22 15:00:00,2019-07-22 16:00:00,2019-07-23 16:00:00,1,-0.019782141776020223,neither,,-0.027647929732337317,-0.03466217055917231,0.01964828983845135,comparable
downside,d1,2019-07-22 14:00:00,2019-07-22 15:00:00,2019-07-22 21:00:00,2019-07-23 21:00:00,6,-0.019782141776020223,neither,,-0.017236603008922824,-0.044456778213011194,0.005428149663501358,comparable
downside,d1,2019-07-23 23:00:00,2019-07-24 00:00:00,2019-07-24 01:00:00,2019-07-25 01:00:00,1,-0.046813110809530434,upper_first,23.0,0.045952669608150254,-0.017364674705619088,0.05004862853073622,comparable
downside,d1,2019-07-23 23:00:00,2019-07-24 00:00:00,2019-07-24 06:00:00,2019-07-25 06:00:00,6,-0.046813110809530434,upper_first,18.0,0.04060616131206296,-0.018762184996238163,0.05117259785925943,comparable
downside,d1,2019-07-27 10:00:00,2019-07-27 11:00:00,2019-07-27 12:00:00,2019-07-28 12:00:00,1,-0.02725951698731055,neither,,0.0013231634659516267,-0.021890618486814617,0.007372662621737414,comparable
downside,d1,2019-07-27 10:00:00,2019-07-27 11:00:00,2019-07-27 17:00:00,2019-07-28 17:00:00,6,-0.02725951698731055,neither,,0.008545242417209886,-0.01375673822671386,0.014111730316218374,comparable
downside,d1,2019-08-10 11:00:00,2019-08-10 12:00:00,2019-08-10 13:00:00,2019-08-11 13:00:00,1,-0.028149068471793992,neither,,0.0031938456410278704,-0.027295494318007374,0.006061376923785389,comparable
downside,d1,2019-08-10 11:00:00,2019-08-10 12:00:00,2019-08-10 18:00:00,2019-08-11 18:00:00,6,-0.028149068471793992,neither,,-0.00039948858421778866,-0.024255292563792885,0.009205836053052696,comparable
downside,d1,2019-08-13 14:00:00,2019-08-13 15:00:00,2019-08-13 16:00:00,2019-08-14 16:00:00,1,-0.036582992971480044,neither,,-0.03915360918928101,-0.049394221808015004,0.004665341407315227,comparable
downside,d1,2019-08-13 14:00:00,2019-08-13 15:00:00,2019-08-13 21:00:00,2019-08-14 21:00:00,6,-0.036582992971480044,lower_first,19.0,-0.06510563658660806,-0.08070153504457678,0.0017595372619245708,comparable
downside,d1,2019-08-14 16:00:00,2019-08-14 17:00:00,2019-08-14 18:00:00,2019-08-15 18:00:00,1,-0.04539842322622201,lower_first,10.0,-0.018979778151313242,-0.07236530195635904,0.004645030346486667,comparable
downside,d1,2019-08-14 16:00:00,2019-08-14 17:00:00,2019-08-14 23:00:00,2019-08-15 23:00:00,6,-0.04539842322622201,lower_first,5.0,0.01703826707449374,-0.07279399381993201,0.02266808178994828,comparable
downside,d1,2019-08-21 12:00:00,2019-08-21 13:00:00,2019-08-21 14:00:00,2019-08-22 14:00:00,1,-0.06464158497730232,neither,,0.018102129543899226,-0.017853548568898203,0.025041262429048805,comparable
downside,d1,2019-08-21 12:00:00,2019-08-21 13:00:00,2019-08-21 19:00:00,2019-08-22 19:00:00,6,-0.06464158497730232,neither,,0.012543311028815785,-0.030568049970596145,0.01696779089912126,comparable
downside,d1,2019-08-28 18:00:00,2019-08-28 19:00:00,2019-08-28 20:00:00,2019-08-29 20:00:00,1,-0.04617677192851477,neither,,-0.016844975940921714,-0.035595641949597634,0.008650094818943854,comparable
downside,d1,2019-08-28 18:00:00,2019-08-28 19:00:00,2019-08-29 01:00:00,2019-08-30 01:00:00,6,-0.04617677192851477,neither,,-0.025221567293808533,-0.03789892175916232,0.0011425410236218791,comparable
downside,d1,2019-09-09 07:00:00,2019-09-09 08:00:00,2019-09-09 09:00:00,2019-09-10 09:00:00,1,-0.03841227736701747,upper_first,2.0,0.011541931444516207,-0.0009564047070885762,0.03939992999511932,comparable
downside,d1,2019-09-09 07:00:00,2019-09-09 08:00:00,2019-09-09 14:00:00,2019-09-10 14:00:00,6,-0.03841227736701747,neither,,-0.009018764255114942,-0.01616023208802775,0.005346424089003099,comparable
downside,d1,2019-09-10 19:00:00,2019-09-10 20:00:00,2019-09-10 21:00:00,2019-09-11 21:00:00,1,-0.029291729490989682,neither,,0.0047067205601099005,-0.01965180218638607,0.0246441102307986,comparable
downside,d1,2019-09-10 19:00:00,2019-09-10 20:00:00,2019-09-11 02:00:00,2019-09-12 02:00:00,6,-0.029291729490989682,neither,,0.004567737401749428,-0.022137943287401263,0.012383114259936212,comparable
downside,d1,2019-09-16 12:00:00,2019-09-16 13:00:00,2019-09-16 14:00:00,2019-09-17 14:00:00,1,-0.017821529119728008,neither,,0.003713073845407644,-0.0073078341322785345,0.020950373377871756,comparable
downside,d1,2019-09-16 12:00:00,2019-09-16 13:00:00,2019-09-16 19:00:00,2019-09-17 19:00:00,6,-0.017821529119728008,neither,,0.010083225368135107,-0.0006635909751626645,0.022545305883840072,comparable
downside,d1,2019-09-19 03:00:00,2019-09-19 04:00:00,2019-09-19 05:00:00,2019-09-20 05:00:00,1,-0.039525382109697915,upper_first,11.0,0.04154438831593388,0.0,0.058356089512851206,comparable
downside,d1,2019-09-19 03:00:00,2019-09-19 04:00:00,2019-09-19 10:00:00,2019-09-20 10:00:00,6,-0.039525382109697915,upper_first,10.0,0.0269446644399296,-0.005886201455548745,0.05116599857807502,comparable
downside,d1,2019-09-24 14:00:00,2019-09-24 15:00:00,2019-09-24 16:00:00,2019-09-25 16:00:00,1,-0.04017550148691551,lower_first,2.0,-0.12637578947368422,-0.14112105263157892,0.007801052631579042,comparable
downside,d1,2019-09-24 14:00:00,2019-09-24 15:00:00,2019-09-24 21:00:00,2019-09-25 21:00:00,6,-0.04017550148691551,neither,,-0.008298585942398073,-0.04183321718498345,0.02552389121056109,comparable
downside,d1,2019-09-26 15:00:00,2019-09-26 16:00:00,2019-09-26 17:00:00,2019-09-27 17:00:00,1,-0.045588672957058596,neither,,0.010894122393403816,-0.009419047378905199,0.029848205955772977,comparable
downside,d1,2019-09-26 15:00:00,2019-09-26 16:00:00,2019-09-26 22:00:00,2019-09-27 22:00:00,6,-0.045588672957058596,neither,,0.019089108910891106,-0.027101485148514848,0.025990099009900902,comparable
downside,d1,2019-09-30 04:00:00,2019-09-30 05:00:00,2019-09-30 06:00:00,2019-10-01 06:00:00,1,-0.03725432064746048,upper_first,3.0,0.08240514527185172,-0.00692662344740913,0.09250716580420537,comparable
downside,d1,2019-09-30 04:00:00,2019-09-30 05:00:00,2019-09-30 11:00:00,2019-10-01 11:00:00,6,-0.03725432064746048,upper_first,4.0,0.03450369961923361,-0.00721046971130801,0.057945798529094095,comparable
downside,d1,2019-10-06 06:00:00,2019-10-06 07:00:00,2019-10-06 08:00:00,2019-10-07 08:00:00,1,-0.020298608646313276,neither,,-0.013253383535923535,-0.027072047568792446,0.011882170977922657,comparable
downside,d1,2019-10-06 06:00:00,2019-10-06 07:00:00,2019-10-06 13:00:00,2019-10-07 13:00:00,6,-0.020298608646313276,neither,,0.02054144207052122,-0.025129231743033498,0.02576471533851432,comparable
downside,d1,2019-10-16 11:00:00,2019-10-16 12:00:00,2019-10-16 13:00:00,2019-10-17 13:00:00,1,-0.02960475952236008,neither,,0.007676204642031559,-0.00978587758638405,0.015645384636572723,comparable
downside,d1,2019-10-16 11:00:00,2019-10-16 12:00:00,2019-10-16 18:00:00,2019-10-17 18:00:00,6,-0.02960475952236008,neither,,0.014668016199409717,-0.008060824293596225,0.018974982221536596,comparable
downside,d1,2019-10-18 05:00:00,2019-10-18 06:00:00,2019-10-18 07:00:00,2019-10-19 07:00:00,1,-0.009825877189686527,neither,,0.0023683878298195182,-0.013498295669738702,0.008675672263603218,comparable
downside,d1,2019-10-18 05:00:00,2019-10-18 06:00:00,2019-10-18 12:00:00,2019-10-19 12:00:00,6,-0.009825877189686527,neither,,0.003981312823386984,-0.00277833529621907,0.010311776935398864,comparable
downside,d1,2019-10-23 12:00:00,2019-10-23 13:00:00,2019-10-23 14:00:00,2019-10-24 14:00:00,1,-0.08590843690112393,neither,,-0.0012206809043746603,-0.023396384000514026,0.00840021201299912,comparable
downside,d1,2019-10-23 12:00:00,2019-10-23 13:00:00,2019-10-23 19:00:00,2019-10-24 19:00:00,6,-0.08590843690112393,neither,,-0.006685695115262402,-0.020246127302451233,0.002099430744079811,comparable
downside,d1,2019-11-08 08:00:00,2019-11-08 09:00:00,2019-11-08 10:00:00,2019-11-09 10:00:00,1,-0.020259754867024027,neither,,-0.020609283217093433,-0.03946831354593694,0.003598111767733281,comparable
downside,d1,2019-11-08 08:00:00,2019-11-08 09:00:00,2019-11-08 15:00:00,2019-11-09 15:00:00,6,-0.020259754867024027,neither,,0.0077583223199120255,-0.00679310112433984,0.01521736895551662,comparable
downside,d1,2019-11-15 01:00:00,2019-11-15 02:00:00,2019-11-15 03:00:00,2019-11-16 03:00:00,1,-0.023957328867643124,neither,,-0.009331870890545435,-0.019185763471385453,0.029171041286636834,comparable
downside,d1,2019-11-15 01:00:00,2019-11-15 02:00:00,2019-11-15 08:00:00,2019-11-16 08:00:00,6,-0.023957328867643124,neither,,-0.008497744779756178,-0.02148954546837667,0.02675367658245764,comparable
downside,d1,2019-11-18 17:00:00,2019-11-18 18:00:00,2019-11-18 19:00:00,2019-11-19 19:00:00,1,-0.025747190465546632,neither,,-0.012232329958883459,-0.024924090150964417,0.005172255790226066,comparable
downside,d1,2019-11-18 17:00:00,2019-11-18 18:00:00,2019-11-19 00:00:00,2019-11-20 00:00:00,6,-0.025747190465546632,neither,,-0.00556749795564615,-0.02310854417518282,0.0035476273252994517,comparable
downside,d1,2019-11-21 08:00:00,2019-11-21 09:00:00,2019-11-21 10:00:00,2019-11-22 10:00:00,1,-0.02099038348411386,lower_first,5.0,-0.0644576995951408,-0.07095971757175423,0.0009252482812753815,comparable
downside,d1,2019-11-21 08:00:00,2019-11-21 09:00:00,2019-11-21 15:00:00,2019-11-22 15:00:00,6,-0.02099038348411386,lower_first,0.0,-0.09360863113432283,-0.12799726126478606,0.0,comparable
downside,d1,2019-11-22 10:00:00,2019-11-22 11:00:00,2019-11-22 12:00:00,2019-11-23 12:00:00,1,-0.10472839568673109,upper_first,7.0,0.011974681618821537,-0.04570576255144376,0.04114518632446851,comparable
downside,d1,2019-11-22 10:00:00,2019-11-22 11:00:00,2019-11-22 17:00:00,2019-11-23 17:00:00,6,-0.10472839568673109,upper_first,2.0,0.025429494454131563,-0.0037201577279543097,0.036946272337428976,comparable
downside,d1,2019-11-25 01:00:00,2019-11-25 02:00:00,2019-11-25 03:00:00,2019-11-26 03:00:00,1,-0.0753335836155885,upper_first,7.0,0.06052018650828406,-0.03123761398841829,0.09553428151112664,comparable
downside,d1,2019-11-25 01:00:00,2019-11-25 02:00:00,2019-11-25 08:00:00,2019-11-26 08:00:00,6,-0.0753335836155885,upper_first,2.0,0.07421193910016366,-0.004361971755034499,0.10547073943809648,comparable
downside,d1,2019-12-01 02:00:00,2019-12-01 03:00:00,2019-12-01 04:00:00,2019-12-02 04:00:00,1,-0.05552013998756011,neither,,0.008650684931506891,-0.008608219178082188,0.023632876712328832,comparable
downside,d1,2019-12-01 02:00:00,2019-12-01 03:00:00,2019-12-01 09:00:00,2019-12-02 09:00:00,6,-0.05552013998756011,neither,,-0.009491623909134828,-0.019135365960619266,0.024059334298118795,comparable
downside,d1,2019-12-04 00:00:00,2019-12-04 01:00:00,2019-12-04 02:00:00,2019-12-05 02:00:00,1,-0.031322033898305124,upper_first,11.0,0.009095595250900868,-0.010953549740794322,0.08613504954312479,comparable
downside,d1,2019-12-04 00:00:00,2019-12-04 01:00:00,2019-12-04 07:00:00,2019-12-05 07:00:00,6,-0.031322033898305124,upper_first,6.0,0.023547962028631186,-0.008565823247451032,0.08875716444224135,comparable
downside,d1,2019-12-09 19:00:00,2019-12-09 20:00:00,2019-12-09 21:00:00,2019-12-10 21:00:00,1,-0.02080553857602252,neither,,-0.012561788270366803,-0.019603733052751537,0.013546838522999982,comparable
downside,d1,2019-12-09 19:00:00,2019-12-09 20:00:00,2019-12-10 02:00:00,2019-12-11 02:00:00,6,-0.02080553857602252,neither,,-0.01291240602116872,-0.027454322074900395,0.003664019222510362,comparable
downside,d1,2019-12-14 15:00:00,2019-12-14 16:00:00,2019-12-14 17:00:00,2019-12-15 17:00:00,1,-0.02656497778661071,neither,,0.0035586029083645165,-0.00749969896372682,0.022816424539060298,comparable
downside,d1,2019-12-14 15:00:00,2019-12-14 16:00:00,2019-12-14 22:00:00,2019-12-15 22:00:00,6,-0.02656497778661071,neither,,0.005049734804195571,-0.010668553256627078,0.01955077694745233,comparable
downside,d1,2019-12-16 18:00:00,2019-12-16 19:00:00,2019-12-16 20:00:00,2019-12-17 20:00:00,1,-0.028844856661045526,neither,,-0.04038668846855287,-0.04472191713445439,0.005925392861961809,comparable
downside,d1,2019-12-16 18:00:00,2019-12-16 19:00:00,2019-12-17 01:00:00,2019-12-18 01:00:00,6,-0.028844856661045526,neither,,-0.03451697158280376,-0.047627348609646236,0.007168943005813722,comparable
downside,d1,2019-12-17 19:00:00,2019-12-17 20:00:00,2019-12-17 21:00:00,2019-12-18 21:00:00,1,-0.04038668846855287,upper_first,18.0,0.08150700226496954,-0.023222393879873016,0.09870466832855573,comparable
downside,d1,2019-12-17 19:00:00,2019-12-17 20:00:00,2019-12-18 02:00:00,2019-12-19 02:00:00,6,-0.04038668846855287,upper_first,13.0,0.0778177303024199,-0.033422825652326904,0.11964211089631616,comparable
downside,d1,2019-12-25 16:00:00,2019-12-25 17:00:00,2019-12-25 18:00:00,2019-12-26 18:00:00,1,-0.021823981830948802,upper_first,23.0,0.028914453312307575,-0.0029119956606651343,0.030698277826474163,comparable
downside,d1,2019-12-25 16:00:00,2019-12-25 17:00:00,2019-12-25 23:00:00,2019-12-26 23:00:00,6,-0.021823981830948802,upper_first,20.0,-0.002519538214152406,-0.009388609633903866,0.031137663072809962,comparable
downside,d1,2019-12-31 15:00:00,2019-12-31 16:00:00,2019-12-31 17:00:00,2020-01-01 17:00:00,1,-0.008737022667051675,neither,,0.005495790132906464,-0.010368102428501835,0.007325864588407338,comparable
downside,d1,2019-12-31 15:00:00,2019-12-31 16:00:00,2019-12-31 22:00:00,2020-01-01 22:00:00,6,-0.008737022667051675,neither,,0.008137804818418637,-0.00305953520211788,0.011202928212686647,comparable
downside,d1,2020-01-02 03:00:00,2020-01-02 04:00:00,2020-01-02 05:00:00,2020-01-03 05:00:00,1,-0.013630717328657171,neither,,0.011625242016785498,-0.03619741539430632,0.023780565823644517,comparable
downside,d1,2020-01-02 03:00:00,2020-01-02 04:00:00,2020-01-02 10:00:00,2020-01-03 10:00:00,6,-0.013630717328657171,upper_first,23.0,0.02876839472385484,-0.0389499865404459,0.03012696845977847,comparable
downside,d1,2020-01-23 09:00:00,2020-01-23 10:00:00,2020-01-23 11:00:00,2020-01-24 11:00:00,1,-0.028898390980811373,neither,,-0.02265449459897173,-0.023678735359714098,0.00404349339768717,comparable
downside,d1,2020-01-23 09:00:00,2020-01-23 10:00:00,2020-01-23 16:00:00,2020-01-24 16:00:00,6,-0.028898390980811373,neither,,0.019549904524838402,-0.013838197505764094,0.020160801535283657,comparable
downside,d1,2020-02-15 15:00:00,2020-02-15 16:00:00,2020-02-15 17:00:00,2020-02-16 17:00:00,1,-0.027510478604152455,neither,,-0.017378986178653966,-0.02878546146765537,0.01529047661869587,comparable
downside,d1,2020-02-15 15:00:00,2020-02-15 16:00:00,2020-02-15 22:00:00,2020-02-16 22:00:00,6,-0.027510478604152455,neither,,-0.015759139091531926,-0.031465882068437256,0.012488412397726911,comparable
downside,d1,2020-02-16 16:00:00,2020-02-16 17:00:00,2020-02-16 18:00:00,2020-02-17 18:00:00,1,-0.017376982924118378,neither,,-0.011145922553306709,-0.03007216828611592,0.024992520890280367,comparable
downside,d1,2020-02-16 16:00:00,2020-02-16 17:00:00,2020-02-16 23:00:00,2020-02-17 23:00:00,6,-0.017376982924118378,neither,,-0.0250775068650384,-0.0417793126763073,0.012620739146761428,comparable
downside,d1,2020-02-25 14:00:00,2020-02-25 15:00:00,2020-02-25 16:00:00,2020-02-26 16:00:00,1,-0.034876699780859055,neither,,-0.04265776679624922,-0.04545265583744873,0.00816188611306834,comparable
downside,d1,2020-02-25 14:00:00,2020-02-25 15:00:00,2020-02-25 21:00:00,2020-02-26 21:00:00,6,-0.034876699780859055,lower_first,19.0,-0.0559148487623079,-0.07665522056905594,0.011686182996587746,comparable
downside,d1,2020-02-26 16:00:00,2020-02-26 17:00:00,2020-02-26 18:00:00,2020-02-27 18:00:00,1,-0.06165855525489383,neither,,0.02304442438265042,-0.022656698988587354,0.02929850381588328,comparable
downside,d1,2020-02-26 16:00:00,2020-02-26 17:00:00,2020-02-26 23:00:00,2020-02-27 23:00:00,6,-0.06165855525489383,neither,,0.0010819589607271585,-0.029653647853108756,0.021929599777685826,comparable
downside,d1,2020-03-08 14:00:00,2020-03-08 15:00:00,2020-03-08 16:00:00,2020-03-09 16:00:00,1,-0.06037008649950737,lower_first,12.0,-0.07531560524677738,-0.09189477405080393,0.00020590066066739077,comparable
downside,d1,2020-03-08 14:00:00,2020-03-08 15:00:00,2020-03-08 21:00:00,2020-03-09 21:00:00,6,-0.06037008649950737,lower_first,7.0,-0.05029029672761909,-0.07767477337755979,0.0028443397879982513,comparable
downside,d1,2020-03-12 06:00:00,2020-03-12 07:00:00,2020-03-12 08:00:00,2020-03-13 08:00:00,1,-0.043070187649824176,lower_first,2.0,-0.26472212745910295,-0.4777198368991341,0.010417174326234235,comparable
downside,d1,2020-03-12 06:00:00,2020-03-12 07:00:00,2020-03-12 13:00:00,2020-03-13 13:00:00,6,-0.043070187649824176,lower_first,0.0,-0.07305876591415383,-0.3638460764736824,0.030739195029491073,comparable
downside,d1,2020-03-27 23:00:00,2020-03-28 00:00:00,2020-03-28 01:00:00,2020-03-29 01:00:00,1,-0.0570893347025383,neither,,-0.014270370288227197,-0.044734315741447817,0.002791340191813596,comparable
downside,d1,2020-03-27 23:00:00,2020-03-28 00:00:00,2020-03-28 06:00:00,2020-03-29 06:00:00,6,-0.0570893347025383,neither,,-0.002272646222576724,-0.022535183870371678,0.0260949064843361,comparable
downside,d1,2020-03-29 19:00:00,2020-03-29 20:00:00,2020-03-29 21:00:00,2020-03-30 21:00:00,1,-0.05148223980046096,upper_first,8.0,0.08935565992555938,-0.01647608405239409,0.09644516513892509,comparable
downside,d1,2020-03-29 19:00:00,2020-03-29 20:00:00,2020-03-30 02:00:00,2020-03-31 02:00:00,6,-0.05148223980046096,upper_first,3.0,0.09692658667402432,-0.00047611997550423,0.11563995235435431,comparable
downside,d1,2020-04-10 05:00:00,2020-04-10 06:00:00,2020-04-10 07:00:00,2020-04-11 07:00:00,1,-0.04883396070648516,neither,,-0.004148025201155536,-0.030835233374875815,0.0,comparable
downside,d1,2020-04-10 05:00:00,2020-04-10 06:00:00,2020-04-10 12:00:00,2020-04-11 12:00:00,6,-0.04883396070648516,neither,,-0.0016429568006675055,-0.022049523412134397,0.008688546678662812,comparable
downside,d1,2020-04-13 00:00:00,2020-04-13 01:00:00,2020-04-13 02:00:00,2020-04-14 02:00:00,1,-0.02085733905979026,upper_first,20.0,0.024901469007524213,-0.012670189896094586,0.03106861340021516,comparable
downside,d1,2020-04-13 00:00:00,2020-04-13 01:00:00,2020-04-13 07:00:00,2020-04-14 07:00:00,6,-0.02085733905979026,neither,,0.02086823231529622,-0.019587408793209304,0.027843087259067367,comparable
downside,d1,2020-04-20 11:00:00,2020-04-20 12:00:00,2020-04-20 13:00:00,2020-04-21 13:00:00,1,-0.02769596358524673,neither,,-0.03236508749987588,-0.04192072413298675,0.009115546400416896,comparable
downside,d1,2020-04-20 11:00:00,2020-04-20 12:00:00,2020-04-20 18:00:00,2020-04-21 18:00:00,6,-0.02769596358524673,neither,,0.003766379828943567,-0.01935791361156869,0.017155046396800877,comparable
downside,d1,2020-05-10 00:00:00,2020-05-10 01:00:00,2020-05-10 02:00:00,2020-05-11 02:00:00,1,-0.11735061996496665,lower_first,14.0,-0.0006168112007411963,-0.05371760594706898,0.02259271658327866,comparable
downside,d1,2020-05-10 00:00:00,2020-05-10 01:00:00,2020-05-10 07:00:00,2020-05-11 07:00:00,6,-0.11735061996496665,upper_first,1.0,0.009174599671257333,-0.04121600037172346,0.036102479511648466,comparable
downside,d1,2020-05-20 15:00:00,2020-05-20 16:00:00,2020-05-20 17:00:00,2020-05-21 17:00:00,1,-0.028612696174133312,lower_first,21.0,-0.044324479256126925,-0.0599033276816453,0.011297404895155738,comparable
downside,d1,2020-05-20 15:00:00,2020-05-20 16:00:00,2020-05-20 22:00:00,2020-05-21 22:00:00,6,-0.028612696174133312,lower_first,16.0,-0.046760258387705034,-0.07853306652677117,0.001990578000605314,comparable
downside,d1,2020-05-21 18:00:00,2020-05-21 19:00:00,2020-05-21 20:00:00,2020-05-22 20:00:00,1,-0.07540635249276018,neither,,0.012600478188975028,-0.014977072980115191,0.022977797107464504,comparable
downside,d1,2020-05-21 18:00:00,2020-05-21 19:00:00,2020-05-22 01:00:00,2020-05-23 01:00:00,6,-0.07540635249276018,neither,,0.025390869709357666,-0.010587660037321256,0.027536342761218302,comparable
downside,d1,2020-05-24 23:00:00,2020-05-25 00:00:00,2020-05-25 01:00:00,2020-05-26 01:00:00,1,-0.05075606419684253,neither,,0.0060732261445062274,-0.015134811087356259,0.01924380443507867,comparable
downside,d1,2020-05-24 23:00:00,2020-05-25 00:00:00,2020-05-25 06:00:00,2020-05-26 06:00:00,6,-0.05075606419684253,neither,,0.01754363987536678,-0.012156985113245034,0.022325577157850773,comparable
downside,d1,2020-06-07 12:00:00,2020-06-07 13:00:00,2020-06-07 14:00:00,2020-06-08 14:00:00,1,-0.014067205373941905,upper_first,5.0,0.02560740046887977,-0.008260963902604113,0.03957959578960746,comparable
downside,d1,2020-06-07 12:00:00,2020-06-07 13:00:00,2020-06-07 19:00:00,2020-06-08 19:00:00,6,-0.014067205373941905,neither,,0.017470742299473985,-0.0013263211311789203,0.02981234390825427,comparable
downside,d1,2020-06-11 15:00:00,2020-06-11 16:00:00,2020-06-11 17:00:00,2020-06-12 17:00:00,1,-0.025876117906269536,upper_first,0.0,0.03863938886309515,-0.0019508827496308445,0.05350646085166133,comparable
downside,d1,2020-06-11 15:00:00,2020-06-11 16:00:00,2020-06-11 22:00:00,2020-06-12 22:00:00,6,-0.025876117906269536,neither,,0.010178827952224134,-0.012303654273095321,0.02257882195775185,comparable
downside,d1,2020-06-15 01:00:00,2020-06-15 02:00:00,2020-06-15 03:00:00,2020-06-16 03:00:00,1,-0.02201541163505405,neither,,0.022310389251067875,-0.03865167130678371,0.026625914333638923,comparable
downside,d1,2020-06-15 01:00:00,2020-06-15 02:00:00,2020-06-15 08:00:00,2020-06-16 08:00:00,6,-0.02201541163505405,upper_first,8.0,0.042705087268492425,-0.00882728401308841,0.052725514494988746,comparable
downside,d1,2020-06-25 03:00:00,2020-06-25 04:00:00,2020-06-25 05:00:00,2020-06-26 05:00:00,1,-0.05793413002873793,neither,,0.015582646897309038,-0.0020461285008236407,0.025260845689181854,comparable
downside,d1,2020-06-25 03:00:00,2020-06-25 04:00:00,2020-06-25 10:00:00,2020-06-26 10:00:00,6,-0.05793413002873793,neither,,-0.00463224396629125,-0.01806380423847076,0.009855147719036284,comparable
downside,d1,2020-06-27 19:00:00,2020-06-27 20:00:00,2020-06-27 21:00:00,2020-06-28 21:00:00,1,-0.02581416030596817,neither,,0.01853880829293586,-0.0014209881401712199,0.02733753108062187,comparable
downside,d1,2020-06-27 19:00:00,2020-06-27 20:00:00,2020-06-28 02:00:00,2020-06-29 02:00:00,6,-0.02581416030596817,neither,,0.018981601812488647,-0.0036477337756720685,0.025046656411366275,comparable
downside,d1,2020-07-02 15:00:00,2020-07-02 16:00:00,2020-07-02 17:00:00,2020-07-03 17:00:00,1,-0.02437219457626172,neither,,0.006201653331562751,-0.0024822106393102006,0.013578566448657181,comparable
downside,d1,2020-07-02 15:00:00,2020-07-02 16:00:00,2020-07-02 22:00:00,2020-07-03 22:00:00,6,-0.02437219457626172,neither,,-0.003752059691361165,-0.01037701247584466,0.001890810355115402,comparable
downside,d1,2020-07-10 04:00:00,2020-07-10 05:00:00,2020-07-10 06:00:00,2020-07-11 06:00:00,1,-0.02624970300342111,neither,,0.01245659983268732,-0.00211054671908395,0.019430152385847332,comparable
downside,d1,2020-07-10 04:00:00,2020-07-10 05:00:00,2020-07-10 11:00:00,2020-07-11 11:00:00,6,-0.02624970300342111,neither,,0.003376840105531631,-0.003287517238224069,0.015473552806154034,comparable
downside,d1,2020-07-16 09:00:00,2020-07-16 10:00:00,2020-07-16 11:00:00,2020-07-17 11:00:00,1,-0.01734374898312918,neither,,0.003007177820852691,-0.0032955674947413582,0.00741117432935634,comparable
downside,d1,2020-07-16 09:00:00,2020-07-16 10:00:00,2020-07-16 16:00:00,2020-07-17 16:00:00,6,-0.01734374898312918,neither,,0.003281634695140312,-0.006513896751938808,0.007529875932045682,comparable
downside,d1,2020-08-11 20:00:00,2020-08-11 21:00:00,2020-08-11 22:00:00,2020-08-12 22:00:00,1,-0.054902843386168465,neither,,0.018105255330751024,-0.013117081772408112,0.029059762479728635,comparable
downside,d1,2020-08-11 20:00:00,2020-08-11 21:00:00,2020-08-12 03:00:00,2020-08-13 03:00:00,6,-0.054902843386168465,upper_first,11.0,0.029124910323688136,-0.008912069653713828,0.036797735578671054,comparable
downside,d1,2020-08-21 21:00:00,2020-08-21 22:00:00,2020-08-21 23:00:00,2020-08-22 23:00:00,1,-0.025770183208840614,neither,,0.010677610958145012,-0.01553327445581587,0.012087207993488835,comparable
downside,d1,2020-08-21 21:00:00,2020-08-21 22:00:00,2020-08-22 04:00:00,2020-08-23 04:00:00,6,-0.025770183208840614,neither,,0.011434647330027303,-0.005681590392107361,0.01933518681529378,comparable
downside,d1,2020-08-25 12:00:00,2020-08-25 13:00:00,2020-08-25 14:00:00,2020-08-26 14:00:00,1,-0.0243161429648292,neither,,-0.0032338847510232638,-0.029858166935210595,0.00027436903858979456,comparable
downside,d1,2020-08-25 12:00:00,2020-08-25 13:00:00,2020-08-25 19:00:00,2020-08-26 19:00:00,6,-0.0243161429648292,neither,,0.013034327355985864,-0.0063539359988250554,0.020946225105567207,comparable
downside,d1,2020-09-02 11:00:00,2020-09-02 12:00:00,2020-09-02 13:00:00,2020-09-03 13:00:00,1,-0.03966526619131305,lower_first,23.0,-0.05420083589065039,-0.06725167934611975,0.0035401604441291923,comparable
downside,d1,2020-09-02 11:00:00,2020-09-02 12:00:00,2020-09-02 18:00:00,2020-09-03 18:00:00,6,-0.03966526619131305,lower_first,18.0,-0.058761003389448785,-0.07877916492149373,0.009706388565274171,comparable
downside,d1,2020-09-03 12:00:00,2020-09-03 13:00:00,2020-09-03 14:00:00,2020-09-04 14:00:00,1,-0.054355630455524606,lower_first,9.0,-0.04979596767329941,-0.08439406654409787,0.0003880229043331518,comparable
downside,d1,2020-09-03 12:00:00,2020-09-03 13:00:00,2020-09-03 19:00:00,2020-09-04 19:00:00,6,-0.054355630455524606,lower_first,4.0,-0.012260719799894071,-0.07125070980397685,0.01386194371313132,comparable
downside,d1,2020-09-21 09:00:00,2020-09-21 10:00:00,2020-09-21 11:00:00,2020-09-22 11:00:00,1,-0.024385749833986337,neither,,-0.018866915786867167,-0.04516429177077941,0.0016948802797349671,comparable
downside,d1,2020-09-21 09:00:00,2020-09-21 10:00:00,2020-09-21 16:00:00,2020-09-22 16:00:00,6,-0.024385749833986337,neither,,0.003341755722552575,-0.022721250916798885,0.011198385666066235,comparable
downside,d1,2020-10-01 16:00:00,2020-10-01 17:00:00,2020-10-01 18:00:00,2020-10-02 18:00:00,1,-0.025727928981905346,neither,,0.006690266264193889,-0.010329519009389831,0.018776863481707595,comparable
downside,d1,2020-10-01 16:00:00,2020-10-01 17:00:00,2020-10-01 23:00:00,2020-10-02 23:00:00,6,-0.025727928981905346,neither,,-0.00448895678907546,-0.022637167807766923,0.006107244572700399,comparable
downside,d1,2020-11-26 03:00:00,2020-11-26 04:00:00,2020-11-26 05:00:00,2020-11-27 05:00:00,1,-0.04642164905904733,lower_first,3.0,-0.038221109605902304,-0.08824494468404598,0.014638171131921451,comparable
downside,d1,2020-11-26 03:00:00,2020-11-26 04:00:00,2020-11-26 10:00:00,2020-11-27 10:00:00,6,-0.04642164905904733,lower_first,7.0,-0.025285060292485118,-0.05101825030241436,0.023668864357285324,comparable
downside,d1,2020-12-08 09:00:00,2020-12-08 10:00:00,2020-12-08 11:00:00,2020-12-09 11:00:00,1,-0.02183133440421603,lower_first,20.0,-0.03138671781602176,-0.06278725020854703,0.008679804683141557,comparable
downside,d1,2020-12-08 09:00:00,2020-12-08 10:00:00,2020-12-08 16:00:00,2020-12-09 16:00:00,6,-0.02183133440421603,lower_first,15.0,-0.024587483750568073,-0.06217185452206064,0.006870352795433909,comparable
downside,d1,2021-01-11 06:00:00,2021-01-11 07:00:00,2021-01-11 08:00:00,2021-01-12 08:00:00,1,-0.2048547035882995,upper_first,0.0,0.061465820881654976,-0.12330241785037832,0.06614901703560294,comparable
downside,d1,2021-01-11 06:00:00,2021-01-11 07:00:00,2021-01-11 13:00:00,2021-01-12 13:00:00,6,-0.2048547035882995,lower_first,0.0,0.0225346959090289,-0.12030925367446244,0.06978899404586736,comparable
downside,d1,2021-01-21 08:00:00,2021-01-21 09:00:00,2021-01-21 10:00:00,2021-01-22 10:00:00,1,-0.06416276400205645,lower_first,4.0,-0.04407388248181854,-0.1257036789094118,0.006053616529227535,comparable
downside,d1,2021-01-21 08:00:00,2021-01-21 09:00:00,2021-01-21 15:00:00,2021-01-22 15:00:00,6,-0.06416276400205645,upper_first,0.0,0.049335651318069385,-0.07465259214504627,0.05471955519427407,comparable
downside,d1,2021-01-27 11:00:00,2021-01-27 12:00:00,2021-01-27 13:00:00,2021-01-28 13:00:00,1,-0.03607050332359796,lower_first,1.0,0.022919613780346237,-0.053156513007569295,0.03709985827874274,comparable
downside,d1,2021-01-27 11:00:00,2021-01-27 12:00:00,2021-01-27 18:00:00,2021-01-28 18:00:00,6,-0.03607050332359796,upper_first,2.0,0.058773077163470244,-0.03420183128379328,0.06352030456603619,comparable
downside,d1,2021-02-22 13:00:00,2021-02-22 14:00:00,2021-02-22 15:00:00,2021-02-23 15:00:00,1,-0.09197821227731695,lower_first,11.0,-0.12716088011959614,-0.16545811876286187,0.02334995237757931,comparable
downside,d1,2021-02-22 13:00:00,2021-02-22 14:00:00,2021-02-22 20:00:00,2021-02-23 20:00:00,6,-0.09197821227731695,lower_first,6.0,-0.15213848793405693,-0.16287941516541715,0.026512065943083085,comparable
downside,d1,2021-02-28 15:00:00,2021-02-28 16:00:00,2021-02-28 17:00:00,2021-03-01 17:00:00,1,-0.0677397219820991,upper_first,3.0,0.12790840929681524,-0.011168943257785502,0.1376799441495482,comparable
downside,d1,2021-02-28 15:00:00,2021-02-28 16:00:00,2021-02-28 22:00:00,2021-03-01 22:00:00,6,-0.0677397219820991,upper_first,2.0,0.079736089815023,-0.008396680218823227,0.0957735081744937,comparable
downside,d1,2021-03-05 00:00:00,2021-03-05 01:00:00,2021-03-05 02:00:00,2021-03-06 02:00:00,1,-0.08043340488120743,upper_first,11.0,0.04176382704225268,-0.0074161707989452985,0.05956901913281265,comparable
downside,d1,2021-03-05 00:00:00,2021-03-05 01:00:00,2021-03-05 07:00:00,2021-03-06 07:00:00,6,-0.08043340488120743,upper_first,7.0,0.03180379306183445,-0.020716011521132116,0.04379646281329297,comparable
downside,d1,2021-03-16 00:00:00,2021-03-16 01:00:00,2021-03-16 02:00:00,2021-03-17 02:00:00,1,-0.09066599823190036,upper_first,6.0,0.03297398789055084,-0.01746064795917901,0.04894136337244759,comparable
downside,d1,2021-03-16 00:00:00,2021-03-16 01:00:00,2021-03-16 07:00:00,2021-03-17 07:00:00,6,-0.09066599823190036,upper_first,15.0,0.023677324630581253,-0.00829329631271758,0.039006112762663525,comparable
downside,d1,2021-03-21 09:00:00,2021-03-21 10:00:00,2021-03-21 11:00:00,2021-03-22 11:00:00,1,-0.04727249220007279,upper_first,9.0,0.031043151971985594,-0.006191251442978163,0.04027411734602748,comparable
downside,d1,2021-03-21 09:00:00,2021-03-21 10:00:00,2021-03-21 16:00:00,2021-03-22 16:00:00,6,-0.04727249220007279,neither,,-0.0020935665770247525,-0.01577382980619524,0.020863672662015054,comparable
downside,d1,2021-03-22 20:00:00,2021-03-22 21:00:00,2021-03-22 22:00:00,2021-03-23 22:00:00,1,-0.05658032525183776,neither,,0.0013534224438738196,-0.028951001417181876,0.023412357789416083,comparable
downside,d1,2021-03-22 20:00:00,2021-03-22 21:00:00,2021-03-23 03:00:00,2021-03-24 03:00:00,6,-0.05658032525183776,neither,,-0.002704806924657688,-0.02863011921091052,0.023750543417301095,comparable
downside,d1,2021-03-24 22:00:00,2021-03-24 23:00:00,2021-03-25 00:00:00,2021-03-26 00:00:00,1,-0.034480425807825066,neither,,-0.01796662016173456,-0.03740339829799988,0.018720164624015156,comparable
downside,d1,2021-03-24 22:00:00,2021-03-24 23:00:00,2021-03-25 05:00:00,2021-03-26 05:00:00,6,-0.034480425807825066,neither,,0.009491453136249328,-0.03703376153315019,0.01911135281777465,comparable
downside,d1,2021-04-17 17:00:00,2021-04-17 18:00:00,2021-04-17 19:00:00,2021-04-18 19:00:00,1,-0.030120588378816482,lower_first,8.0,-0.08108775089334808,-0.15147649705679778,0.009400912634167646,comparable
downside,d1,2021-04-17 17:00:00,2021-04-17 18:00:00,2021-04-18 00:00:00,2021-04-19 00:00:00,6,-0.030120588378816482,lower_first,3.0,-0.06315509962175692,-0.14595652868786957,0.0061725867028927794,comparable
downside,d1,2021-04-23 07:00:00,2021-04-23 08:00:00,2021-04-23 09:00:00,2021-04-24 09:00:00,1,-0.11565403735836988,upper_first,2.0,0.021943883603203762,-0.018155051458252247,0.05638490317258027,comparable
downside,d1,2021-04-23 07:00:00,2021-04-23 08:00:00,2021-04-23 14:00:00,2021-04-24 14:00:00,6,-0.11565403735836988,upper_first,4.0,0.009114168103869114,-0.009004140769906521,0.04739513845953591,comparable
downside,d1,2021-05-04 00:00:00,2021-05-04 01:00:00,2021-05-04 02:00:00,2021-05-05 02:00:00,1,-0.036435955225158745,lower_first,22.0,-0.017240902937031954,-0.05066991141646471,0.016604703284448075,comparable
downside,d1,2021-05-04 00:00:00,2021-05-04 01:00:00,2021-05-04 07:00:00,2021-05-05 07:00:00,6,-0.036435955225158745,lower_first,9.0,-0.029610249123304566,-0.0573338483169088,0.009468524123108724,comparable
downside,d1,2021-05-10 19:00:00,2021-05-10 20:00:00,2021-05-10 21:00:00,2021-05-11 21:00:00,1,-0.02836114412161017,neither,,0.029102122183030765,-0.014529999976498287,0.0297722814394088,comparable
downside,d1,2021-05-10 19:00:00,2021-05-10 20:00:00,2021-05-11 02:00:00,2021-05-12 02:00:00,6,-0.02836114412161017,upper_first,22.0,0.02691593920520563,-0.019835608004584282,0.032513746832443235,comparable
downside,d1,2021-05-12 22:00:00,2021-05-12 23:00:00,2021-05-13 00:00:00,2021-05-14 00:00:00,1,-0.06348646193133667,ambiguous,0.0,0.003707567623916219,-0.07068379086668031,0.060632629989114895,comparable
downside,d1,2021-05-12 22:00:00,2021-05-12 23:00:00,2021-05-13 05:00:00,2021-05-14 05:00:00,6,-0.06348646193133667,lower_first,12.0,-0.024479786707945483,-0.0712027801483276,0.01797760330442677,comparable
downside,d1,2021-05-16 18:00:00,2021-05-16 19:00:00,2021-05-16 20:00:00,2021-05-17 20:00:00,1,-0.05153849604279437,lower_first,7.0,-0.027954690131124282,-0.07520614066109987,0.024632979781982423,comparable
downside,d1,2021-05-16 18:00:00,2021-05-16 19:00:00,2021-05-17 01:00:00,2021-05-18 01:00:00,6,-0.05153849604279437,lower_first,2.0,-0.02500143244805475,-0.0757471945422522,0.007103625158310312,comparable
downside,d1,2021-05-19 01:00:00,2021-05-19 02:00:00,2021-05-19 03:00:00,2021-05-20 03:00:00,1,-0.09415421347281094,lower_first,8.0,-0.053355392204932905,-0.2552151695788166,0.06727666199355564,comparable
downside,d1,2021-05-19 01:00:00,2021-05-19 02:00:00,2021-05-19 08:00:00,2021-05-20 08:00:00,6,-0.09415421347281094,lower_first,3.0,-0.008384414171933252,-0.2570960329671065,0.06458138475813646,comparable
downside,d1,2021-05-23 16:00:00,2021-05-23 17:00:00,2021-05-23 18:00:00,2021-05-24 18:00:00,1,-0.15509139926130755,upper_first,2.0,0.15193648854961816,-0.029440916030534336,0.1832061068702291,comparable
downside,d1,2021-05-23 16:00:00,2021-05-23 17:00:00,2021-05-23 23:00:00,2021-05-24 23:00:00,6,-0.15509139926130755,upper_first,0.0,0.13385881552485612,-0.00027504388025900717,0.17820396640986091,comparable
downside,d1,2021-05-28 08:00:00,2021-05-28 09:00:00,2021-05-28 10:00:00,2021-05-29 10:00:00,1,-0.07457099928151778,upper_first,3.0,-0.017107550824216666,-0.03705136956734778,0.03615249166566947,comparable
downside,d1,2021-05-28 08:00:00,2021-05-28 09:00:00,2021-05-28 15:00:00,2021-05-29 15:00:00,6,-0.07457099928151778,lower_first,6.0,-0.05429077541713001,-0.06819546950730737,0.01907144776129166,comparable
downside,d1,2021-06-05 21:00:00,2021-06-05 22:00:00,2021-06-05 23:00:00,2021-06-06 23:00:00,1,-0.06031155522742482,upper_first,2.0,0.013450688550883827,-0.00010003160542748635,0.03958373172606389,comparable
downside,d1,2021-06-05 21:00:00,2021-06-05 22:00:00,2021-06-06 04:00:00,2021-06-07 04:00:00,6,-0.06031155522742482,neither,,0.01042093793160892,-0.021175294795360955,0.021977332509733882,comparable
downside,d1,2021-06-07 20:00:00,2021-06-07 21:00:00,2021-06-07 22:00:00,2021-06-08 22:00:00,1,-0.041864914918101626,lower_first,4.0,-0.018719604373454546,-0.09164830721994999,0.004886737838819766,comparable
downside,d1,2021-06-07 20:00:00,2021-06-07 21:00:00,2021-06-08 03:00:00,2021-06-09 03:00:00,6,-0.041864914918101626,lower_first,12.0,0.004911506438658231,-0.05291988584313789,0.03648456001864542,comparable
downside,d1,2021-06-17 17:00:00,2021-06-17 18:00:00,2021-06-17 19:00:00,2021-06-18 19:00:00,1,-0.037864206772790565,lower_first,23.0,-0.06464833330419595,-0.06883831665339579,0.012928077338542066,comparable
downside,d1,2021-06-17 17:00:00,2021-06-17 18:00:00,2021-06-18 00:00:00,2021-06-19 00:00:00,6,-0.037864206772790565,lower_first,18.0,-0.05938965891716197,-0.07744028570273831,0.002946676905327905,comparable
downside,d1,2021-06-18 18:00:00,2021-06-18 19:00:00,2021-06-18 20:00:00,2021-06-19 20:00:00,1,-0.06467213503390068,upper_first,16.0,0.017369524842143935,-0.014404810544626834,0.03154345097497724,comparable
downside,d1,2021-06-18 18:00:00,2021-06-18 19:00:00,2021-06-19 01:00:00,2021-06-20 01:00:00,6,-0.06467213503390068,neither,,-0.01083722360439443,-0.026269532887932212,0.019125597517680948,comparable
downside,d1,2021-06-20 10:00:00,2021-06-20 11:00:00,2021-06-20 12:00:00,2021-06-21 12:00:00,1,-0.04576019363539041,upper_first,6.0,-0.03969921323017822,-0.06424780135132058,0.06680857432396348,comparable
downside,d1,2021-06-20 10:00:00,2021-06-20 11:00:00,2021-06-20 17:00:00,2021-06-21 17:00:00,6,-0.04576019363539041,upper_first,2.0,-0.06900802393990024,-0.08292870334797553,0.045511326553756115,comparable
downside,d1,2021-06-21 21:00:00,2021-06-21 22:00:00,2021-06-21 23:00:00,2021-06-22 23:00:00,1,-0.11270288072330548,upper_first,2.0,0.04259998113035568,-0.07890549666343116,0.06667860678059867,comparable
downside,d1,2021-06-21 21:00:00,2021-06-21 22:00:00,2021-06-22 04:00:00,2021-06-23 04:00:00,6,-0.11270288072330548,lower_first,5.0,0.029206608162008374,-0.12797114311174418,0.041559744725663705,comparable
downside,d1,2021-06-26 07:00:00,2021-06-26 08:00:00,2021-06-26 09:00:00,2021-06-27 09:00:00,1,-0.10414255385768989,upper_first,2.0,0.08532702527330827,-0.004509277283591628,0.1006250564686364,comparable
downside,d1,2021-06-26 07:00:00,2021-06-26 08:00:00,2021-06-26 14:00:00,2021-06-27 14:00:00,6,-0.10414255385768989,upper_first,3.0,0.07433883593591561,-0.009889434191847513,0.08994070168322854,comparable
downside,d1,2021-07-01 06:00:00,2021-07-01 07:00:00,2021-07-01 08:00:00,2021-07-02 08:00:00,1,-0.042314492931635805,neither,,7.523509468376766e-05,-0.01974126920705499,0.018283326973819625,comparable
downside,d1,2021-07-01 06:00:00,2021-07-01 07:00:00,2021-07-01 13:00:00,2021-07-02 13:00:00,6,-0.042314492931635805,neither,,-0.012513782745903201,-0.028569493555378078,0.00911265256073901,comparable
downside,d1,2021-07-08 05:00:00,2021-07-08 06:00:00,2021-07-08 07:00:00,2021-07-09 07:00:00,1,-0.05553036605119732,neither,,-0.006791334597858523,-0.029822291699271752,0.006419107343451413,comparable
downside,d1,2021-07-08 05:00:00,2021-07-08 06:00:00,2021-07-08 12:00:00,2021-07-09 12:00:00,6,-0.05553036605119732,neither,,0.002338471509718776,-0.01388469369661316,0.018377591762612333,comparable
downside,d1,2021-07-13 12:00:00,2021-07-13 13:00:00,2021-07-13 14:00:00,2021-07-14 14:00:00,1,-0.036147718975139354,neither,,0.0068888984393227215,-0.02994879603138545,0.011208696079274105,comparable
downside,d1,2021-07-13 12:00:00,2021-07-13 13:00:00,2021-07-13 19:00:00,2021-07-14 19:00:00,6,-0.036147718975139354,neither,,0.008764781715051573,-0.026819739298558742,0.020162385597424892,comparable
downside,d1,2021-07-15 17:00:00,2021-07-15 18:00:00,2021-07-15 19:00:00,2021-07-16 19:00:00,1,-0.04774129498681379,neither,,0.016888025745039448,-0.013205846449592884,0.026034473874879005,comparable
downside,d1,2021-07-15 17:00:00,2021-07-15 18:00:00,2021-07-16 00:00:00,2021-07-17 00:00:00,6,-0.04774129498681379,neither,,-0.015151624488704885,-0.026576837893744876,0.012131778847526364,comparable
downside,d1,2021-07-19 12:00:00,2021-07-19 13:00:00,2021-07-19 14:00:00,2021-07-20 14:00:00,1,-0.033088031522248484,neither,,-0.03512366715163595,-0.04242892455787406,0.01479646325410422,comparable
downside,d1,2021-07-19 12:00:00,2021-07-19 13:00:00,2021-07-19 19:00:00,2021-07-20 19:00:00,6,-0.033088031522248484,neither,,-0.02816479537617056,-0.043938320664287156,0.013196864154131127,comparable
downside,d1,2021-08-24 23:00:00,2021-08-25 00:00:00,2021-08-25 01:00:00,2021-08-26 01:00:00,1,-0.036844656762243355,neither,,0.02672935837419721,-0.018681937253730907,0.028030298770635342,comparable
downside,d1,2021-08-24 23:00:00,2021-08-25 00:00:00,2021-08-25 06:00:00,2021-08-26 06:00:00,6,-0.036844656762243355,neither,,-0.030284151485653332,-0.03480173261844799,0.017014065936329814,comparable
downside,d1,2021-08-26 05:00:00,2021-08-26 06:00:00,2021-08-26 07:00:00,2021-08-27 07:00:00,1,-0.030269517911892363,neither,,0.0067928892075035385,-0.01182258862887664,0.017203475173673377,comparable
downside,d1,2021-08-26 05:00:00,2021-08-26 06:00:00,2021-08-26 12:00:00,2021-08-27 12:00:00,6,-0.030269517911892363,neither,,0.0130904293268983,-0.011543574544933821,0.019945633859387524,comparable
downside,d1,2021-08-30 23:00:00,2021-08-31 00:00:00,2021-08-31 01:00:00,2021-09-01 01:00:00,1,-0.03706504861013504,neither,,-0.00193086113120422,-0.003149678545442125,0.02975732474698667,comparable
downside,d1,2021-08-30 23:00:00,2021-08-31 00:00:00,2021-08-31 06:00:00,2021-09-01 06:00:00,6,-0.03706504861013504,neither,,0.006334068508046409,-0.012983514878857294,0.023539659455535267,comparable
downside,d1,2021-09-07 14:00:00,2021-09-07 15:00:00,2021-09-07 16:00:00,2021-09-08 16:00:00,1,-0.08159106807334282,neither,,-0.01410825655108694,-0.04987873110386776,0.018899340399866515,comparable
downside,d1,2021-09-07 14:00:00,2021-09-07 15:00:00,2021-09-07 21:00:00,2021-09-08 21:00:00,6,-0.08159106807334282,lower_first,11.0,-0.016380648895476635,-0.05120789558553729,0.011968321974494378,comparable
downside,d1,2021-09-13 14:00:00,2021-09-13 15:00:00,2021-09-13 16:00:00,2021-09-14 16:00:00,1,-0.04178055055660179,upper_first,14.0,0.054082963007027196,-0.004501599602341422,0.05850276860317938,comparable
downside,d1,2021-09-13 14:00:00,2021-09-13 15:00:00,2021-09-13 21:00:00,2021-09-14 21:00:00,6,-0.04178055055660179,upper_first,15.0,0.03622527363818273,-0.011190738284204915,0.039626358674603734,comparable
downside,d1,2021-09-20 02:00:00,2021-09-20 03:00:00,2021-09-20 04:00:00,2021-09-21 04:00:00,1,-0.0429541421270454,lower_first,7.0,-0.06284915618415843,-0.11726245960981685,0.006419829535036614,comparable
downside,d1,2021-09-20 02:00:00,2021-09-20 03:00:00,2021-09-20 09:00:00,2021-09-21 09:00:00,6,-0.0429541421270454,lower_first,3.0,-0.039291238126280326,-0.10743110234035114,0.005303457882959828,comparable
downside,d1,2021-10-22 15:00:00,2021-10-22 16:00:00,2021-10-22 17:00:00,2021-10-23 17:00:00,1,-0.03689792774132661,neither,,-0.0001488036594581299,-0.024600188277509427,0.009739117751279114,comparable
downside,d1,2021-10-22 15:00:00,2021-10-22 16:00:00,2021-10-22 22:00:00,2021-10-23 22:00:00,6,-0.03689792774132661,neither,,0.010794153856598543,-0.0122855777963784,0.022487268584637565,comparable
downside,d1,2021-11-01 03:00:00,2021-11-01 04:00:00,2021-11-01 05:00:00,2021-11-02 05:00:00,1,-0.028640987337421597,upper_first,3.0,0.015296326695082518,-0.0039061583965147584,0.03215194597799287,comparable
downside,d1,2021-11-01 03:00:00,2021-11-01 04:00:00,2021-11-01 10:00:00,2021-11-02 10:00:00,6,-0.028640987337421597,neither,,0.018143490685121888,-0.026710093936100687,0.02014179472419353,comparable
downside,d1,2021-11-16 00:00:00,2021-11-16 01:00:00,2021-11-16 02:00:00,2021-11-17 02:00:00,1,-0.050217667473562044,lower_first,8.0,-0.045448529197727794,-0.05696380557031111,0.0018160177201644867,comparable
downside,d1,2021-11-16 00:00:00,2021-11-16 01:00:00,2021-11-16 07:00:00,2021-11-17 07:00:00,6,-0.050217667473562044,neither,,-0.020670726688755692,-0.03800771427196159,0.008979558444259572,comparable
downside,d1,2021-11-18 15:00:00,2021-11-18 16:00:00,2021-11-18 17:00:00,2021-11-19 17:00:00,1,-0.026360810663628165,neither,,0.016300036980886556,-0.029229909247612595,0.02164280651945627,comparable
downside,d1,2021-11-18 15:00:00,2021-11-18 16:00:00,2021-11-18 22:00:00,2021-11-19 22:00:00,6,-0.026360810663628165,neither,,0.004942432066956215,-0.03403680923212482,0.0143632865566925,comparable
downside,d1,2021-11-22 18:00:00,2021-11-22 19:00:00,2021-11-22 20:00:00,2021-11-23 20:00:00,1,-0.050814231178320735,upper_first,14.0,0.0315859859968497,-0.011507687738032901,0.03255721713450921,comparable
downside,d1,2021-11-22 18:00:00,2021-11-22 19:00:00,2021-11-23 01:00:00,2021-11-24 01:00:00,6,-0.050814231178320735,neither,,0.01681869130424718,-0.022051651820931495,0.022257388828286206,comparable
downside,d1,2021-11-26 08:00:00,2021-11-26 09:00:00,2021-11-26 10:00:00,2021-11-27 10:00:00,1,-0.041311533451756866,neither,,-0.003160435825523833,-0.023053406584101377,0.009497549466897626,comparable
downside,d1,2021-11-26 08:00:00,2021-11-26 09:00:00,2021-11-26 15:00:00,2021-11-27 15:00:00,6,-0.041311533451756866,neither,,0.0007018668452061227,-0.021367560412444142,0.01080282895645679,comparable
downside,d1,2021-12-03 16:00:00,2021-12-03 17:00:00,2021-12-03 18:00:00,2021-12-04 18:00:00,1,-0.02417941472765206,lower_first,2.0,-0.12149441298632058,-0.23036982172679465,0.0031606596861266656,comparable
downside,d1,2021-12-03 16:00:00,2021-12-03 17:00:00,2021-12-03 23:00:00,2021-12-04 23:00:00,6,-0.02417941472765206,lower_first,5.0,-0.0771629834781491,-0.20770802600584748,0.008329050555987427,comparable
downside,d1,2021-12-17 14:00:00,2021-12-17 15:00:00,2021-12-17 16:00:00,2021-12-18 16:00:00,1,-0.0531541857569644,neither,,0.007268028003037941,-0.02211260297841111,0.019691717361389527,comparable
downside,d1,2021-12-17 14:00:00,2021-12-17 15:00:00,2021-12-17 21:00:00,2021-12-18 21:00:00,6,-0.0531541857569644,neither,,0.015342999964701454,-0.014329300842121806,0.025798761775508883,comparable
downside,d1,2021-12-28 04:00:00,2021-12-28 05:00:00,2021-12-28 06:00:00,2021-12-29 06:00:00,1,-0.038178445546504625,neither,,-0.026663662295089208,-0.038948602692921885,0.005094157181325221,comparable
downside,d1,2021-12-28 04:00:00,2021-12-28 05:00:00,2021-12-28 11:00:00,2021-12-29 11:00:00,6,-0.038178445546504625,neither,,-0.027718194112775985,-0.03573885081015882,0.006768754176575964,comparable
downside,d1,2021-12-29 12:00:00,2021-12-29 13:00:00,2021-12-29 14:00:00,2021-12-30 14:00:00,1,-0.04649581544175374,neither,,-0.00181023987576312,-0.03122558343014714,0.013659466126856312,comparable
downside,d1,2021-12-29 12:00:00,2021-12-29 13:00:00,2021-12-29 19:00:00,2021-12-30 19:00:00,6,-0.04649581544175374,neither,,0.0072429074955846495,-0.03366673033379797,0.00802353103520237,comparable
downside,d1,2021-12-31 19:00:00,2021-12-31 20:00:00,2021-12-31 21:00:00,2022-01-01 21:00:00,1,-0.03923016297304127,upper_first,8.0,0.03343528777372784,-0.0023125560021072245,0.04549152931006706,comparable
downside,d1,2021-12-31 19:00:00,2021-12-31 20:00:00,2022-01-01 02:00:00,2022-01-02 02:00:00,6,-0.03923016297304127,neither,,0.01302086450895712,-0.01224934798409505,0.02542049681474201,comparable
downside,d1,2022-01-05 19:00:00,2022-01-05 20:00:00,2022-01-05 21:00:00,2022-01-06 21:00:00,1,-0.029863859480238175,neither,,-0.016581341826223173,-0.03442401067861356,0.008224452950886363,comparable
downside,d1,2022-01-05 19:00:00,2022-01-05 20:00:00,2022-01-06 02:00:00,2022-01-07 02:00:00,6,-0.029863859480238175,neither,,-0.012424839481868122,-0.025465638658567435,0.0016866547348399763,comparable
downside,d1,2022-01-07 03:00:00,2022-01-07 04:00:00,2022-01-07 05:00:00,2022-01-08 05:00:00,1,-0.023989380084623035,neither,,0.004996686385252858,-0.026866303860031304,0.026944736869247032,comparable
downside,d1,2022-01-07 03:00:00,2022-01-07 04:00:00,2022-01-07 10:00:00,2022-01-08 10:00:00,6,-0.023989380084623035,neither,,-0.0059834382052089685,-0.043396608559780336,0.007646408204079691,comparable
downside,d1,2022-01-17 21:00:00,2022-01-17 22:00:00,2022-01-17 23:00:00,2022-01-18 23:00:00,1,-0.02859537831738801,neither,,0.009602220856543386,-0.019186862624410717,0.014187749893278312,comparable
downside,d1,2022-01-17 21:00:00,2022-01-17 22:00:00,2022-01-18 04:00:00,2022-01-19 04:00:00,6,-0.02859537831738801,neither,,-0.00820833473019833,-0.01832401416409113,0.01507995892385039,comparable
downside,d1,2022-01-21 01:00:00,2022-01-21 02:00:00,2022-01-21 03:00:00,2022-01-22 03:00:00,1,-0.04818856110436598,lower_first,9.0,-0.08386291098903442,-0.11085674984029203,0.002705935361278833,comparable
downside,d1,2022-01-21 01:00:00,2022-01-21 02:00:00,2022-01-21 08:00:00,2022-01-22 08:00:00,6,-0.04818856110436598,lower_first,13.0,-0.09558348879631928,-0.1027693145570322,0.003920911468225263,comparable
downside,d1,2022-01-24 10:00:00,2022-01-24 11:00:00,2022-01-24 12:00:00,2022-01-25 12:00:00,1,-0.07337887854338476,upper_first,5.0,0.08125396663854856,-0.022835969648965615,0.11487592933204382,comparable
downside,d1,2022-01-24 10:00:00,2022-01-24 11:00:00,2022-01-24 17:00:00,2022-01-25 17:00:00,6,-0.07337887854338476,upper_first,0.0,0.06858877552825016,-0.009438817000829491,0.08935115779671454,comparable
downside,d1,2022-02-14 01:00:00,2022-02-14 02:00:00,2022-02-14 03:00:00,2022-02-15 03:00:00,1,-0.013437636884211956,upper_first,22.0,0.04514427313937075,-0.0020656342331405453,0.048114461453481416,comparable
downside,d1,2022-02-14 01:00:00,2022-02-14 02:00:00,2022-02-14 08:00:00,2022-02-15 08:00:00,6,-0.013437636884211956,upper_first,17.0,0.03284464280568078,-0.012603245558958753,0.03496872692432529,comparable
downside,d1,2022-02-20 06:00:00,2022-02-20 07:00:00,2022-02-20 08:00:00,2022-02-21 08:00:00,1,-0.03901940052912123,neither,,0.012890898846095178,-0.020957436639843507,0.017867011495763307,comparable
downside,d1,2022-02-20 06:00:00,2022-02-20 07:00:00,2022-02-20 13:00:00,2022-02-21 13:00:00,6,-0.03901940052912123,upper_first,12.0,-0.017649291216705332,-0.022496307589378373,0.03329721348868264,comparable
downside,d1,2022-02-21 11:00:00,2022-02-21 12:00:00,2022-02-21 13:00:00,2022-02-22 13:00:00,1,-0.019905497887673484,upper_first,1.0,0.0023743957178872233,-0.03219012844580915,0.04806700279533316,comparable
downside,d1,2022-02-21 11:00:00,2022-02-21 12:00:00,2022-02-21 18:00:00,2022-02-22 18:00:00,6,-0.019905497887673484,lower_first,9.0,-0.022966163864887923,-0.05705210883097289,0.0032758035680007236,comparable
downside,d1,2022-02-24 02:00:00,2022-02-24 03:00:00,2022-02-24 04:00:00,2022-02-25 04:00:00,1,-0.04641341484271522,upper_first,11.0,0.11478496693615625,-0.01751678096337861,0.1370034805703224,comparable
downside,d1,2022-02-24 02:00:00,2022-02-24 03:00:00,2022-02-24 09:00:00,2022-02-25 09:00:00,6,-0.04641341484271522,upper_first,9.0,0.07995820444635116,-0.01893382492651008,0.11807609842109756,comparable
downside,d1,2022-03-04 00:00:00,2022-03-04 01:00:00,2022-03-04 02:00:00,2022-03-05 02:00:00,1,-0.05429485761772057,lower_first,18.0,-0.060862127382286246,-0.07103362863653617,0.009213565886712738,comparable
downside,d1,2022-03-04 00:00:00,2022-03-04 01:00:00,2022-03-04 07:00:00,2022-03-05 07:00:00,6,-0.05429485761772057,lower_first,13.0,-0.0582309216196889,-0.06835041530206931,0.012128564083404791,comparable
downside,d1,2022-03-06 10:00:00,2022-03-06 11:00:00,2022-03-06 12:00:00,2022-03-07 12:00:00,1,-0.02291051247568665,neither,,-0.0002669610189987015,-0.02033987474731258,0.026522472955857967,comparable
downside,d1,2022-03-06 10:00:00,2022-03-06 11:00:00,2022-03-06 17:00:00,2022-03-07 17:00:00,6,-0.02291051247568665,neither,,-0.009836852268470753,-0.04182689353286506,0.008637652822708342,comparable
downside,d1,2022-03-07 19:00:00,2022-03-07 20:00:00,2022-03-07 21:00:00,2022-03-08 21:00:00,1,-0.03549925054380165,upper_first,5.0,0.02479887303975392,-0.0021846296799903353,0.047788042491978766,comparable
downside,d1,2022-03-07 19:00:00,2022-03-07 20:00:00,2022-03-08 02:00:00,2022-03-09 02:00:00,6,-0.03549925054380165,neither,,0.025266328207494748,-0.007042420976908326,0.028930080369463873,comparable
downside,d1,2022-03-13 22:00:00,2022-03-13 23:00:00,2022-03-14 00:00:00,2022-03-15 00:00:00,1,-0.03524733216097897,upper_first,7.0,0.049879344012446536,-0.0061650976096355725,0.05590896823254843,comparable
downside,d1,2022-03-13 22:00:00,2022-03-13 23:00:00,2022-03-14 05:00:00,2022-03-15 05:00:00,6,-0.03524733216097897,upper_first,17.0,0.006748099582869704,-0.0030743015021411635,0.03565992505514193,comparable
downside,d1,2022-03-31 16:00:00,2022-03-31 17:00:00,2022-03-31 18:00:00,2022-04-01 18:00:00,1,-0.03332174543020139,neither,,0.01407198203121851,-0.03495556348253148,0.01972704295075478,comparable
downside,d1,2022-03-31 16:00:00,2022-03-31 17:00:00,2022-03-31 23:00:00,2022-04-01 23:00:00,6,-0.03332174543020139,neither,,0.012676795208019564,-0.034354708815533486,0.02036194402850411,comparable
downside,d1,2022-04-06 00:00:00,2022-04-06 01:00:00,2022-04-06 02:00:00,2022-04-07 02:00:00,1,-0.032590052195324404,lower_first,22.0,-0.040297036866743796,-0.05442489654136273,0.00720465526805425,comparable
downside,d1,2022-04-06 00:00:00,2022-04-06 01:00:00,2022-04-06 07:00:00,2022-04-07 07:00:00,6,-0.032590052195324404,lower_first,11.0,-0.045835780498568734,-0.060317354911045507,0.0009281453650231697,comparable
downside,d1,2022-04-11 09:00:00,2022-04-11 10:00:00,2022-04-11 11:00:00,2022-04-12 11:00:00,1,-0.025808050245977876,lower_first,9.0,-0.034936551529232696,-0.05784740452930104,0.0,comparable
downside,d1,2022-04-11 09:00:00,2022-04-11 10:00:00,2022-04-11 16:00:00,2022-04-12 16:00:00,6,-0.025808050245977876,neither,,-0.009520134272015035,-0.03390117029662909,0.0078000882694093665,comparable
downside,d1,2022-04-17 23:00:00,2022-04-18 00:00:00,2022-04-18 01:00:00,2022-04-19 01:00:00,1,-0.017432578316116776,upper_first,17.0,0.028919933928353903,-0.029912417825655013,0.038495491042983776,comparable
downside,d1,2022-04-17 23:00:00,2022-04-18 00:00:00,2022-04-18 06:00:00,2022-04-19 06:00:00,6,-0.017432578316116776,upper_first,11.0,0.04444142541698115,-0.0036781342341791756,0.05984402985036308,comparable
downside,d1,2022-04-22 15:00:00,2022-04-22 16:00:00,2022-04-22 17:00:00,2022-04-23 17:00:00,1,-0.06461049082412307,neither,,0.012419380805991365,-0.004017056555707388,0.01559793171994217,comparable
downside,d1,2022-04-22 15:00:00,2022-04-22 16:00:00,2022-04-22 22:00:00,2022-04-23 22:00:00,6,-0.06461049082412307,neither,,0.007215556809132995,-0.008171640802171476,0.00943640766835907,comparable
downside,d1,2022-04-25 00:00:00,2022-04-25 01:00:00,2022-04-25 02:00:00,2022-04-26 02:00:00,1,-0.017666537192423948,upper_first,16.0,0.03538295715058348,-0.022894704204390548,0.042892121450791576,comparable
downside,d1,2022-04-25 00:00:00,2022-04-25 01:00:00,2022-04-25 07:00:00,2022-04-26 07:00:00,6,-0.017666537192423948,upper_first,11.0,0.04882533857964089,-0.011200202882536536,0.0553739935124169,comparable
downside,d1,2022-04-30 23:00:00,2022-05-01 00:00:00,2022-05-01 01:00:00,2022-05-02 01:00:00,1,-0.02458988782968974,upper_first,23.0,0.026025275722735053,-0.007644909818825707,0.03008665893853224,comparable
downside,d1,2022-04-30 23:00:00,2022-05-01 00:00:00,2022-05-01 06:00:00,2022-05-02 06:00:00,6,-0.02458988782968974,neither,,0.02491828842020416,-0.010246193404124693,0.0292761517773219,comparable
downside,d1,2022-05-05 15:00:00,2022-05-05 16:00:00,2022-05-05 17:00:00,2022-05-06 17:00:00,1,-0.052794363070845174,neither,,-0.0221423569561503,-0.047898365147561184,0.0035099488158345515,comparable
downside,d1,2022-05-05 15:00:00,2022-05-05 16:00:00,2022-05-05 22:00:00,2022-05-06 22:00:00,6,-0.052794363070845174,neither,,-0.013238709826154382,-0.0324107834131484,0.0062594119660239755,comparable
downside,d1,2022-05-07 21:00:00,2022-05-07 22:00:00,2022-05-07 23:00:00,2022-05-08 23:00:00,1,-0.026261355839146683,neither,,-0.02212902820744067,-0.038224449492585744,0.020393602812753153,comparable
downside,d1,2022-05-07 21:00:00,2022-05-07 22:00:00,2022-05-08 04:00:00,2022-05-09 04:00:00,6,-0.026261355839146683,neither,,-0.0262843894271646,-0.0349922668222008,0.013827154045482182,comparable
downside,d1,2022-05-09 02:00:00,2022-05-09 03:00:00,2022-05-09 04:00:00,2022-05-10 04:00:00,1,-0.031240679621396317,lower_first,12.0,-0.08693235713696079,-0.11387023935148577,0.008190763584196015,comparable
downside,d1,2022-05-09 02:00:00,2022-05-09 03:00:00,2022-05-09 09:00:00,2022-05-10 09:00:00,6,-0.031240679621396317,lower_first,7.0,-0.057115748849213,-0.1167086304862891,0.002908158051706522,comparable
downside,d1,2022-05-11 12:00:00,2022-05-11 13:00:00,2022-05-11 14:00:00,2022-05-12 14:00:00,1,-0.08949361404102385,lower_first,3.0,-0.10440074771707553,-0.19020125017937095,0.0220758065459441,comparable
downside,d1,2022-05-11 12:00:00,2022-05-11 13:00:00,2022-05-11 19:00:00,2022-05-12 19:00:00,6,-0.08949361404102385,lower_first,1.0,-0.053588067395875405,-0.1513376083748479,0.007843381556498219,comparable
downside,d1,2022-06-10 16:00:00,2022-06-10 17:00:00,2022-06-10 18:00:00,2022-06-11 18:00:00,1,-0.04383516404197518,neither,,-0.020708448365937993,-0.034224485633578494,0.0115569719646611,comparable
downside,d1,2022-06-10 16:00:00,2022-06-10 17:00:00,2022-06-10 23:00:00,2022-06-11 23:00:00,6,-0.04383516404197518,neither,,-0.018643234476637294,-0.036581746592955655,0.009087967809215947,comparable
downside,d1,2022-06-12 02:00:00,2022-06-12 03:00:00,2022-06-12 04:00:00,2022-06-13 04:00:00,1,-0.06322175935393282,lower_first,21.0,-0.07383885897689335,-0.09553393880897276,0.028954391636528687,comparable
downside,d1,2022-06-12 02:00:00,2022-06-12 03:00:00,2022-06-12 09:00:00,2022-06-13 09:00:00,6,-0.06322175935393282,lower_first,16.0,-0.12368360916066701,-0.12497951867152379,0.028681125969888477,comparable
downside,d1,2022-06-13 07:00:00,2022-06-13 08:00:00,2022-06-13 09:00:00,2022-06-14 09:00:00,1,-0.10256890471524338,lower_first,5.0,-0.06391737874611281,-0.13698914665305717,0.01696843412724447,comparable
downside,d1,2022-06-13 07:00:00,2022-06-13 08:00:00,2022-06-13 14:00:00,2022-06-14 14:00:00,6,-0.10256890471524338,lower_first,9.0,-0.05227063899698092,-0.11857287427964103,0.02480109414101017,comparable
downside,d1,2022-06-15 07:00:00,2022-06-15 08:00:00,2022-06-15 09:00:00,2022-06-16 09:00:00,1,-0.09452958797106181,upper_first,2.0,0.07559843154318946,-0.007550547130347085,0.13599885283108426,comparable
downside,d1,2022-06-15 07:00:00,2022-06-15 08:00:00,2022-06-15 14:00:00,2022-06-16 14:00:00,6,-0.09452958797106181,ambiguous,4.0,-0.024869473592270652,-0.06050720160116119,0.06735246264933048,comparable
downside,d1,2022-06-18 06:00:00,2022-06-18 07:00:00,2022-06-18 08:00:00,2022-06-19 08:00:00,1,-0.06966358678803453,lower_first,10.0,-0.04947769328052731,-0.08645985872133666,0.014612523712849823,comparable
downside,d1,2022-06-18 06:00:00,2022-06-18 07:00:00,2022-06-18 13:00:00,2022-06-19 13:00:00,6,-0.06966358678803453,lower_first,5.0,0.010354830763888323,-0.08127287018650708,0.045942501402870484,comparable
downside,d1,2022-06-27 13:00:00,2022-06-27 14:00:00,2022-06-27 15:00:00,2022-06-28 15:00:00,1,-0.03159156660855589,neither,,0.000818972084298375,-0.01656496001022756,0.01842783313155416,comparable
downside,d1,2022-06-27 13:00:00,2022-06-27 14:00:00,2022-06-27 20:00:00,2022-06-28 20:00:00,6,-0.03159156660855589,neither,,-0.02926253347539387,-0.031249460074293745,0.016979583609295412,comparable
downside,d1,2022-06-28 18:00:00,2022-06-28 19:00:00,2022-06-28 20:00:00,2022-06-29 20:00:00,1,-0.022850140803362784,neither,,-0.0011786529341734076,-0.01992684836906866,0.010062551664946184,comparable
downside,d1,2022-06-28 18:00:00,2022-06-28 19:00:00,2022-06-29 01:00:00,2022-06-30 01:00:00,6,-0.022850140803362784,neither,,-0.01265790311082382,-0.022009368732902268,0.00697400780974422,comparable
downside,d1,2022-06-30 06:00:00,2022-06-30 07:00:00,2022-06-30 08:00:00,2022-07-01 08:00:00,1,-0.026010583997866932,upper_first,15.0,0.007147718660270197,-0.04152663276141633,0.07578962120130939,comparable
downside,d1,2022-06-30 06:00:00,2022-06-30 07:00:00,2022-06-30 13:00:00,2022-07-01 13:00:00,6,-0.026010583997866932,upper_first,10.0,0.0041472343778992116,-0.03040089063643392,0.08827714387572794,comparable
downside,d1,2022-07-11 01:00:00,2022-07-11 02:00:00,2022-07-11 03:00:00,2022-07-12 03:00:00,1,-0.0404665083170902,neither,,-0.028260404801200734,-0.03706822284763389,0.009950311750786422,comparable
downside,d1,2022-07-11 01:00:00,2022-07-11 02:00:00,2022-07-11 08:00:00,2022-07-12 08:00:00,6,-0.0404665083170902,neither,,-0.0351199587129325,-0.04055210680580501,0.015447885359836766,comparable
downside,d1,2022-07-12 19:00:00,2022-07-12 20:00:00,2022-07-12 21:00:00,2022-07-13 21:00:00,1,-0.05416720160858457,upper_first,15.0,0.010853172521207322,-0.02825528307748648,0.03360728592502982,comparable
downside,d1,2022-07-12 19:00:00,2022-07-12 20:00:00,2022-07-13 02:00:00,2022-07-14 02:00:00,6,-0.05416720160858457,upper_first,10.0,0.043911562698048856,-0.026591989942343575,0.05142389002529879,comparable
downside,d1,2022-07-25 23:00:00,2022-07-26 00:00:00,2022-07-26 01:00:00,2022-07-27 01:00:00,1,-0.05623680725204283,neither,,0.010200883927380833,-0.013439887223058333,0.01442097041510304,comparable
downside,d1,2022-07-25 23:00:00,2022-07-26 00:00:00,2022-07-26 06:00:00,2022-07-27 06:00:00,6,-0.05623680725204283,neither,,0.00478971636688974,-0.02044649481567229,0.007216493382871336,comparable
downside,d1,2022-08-01 10:00:00,2022-08-01 11:00:00,2022-08-01 12:00:00,2022-08-02 12:00:00,1,-0.03330529504183721,neither,,-0.014882598334681085,-0.024795579463735673,0.012209928130564096,comparable
downside,d1,2022-08-01 10:00:00,2022-08-01 11:00:00,2022-08-01 17:00:00,2022-08-02 17:00:00,6,-0.03330529504183721,neither,,0.007743136911896986,-0.023692594319257854,0.011031524921000457,comparable
downside,d1,2022-08-04 16:00:00,2022-08-04 17:00:00,2022-08-04 18:00:00,2022-08-05 18:00:00,1,-0.036820490513414295,upper_first,12.0,0.008500472027562767,-0.010757457350752397,0.037205137391607135,comparable
downside,d1,2022-08-04 16:00:00,2022-08-04 17:00:00,2022-08-04 23:00:00,2022-08-05 23:00:00,6,-0.036820490513414295,upper_first,7.0,0.02760787579129831,-0.0023658842409481906,0.03769105962708941,comparable
downside,d1,2022-08-10 00:00:00,2022-08-10 01:00:00,2022-08-10 02:00:00,2022-08-11 02:00:00,1,-0.0427373485875171,upper_first,10.0,0.06783141949883587,-0.005352767234338085,0.07008608979370767,comparable
downside,d1,2022-08-10 00:00:00,2022-08-10 01:00:00,2022-08-10 07:00:00,2022-08-11 07:00:00,6,-0.0427373485875171,upper_first,5.0,0.07015669018995285,-0.0006171375972776616,0.07536749323589298,comparable
downside,d1,2022-08-16 14:00:00,2022-08-16 15:00:00,2022-08-16 16:00:00,2022-08-17 16:00:00,1,-0.016913516428715747,neither,,-0.021471195253577324,-0.02444042893858589,0.02287276392270199,comparable
downside,d1,2022-08-16 14:00:00,2022-08-16 15:00:00,2022-08-16 21:00:00,2022-08-17 21:00:00,6,-0.016913516428715747,neither,,-0.024132814923789825,-0.03339721713486998,0.019492482394424915,comparable
downside,d1,2022-08-19 00:00:00,2022-08-19 01:00:00,2022-08-19 02:00:00,2022-08-20 02:00:00,1,-0.022498024133283057,lower_first,4.0,-0.07741790936587756,-0.08700805475564466,0.0033031746763929615,comparable
downside,d1,2022-08-19 00:00:00,2022-08-19 01:00:00,2022-08-19 07:00:00,2022-08-20 07:00:00,6,-0.022498024133283057,lower_first,16.0,-0.027136357205770234,-0.05156510270487347,0.010940887081684725,comparable
downside,d1,2022-08-26 15:00:00,2022-08-26 16:00:00,2022-08-26 17:00:00,2022-08-27 17:00:00,1,-0.03650773998402057,neither,,-0.034572085984310275,-0.044490085860769524,0.00655827259250108,comparable
downside,d1,2022-08-26 15:00:00,2022-08-26 16:00:00,2022-08-26 22:00:00,2022-08-27 22:00:00,6,-0.03650773998402057,neither,,-0.03728177781480635,-0.040914676766448554,0.002118222282071036,comparable
downside,d1,2022-08-28 23:00:00,2022-08-29 00:00:00,2022-08-29 01:00:00,2022-08-30 01:00:00,1,-0.0240888090797432,upper_first,13.0,0.031237304133646893,-0.0028861299791980155,0.039963405358457216,comparable
downside,d1,2022-08-28 23:00:00,2022-08-29 00:00:00,2022-08-29 06:00:00,2022-08-30 06:00:00,6,-0.0240888090797432,upper_first,8.0,0.03364175702787353,-0.00014326843391410105,0.0400098617282425,comparable
downside,d1,2022-09-06 17:00:00,2022-09-06 18:00:00,2022-09-06 19:00:00,2022-09-07 19:00:00,1,-0.036472131147541,neither,,0.006273218636412281,-0.022753538410738794,0.012207800565133153,comparable
downside,d1,2022-09-06 17:00:00,2022-09-06 18:00:00,2022-09-07 00:00:00,2022-09-08 00:00:00,6,-0.036472131147541,upper_first,20.0,0.02672908028782217,-0.014037210822121726,0.03593892107667762,comparable
downside,d1,2022-09-13 18:00:00,2022-09-13 19:00:00,2022-09-13 20:00:00,2022-09-14 20:00:00,1,-0.09613305635576919,neither,,-0.01638177270204122,-0.03252395643227379,0.012830334527334175,comparable
downside,d1,2022-09-13 18:00:00,2022-09-13 19:00:00,2022-09-14 01:00:00,2022-09-15 01:00:00,6,-0.09613305635576919,neither,,-0.0018714103453345565,-0.028401374942013446,0.017146178436501014,comparable
downside,d1,2022-09-19 02:00:00,2022-09-19 03:00:00,2022-09-19 04:00:00,2022-09-20 04:00:00,1,-0.06336094616670418,upper_first,10.0,0.031427279443134504,-0.027701065614066267,0.04870975318893267,comparable
downside,d1,2022-09-19 02:00:00,2022-09-19 03:00:00,2022-09-19 09:00:00,2022-09-20 09:00:00,6,-0.06336094616670418,upper_first,4.0,0.04833278313258238,-0.0024036895304037076,0.06907010281514547,comparable
downside,d1,2022-10-07 12:00:00,2022-10-07 13:00:00,2022-10-07 14:00:00,2022-10-08 14:00:00,1,-0.02868424896454569,neither,,-0.006026628362848507,-0.014264975776167477,0.00532220400659833,comparable
downside,d1,2022-10-07 12:00:00,2022-10-07 13:00:00,2022-10-07 19:00:00,2022-10-08 19:00:00,6,-0.02868424896454569,neither,,0.0009113943820293624,-0.002703871833495408,0.00943606573547573,comparable
downside,d1,2022-10-08 21:00:00,2022-10-08 22:00:00,2022-10-08 23:00:00,2022-10-09 23:00:00,1,-0.012877128496912138,neither,,0.0018254469892260428,-0.0022783230881088246,0.010232830986846464,comparable
downside,d1,2022-10-08 21:00:00,2022-10-08 22:00:00,2022-10-09 04:00:00,2022-10-10 04:00:00,6,-0.012877128496912138,neither,,0.0044202734673095545,-0.002405050088859939,0.010104514864531122,comparable
downside,d1,2022-10-10 08:00:00,2022-10-10 09:00:00,2022-10-10 10:00:00,2022-10-11 10:00:00,1,-0.008280652410039502,neither,,-0.014210444922694632,-0.019879623696039794,0.00562314675885478,comparable
downside,d1,2022-10-10 08:00:00,2022-10-10 09:00:00,2022-10-10 15:00:00,2022-10-11 15:00:00,6,-0.008280652410039502,neither,,-0.011564488409282925,-0.020701400297188588,0.0054171209067106485,comparable
downside,d1,2022-10-13 10:00:00,2022-10-13 11:00:00,2022-10-13 12:00:00,2022-10-14 12:00:00,1,-0.024117410245043325,upper_first,6.0,0.04490377457891381,-0.03321339370839538,0.06400062280445429,comparable
downside,d1,2022-10-13 10:00:00,2022-10-13 11:00:00,2022-10-13 17:00:00,2022-10-14 17:00:00,6,-0.024117410245043325,upper_first,8.0,0.011409091123415926,-0.001103868990082968,0.045408465580191404,comparable
downside,d1,2022-10-20 00:00:00,2022-10-20 01:00:00,2022-10-20 02:00:00,2022-10-21 02:00:00,1,-0.01370100174895339,neither,,0.0009839542991558758,-0.005971457974545236,0.015932288822615215,comparable
downside,d1,2022-10-20 00:00:00,2022-10-20 01:00:00,2022-10-20 07:00:00,2022-10-21 07:00:00,6,-0.01370100174895339,neither,,-0.0049444552474265935,-0.010383931017034609,0.011422585481210223,comparable
downside,d1,2022-11-07 22:00:00,2022-11-07 23:00:00,2022-11-08 00:00:00,2022-11-09 00:00:00,1,-0.03197649115769308,lower_first,4.0,-0.09941417953571396,-0.15021069918721297,0.003965359674535485,comparable
downside,d1,2022-11-07 22:00:00,2022-11-07 23:00:00,2022-11-08 05:00:00,2022-11-09 05:00:00,6,-0.03197649115769308,upper_first,11.0,-0.07110975542065412,-0.10884287575894758,0.052708124654039956,comparable
downside,d1,2022-11-09 20:00:00,2022-11-09 21:00:00,2022-11-09 22:00:00,2022-11-10 22:00:00,1,-0.10736751461935179,upper_first,2.0,0.1342785112714795,-0.011710768670110006,0.1557619517565516,comparable
downside,d1,2022-11-09 20:00:00,2022-11-09 21:00:00,2022-11-10 03:00:00,2022-11-11 03:00:00,6,-0.10736751461935179,upper_first,2.0,0.06062017056978597,-0.0025841471015999318,0.12175234731332796,comparable
downside,d1,2022-11-14 01:00:00,2022-11-14 02:00:00,2022-11-14 03:00:00,2022-11-15 03:00:00,1,-0.04659704319835911,upper_first,3.0,0.03644840598987642,-0.022189567132218424,0.06323156587142642,comparable
downside,d1,2022-11-14 01:00:00,2022-11-14 02:00:00,2022-11-14 08:00:00,2022-11-15 08:00:00,6,-0.04659704319835911,neither,,0.001163908829521887,-0.03876125825923027,0.021673934154654795,comparable
downside,d1,2022-11-20 21:00:00,2022-11-20 22:00:00,2022-11-20 23:00:00,2022-11-21 23:00:00,1,-0.024123970772211956,neither,,-0.03344513679530614,-0.049588605882960435,0.00177233897104756,comparable
downside,d1,2022-11-20 21:00:00,2022-11-20 22:00:00,2022-11-21 04:00:00,2022-11-22 04:00:00,6,-0.024123970772211956,neither,,-0.013449118519811565,-0.036231703363838186,0.014886043438146812,comparable
downside,d1,2022-11-28 01:00:00,2022-11-28 02:00:00,2022-11-28 03:00:00,2022-11-29 03:00:00,1,-0.02066243366589171,neither,,0.009078070537551719,-0.0072325355465682195,0.017186505805706576,comparable
downside,d1,2022-11-28 01:00:00,2022-11-28 02:00:00,2022-11-28 08:00:00,2022-11-29 08:00:00,6,-0.02066243366589171,neither,,0.0147582157438646,-0.013818445518917866,0.019132710478622972,comparable
downside,d1,2022-12-07 07:00:00,2022-12-07 08:00:00,2022-12-07 09:00:00,2022-12-08 09:00:00,1,-0.01417483333411762,neither,,0.0023108136672034263,-0.0016231069458380043,0.006083971670055588,comparable
downside,d1,2022-12-07 07:00:00,2022-12-07 08:00:00,2022-12-07 14:00:00,2022-12-08 14:00:00,6,-0.01417483333411762,neither,,4.0341024033274664e-05,-0.007017558430710502,0.002422834443403632,comparable
downside,d1,2022-12-12 00:00:00,2022-12-12 01:00:00,2022-12-12 02:00:00,2022-12-13 02:00:00,1,-0.011156978755250568,neither,,0.01146312327635779,-0.004478593655522167,0.017277272258026555,comparable
downside,d1,2022-12-12 00:00:00,2022-12-12 01:00:00,2022-12-12 07:00:00,2022-12-13 07:00:00,6,-0.011156978755250568,neither,,0.01292195587290812,-0.0021511012882994285,0.017973265895953716,comparable
downside,d1,2022-12-16 09:00:00,2022-12-16 10:00:00,2022-12-16 11:00:00,2022-12-17 11:00:00,1,-0.03707455875929955,neither,,-0.015209116526145539,-0.027392649750780707,0.0053227200594054835,comparable
downside,d1,2022-12-16 09:00:00,2022-12-16 10:00:00,2022-12-16 16:00:00,2022-12-17 16:00:00,6,-0.03707455875929955,neither,,-0.01575049017759511,-0.026153213491195704,0.00034465612156409087,comparable
downside,d1,2022-12-19 22:00:00,2022-12-19 23:00:00,2022-12-20 00:00:00,2022-12-21 00:00:00,1,-0.020837421704583914,upper_first,14.0,0.02774881721267297,-0.0025401490756070677,0.03776646930227412,comparable
downside,d1,2022-12-19 22:00:00,2022-12-19 23:00:00,2022-12-20 05:00:00,2022-12-21 05:00:00,6,-0.020837421704583914,neither,,0.00025844686534926,-0.004657403073492938,0.015973683677710904,comparable
downside,d1,2022-12-27 17:00:00,2022-12-27 18:00:00,2022-12-27 19:00:00,2022-12-28 19:00:00,1,-0.009319231505014902,neither,,0.00011007929318251897,-0.004237752024436436,0.009201546162924457,comparable
downside,d1,2022-12-27 17:00:00,2022-12-27 18:00:00,2022-12-28 00:00:00,2022-12-29 00:00:00,6,-0.009319231505014902,neither,,-0.00950096147454449,-0.014271504122273515,0.004733413141808862,comparable
downside,d1,2022-12-30 14:00:00,2022-12-30 15:00:00,2022-12-30 16:00:00,2022-12-31 16:00:00,1,-0.012915005941010915,neither,,0.0018453740870563173,-0.002551740265108071,0.006072694687268232,comparable
downside,d1,2022-12-30 14:00:00,2022-12-30 15:00:00,2022-12-30 21:00:00,2022-12-31 21:00:00,6,-0.012915005941010915,neither,,-0.0002946646378282347,-0.002668888727869967,0.005361326473926953,comparable
downside,d1,2023-01-30 19:00:00,2023-01-30 20:00:00,2023-01-30 21:00:00,2023-01-31 21:00:00,1,-0.04657732111467572,neither,,0.01745326638567679,-0.008737647218980515,0.023379253011124534,comparable
downside,d1,2023-01-30 19:00:00,2023-01-30 20:00:00,2023-01-31 02:00:00,2023-02-01 02:00:00,6,-0.04657732111467572,neither,,0.012836707894923638,-0.00384177039432132,0.021138716337970598,comparable
downside,d1,2023-02-05 12:00:00,2023-02-05 13:00:00,2023-02-05 14:00:00,2023-02-06 14:00:00,1,-0.01041159094490518,neither,,-0.014713472217187662,-0.023121848746748497,0.001884494755175492,comparable
downside,d1,2023-02-05 12:00:00,2023-02-05 13:00:00,2023-02-05 19:00:00,2023-02-06 19:00:00,6,-0.01041159094490518,neither,,0.007383237324844361,-0.009317119474005153,0.013682030213024499,comparable
downside,d1,2023-02-09 03:00:00,2023-02-09 04:00:00,2023-02-09 05:00:00,2023-02-10 05:00:00,1,-0.03192754508009943,neither,,-0.03446392041716129,-0.0385335376781869,0.01164171949193804,comparable
downside,d1,2023-02-09 03:00:00,2023-02-09 04:00:00,2023-02-09 10:00:00,2023-02-10 10:00:00,6,-0.03192754508009943,neither,,-0.04017787448608445,-0.04852893384808821,0.0040814208498554105,comparable
downside,d1,2023-02-24 15:00:00,2023-02-24 16:00:00,2023-02-24 17:00:00,2023-02-25 17:00:00,1,-0.02547437306453404,neither,,-0.007925922413384301,-0.02919736348626778,0.0058890474322443875,comparable
downside,d1,2023-02-24 15:00:00,2023-02-24 16:00:00,2023-02-24 22:00:00,2023-02-25 22:00:00,6,-0.02547437306453404,neither,,-0.006819666793245416,-0.016388850039640634,0.00543798065119816,comparable
downside,d1,2023-03-03 01:00:00,2023-03-03 02:00:00,2023-03-03 03:00:00,2023-03-04 03:00:00,1,-0.057611826567936286,neither,,-0.0004835490442191004,-0.009571229323917074,0.006325501419335078,comparable
downside,d1,2023-03-03 01:00:00,2023-03-03 02:00:00,2023-03-03 08:00:00,2023-03-04 08:00:00,6,-0.057611826567936286,neither,,-0.0002043320176199348,-0.010014951559451313,0.005874657285576568,comparable
downside,d1,2023-03-08 22:00:00,2023-03-08 23:00:00,2023-03-09 00:00:00,2023-03-10 00:00:00,1,-0.013701877296067533,lower_first,20.0,-0.061404434498449456,-0.0760117440981114,0.005812139592735521,comparable
downside,d1,2023-03-08 22:00:00,2023-03-08 23:00:00,2023-03-09 05:00:00,2023-03-10 05:00:00,6,-0.013701877296067533,lower_first,15.0,-0.08556609024873851,-0.09002746380711857,0.0040404458613376715,comparable
downside,d1,2023-03-22 19:00:00,2023-03-22 20:00:00,2023-03-22 21:00:00,2023-03-23 21:00:00,1,-0.052781914192728374,upper_first,18.0,0.03413612336168237,-0.012749636436291012,0.052452800580972125,comparable
downside,d1,2023-03-22 19:00:00,2023-03-22 20:00:00,2023-03-23 02:00:00,2023-03-24 02:00:00,6,-0.052781914192728374,upper_first,12.0,0.039777557199524693,-0.0002545793049434364,0.05944959439969599,comparable
downside,d1,2023-03-27 14:00:00,2023-03-27 15:00:00,2023-03-27 16:00:00,2023-03-28 16:00:00,1,-0.030070142459460936,neither,,0.0031385524179110558,-0.010520279134309307,0.01522253636635118,comparable
downside,d1,2023-03-27 14:00:00,2023-03-27 15:00:00,2023-03-27 21:00:00,2023-03-28 21:00:00,6,-0.030070142459460936,neither,,0.009586363957282407,-0.015266693059293512,0.017261665152972006,comparable
downside,d1,2023-04-17 00:00:00,2023-04-17 01:00:00,2023-04-17 02:00:00,2023-04-18 02:00:00,1,-0.014349571872265265,neither,,-0.019320661577896914,-0.02874788964446584,0.005189330469579367,comparable
downside,d1,2023-04-17 00:00:00,2023-04-17 01:00:00,2023-04-17 07:00:00,2023-04-18 07:00:00,6,-0.014349571872265265,neither,,-0.00668404889118146,-0.02763259180460631,0.001061442733544249,comparable
downside,d1,2023-04-20 19:00:00,2023-04-20 20:00:00,2023-04-20 21:00:00,2023-04-21 21:00:00,1,-0.038938030093981335,neither,,-0.03342709447655501,-0.03665371644800686,0.005992652520825148,comparable
downside,d1,2023-04-20 19:00:00,2023-04-20 20:00:00,2023-04-21 02:00:00,2023-04-22 02:00:00,6,-0.038938030093981335,neither,,-0.03241217675681063,-0.03780173531160891,0.0053143785038958224,comparable
downside,d1,2023-05-01 01:00:00,2023-05-01 02:00:00,2023-05-01 03:00:00,2023-05-02 03:00:00,1,-0.02047237441832439,neither,,-0.019503292261304428,-0.0316502330713081,0.005480509834079772,comparable
downside,d1,2023-05-01 01:00:00,2023-05-01 02:00:00,2023-05-01 08:00:00,2023-05-02 08:00:00,6,-0.02047237441832439,neither,,-0.020246112506180025,-0.03408627484937443,0.0016850229185463306,comparable
downside,d1,2023-05-08 01:00:00,2023-05-08 02:00:00,2023-05-08 03:00:00,2023-05-09 03:00:00,1,-0.023450506407260097,neither,,-0.02329048135215006,-0.0368133943924045,0.0,comparable
downside,d1,2023-05-08 01:00:00,2023-05-08 02:00:00,2023-05-08 08:00:00,2023-05-09 08:00:00,6,-0.023450506407260097,neither,,-0.011697513983752295,-0.02611181004088392,0.0034393532844858576,comparable
downside,d1,2023-05-12 02:00:00,2023-05-12 03:00:00,2023-05-12 04:00:00,2023-05-13 04:00:00,1,-0.03116209690166838,neither,,0.008385428963716857,-0.029645258457989376,0.015005722122884979,comparable
downside,d1,2023-05-12 02:00:00,2023-05-12 03:00:00,2023-05-12 09:00:00,2023-05-13 09:00:00,6,-0.03116209690166838,neither,,0.01951510546963675,-0.018559903019572888,0.026601171415870928,comparable
downside,d1,2023-05-17 11:00:00,2023-05-17 12:00:00,2023-05-17 13:00:00,2023-05-18 13:00:00,1,-0.016058877873256994,upper_first,8.0,0.02111951379795496,-0.0049281489676042955,0.031536629537479044,comparable
downside,d1,2023-05-17 11:00:00,2023-05-17 12:00:00,2023-05-17 18:00:00,2023-05-18 18:00:00,6,-0.016058877873256994,neither,,-0.022080005316213236,-0.026781531327816577,0.01586114346576495,comparable
downside,d1,2023-05-18 17:00:00,2023-05-18 18:00:00,2023-05-18 19:00:00,2023-05-19 19:00:00,1,-0.022121173972770025,neither,,0.01031502156241082,-0.0016900572493276922,0.021410271821610483,comparable
downside,d1,2023-05-18 17:00:00,2023-05-18 18:00:00,2023-05-19 00:00:00,2023-05-20 00:00:00,6,-0.022121173972770025,neither,,0.0026335178249969893,-0.006969146491153544,0.01382233318568038,comparable
downside,d1,2023-05-24 13:00:00,2023-05-24 14:00:00,2023-05-24 15:00:00,2023-05-25 15:00:00,1,-0.02925822329892458,neither,,0.004173696795937154,-0.01469555746623541,0.009134437912831528,comparable
downside,d1,2023-05-24 13:00:00,2023-05-24 14:00:00,2023-05-24 20:00:00,2023-05-25 20:00:00,6,-0.02925822329892458,neither,,0.008394915732723662,-0.014617477959298242,0.014397270957096753,comparable
downside,d1,2023-06-01 02:00:00,2023-06-01 03:00:00,2023-06-01 04:00:00,2023-06-02 04:00:00,1,-0.03471645555080771,neither,,0.00812217386320735,-0.010285075085491258,0.014732221030359316,comparable
downside,d1,2023-06-01 02:00:00,2023-06-01 03:00:00,2023-06-01 09:00:00,2023-06-02 09:00:00,6,-0.03471645555080771,neither,,0.009488202430834258,-0.015333868235713588,0.013164541915544836,comparable
downside,d1,2023-06-05 15:00:00,2023-06-05 16:00:00,2023-06-05 17:00:00,2023-06-06 17:00:00,1,-0.04332316252355739,neither,,0.02148055376121727,-0.018203110840540382,0.02291034452845553,comparable
downside,d1,2023-06-05 15:00:00,2023-06-05 16:00:00,2023-06-05 22:00:00,2023-06-06 22:00:00,6,-0.04332316252355739,upper_first,19.0,0.05451653800269152,-0.012250285782858139,0.06080687780182137,comparable
downside,d1,2023-06-10 04:00:00,2023-06-10 05:00:00,2023-06-10 06:00:00,2023-06-11 06:00:00,1,-0.02680326606535155,neither,,0.011892815428110604,-0.005680255881779228,0.024957168943547492,comparable
downside,d1,2023-06-10 04:00:00,2023-06-10 05:00:00,2023-06-10 11:00:00,2023-06-11 11:00:00,6,-0.02680326606535155,neither,,0.0029604013265023266,-0.012725603232328853,0.017694737198267196,comparable
downside,d1,2023-06-14 20:00:00,2023-06-14 21:00:00,2023-06-14 22:00:00,2023-06-15 22:00:00,1,-0.03558227617931198,neither,,0.01721154431782579,-0.014765774993202863,0.025041270366980894,comparable
downside,d1,2023-06-14 20:00:00,2023-06-14 21:00:00,2023-06-15 03:00:00,2023-06-16 03:00:00,6,-0.03558227617931198,neither,,0.018158251058390418,-0.01290009950764659,0.02698232592642813,comparable
downside,d1,2023-07-14 18:00:00,2023-07-14 19:00:00,2023-07-14 20:00:00,2023-07-15 20:00:00,1,-0.03726786922526926,neither,,0.006888030180683957,-0.004520995813880435,0.009151515091171625,comparable
downside,d1,2023-07-14 18:00:00,2023-07-14 19:00:00,2023-07-15 01:00:00,2023-07-16 01:00:00,6,-0.03726786922526926,neither,,-0.0012735050648597923,-0.002944383249569804,0.0018768136738529506,comparable
downside,d1,2023-07-17 18:00:00,2023-07-17 19:00:00,2023-07-17 20:00:00,2023-07-18 20:00:00,1,-0.015946472511010668,neither,,-0.005619533869100524,-0.012165173343682834,0.01368113595149989,comparable
downside,d1,2023-07-17 18:00:00,2023-07-17 19:00:00,2023-07-18 01:00:00,2023-07-19 01:00:00,6,-0.015946472511010668,neither,,-0.003511955232597841,-0.021326302572428513,0.0026822785976574615,comparable
downside,d1,2023-07-24 09:00:00,2023-07-24 10:00:00,2023-07-24 11:00:00,2023-07-25 11:00:00,1,-0.024604895566705087,neither,,-0.0054788521559167025,-0.016030349239307795,0.00036937231603961784,comparable
downside,d1,2023-07-24 09:00:00,2023-07-24 10:00:00,2023-07-24 16:00:00,2023-07-25 16:00:00,6,-0.024604895566705087,neither,,0.0037814205470023676,-0.003183973986138011,0.009077610612742149,comparable
downside,d1,2023-08-01 02:00:00,2023-08-01 03:00:00,2023-08-01 04:00:00,2023-08-02 04:00:00,1,-0.01817481317539882,upper_first,19.0,0.027416401690941727,-0.012125631449351859,0.04185240406930557,comparable
downside,d1,2023-08-01 02:00:00,2023-08-01 03:00:00,2023-08-01 09:00:00,2023-08-02 09:00:00,6,-0.01817481317539882,upper_first,16.0,0.017064871144041982,-0.014913735492772195,0.03616771474871738,comparable
downside,d1,2023-08-16 23:00:00,2023-08-17 00:00:00,2023-08-17 01:00:00,2023-08-18 01:00:00,1,-0.016099682757779066,lower_first,20.0,-0.06367519750953743,-0.11613658875565147,0.00443599626206459,comparable
downside,d1,2023-08-16 23:00:00,2023-08-17 00:00:00,2023-08-17 06:00:00,2023-08-18 06:00:00,6,-0.016099682757779066,lower_first,15.0,-0.0770691042507029,-0.11907798162735617,0.0005236360589753186,comparable
downside,d1,2023-08-22 21:00:00,2023-08-22 22:00:00,2023-08-22 23:00:00,2023-08-23 23:00:00,1,-0.020135465864358437,upper_first,18.0,0.02514790089835528,-0.0009697911228064848,0.03949360003752034,comparable
downside,d1,2023-08-22 21:00:00,2023-08-22 22:00:00,2023-08-23 04:00:00,2023-08-24 04:00:00,6,-0.020135465864358437,upper_first,15.0,0.01699842153392428,-0.007583408063295605,0.03172666799776391,comparable
downside,d1,2023-09-01 17:00:00,2023-09-01 18:00:00,2023-09-01 19:00:00,2023-09-02 19:00:00,1,-0.03346274916916714,neither,,0.007080126711791479,-0.0031201881165942025,0.013884759075119435,comparable
downside,d1,2023-09-01 17:00:00,2023-09-01 18:00:00,2023-09-02 00:00:00,2023-09-03 00:00:00,6,-0.03346274916916714,neither,,0.002799313526604008,-0.00342345073444672,0.007244255902457697,comparable
downside,d1,2023-09-04 21:00:00,2023-09-04 22:00:00,2023-09-04 23:00:00,2023-09-05 23:00:00,1,-0.011262958873234252,neither,,-0.00035936923325885495,-0.008383082945601306,0.0045278194864279975,comparable
downside,d1,2023-09-04 21:00:00,2023-09-04 22:00:00,2023-09-05 04:00:00,2023-09-06 04:00:00,6,-0.011262958873234252,neither,,0.003446330125715047,-0.002900758543102011,0.007965500872486153,comparable
downside,d1,2023-09-11 14:00:00,2023-09-11 15:00:00,2023-09-11 16:00:00,2023-09-12 16:00:00,1,-0.024412514450182887,upper_first,11.0,0.044194678074794824,-0.008069691669020385,0.05149154050760529,comparable
downside,d1,2023-09-11 14:00:00,2023-09-11 15:00:00,2023-09-11 21:00:00,2023-09-12 21:00:00,6,-0.024412514450182887,upper_first,6.0,0.039286773475518455,-0.0008111913311351637,0.05861106504837643,comparable
downside,d1,2023-09-21 13:00:00,2023-09-21 14:00:00,2023-09-21 15:00:00,2023-09-22 15:00:00,1,-0.02792293172194049,neither,,0.003970087740820638,-0.00398062446657832,0.006364934980875869,comparable
downside,d1,2023-09-21 13:00:00,2023-09-21 14:00:00,2023-09-21 20:00:00,2023-09-22 20:00:00,6,-0.02792293172194049,neither,,-0.0026824897353517896,-0.005184568223265074,0.0051484859737771504,comparable
downside,d1,2023-09-24 23:00:00,2023-09-25 00:00:00,2023-09-25 01:00:00,2023-09-26 01:00:00,1,-0.01239145811073139,neither,,0.00018817226828327094,-0.010237485591870432,0.007329195574980574,comparable
downside,d1,2023-09-24 23:00:00,2023-09-25 00:00:00,2023-09-25 06:00:00,2023-09-26 06:00:00,6,-0.01239145811073139,neither,,0.008018403949219044,-0.004736580836727011,0.012927732477791887,comparable
downside,d1,2023-10-11 02:00:00,2023-10-11 03:00:00,2023-10-11 04:00:00,2023-10-12 04:00:00,1,-0.020352161153058046,neither,,-0.0064826965826282335,-0.01821796179310675,0.012048812721070501,comparable
downside,d1,2023-10-11 02:00:00,2023-10-11 03:00:00,2023-10-11 09:00:00,2023-10-12 09:00:00,6,-0.020352161153058046,neither,,-0.011521649390218047,-0.021614528670026445,0.008547535104103332,comparable
downside,d1,2023-11-13 21:00:00,2023-11-13 22:00:00,2023-11-13 23:00:00,2023-11-14 23:00:00,1,-0.018481224739268276,neither,,-0.023978726016614882,-0.04738904224320706,0.0073558914002942455,comparable
downside,d1,2023-11-13 21:00:00,2023-11-13 22:00:00,2023-11-14 04:00:00,2023-11-15 04:00:00,6,-0.018481224739268276,neither,,-0.02925946760923337,-0.04664569899978899,0.00814195331727352,comparable
downside,d1,2023-11-21 23:00:00,2023-11-22 00:00:00,2023-11-22 01:00:00,2023-11-23 01:00:00,1,-0.045996546022963214,upper_first,17.0,0.033526257740029264,-0.0025711254717537546,0.04880320132120142,comparable
downside,d1,2023-11-21 23:00:00,2023-11-22 00:00:00,2023-11-22 06:00:00,2023-11-23 06:00:00,6,-0.045996546022963214,upper_first,14.0,0.026592000844609665,-0.0035972884517252446,0.04132757649874197,comparable
downside,d1,2023-12-11 02:00:00,2023-12-11 03:00:00,2023-12-11 04:00:00,2023-12-12 04:00:00,1,-0.04100771317273133,lower_first,15.0,-0.013991833153953914,-0.051108725687467604,0.004091222129420702,comparable
downside,d1,2023-12-11 02:00:00,2023-12-11 03:00:00,2023-12-11 09:00:00,2023-12-12 09:00:00,6,-0.04100771317273133,neither,,-0.004718002103836327,-0.049200499578238244,0.006110455668588477,comparable
downside,d1,2023-12-17 14:00:00,2023-12-17 15:00:00,2023-12-17 16:00:00,2023-12-18 16:00:00,1,-0.017949830616736384,neither,,-0.012258978432032719,-0.03004703221953664,0.014485597969104536,comparable
downside,d1,2023-12-17 14:00:00,2023-12-17 15:00:00,2023-12-17 21:00:00,2023-12-18 21:00:00,6,-0.017949830616736384,neither,,-0.002475185151551651,-0.037026269007838675,0.0,comparable
downside,d1,2023-12-24 22:00:00,2023-12-24 23:00:00,2023-12-25 00:00:00,2023-12-26 00:00:00,1,-0.017427479173772853,neither,,0.01312375915223285,-0.006267748393841477,0.01843741153403311,comparable
downside,d1,2023-12-24 22:00:00,2023-12-24 23:00:00,2023-12-25 05:00:00,2023-12-26 05:00:00,6,-0.017427479173772853,neither,,0.008026268293294114,-0.0011388216385853633,0.016525093049777784,comparable
downside,d1,2024-01-12 16:00:00,2024-01-12 17:00:00,2024-01-12 18:00:00,2024-01-13 18:00:00,1,-0.052209370392405585,lower_first,4.0,-0.017980327148169106,-0.05104660853955634,0.008233656329565964,comparable
downside,d1,2024-01-12 16:00:00,2024-01-12 17:00:00,2024-01-12 23:00:00,2024-01-13 23:00:00,6,-0.052209370392405585,neither,,0.011678646908584334,-0.0013705939687745916,0.01800084405804081,comparable
downside,d1,2024-01-18 16:00:00,2024-01-18 17:00:00,2024-01-18 18:00:00,2024-01-19 18:00:00,1,-0.010135767436233012,neither,,-0.013788470450454837,-0.036354448448009724,0.00243087862491298,comparable
downside,d1,2024-01-18 16:00:00,2024-01-18 17:00:00,2024-01-18 23:00:00,2024-01-19 23:00:00,6,-0.010135767436233012,neither,,0.00794204987809688,-0.026117055741509354,0.020427911731980553,comparable
downside,d1,2024-01-22 18:00:00,2024-01-22 19:00:00,2024-01-22 20:00:00,2024-01-23 20:00:00,1,-0.03368720834592387,neither,,-0.016868923497652455,-0.03225887533807226,0.01365233609153349,comparable
downside,d1,2024-01-22 18:00:00,2024-01-22 19:00:00,2024-01-23 01:00:00,2024-01-24 01:00:00,6,-0.03368720834592387,neither,,0.008730873358520075,-0.033253702291053844,0.010922945039515186,comparable
downside,d1,2024-02-17 13:00:00,2024-02-17 14:00:00,2024-02-17 15:00:00,2024-02-18 15:00:00,1,-0.02456221558061089,neither,,0.020355254028277425,-0.004085442952733831,0.02399045084973639,comparable
downside,d1,2024-02-17 13:00:00,2024-02-17 14:00:00,2024-02-17 20:00:00,2024-02-18 20:00:00,6,-0.02456221558061089,neither,,0.006928812543945728,-0.004638334579779246,0.013000640890361126,comparable
downside,d1,2024-03-16 23:00:00,2024-03-17 00:00:00,2024-03-17 01:00:00,2024-03-18 01:00:00,1,-0.06118329581186788,upper_first,9.0,0.03186987802791452,-0.01015168057845628,0.05695053674009132,comparable
downside,d1,2024-03-16 23:00:00,2024-03-17 00:00:00,2024-03-17 06:00:00,2024-03-18 06:00:00,6,-0.06118329581186788,upper_first,10.0,0.03699555464255133,-0.02566163020607537,0.04123337144790584,comparable
downside,d1,2024-03-19 08:00:00,2024-03-19 09:00:00,2024-03-19 10:00:00,2024-03-20 10:00:00,1,-0.06701985321345938,lower_first,19.0,-0.014697361798837072,-0.05220302905675456,0.025758008905724328,comparable
downside,d1,2024-03-19 08:00:00,2024-03-19 09:00:00,2024-03-19 15:00:00,2024-03-20 15:00:00,6,-0.06701985321345938,upper_first,1.0,0.022763825095722945,-0.03248386043956919,0.04709917769835137,comparable
downside,d1,2024-04-01 14:00:00,2024-04-01 15:00:00,2024-04-01 16:00:00,2024-04-02 16:00:00,1,-0.023541152547139066,lower_first,21.0,-0.04882781585072027,-0.054373486771525315,0.02507518510484874,comparable
downside,d1,2024-04-01 14:00:00,2024-04-01 15:00:00,2024-04-01 21:00:00,2024-04-02 21:00:00,6,-0.023541152547139066,lower_first,5.0,-0.058909897299610714,-0.07522336983520417,0.002473558096796502,comparable
downside,d1,2024-04-10 12:00:00,2024-04-10 13:00:00,2024-04-10 14:00:00,2024-04-11 14:00:00,1,-0.0388475688119343,upper_first,8.0,0.02998915865536822,-0.003840644546962091,0.04522904612584622,comparable
downside,d1,2024-04-10 12:00:00,2024-04-10 13:00:00,2024-04-10 19:00:00,2024-04-11 19:00:00,6,-0.0388475688119343,neither,,0.011226034636328874,-0.0015442397865071955,0.02871212652378974,comparable
downside,d1,2024-04-12 18:00:00,2024-04-12 19:00:00,2024-04-12 20:00:00,2024-04-13 20:00:00,1,-0.05149828536878931,upper_first,9.0,-0.029910683769568847,-0.04455700193745615,0.0335691596125447,comparable
downside,d1,2024-04-12 18:00:00,2024-04-12 19:00:00,2024-04-13 01:00:00,2024-04-14 01:00:00,6,-0.05149828536878931,upper_first,4.0,-0.0478790101126122,-0.09154509152582369,0.03209733081109256,comparable
downside,d1,2024-04-13 19:00:00,2024-04-13 20:00:00,2024-04-13 21:00:00,2024-04-14 21:00:00,1,-0.02975422297448893,upper_first,1.0,0.030624131554899847,-0.0038663002395137314,0.059892798918985024,comparable
downside,d1,2024-04-13 19:00:00,2024-04-13 20:00:00,2024-04-14 02:00:00,2024-04-15 02:00:00,6,-0.02975422297448893,upper_first,21.0,0.024144272046546567,-0.0260994381463453,0.036843057844052174,comparable
downside,d1,2024-04-17 14:00:00,2024-04-17 15:00:00,2024-04-17 16:00:00,2024-04-18 16:00:00,1,-0.013107738062270724,upper_first,11.0,0.05454108868772334,-0.01016677621791473,0.06553178100791235,comparable
downside,d1,2024-04-17 14:00:00,2024-04-17 15:00:00,2024-04-17 21:00:00,2024-04-18 21:00:00,6,-0.013107738062270724,upper_first,14.0,0.04406971565857987,-0.0006052299890392243,0.05516746120562854,comparable
downside,d1,2024-04-24 18:00:00,2024-04-24 19:00:00,2024-04-24 20:00:00,2024-04-25 20:00:00,1,-0.04082751923103123,neither,,0.012880661572789442,-0.017964313645150054,0.016545580006952054,comparable
downside,d1,2024-04-24 18:00:00,2024-04-24 19:00:00,2024-04-25 01:00:00,2024-04-26 01:00:00,6,-0.04082751923103123,neither,,-0.0034658524044322014,-0.027621441205723074,0.011748255606188751,comparable
downside,d1,2024-04-27 01:00:00,2024-04-27 02:00:00,2024-04-27 03:00:00,2024-04-28 03:00:00,1,-0.028092562420842238,neither,,0.015799983437706056,-0.004467845704905993,0.017228123665340656,comparable
downside,d1,2024-04-27 01:00:00,2024-04-27 02:00:00,2024-04-27 08:00:00,2024-04-28 08:00:00,6,-0.028092562420842238,neither,,0.015079234305401146,-0.004788014408057428,0.022231145117688644,comparable
downside,d1,2024-04-29 03:00:00,2024-04-29 04:00:00,2024-04-29 05:00:00,2024-04-30 05:00:00,1,-0.02688952738804007,upper_first,19.0,0.013970960310804248,-0.0125678828483895,0.03520040353870435,comparable
downside,d1,2024-04-29 03:00:00,2024-04-29 04:00:00,2024-04-29 10:00:00,2024-04-30 10:00:00,6,-0.02688952738804007,upper_first,14.0,-0.013748523076632657,-0.015414865314665627,0.03531084448426802,comparable
downside,d1,2024-04-30 19:00:00,2024-04-30 20:00:00,2024-04-30 21:00:00,2024-05-01 21:00:00,1,-0.06131622493151834,lower_first,11.0,-0.04323146190988292,-0.05622021038438407,0.01878906872487507,comparable
downside,d1,2024-04-30 19:00:00,2024-04-30 20:00:00,2024-05-01 02:00:00,2024-05-02 02:00:00,6,-0.06131622493151834,lower_first,5.0,-0.049949223060373416,-0.059223778027430396,0.0038002364095715002,comparable
downside,d1,2024-05-08 20:00:00,2024-05-08 21:00:00,2024-05-08 22:00:00,2024-05-09 22:00:00,1,-0.022413093520495586,neither,,0.017325618813935018,-0.014075570576496776,0.022064276020315354,comparable
downside,d1,2024-05-08 20:00:00,2024-05-08 21:00:00,2024-05-09 03:00:00,2024-05-10 03:00:00,6,-0.022413093520495586,neither,,0.020657436336386725,-0.01682738248396065,0.028964214434993973,comparable
downside,d1,2024-06-07 17:00:00,2024-06-07 18:00:00,2024-06-07 19:00:00,2024-06-08 19:00:00,1,-0.020216778442113115,neither,,0.005417656499501211,-0.005638265394527275,0.006731900697624971,comparable
downside,d1,2024-06-07 17:00:00,2024-06-07 18:00:00,2024-06-08 00:00:00,2024-06-09 00:00:00,6,-0.020216778442113115,neither,,-0.0003304642611773323,-0.002891958957810137,0.003171504893279886,comparable
downside,d1,2024-06-11 01:00:00,2024-06-11 02:00:00,2024-06-11 03:00:00,2024-06-12 03:00:00,1,-0.013016927393114885,neither,,-0.0121350560877177,-0.032380571305454686,0.0034226442389080347,comparable
downside,d1,2024-06-11 01:00:00,2024-06-11 02:00:00,2024-06-11 08:00:00,2024-06-12 08:00:00,6,-0.013016927393114885,neither,,-0.0013005474531736505,-0.02231337803058142,0.001654932565385403,comparable
downside,d1,2024-06-14 16:00:00,2024-06-14 17:00:00,2024-06-14 18:00:00,2024-06-15 18:00:00,1,-0.025744465791133875,neither,,0.012826514657781063,-0.004996588367403687,0.01848707098337643,comparable
downside,d1,2024-06-14 16:00:00,2024-06-14 17:00:00,2024-06-14 23:00:00,2024-06-15 23:00:00,6,-0.025744465791133875,neither,,0.0029962248203887487,-0.002609551601548632,0.006905095446593235,comparable
downside,d1,2024-06-21 08:00:00,2024-06-21 09:00:00,2024-06-21 10:00:00,2024-06-22 10:00:00,1,-0.03143740115940474,neither,,0.003898219422272753,-0.011651721176214047,0.007443261757463571,comparable
downside,d1,2024-06-21 08:00:00,2024-06-21 09:00:00,2024-06-21 15:00:00,2024-06-22 15:00:00,6,-0.03143740115940474,neither,,0.001250174133066606,-0.01249878067897403,0.005435912331052117,comparable
downside,d1,2024-06-23 23:00:00,2024-06-24 00:00:00,2024-06-24 01:00:00,2024-06-25 01:00:00,1,-0.01655763733826776,lower_first,16.0,-0.04204867190295125,-0.0732033226423432,0.0050098249750309964,comparable
downside,d1,2024-06-23 23:00:00,2024-06-24 00:00:00,2024-06-24 06:00:00,2024-06-25 06:00:00,6,-0.01655763733826776,lower_first,13.0,-0.02059832558510022,-0.061921040447816766,0.010692288804371675,comparable
downside,d1,2024-06-28 19:00:00,2024-06-28 20:00:00,2024-06-28 21:00:00,2024-06-29 21:00:00,1,-0.022978508565219102,neither,,0.013727828052341629,-0.0017698302493265317,0.01669861454228272,comparable
downside,d1,2024-06-28 19:00:00,2024-06-28 20:00:00,2024-06-29 02:00:00,2024-06-30 02:00:00,6,-0.022978508565219102,neither,,0.0013099223243371316,-0.0031112711725120867,0.005600814580182467,comparable
downside,d1,2024-07-04 01:00:00,2024-07-04 02:00:00,2024-07-04 03:00:00,2024-07-05 03:00:00,1,-0.0487885844796343,lower_first,23.0,-0.05314452648002188,-0.05807022519249727,0.0032646776843598957,comparable
downside,d1,2024-07-04 01:00:00,2024-07-04 02:00:00,2024-07-04 08:00:00,2024-07-05 08:00:00,6,-0.0487885844796343,lower_first,19.0,-0.06515307636266632,-0.08030926420821705,0.010255516349725102,comparable
downside,d1,2024-07-05 02:00:00,2024-07-05 03:00:00,2024-07-05 04:00:00,2024-07-06 04:00:00,1,-0.0532073369908318,upper_first,12.0,0.02173440520969283,-0.030936899202396173,0.03327406641010899,comparable
downside,d1,2024-07-05 02:00:00,2024-07-05 03:00:00,2024-07-05 09:00:00,2024-07-06 09:00:00,6,-0.0532073369908318,upper_first,3.0,0.04591439429677502,-0.0035538825214184167,0.05490006947620274,comparable
downside,d1,2024-07-25 01:00:00,2024-07-25 02:00:00,2024-07-25 03:00:00,2024-07-26 03:00:00,1,-0.018159851836125895,upper_first,19.0,0.043910052624010376,-0.01204430344347085,0.04669494822275366,comparable
downside,d1,2024-07-25 01:00:00,2024-07-25 02:00:00,2024-07-25 08:00:00,2024-07-26 08:00:00,6,-0.018159851836125895,upper_first,14.0,0.0434897625867221,-0.010902115551662428,0.052500171186377065,comparable
downside,d1,2024-07-31 19:00:00,2024-07-31 20:00:00,2024-07-31 21:00:00,2024-08-01 21:00:00,1,-0.010160124361245582,neither,,0.001708312097516318,-0.03654341452732757,0.008602577164802838,comparable
downside,d1,2024-07-31 19:00:00,2024-07-31 20:00:00,2024-08-01 02:00:00,2024-08-02 02:00:00,6,-0.010160124361245582,neither,,0.006725576889871965,-0.03049947358545968,0.02218483539650018,comparable
downside,d1,2024-08-04 14:00:00,2024-08-04 15:00:00,2024-08-04 16:00:00,2024-08-05 16:00:00,1,-0.039007844276583326,lower_first,8.0,-0.07887645165732737,-0.16913833140990164,0.009071042638863602,comparable
downside,d1,2024-08-04 14:00:00,2024-08-04 15:00:00,2024-08-04 21:00:00,2024-08-05 21:00:00,6,-0.039007844276583326,lower_first,3.0,-0.07997881024462428,-0.1703721958205373,0.0003020825598738508,comparable
downside,d1,2024-08-11 20:00:00,2024-08-11 21:00:00,2024-08-11 22:00:00,2024-08-12 22:00:00,1,-0.040820601927742506,neither,,-0.00044412655759895614,-0.023068824704891355,0.028926008447724305,comparable
downside,d1,2024-08-11 20:00:00,2024-08-11 21:00:00,2024-08-12 03:00:00,2024-08-13 03:00:00,6,-0.040820601927742506,upper_first,11.0,0.013284942488464235,-0.018012349680629702,0.03425160230233493,comparable
downside,d1,2024-08-15 19:00:00,2024-08-15 20:00:00,2024-08-15 21:00:00,2024-08-16 21:00:00,1,-0.031673486794847494,upper_first,5.0,0.04553447280492162,-0.0011096504310103006,0.05605719030019829,comparable
downside,d1,2024-08-15 19:00:00,2024-08-15 20:00:00,2024-08-16 02:00:00,2024-08-17 02:00:00,6,-0.031673486794847494,upper_first,15.0,0.029662401753849155,-0.003834373282641579,0.04023789828599056,comparable
downside,d1,2024-08-27 14:00:00,2024-08-27 15:00:00,2024-08-27 16:00:00,2024-08-28 16:00:00,1,-0.026345692216505068,lower_first,6.0,-0.04338746640865754,-0.05928855741395944,0.008414371906743323,comparable
downside,d1,2024-08-27 14:00:00,2024-08-27 15:00:00,2024-08-27 21:00:00,2024-08-28 21:00:00,6,-0.026345692216505068,lower_first,1.0,-0.04108061744025593,-0.0648060735305338,0.001541208162357366,comparable
downside,d1,2024-09-06 14:00:00,2024-09-06 15:00:00,2024-09-06 16:00:00,2024-09-07 16:00:00,1,-0.03273383585241363,neither,,0.014587680637490719,-0.0271175472768459,0.015616680239114666,comparable
downside,d1,2024-09-06 14:00:00,2024-09-06 15:00:00,2024-09-06 21:00:00,2024-09-07 21:00:00,6,-0.03273383585241363,upper_first,13.0,0.024415588542255673,-0.006452291363492457,0.03737123882708038,comparable
downside,d1,2024-09-16 14:00:00,2024-09-16 15:00:00,2024-09-16 16:00:00,2024-09-17 16:00:00,1,-0.04481937079806475,upper_first,22.0,0.05670489158967573,-0.006726890592203549,0.060607856806367044,comparable
downside,d1,2024-09-16 14:00:00,2024-09-16 15:00:00,2024-09-16 21:00:00,2024-09-17 21:00:00,6,-0.04481937079806475,upper_first,15.0,0.042643814919015144,-0.0014873309847213134,0.06414752076246777,comparable
downside,d1,2024-09-30 01:00:00,2024-09-30 02:00:00,2024-09-30 03:00:00,2024-10-01 03:00:00,1,-0.016814682956909244,neither,,-0.015248909976578462,-0.02390027910999848,0.005206107517701231,comparable
downside,d1,2024-09-30 01:00:00,2024-09-30 02:00:00,2024-09-30 08:00:00,2024-10-01 08:00:00,6,-0.016814682956909244,neither,,-0.008183759588237582,-0.02672911235313369,0.00028036122297581123,comparable
downside,d1,2024-10-01 20:00:00,2024-10-01 21:00:00,2024-10-01 22:00:00,2024-10-02 22:00:00,1,-0.04703067270951755,neither,,-0.005156922722556856,-0.01894956021459404,0.020494853874374774,comparable
downside,d1,2024-10-01 20:00:00,2024-10-01 21:00:00,2024-10-02 03:00:00,2024-10-03 03:00:00,6,-0.04703067270951755,neither,,-0.009647434024111945,-0.029068587982665206,0.009968977380412358,comparable
downside,d1,2024-10-09 18:00:00,2024-10-09 19:00:00,2024-10-09 20:00:00,2024-10-10 20:00:00,1,-0.015123912370746173,neither,,-0.02130912001469587,-0.03453054985140036,0.004959717365489391,comparable
downside,d1,2024-10-09 18:00:00,2024-10-09 19:00:00,2024-10-10 01:00:00,2024-10-11 01:00:00,6,-0.015123912370746173,neither,,-0.003884090780725491,-0.025020335575505426,0.014858924688225139,comparable
downside,d1,2024-10-21 13:00:00,2024-10-21 14:00:00,2024-10-21 15:00:00,2024-10-22 15:00:00,1,-0.017289189796860893,neither,,0.004145871870444351,-0.01049042257048527,0.010331143280272848,comparable
downside,d1,2024-10-21 13:00:00,2024-10-21 14:00:00,2024-10-21 20:00:00,2024-10-22 20:00:00,6,-0.017289189796860893,neither,,-0.004575686153633685,-0.01779817320941368,0.0023522061934442284,comparable
downside,d1,2024-11-01 01:00:00,2024-11-01 02:00:00,2024-11-01 03:00:00,2024-11-02 03:00:00,1,-0.04197140525495757,upper_first,11.0,0.002132162104757862,-0.011121145718033687,0.03060977217221228,comparable
downside,d1,2024-11-01 01:00:00,2024-11-01 02:00:00,2024-11-01 08:00:00,2024-11-02 08:00:00,6,-0.04197140525495757,upper_first,6.0,0.008284375454306048,-0.006921204284343063,0.034986952112272096,comparable
downside,d1,2024-11-03 02:00:00,2024-11-03 03:00:00,2024-11-03 04:00:00,2024-11-04 04:00:00,1,-0.02094197383725105,neither,,0.009431248933886138,-0.01333816296919621,0.01606595144753009,comparable
downside,d1,2024-11-03 02:00:00,2024-11-03 03:00:00,2024-11-03 09:00:00,2024-11-04 09:00:00,6,-0.02094197383725105,neither,,0.002727618595669945,-0.0146150915079587,0.014750968378383966,comparable
downside,d1,2024-11-25 14:00:00,2024-11-25 15:00:00,2024-11-25 16:00:00,2024-11-26 16:00:00,1,-0.017769073400096147,neither,,-0.033219798131641554,-0.04802331808735627,0.0051381889911779055,comparable
downside,d1,2024-11-25 14:00:00,2024-11-25 15:00:00,2024-11-25 21:00:00,2024-11-26 21:00:00,6,-0.017769073400096147,neither,,-0.04263911314923219,-0.04529668814337062,0.00215739122845493,comparable
downside,d1,2024-12-02 08:00:00,2024-12-02 09:00:00,2024-12-02 10:00:00,2024-12-03 10:00:00,1,-0.020847903947899704,neither,,-0.002788834361454273,-0.011757805229231866,0.020112478798473,comparable
downside,d1,2024-12-02 08:00:00,2024-12-02 09:00:00,2024-12-02 15:00:00,2024-12-03 15:00:00,6,-0.020847903947899704,neither,,-0.011868895636027221,-0.0292741816766402,0.010912292193437478,comparable
downside,d1,2024-12-03 13:00:00,2024-12-03 14:00:00,2024-12-03 15:00:00,2024-12-04 15:00:00,1,-0.021313777148224466,neither,,0.006917654296814346,-0.0036240781404118794,0.01862580256705959,comparable
downside,d1,2024-12-03 13:00:00,2024-12-03 14:00:00,2024-12-03 20:00:00,2024-12-04 20:00:00,6,-0.021313777148224466,neither,,0.020447442995804144,-0.008576427265631903,0.020634235517817512,comparable
downside,d1,2024-12-09 15:00:00,2024-12-09 16:00:00,2024-12-09 17:00:00,2024-12-10 17:00:00,1,-0.02213371222742766,neither,,-0.01517737300966071,-0.03667042098228923,0.005426274320235791,comparable
downside,d1,2024-12-09 15:00:00,2024-12-09 16:00:00,2024-12-09 22:00:00,2024-12-10 22:00:00,6,-0.02213371222742766,neither,,-5.282603283418563e-05,-0.027326432176171478,0.014612382277650049,comparable
downside,d1,2024-12-18 20:00:00,2024-12-18 21:00:00,2024-12-18 22:00:00,2024-12-19 22:00:00,1,-0.05646605745691036,lower_first,22.0,-0.03598550328666528,-0.05354033998565144,0.01834636263617173,comparable
downside,d1,2024-12-18 20:00:00,2024-12-18 21:00:00,2024-12-19 03:00:00,2024-12-20 03:00:00,6,-0.05646605745691036,neither,,-0.029197640535577274,-0.048898569171763384,0.023340691104901223,comparable
downside,d1,2024-12-20 08:00:00,2024-12-20 09:00:00,2024-12-20 10:00:00,2024-12-21 10:00:00,1,-0.061449579573482405,upper_first,6.0,0.0406544086413525,-0.027137509798259796,0.05187073626516847,comparable
downside,d1,2024-12-20 08:00:00,2024-12-20 09:00:00,2024-12-20 15:00:00,2024-12-21 15:00:00,6,-0.061449579573482405,upper_first,14.0,0.015831925254430335,-0.0017582538125940905,0.0424815390153257,comparable
downside,d1,2024-12-27 15:00:00,2024-12-27 16:00:00,2024-12-27 17:00:00,2024-12-28 17:00:00,1,-0.015875718654842164,neither,,0.007456866835159559,-0.008208627600991725,0.012279220138891045,comparable
downside,d1,2024-12-27 15:00:00,2024-12-27 16:00:00,2024-12-27 22:00:00,2024-12-28 22:00:00,6,-0.015875718654842164,neither,,0.0063006850767584055,-0.0042796906318184336,0.008010993599636862,comparable
downside,d1,2024-12-30 13:00:00,2024-12-30 14:00:00,2024-12-30 15:00:00,2024-12-31 15:00:00,1,-0.024038261167200647,upper_first,3.0,0.04249916243593632,-0.004292168091443838,0.04892083238649403,comparable
downside,d1,2024-12-30 13:00:00,2024-12-30 14:00:00,2024-12-30 20:00:00,2024-12-31 20:00:00,6,-0.024038261167200647,neither,,-0.002984088291093201,-0.02693441633296567,0.019569048914510168,comparable
downside,d1,2025-01-08 06:00:00,2025-01-08 07:00:00,2025-01-08 08:00:00,2025-01-09 08:00:00,1,-0.06446415060540567,neither,,-0.02548981426034924,-0.03263866680248073,0.0051140471951016675,comparable
downside,d1,2025-01-08 06:00:00,2025-01-08 07:00:00,2025-01-08 13:00:00,2025-01-09 13:00:00,6,-0.06446415060540567,neither,,-0.015618952795339203,-0.02480382479319787,0.012665215363904636,comparable
downside,d1,2025-01-09 13:00:00,2025-01-09 14:00:00,2025-01-09 15:00:00,2025-01-10 15:00:00,1,-0.035773575771914756,neither,,0.013750112046169827,-0.01758133690042374,0.026553972640048995,comparable
downside,d1,2025-01-09 13:00:00,2025-01-09 14:00:00,2025-01-09 20:00:00,2025-01-10 20:00:00,6,-0.035773575771914756,upper_first,11.0,0.03732711051608528,-0.007786936262113908,0.043092124448220304,comparable
downside,d1,2025-01-13 10:00:00,2025-01-13 11:00:00,2025-01-13 12:00:00,2025-01-14 12:00:00,1,-0.02562963522689954,upper_first,8.0,0.06328506817343205,-0.019080892410932804,0.07264024641575628,comparable
downside,d1,2025-01-13 10:00:00,2025-01-13 11:00:00,2025-01-13 17:00:00,2025-01-14 17:00:00,6,-0.02562963522689954,upper_first,4.0,0.0482416439899398,-0.0012453075032078376,0.06645656666924826,comparable
downside,d1,2025-01-26 23:00:00,2025-01-27 00:00:00,2025-01-27 01:00:00,2025-01-28 01:00:00,1,-0.020724589138381266,neither,,0.0015920877918200738,-0.03897389214028113,0.012206989902713294,comparable
downside,d1,2025-01-26 23:00:00,2025-01-27 00:00:00,2025-01-27 06:00:00,2025-01-28 06:00:00,6,-0.020724589138381266,upper_first,22.0,0.026923569599697883,-0.025922427701814632,0.0304310053934862,comparable
downside,d1,2025-02-01 22:00:00,2025-02-01 23:00:00,2025-02-02 00:00:00,2025-02-03 00:00:00,1,-0.015608518830362073,neither,,-0.029290760801511606,-0.044173212163951536,0.00830776948771983,comparable
downside,d1,2025-02-01 22:00:00,2025-02-01 23:00:00,2025-02-02 05:00:00,2025-02-03 05:00:00,6,-0.015608518830362073,lower_first,20.0,-0.06715445481399807,-0.08382206266520553,0.009406151407988617,comparable
downside,d1,2025-02-03 01:00:00,2025-02-03 02:00:00,2025-02-03 03:00:00,2025-02-04 03:00:00,1,-0.07738315038984278,upper_first,11.0,0.07849742886944844,-0.009361872814784733,0.09627897156487553,comparable
downside,d1,2025-02-03 01:00:00,2025-02-03 02:00:00,2025-02-03 08:00:00,2025-02-04 08:00:00,6,-0.07738315038984278,upper_first,7.0,0.03217896689638877,-0.012768769317565432,0.07511761342821766,comparable
downside,d1,2025-02-09 21:00:00,2025-02-09 22:00:00,2025-02-09 23:00:00,2025-02-10 23:00:00,1,-0.014281460953709413,neither,,0.01644537187239581,-0.006078168208528911,0.026372152759612355,comparable
downside,d1,2025-02-09 21:00:00,2025-02-09 22:00:00,2025-02-10 04:00:00,2025-02-11 04:00:00,6,-0.014281460953709413,neither,,0.008427767372425343,-0.002001456600143281,0.016038301704631053,comparable
downside,d1,2025-02-16 23:00:00,2025-02-17 00:00:00,2025-02-17 01:00:00,2025-02-18 01:00:00,1,-0.015134285972490558,neither,,-0.007310967333390428,-0.011722815240438389,0.007488794940269994,comparable
downside,d1,2025-02-16 23:00:00,2025-02-17 00:00:00,2025-02-17 06:00:00,2025-02-18 06:00:00,6,-0.015134285972490558,neither,,-0.006741877477607794,-0.010930876119923383,0.008296128957990812,comparable
downside,d1,2025-02-18 16:00:00,2025-02-18 17:00:00,2025-02-18 18:00:00,2025-02-19 18:00:00,1,-0.007682542326462483,neither,,0.02460925053945706,-0.007752211595328573,0.02804325521232287,comparable
downside,d1,2025-02-18 16:00:00,2025-02-18 17:00:00,2025-02-18 23:00:00,2025-02-19 23:00:00,6,-0.007682542326462483,neither,,0.013538190039053655,-0.002552939234691576,0.015296006558371156,comparable
downside,d1,2025-02-24 14:00:00,2025-02-24 15:00:00,2025-02-24 16:00:00,2025-02-25 16:00:00,1,-0.009699192190769423,lower_first,15.0,-0.07629751816564667,-0.08992925433007914,0.009496794572072753,comparable
downside,d1,2025-02-24 14:00:00,2025-02-24 15:00:00,2025-02-24 21:00:00,2025-02-25 21:00:00,6,-0.009699192190769423,lower_first,10.0,-0.06302933141967437,-0.0866260524911191,0.0036016243967675887,comparable
downside,d1,2025-02-26 18:00:00,2025-02-26 19:00:00,2025-02-26 20:00:00,2025-02-27 20:00:00,1,-0.031981091141768614,upper_first,10.0,0.002804365870408887,-0.0196286507618878,0.03866927777072027,comparable
downside,d1,2025-02-26 18:00:00,2025-02-26 19:00:00,2025-02-27 01:00:00,2025-02-28 01:00:00,6,-0.031981091141768614,neither,,-0.0051125417549656715,-0.024225887966378812,0.028251243355639888,comparable
downside,d1,2025-02-28 01:00:00,2025-02-28 02:00:00,2025-02-28 03:00:00,2025-03-01 03:00:00,1,-0.03597714335412627,upper_first,12.0,0.054924130806324634,-0.03219283983401344,0.06022697614251982,comparable
downside,d1,2025-02-28 01:00:00,2025-02-28 02:00:00,2025-02-28 08:00:00,2025-03-01 08:00:00,6,-0.03597714335412627,upper_first,5.0,0.07080731991635236,-0.011707491611226195,0.09408019339063234,comparable
downside,d1,2025-03-04 01:00:00,2025-03-04 02:00:00,2025-03-04 03:00:00,2025-03-05 03:00:00,1,-0.10465445536649098,upper_first,15.0,0.04263914054194906,-0.02883481999924875,0.06099438185164585,comparable
downside,d1,2025-03-04 01:00:00,2025-03-04 02:00:00,2025-03-04 08:00:00,2025-03-05 08:00:00,6,-0.10465445536649098,upper_first,10.0,0.05370515428600031,-0.020327683333108748,0.07028839732325864,comparable
downside,d1,2025-03-09 12:00:00,2025-03-09 13:00:00,2025-03-09 14:00:00,2025-03-10 14:00:00,1,-0.018545587164178534,neither,,-0.023602413787940035,-0.04167228186814009,0.006647320425857028,comparable
downside,d1,2025-03-09 12:00:00,2025-03-09 13:00:00,2025-03-09 19:00:00,2025-03-10 19:00:00,6,-0.018545587164178534,lower_first,22.0,-0.06133032238926306,-0.06314259907576314,0.016637135509178336,comparable
downside,d1,2025-03-10 14:00:00,2025-03-10 15:00:00,2025-03-10 16:00:00,2025-03-11 16:00:00,1,-0.045040118121225436,neither,,0.014861123142359656,-0.043062619617172504,0.02845487144314096,comparable
downside,d1,2025-03-10 14:00:00,2025-03-10 15:00:00,2025-03-10 21:00:00,2025-03-11 21:00:00,6,-0.045040118121225436,upper_first,12.0,0.04459636361433805,-0.03396754595326357,0.054931920296612535,comparable
downside,d1,2025-03-18 13:00:00,2025-03-18 14:00:00,2025-03-18 15:00:00,2025-03-19 15:00:00,1,-0.02013587826922225,upper_first,22.0,0.030389666379415425,-0.007460797027314725,0.03136775494702149,comparable
downside,d1,2025-03-18 13:00:00,2025-03-18 14:00:00,2025-03-18 20:00:00,2025-03-19 20:00:00,6,-0.02013587826922225,upper_first,19.0,0.038412262998691826,-0.005586085158822196,0.04462781240580371,comparable
downside,d1,2025-03-28 14:00:00,2025-03-28 15:00:00,2025-03-28 16:00:00,2025-03-29 16:00:00,1,-0.03636530044829911,neither,,-0.019111149470100286,-0.024234614159824086,0.0069329508016202634,comparable
downside,d1,2025-03-28 14:00:00,2025-03-28 15:00:00,2025-03-28 21:00:00,2025-03-29 21:00:00,6,-0.03636530044829911,neither,,-0.015218771330283709,-0.02564678405135601,0.009874268554459276,comparable
downside,d1,2025-04-06 17:00:00,2025-04-06 18:00:00,2025-04-06 19:00:00,2025-04-07 19:00:00,1,-0.02490028971511349,lower_first,11.0,-0.007518886408781955,-0.05846996588788089,0.02759763159695905,comparable
downside,d1,2025-04-06 17:00:00,2025-04-06 18:00:00,2025-04-07 00:00:00,2025-04-08 00:00:00,6,-0.02490028971511349,lower_first,7.0,0.009823510609588082,-0.05039495267011729,0.03641080181676326,comparable
downside,d1,2025-05-04 22:00:00,2025-05-04 23:00:00,2025-05-05 00:00:00,2025-05-06 00:00:00,1,-0.012083772980019059,neither,,0.004894850610793089,-0.008194645015398905,0.010037705571527056,comparable
downside,d1,2025-05-04 22:00:00,2025-05-04 23:00:00,2025-05-05 05:00:00,2025-05-06 05:00:00,6,-0.012083772980019059,neither,,0.0016619163671911519,-0.008788318817646745,0.008512621392128938,comparable
downside,d1,2025-05-12 18:00:00,2025-05-12 19:00:00,2025-05-12 20:00:00,2025-05-13 20:00:00,1,-0.028064123999562707,upper_first,23.0,0.0293025464329848,-0.003917649630160169,0.03133874237359291,comparable
downside,d1,2025-05-12 18:00:00,2025-05-12 19:00:00,2025-05-13 01:00:00,2025-05-14 01:00:00,6,-0.028064123999562707,neither,,0.016060688573620086,-0.008132319706138702,0.026974893808195288,comparable
downside,d1,2025-05-30 16:00:00,2025-05-30 17:00:00,2025-05-30 18:00:00,2025-05-31 18:00:00,1,-0.026666667915706932,neither,,0.002066275538342044,-0.010341455679983125,0.007884826062560801,comparable
downside,d1,2025-05-30 16:00:00,2025-05-30 17:00:00,2025-05-30 23:00:00,2025-05-31 23:00:00,6,-0.026666667915706932,neither,,0.0063906394446486825,-0.008726875102867071,0.00911132868079445,comparable
downside,d1,2025-06-05 16:00:00,2025-06-05 17:00:00,2025-06-05 18:00:00,2025-06-06 18:00:00,1,-0.02113729288732269,neither,,0.01717677619816005,-0.028088987639206753,0.021242607447469863,comparable
downside,d1,2025-06-05 16:00:00,2025-06-05 17:00:00,2025-06-05 23:00:00,2025-06-06 23:00:00,6,-0.02113729288732269,upper_first,14.0,0.02975703118176476,-0.004164408877363246,0.038236898856520485,comparable
downside,d1,2025-06-12 20:00:00,2025-06-12 21:00:00,2025-06-12 22:00:00,2025-06-13 22:00:00,1,-0.026863079036579474,neither,,-0.00255125639088416,-0.0301486804412614,0.0033406657884331725,comparable
downside,d1,2025-06-12 20:00:00,2025-06-12 21:00:00,2025-06-13 03:00:00,2025-06-14 03:00:00,6,-0.026863079036579474,neither,,0.01672264602483886,-0.000321383516988627,0.024650877508139102,comparable
downside,d1,2025-06-21 21:00:00,2025-06-21 22:00:00,2025-06-21 23:00:00,2025-06-22 23:00:00,1,-0.01997859732620122,neither,,-0.007794316633480736,-0.03521331090202473,0.01578350591611355,comparable
downside,d1,2025-06-21 21:00:00,2025-06-21 22:00:00,2025-06-22 04:00:00,2025-06-23 04:00:00,6,-0.01997859732620122,neither,,-0.011873338943784173,-0.0409213364199601,0.005606154740845692,comparable
downside,d1,2025-07-01 14:00:00,2025-07-01 15:00:00,2025-07-01 16:00:00,2025-07-02 16:00:00,1,-0.008286161326205188,neither,,0.026523124952470223,-0.008177277118059934,0.02654699594419574,comparable
downside,d1,2025-07-01 14:00:00,2025-07-01 15:00:00,2025-07-01 21:00:00,2025-07-02 21:00:00,6,-0.008286161326205188,upper_first,19.0,0.030781165089545537,-0.007731916188222221,0.03666522212209111,comparable
downside,d1,2025-07-15 14:00:00,2025-07-15 15:00:00,2025-07-15 16:00:00,2025-07-16 16:00:00,1,-0.042763307764483116,upper_first,23.0,0.02446517489924216,-0.002737314130868307,0.030580888320334676,comparable
downside,d1,2025-07-15 14:00:00,2025-07-15 15:00:00,2025-07-15 21:00:00,2025-07-16 21:00:00,6,-0.042763307764483116,upper_first,21.0,0.03062495356087669,-0.0007903562959855615,0.030787474386005043,comparable
downside,d1,2025-07-25 02:00:00,2025-07-25 03:00:00,2025-07-25 04:00:00,2025-07-26 04:00:00,1,-0.021979069864939027,neither,,0.018394194107452355,-0.0056325823223569715,0.020836395147313835,comparable
downside,d1,2025-07-25 02:00:00,2025-07-25 03:00:00,2025-07-25 09:00:00,2025-07-26 09:00:00,6,-0.021979069864939027,neither,,0.021155364491187045,-0.0028429873297537434,0.02277150720001786,comparable
downside,d1,2025-07-30 18:00:00,2025-07-30 19:00:00,2025-07-30 20:00:00,2025-07-31 20:00:00,1,-0.00923295943789404,neither,,-0.0012000855431992807,-0.001520786997433743,0.017279726261762107,comparable
downside,d1,2025-07-30 18:00:00,2025-07-30 19:00:00,2025-07-31 01:00:00,2025-08-01 01:00:00,6,-0.00923295943789404,neither,,-0.025159655366021605,-0.03605285720945661,0.004349139192048046,comparable
downside,d1,2025-08-18 01:00:00,2025-08-18 02:00:00,2025-08-18 03:00:00,2025-08-19 03:00:00,1,-0.009932664960889959,neither,,0.002458145649089971,-0.007087651845483323,0.013197568186988473,comparable
downside,d1,2025-08-18 01:00:00,2025-08-18 02:00:00,2025-08-18 08:00:00,2025-08-19 08:00:00,6,-0.009932664960889959,neither,,-0.00220534576020448,-0.007490316698372523,0.01529394793756711,comparable
downside,d1,2025-08-19 14:00:00,2025-08-19 15:00:00,2025-08-19 16:00:00,2025-08-20 16:00:00,1,-0.015604929137063905,neither,,-0.003909153119936226,-0.012723224348725748,0.004781447116934734,comparable
downside,d1,2025-08-19 14:00:00,2025-08-19 15:00:00,2025-08-19 21:00:00,2025-08-20 21:00:00,6,-0.015604929137063905,neither,,0.007240383697539432,-0.010709466373277632,0.00790980790114304,comparable
downside,d1,2025-08-25 20:00:00,2025-08-25 21:00:00,2025-08-25 22:00:00,2025-08-26 22:00:00,1,-0.0283060355366046,neither,,0.01550123570926809,-0.01115960122442583,0.015501872672808226,comparable
downside,d1,2025-08-25 20:00:00,2025-08-25 21:00:00,2025-08-26 03:00:00,2025-08-27 03:00:00,6,-0.0283060355366046,neither,,0.01300204423423601,-0.003560162740402162,0.02434981804574643,comparable
downside,d1,2025-08-29 13:00:00,2025-08-29 14:00:00,2025-08-29 15:00:00,2025-08-30 15:00:00,1,-0.032995676577737165,neither,,0.0044053201404195,-0.007557998683210387,0.00614877688587856,comparable
downside,d1,2025-08-29 13:00:00,2025-08-29 14:00:00,2025-08-29 20:00:00,2025-08-30 20:00:00,6,-0.032995676577737165,neither,,0.005868892457947306,-0.007745466801333478,0.006662920171843334,comparable
downside,d1,2025-09-15 08:00:00,2025-09-15 09:00:00,2025-09-15 10:00:00,2025-09-16 10:00:00,1,-0.010551078959667892,neither,,0.005233077246636242,-0.00438686233729213,0.009901489026664878,comparable
downside,d1,2025-09-15 08:00:00,2025-09-15 09:00:00,2025-09-15 15:00:00,2025-09-16 15:00:00,6,-0.010551078959667892,neither,,0.005207680847582052,-0.0025241145656659247,0.01161233931360095,comparable
downside,d1,2025-09-22 00:00:00,2025-09-22 01:00:00,2025-09-22 02:00:00,2025-09-23 02:00:00,1,-0.01088627533939257,neither,,-0.01828926217924054,-0.02247683961885416,0.00348733003519075,comparable
downside,d1,2025-09-22 00:00:00,2025-09-22 01:00:00,2025-09-22 07:00:00,2025-09-23 07:00:00,6,-0.01088627533939257,neither,,0.0014135259113641219,-0.011812955717493856,0.006026774166801863,comparable
downside,d1,2025-09-25 17:00:00,2025-09-25 18:00:00,2025-09-25 19:00:00,2025-09-26 19:00:00,1,-0.04349576268021549,neither,,-0.00012578581981204096,-0.010427015988734856,0.005284552845528534,comparable
downside,d1,2025-09-25 17:00:00,2025-09-25 18:00:00,2025-09-26 00:00:00,2025-09-27 00:00:00,6,-0.04349576268021549,neither,,0.0060648776550862316,-0.0035857881800506197,0.012234399647822691,comparable
downside,d1,2025-10-09 16:00:00,2025-10-09 17:00:00,2025-10-09 18:00:00,2025-10-10 18:00:00,1,-0.02593033674823053,neither,,-0.02785008075109674,-0.028632473194651564,0.013003628469929973,comparable
downside,d1,2025-10-09 16:00:00,2025-10-09 17:00:00,2025-10-09 23:00:00,2025-10-10 23:00:00,6,-0.02593033674823053,lower_first,21.0,-0.06365706033955487,-0.12117970864725491,0.006947361867724711,comparable
downside,d1,2025-10-10 20:00:00,2025-10-10 21:00:00,2025-10-10 22:00:00,2025-10-11 22:00:00,1,-0.05657021924031003,neither,,-0.025395615875551947,-0.0371082687361185,0.00922579908876231,comparable
downside,d1,2025-10-10 20:00:00,2025-10-10 21:00:00,2025-10-11 03:00:00,2025-10-12 03:00:00,6,-0.05657021924031003,neither,,-0.027606496171386663,-0.0322571935995406,0.0008823011189607044,comparable
downside,d1,2025-10-17 06:00:00,2025-10-17 07:00:00,2025-10-17 08:00:00,2025-10-18 08:00:00,1,-0.04435244405779881,neither,,0.010544497134053588,-0.019860751850624858,0.018582800269622446,comparable
downside,d1,2025-10-17 06:00:00,2025-10-17 07:00:00,2025-10-17 13:00:00,2025-10-18 13:00:00,6,-0.04435244405779881,neither,,0.016706819303641263,-0.007537115085241353,0.02115787675133851,comparable
downside,d1,2025-10-29 15:00:00,2025-10-29 16:00:00,2025-10-29 17:00:00,2025-10-30 17:00:00,1,-0.027219153966168474,neither,,-0.02662043443928297,-0.03425589867289813,0.008280918837166418,comparable
downside,d1,2025-10-29 15:00:00,2025-10-29 16:00:00,2025-10-29 22:00:00,2025-10-30 22:00:00,6,-0.027219153966168474,neither,,-0.0334592700543187,-0.047978495715920944,7.542408355498686e-05,comparable
downside,d1,2025-11-03 03:00:00,2025-11-03 04:00:00,2025-11-03 05:00:00,2025-11-04 05:00:00,1,-0.018852994223419683,neither,,-0.010924398332718632,-0.02427403089110347,0.003954282953817723,comparable
downside,d1,2025-11-03 03:00:00,2025-11-03 04:00:00,2025-11-03 10:00:00,2025-11-04 10:00:00,6,-0.018852994223419683,neither,,-0.03157201081226735,-0.033688691641765134,0.010592080980792007,comparable
downside,d1,2025-11-04 05:00:00,2025-11-04 06:00:00,2025-11-04 07:00:00,2025-11-05 07:00:00,1,-0.031743190329485804,lower_first,14.0,-0.024895301094999378,-0.05561640212019159,0.0022594240951441247,comparable
downside,d1,2025-11-04 05:00:00,2025-11-04 06:00:00,2025-11-04 12:00:00,2025-11-05 12:00:00,6,-0.031743190329485804,lower_first,9.0,-0.023728906939500805,-0.05409036479986562,0.0024420359603212205,comparable
downside,d1,2025-11-12 15:00:00,2025-11-12 16:00:00,2025-11-12 17:00:00,2025-11-13 17:00:00,1,-0.012397175153913365,neither,,-0.008175704989153987,-0.009081049102741101,0.025931768881877426,comparable
downside,d1,2025-11-12 15:00:00,2025-11-12 16:00:00,2025-11-12 22:00:00,2025-11-13 22:00:00,6,-0.012397175153913365,neither,,-0.03097624388839837,-0.03953359036711179,0.021115049783406725,comparable
downside,d1,2025-11-14 20:00:00,2025-11-14 21:00:00,2025-11-14 22:00:00,2025-11-15 22:00:00,1,-0.03877041492506883,neither,,0.0027717405669362982,-0.010642889855193571,0.01879731037649912,comparable
downside,d1,2025-11-14 20:00:00,2025-11-14 21:00:00,2025-11-15 03:00:00,2025-11-16 03:00:00,6,-0.03877041492506883,neither,,-0.004982175243794185,-0.016761941953783333,0.0037496261112006657,comparable
downside,d1,2025-11-17 17:00:00,2025-11-17 18:00:00,2025-11-17 19:00:00,2025-11-18 19:00:00,1,-0.017261931841138112,neither,,0.00907995010143825,-0.03518181807363474,0.014490856492086923,comparable
downside,d1,2025-11-17 17:00:00,2025-11-17 18:00:00,2025-11-18 00:00:00,2025-11-19 00:00:00,6,-0.017261931841138112,neither,,0.00883653309533261,-0.031673192139899276,0.018180120433525904,comparable
downside,d1,2025-11-20 16:00:00,2025-11-20 17:00:00,2025-11-20 18:00:00,2025-11-21 18:00:00,1,-0.022898370454608963,lower_first,13.0,-0.026744571968413622,-0.0758798603020363,0.01165549799073995,comparable
downside,d1,2025-11-20 16:00:00,2025-11-20 17:00:00,2025-11-20 23:00:00,2025-11-21 23:00:00,6,-0.022898370454608963,lower_first,8.0,-0.042736076504723775,-0.08462958796955355,0.0010832167114340763,comparable
downside,d1,2025-12-01 00:00:00,2025-12-01 01:00:00,2025-12-01 02:00:00,2025-12-02 02:00:00,1,-0.043036188337083114,neither,,-0.008359762881386401,-0.038751726203455905,0.003780642226260067,comparable
downside,d1,2025-12-01 00:00:00,2025-12-01 01:00:00,2025-12-01 07:00:00,2025-12-02 07:00:00,6,-0.043036188337083114,neither,,0.009912416758231402,-0.028205804672845725,0.013078053744393747,comparable
downside,d1,2025-12-15 15:00:00,2025-12-15 16:00:00,2025-12-15 17:00:00,2025-12-16 17:00:00,1,-0.022552460825940535,neither,,0.013870649814282654,-0.014428560000120383,0.02051602119155671,comparable
downside,d1,2025-12-15 15:00:00,2025-12-15 16:00:00,2025-12-15 22:00:00,2025-12-16 22:00:00,6,-0.022552460825940535,neither,,0.01772452608984998,-0.011225289621101586,0.022387251266617447,comparable
downside,d1,2025-12-18 19:00:00,2025-12-18 20:00:00,2025-12-18 21:00:00,2025-12-19 21:00:00,1,-0.017992323796231613,upper_first,6.0,0.04129873202119594,-0.000268972369417142,0.05703361563209697,comparable
downside,d1,2025-12-18 19:00:00,2025-12-18 20:00:00,2025-12-19 02:00:00,2025-12-20 02:00:00,6,-0.017992323796231613,upper_first,5.0,0.032514825736032815,-0.002259159776448305,0.048026026308703784,comparable
downside,d1,2025-12-23 14:00:00,2025-12-23 15:00:00,2025-12-23 16:00:00,2025-12-24 16:00:00,1,-0.0364713287189834,neither,,-0.004697191949102786,-0.011906441557555825,0.010654932669462713,comparable
downside,d1,2025-12-23 14:00:00,2025-12-23 15:00:00,2025-12-23 21:00:00,2025-12-24 21:00:00,6,-0.0364713287189834,neither,,-0.0013504795846112083,-0.01441926866828025,0.00213061210327381,comparable
downside,d1,2026-01-08 06:00:00,2026-01-08 07:00:00,2026-01-08 08:00:00,2026-01-09 08:00:00,1,-0.02992394941371257,neither,,0.002489396176540648,-0.013443491436755828,0.012567314232626137,comparable
downside,d1,2026-01-08 06:00:00,2026-01-08 07:00:00,2026-01-08 13:00:00,2026-01-09 13:00:00,6,-0.02992394941371257,neither,,0.005411098962549987,-0.007341996833955089,0.018829676245482485,comparable
downside,d1,2026-01-18 23:00:00,2026-01-19 00:00:00,2026-01-19 01:00:00,2026-01-20 01:00:00,1,-0.015523711021313336,neither,,-0.0003303181327281024,-0.006348561276225961,0.007454118045189917,comparable
downside,d1,2026-01-18 23:00:00,2026-01-19 00:00:00,2026-01-19 06:00:00,2026-01-20 06:00:00,6,-0.015523711021313336,neither,,-0.010127799945781835,-0.013733301051827018,0.009525170978262665,comparable
downside,d1,2026-01-20 05:00:00,2026-01-20 06:00:00,2026-01-20 07:00:00,2026-01-21 07:00:00,1,-0.01010228157268478,neither,,-0.014093854583516752,-0.03369022585993475,0.005870907201814379,comparable
downside,d1,2026-01-20 05:00:00,2026-01-20 06:00:00,2026-01-20 12:00:00,2026-01-21 12:00:00,6,-0.01010228157268478,neither,,-0.026808280911045035,-0.03694929165445948,0.0016688447565094133,comparable
downside,d1,2026-01-21 16:00:00,2026-01-21 17:00:00,2026-01-21 18:00:00,2026-01-22 18:00:00,1,-0.028422812021748234,neither,,0.018573452205674412,-0.0038948412226250673,0.028946525550452185,comparable
downside,d1,2026-01-21 16:00:00,2026-01-21 17:00:00,2026-01-21 23:00:00,2026-01-22 23:00:00,6,-0.028422812021748234,neither,,-0.004832612912321621,-0.014293135033868198,0.0064972241798779695,comparable
downside,d1,2026-01-25 08:00:00,2026-01-25 09:00:00,2026-01-25 10:00:00,2026-01-26 10:00:00,1,-0.01532594867885928,neither,,-0.007955256243700082,-0.025672803068264916,0.006586781776075634,comparable
downside,d1,2026-01-25 08:00:00,2026-01-25 09:00:00,2026-01-25 15:00:00,2026-01-26 15:00:00,6,-0.01532594867885928,neither,,-0.005264503833384837,-0.029021158838914318,0.0007163780737502456,comparable
downside,d1,2026-01-29 14:00:00,2026-01-29 15:00:00,2026-01-29 16:00:00,2026-01-30 16:00:00,1,-0.02947837088426175,neither,,-0.024058501526480036,-0.044584684526458584,0.00841931960140152,comparable
downside,d1,2026-01-29 14:00:00,2026-01-29 15:00:00,2026-01-29 21:00:00,2026-01-30 21:00:00,6,-0.02947837088426175,neither,,-0.003654938492018478,-0.03623134173413145,0.006601329594233762,comparable
downside,d1,2026-01-31 16:00:00,2026-01-31 17:00:00,2026-01-31 18:00:00,2026-02-01 18:00:00,1,-0.03358147065721229,neither,,-0.013886337702642693,-0.03975627599221554,0.007134153439391833,comparable
downside,d1,2026-01-31 16:00:00,2026-01-31 17:00:00,2026-01-31 23:00:00,2026-02-01 23:00:00,6,-0.03358147065721229,neither,,-0.011377172325317875,-0.022822499047503775,0.016397153605918646,comparable
downside,d1,2026-02-03 18:00:00,2026-02-03 19:00:00,2026-02-03 20:00:00,2026-02-04 20:00:00,1,-0.06955509171624819,neither,,-0.014497341065177194,-0.03783971566767319,0.027184468613879798,comparable
downside,d1,2026-02-03 18:00:00,2026-02-03 19:00:00,2026-02-04 01:00:00,2026-02-05 01:00:00,6,-0.06955509171624819,lower_first,16.0,-0.04078249822349578,-0.054152812219236846,0.014082102927370332,comparable
downside,d1,2026-02-05 15:00:00,2026-02-05 16:00:00,2026-02-05 17:00:00,2026-02-06 17:00:00,1,-0.0897974541767349,lower_first,3.0,0.02564539269273758,-0.11980436511080017,0.029728992280812827,comparable
downside,d1,2026-02-05 15:00:00,2026-02-05 16:00:00,2026-02-05 22:00:00,2026-02-06 22:00:00,6,-0.0897974541767349,upper_first,3.0,0.11479262958500569,-0.048660067965763054,0.13360316055226895,comparable
downside,d1,2026-02-16 15:00:00,2026-02-16 16:00:00,2026-02-16 17:00:00,2026-02-17 17:00:00,1,-0.022660430604503512,neither,,-0.0053630164229944155,-0.018950425072584376,0.019807393567534026,comparable
downside,d1,2026-02-16 15:00:00,2026-02-16 16:00:00,2026-02-16 22:00:00,2026-02-17 22:00:00,6,-0.022660430604503512,neither,,-0.017159699430267183,-0.03269966551859871,0.005514968983566737,comparable
downside,d1,2026-02-18 18:00:00,2026-02-18 19:00:00,2026-02-18 20:00:00,2026-02-19 20:00:00,1,-0.025547895728920134,neither,,0.013427932197628945,-0.008057152438910808,0.017398749968059013,comparable
downside,d1,2026-02-18 18:00:00,2026-02-18 19:00:00,2026-02-19 01:00:00,2026-02-20 01:00:00,6,-0.025547895728920134,neither,,0.011887333038379966,-0.012067437300074313,0.01614914801347722,comparable
downside,d1,2026-02-23 01:00:00,2026-02-23 02:00:00,2026-02-23 03:00:00,2026-02-24 03:00:00,1,-0.05460883837839048,neither,,-0.01063060589914322,-0.02077485833604431,0.028107524567411835,comparable
downside,d1,2026-02-23 01:00:00,2026-02-23 02:00:00,2026-02-23 08:00:00,2026-02-24 08:00:00,6,-0.05460883837839048,neither,,-0.0420354888166703,-0.0495151034471254,0.009800597192376914,comparable
downside,d1,2026-02-28 06:00:00,2026-02-28 07:00:00,2026-02-28 08:00:00,2026-03-01 08:00:00,1,-0.06567393810410571,upper_first,10.0,0.05204435918947059,-0.007139250963114074,0.06864693315566428,comparable
downside,d1,2026-02-28 06:00:00,2026-02-28 07:00:00,2026-02-28 13:00:00,2026-03-01 13:00:00,6,-0.06567393810410571,upper_first,5.0,0.03549976838062907,-0.0018738834868663456,0.06516797636514093,comparable
downside,d1,2026-03-07 19:00:00,2026-03-07 20:00:00,2026-03-07 21:00:00,2026-03-08 21:00:00,1,-0.015176210645310495,neither,,-0.0026189717356996933,-0.012681781951277005,0.011936493014196081,comparable
downside,d1,2026-03-07 19:00:00,2026-03-07 20:00:00,2026-03-08 02:00:00,2026-03-09 02:00:00,6,-0.015176210645310495,neither,,-0.01631694461199773,-0.02486922295826799,0.01351051930236613,comparable
downside,d1,2026-03-08 22:00:00,2026-03-08 23:00:00,2026-03-09 00:00:00,2026-03-10 00:00:00,1,-0.01519520454414014,upper_first,5.0,0.03731361383016929,-0.002268132936873779,0.05415203387692946,comparable
downside,d1,2026-03-08 22:00:00,2026-03-08 23:00:00,2026-03-09 05:00:00,2026-03-10 05:00:00,6,-0.01519520454414014,upper_first,8.0,0.043549405269913244,-0.0041584122144499025,0.05142706777285633,comparable
downside,d1,2026-03-18 14:00:00,2026-03-18 15:00:00,2026-03-18 16:00:00,2026-03-19 16:00:00,1,-0.0431491465385736,neither,,-0.028851718236330037,-0.03775211638405318,0.007837868695201422,comparable
downside,d1,2026-03-18 14:00:00,2026-03-18 15:00:00,2026-03-18 21:00:00,2026-03-19 21:00:00,6,-0.0431491465385736,neither,,-0.010361589917269098,-0.034345144821311235,0.005745673895095171,comparable
downside,d1,2026-03-27 08:00:00,2026-03-27 09:00:00,2026-03-27 10:00:00,2026-03-28 10:00:00,1,-0.030221683692970847,neither,,-0.02055603569476061,-0.03169120797274849,0.0012947496556154903,comparable
downside,d1,2026-03-27 08:00:00,2026-03-27 09:00:00,2026-03-27 15:00:00,2026-03-28 15:00:00,6,-0.030221683692970847,neither,,0.00812395601073268,-0.009882468538603972,0.014474131741052831,comparable
downside,d1,2026-04-27 15:00:00,2026-04-27 16:00:00,2026-04-27 17:00:00,2026-04-28 17:00:00,1,-0.016624520662045228,neither,,-0.0066118181305587775,-0.012647515187459879,0.011265947093969109,comparable
downside,d1,2026-04-27 15:00:00,2026-04-27 16:00:00,2026-04-27 22:00:00,2026-04-28 22:00:00,6,-0.016624520662045228,neither,,-0.005567942799543646,-0.014720161673396737,0.009143101561261746,comparable
downside,d1,2026-04-29 18:00:00,2026-04-29 19:00:00,2026-04-29 20:00:00,2026-04-30 20:00:00,1,-0.009667195219773661,neither,,0.011186210439350974,-0.003170942253103437,0.014912696479260967,comparable
downside,d1,2026-04-29 18:00:00,2026-04-29 19:00:00,2026-04-30 01:00:00,2026-05-01 01:00:00,6,-0.009667195219773661,neither,,0.002709309936790971,-0.012182973016978571,0.00573717699351084,comparable
downside,d1,2026-05-13 13:00:00,2026-05-13 14:00:00,2026-05-13 15:00:00,2026-05-14 15:00:00,1,-0.010285985658448293,neither,,0.014609769666990458,-0.013643087672279064,0.01518529199548957,comparable
downside,d1,2026-05-13 13:00:00,2026-05-13 14:00:00,2026-05-13 20:00:00,2026-05-14 20:00:00,6,-0.010285985658448293,upper_first,21.0,0.02293177757546161,-0.009118547905726082,0.030835549097515846,comparable
downside,d1,2026-05-17 23:00:00,2026-05-18 00:00:00,2026-05-18 01:00:00,2026-05-19 01:00:00,1,-0.008934843855326391,neither,,-0.0011223834702630553,-0.015215740997281957,0.007751327201282798,comparable
downside,d1,2026-05-17 23:00:00,2026-05-18 00:00:00,2026-05-18 06:00:00,2026-05-19 06:00:00,6,-0.008934843855326391,neither,,-0.0004628089197509233,-0.011529639412276915,0.011523395784354351,comparable
downside,d1,2026-05-22 19:00:00,2026-05-22 20:00:00,2026-05-22 21:00:00,2026-05-23 21:00:00,1,-0.023757513850067413,neither,,0.016876902691808304,-0.022339103953382455,0.017150447580577266,comparable
downside,d1,2026-05-22 19:00:00,2026-05-22 20:00:00,2026-05-23 02:00:00,2026-05-24 02:00:00,6,-0.023757513850067413,neither,,0.018419776316604297,-0.015980985147497906,0.02523656168242505,comparable
downside,d1,2026-05-27 13:00:00,2026-05-27 14:00:00,2026-05-27 15:00:00,2026-05-28 15:00:00,1,-0.02890997760999492,neither,,-0.026718767234543583,-0.032593968907915216,0.0064906710124756906,comparable
downside,d1,2026-05-27 13:00:00,2026-05-27 14:00:00,2026-05-27 20:00:00,2026-05-28 20:00:00,6,-0.02890997760999492,neither,,-0.021419011157564616,-0.03307455264834003,0.004761678498344191,comparable
downside,d1,2026-06-01 13:00:00,2026-06-01 14:00:00,2026-06-01 15:00:00,2026-06-02 15:00:00,1,-0.02956516575694923,lower_first,23.0,-0.0497916063529964,-0.0551596396691012,0.0038559684354881885,comparable
downside,d1,2026-06-01 13:00:00,2026-06-01 14:00:00,2026-06-01 20:00:00,2026-06-02 20:00:00,6,-0.02956516575694923,lower_first,18.0,-0.05980290070450145,-0.0723005157168587,0.0016037468225811313,comparable
downside,d1,2026-06-02 14:00:00,2026-06-02 15:00:00,2026-06-02 16:00:00,2026-06-03 16:00:00,1,-0.04976140230430237,neither,,-0.0176859537112124,-0.026881232096426455,0.012574454595241757,comparable
downside,d1,2026-06-02 14:00:00,2026-06-02 15:00:00,2026-06-02 21:00:00,2026-06-03 21:00:00,6,-0.04976140230430237,neither,,-0.03817258570338811,-0.04201032287433015,0.005028963439029921,comparable
downside,d1,2026-06-04 01:00:00,2026-06-04 02:00:00,2026-06-04 03:00:00,2026-06-05 03:00:00,1,-0.0706240939004601,neither,,-0.009538762405830403,-0.01612522416598372,0.02445339128988966,comparable
downside,d1,2026-06-04 01:00:00,2026-06-04 02:00:00,2026-06-04 08:00:00,2026-06-05 08:00:00,6,-0.0706240939004601,neither,,-0.00765736291615704,-0.038543067393387864,0.014361490553983058,comparable
downside,d1,2026-06-05 13:00:00,2026-06-05 14:00:00,2026-06-05 15:00:00,2026-06-06 15:00:00,1,-0.054484854151084505,neither,,-0.0008961158393324675,-0.028692478200954552,0.018969867981583732,comparable
downside,d1,2026-06-05 13:00:00,2026-06-05 14:00:00,2026-06-05 20:00:00,2026-06-06 20:00:00,6,-0.054484854151084505,neither,,0.0049439044233789975,-0.013534755594996839,0.028335770660182336,comparable
downside,d1,2026-06-18 15:00:00,2026-06-18 16:00:00,2026-06-18 17:00:00,2026-06-19 17:00:00,1,-0.051849887726920785,neither,,0.004862826879912907,-0.007120773298729288,0.011911721578722556,comparable
downside,d1,2026-06-18 15:00:00,2026-06-18 16:00:00,2026-06-18 22:00:00,2026-06-19 22:00:00,6,-0.051849887726920785,neither,,0.001993648247496038,-0.010232036295910407,0.007339354136199905,comparable
downside,d1,2026-06-24 13:00:00,2026-06-24 14:00:00,2026-06-24 15:00:00,2026-06-25 15:00:00,1,-0.01879017919027437,neither,,-0.026939277068706136,-0.04946034750090833,0.013937205711694434,comparable
downside,d1,2026-06-24 13:00:00,2026-06-24 14:00:00,2026-06-24 20:00:00,2026-06-25 20:00:00,6,-0.01879017919027437,upper_first,9.0,-0.010616836656109907,-0.031081890619837016,0.0335414391240445,comparable
downside,d1,2026-06-30 12:00:00,2026-06-30 13:00:00,2026-06-30 14:00:00,2026-07-01 14:00:00,1,-0.026038275809357803,neither,,0.013510678471027715,-0.01554908323807358,0.013999172425744444,comparable
downside,d1,2026-06-30 12:00:00,2026-06-30 13:00:00,2026-06-30 19:00:00,2026-07-01 19:00:00,6,-0.026038275809357803,upper_first,20.0,0.02602762338795417,-0.014723778923446118,0.03233044958805942,comparable
downside,d1,2026-07-13 03:00:00,2026-07-13 04:00:00,2026-07-13 05:00:00,2026-07-14 05:00:00,1,-0.022137646744997075,neither,,0.000753858675370811,-0.013949339611177503,0.009605350751870523,comparable
downside,d1,2026-07-13 03:00:00,2026-07-13 04:00:00,2026-07-13 10:00:00,2026-07-14 10:00:00,6,-0.022137646744997075,neither,,-0.007692698170973511,-0.020433382509240317,0.000810450673392582,comparable
downside,d1,2026-07-24 13:00:00,2026-07-24 14:00:00,2026-07-24 15:00:00,2026-07-25 15:00:00,1,-0.011393749548828103,neither,,0.0023710213159082727,-0.004086663774707122,0.004185111242513306,comparable
downside,d1,2026-07-24 13:00:00,2026-07-24 14:00:00,2026-07-24 20:00:00,2026-07-25 20:00:00,6,-0.011393749548828103,neither,,0.002570765803001418,-0.006729032089141884,0.0034859241416025366,comparable
downside,d1,2026-07-31 14:00:00,2026-07-31 15:00:00,2026-07-31 16:00:00,2026-08-01 16:00:00,1,-0.031265418361074215,neither,,0.004998901410537826,-0.00015967870090516367,0.009760200914128658,comparable
downside,d1,2026-07-31 14:00:00,2026-07-31 15:00:00,2026-07-31 21:00:00,2026-08-01 21:00:00,6,-0.031265418361074215,neither,,-0.004571298826042791,-0.010853455925762812,0.0031894150661422316,comparable
downside,d1,2026-08-10 15:00:00,2026-08-10 16:00:00,2026-08-10 17:00:00,2026-08-11 17:00:00,1,-0.014409515060915257,neither,,-0.006239300213396581,-0.007238064446295933,0.009406335229199536,comparable
downside,d1,2026-08-10 15:00:00,2026-08-10 16:00:00,2026-08-10 22:00:00,2026-08-11 22:00:00,6,-0.014409515060915257,neither,,-0.00460959499873026,-0.011769175391021514,0.00828052874839802,comparable
downside,d1,2026-09-08 13:00:00,2026-09-08 14:00:00,2026-09-08 15:00:00,2026-09-09 15:00:00,1,-0.017798762969337245,neither,,0.005133907369393675,-0.0036748799507808627,0.015458764108664091,comparable
downside,d1,2026-09-08 13:00:00,2026-09-08 14:00:00,2026-09-08 20:00:00,2026-09-09 20:00:00,6,-0.017798762969337245,neither,,-0.002780578586790816,-0.0051602887272834685,0.016868732924202545,comparable
downside,d1,2026-09-10 12:00:00,2026-09-10 13:00:00,2026-09-10 14:00:00,2026-09-11 14:00:00,1,-0.03416210019385013,neither,,0.026946003773153482,-0.014453557728029698,0.02806363910463694,comparable
downside,d1,2026-09-10 12:00:00,2026-09-10 13:00:00,2026-09-10 19:00:00,2026-09-11 19:00:00,6,-0.03416210019385013,upper_first,19.0,-0.002456004623737962,-0.0153966172275678,0.034101879966966564,comparable
downside,d1,2026-09-15 14:00:00,2026-09-15 15:00:00,2026-09-15 16:00:00,2026-09-16 16:00:00,1,-0.03349143446200353,neither,,-0.00959969240809011,-0.020629713352326773,0.010881979259778518,comparable
downside,d1,2026-09-15 14:00:00,2026-09-15 15:00:00,2026-09-15 21:00:00,2026-09-16 21:00:00,6,-0.03349143446200353,neither,,0.0030190874545563684,-0.012684068517878067,0.008251451882280492,comparable
