as_of,ticker,covariate_basis,price_source,price_control_last_date,price_control_status,close_asof_reconstructed,momentum_5,rs_spy_5,momentum_21,rs_spy_21,mean_dollar_volume_21
2026-08-17,AA,FINAL_VINTAGE_ADJUSTED_DISCOVERY_ONLY,data/yahoo/AA.parquet,2026-08-17,OBSERVED,51.709999084472656,0.003493042527024759,0.00395877173556769,0.17804338196589264,0.138516375768853,250665909.56286475
2026-08-17,ALM,FINAL_VINTAGE_ADJUSTED_DISCOVERY_ONLY,data/baskets/ohlcv/ALM.parquet,2026-08-17,OBSERVED,16.360000610351562,0.19416064511822118,0.1946263743267641,0.18809005566355097,0.14856304946651133,92222425.47437577
2026-08-17,AMR,FINAL_VINTAGE_ADJUSTED_DISCOVERY_ONLY,data/baskets/ohlcv/AMR.parquet,2026-08-17,OBSERVED,169.00999450683594,0.09882320518503196,0.09928893439357489,0.17531287148863495,0.1357858652915953,46997949.05097598
2026-08-17,ARR,FINAL_VINTAGE_ADJUSTED_DISCOVERY_ONLY,data/baskets/ohlcv/ARR.parquet,2026-08-17,OBSERVED,16.205135345458984,0.00963832542429044,0.01010405463283337,0.005383363321111334,-0.034143642875928304,57607826.392800465
2026-08-17,BG,FINAL_VINTAGE_ADJUSTED_DISCOVERY_ONLY,data/baskets/ohlcv/BG.parquet,2026-08-17,OBSERVED,114.19000244140625,0.020062162874090683,0.020527892082633614,-0.03558538923120291,-0.07511239542824255,149934266.79476783
2026-08-17,BIIB,FINAL_VINTAGE_ADJUSTED_DISCOVERY_ONLY,data/baskets/ohlcv/BIIB.parquet,2026-08-17,OBSERVED,209.14999389648438,0.009752276184296527,0.010218005392839458,0.015340493805779287,-0.02418651239126035,198144509.0749105
2026-08-17,BNY,FINAL_VINTAGE_ADJUSTED_DISCOVERY_ONLY,data/baskets/ohlcv/BNY.parquet,2026-08-17,OBSERVED,164.27000427246094,0.030358225045662435,0.030823954254205366,0.04960120785656641,0.010074201659526771,445482117.405628
2026-08-17,BWA,FINAL_VINTAGE_ADJUSTED_DISCOVERY_ONLY,data/yahoo/BWA.parquet,2026-08-17,OBSERVED,69.71479034423828,0.00894915624039383,0.00941488544893676,0.119474652895313,0.07994764669827337,147386686.18307567
2026-08-17,BXMT,FINAL_VINTAGE_ADJUSTED_DISCOVERY_ONLY,data/baskets/ohlcv/BXMT.parquet,2026-08-17,OBSERVED,13.696311950683594,0.004940023200573629,0.00540575240911656,-0.1662763237640109,-0.20580332996105055,38056838.1612369
2026-08-17,CAR,FINAL_VINTAGE_ADJUSTED_DISCOVERY_ONLY,data/yahoo/CAR.parquet,2026-08-17,OBSERVED,141.3000030517578,0.019406986722178443,0.019872715930721374,-0.12000998563543341,-0.15953699183247305,74550286.24696277
2026-08-17,CAVA,FINAL_VINTAGE_ADJUSTED_DISCOVERY_ONLY,data/yahoo/CAVA.parquet,2026-08-17,OBSERVED,71.0199966430664,0.15329643603958365,0.15376216524812658,0.03151776640577508,-0.008009239791264555,269081922.3902021
2026-08-17,CE,FINAL_VINTAGE_ADJUSTED_DISCOVERY_ONLY,data/yahoo/CE.parquet,2026-08-17,OBSERVED,44.9900016784668,0.011920886300225808,0.012386615508768739,-0.014870422254271376,-0.054397428451311014,91964402.86149524
2026-08-17,CELH,FINAL_VINTAGE_ADJUSTED_DISCOVERY_ONLY,data/yahoo/CELH.parquet,2026-08-17,OBSERVED,29.950000762939453,0.10069833776769133,0.10116406697623426,0.03311490166956488,-0.00641210452747476,357428132.70513445
2026-08-17,CIEN,FINAL_VINTAGE_ADJUSTED_DISCOVERY_ONLY,data/baskets/ohlcv/CIEN.parquet,2026-08-17,OBSERVED,445.17999267578125,0.14825890807054143,0.14872463727908436,0.18901735616428428,0.14949034996724464,858918433.2609631
2026-08-17,CVCO,FINAL_VINTAGE_ADJUSTED_DISCOVERY_ONLY,data/baskets/ohlcv/CVCO.parquet,2026-08-17,OBSERVED,599.97998046875,0.02882521057532461,0.029290939783867542,0.059623488242038114,0.020096482044998476,71490348.09105283
2026-08-17,CWEN,FINAL_VINTAGE_ADJUSTED_DISCOVERY_ONLY,data/yahoo/CWEN.parquet,2026-08-17,OBSERVED,33.639095306396484,0.03328297932024893,0.03374870852879186,0.022149127840057625,-0.017377878356982013,37241592.767933436
2026-08-17,DAR,FINAL_VINTAGE_ADJUSTED_DISCOVERY_ONLY,data/yahoo/DAR.parquet,2026-08-17,OBSERVED,67.66999816894531,0.07703320383317869,0.07749893304172162,0.07242471957742591,0.03289771338038627,133579793.22771345
2026-08-17,DIOD,FINAL_VINTAGE_ADJUSTED_DISCOVERY_ONLY,data/baskets/ohlcv/DIOD.parquet,2026-08-17,OBSERVED,107.55999755859375,0.0655834649997189,0.06604919420826183,0.2360377121108972,0.19651070591385755,60027307.63248262
2026-08-17,DKNG,FINAL_VINTAGE_ADJUSTED_DISCOVERY_ONLY,data/baskets/ohlcv/DKNG.parquet,2026-08-17,OBSERVED,25.299999237060547,0.04243917428387989,0.04290490349242282,0.014434590829752514,-0.025092415367287124,325715656.6146487
2026-08-17,DXYZ,FINAL_VINTAGE_ADJUSTED_DISCOVERY_ONLY,data/yahoo/DXYZ.parquet,2026-08-17,OBSERVED,34.0,0.2815680030160983,0.28203373222464123,0.30920296106886136,0.2696759548718217,33506195.112164814
2026-08-17,ECPG,FINAL_VINTAGE_ADJUSTED_DISCOVERY_ONLY,data/baskets/ohlcv/ECPG.parquet,2026-08-17,OBSERVED,103.68000030517578,0.09228826701659631,0.09275399622513925,0.13522389386312006,0.09569688766608042,38042396.54377528
2026-08-17,EQIX,FINAL_VINTAGE_ADJUSTED_DISCOVERY_ONLY,data/baskets/ohlcv/EQIX.parquet,2026-08-17,OBSERVED,1092.390380859375,0.051975243580871355,0.052440972789414286,0.07608814463020841,0.03656113843316877,644590343.5578846
2026-08-17,ETR,FINAL_VINTAGE_ADJUSTED_DISCOVERY_ONLY,data/baskets/ohlcv/ETR.parquet,2026-08-17,OBSERVED,108.5199966430664,0.03329688494100713,0.03376261414955006,-0.03596058806138924,-0.07548759425842888,282761461.0577538
2026-08-17,EW,FINAL_VINTAGE_ADJUSTED_DISCOVERY_ONLY,data/baskets/ohlcv/EW.parquet,2026-08-17,OBSERVED,90.80999755859375,-0.013256560218248947,-0.012790831009706016,0.059255733147586476,0.019728726950546838,379626931.5830049
2026-08-17,FANG,FINAL_VINTAGE_ADJUSTED_DISCOVERY_ONLY,data/baskets/ohlcv/FANG.parquet,2026-08-17,OBSERVED,206.2899932861328,0.04249923987600823,0.04296496908455116,0.06078586884829651,0.02125886265125687,353887968.28402567
2026-08-17,FDX,FINAL_VINTAGE_ADJUSTED_DISCOVERY_ONLY,data/baskets/ohlcv/FDX.parquet,2026-08-17,OBSERVED,330.1937561035156,0.019718267647713894,0.020183996856256825,0.059141168553074275,0.019614162356034637,496122768.37754023
2026-08-17,FORM,FINAL_VINTAGE_ADJUSTED_DISCOVERY_ONLY,data/baskets/ohlcv/FORM.parquet,2026-08-17,OBSERVED,138.16000366210938,0.22841648584135799,0.22888221504990092,0.3087051630339537,0.26917815683691404,146839383.75058857
2026-08-17,FTI,FINAL_VINTAGE_ADJUSTED_DISCOVERY_ONLY,data/yahoo/FTI.parquet,2026-08-17,OBSERVED,79.75999450683594,0.07662209534637521,0.07708782455491814,0.10739551256133062,0.06786850636429098,253312040.28966993
2026-08-17,GLXY,FINAL_VINTAGE_ADJUSTED_DISCOVERY_ONLY,data/baskets/ohlcv/GLXY.parquet,2026-08-17,OBSERVED,21.8700008392334,0.12038936098154962,0.12085509019009255,0.011095778445619375,-0.028431227751420263,141057000.87932405
2026-08-17,GO,FINAL_VINTAGE_ADJUSTED_DISCOVERY_ONLY,data/baskets/ohlcv/GO.parquet,2026-08-17,OBSERVED,11.489999771118164,0.16887078945024703,0.16933651865878996,0.21716104680712545,0.1776340406100858,28055686.925751824
2026-08-17,HAL,FINAL_VINTAGE_ADJUSTED_DISCOVERY_ONLY,data/baskets/ohlcv/HAL.parquet,2026-08-17,OBSERVED,34.56956481933594,0.032402020281651955,0.032867749490194886,-0.01391253006916926,-0.0534395362662089,403663988.4880974
2026-08-17,HTLD,FINAL_VINTAGE_ADJUSTED_DISCOVERY_ONLY,data/baskets/ohlcv/HTLD.parquet,2026-08-17,OBSERVED,12.797449111938477,0.09106376598735388,0.09152949519589682,-0.16699160523127188,-0.20651861142831152,10219919.029158637
2026-08-17,HZO,FINAL_VINTAGE_ADJUSTED_DISCOVERY_ONLY,data/baskets/ohlcv/HZO.parquet,2026-08-17,OBSERVED,52.25,0.0024942645966883337,0.0029599938052312647,0.5136152754090937,0.47408826921205405,41341106.558463685
2026-08-17,IONQ,FINAL_VINTAGE_ADJUSTED_DISCOVERY_ONLY,data/baskets/ohlcv/IONQ.parquet,2026-08-17,OBSERVED,46.84000015258789,0.10134026562420395,0.10180599483274688,0.3467510579807682,0.3072240517837286,817487102.6394799
2026-08-17,IREN,FINAL_VINTAGE_ADJUSTED_DISCOVERY_ONLY,data/baskets/ohlcv/IREN.parquet,2026-08-17,OBSERVED,44.900001525878906,0.15900876563038668,0.15947449483892961,0.33551466247360096,0.2959876562765613,1938468764.0605745
2026-08-17,JBL,FINAL_VINTAGE_ADJUSTED_DISCOVERY_ONLY,data/baskets/ohlcv/JBL.parquet,2026-08-17,OBSERVED,369.8900146484375,0.09904029711173301,0.09950602632027594,0.22909516076121306,0.18956815456417342,344249332.25315636
2026-08-17,JNJ,FINAL_VINTAGE_ADJUSTED_DISCOVERY_ONLY,data/baskets/ohlcv/JNJ.parquet,2026-08-17,OBSERVED,261.0823669433594,0.0021389529930524454,0.0026046822015953763,0.0368716997246914,-0.00265530647234824,1852845655.3295317
2026-08-17,KMI,FINAL_VINTAGE_ADJUSTED_DISCOVERY_ONLY,data/baskets/ohlcv/KMI.parquet,2026-08-17,OBSERVED,32.33000183105469,0.029945920983873497,0.03041165019241643,0.010284495796260673,-0.029242510400778965,331326779.85076904
2026-08-17,LAC,FINAL_VINTAGE_ADJUSTED_DISCOVERY_ONLY,data/baskets/ohlcv/LAC.parquet,2026-08-17,OBSERVED,3.1500000953674316,-0.030769201425405623,-0.030303472216862692,0.06779662523760033,0.02826961904056069,27953867.87581671
2026-08-17,LBRT,FINAL_VINTAGE_ADJUSTED_DISCOVERY_ONLY,data/baskets/ohlcv/LBRT.parquet,2026-08-17,OBSERVED,22.14178466796875,0.05253197805623255,0.052997707264775484,-0.06711414951137629,-0.10664115570841592,112837151.21185666
2026-08-17,LFUS,FINAL_VINTAGE_ADJUSTED_DISCOVERY_ONLY,data/yahoo/LFUS.parquet,2026-08-17,OBSERVED,470.90020751953125,0.03653506353643721,0.03700079274498014,0.18619740767825932,0.14667040148121968,143076304.8415411
2026-08-17,LNTH,FINAL_VINTAGE_ADJUSTED_DISCOVERY_ONLY,data/baskets/ohlcv/LNTH.parquet,2026-08-17,OBSERVED,100.91000366210938,-0.0006932035303741646,-0.00022747432183123362,-0.06208748864348379,-0.10161449484052343,191867010.06051928
2026-08-17,LUNR,FINAL_VINTAGE_ADJUSTED_DISCOVERY_ONLY,data/baskets/ohlcv/LUNR.parquet,2026-08-17,OBSERVED,20.3799991607666,0.29150820694781365,0.2919739361563566,0.5073963365928491,0.46786933039580947,168842091.34508315
2026-08-17,MPWR,FINAL_VINTAGE_ADJUSTED_DISCOVERY_ONLY,data/baskets/ohlcv/MPWR.parquet,2026-08-17,OBSERVED,1413.9014892578125,0.025262443610340357,0.025728172818883288,0.0792606111114631,0.03973360491442346,1133378099.797712
2026-08-17,MTDR,FINAL_VINTAGE_ADJUSTED_DISCOVERY_ONLY,data/yahoo/MTDR.parquet,2026-08-17,OBSERVED,55.939998626708984,0.07103195705511212,0.07149768626365505,0.04778592044825691,0.008258914251217275,115159548.11270578
2026-08-17,MTSI,FINAL_VINTAGE_ADJUSTED_DISCOVERY_ONLY,data/yahoo/MTSI.parquet,2026-08-17,OBSERVED,327.5299987792969,0.10268323107209953,0.10314896028064247,0.22505242640784262,0.18552542021080298,401935090.10525656
2026-08-17,NNE,FINAL_VINTAGE_ADJUSTED_DISCOVERY_ONLY,data/baskets/ohlcv/NNE.parquet,2026-08-17,OBSERVED,19.59000015258789,0.05492732765353603,0.05539305686207896,0.2220835504335441,0.18255654423650447,35272557.0529302
2026-08-17,NVT,FINAL_VINTAGE_ADJUSTED_DISCOVERY_ONLY,data/baskets/ohlcv/NVT.parquet,2026-08-17,OBSERVED,177.2100067138672,0.09166515563955269,0.09213088484809562,0.1453956537309029,0.10586864753386327,335040664.1667684
2026-08-17,OKE,FINAL_VINTAGE_ADJUSTED_DISCOVERY_ONLY,data/baskets/ohlcv/OKE.parquet,2026-08-17,OBSERVED,95.31999969482422,0.05512512241319256,0.05559085162173549,0.03140004793030804,-0.008126958266731599,346624848.3673096
2026-08-17,ORA,FINAL_VINTAGE_ADJUSTED_DISCOVERY_ONLY,data/baskets/ohlcv/ORA.parquet,2026-08-17,OBSERVED,113.7853775024414,0.019785193894941155,0.020250923103484086,0.08796574143855107,0.04843873524151143,91318991.91803706
2026-08-17,PL,FINAL_VINTAGE_ADJUSTED_DISCOVERY_ONLY,data/baskets/ohlcv/PL.parquet,2026-08-17,OBSERVED,24.3799991607666,0.0554112016519126,0.05587693086045553,0.08500222099592802,0.045475214798888386,136853211.61816007
2026-08-17,PPC,FINAL_VINTAGE_ADJUSTED_DISCOVERY_ONLY,data/yahoo/PPC.parquet,2026-08-17,OBSERVED,28.770000457763672,0.08525085663408016,0.0857165858426231,-0.011679840105086936,-0.051206846302126574,43946887.34191713
2026-08-17,PWR,FINAL_VINTAGE_ADJUSTED_DISCOVERY_ONLY,data/baskets/ohlcv/PWR.parquet,2026-08-17,OBSERVED,722.1863403320312,0.09298495539678076,0.09345068460532369,0.14920523582146328,0.10967822962442364,737185149.47161
2026-08-17,RDDT,FINAL_VINTAGE_ADJUSTED_DISCOVERY_ONLY,data/yahoo/RDDT.parquet,2026-08-17,OBSERVED,164.5,0.03641632267416428,0.03688205188270721,-0.09206310492367575,-0.1315901111207154,1385864555.2847726
2026-08-17,RKLB,FINAL_VINTAGE_ADJUSTED_DISCOVERY_ONLY,data/baskets/ohlcv/RKLB.parquet,2026-08-17,OBSERVED,82.08000183105469,0.025487267518653933,0.025952996727196864,0.21384203633744403,0.1743150301404044,1405896583.634749
2026-08-17,SGML,FINAL_VINTAGE_ADJUSTED_DISCOVERY_ONLY,data/baskets/ohlcv/SGML.parquet,2026-08-17,OBSERVED,11.430000305175781,-0.028061217456067378,-0.027595488247524447,0.11403509261144085,0.07450808641440121,19200589.191568464
2026-08-17,SM,FINAL_VINTAGE_ADJUSTED_DISCOVERY_ONLY,data/baskets/ohlcv/SM.parquet,2026-08-17,OBSERVED,35.272403717041016,0.11712848371368345,0.11759421292222638,0.13282250166787946,0.09329549547083982,118716880.0317946
2026-08-17,SWX,FINAL_VINTAGE_ADJUSTED_DISCOVERY_ONLY,data/baskets/ohlcv/SWX.parquet,2026-08-17,OBSERVED,91.26000213623047,0.014798254479583495,0.015263983688126426,-0.0017365412834565719,-0.04126354748049621,42518716.06078375
2026-08-17,TEM,FINAL_VINTAGE_ADJUSTED_DISCOVERY_ONLY,data/baskets/ohlcv/TEM.parquet,2026-08-17,OBSERVED,51.63999938964844,-0.06211409186963046,-0.06164836266108753,-0.015818597517531452,-0.05534560371457109,238377210.63759214
2026-08-17,TGTX,FINAL_VINTAGE_ADJUSTED_DISCOVERY_ONLY,data/baskets/ohlcv/TGTX.parquet,2026-08-17,OBSERVED,49.279998779296875,0.0024409872306190294,0.0029067164391619604,-0.10187716897037447,-0.1414041751674141,112009309.98860314
2026-08-17,TKO,FINAL_VINTAGE_ADJUSTED_DISCOVERY_ONLY,data/baskets/ohlcv/TKO.parquet,2026-08-17,OBSERVED,194.34420776367188,0.030197428579401553,0.030663157787944484,0.054070017693156336,0.014543011496116698,200398076.69830322
2026-08-17,TMUS,FINAL_VINTAGE_ADJUSTED_DISCOVERY_ONLY,data/baskets/ohlcv/TMUS.parquet,2026-08-17,OBSERVED,179.08639526367188,0.010774405612918647,0.011240134821461578,-0.0639713367985979,-0.10349834299563754,876790218.6096919
2026-08-17,UCB,FINAL_VINTAGE_ADJUSTED_DISCOVERY_ONLY,data/baskets/ohlcv/UCB.parquet,2026-08-17,OBSERVED,36.360816955566406,0.0347458048469218,0.03521153405546473,0.004938360114413065,-0.03458864608262657,33288812.644904
2026-08-17,VNOM,FINAL_VINTAGE_ADJUSTED_DISCOVERY_ONLY,data/yahoo/VNOM.parquet,2026-08-17,OBSERVED,43.04999923706055,0.03242912564123723,0.032894854849780164,-0.014330305627243134,-0.05385731182428277,66679746.02441333
2026-08-17,XEL,FINAL_VINTAGE_ADJUSTED_DISCOVERY_ONLY,data/baskets/ohlcv/XEL.parquet,2026-08-17,OBSERVED,78.57662200927734,0.03044100619323431,0.03090673540177724,0.00558592944492009,-0.03394107675211955,355825327.037339
2026-08-18,AEE,FINAL_VINTAGE_ADJUSTED_DISCOVERY_ONLY,data/baskets/ohlcv/AEE.parquet,2026-08-18,OBSERVED,108.89745330810547,0.01715822092391517,0.02119424466711839,-0.006792281048407234,-0.040966029919434876,164331970.40074667
2026-08-18,AIN,FINAL_VINTAGE_ADJUSTED_DISCOVERY_ONLY,data/baskets/ohlcv/AIN.parquet,2026-08-18,OBSERVED,62.403175354003906,-0.00476039711711429,-0.0007243733739110692,-0.16440179650402353,-0.19857554537505118,21104640.648760114
2026-08-18,AKR,FINAL_VINTAGE_ADJUSTED_DISCOVERY_ONLY,data/baskets/ohlcv/AKR.parquet,2026-08-18,OBSERVED,20.83072853088379,0.021348790397622164,0.025384814140825385,-0.05858676916849326,-0.0927605180395209,28499825.01532237
2026-08-18,AM,FINAL_VINTAGE_ADJUSTED_DISCOVERY_ONLY,data/yahoo/AM.parquet,2026-08-18,OBSERVED,22.690000534057617,0.026696839022798846,0.030732862766002067,0.014476903011631848,-0.019696845859395795,54521531.08109973
2026-08-18,ANDE,FINAL_VINTAGE_ADJUSTED_DISCOVERY_ONLY,data/baskets/ohlcv/ANDE.parquet,2026-08-18,OBSERVED,68.65038299560547,0.07425903509958465,0.07829505884278787,-0.11240013920438063,-0.14657388807540828,24376756.44356864
2026-08-18,ARR,FINAL_VINTAGE_ADJUSTED_DISCOVERY_ONLY,data/baskets/ohlcv/ARR.parquet,2026-08-18,OBSERVED,16.126373291015625,-0.00310416308275574,0.0009318606604474811,0.013308168210183657,-0.020865580660843985,57088953.297378905
2026-08-18,ARW,FINAL_VINTAGE_ADJUSTED_DISCOVERY_ONLY,data/yahoo/ARW.parquet,2026-08-18,OBSERVED,213.50999450683594,0.03409693052022367,0.03813295426342689,0.03842222592788924,0.004248477056861599,133409013.1039574
2026-08-18,BG,FINAL_VINTAGE_ADJUSTED_DISCOVERY_ONLY,data/baskets/ohlcv/BG.parquet,2026-08-18,OBSERVED,114.36000061035156,0.031192388653205505,0.035228412396408726,-0.044891104581898045,-0.07906485345292569,148385682.65206474
2026-08-18,BIIB,FINAL_VINTAGE_ADJUSTED_DISCOVERY_ONLY,data/baskets/ohlcv/BIIB.parquet,2026-08-18,OBSERVED,212.5500030517578,0.04247390106446303,0.04650992480766625,0.06301578542547914,0.0288420365544515,196002501.45852226
2026-08-18,BKU,FINAL_VINTAGE_ADJUSTED_DISCOVERY_ONLY,data/baskets/ohlcv/BKU.parquet,2026-08-18,OBSERVED,47.779998779296875,0.01659571870844423,0.02063174245164745,-0.005619156338204978,-0.03979290520923262,43022007.99128214
2026-08-18,BRX,FINAL_VINTAGE_ADJUSTED_DISCOVERY_ONLY,data/yahoo/BRX.parquet,2026-08-18,OBSERVED,29.289098739624023,0.00033770361153306894,0.00437372735473629,-0.0866481758983112,-0.12082192476933884,72186301.0879335
2026-08-18,CAVA,FINAL_VINTAGE_ADJUSTED_DISCOVERY_ONLY,data/yahoo/CAVA.parquet,2026-08-18,OBSERVED,68.23999786376953,0.12218379086802522,0.12621981461122844,0.07447645516048795,0.04030270628946031,262639398.19359553
2026-08-18,CC,FINAL_VINTAGE_ADJUSTED_DISCOVERY_ONLY,data/baskets/ohlcv/CC.parquet,2026-08-18,OBSERVED,15.420000076293945,0.04793501147676715,0.051971035219970374,-0.0972387828204132,-0.13141253169144085,47588755.370212734
2026-08-18,CELH,FINAL_VINTAGE_ADJUSTED_DISCOVERY_ONLY,data/yahoo/CELH.parquet,2026-08-18,OBSERVED,29.899999618530273,0.06443572289463417,0.0684717466378374,0.01631541607721143,-0.017858332793816212,360996458.41595787
2026-08-18,COLL,FINAL_VINTAGE_ADJUSTED_DISCOVERY_ONLY,data/baskets/ohlcv/COLL.parquet,2026-08-18,OBSERVED,28.5,0.09699770986011158,0.1010337336033148,-0.19808668357269466,-0.2322604324437223,20030344.865181334
2026-08-18,CVS,FINAL_VINTAGE_ADJUSTED_DISCOVERY_ONLY,data/baskets/ohlcv/CVS.parquet,2026-08-18,OBSERVED,94.91000366210938,0.01508025307068861,0.01911627681389183,-0.1125584378915091,-0.14673218676253674,842774571.2277367
2026-08-18,DUK,FINAL_VINTAGE_ADJUSTED_DISCOVERY_ONLY,data/baskets/ohlcv/DUK.parquet,2026-08-18,OBSERVED,123.98999786376953,0.015343278084162248,0.01937930182736547,-0.006117244235503194,-0.04029099310653084,579265853.75893
2026-08-18,ED,FINAL_VINTAGE_ADJUSTED_DISCOVERY_ONLY,data/baskets/ohlcv/ED.parquet,2026-08-18,OBSERVED,108.27200317382812,0.015441893159930498,0.01947791690313372,-0.01701936928085268,-0.051193118151880324,257555849.26899502
2026-08-18,EGP,FINAL_VINTAGE_ADJUSTED_DISCOVERY_ONLY,data/yahoo/EGP.parquet,2026-08-18,OBSERVED,200.4241485595703,0.0026781857253554975,0.006714209468558718,-0.08603072621363983,-0.12020447508466747,108679722.32106526
2026-08-18,EIX,FINAL_VINTAGE_ADJUSTED_DISCOVERY_ONLY,data/baskets/ohlcv/EIX.parquet,2026-08-18,OBSERVED,73.69000244140625,0.05437119881160912,0.058407222554812344,-0.04608411079085761,-0.08025785966188526,250767803.12096733
2026-08-18,ESE,FINAL_VINTAGE_ADJUSTED_DISCOVERY_ONLY,data/baskets/ohlcv/ESE.parquet,2026-08-18,OBSERVED,306.38751220703125,0.037473310630878665,0.041509334374081885,-0.04621408579745534,-0.08038783466848298,61648639.11263602
2026-08-18,EXC,FINAL_VINTAGE_ADJUSTED_DISCOVERY_ONLY,data/baskets/ohlcv/EXC.parquet,2026-08-18,OBSERVED,44.88264465332031,0.009806153048630861,0.013842176791834082,-0.014142693176472765,-0.04831644204750041,361605259.3584878
2026-08-18,EZPW,FINAL_VINTAGE_ADJUSTED_DISCOVERY_ONLY,data/yahoo/EZPW.parquet,2026-08-18,OBSERVED,29.170000076293945,0.08157214753246578,0.085608171275669,-0.08729659224346453,-0.12147034111449218,29910146.382595245
2026-08-18,GNW,FINAL_VINTAGE_ADJUSTED_DISCOVERY_ONLY,data/baskets/ohlcv/GNW.parquet,2026-08-18,OBSERVED,10.079999923706055,0.02962205954882724,0.03365808329203046,-0.0019802432681454984,-0.03615399213917314,27428429.829561144
2026-08-18,GO,FINAL_VINTAGE_ADJUSTED_DISCOVERY_ONLY,data/baskets/ohlcv/GO.parquet,2026-08-18,OBSERVED,11.0600004196167,0.1251272131695924,0.12916323691279563,0.1918104243388381,0.15763667546781046,28407820.631653924
2026-08-18,GTY,FINAL_VINTAGE_ADJUSTED_DISCOVERY_ONLY,data/baskets/ohlcv/GTY.parquet,2026-08-18,OBSERVED,32.436553955078125,0.02136230319923138,0.0253983269424346,-0.08640263640598866,-0.1205763852770163,15422134.424091522
2026-08-18,HWM,FINAL_VINTAGE_ADJUSTED_DISCOVERY_ONLY,data/baskets/ohlcv/HWM.parquet,2026-08-18,OBSERVED,292.6499938964844,0.040200461028692125,0.044236484771895346,0.07651841605472165,0.04234466718369401,608538478.5217285
2026-08-18,IART,FINAL_VINTAGE_ADJUSTED_DISCOVERY_ONLY,data/baskets/ohlcv/IART.parquet,2026-08-18,OBSERVED,17.549999237060547,0.010362601561917595,0.014398625305120816,-0.07093701407540542,-0.10511076294643307,15659042.201505389
2026-08-18,IBOC,FINAL_VINTAGE_ADJUSTED_DISCOVERY_ONLY,data/baskets/ohlcv/IBOC.parquet,2026-08-18,OBSERVED,72.61000061035156,0.018035776747788113,0.022071800490991333,-0.036150564527857365,-0.07032431339888501,22806142.115892682
2026-08-18,JNJ,FINAL_VINTAGE_ADJUSTED_DISCOVERY_ONLY,data/baskets/ohlcv/JNJ.parquet,2026-08-18,OBSERVED,269.7794494628906,0.04353345973591449,0.04756948347911771,0.0895827533970528,0.05540900452602515,1857864455.224246
2026-08-18,KDP,FINAL_VINTAGE_ADJUSTED_DISCOVERY_ONLY,data/baskets/ohlcv/KDP.parquet,2026-08-18,OBSERVED,30.56835174560547,0.0551748312154281,0.05921085495863132,0.011498039690894801,-0.02267570918013284,395330048.10362315
2026-08-18,KMI,FINAL_VINTAGE_ADJUSTED_DISCOVERY_ONLY,data/baskets/ohlcv/KMI.parquet,2026-08-18,OBSERVED,32.869998931884766,0.04415500031324626,0.04819102405644948,0.0183312490057983,-0.015842499865229343,336292484.9210103
2026-08-18,LBRT,FINAL_VINTAGE_ADJUSTED_DISCOVERY_ONLY,data/baskets/ohlcv/LBRT.parquet,2026-08-18,OBSERVED,21.195981979370117,-0.008845365574818964,-0.004809341831615743,-0.11549638877538004,-0.14967013764640769,111740211.27454667
2026-08-18,LEA,FINAL_VINTAGE_ADJUSTED_DISCOVERY_ONLY,data/yahoo/LEA.parquet,2026-08-18,OBSERVED,123.1378173828125,0.01615684804967432,0.020192871792877543,-0.1160102617805635,-0.15018401065159115,96186982.97896612
2026-08-18,LIVN,FINAL_VINTAGE_ADJUSTED_DISCOVERY_ONLY,data/baskets/ohlcv/LIVN.parquet,2026-08-18,OBSERVED,79.86000061035156,0.016289116180588037,0.020325139923791258,0.008206053950154946,-0.025967694920872697,55607507.73155576
2026-08-18,NBHC,FINAL_VINTAGE_ADJUSTED_DISCOVERY_ONLY,data/baskets/ohlcv/NBHC.parquet,2026-08-18,OBSERVED,42.65610122680664,-0.004630560578227194,-0.0005945368350239733,-0.06053313498909774,-0.09470688386012538,20503372.686204456
2026-08-18,NBIS,FINAL_VINTAGE_ADJUSTED_DISCOVERY_ONLY,data/baskets/ohlcv/NBIS.parquet,2026-08-18,OBSERVED,248.42999267578125,0.285669917552946,0.28970594129614924,0.360365783146382,0.32619203427535437,5715995838.383339
2026-08-18,NNN,FINAL_VINTAGE_ADJUSTED_DISCOVERY_ONLY,data/yahoo/NNN.parquet,2026-08-18,OBSERVED,45.83000183105469,0.010138922415681373,0.014174946158884594,-0.05094130448074485,-0.0851150533517725,64313033.62866356
2026-08-18,PCG,FINAL_VINTAGE_ADJUSTED_DISCOVERY_ONLY,data/baskets/ohlcv/PCG.parquet,2026-08-18,OBSERVED,17.74684715270996,0.030057850438195866,0.034093874181399086,0.02237522176558482,-0.011798527105442824,454095958.10312545
2026-08-18,PEB,FINAL_VINTAGE_ADJUSTED_DISCOVERY_ONLY,data/baskets/ohlcv/PEB.parquet,2026-08-18,OBSERVED,18.290218353271484,0.02866768524985619,0.03270370899305941,-0.05230452068914737,-0.08647826956017501,41578951.76894778
2026-08-18,PL,FINAL_VINTAGE_ADJUSTED_DISCOVERY_ONLY,data/baskets/ohlcv/PL.parquet,2026-08-18,OBSERVED,23.360000610351562,-0.014345997537669297,-0.010309973794466076,0.0546275852216731,0.02045383635064546,133924121.96037656
2026-08-18,PRKS,FINAL_VINTAGE_ADJUSTED_DISCOVERY_ONLY,data/baskets/ohlcv/PRKS.parquet,2026-08-18,OBSERVED,45.029998779296875,0.020163103805052485,0.024199127548255706,0.010094143781051113,-0.02407960508997653,31582605.97681318
2026-08-18,RBLX,FINAL_VINTAGE_ADJUSTED_DISCOVERY_ONLY,data/baskets/ohlcv/RBLX.parquet,2026-08-18,OBSERVED,37.66999816894531,0.040033045261560485,0.044069069004763706,-0.29258219401041663,-0.3267559428814443,593943412.078149
2026-08-18,REG,FINAL_VINTAGE_ADJUSTED_DISCOVERY_ONLY,data/baskets/ohlcv/REG.parquet,2026-08-18,OBSERVED,75.42618560791016,0.004880034558991664,0.008916058302194885,-0.07243721336946163,-0.10661096224048927,109258261.61538987
2026-08-18,RHP,FINAL_VINTAGE_ADJUSTED_DISCOVERY_ONLY,data/baskets/ohlcv/RHP.parquet,2026-08-18,OBSERVED,124.85057830810547,0.03293191779045035,0.03696794153365357,-0.013766123375910322,-0.047939872246937965,117585526.71650478
2026-08-18,RSG,FINAL_VINTAGE_ADJUSTED_DISCOVERY_ONLY,data/baskets/ohlcv/RSG.parquet,2026-08-18,OBSERVED,216.26766967773438,0.008787421024101683,0.012823444767304903,-0.01614293228087349,-0.05031668115190113,297503827.7696882
2026-08-18,SNX,FINAL_VINTAGE_ADJUSTED_DISCOVERY_ONLY,data/yahoo/SNX.parquet,2026-08-18,OBSERVED,259.79998779296875,0.022834597610113194,0.026870621353316415,0.08912549302092998,0.05495174414990234,174947673.90659878
2026-08-18,SO,FINAL_VINTAGE_ADJUSTED_DISCOVERY_ONLY,data/baskets/ohlcv/SO.parquet,2026-08-18,OBSERVED,92.06999969482422,0.009902616585106605,0.013938640328309826,-0.017253322240738833,-0.051427071111766476,499161878.2707941
2026-08-18,SPNT,FINAL_VINTAGE_ADJUSTED_DISCOVERY_ONLY,data/baskets/ohlcv/SPNT.parquet,2026-08-18,OBSERVED,23.549999237060547,0.044345899504799835,0.048381923248003056,-0.04501219047931382,-0.07918593935034146,16683373.899804978
2026-08-18,SPOT,FINAL_VINTAGE_ADJUSTED_DISCOVERY_ONLY,data/yahoo/SPOT.parquet,2026-08-18,OBSERVED,516.280029296875,0.030499060472804373,0.034535084216007594,0.04866757721848436,0.014493828347456716,1028620005.7096936
2026-08-18,SWX,FINAL_VINTAGE_ADJUSTED_DISCOVERY_ONLY,data/baskets/ohlcv/SWX.parquet,2026-08-18,OBSERVED,91.70999908447266,0.009215125062831397,0.013251148806034618,0.006794679972876638,-0.027379068898151004,42241573.303295314
2026-08-18,TMUS,FINAL_VINTAGE_ADJUSTED_DISCOVERY_ONLY,data/baskets/ohlcv/TMUS.parquet,2026-08-18,OBSERVED,181.70130920410156,0.0233508876563433,0.02738691139954652,-0.06588635969453449,-0.10006010856556213,882197217.518543
2026-08-18,TRGP,FINAL_VINTAGE_ADJUSTED_DISCOVERY_ONLY,data/baskets/ohlcv/TRGP.parquet,2026-08-18,OBSERVED,297.7699890136719,0.12175541653934241,0.12579144028254563,0.05954872577165715,0.02537497690062951,326376983.06288946
2026-08-18,UGI,FINAL_VINTAGE_ADJUSTED_DISCOVERY_ONLY,data/yahoo/UGI.parquet,2026-08-18,OBSERVED,38.008338928222656,0.09186572658958547,0.0959017503327887,0.04519468258359938,0.011020933712571734,73103509.27280244
2026-08-18,VIR,FINAL_VINTAGE_ADJUSTED_DISCOVERY_ONLY,data/baskets/ohlcv/VIR.parquet,2026-08-18,OBSERVED,9.489999771118164,0.06270990445742886,0.06674592820063208,0.02816904027915479,-0.006004708591872854,13385837.338697342
2026-08-18,WH,FINAL_VINTAGE_ADJUSTED_DISCOVERY_ONLY,data/baskets/ohlcv/WH.parquet,2026-08-18,OBSERVED,72.9041519165039,0.012280921429815406,0.016316945173018627,-0.041922452981906666,-0.07609620185293431,102614543.82742019
2026-08-18,WMB,FINAL_VINTAGE_ADJUSTED_DISCOVERY_ONLY,data/baskets/ohlcv/WMB.parquet,2026-08-18,OBSERVED,74.58834838867188,0.038998840000276314,0.043034863743479534,0.013079804079098256,-0.021093944791929387,455418262.65811014
2026-08-18,WWW,FINAL_VINTAGE_ADJUSTED_DISCOVERY_ONLY,data/baskets/ohlcv/WWW.parquet,2026-08-18,OBSERVED,19.885395050048828,0.09835157831082864,0.10238760205403186,0.0735768072149583,0.03940305834393065,17630343.653252013
2026-08-18,XHR,FINAL_VINTAGE_ADJUSTED_DISCOVERY_ONLY,data/baskets/ohlcv/XHR.parquet,2026-08-18,OBSERVED,19.122821807861328,0.03324408867962192,0.03728011242282514,-0.08672985069664418,-0.12090359956767183,14025027.269372486
2026-08-19,AEE,FINAL_VINTAGE_ADJUSTED_DISCOVERY_ONLY,data/baskets/ohlcv/AEE.parquet,2026-08-19,OBSERVED,108.51020050048828,0.00422713589936885,0.008667329560817727,-0.006003334510252145,-0.03377358946525755,163333311.31838843
2026-08-19,AGYS,FINAL_VINTAGE_ADJUSTED_DISCOVERY_ONLY,data/baskets/ohlcv/AGYS.parquet,2026-08-19,OBSERVED,116.70999908447266,0.08719143682715536,0.09163163048860423,0.15956281485464685,0.13179255989964145,34104252.001989454
2026-08-19,AIN,FINAL_VINTAGE_ADJUSTED_DISCOVERY_ONLY,data/baskets/ohlcv/AIN.parquet,2026-08-19,OBSERVED,59.61731719970703,-0.061403531951981005,-0.05696333829053213,-0.21064424406449833,-0.23841449901950373,21339901.287514824
2026-08-19,AKR,FINAL_VINTAGE_ADJUSTED_DISCOVERY_ONLY,data/baskets/ohlcv/AKR.parquet,2026-08-19,OBSERVED,20.959375381469727,0.023188424419574805,0.02762861808102368,-0.06778160463484906,-0.09555185958985446,31914875.30823662
2026-08-19,AM,FINAL_VINTAGE_ADJUSTED_DISCOVERY_ONLY,data/yahoo/AM.parquet,2026-08-19,OBSERVED,22.420000076293945,0.008093538985082915,0.012533732646531792,0.006412956705157624,-0.021357298249847778,56231364.330409825
2026-08-19,ANDE,FINAL_VINTAGE_ADJUSTED_DISCOVERY_ONLY,data/baskets/ohlcv/ANDE.parquet,2026-08-19,OBSERVED,67.5238265991211,0.032312173760499885,0.03675236742194876,-0.12999350332299775,-0.15776375827800315,23785832.05155872
2026-08-19,ARR,FINAL_VINTAGE_ADJUSTED_DISCOVERY_ONLY,data/baskets/ohlcv/ARR.parquet,2026-08-19,OBSERVED,16.224824905395508,0.004790261007447949,0.009230454668896826,0.017632908669679814,-0.010137346285325588,57296248.124831066
2026-08-19,AZN,FINAL_VINTAGE_ADJUSTED_DISCOVERY_ONLY,data/baskets/ohlcv/AZN.parquet,2026-08-19,OBSERVED,164.9499969482422,0.0406939870551557,0.04513418071660458,-0.025924173169868836,-0.05369442812487424,666274743.5993739
2026-08-19,BG,FINAL_VINTAGE_ADJUSTED_DISCOVERY_ONLY,data/baskets/ohlcv/BG.parquet,2026-08-19,OBSERVED,114.0,0.026566416040100238,0.031006609701549115,-0.056200751175927044,-0.08397100613093245,147791558.22132656
2026-08-19,BIIB,FINAL_VINTAGE_ADJUSTED_DISCOVERY_ONLY,data/baskets/ohlcv/BIIB.parquet,2026-08-19,OBSERVED,221.55999755859375,0.06075550695678644,0.06519570061823532,0.09056897797209529,0.06279872301708989,199043289.81301445
2026-08-19,BL,FINAL_VINTAGE_ADJUSTED_DISCOVERY_ONLY,data/baskets/ohlcv/BL.parquet,2026-08-19,OBSERVED,31.43000030517578,0.10591133781848838,0.11035153147993726,0.0705040753335131,0.0427338203785077,35795148.953056335
2026-08-19,CAVA,FINAL_VINTAGE_ADJUSTED_DISCOVERY_ONLY,data/yahoo/CAVA.parquet,2026-08-19,OBSERVED,71.56999969482422,0.03022885327797087,0.034669046939419745,0.12372430896568876,0.09595405401068335,258723044.1795531
2026-08-19,CC,FINAL_VINTAGE_ADJUSTED_DISCOVERY_ONLY,data/baskets/ohlcv/CC.parquet,2026-08-19,OBSERVED,15.90999984741211,0.05001836274782234,0.05445855640927122,-0.10701566909629756,-0.13478592405130296,46895433.487310864
2026-08-19,CELH,FINAL_VINTAGE_ADJUSTED_DISCOVERY_ONLY,data/yahoo/CELH.parquet,2026-08-19,OBSERVED,32.2599983215332,0.16799411083684057,0.17243430449828945,0.15132040665597946,0.12355015170097405,363956140.99027544
2026-08-19,COIN,FINAL_VINTAGE_ADJUSTED_DISCOVERY_ONLY,data/baskets/ohlcv/COIN.parquet,2026-08-19,OBSERVED,160.1999969482422,0.07487925499757608,0.07931944865902496,-0.08899635264192673,-0.11676660759693214,1216690878.7214732
2026-08-19,COLL,FINAL_VINTAGE_ADJUSTED_DISCOVERY_ONLY,data/baskets/ohlcv/COLL.parquet,2026-08-19,OBSERVED,28.739999771118164,0.11828789563938558,0.12272808930083445,-0.19832633209553407,-0.22609658705053948,20568449.450138636
2026-08-19,CVCO,FINAL_VINTAGE_ADJUSTED_DISCOVERY_ONLY,data/baskets/ohlcv/CVCO.parquet,2026-08-19,OBSERVED,598.8499755859375,0.0007854050925666378,0.005225598754015515,0.04329264039361935,0.01552238543861395,71069762.13843936
2026-08-19,DEI,FINAL_VINTAGE_ADJUSTED_DISCOVERY_ONLY,data/baskets/ohlcv/DEI.parquet,2026-08-19,OBSERVED,11.58606243133545,0.013722154982116264,0.01816234864356514,-0.03745924170860182,-0.06522949666360722,20921055.47066189
2026-08-19,DHI,FINAL_VINTAGE_ADJUSTED_DISCOVERY_ONLY,data/baskets/ohlcv/DHI.parquet,2026-08-19,OBSERVED,151.86000061035156,0.04142088179095604,0.04586107545240492,0.061263646619988954,0.03349339166498355,351960892.2095162
2026-08-19,DKNG,FINAL_VINTAGE_ADJUSTED_DISCOVERY_ONLY,data/baskets/ohlcv/DKNG.parquet,2026-08-19,OBSERVED,25.309999465942383,-0.007840092557624412,-0.003399898896175535,0.06121589354803558,0.03344563859303018,319731918.65987325
2026-08-19,DUK,FINAL_VINTAGE_ADJUSTED_DISCOVERY_ONLY,data/baskets/ohlcv/DUK.parquet,2026-08-19,OBSERVED,123.5999984741211,0.009690801065253218,0.014130994726702095,-0.00971561314350533,-0.03748586809851073,575572848.4572637
2026-08-19,DUOL,FINAL_VINTAGE_ADJUSTED_DISCOVERY_ONLY,data/baskets/ohlcv/DUOL.parquet,2026-08-19,OBSERVED,146.02999877929688,0.08467647242832244,0.08911666608977131,0.17095661816485985,0.14318636320985445,190793243.33565122
2026-08-19,ED,FINAL_VINTAGE_ADJUSTED_DISCOVERY_ONLY,data/baskets/ohlcv/ED.parquet,2026-08-19,OBSERVED,108.0,0.010259477220272206,0.014699670881721083,-0.008416613949731144,-0.03618686890473655,261613392.02706474
2026-08-19,EFC,FINAL_VINTAGE_ADJUSTED_DISCOVERY_ONLY,data/baskets/ohlcv/EFC.parquet,2026-08-19,OBSERVED,13.433731079101562,0.006607989800066605,0.011048183461515482,0.026197665699377648,-0.0015725892556277543,15101498.637567248
2026-08-19,EGP,FINAL_VINTAGE_ADJUSTED_DISCOVERY_ONLY,data/yahoo/EGP.parquet,2026-08-19,OBSERVED,200.5530242919922,-0.005652451725875918,-0.0012122580644270409,-0.08602150986271451,-0.11379176481771991,109003944.0772647
2026-08-19,EIX,FINAL_VINTAGE_ADJUSTED_DISCOVERY_ONLY,data/baskets/ohlcv/EIX.parquet,2026-08-19,OBSERVED,73.44000244140625,0.05821326839626728,0.06265346205771616,-0.06050909349282996,-0.08827934844783536,248894817.34978813
2026-08-19,ELS,FINAL_VINTAGE_ADJUSTED_DISCOVERY_ONLY,data/yahoo/ELS.parquet,2026-08-19,OBSERVED,65.13065338134766,0.02751292800751637,0.031953121668965245,0.012788932314328427,-0.014981322640676975,102656218.50226267
2026-08-19,EZPW,FINAL_VINTAGE_ADJUSTED_DISCOVERY_ONLY,data/yahoo/EZPW.parquet,2026-08-19,OBSERVED,28.75,-0.005534411907872516,-0.0010942182464236394,-0.11620039720698017,-0.14397065216198557,30361343.412362963
2026-08-19,FIZZ,FINAL_VINTAGE_ADJUSTED_DISCOVERY_ONLY,data/baskets/ohlcv/FIZZ.parquet,2026-08-19,OBSERVED,32.099998474121094,0.037156629493808824,0.0415968231552577,0.04288491741484246,0.015114662459837058,10710151.970899673
2026-08-19,GTY,FINAL_VINTAGE_ADJUSTED_DISCOVERY_ONLY,data/baskets/ohlcv/GTY.parquet,2026-08-19,OBSERVED,32.534873962402344,0.0063867777676036575,0.010826971429052534,-0.0961486268304591,-0.12391888178546451,18324749.253745306
2026-08-19,IBOC,FINAL_VINTAGE_ADJUSTED_DISCOVERY_ONLY,data/baskets/ohlcv/IBOC.parquet,2026-08-19,OBSERVED,71.52999877929688,-0.006347852121912245,-0.0019076584604633684,-0.0452167554857178,-0.0729870104407232,22684284.338342577
2026-08-19,JNJ,FINAL_VINTAGE_ADJUSTED_DISCOVERY_ONLY,data/baskets/ohlcv/JNJ.parquet,2026-08-19,OBSERVED,272.06817626953125,0.04811020197841298,0.05255039563986186,0.0909779762109082,0.0632077212559028,1865447073.7804594
2026-08-19,KDP,FINAL_VINTAGE_ADJUSTED_DISCOVERY_ONLY,data/baskets/ohlcv/KDP.parquet,2026-08-19,OBSERVED,30.836406707763672,0.050744271543410324,0.0551844652048592,0.02813639745977059,0.00036614250476518784,390064839.0805108
2026-08-19,KMI,FINAL_VINTAGE_ADJUSTED_DISCOVERY_ONLY,data/baskets/ohlcv/KMI.parquet,2026-08-19,OBSERVED,32.08000183105469,0.01103064273141463,0.015470836392863507,-4.637546599961517e-06,-0.027774892501605364,338578193.18449837
2026-08-19,LBRT,FINAL_VINTAGE_ADJUSTED_DISCOVERY_ONLY,data/baskets/ohlcv/LBRT.parquet,2026-08-19,OBSERVED,20.05105972290039,-0.06716068926534624,-0.06272049560389736,-0.190514434790108,-0.2182846897451134,111279081.68928055
2026-08-19,LEA,FINAL_VINTAGE_ADJUSTED_DISCOVERY_ONLY,data/yahoo/LEA.parquet,2026-08-19,OBSERVED,123.28689575195312,0.02326155128975471,0.02770174495120359,-0.13142420874723748,-0.15919446370224288,96399586.56986782
2026-08-19,LIVN,FINAL_VINTAGE_ADJUSTED_DISCOVERY_ONLY,data/baskets/ohlcv/LIVN.parquet,2026-08-19,OBSERVED,80.83999633789062,0.0007427278967615525,0.005182921558210429,0.01246158309193568,-0.015308671863069723,55829508.85721842
2026-08-19,MCO,FINAL_VINTAGE_ADJUSTED_DISCOVERY_ONLY,data/baskets/ohlcv/MCO.parquet,2026-08-19,OBSERVED,497.0299987792969,0.04235799632405879,0.046798189985507666,0.014895712378357517,-0.012874542576647885,387937436.3483247
2026-08-19,MRNA,FINAL_VINTAGE_ADJUSTED_DISCOVERY_ONLY,data/baskets/ohlcv/MRNA.parquet,2026-08-19,OBSERVED,174.3800048828125,1.7388096418677987,1.7432498355292476,1.922896502326703,1.8951262473716977,1953695726.8975031
2026-08-19,MTN,FINAL_VINTAGE_ADJUSTED_DISCOVERY_ONLY,data/yahoo/MTN.parquet,2026-08-19,OBSERVED,153.0500030517578,0.03161231074488824,0.036052504406337116,0.038260628515933925,0.010490373560928523,89281713.1892613
2026-08-19,NU,FINAL_VINTAGE_ADJUSTED_DISCOVERY_ONLY,data/yahoo/NU.parquet,2026-08-19,OBSERVED,14.609999656677246,0.07743356965841652,0.0818737633198654,0.015288346636946226,-0.012481908318059176,1051585117.1443939
2026-08-19,NVR,FINAL_VINTAGE_ADJUSTED_DISCOVERY_ONLY,data/baskets/ohlcv/NVR.parquet,2026-08-19,OBSERVED,6418.85986328125,0.01984598925834824,0.024286182919797117,0.014775344228096898,-0.012994910726908504,212937911.5141369
2026-08-19,PCG,FINAL_VINTAGE_ADJUSTED_DISCOVERY_ONLY,data/baskets/ohlcv/PCG.parquet,2026-08-19,OBSERVED,17.577545166015625,0.015535136680265182,0.01997533034171406,0.00914811554864281,-0.018622139406362592,454685599.40121967
2026-08-19,RBLX,FINAL_VINTAGE_ADJUSTED_DISCOVERY_ONLY,data/baskets/ohlcv/RBLX.parquet,2026-08-19,OBSERVED,38.689998626708984,0.0886324600460382,0.09307265370748707,-0.26304764520554313,-0.29081790016054854,604344100.9960356
2026-08-19,REG,FINAL_VINTAGE_ADJUSTED_DISCOVERY_ONLY,data/baskets/ohlcv/REG.parquet,2026-08-19,OBSERVED,75.63407897949219,0.008714096616468936,0.013154290277917813,-0.06931408606519518,-0.09708434102020058,109881650.79850696
2026-08-19,RHP,FINAL_VINTAGE_ADJUSTED_DISCOVERY_ONLY,data/baskets/ohlcv/RHP.parquet,2026-08-19,OBSERVED,127.07846069335938,0.03508349465186433,0.03952368831331321,-0.012465406643797916,-0.04023566159880332,119176916.7930603
2026-08-19,SGI,FINAL_VINTAGE_ADJUSTED_DISCOVERY_ONLY,data/yahoo/SGI.parquet,2026-08-19,OBSERVED,65.8499984741211,0.02754863244374106,0.03198882610518994,-0.05591307097597176,-0.08368332593097716,195159458.01671347
2026-08-19,SMPL,FINAL_VINTAGE_ADJUSTED_DISCOVERY_ONLY,data/baskets/ohlcv/SMPL.parquet,2026-08-19,OBSERVED,11.449999809265137,0.046617938614579746,0.05105813227602862,0.03713766746637681,0.009367412511371409,24410764.149198078
2026-08-19,SO,FINAL_VINTAGE_ADJUSTED_DISCOVERY_ONLY,data/baskets/ohlcv/SO.parquet,2026-08-19,OBSERVED,92.19000244140625,0.0046610811736169655,0.009101274835065842,-0.00957651676814586,-0.03734677172315126,497125824.56788564
2026-08-19,SPNT,FINAL_VINTAGE_ADJUSTED_DISCOVERY_ONLY,data/baskets/ohlcv/SPNT.parquet,2026-08-19,OBSERVED,23.3799991607666,0.020960679049440767,0.025400872710889644,-0.045324647640896276,-0.07309490259590168,16336674.605206082
2026-08-19,SPOT,FINAL_VINTAGE_ADJUSTED_DISCOVERY_ONLY,data/yahoo/SPOT.parquet,2026-08-19,OBSERVED,533.3699951171875,0.08939948625004224,0.09383967991149111,0.0813818770893322,0.0536116221343268,1024698647.0809209
2026-08-19,SWX,FINAL_VINTAGE_ADJUSTED_DISCOVERY_ONLY,data/baskets/ohlcv/SWX.parquet,2026-08-19,OBSERVED,91.75,0.0024255721775476857,0.0068657658389965626,0.0018820712531131267,-0.025888183701892276,42001054.933093846
2026-08-19,TMUS,FINAL_VINTAGE_ADJUSTED_DISCOVERY_ONLY,data/baskets/ohlcv/TMUS.parquet,2026-08-19,OBSERVED,181.3135528564453,0.02952629746246216,0.033966491123911036,-0.04408449820442517,-0.07185475315943057,892983472.5103469
2026-08-19,TRGP,FINAL_VINTAGE_ADJUSTED_DISCOVERY_ONLY,data/baskets/ohlcv/TRGP.parquet,2026-08-19,OBSERVED,297.0899963378906,0.10578025641034383,0.11022045007179271,0.06516457455160163,0.037394319596596226,330970956.46754676
2026-08-19,UGI,FINAL_VINTAGE_ADJUSTED_DISCOVERY_ONLY,data/yahoo/UGI.parquet,2026-08-19,OBSERVED,38.166748046875,0.09829064989289527,0.10273084355434414,0.056453826900610515,0.028683571945605113,79684217.95054844
2026-08-19,VIR,FINAL_VINTAGE_ADJUSTED_DISCOVERY_ONLY,data/baskets/ohlcv/VIR.parquet,2026-08-19,OBSERVED,9.770000457763672,0.09040183216162312,0.094842025823072,0.03715502957908945,0.009384774624084047,13579438.187394824
2026-08-19,WMB,FINAL_VINTAGE_ADJUSTED_DISCOVERY_ONLY,data/baskets/ohlcv/WMB.parquet,2026-08-19,OBSERVED,72.71196746826172,-0.006241578785034396,-0.0018013851235855194,-0.0016358480341591708,-0.029406102989164573,453157466.63113546
2026-08-19,WPC,FINAL_VINTAGE_ADJUSTED_DISCOVERY_ONLY,data/yahoo/WPC.parquet,2026-08-19,OBSERVED,70.9140396118164,0.017824211435891968,0.022264405097340845,-0.04359971814789254,-0.07136997310289794,90037118.19490705
2026-08-19,WWW,FINAL_VINTAGE_ADJUSTED_DISCOVERY_ONLY,data/baskets/ohlcv/WWW.parquet,2026-08-19,OBSERVED,20.740894317626953,0.15448504436679844,0.15892523802824732,0.11676487216340159,0.08899461720839619,17712348.84843372
2026-08-19,XEL,FINAL_VINTAGE_ADJUSTED_DISCOVERY_ONLY,data/baskets/ohlcv/XEL.parquet,2026-08-19,OBSERVED,78.7750244140625,0.010305404760134085,0.014745598421582962,0.008765292268083424,-0.019004962686921978,365309906.5554664
2026-08-19,XHR,FINAL_VINTAGE_ADJUSTED_DISCOVERY_ONLY,data/baskets/ohlcv/XHR.parquet,2026-08-19,OBSERVED,19.27167510986328,0.032978739500918675,0.03741893316236755,-0.09379374005240326,-0.12156399500740867,14154063.287962051
2026-08-20,AIN,FINAL_VINTAGE_ADJUSTED_DISCOVERY_ONLY,data/baskets/ohlcv/AIN.parquet,2026-08-20,OBSERVED,58.59252166748047,-0.08113584997313938,-0.06149267075264786,-0.20750902999445142,-0.22783258995630884,21308994.9588594
2026-08-20,AKR,FINAL_VINTAGE_ADJUSTED_DISCOVERY_ONLY,data/baskets/ohlcv/AKR.parquet,2026-08-20,OBSERVED,20.810937881469727,0.009117076142943326,0.02876025536343485,-0.057373281882315164,-0.07769684184417258,31515070.629374187
2026-08-20,ANDE,FINAL_VINTAGE_ADJUSTED_DISCOVERY_ONLY,data/baskets/ohlcv/ANDE.parquet,2026-08-20,OBSERVED,67.11506652832031,0.033466364522060976,0.0531095437425525,-0.16755293528494752,-0.18787649524680494,23333743.647802442
2026-08-20,ARR,FINAL_VINTAGE_ADJUSTED_DISCOVERY_ONLY,data/baskets/ohlcv/ARR.parquet,2026-08-20,OBSERVED,16.067302703857422,-0.009725944319424307,0.009917234901067218,0.010829232387692844,-0.009494327574164574,56619461.93548838
2026-08-20,AZN,FINAL_VINTAGE_ADJUSTED_DISCOVERY_ONLY,data/baskets/ohlcv/AZN.parquet,2026-08-20,OBSERVED,164.49000549316406,0.046107858984494765,0.06575103820498629,-0.030872505545728957,-0.051196065507586375,692567014.7505987
2026-08-20,BL,FINAL_VINTAGE_ADJUSTED_DISCOVERY_ONLY,data/baskets/ohlcv/BL.parquet,2026-08-20,OBSERVED,31.920000076293945,0.017857125479695757,0.03750030470018728,0.1453175139973173,0.12499395403545988,35376132.755978905
2026-08-20,CAVA,FINAL_VINTAGE_ADJUSTED_DISCOVERY_ONLY,data/yahoo/CAVA.parquet,2026-08-20,OBSERVED,72.02999877929688,-0.0020781591194888316,0.017565020101002693,0.1552526149490372,0.13492905498717978,249606644.2177364
2026-08-20,CC,FINAL_VINTAGE_ADJUSTED_DISCOVERY_ONLY,data/baskets/ohlcv/CC.parquet,2026-08-20,OBSERVED,15.6899995803833,0.03414175225136762,0.05378493147185914,-0.1348133745258926,-0.15513693448775,46554775.21711077
2026-08-20,CMG,FINAL_VINTAGE_ADJUSTED_DISCOVERY_ONLY,data/baskets/ohlcv/CMG.parquet,2026-08-20,OBSERVED,35.290000915527344,0.08218338715164131,0.10182656637213283,0.09596273538428979,0.07563917542243237,657967479.7594161
2026-08-20,COIN,FINAL_VINTAGE_ADJUSTED_DISCOVERY_ONLY,data/baskets/ohlcv/COIN.parquet,2026-08-20,OBSERVED,172.35000610351562,0.11988312500805565,0.13952630422854717,0.037503077109611205,0.017179517147753787,1305889081.8261282
2026-08-20,COLL,FINAL_VINTAGE_ADJUSTED_DISCOVERY_ONLY,data/baskets/ohlcv/COLL.parquet,2026-08-20,OBSERVED,27.540000915527344,-0.021669581217379053,-0.002026401996887528,-0.20679723654198578,-0.2271207965038432,20981546.034567695
2026-08-20,DEI,FINAL_VINTAGE_ADJUSTED_DISCOVERY_ONLY,data/baskets/ohlcv/DEI.parquet,2026-08-20,OBSERVED,11.62527084350586,-0.002523154143156625,0.0171200250773349,-0.015767685912625007,-0.036091245874482425,20486811.930116016
2026-08-20,DUOL,FINAL_VINTAGE_ADJUSTED_DISCOVERY_ONLY,data/baskets/ohlcv/DUOL.parquet,2026-08-20,OBSERVED,147.02999877929688,0.02033305032392896,0.03997622954442048,0.23027358506525775,0.20995002510340033,190783722.9204087
2026-08-20,ED,FINAL_VINTAGE_ADJUSTED_DISCOVERY_ONLY,data/baskets/ohlcv/ED.parquet,2026-08-20,OBSERVED,108.30999755859375,0.007457426105412557,0.02710060532590408,-0.025797908696089,-0.04612146865794642,264691280.55855888
2026-08-20,EGP,FINAL_VINTAGE_ADJUSTED_DISCOVERY_ONLY,data/yahoo/EGP.parquet,2026-08-20,OBSERVED,199.40304565429688,-0.01911630923322194,0.0005268699872695848,-0.07021678376756757,-0.09054034372942499,105885904.21912783
2026-08-20,EIX,FINAL_VINTAGE_ADJUSTED_DISCOVERY_ONLY,data/baskets/ohlcv/EIX.parquet,2026-08-20,OBSERVED,74.66000366210938,0.05631017741580502,0.07595335663629654,-0.07116190329386163,-0.09148546325571905,251742857.76421684
2026-08-20,EZPW,FINAL_VINTAGE_ADJUSTED_DISCOVERY_ONLY,data/yahoo/EZPW.parquet,2026-08-20,OBSERVED,28.760000228881836,0.003839462890617762,0.023482642111109286,-0.11670764693291202,-0.13703120689476944,30425781.287502106
2026-08-20,FIZZ,FINAL_VINTAGE_ADJUSTED_DISCOVERY_ONLY,data/baskets/ohlcv/FIZZ.parquet,2026-08-20,OBSERVED,32.209999084472656,0.0280880677596409,0.047731246980132425,0.03502564960940102,0.014702089647543604,10591500.941421872
2026-08-20,GTY,FINAL_VINTAGE_ADJUSTED_DISCOVERY_ONLY,data/baskets/ohlcv/GTY.parquet,2026-08-20,OBSERVED,32.810176849365234,0.007852610805020976,0.0274957900255125,-0.06813741699252818,-0.0884609769543856,17889593.249666125
2026-08-20,IBOC,FINAL_VINTAGE_ADJUSTED_DISCOVERY_ONLY,data/baskets/ohlcv/IBOC.parquet,2026-08-20,OBSERVED,71.69999694824219,-0.013483914135099861,0.006159265085391663,-0.04572203946349662,-0.06604559942535404,22692801.756867908
2026-08-20,JNJ,FINAL_VINTAGE_ADJUSTED_DISCOVERY_ONLY,data/baskets/ohlcv/JNJ.parquet,2026-08-20,OBSERVED,266.0578308105469,0.02018479490831049,0.03982797412880201,0.04592577094166561,0.025602210979808193,1837261193.0501301
2026-08-20,KDP,FINAL_VINTAGE_ADJUSTED_DISCOVERY_ONLY,data/baskets/ohlcv/KDP.parquet,2026-08-20,OBSERVED,31.432086944580078,0.017352157674445312,0.03699533689493684,0.048344297092588695,0.028020737130731277,395929328.7397657
2026-08-20,LBRT,FINAL_VINTAGE_ADJUSTED_DISCOVERY_ONLY,data/baskets/ohlcv/LBRT.parquet,2026-08-20,OBSERVED,19.155033111572266,-0.08901526696506845,-0.06937208774457693,-0.23468577720542283,-0.25500933716728025,110474546.3910239
2026-08-20,LEA,FINAL_VINTAGE_ADJUSTED_DISCOVERY_ONLY,data/yahoo/LEA.parquet,2026-08-20,OBSERVED,124.65840148925781,0.02274949243495694,0.042392671655448466,-0.12707914860861902,-0.14740270857047644,96497442.04922631
2026-08-20,MCO,FINAL_VINTAGE_ADJUSTED_DISCOVERY_ONLY,data/baskets/ohlcv/MCO.parquet,2026-08-20,OBSERVED,498.7699890136719,0.023348804906154985,0.04299198412664651,0.020673903403003013,0.00035034344114559524,375626199.90495956
2026-08-20,NNN,FINAL_VINTAGE_ADJUSTED_DISCOVERY_ONLY,data/yahoo/NNN.parquet,2026-08-20,OBSERVED,46.09000015258789,-0.0032439775180362895,0.016399201702455235,-0.04653176040993501,-0.06685532037179243,63182169.89900498
2026-08-20,PCG,FINAL_VINTAGE_ADJUSTED_DISCOVERY_ONLY,data/baskets/ohlcv/PCG.parquet,2026-08-20,OBSERVED,17.886272430419922,0.02863689863094243,0.048280077851433956,-0.008282783652371228,-0.028606343614228646,477270881.275177
2026-08-20,PLNT,FINAL_VINTAGE_ADJUSTED_DISCOVERY_ONLY,data/yahoo/PLNT.parquet,2026-08-20,OBSERVED,53.119998931884766,0.08187373895505257,0.10151691817554409,-0.01720629636083526,-0.03752985632269268,118854780.36915007
2026-08-20,PRKS,FINAL_VINTAGE_ADJUSTED_DISCOVERY_ONLY,data/baskets/ohlcv/PRKS.parquet,2026-08-20,OBSERVED,44.810001373291016,-0.005327366655582422,0.014315812564909103,-0.010161234367599081,-0.0304847943294565,31531941.222327095
2026-08-20,RBLX,FINAL_VINTAGE_ADJUSTED_DISCOVERY_ONLY,data/baskets/ohlcv/RBLX.parquet,2026-08-20,OBSERVED,38.630001068115234,0.017918321251783498,0.03756150047227502,-0.22179690686759246,-0.24212046682944988,611494089.5596459
2026-08-20,REG,FINAL_VINTAGE_ADJUSTED_DISCOVERY_ONLY,data/baskets/ohlcv/REG.parquet,2026-08-20,OBSERVED,75.74297332763672,-0.004553704839711403,0.015089474380780121,-0.06944781749905637,-0.08977137746091379,109254464.48822021
2026-08-20,RHP,FINAL_VINTAGE_ADJUSTED_DISCOVERY_ONLY,data/baskets/ohlcv/RHP.parquet,2026-08-20,OBSERVED,127.3755111694336,0.03159580415639729,0.051238983376888814,-0.016438580030938343,-0.03676213999279576,119600688.63103957
2026-08-20,SO,FINAL_VINTAGE_ADJUSTED_DISCOVERY_ONLY,data/baskets/ohlcv/SO.parquet,2026-08-20,OBSERVED,91.43000030517578,-0.006520502642596737,0.013122676577894787,-0.037735279406879596,-0.058058839368737014,504647503.6190578
2026-08-20,SPNT,FINAL_VINTAGE_ADJUSTED_DISCOVERY_ONLY,data/baskets/ohlcv/SPNT.parquet,2026-08-20,OBSERVED,23.600000381469727,0.015927716165498484,0.03557089538599001,-0.038696492265332005,-0.05902005222718942,16251176.541346595
2026-08-20,SPOT,FINAL_VINTAGE_ADJUSTED_DISCOVERY_ONLY,data/yahoo/SPOT.parquet,2026-08-20,OBSERVED,533.1300048828125,0.0700265240291631,0.08966970324965462,0.12436730379040073,0.10404374382854331,1051228010.4166666
2026-08-20,SWX,FINAL_VINTAGE_ADJUSTED_DISCOVERY_ONLY,data/baskets/ohlcv/SWX.parquet,2026-08-20,OBSERVED,91.30000305175781,-0.0016243485086028242,0.0180188307118887,-0.009902977412858394,-0.03022653737471581,40827680.111766994
2026-08-20,TRGP,FINAL_VINTAGE_ADJUSTED_DISCOVERY_ONLY,data/baskets/ohlcv/TRGP.parquet,2026-08-20,OBSERVED,302.25,0.13253145409945022,0.15217463331994174,0.06754978394360767,0.04722622398175025,352610755.90616864
2026-08-20,UGI,FINAL_VINTAGE_ADJUSTED_DISCOVERY_ONLY,data/yahoo/UGI.parquet,2026-08-20,OBSERVED,37.513309478759766,0.07458882362557295,0.09423200284606448,0.028780872536126267,0.00845731257426885,82561217.95394534
2026-08-20,UTL,FINAL_VINTAGE_ADJUSTED_DISCOVERY_ONLY,data/baskets/ohlcv/UTL.parquet,2026-08-20,OBSERVED,54.16999816894531,0.004332743313761878,0.023975922534253402,-0.012366818767808319,-0.03269037872966574,5586401.838756743
2026-08-20,VALE,FINAL_VINTAGE_ADJUSTED_DISCOVERY_ONLY,data/yahoo/VALE.parquet,2026-08-20,OBSERVED,14.229999542236328,0.031159372866542467,0.05080255208703399,-0.014411453228350912,-0.03473501319020833,340865975.87831134
2026-08-20,WH,FINAL_VINTAGE_ADJUSTED_DISCOVERY_ONLY,data/baskets/ohlcv/WH.parquet,2026-08-20,OBSERVED,74.84203338623047,0.013457187644281277,0.0331003668647728,-0.004889078201412489,-0.025212638163269907,101777319.41415696
2026-08-20,WPC,FINAL_VINTAGE_ADJUSTED_DISCOVERY_ONLY,data/yahoo/WPC.parquet,2026-08-20,OBSERVED,70.97318267822266,0.007273843528502244,0.02691702274899377,-0.045340050894825956,-0.06566361085668337,89801394.30781773
2026-08-20,XHR,FINAL_VINTAGE_ADJUSTED_DISCOVERY_ONLY,data/baskets/ohlcv/XHR.parquet,2026-08-20,OBSERVED,19.24190330505371,0.017847725493555178,0.0374909047140467,-0.09009858536530813,-0.11042214532716554,14612397.613852365
2026-08-21,ALV,FINAL_VINTAGE_ADJUSTED_DISCOVERY_ONLY,data/yahoo/ALV.parquet,2026-08-21,OBSERVED,124.482666015625,0.026697275930329667,0.040376921530661525,0.08818684900718132,0.050878931975701036,63965823.4811692
2026-08-21,AM,FINAL_VINTAGE_ADJUSTED_DISCOVERY_ONLY,data/yahoo/AM.parquet,2026-08-21,OBSERVED,22.139999389648438,-0.018181812030320654,-0.0045021664299887965,-0.02775199640776005,-0.06505991343924034,56897785.41484106
2026-08-21,AMN,FINAL_VINTAGE_ADJUSTED_DISCOVERY_ONLY,data/baskets/ohlcv/AMN.parquet,2026-08-21,OBSERVED,34.459999084472656,-0.0011594468268795177,0.01252019877345234,0.042032035151968516,0.00472411812048823,25255329.667808898
2026-08-21,ARE,FINAL_VINTAGE_ADJUSTED_DISCOVERY_ONLY,data/baskets/ohlcv/ARE.parquet,2026-08-21,OBSERVED,52.695430755615234,0.11113425003698074,0.1248138956373126,0.06723867631352531,0.029930759282045027,106138922.61259897
2026-08-21,ASTE,FINAL_VINTAGE_ADJUSTED_DISCOVERY_ONLY,data/baskets/ohlcv/ASTE.parquet,2026-08-21,OBSERVED,43.54999923706055,0.006238458072527209,0.019918103672859067,-0.22308221497942182,-0.2603901320109021,13420421.060525803
2026-08-21,AZN,FINAL_VINTAGE_ADJUSTED_DISCOVERY_ONLY,data/baskets/ohlcv/AZN.parquet,2026-08-21,OBSERVED,165.97999572753906,0.06091402342724006,0.07459366902757192,-0.013609131079677872,-0.05091704811115816,698514385.0928171
2026-08-21,BL,FINAL_VINTAGE_ADJUSTED_DISCOVERY_ONLY,data/baskets/ohlcv/BL.parquet,2026-08-21,OBSERVED,31.829999923706055,0.04258104185464995,0.056260687454981806,0.1599853973836376,0.12267748035215731,36017670.87738401
2026-08-21,CMG,FINAL_VINTAGE_ADJUSTED_DISCOVERY_ONLY,data/baskets/ohlcv/CMG.parquet,2026-08-21,OBSERVED,36.900001525878906,0.10149258286205698,0.11517222846238884,0.15276486912703735,0.11545695209555706,665312686.7387136
2026-08-21,CPNG,FINAL_VINTAGE_ADJUSTED_DISCOVERY_ONLY,data/yahoo/CPNG.parquet,2026-08-21,OBSERVED,16.450000762939453,0.02047145822119867,0.034151103821530526,0.05246325287873277,0.015155335847252482,295056267.2041257
2026-08-21,DAVE,FINAL_VINTAGE_ADJUSTED_DISCOVERY_ONLY,data/baskets/ohlcv/DAVE.parquet,2026-08-21,OBSERVED,354.7200012207031,0.06022653990307569,0.07390618550340755,-0.131843646687421,-0.16915156371890128,162554879.58984375
2026-08-21,DEA,FINAL_VINTAGE_ADJUSTED_DISCOVERY_ONLY,data/baskets/ohlcv/DEA.parquet,2026-08-21,OBSERVED,24.600000381469727,-0.007664402058920827,0.006015243541411031,-0.001528346602564179,-0.038836263634044466,9113952.721450442
2026-08-21,EXTR,FINAL_VINTAGE_ADJUSTED_DISCOVERY_ONLY,data/baskets/ohlcv/EXTR.parquet,2026-08-21,OBSERVED,23.020000457763672,-0.05694385081267428,-0.04326420521234242,-0.22569792088089358,-0.26300583791237386,46706538.53369214
2026-08-21,FCFS,FINAL_VINTAGE_ADJUSTED_DISCOVERY_ONLY,data/baskets/ohlcv/FCFS.parquet,2026-08-21,OBSERVED,225.27999877929688,0.049033754501964566,0.06271340010229642,0.1434562235394783,0.106148306507998,80036945.44888452
2026-08-21,FCN,FINAL_VINTAGE_ADJUSTED_DISCOVERY_ONLY,data/yahoo/FCN.parquet,2026-08-21,OBSERVED,155.74000549316406,0.025617380528760947,0.039297026129092805,-0.010860536603504944,-0.04816845363498523,70599760.69917224
2026-08-21,FE,FINAL_VINTAGE_ADJUSTED_DISCOVERY_ONLY,data/baskets/ohlcv/FE.parquet,2026-08-21,OBSERVED,45.959999084472656,-0.030584281113820833,-0.016904635513488975,-0.06212107825259772,-0.099428995284078,216399148.54151407
2026-08-21,FMC,FINAL_VINTAGE_ADJUSTED_DISCOVERY_ONLY,data/baskets/ohlcv/FMC.parquet,2026-08-21,OBSERVED,10.923014640808105,0.08571434258967692,0.09939398819000878,-0.057313872220127515,-0.0946217892516078,38327600.43260938
2026-08-21,GLXY,FINAL_VINTAGE_ADJUSTED_DISCOVERY_ONLY,data/baskets/ohlcv/GLXY.parquet,2026-08-21,OBSERVED,23.639999389648438,0.09141272189218852,0.10509236749252038,-0.027960539214994307,-0.0652684562464746,146537143.00059363
2026-08-21,HLI,FINAL_VINTAGE_ADJUSTED_DISCOVERY_ONLY,data/yahoo/HLI.parquet,2026-08-21,OBSERVED,128.3722686767578,0.002875472217218844,0.016555117817550702,-0.0635657387480194,-0.1008736557794997,128631835.23872012
2026-08-21,HOG,FINAL_VINTAGE_ADJUSTED_DISCOVERY_ONLY,data/baskets/ohlcv/HOG.parquet,2026-08-21,OBSERVED,28.007844924926758,0.015118824987162549,0.028798470587494407,0.063348490670178,0.026040573638697717,56228996.956352964
2026-08-21,HOOD,FINAL_VINTAGE_ADJUSTED_DISCOVERY_ONLY,data/baskets/ohlcv/HOOD.parquet,2026-08-21,OBSERVED,108.12999725341797,0.13154039363716774,0.1452200392374996,0.06448115085936967,0.027173233827889387,1882476992.992365
2026-08-21,HST,FINAL_VINTAGE_ADJUSTED_DISCOVERY_ONLY,data/baskets/ohlcv/HST.parquet,2026-08-21,OBSERVED,23.003135681152344,0.013537058158926474,0.02721670375925833,-0.031302141152205976,-0.06861005818368626,242295882.94566017
2026-08-21,IART,FINAL_VINTAGE_ADJUSTED_DISCOVERY_ONLY,data/baskets/ohlcv/IART.parquet,2026-08-21,OBSERVED,16.739999771118164,-0.08724102334557271,-0.07356137774524085,-0.09806033120657787,-0.13536824823805815,15124480.78264509
2026-08-21,IBM,FINAL_VINTAGE_ADJUSTED_DISCOVERY_ONLY,data/baskets/ohlcv/IBM.parquet,2026-08-21,OBSERVED,235.67999267578125,0.005803965982643433,0.01948361158297529,0.14866030741702985,0.11135239038554956,1562831582.5322468
2026-08-21,JNJ,FINAL_VINTAGE_ADJUSTED_DISCOVERY_ONLY,data/baskets/ohlcv/JNJ.parquet,2026-08-21,OBSERVED,268.9137268066406,0.037987320479475395,0.05166696607980725,0.04231112988971941,0.0050032128582391255,1817423275.4690988
2026-08-21,LMAT,FINAL_VINTAGE_ADJUSTED_DISCOVERY_ONLY,data/baskets/ohlcv/LMAT.parquet,2026-08-21,OBSERVED,81.86000061035156,-0.0033413140557474463,0.010338331544584412,-0.15781367505279975,-0.19512159208428004,38286443.7931969
2026-08-21,LNN,FINAL_VINTAGE_ADJUSTED_DISCOVERY_ONLY,data/baskets/ohlcv/LNN.parquet,2026-08-21,OBSERVED,116.16999816894531,0.01290431333188935,0.026583958932221208,0.02754912811099719,-0.009758788920483097,12781748.858351935
2026-08-21,MCO,FINAL_VINTAGE_ADJUSTED_DISCOVERY_ONLY,data/baskets/ohlcv/MCO.parquet,2026-08-21,OBSERVED,503.32000732421875,0.037858825867373325,0.05153847146770518,0.06806641511017508,0.030758498078694796,369254651.6217913
2026-08-21,MMI,FINAL_VINTAGE_ADJUSTED_DISCOVERY_ONLY,data/baskets/ohlcv/MMI.parquet,2026-08-21,OBSERVED,32.059017181396484,0.023432536592179476,0.037112182192511334,0.0809364108862547,0.04362849385477441,4020660.489936102
2026-08-21,MMS,FINAL_VINTAGE_ADJUSTED_DISCOVERY_ONLY,data/baskets/ohlcv/MMS.parquet,2026-08-21,OBSERVED,58.220001220703125,0.05318383694515072,0.06686348254548258,0.020114034426354843,-0.017193882605125443,37483123.86352903
2026-08-21,MTN,FINAL_VINTAGE_ADJUSTED_DISCOVERY_ONLY,data/yahoo/MTN.parquet,2026-08-21,OBSERVED,152.80999755859375,0.03041129072169957,0.04409093632203143,0.06073858217609018,0.023430665144609897,89749059.38415527
2026-08-21,NXPI,FINAL_VINTAGE_ADJUSTED_DISCOVERY_ONLY,data/baskets/ohlcv/NXPI.parquet,2026-08-21,OBSERVED,224.54954528808594,-0.03898427269243021,-0.025304627092098353,-0.18655563214337234,-0.22386354917485263,1037030338.8845534
2026-08-21,NYT,FINAL_VINTAGE_ADJUSTED_DISCOVERY_ONLY,data/yahoo/NYT.parquet,2026-08-21,OBSERVED,65.69000244140625,0.013891055921612327,0.027570701521944185,-0.0638448887621853,-0.10115280579366559,158760017.05790928
2026-08-21,OHI,FINAL_VINTAGE_ADJUSTED_DISCOVERY_ONLY,data/yahoo/OHI.parquet,2026-08-21,OBSERVED,46.61000061035156,0.001719360265495684,0.015399005865827542,-0.07309142563452886,-0.11039934266600915,93801036.13511948
2026-08-21,PRDO,FINAL_VINTAGE_ADJUSTED_DISCOVERY_ONLY,data/baskets/ohlcv/PRDO.parquet,2026-08-21,OBSERVED,32.85112380981445,0.03155266030677928,0.04523230590711114,0.07068739281283731,0.033379475781357026,22909439.65403239
2026-08-21,PSMT,FINAL_VINTAGE_ADJUSTED_DISCOVERY_ONLY,data/baskets/ohlcv/PSMT.parquet,2026-08-21,OBSERVED,172.8699951171875,-0.037043276498481936,-0.02336363089815008,-0.07031624915231205,-0.10762416618379234,44613305.52164713
2026-08-21,QCOM,FINAL_VINTAGE_ADJUSTED_DISCOVERY_ONLY,data/baskets/ohlcv/QCOM.parquet,2026-08-21,OBSERVED,159.87985229492188,-0.030399858454236206,-0.016720212853904348,-0.060545868419042304,-0.09785378545052259,1776492373.2410977
2026-08-21,RHI,FINAL_VINTAGE_ADJUSTED_DISCOVERY_ONLY,data/yahoo/RHI.parquet,2026-08-21,OBSERVED,44.16483688354492,0.035400214206912084,0.04907985980724394,0.18229850763949118,0.1449905906080109,86592560.20291646
2026-08-21,ROL,FINAL_VINTAGE_ADJUSTED_DISCOVERY_ONLY,data/baskets/ohlcv/ROL.parquet,2026-08-21,OBSERVED,36.90999984741211,0.019613233964335564,0.03329287956466742,-0.05958804240639315,-0.09689595943787344,207754587.187104
2026-08-21,RRX,FINAL_VINTAGE_ADJUSTED_DISCOVERY_ONLY,data/yahoo/RRX.parquet,2026-08-21,OBSERVED,165.77696228027344,-0.05322241017522211,-0.039542764574890255,-0.22370692417823657,-0.26101484120971685,259422306.1916533
2026-08-21,SLGN,FINAL_VINTAGE_ADJUSTED_DISCOVERY_ONLY,data/yahoo/SLGN.parquet,2026-08-21,OBSERVED,42.17570114135742,-0.002118672177224057,0.011560973423107801,-0.06753192951129139,-0.10483984654277168,62006850.92048645
2026-08-21,SNEX,FINAL_VINTAGE_ADJUSTED_DISCOVERY_ONLY,data/baskets/ohlcv/SNEX.parquet,2026-08-21,OBSERVED,68.47000122070312,0.020417329027368147,0.034096974627700005,-0.08535932858067374,-0.12266724561215403,70089955.17552693
2026-08-21,SON,FINAL_VINTAGE_ADJUSTED_DISCOVERY_ONLY,data/yahoo/SON.parquet,2026-08-21,OBSERVED,59.47999954223633,0.020765386561987675,0.03444503216231953,0.0660296283331534,0.028721711301673114,56219684.7017379
2026-08-21,SPGI,FINAL_VINTAGE_ADJUSTED_DISCOVERY_ONLY,data/baskets/ohlcv/SPGI.parquet,2026-08-21,OBSERVED,430.3238220214844,0.029823344832333287,0.043502990432665145,0.026880955777673687,-0.0104269612538066,895674046.3012695
2026-08-21,STAG,FINAL_VINTAGE_ADJUSTED_DISCOVERY_ONLY,data/yahoo/STAG.parquet,2026-08-21,OBSERVED,36.2843132019043,-0.002176876371759451,0.011502769228572407,-0.09456793975764499,-0.13187585678912528,62692118.01083883
2026-08-21,STC,FINAL_VINTAGE_ADJUSTED_DISCOVERY_ONLY,data/baskets/ohlcv/STC.parquet,2026-08-21,OBSERVED,68.63211059570312,0.014662830029853025,0.028342475630184882,0.07704280491066728,0.039734887879187,13956532.461620513
2026-08-21,STRA,FINAL_VINTAGE_ADJUSTED_DISCOVERY_ONLY,data/baskets/ohlcv/STRA.parquet,2026-08-21,OBSERVED,82.8088607788086,0.0132393250176297,0.026918970617961557,0.11226666469912727,0.07495874766764699,25287951.625823975
2026-08-21,SW,FINAL_VINTAGE_ADJUSTED_DISCOVERY_ONLY,data/baskets/ohlcv/SW.parquet,2026-08-21,OBSERVED,49.38999938964844,0.002842627200983605,0.016522272801315463,0.1402510644642565,0.10294314743277622,250218865.75971332
2026-08-21,TDC,FINAL_VINTAGE_ADJUSTED_DISCOVERY_ONLY,data/baskets/ohlcv/TDC.parquet,2026-08-21,OBSERVED,27.690000534057617,0.0003612799411698564,0.014040925541501714,0.0003612799411698564,-0.03694663709031043,90837928.90972865
2026-08-21,TSLA,FINAL_VINTAGE_ADJUSTED_DISCOVERY_ONLY,data/baskets/ohlcv/TSLA.parquet,2026-08-21,OBSERVED,362.8599853515625,0.06015717707890578,0.07383682267923763,0.13503701267001178,0.0977290956385315,11915694991.40596
2026-08-21,UPS,FINAL_VINTAGE_ADJUSTED_DISCOVERY_ONLY,data/baskets/ohlcv/UPS.parquet,2026-08-21,OBSERVED,102.01000213623047,-0.008263644459239439,0.005416001141092419,-0.09170509917727598,-0.12901301620875627,562760204.8520406
2026-08-21,UTHR,FINAL_VINTAGE_ADJUSTED_DISCOVERY_ONLY,data/yahoo/UTHR.parquet,2026-08-21,OBSERVED,513.1199951171875,0.0267944366687749,0.04047408226910676,-0.030989808456145962,-0.06829772548762625,274433461.7741176
2026-08-21,V,FINAL_VINTAGE_ADJUSTED_DISCOVERY_ONLY,data/baskets/ohlcv/V.parquet,2026-08-21,OBSERVED,371.0400085449219,0.018920814949666243,0.0326004605499981,0.05725058511556447,0.01994266808408418,2638021628.717477
2026-08-21,VALE,FINAL_VINTAGE_ADJUSTED_DISCOVERY_ONLY,data/yahoo/VALE.parquet,2026-08-21,OBSERVED,14.59000015258789,0.07043287087942551,0.08411251647975737,0.011885554003280285,-0.0254223630282,332359563.8464837
2026-08-21,VCYT,FINAL_VINTAGE_ADJUSTED_DISCOVERY_ONLY,data/baskets/ohlcv/VCYT.parquet,2026-08-21,OBSERVED,42.310001373291016,0.025697002988873008,0.039376648589204866,-0.2690048273582596,-0.3063127443897399,64776697.65356155
2026-08-21,VIR,FINAL_VINTAGE_ADJUSTED_DISCOVERY_ONLY,data/baskets/ohlcv/VIR.parquet,2026-08-21,OBSERVED,9.779999732971191,0.05844155576074006,0.07212120136107192,0.047109162012314076,0.00980124498083379,13542580.320090339
2026-08-21,VTR,FINAL_VINTAGE_ADJUSTED_DISCOVERY_ONLY,data/baskets/ohlcv/VTR.parquet,2026-08-21,OBSERVED,92.50320434570312,0.016826908763439397,0.030506554363771254,-0.049632385072668206,-0.08694030210414849,327530151.9201369
2026-08-21,WMG,FINAL_VINTAGE_ADJUSTED_DISCOVERY_ONLY,data/yahoo/WMG.parquet,2026-08-21,OBSERVED,27.1299991607666,0.06553170724618163,0.07921135284651348,0.027476975926846503,-0.009830941104633784,63590858.31171671
2026-08-21,WMS,FINAL_VINTAGE_ADJUSTED_DISCOVERY_ONLY,data/yahoo/WMS.parquet,2026-08-21,OBSERVED,143.51821899414062,-0.04757801278218288,-0.03389836718185102,0.02328065456992734,-0.014027262461552947,100742460.1385934
2026-08-21,WSO,FINAL_VINTAGE_ADJUSTED_DISCOVERY_ONLY,data/baskets/ohlcv/WSO.parquet,2026-08-21,OBSERVED,311.94000244140625,-0.003577573391432387,0.01010207220889947,-0.13313881575516062,-0.1704467327866409,178489489.76396832
2026-08-21,YUM,FINAL_VINTAGE_ADJUSTED_DISCOVERY_ONLY,data/baskets/ohlcv/YUM.parquet,2026-08-21,OBSERVED,152.22254943847656,0.032948551151939176,0.046628196752271034,0.038135333945499506,0.0008274169140192189,384214878.4487043
2026-08-24,AJG,FINAL_VINTAGE_ADJUSTED_DISCOVERY_ONLY,data/baskets/ohlcv/AJG.parquet,2026-08-24,OBSERVED,271.26519775390625,0.09686649958103133,0.10877331002161583,0.09775187199918989,0.0645417241434949,343205989.7814796
2026-08-24,ALV,FINAL_VINTAGE_ADJUSTED_DISCOVERY_ONLY,data/yahoo/ALV.parquet,2026-08-24,OBSERVED,122.30815887451172,0.020039669826606543,0.031946480267191046,0.04842964859449439,0.015219500738799407,65113785.19864763
2026-08-24,AM,FINAL_VINTAGE_ADJUSTED_DISCOVERY_ONLY,data/yahoo/AM.parquet,2026-08-24,OBSERVED,22.139999389648438,-0.0004514776096641304,0.011455332830920373,-0.016640568531579247,-0.04985071638727423,56905032.79614221
2026-08-24,AMN,FINAL_VINTAGE_ADJUSTED_DISCOVERY_ONLY,data/baskets/ohlcv/AMN.parquet,2026-08-24,OBSERVED,34.5099983215332,-0.0008686332715368561,0.011038177169047647,0.049255061172017944,0.016044913316322962,25106617.413457233
2026-08-24,ASTE,FINAL_VINTAGE_ADJUSTED_DISCOVERY_ONLY,data/baskets/ohlcv/ASTE.parquet,2026-08-24,OBSERVED,43.599998474121094,0.008092450268695872,0.019999260709280375,-0.2246726008490596,-0.2578827487047546,13473356.552723477
2026-08-24,AZN,FINAL_VINTAGE_ADJUSTED_DISCOVERY_ONLY,data/baskets/ohlcv/AZN.parquet,2026-08-24,OBSERVED,166.7100067138672,0.06259167163249213,0.07449848207307663,-0.015065507950644319,-0.0482756558063393,704383808.9359828
2026-08-24,BALL,FINAL_VINTAGE_ADJUSTED_DISCOVERY_ONLY,data/baskets/ohlcv/BALL.parquet,2026-08-24,OBSERVED,64.21539306640625,0.05295842280168084,0.06486523324226534,0.009085176224604474,-0.024124971631090508,120615689.25635928
2026-08-24,BJ,FINAL_VINTAGE_ADJUSTED_DISCOVERY_ONLY,data/baskets/ohlcv/BJ.parquet,2026-08-24,OBSERVED,98.48999786376953,0.042994784978002576,0.05490159541858708,0.059715894949134096,0.026505747093439114,173962930.8577038
2026-08-24,BL,FINAL_VINTAGE_ADJUSTED_DISCOVERY_ONLY,data/baskets/ohlcv/BL.parquet,2026-08-24,OBSERVED,31.979999542236328,0.09146758958907908,0.10337440002966358,0.11273485723455545,0.07952470937886047,36237911.72453562
2026-08-24,CI,FINAL_VINTAGE_ADJUSTED_DISCOVERY_ONLY,data/baskets/ohlcv/CI.parquet,2026-08-24,OBSERVED,278.9014587402344,0.018596004813091538,0.03050281525367604,-0.03149486723307893,-0.06470501508877391,516702166.1728632
2026-08-24,CMG,FINAL_VINTAGE_ADJUSTED_DISCOVERY_ONLY,data/baskets/ohlcv/CMG.parquet,2026-08-24,OBSERVED,38.02000045776367,0.12618490367380453,0.13809171411438903,0.19597355655291526,0.16276340869722028,679923083.1312997
2026-08-24,CPNG,FINAL_VINTAGE_ADJUSTED_DISCOVERY_ONLY,data/yahoo/CPNG.parquet,2026-08-24,OBSERVED,16.440000534057617,0.04580154292611183,0.05770835336669633,0.060645195745652636,0.027435047889957653,293594874.1686367
2026-08-24,CVS,FINAL_VINTAGE_ADJUSTED_DISCOVERY_ONLY,data/baskets/ohlcv/CVS.parquet,2026-08-24,OBSERVED,94.11000061035156,0.0010637003706923664,0.01297051081127687,-0.12650823764311048,-0.15971838549880546,808386124.9070303
2026-08-24,CWST,FINAL_VINTAGE_ADJUSTED_DISCOVERY_ONLY,data/baskets/ohlcv/CWST.parquet,2026-08-24,OBSERVED,94.77999877929688,0.0612473560657576,0.0731541665063421,0.06029756601914249,0.027087418163447508,49318678.19620768
2026-08-24,DAVE,FINAL_VINTAGE_ADJUSTED_DISCOVERY_ONLY,data/baskets/ohlcv/DAVE.parquet,2026-08-24,OBSERVED,354.7900085449219,0.03912959070888422,0.051036401149468724,-0.11921250541128081,-0.1524226532669758,163311396.60542807
2026-08-24,DEA,FINAL_VINTAGE_ADJUSTED_DISCOVERY_ONLY,data/baskets/ohlcv/DEA.parquet,2026-08-24,OBSERVED,24.959999084472656,0.017529489840627965,0.02943630028121247,0.0034844520131758205,-0.029725695842519162,9130368.258094788
2026-08-24,DVA,FINAL_VINTAGE_ADJUSTED_DISCOVERY_ONLY,data/baskets/ohlcv/DVA.parquet,2026-08-24,OBSERVED,176.5,-0.0011318446615523614,0.010774965779032142,-0.250339797104252,-0.283549944959947,203012555.08212134
2026-08-24,ECL,FINAL_VINTAGE_ADJUSTED_DISCOVERY_ONLY,data/baskets/ohlcv/ECL.parquet,2026-08-24,OBSERVED,286.2196350097656,0.04038580659131186,0.05229261703189636,0.06783256919251546,0.034622421336820475,409545722.2355434
2026-08-24,ELS,FINAL_VINTAGE_ADJUSTED_DISCOVERY_ONLY,data/yahoo/ELS.parquet,2026-08-24,OBSERVED,65.14055633544922,0.013099053740352584,0.025005864180937087,-0.004693435170921245,-0.03790358302661623,89319297.71434239
2026-08-24,FCFS,FINAL_VINTAGE_ADJUSTED_DISCOVERY_ONLY,data/baskets/ohlcv/FCFS.parquet,2026-08-24,OBSERVED,236.42999267578125,0.09336841782153704,0.10527522826212155,0.2145081856192954,0.18129803776360043,86029620.63634963
2026-08-24,FCN,FINAL_VINTAGE_ADJUSTED_DISCOVERY_ONLY,data/yahoo/FCN.parquet,2026-08-24,OBSERVED,155.52000427246094,0.03804563255631854,0.049952442996903046,-0.02672250574556123,-0.059932653601256214,70524926.41114734
2026-08-24,FE,FINAL_VINTAGE_ADJUSTED_DISCOVERY_ONLY,data/baskets/ohlcv/FE.parquet,2026-08-24,OBSERVED,46.56999969482422,-0.017924894705663386,-0.006018084265078882,-0.0578589570473127,-0.09106910490300768,217023472.56095523
2026-08-24,FMC,FINAL_VINTAGE_ADJUSTED_DISCOVERY_ONLY,data/baskets/ohlcv/FMC.parquet,2026-08-24,OBSERVED,11.180726051330566,0.10805497138667253,0.11996178182725703,-0.001769915573315739,-0.03498006342901072,38408817.30133692
2026-08-24,HLI,FINAL_VINTAGE_ADJUSTED_DISCOVERY_ONLY,data/yahoo/HLI.parquet,2026-08-24,OBSERVED,128.27279663085938,0.02978757234877638,0.041694382789360884,-0.08043919780342035,-0.11364934565911533,127564476.80562337
2026-08-24,HLT,FINAL_VINTAGE_ADJUSTED_DISCOVERY_ONLY,data/baskets/ohlcv/HLT.parquet,2026-08-24,OBSERVED,330.07000732421875,0.012572933772862172,0.024479744213446675,0.016156210049990793,-0.01705393780570419,699469127.6836576
2026-08-24,HOG,FINAL_VINTAGE_ADJUSTED_DISCOVERY_ONLY,data/baskets/ohlcv/HOG.parquet,2026-08-24,OBSERVED,28.097230911254883,0.046614908952713696,0.0585217193932982,0.10984705308965848,0.07663690523396349,55342521.82467324
2026-08-24,HST,FINAL_VINTAGE_ADJUSTED_DISCOVERY_ONLY,data/baskets/ohlcv/HST.parquet,2026-08-24,OBSERVED,22.983314514160156,0.016659379829708998,0.0285661902702935,-0.05346939634762682,-0.0866795442033218,241349677.2306624
2026-08-24,LNN,FINAL_VINTAGE_ADJUSTED_DISCOVERY_ONLY,data/baskets/ohlcv/LNN.parquet,2026-08-24,OBSERVED,116.23999786376953,0.019291449759561097,0.0311982602001456,0.023386584225113527,-0.009823563630581456,13133031.182025727
2026-08-24,MAT,FINAL_VINTAGE_ADJUSTED_DISCOVERY_ONLY,data/yahoo/MAT.parquet,2026-08-24,OBSERVED,14.819999694824219,0.016460889737587747,0.02836770017817225,0.03347277106895308,0.00026262321325809523,55629167.710031785
2026-08-24,MCO,FINAL_VINTAGE_ADJUSTED_DISCOVERY_ONLY,data/baskets/ohlcv/MCO.parquet,2026-08-24,OBSERVED,511.3500061035156,0.07163063837614292,0.08353744881672742,0.08680936007198548,0.05359921221629049,364268148.3301072
2026-08-24,MMI,FINAL_VINTAGE_ADJUSTED_DISCOVERY_ONLY,data/baskets/ohlcv/MMI.parquet,2026-08-24,OBSERVED,32.158206939697266,0.0447951945336047,0.0567020049741892,0.06714938150236471,0.03393923364666973,3972178.9683114914
2026-08-24,MMS,FINAL_VINTAGE_ADJUSTED_DISCOVERY_ONLY,data/baskets/ohlcv/MMS.parquet,2026-08-24,OBSERVED,58.2400016784668,0.06999818761582333,0.08190499805640783,-0.0181855960114351,-0.051395743867130084,37015380.285026915
2026-08-24,NBIX,FINAL_VINTAGE_ADJUSTED_DISCOVERY_ONLY,data/yahoo/NBIX.parquet,2026-08-24,OBSERVED,153.0399932861328,-0.009385799439921794,0.0025210110006627096,-0.12931678007525305,-0.16252692793094803,236908397.4921817
2026-08-24,NVR,FINAL_VINTAGE_ADJUSTED_DISCOVERY_ONLY,data/baskets/ohlcv/NVR.parquet,2026-08-24,OBSERVED,6397.58984375,0.015679064905716356,0.02758587534630086,-0.0026626589260274613,-0.035872806781722444,206731209.54706103
2026-08-24,OHI,FINAL_VINTAGE_ADJUSTED_DISCOVERY_ONLY,data/yahoo/OHI.parquet,2026-08-24,OBSERVED,46.59000015258789,0.00042947085880906677,0.01233628129939357,-0.08692461837596788,-0.12013476623166286,92081575.81580026
2026-08-24,PCG,FINAL_VINTAGE_ADJUSTED_DISCOVERY_ONLY,data/baskets/ohlcv/PCG.parquet,2026-08-24,OBSERVED,18.03565788269043,0.03485716249391513,0.04676397293449963,0.014565902188200752,-0.01864424566749423,457995821.05454034
2026-08-24,PECO,FINAL_VINTAGE_ADJUSTED_DISCOVERY_ONLY,data/baskets/ohlcv/PECO.parquet,2026-08-24,OBSERVED,39.511348724365234,-0.00801001944394275,0.0038967909966417524,-0.08715913322243396,-0.12036928107812894,34714247.84322466
2026-08-24,PRDO,FINAL_VINTAGE_ADJUSTED_DISCOVERY_ONLY,data/baskets/ohlcv/PRDO.parquet,2026-08-24,OBSERVED,32.8411750793457,0.030274570006229462,0.042181380446813965,0.0872858681216826,0.054075720265987615,22608279.544875734
2026-08-24,PSMT,FINAL_VINTAGE_ADJUSTED_DISCOVERY_ONLY,data/baskets/ohlcv/PSMT.parquet,2026-08-24,OBSERVED,174.86000061035156,-0.02850160967969595,-0.016594799239111446,-0.05744292017357766,-0.09065306802927264,44855475.58470227
2026-08-24,QCOM,FINAL_VINTAGE_ADJUSTED_DISCOVERY_ONLY,data/baskets/ohlcv/QCOM.parquet,2026-08-24,OBSERVED,157.67185974121094,-0.02250589934155356,-0.010599088900969056,-0.05054802705756967,-0.08375817491326465,1776376107.9782395
2026-08-24,REXR,FINAL_VINTAGE_ADJUSTED_DISCOVERY_ONLY,data/yahoo/REXR.parquet,2026-08-24,OBSERVED,37.23185729980469,0.05047396193387099,0.062380772374455495,-0.03410262842903378,-0.06731277628472876,93471171.7103504
2026-08-24,RHI,FINAL_VINTAGE_ADJUSTED_DISCOVERY_ONLY,data/yahoo/RHI.parquet,2026-08-24,OBSERVED,44.529998779296875,0.06239691290468641,0.07430372334527091,0.2785490794014913,0.24533893154579633,86559279.06434195
2026-08-24,RNR,FINAL_VINTAGE_ADJUSTED_DISCOVERY_ONLY,data/yahoo/RNR.parquet,2026-08-24,OBSERVED,329.0115051269531,0.03428573018360326,0.04619254062418776,0.0009723713940648082,-0.032237776461630174,89864720.15206473
2026-08-24,ROL,FINAL_VINTAGE_ADJUSTED_DISCOVERY_ONLY,data/baskets/ohlcv/ROL.parquet,2026-08-24,OBSERVED,37.2599983215332,0.034425259522790075,0.04633206996337458,-0.02900541968403636,-0.06221556753973134,196431312.6765115
2026-08-24,SLGN,FINAL_VINTAGE_ADJUSTED_DISCOVERY_ONLY,data/yahoo/SLGN.parquet,2026-08-24,OBSERVED,42.28514862060547,0.019918539365386456,0.03182534980597096,-0.08464348959913925,-0.11785363745483424,55870343.36427961
2026-08-24,SNEX,FINAL_VINTAGE_ADJUSTED_DISCOVERY_ONLY,data/baskets/ohlcv/SNEX.parquet,2026-08-24,OBSERVED,67.75,-0.009647765338082204,0.0022590451025022995,-0.08766498719307636,-0.12087513504877134,69882211.71740577
2026-08-24,SPG,FINAL_VINTAGE_ADJUSTED_DISCOVERY_ONLY,data/baskets/ohlcv/SPG.parquet,2026-08-24,OBSERVED,218.38601684570312,-0.00424056167161202,0.007666248768972483,-0.039385529811532316,-0.0725956776672273,292886865.78746974
2026-08-24,SPGI,FINAL_VINTAGE_ADJUSTED_DISCOVERY_ONLY,data/baskets/ohlcv/SPGI.parquet,2026-08-24,OBSERVED,434.444580078125,0.060628987496825104,0.07253579793740961,0.02115390215920354,-0.012056245696491441,904521522.9605539
2026-08-24,STAG,FINAL_VINTAGE_ADJUSTED_DISCOVERY_ONLY,data/yahoo/STAG.parquet,2026-08-24,OBSERVED,36.660316467285156,0.006793509148613985,0.01870031958919849,-0.09875946614740727,-0.13196961400310225,61634927.55802699
2026-08-24,STC,FINAL_VINTAGE_ADJUSTED_DISCOVERY_ONLY,data/baskets/ohlcv/STC.parquet,2026-08-24,OBSERVED,69.35611724853516,0.027324787441354026,0.03923159788193853,0.03722932688478808,0.004019179029093101,13691015.433865502
2026-08-24,STRA,FINAL_VINTAGE_ADJUSTED_DISCOVERY_ONLY,data/baskets/ohlcv/STRA.parquet,2026-08-24,OBSERVED,83.38461303710938,0.04102109981227242,0.052927910252856925,0.11052349533929973,0.07731334748360474,25426791.150229316
2026-08-24,TDC,FINAL_VINTAGE_ADJUSTED_DISCOVERY_ONLY,data/baskets/ohlcv/TDC.parquet,2026-08-24,OBSERVED,27.520000457763672,-0.00036324840655332924,0.011543562034031174,-0.0350631130417034,-0.06827326089739838,92230197.6964224
2026-08-24,UGI,FINAL_VINTAGE_ADJUSTED_DISCOVERY_ONLY,data/yahoo/UGI.parquet,2026-08-24,OBSERVED,37.810325622558594,0.08834422235723172,0.10025103279781622,0.023037714216825878,-0.010172433638869105,88168696.2205251
2026-08-24,UPS,FINAL_VINTAGE_ADJUSTED_DISCOVERY_ONLY,data/baskets/ohlcv/UPS.parquet,2026-08-24,OBSERVED,102.72000122070312,0.0068614448213109025,0.018768255261895406,-0.0908810010783524,-0.12409114893404738,562698190.8769517
2026-08-24,UTHR,FINAL_VINTAGE_ADJUSTED_DISCOVERY_ONLY,data/yahoo/UTHR.parquet,2026-08-24,OBSERVED,512.8800048828125,0.008653228841679406,0.02056003928226391,-0.029500192413147275,-0.06271034026884226,274462273.143514
2026-08-24,V,FINAL_VINTAGE_ADJUSTED_DISCOVERY_ONLY,data/baskets/ohlcv/V.parquet,2026-08-24,OBSERVED,382.4100036621094,0.06568389132973018,0.07759070177031469,0.07696751077520925,0.043757362919514264,2716599085.888381
2026-08-24,VALE,FINAL_VINTAGE_ADJUSTED_DISCOVERY_ONLY,data/yahoo/VALE.parquet,2026-08-24,OBSERVED,15.039999961853027,0.09381817904385659,0.10572498948444109,0.045916212939077106,0.012706065083382123,350906689.9437632
2026-08-24,VIR,FINAL_VINTAGE_ADJUSTED_DISCOVERY_ONLY,data/baskets/ohlcv/VIR.parquet,2026-08-24,OBSERVED,9.90999984741211,0.05537800693043926,0.06728481737102376,0.14039129182270882,0.10718114396701384,13473324.636150543
2026-08-24,VTR,FINAL_VINTAGE_ADJUSTED_DISCOVERY_ONLY,data/baskets/ohlcv/VTR.parquet,2026-08-24,OBSERVED,92.91075134277344,0.02522760763797227,0.037134418078556775,-0.07022781636347397,-0.10343796421916895,323303470.5370222
2026-08-24,WMG,FINAL_VINTAGE_ADJUSTED_DISCOVERY_ONLY,data/yahoo/WMG.parquet,2026-08-24,OBSERVED,27.760000228881836,0.06050640002436625,0.07241321046495075,0.05331661640563712,0.020106468549942136,62985507.73464385
2026-08-24,YUM,FINAL_VINTAGE_ADJUSTED_DISCOVERY_ONLY,data/baskets/ohlcv/YUM.parquet,2026-08-24,OBSERVED,156.56068420410156,0.08412572457413114,0.09603253501471565,0.05660766932185779,0.023397521466162807,390319813.3821033
2026-08-25,AJG,FINAL_VINTAGE_ADJUSTED_DISCOVERY_ONLY,data/baskets/ohlcv/AJG.parquet,2026-08-25,OBSERVED,267.79449462890625,0.08113226097612114,0.08313899713576067,0.05979635814227757,0.02350860995646209,352201703.84485155
2026-08-25,ALHC,FINAL_VINTAGE_ADJUSTED_DISCOVERY_ONLY,data/baskets/ohlcv/ALHC.parquet,2026-08-25,OBSERVED,13.59000015258789,0.027210931429156426,0.02921766758879596,-0.2720942636822127,-0.30838201186802816,83497775.09608042
2026-08-25,ALV,FINAL_VINTAGE_ADJUSTED_DISCOVERY_ONLY,data/yahoo/ALV.parquet,2026-08-25,OBSERVED,123.09257507324219,0.030678449908223326,0.03268518606786286,0.03636517332951694,7.742514370145948e-05,64927865.8997672
2026-08-25,AMN,FINAL_VINTAGE_ADJUSTED_DISCOVERY_ONLY,data/baskets/ohlcv/AMN.parquet,2026-08-25,OBSERVED,33.90999984741211,-0.018239752501917894,-0.01623301634227836,0.013751840776706548,-0.022535907409108935,25085886.010596864
2026-08-25,ASTE,FINAL_VINTAGE_ADJUSTED_DISCOVERY_ONLY,data/baskets/ohlcv/ASTE.parquet,2026-08-25,OBSERVED,43.79999923706055,0.057970957070651696,0.05997769323029123,-0.2176481927165741,-0.2539359409023896,14054968.962642124
2026-08-25,AZN,FINAL_VINTAGE_ADJUSTED_DISCOVERY_ONLY,data/baskets/ohlcv/AZN.parquet,2026-08-25,OBSERVED,169.66000366210938,0.05971266204957271,0.06171939820921224,0.00011792190835246963,-0.03616982627746301,701091235.5551584
2026-08-25,BALL,FINAL_VINTAGE_ADJUSTED_DISCOVERY_ONLY,data/baskets/ohlcv/BALL.parquet,2026-08-25,OBSERVED,63.8764762878418,0.03907900143679144,0.04108573759643097,-0.009123198237435015,-0.0454109464232505,117293449.1333916
2026-08-25,BL,FINAL_VINTAGE_ADJUSTED_DISCOVERY_ONLY,data/baskets/ohlcv/BL.parquet,2026-08-25,OBSERVED,31.6299991607666,0.046311599064837505,0.04831833522447704,0.03163729022119899,-0.0046504579646164945,35441313.186336696
2026-08-25,CMG,FINAL_VINTAGE_ADJUSTED_DISCOVERY_ONLY,data/baskets/ohlcv/CMG.parquet,2026-08-25,OBSERVED,37.43000030517578,0.12200238670143504,0.12400912286107457,0.1274096218382681,0.09112187365245261,679163938.6243185
2026-08-25,CPNG,FINAL_VINTAGE_ADJUSTED_DISCOVERY_ONLY,data/yahoo/CPNG.parquet,2026-08-25,OBSERVED,16.690000534057617,0.07124522566027869,0.07325196181991822,0.047708739128831334,0.011420990943015852,290714791.2558646
2026-08-25,CWST,FINAL_VINTAGE_ADJUSTED_DISCOVERY_ONLY,data/baskets/ohlcv/CWST.parquet,2026-08-25,OBSERVED,93.43000030517578,0.03915022244126365,0.04115695860090318,0.046248567886657765,0.009960819700842283,48460269.43439302
2026-08-25,DEA,FINAL_VINTAGE_ADJUSTED_DISCOVERY_ONLY,data/baskets/ohlcv/DEA.parquet,2026-08-25,OBSERVED,25.100000381469727,0.02448981148856033,0.026496547648199864,0.013916472962839155,-0.022371275222976328,9196873.174385797
2026-08-25,DVA,FINAL_VINTAGE_ADJUSTED_DISCOVERY_ONLY,data/baskets/ohlcv/DVA.parquet,2026-08-25,OBSERVED,177.8000030517578,-0.0006182935646523724,0.0013884425949871604,-0.2475984728167424,-0.2838862210025579,200871859.76271856
2026-08-25,ECL,FINAL_VINTAGE_ADJUSTED_DISCOVERY_ONLY,data/baskets/ohlcv/ECL.parquet,2026-08-25,OBSERVED,288.7728271484375,0.03407138009754407,0.0360781162571836,0.06691721676514817,0.030629468579332686,414482910.53336006
2026-08-25,FCFS,FINAL_VINTAGE_ADJUSTED_DISCOVERY_ONLY,data/baskets/ohlcv/FCFS.parquet,2026-08-25,OBSERVED,229.50999450683594,0.07882856341380862,0.08083529957344815,0.11235430232139354,0.07606655413557806,87095553.11337426
2026-08-25,FE,FINAL_VINTAGE_ADJUSTED_DISCOVERY_ONLY,data/baskets/ohlcv/FE.parquet,2026-08-25,OBSERVED,46.619998931884766,-0.013542095056673586,-0.011535358897034054,-0.04537359591570933,-0.08166134410152481,214306218.16311792
2026-08-25,FMC,FINAL_VINTAGE_ADJUSTED_DISCOVERY_ONLY,data/baskets/ohlcv/FMC.parquet,2026-08-25,OBSERVED,11.071694374084473,0.10375493977200279,0.10576167593164232,0.00449645664369025,-0.03179129154212523,38180887.6318432
2026-08-25,GLXY,FINAL_VINTAGE_ADJUSTED_DISCOVERY_ONLY,data/baskets/ohlcv/GLXY.parquet,2026-08-25,OBSERVED,24.790000915527344,0.213411676222393,0.21541841238203252,0.0920704882089729,0.05578274002315742,151180752.72100538
2026-08-25,HLI,FINAL_VINTAGE_ADJUSTED_DISCOVERY_ONLY,data/yahoo/HLI.parquet,2026-08-25,OBSERVED,128.36231994628906,0.01598300534171826,0.017989741501357792,-0.086442460615887,-0.12273020880170249,126607660.75810024
2026-08-25,HLT,FINAL_VINTAGE_ADJUSTED_DISCOVERY_ONLY,data/baskets/ohlcv/HLT.parquet,2026-08-25,OBSERVED,329.30999755859375,0.00524784719768423,0.007254583357323763,-0.004201503475475432,-0.040489251661290915,687739629.884847
2026-08-25,HOOD,FINAL_VINTAGE_ADJUSTED_DISCOVERY_ONLY,data/baskets/ohlcv/HOOD.parquet,2026-08-25,OBSERVED,112.08999633789062,0.2246257820692139,0.22663251822885344,0.1718765765786605,0.13558882839284503,1937419811.1247835
2026-08-25,HST,FINAL_VINTAGE_ADJUSTED_DISCOVERY_ONLY,data/baskets/ohlcv/HST.parquet,2026-08-25,OBSERVED,22.795007705688477,0.003490383372041661,0.005497119531681194,-0.07889468123224486,-0.11518242941806034,240384819.50344813
2026-08-25,IART,FINAL_VINTAGE_ADJUSTED_DISCOVERY_ONLY,data/baskets/ohlcv/IART.parquet,2026-08-25,OBSERVED,16.790000915527344,-0.04330474954826813,-0.041298013388628596,-0.1402969623545256,-0.17658471054034108,14146919.933400836
2026-08-25,LRN,FINAL_VINTAGE_ADJUSTED_DISCOVERY_ONLY,data/baskets/ohlcv/LRN.parquet,2026-08-25,OBSERVED,85.58999633789062,0.021848067752956668,0.0238548039125962,-0.04984464256101018,-0.08613239074682566,97216116.12912133
2026-08-25,MCO,FINAL_VINTAGE_ADJUSTED_DISCOVERY_ONLY,data/baskets/ohlcv/MCO.parquet,2026-08-25,OBSERVED,513.1099853515625,0.05623824353339768,0.05824497969303721,0.058100145773952505,0.021812397588137022,360324371.20317733
2026-08-25,MMI,FINAL_VINTAGE_ADJUSTED_DISCOVERY_ONLY,data/baskets/ohlcv/MMI.parquet,2026-08-25,OBSERVED,32.13837432861328,0.025965885821610524,0.027972621981250056,0.042135778648992206,0.005848030463176723,3913695.211728414
2026-08-25,MMS,FINAL_VINTAGE_ADJUSTED_DISCOVERY_ONLY,data/baskets/ohlcv/MMS.parquet,2026-08-25,OBSERVED,58.529998779296875,0.03794998072018552,0.03995671687982505,-0.03370129416602208,-0.06998904235183756,36326438.711348034
2026-08-25,NBIX,FINAL_VINTAGE_ADJUSTED_DISCOVERY_ONLY,data/yahoo/NBIX.parquet,2026-08-25,OBSERVED,153.3699951171875,-0.00557609177316476,-0.003569355613525227,-0.13060488672202542,-0.1668926349078409,235714150.7338751
2026-08-25,NVR,FINAL_VINTAGE_ADJUSTED_DISCOVERY_ONLY,data/baskets/ohlcv/NVR.parquet,2026-08-25,OBSERVED,6433.740234375,0.029666955335696077,0.03167369149533561,0.019361391127394434,-0.01692635705842105,207036475.36737353
2026-08-25,NXPI,FINAL_VINTAGE_ADJUSTED_DISCOVERY_ONLY,data/baskets/ohlcv/NXPI.parquet,2026-08-25,OBSERVED,223.74317932128906,-0.016669543581776747,-0.014662807422137214,-0.16034671981542237,-0.19663446800123785,983981019.309271
2026-08-25,OHI,FINAL_VINTAGE_ADJUSTED_DISCOVERY_ONLY,data/yahoo/OHI.parquet,2026-08-25,OBSERVED,46.95000076293945,0.01098195846924832,0.012988694628887854,-0.07414088055178147,-0.11042862873759696,91499759.81492542
2026-08-25,PCG,FINAL_VINTAGE_ADJUSTED_DISCOVERY_ONLY,data/baskets/ohlcv/PCG.parquet,2026-08-25,OBSERVED,18.284631729125977,0.030303105210093273,0.032309841369732806,0.04318190944121647,0.006894161255400988,458087449.85500515
2026-08-25,PECO,FINAL_VINTAGE_ADJUSTED_DISCOVERY_ONLY,data/baskets/ohlcv/PECO.parquet,2026-08-25,OBSERVED,39.79050827026367,0.004277703958045942,0.006284440117685475,-0.07646646910135768,-0.11275421728717316,34199263.12980652
2026-08-25,PLNT,FINAL_VINTAGE_ADJUSTED_DISCOVERY_ONLY,data/yahoo/PLNT.parquet,2026-08-25,OBSERVED,52.540000915527344,-0.01536731044686579,-0.013360574287226257,-0.030984881360244132,-0.06727262954605961,114710435.28237116
2026-08-25,PRDO,FINAL_VINTAGE_ADJUSTED_DISCOVERY_ONLY,data/baskets/ohlcv/PRDO.parquet,2026-08-25,OBSERVED,33.239131927490234,0.02296393121445406,0.02497066737409359,0.053278737570081613,0.01699098938426613,22455460.878308613
2026-08-25,PRVA,FINAL_VINTAGE_ADJUSTED_DISCOVERY_ONLY,data/baskets/ohlcv/PRVA.parquet,2026-08-25,OBSERVED,21.200000762939453,-0.01486987397850048,-0.012863137818860948,-0.14065663974962472,-0.1769443879354402,27534446.123105004
2026-08-25,PSMT,FINAL_VINTAGE_ADJUSTED_DISCOVERY_ONLY,data/baskets/ohlcv/PSMT.parquet,2026-08-25,OBSERVED,177.2100067138672,0.0028863031943027195,0.004893039353942252,-0.055576753023851344,-0.09186450120966683,45689678.17302886
2026-08-25,QCOM,FINAL_VINTAGE_ADJUSTED_DISCOVERY_ONLY,data/baskets/ohlcv/QCOM.parquet,2026-08-25,OBSERVED,159.6908721923828,0.0023096552804058312,0.004316391440045364,-0.05575156907809764,-0.09203931726391312,1762659575.0989642
2026-08-25,REXR,FINAL_VINTAGE_ADJUSTED_DISCOVERY_ONLY,data/yahoo/REXR.parquet,2026-08-25,OBSERVED,37.18244171142578,0.015658736553831654,0.017665472713471186,-0.028158045108029106,-0.06444579329384459,88822613.13164121
2026-08-25,RHI,FINAL_VINTAGE_ADJUSTED_DISCOVERY_ONLY,data/yahoo/RHI.parquet,2026-08-25,OBSERVED,44.900001525878906,0.039645917145714415,0.04165265330535395,0.14481382849384028,0.1085260803080248,88431851.04397365
2026-08-25,RNR,FINAL_VINTAGE_ADJUSTED_DISCOVERY_ONLY,data/yahoo/RNR.parquet,2026-08-25,OBSERVED,328.7917785644531,0.026440502343630712,0.028447238503270245,0.0010035261386922567,-0.035284222047123226,88048679.10970052
2026-08-25,SLGN,FINAL_VINTAGE_ADJUSTED_DISCOVERY_ONLY,data/yahoo/SLGN.parquet,2026-08-25,OBSERVED,42.444339752197266,0.03745146676410993,0.039458202923749464,-0.084156320152731,-0.12044406833854648,51530230.21654402
2026-08-25,SPGI,FINAL_VINTAGE_ADJUSTED_DISCOVERY_ONLY,data/baskets/ohlcv/SPGI.parquet,2026-08-25,OBSERVED,432.0199890136719,0.035762117649073,0.03776885380871253,-0.015551462851829179,-0.05183921103764466,875960029.0066674
2026-08-25,STAG,FINAL_VINTAGE_ADJUSTED_DISCOVERY_ONLY,data/yahoo/STAG.parquet,2026-08-25,OBSERVED,36.70978927612305,0.014215295755193313,0.016222031914832846,-0.0871063563079989,-0.12339410449381438,59469386.620766774
2026-08-25,STC,FINAL_VINTAGE_ADJUSTED_DISCOVERY_ONLY,data/baskets/ohlcv/STC.parquet,2026-08-25,OBSERVED,68.73129272460938,0.018967763229108536,0.02097449938874807,0.04461872379248599,0.00833097560667051,13293548.484911237
2026-08-25,STRA,FINAL_VINTAGE_ADJUSTED_DISCOVERY_ONLY,data/baskets/ohlcv/STRA.parquet,2026-08-25,OBSERVED,85.39974212646484,0.04965838206444895,0.05166511822408848,0.09522586465341454,0.058938116467599055,25670214.384714764
2026-08-25,SW,FINAL_VINTAGE_ADJUSTED_DISCOVERY_ONLY,data/baskets/ohlcv/SW.parquet,2026-08-25,OBSERVED,49.43000030517578,0.04503173578164321,0.047038471941282745,-0.00417763783322922,-0.0404653860190447,228183184.34201196
2026-08-25,TDC,FINAL_VINTAGE_ADJUSTED_DISCOVERY_ONLY,data/baskets/ohlcv/TDC.parquet,2026-08-25,OBSERVED,27.3700008392334,-0.03863710926066355,-0.036630373101024016,-0.0812353139281905,-0.11752306211400598,89598404.94877043
2026-08-25,UGI,FINAL_VINTAGE_ADJUSTED_DISCOVERY_ONLY,data/yahoo/UGI.parquet,2026-08-25,OBSERVED,37.96873474121094,-0.0010419867883864065,0.0009647493712531263,0.03957709509500962,0.003289346909194135,89971050.97349258
2026-08-25,UPS,FINAL_VINTAGE_ADJUSTED_DISCOVERY_ONLY,data/baskets/ohlcv/UPS.parquet,2026-08-25,OBSERVED,105.13999938964844,0.03149219145356619,0.03349892761320572,-0.054304066594557,-0.09059181478037248,563580204.6322414
2026-08-25,UTHR,FINAL_VINTAGE_ADJUSTED_DISCOVERY_ONLY,data/yahoo/UTHR.parquet,2026-08-25,OBSERVED,518.530029296875,0.0005016878380503798,0.0025084239976899125,-0.01782394420012834,-0.05411169238594382,285261846.83997744
2026-08-25,V,FINAL_VINTAGE_ADJUSTED_DISCOVERY_ONLY,data/baskets/ohlcv/V.parquet,2026-08-25,OBSERVED,384.1400146484375,0.054605393681365744,0.056612129841005276,0.06157739225990966,0.025289644074094175,2726314913.8440814
2026-08-25,VALE,FINAL_VINTAGE_ADJUSTED_DISCOVERY_ONLY,data/yahoo/VALE.parquet,2026-08-25,OBSERVED,15.329999923706055,0.12061400451182758,0.12262074067146711,0.0668047867103192,0.030517038524503715,353703861.21543247
2026-08-25,VCYT,FINAL_VINTAGE_ADJUSTED_DISCOVERY_ONLY,data/baskets/ohlcv/VCYT.parquet,2026-08-25,OBSERVED,44.040000915527344,0.0825958845905923,0.08460262075023184,-0.20805609724576257,-0.24434384543157806,65926984.732745945
2026-08-25,VIR,FINAL_VINTAGE_ADJUSTED_DISCOVERY_ONLY,data/baskets/ohlcv/VIR.parquet,2026-08-25,OBSERVED,10.710000038146973,0.12855640637018273,0.13056314252982226,0.21704543250158848,0.180757684315773,14276268.054771423
2026-08-25,VTR,FINAL_VINTAGE_ADJUSTED_DISCOVERY_ONLY,data/baskets/ohlcv/VTR.parquet,2026-08-25,OBSERVED,93.26860046386719,0.028837732263558014,0.030844468423197546,-0.06273097924735582,-0.0990187274331713,317847073.89130366
2026-08-25,WMG,FINAL_VINTAGE_ADJUSTED_DISCOVERY_ONLY,data/yahoo/WMG.parquet,2026-08-25,OBSERVED,28.059999465942383,0.07482036611274445,0.07682710227238398,0.023823745703742683,-0.0124640024820728,63362456.68543861
2026-08-25,YUM,FINAL_VINTAGE_ADJUSTED_DISCOVERY_ONLY,data/baskets/ohlcv/YUM.parquet,2026-08-25,OBSERVED,155.48609924316406,0.07876573615577187,0.0807724723154114,0.05730723660202397,0.021019488416208487,390202484.32704383
2026-08-26,AEO,FINAL_VINTAGE_ADJUSTED_DISCOVERY_ONLY,data/baskets/ohlcv/AEO.parquet,2026-08-26,OBSERVED,17.59000015258789,0.05518896653169536,0.05906379670007622,-0.03031969435315429,-0.0643612181722113,74835592.28297642
2026-08-26,AGCO,FINAL_VINTAGE_ADJUSTED_DISCOVERY_ONLY,data/yahoo/AGCO.parquet,2026-08-26,OBSERVED,111.55999755859375,0.1209807206757596,0.12485555084414046,-0.09548501259092923,-0.12952653640998624,106957243.02437192
2026-08-26,AHR,FINAL_VINTAGE_ADJUSTED_DISCOVERY_ONLY,data/baskets/ohlcv/AHR.parquet,2026-08-26,OBSERVED,56.88561248779297,0.035507187855859046,0.039382018024239906,-0.009702078963794047,-0.043743602782851054,165893673.40316772
2026-08-26,ALV,FINAL_VINTAGE_ADJUSTED_DISCOVERY_ONLY,data/yahoo/ALV.parquet,2026-08-26,OBSERVED,122.65568542480469,0.010305073719529378,0.014179903887910239,-0.004673292385376393,-0.0387148162044334,64941177.71283104
2026-08-26,AM,FINAL_VINTAGE_ADJUSTED_DISCOVERY_ONLY,data/yahoo/AM.parquet,2026-08-26,OBSERVED,22.59000015258789,0.007582518988199949,0.01145734915658081,0.049477377604262074,0.015435853785205067,55756941.61227998
2026-08-26,BALL,FINAL_VINTAGE_ADJUSTED_DISCOVERY_ONLY,data/baskets/ohlcv/BALL.parquet,2026-08-26,OBSERVED,63.84657287597656,0.022836197055365215,0.026711027223746076,-0.04245774386811241,-0.07649926768716941,112737434.44157556
2026-08-26,BGC,FINAL_VINTAGE_ADJUSTED_DISCOVERY_ONLY,data/baskets/ohlcv/BGC.parquet,2026-08-26,OBSERVED,11.899999618530273,0.10185179707117786,0.10572662723955872,-0.0040486786461793045,-0.03809020246523631,32569388.98219154
2026-08-26,CCJ,FINAL_VINTAGE_ADJUSTED_DISCOVERY_ONLY,data/baskets/ohlcv/CCJ.parquet,2026-08-26,OBSERVED,107.36000061035156,0.095733791917187,0.09960862208556787,0.23459063639205446,0.20054911257299746,287618996.78017753
2026-08-26,CENTA,FINAL_VINTAGE_ADJUSTED_DISCOVERY_ONLY,data/baskets/ohlcv/CENTA.parquet,2026-08-26,OBSERVED,38.18000030517578,-0.008311680385044595,-0.004436850216663735,-0.021025633200621008,-0.055067157019678015,12253281.542950585
2026-08-26,CHD,FINAL_VINTAGE_ADJUSTED_DISCOVERY_ONLY,data/baskets/ohlcv/CHD.parquet,2026-08-26,OBSERVED,102.86000061035156,0.03888494486469951,0.04275977503308037,0.03245912455981714,-0.001582399259239864,193092446.077038
2026-08-26,CHRW,FINAL_VINTAGE_ADJUSTED_DISCOVERY_ONLY,data/baskets/ohlcv/CHRW.parquet,2026-08-26,OBSERVED,151.07835388183594,0.04988926456956122,0.05376409473794208,-0.1039919357137602,-0.1380334595328172,303216426.32998514
2026-08-26,CI,FINAL_VINTAGE_ADJUSTED_DISCOVERY_ONLY,data/baskets/ohlcv/CI.parquet,2026-08-26,OBSERVED,279.3191223144531,0.012326571865203695,0.016201402033584555,-0.06706305853774186,-0.10110458235679887,510193214.5560128
2026-08-26,CTRE,FINAL_VINTAGE_ADJUSTED_DISCOVERY_ONLY,data/baskets/ohlcv/CTRE.parquet,2026-08-26,OBSERVED,39.52127456665039,0.003013610914445186,0.006888441082826047,-0.06529370003317403,-0.09933522385223104,91015799.40052941
2026-08-26,CVS,FINAL_VINTAGE_ADJUSTED_DISCOVERY_ONLY,data/baskets/ohlcv/CVS.parquet,2026-08-26,OBSERVED,94.31999969482422,0.007154278249105639,0.0110291084174865,-0.1373696464800538,-0.1714111702991108,779352486.3949367
2026-08-26,CWST,FINAL_VINTAGE_ADJUSTED_DISCOVERY_ONLY,data/baskets/ohlcv/CWST.parquet,2026-08-26,OBSERVED,93.73999786376953,0.009585346303441211,0.013460176471822072,0.02897913758361237,-0.005062386235444638,46933900.596073695
2026-08-26,DHI,FINAL_VINTAGE_ADJUSTED_DISCOVERY_ONLY,data/baskets/ohlcv/DHI.parquet,2026-08-26,OBSERVED,149.25,-0.017186886605172647,-0.013312056436791786,-0.009693138200951412,-0.04373466202000842,301308870.51384336
2026-08-26,ELAN,FINAL_VINTAGE_ADJUSTED_DISCOVERY_ONLY,data/yahoo/ELAN.parquet,2026-08-26,OBSERVED,25.079999923706055,0.02367346627371658,0.027548296442097442,-0.017241399928100698,-0.051282923747157705,203438735.51968166
2026-08-26,ELV,FINAL_VINTAGE_ADJUSTED_DISCOVERY_ONLY,data/baskets/ohlcv/ELV.parquet,2026-08-26,OBSERVED,400.7955627441406,0.010264750405563072,0.014139580573943933,0.04357970463795047,0.00953818081889346,358721335.6003534
2026-08-26,EU,FINAL_VINTAGE_ADJUSTED_DISCOVERY_ONLY,data/baskets/ohlcv/EU.parquet,2026-08-26,OBSERVED,1.3700000047683716,0.268518472527282,0.27239330269566286,0.19130437667067945,0.15726285285162245,4627824.812122754
2026-08-26,EXTR,FINAL_VINTAGE_ADJUSTED_DISCOVERY_ONLY,data/baskets/ohlcv/EXTR.parquet,2026-08-26,OBSERVED,22.84000015258789,0.002193911147519101,0.0060687413158999615,-0.23841279336774357,-0.2724543171868006,45188855.91544197
2026-08-26,EZPW,FINAL_VINTAGE_ADJUSTED_DISCOVERY_ONLY,data/yahoo/EZPW.parquet,2026-08-26,OBSERVED,33.900001525878906,0.17913048785665753,0.1830053180250384,0.12849535594908623,0.09445383213002922,38124510.45314244
2026-08-26,FTRE,FINAL_VINTAGE_ADJUSTED_DISCOVERY_ONLY,data/baskets/ohlcv/FTRE.parquet,2026-08-26,OBSERVED,18.530000686645508,0.021499520954759488,0.02537435112314035,-0.10483091769634312,-0.13887244151540012,28010145.007742018
2026-08-26,GEN,FINAL_VINTAGE_ADJUSTED_DISCOVERY_ONLY,data/baskets/ohlcv/GEN.parquet,2026-08-26,OBSERVED,29.639999389648438,0.07625266537072228,0.08012749553910314,0.07942945172813376,0.04538792790907675,154181384.58579835
2026-08-26,GRBK,FINAL_VINTAGE_ADJUSTED_DISCOVERY_ONLY,data/baskets/ohlcv/GRBK.parquet,2026-08-26,OBSERVED,73.77999877929688,0.03405746821504341,0.03793229838342427,0.002037233892086654,-0.03200428992697035,17995074.371519543
2026-08-26,HE,FINAL_VINTAGE_ADJUSTED_DISCOVERY_ONLY,data/baskets/ohlcv/HE.parquet,2026-08-26,OBSERVED,11.489999771118164,-0.018787383972000526,-0.014912553803619666,-0.12822462025239523,-0.16226614407145223,25314143.418180376
2026-08-26,HLI,FINAL_VINTAGE_ADJUSTED_DISCOVERY_ONLY,data/yahoo/HLI.parquet,2026-08-26,OBSERVED,129.1183319091797,-0.002229151858715306,0.0016456783096655547,-0.10771981308499912,-0.14176133690405612,123047446.12325032
2026-08-26,HLT,FINAL_VINTAGE_ADJUSTED_DISCOVERY_ONLY,data/baskets/ohlcv/HLT.parquet,2026-08-26,OBSERVED,332.55999755859375,-0.006030497176935601,-0.0021556670085547402,0.0318872698066337,-0.0021542540124233067,657488170.7127162
2026-08-26,HOOD,FINAL_VINTAGE_ADJUSTED_DISCOVERY_ONLY,data/baskets/ohlcv/HOOD.parquet,2026-08-26,OBSERVED,108.54000091552734,0.13334034374100057,0.13721517390938143,0.17011641241794973,0.13607488859889272,1911251450.9358723
2026-08-26,INVA,FINAL_VINTAGE_ADJUSTED_DISCOVERY_ONLY,data/baskets/ohlcv/INVA.parquet,2026-08-26,OBSERVED,21.239999771118164,-0.01117317394007622,-0.007298343771695359,-0.0261347871976938,-0.060176311016750805,13759162.112889972
2026-08-26,IPAR,FINAL_VINTAGE_ADJUSTED_DISCOVERY_ONLY,data/baskets/ohlcv/IPAR.parquet,2026-08-26,OBSERVED,115.8370132446289,-0.0029057801428965524,0.0009690500254843082,-0.08615962683650724,-0.12020115065556425,30917753.967321485
2026-08-26,KDP,FINAL_VINTAGE_ADJUSTED_DISCOVERY_ONLY,data/baskets/ohlcv/KDP.parquet,2026-08-26,OBSERVED,31.978126525878906,0.037025060310538205,0.040899890478919065,0.03635775167194466,0.0023162278528876534,371355141.064771
2026-08-26,KMPR,FINAL_VINTAGE_ADJUSTED_DISCOVERY_ONLY,data/baskets/ohlcv/KMPR.parquet,2026-08-26,OBSERVED,28.40999984741211,0.07587807628805776,0.07975290645643862,-0.07026321655244872,-0.10430474037150572,24039121.9583693
2026-08-26,LAUR,FINAL_VINTAGE_ADJUSTED_DISCOVERY_ONLY,data/baskets/ohlcv/LAUR.parquet,2026-08-26,OBSERVED,38.66999816894531,0.0075559430109291,0.011430773179309961,0.025185496222114967,-0.00885602759694204,35300427.12353297
2026-08-26,MMS,FINAL_VINTAGE_ADJUSTED_DISCOVERY_ONLY,data/baskets/ohlcv/MMS.parquet,2026-08-26,OBSERVED,58.970001220703125,0.00976026849197309,0.01363509866035395,-0.0576777259129555,-0.09171924973201251,35645461.85880388
2026-08-26,MPT,FINAL_VINTAGE_ADJUSTED_DISCOVERY_ONLY,data/yahoo/MPT.parquet,2026-08-26,OBSERVED,3.9858460426330566,-0.019230712821159623,-0.015355882652778763,-0.1552794949457793,-0.1893210187648363,32204884.361258008
2026-08-26,NXRT,FINAL_VINTAGE_ADJUSTED_DISCOVERY_ONLY,data/baskets/ohlcv/NXRT.parquet,2026-08-26,OBSERVED,23.648944854736328,0.006234358309883392,0.010109188478264253,-0.10033449596785748,-0.1343760197869145,7217151.18682498
2026-08-26,OI,FINAL_VINTAGE_ADJUSTED_DISCOVERY_ONLY,data/baskets/ohlcv/OI.parquet,2026-08-26,OBSERVED,7.440000057220459,0.13069910995227274,0.1345739401206536,-0.17880797873790577,-0.21284950255696278,24249398.882443566
2026-08-26,OSK,FINAL_VINTAGE_ADJUSTED_DISCOVERY_ONLY,data/yahoo/OSK.parquet,2026-08-26,OBSERVED,157.47999572753906,0.05091751293458535,0.05479234310296621,0.03645099548156128,0.00240947166250427,103826672.54100981
2026-08-26,PFGC,FINAL_VINTAGE_ADJUSTED_DISCOVERY_ONLY,data/yahoo/PFGC.parquet,2026-08-26,OBSERVED,102.47000122070312,-0.00841876473793246,-0.0045439345695516,-0.11304421099789819,-0.1470857348169552,194742585.30077252
2026-08-26,PGR,FINAL_VINTAGE_ADJUSTED_DISCOVERY_ONLY,data/baskets/ohlcv/PGR.parquet,2026-08-26,OBSERVED,222.4026641845703,0.02411745866994819,0.02799228883832905,0.013620618708979348,-0.02042090511007766,513642888.9435541
2026-08-26,PM,FINAL_VINTAGE_ADJUSTED_DISCOVERY_ONLY,data/baskets/ohlcv/PM.parquet,2026-08-26,OBSERVED,192.44967651367188,0.02195557901405021,0.02583040918243107,-0.030324208031750732,-0.06436573185080774,882957165.0589716
2026-08-26,POST,FINAL_VINTAGE_ADJUSTED_DISCOVERY_ONLY,data/yahoo/POST.parquet,2026-08-26,OBSERVED,81.97000122070312,0.039568837120599776,0.043443667288980636,-0.13093721919083934,-0.16497874300989634,86370617.12192354
2026-08-26,PPG,FINAL_VINTAGE_ADJUSTED_DISCOVERY_ONLY,data/baskets/ohlcv/PPG.parquet,2026-08-26,OBSERVED,114.41999816894531,0.004389045014365989,0.00826387518274685,-0.03258856771192653,-0.06663009153098354,183266239.69610304
2026-08-26,RNR,FINAL_VINTAGE_ADJUSTED_DISCOVERY_ONLY,data/yahoo/RNR.parquet,2026-08-26,OBSERVED,331.3186340332031,0.04567524612978335,0.049550076298164214,-0.0075095115604151275,-0.041551035379472134,83673718.35632324
2026-08-26,ROL,FINAL_VINTAGE_ADJUSTED_DISCOVERY_ONLY,data/baskets/ohlcv/ROL.parquet,2026-08-26,OBSERVED,36.70000076293945,0.012134651455429024,0.016009481623809885,-0.05463143568856155,-0.08867295950761855,190151286.19025093
2026-08-26,RRX,FINAL_VINTAGE_ADJUSTED_DISCOVERY_ONLY,data/yahoo/RRX.parquet,2026-08-26,OBSERVED,164.89894104003906,-0.02489822479205983,-0.02102339462367897,-0.1855812047015678,-0.2196227285206248,262821442.73594448
2026-08-26,SCI,FINAL_VINTAGE_ADJUSTED_DISCOVERY_ONLY,data/yahoo/SCI.parquet,2026-08-26,OBSERVED,85.00183868408203,0.026078646227908564,0.029953476396289425,0.004706936906430759,-0.029334586912626248,80447221.38969785
2026-08-26,SEDG,FINAL_VINTAGE_ADJUSTED_DISCOVERY_ONLY,data/yahoo/SEDG.parquet,2026-08-26,OBSERVED,33.08000183105469,0.01472403004296563,0.01859886021134649,-0.1744446697530776,-0.2084861935721346,132694987.51743862
2026-08-26,SFM,FINAL_VINTAGE_ADJUSTED_DISCOVERY_ONLY,data/yahoo/SFM.parquet,2026-08-26,OBSERVED,86.83000183105469,0.09454178528789647,0.09841661545627733,0.11649743576009297,0.08245591194103596,149696478.0802772
2026-08-26,SPGI,FINAL_VINTAGE_ADJUSTED_DISCOVERY_ONLY,data/baskets/ohlcv/SPGI.parquet,2026-08-26,OBSERVED,436.489990234375,0.025336365705519448,0.02921119587390031,0.030893720147991965,-0.0031478036710650414,819967395.922125
2026-08-26,STC,FINAL_VINTAGE_ADJUSTED_DISCOVERY_ONLY,data/baskets/ohlcv/STC.parquet,2026-08-26,OBSERVED,69.32637023925781,0.014513859883759084,0.018388690052139944,0.005755446168000056,-0.02828607765105695,12856370.655023484
2026-08-26,SW,FINAL_VINTAGE_ADJUSTED_DISCOVERY_ONLY,data/baskets/ohlcv/SW.parquet,2026-08-26,OBSERVED,49.560001373291016,0.017450262878147216,0.021325093046528076,-0.015513262944888973,-0.04955478676394598,213379106.44836426
2026-08-26,UEC,FINAL_VINTAGE_ADJUSTED_DISCOVERY_ONLY,data/baskets/ohlcv/UEC.parquet,2026-08-26,OBSERVED,13.130000114440918,0.12897678290969727,0.13285161307807813,0.39088990445779115,0.35684838063873414,91429381.13203049
2026-08-26,ULS,FINAL_VINTAGE_ADJUSTED_DISCOVERY_ONLY,data/yahoo/ULS.parquet,2026-08-26,OBSERVED,74.90379333496094,-0.013019514141476951,-0.00914468397309609,-0.18139179878450173,-0.21543332260355874,74619458.05813017
2026-08-26,VIR,FINAL_VINTAGE_ADJUSTED_DISCOVERY_ONLY,data/baskets/ohlcv/VIR.parquet,2026-08-26,OBSERVED,11.079999923706055,0.13408386945380335,0.1379586996221842,0.2519773385440227,0.2179358147249657,14876243.735613141
2026-08-26,VIRT,FINAL_VINTAGE_ADJUSTED_DISCOVERY_ONLY,data/yahoo/VIRT.parquet,2026-08-26,OBSERVED,65.4996337890625,0.09603203951102235,0.09990686967940321,0.1205045447740809,0.0864630209550239,92227514.74075317
2026-08-26,VYX,FINAL_VINTAGE_ADJUSTED_DISCOVERY_ONLY,data/baskets/ohlcv/VYX.parquet,2026-08-26,OBSERVED,8.880000114440918,0.162303700212723,0.16617853038110386,0.03255810704084405,-0.0014834167782129537,18504721.32661229
2026-08-26,WH,FINAL_VINTAGE_ADJUSTED_DISCOVERY_ONLY,data/baskets/ohlcv/WH.parquet,2026-08-26,OBSERVED,76.3625259399414,0.013052080590006065,0.016926910758386926,0.015461841359301953,-0.018579682459755054,90590779.10606748
2026-08-26,WMB,FINAL_VINTAGE_ADJUSTED_DISCOVERY_ONLY,data/baskets/ohlcv/WMB.parquet,2026-08-26,OBSERVED,73.87354278564453,0.015975022514551407,0.019849852682932267,0.0605758362831339,0.026534312464076892,457532892.35770816
2026-08-26,WOR,FINAL_VINTAGE_ADJUSTED_DISCOVERY_ONLY,data/baskets/ohlcv/WOR.parquet,2026-08-26,OBSERVED,57.760154724121094,0.011163450369976902,0.015038280538357762,0.013816012631691077,-0.02022551118736593,11651493.742443267
2026-08-26,YUM,FINAL_VINTAGE_ADJUSTED_DISCOVERY_ONLY,data/baskets/ohlcv/YUM.parquet,2026-08-26,OBSERVED,153.6354217529297,0.058110113472555236,0.0619849436409361,0.02748204089150863,-0.006559482927548377,395425704.93941534
2026-08-27,AESI,FINAL_VINTAGE_ADJUSTED_DISCOVERY_ONLY,data/baskets/ohlcv/AESI.parquet,2026-08-27,OBSERVED,13.0,0.0007698405741369818,-0.010376235777356468,0.27701371417351095,0.21993046657198145,40086858.868231095
2026-08-27,AGCO,FINAL_VINTAGE_ADJUSTED_DISCOVERY_ONLY,data/yahoo/AGCO.parquet,2026-08-27,OBSERVED,110.9000015258789,0.06614117578200385,0.0549950994305104,-0.04247603585631521,-0.0995592834578447,105069599.9756586
2026-08-27,ALV,FINAL_VINTAGE_ADJUSTED_DISCOVERY_ONLY,data/yahoo/ALV.parquet,2026-08-27,OBSERVED,122.05000305175781,0.010107618987904576,-0.0010384573635888739,-0.014827223670940914,-0.07191047127247041,64262530.09988694
2026-08-27,AM,FINAL_VINTAGE_ADJUSTED_DISCOVERY_ONLY,data/yahoo/AM.parquet,2026-08-27,OBSERVED,22.530000686645508,0.012129400493597231,0.0009833241421037808,0.046933095139292336,-0.01015015246223716,55808379.82270377
2026-08-27,ATEN,FINAL_VINTAGE_ADJUSTED_DISCOVERY_ONLY,data/baskets/ohlcv/ATEN.parquet,2026-08-27,OBSERVED,27.030000686645508,0.05875440500025664,0.04760832864876319,-0.05874501061638815,-0.11582825821791765,41193723.87222108
2026-08-27,BGC,FINAL_VINTAGE_ADJUSTED_DISCOVERY_ONLY,data/baskets/ohlcv/BGC.parquet,2026-08-27,OBSERVED,12.100000381469727,0.11213237630480477,0.10098629995331132,0.029898107398046214,-0.027185140203483282,32777696.220525105
2026-08-27,CHRW,FINAL_VINTAGE_ADJUSTED_DISCOVERY_ONLY,data/baskets/ohlcv/CHRW.parquet,2026-08-27,OBSERVED,150.4908905029297,0.05082392526391599,0.03967784891242254,-0.1301294869560493,-0.1872127345575788,280985583.7582543
2026-08-27,CI,FINAL_VINTAGE_ADJUSTED_DISCOVERY_ONLY,data/baskets/ohlcv/CI.parquet,2026-08-27,OBSERVED,276.1368103027344,0.011880164827152484,0.0007340884756590338,-0.06341274020200838,-0.12049598780353787,502210135.8548119
2026-08-27,CMG,FINAL_VINTAGE_ADJUSTED_DISCOVERY_ONLY,data/baskets/ohlcv/CMG.parquet,2026-08-27,OBSERVED,37.220001220703125,0.054689721028785776,0.043543644677292326,0.08703269264470914,0.029949445043179646,666315738.5344187
2026-08-27,CVS,FINAL_VINTAGE_ADJUSTED_DISCOVERY_ONLY,data/baskets/ohlcv/CVS.parquet,2026-08-27,OBSERVED,92.91999816894531,-0.007795017031920315,-0.018941093383413765,-0.12273414109453284,-0.17981738869606234,759574920.0238546
2026-08-27,CWST,FINAL_VINTAGE_ADJUSTED_DISCOVERY_ONLY,data/baskets/ohlcv/CWST.parquet,2026-08-27,OBSERVED,93.0,-0.0005373782925079951,-0.011683454644001445,0.027851420751227263,-0.029231826850302234,45411654.777563184
2026-08-27,ECL,FINAL_VINTAGE_ADJUSTED_DISCOVERY_ONLY,data/baskets/ohlcv/ECL.parquet,2026-08-27,OBSERVED,285.1524658203125,0.015738282166360307,0.0045922058148668565,0.007789874748305392,-0.049293372853224104,406883891.3975307
2026-08-27,ELV,FINAL_VINTAGE_ADJUSTED_DISCOVERY_ONLY,data/baskets/ohlcv/ELV.parquet,2026-08-27,OBSERVED,397.3804016113281,0.007141371007724384,-0.004004705343769066,0.06151920619053719,0.004435958589007694,350569483.54724705
2026-08-27,EU,FINAL_VINTAGE_ADJUSTED_DISCOVERY_ONLY,data/baskets/ohlcv/EU.parquet,2026-08-27,OBSERVED,1.3899999856948853,0.32380957030385193,0.3126634939523585,0.3113208120087396,0.2542375644072101,4596679.249373504
2026-08-27,EXTR,FINAL_VINTAGE_ADJUSTED_DISCOVERY_ONLY,data/baskets/ohlcv/EXTR.parquet,2026-08-27,OBSERVED,23.229999542236328,0.04077060304006763,0.029624526688574182,-0.20089440020282068,-0.2579776478043502,44872250.471814476
2026-08-27,EZPW,FINAL_VINTAGE_ADJUSTED_DISCOVERY_ONLY,data/yahoo/EZPW.parquet,2026-08-27,OBSERVED,34.40999984741211,0.1964533926830898,0.18530731633159636,0.18410187473471207,0.12701862713318257,37917449.70819382
2026-08-27,FTRE,FINAL_VINTAGE_ADJUSTED_DISCOVERY_ONLY,data/baskets/ohlcv/FTRE.parquet,2026-08-27,OBSERVED,18.860000610351562,0.03683342807162027,0.025687351720126816,-0.07549014887136851,-0.132573396472898,26133237.008294605
2026-08-27,GEN,FINAL_VINTAGE_ADJUSTED_DISCOVERY_ONLY,data/baskets/ohlcv/GEN.parquet,2026-08-27,OBSERVED,30.5,0.0823278804009846,0.07118180404949115,0.10873893750853258,0.05165568990700309,156792755.46401796
2026-08-27,HE,FINAL_VINTAGE_ADJUSTED_DISCOVERY_ONLY,data/baskets/ohlcv/HE.parquet,2026-08-27,OBSERVED,11.460000038146973,-0.012919864165887751,-0.0240659405173812,-0.1238532029822883,-0.1809364505838178,25399238.282980237
2026-08-27,HLI,FINAL_VINTAGE_ADJUSTED_DISCOVERY_ONLY,data/yahoo/HLI.parquet,2026-08-27,OBSERVED,130.12301635742188,0.02147424706218448,0.010328170710691031,-0.059462247152520686,-0.11654549475405018,120361820.40833972
2026-08-27,HOG,FINAL_VINTAGE_ADJUSTED_DISCOVERY_ONLY,data/baskets/ohlcv/HOG.parquet,2026-08-27,OBSERVED,27.650297164916992,0.007600486760330316,-0.003545589591163134,0.12122436020639848,0.06414111260486899,51136012.9886718
2026-08-27,HOOD,FINAL_VINTAGE_ADJUSTED_DISCOVERY_ONLY,data/baskets/ohlcv/HOOD.parquet,2026-08-27,OBSERVED,109.76000213623047,0.15415356358915933,0.14300748723766588,0.22172758916218305,0.16464434156065355,1884563863.973454
2026-08-27,IBM,FINAL_VINTAGE_ADJUSTED_DISCOVERY_ONLY,data/baskets/ohlcv/IBM.parquet,2026-08-27,OBSERVED,238.7899932861328,0.021823744240001552,0.010677667888508102,0.06210451059828115,0.005021262996751652,1325052323.0579922
2026-08-27,IPAR,FINAL_VINTAGE_ADJUSTED_DISCOVERY_ONLY,data/baskets/ohlcv/IPAR.parquet,2026-08-27,OBSERVED,116.43272399902344,0.02196070374539083,0.01081462739389738,-0.07683229287650017,-0.13391554047802967,30487889.736756824
2026-08-27,LAUR,FINAL_VINTAGE_ADJUSTED_DISCOVERY_ONLY,data/baskets/ohlcv/LAUR.parquet,2026-08-27,OBSERVED,39.040000915527344,0.039403607245040106,0.028257530893546656,0.01640200652481072,-0.04068124107671878,34416028.29809643
2026-08-27,MC,FINAL_VINTAGE_ADJUSTED_DISCOVERY_ONLY,data/baskets/ohlcv/MC.parquet,2026-08-27,OBSERVED,68.62999725341797,0.026319641611288747,0.015173565259795296,0.062162475546155616,0.005079227944626119,61172007.747177854
2026-08-27,MIDD,FINAL_VINTAGE_ADJUSTED_DISCOVERY_ONLY,data/yahoo/MIDD.parquet,2026-08-27,OBSERVED,113.61000061035156,0.009687202273413131,-0.0014588740780803189,-0.14591792992543018,-0.20300117752695968,74587957.01352075
2026-08-27,MMS,FINAL_VINTAGE_ADJUSTED_DISCOVERY_ONLY,data/baskets/ohlcv/MMS.parquet,2026-08-27,OBSERVED,59.540000915527344,0.030817220320634053,0.019671143969140603,-0.05188281219769686,-0.10896605979922636,34732939.40495082
2026-08-27,MPT,FINAL_VINTAGE_ADJUSTED_DISCOVERY_ONLY,data/yahoo/MPT.parquet,2026-08-27,OBSERVED,3.937000036239624,-0.012254865308637175,-0.023400941660130625,-0.15157895028891466,-0.20866219789044416,32540562.806382634
2026-08-27,NTCT,FINAL_VINTAGE_ADJUSTED_DISCOVERY_ONLY,data/baskets/ohlcv/NTCT.parquet,2026-08-27,OBSERVED,39.459999084472656,0.03732907820109155,0.026183001849598098,0.01361414783308934,-0.043469099768440156,22818681.626637775
2026-08-27,NVR,FINAL_VINTAGE_ADJUSTED_DISCOVERY_ONLY,data/baskets/ohlcv/NVR.parquet,2026-08-27,OBSERVED,6365.4501953125,0.010388919890873094,-0.0007571564606203562,-0.0025603856676551517,-0.05964363326918465,207275907.32886904
2026-08-27,OI,FINAL_VINTAGE_ADJUSTED_DISCOVERY_ONLY,data/baskets/ohlcv/OI.parquet,2026-08-27,OBSERVED,7.210000038146973,0.1300940295952937,0.11894795324380025,-0.06363633548777037,-0.12071958308929986,21219460.980587915
2026-08-27,OSK,FINAL_VINTAGE_ADJUSTED_DISCOVERY_ONLY,data/yahoo/OSK.parquet,2026-08-27,OBSERVED,156.7100067138672,0.026059131131177526,0.014913054779684076,0.10128798450884213,0.044204736907312636,98922677.14516775
2026-08-27,PCG,FINAL_VINTAGE_ADJUSTED_DISCOVERY_ONLY,data/baskets/ohlcv/PCG.parquet,2026-08-27,OBSERVED,17.876314163208008,-0.0005567547542760787,-0.011702831105769529,0.01355171133977806,-0.043531536261751436,455862440.6839189
2026-08-27,PFGC,FINAL_VINTAGE_ADJUSTED_DISCOVERY_ONLY,data/yahoo/PFGC.parquet,2026-08-27,OBSERVED,102.12000274658203,-0.017888060687656582,-0.029034137039150032,-0.12456063942762474,-0.18164388702915424,194081245.5673581
2026-08-27,PIPR,FINAL_VINTAGE_ADJUSTED_DISCOVERY_ONLY,data/baskets/ohlcv/PIPR.parquet,2026-08-27,OBSERVED,74.44000244140625,0.02443041322543138,0.01328433687393793,0.011108095507382565,-0.04597515209414693,36800237.94958932
2026-08-27,RHI,FINAL_VINTAGE_ADJUSTED_DISCOVERY_ONLY,data/yahoo/RHI.parquet,2026-08-27,OBSERVED,44.970001220703125,0.03841905700656212,0.027272980655068668,0.13545551992968008,0.07837227232815058,83297521.6432844
2026-08-27,RIVN,FINAL_VINTAGE_ADJUSTED_DISCOVERY_ONLY,data/baskets/ohlcv/RIVN.parquet,2026-08-27,OBSERVED,16.799999237060547,0.049344097244518714,0.038198020893025264,0.028781342042274005,-0.02830190555925549,353149388.92871314
2026-08-27,RNR,FINAL_VINTAGE_ADJUSTED_DISCOVERY_ONLY,data/yahoo/RNR.parquet,2026-08-27,OBSERVED,330.0002746582031,0.02564022550817735,0.0144941491566839,-0.006614243162063715,-0.06369749076359321,81605779.06203496
2026-08-27,RRX,FINAL_VINTAGE_ADJUSTED_DISCOVERY_ONLY,data/yahoo/RRX.parquet,2026-08-27,OBSERVED,163.55197143554688,-0.011637066918045003,-0.022783143269538453,-0.12622599749734043,-0.18330924509886992,255085394.48082334
2026-08-27,SAH,FINAL_VINTAGE_ADJUSTED_DISCOVERY_ONLY,data/baskets/ohlcv/SAH.parquet,2026-08-27,OBSERVED,78.86387634277344,0.019413725317902086,0.008267648966408636,-0.29620098789334637,-0.35328423549487586,24661716.989135742
2026-08-27,SEDG,FINAL_VINTAGE_ADJUSTED_DISCOVERY_ONLY,data/yahoo/SEDG.parquet,2026-08-27,OBSERVED,33.5099983215332,0.08446597848621828,0.07331990213472483,-0.14164965328662937,-0.19873290088815887,131886636.85885838
2026-08-27,SPGI,FINAL_VINTAGE_ADJUSTED_DISCOVERY_ONLY,data/baskets/ohlcv/SPGI.parquet,2026-08-27,OBSERVED,435.3900146484375,0.009736154563975141,-0.001409921787518309,0.03986170804154732,-0.01722153955998218,798658844.8585147
2026-08-27,STC,FINAL_VINTAGE_ADJUSTED_DISCOVERY_ONLY,data/baskets/ohlcv/STC.parquet,2026-08-27,OBSERVED,69.35611724853516,0.014066072927929829,0.002919996576436379,-0.004413453855373506,-0.061496701456903,12305635.04896618
2026-08-27,SWKS,FINAL_VINTAGE_ADJUSTED_DISCOVERY_ONLY,data/baskets/ohlcv/SWKS.parquet,2026-08-27,OBSERVED,67.36000061035156,-0.008536971006954275,-0.019683047358447725,0.10083350420193371,0.043750256600404214,324757974.2567153
2026-08-27,TSLA,FINAL_VINTAGE_ADJUSTED_DISCOVERY_ONLY,data/baskets/ohlcv/TSLA.parquet,2026-08-27,OBSERVED,354.80999755859375,0.0280473808096402,0.01690130445814675,0.1893603809582265,0.132277133356697,11303452034.146845
2026-08-27,TTD,FINAL_VINTAGE_ADJUSTED_DISCOVERY_ONLY,data/baskets/ohlcv/TTD.parquet,2026-08-27,OBSERVED,13.420000076293945,0.007507536318381636,-0.0036385400331118145,-0.2970141451531264,-0.3540973927546559,443551867.99335027
2026-08-27,UEC,FINAL_VINTAGE_ADJUSTED_DISCOVERY_ONLY,data/baskets/ohlcv/UEC.parquet,2026-08-27,OBSERVED,13.619999885559082,0.22152469520482265,0.2103786188533292,0.5066371618399037,0.4495539142383742,92808569.57877024
2026-08-27,ULS,FINAL_VINTAGE_ADJUSTED_DISCOVERY_ONLY,data/yahoo/ULS.parquet,2026-08-27,OBSERVED,75.40282440185547,0.0038533255895070173,-0.007292750761986433,-0.1821821915420988,-0.2392654391436283,73112749.88181704
2026-08-27,UTHR,FINAL_VINTAGE_ADJUSTED_DISCOVERY_ONLY,data/yahoo/UTHR.parquet,2026-08-27,OBSERVED,527.9099731445312,0.013262904308121382,0.0021168279566279313,0.0061177069998492595,-0.05096554060168024,276224702.25001746
2026-08-27,VIR,FINAL_VINTAGE_ADJUSTED_DISCOVERY_ONLY,data/baskets/ohlcv/VIR.parquet,2026-08-27,OBSERVED,11.3100004196167,0.22801306979063174,0.2168669934391383,0.3090277743284351,0.2519445267269056,15230637.604372842
2026-08-27,VIRT,FINAL_VINTAGE_ADJUSTED_DISCOVERY_ONLY,data/yahoo/VIRT.parquet,2026-08-27,OBSERVED,66.79488372802734,0.09560396950533101,0.08445789315383756,0.15725882270598612,0.10017557510445663,93101611.5844
2026-08-27,VRSN,FINAL_VINTAGE_ADJUSTED_DISCOVERY_ONLY,data/baskets/ohlcv/VRSN.parquet,2026-08-27,OBSERVED,294.7300109863281,0.06439154020533966,0.05324546385384621,0.016070337975994553,-0.04101290962553494,210966131.8078904
2026-08-27,VYX,FINAL_VINTAGE_ADJUSTED_DISCOVERY_ONLY,data/baskets/ohlcv/VYX.parquet,2026-08-27,OBSERVED,9.180000305175781,0.20000002493266145,0.188853948581168,0.06004624329399566,0.002962995692466164,19356525.104270663
2026-08-27,WH,FINAL_VINTAGE_ADJUSTED_DISCOVERY_ONLY,data/baskets/ohlcv/WH.parquet,2026-08-27,OBSERVED,76.28302764892578,0.019253809624050433,0.008107733272556983,0.01561260616575244,-0.041470641435777056,90143424.41293626
2026-08-27,WMB,FINAL_VINTAGE_ADJUSTED_DISCOVERY_ONLY,data/baskets/ohlcv/WMB.parquet,2026-08-27,OBSERVED,73.6551284790039,0.03501675581875796,0.02387067946726451,0.0578926271514808,0.0008093795499513057,466486867.51828873
2026-08-27,YUM,FINAL_VINTAGE_ADJUSTED_DISCOVERY_ONLY,data/baskets/ohlcv/YUM.parquet,2026-08-27,OBSERVED,149.9937744140625,-0.010372273487821437,-0.021518349839314888,-0.007701474367030614,-0.06478472196856011,389215808.94768125
2026-08-28,AESI,FINAL_VINTAGE_ADJUSTED_DISCOVERY_ONLY,data/baskets/ohlcv/AESI.parquet,2026-08-28,OBSERVED,12.850000381469727,0.021462675628071803,0.016722007218357593,0.2475728294673878,0.21027961070058954,38434194.32391212
2026-08-28,AGCO,FINAL_VINTAGE_ADJUSTED_DISCOVERY_ONLY,data/yahoo/AGCO.parquet,2026-08-28,OBSERVED,113.38999938964844,0.0616047372105315,0.05686406880081729,0.061636207590547665,0.024342988823749412,99517095.59344336
2026-08-28,ALV,FINAL_VINTAGE_ADJUSTED_DISCOVERY_ONLY,data/yahoo/ALV.parquet,2026-08-28,OBSERVED,122.06999969482422,-0.019381544419188046,-0.024122212828902256,-0.00982491369828431,-0.04711813246508256,63045555.11285691
2026-08-28,AM,FINAL_VINTAGE_ADJUSTED_DISCOVERY_ONLY,data/yahoo/AM.parquet,2026-08-28,OBSERVED,22.290000915527344,0.00677513685700637,0.0020344684472921593,0.034338826202563455,-0.002954392564234798,54155013.70244707
2026-08-28,ATEN,FINAL_VINTAGE_ADJUSTED_DISCOVERY_ONLY,data/baskets/ohlcv/ATEN.parquet,2026-08-28,OBSERVED,25.700000762939453,-0.01607963486980779,-0.020820303279522,-0.14002004845276772,-0.17731326721956597,39792697.30605171
2026-08-28,BGC,FINAL_VINTAGE_ADJUSTED_DISCOVERY_ONLY,data/baskets/ohlcv/BGC.parquet,2026-08-28,OBSERVED,12.119999885559082,0.022784767544105966,0.018044099134391756,0.03954932258595156,0.00225610381915331,32069050.024741035
2026-08-28,CHRW,FINAL_VINTAGE_ADJUSTED_DISCOVERY_ONLY,data/baskets/ohlcv/CHRW.parquet,2026-08-28,OBSERVED,149.74411010742188,0.06185121598666776,0.05711054757695355,0.023618269239695344,-0.013674949527102909,235642564.09715924
2026-08-28,CI,FINAL_VINTAGE_ADJUSTED_DISCOVERY_ONLY,data/baskets/ohlcv/CI.parquet,2026-08-28,OBSERVED,277.3401184082031,0.004936727855302303,0.00019605944558809263,-0.03052209863564037,-0.06781531740243862,491760230.7752337
2026-08-28,CVS,FINAL_VINTAGE_ADJUSTED_DISCOVERY_ONLY,data/baskets/ohlcv/CVS.parquet,2026-08-28,OBSERVED,93.05999755859375,0.00043002490830912343,-0.004310643501405087,-0.11556741609043786,-0.1528606348572361,738498991.7764937
2026-08-28,CWST,FINAL_VINTAGE_ADJUSTED_DISCOVERY_ONLY,data/baskets/ohlcv/CWST.parquet,2026-08-28,OBSERVED,93.68000030517578,0.018150180743096822,0.013409512333382612,0.0467039140243104,0.009410695257512147,43426894.878060475
2026-08-28,ECL,FINAL_VINTAGE_ADJUSTED_DISCOVERY_ONLY,data/baskets/ohlcv/ECL.parquet,2026-08-28,OBSERVED,285.990234375,0.018179921773142205,0.013439253363427994,0.026526865560467794,-0.010766353206330459,401715575.91436476
2026-08-28,ELV,FINAL_VINTAGE_ADJUSTED_DISCOVERY_ONLY,data/baskets/ohlcv/ELV.parquet,2026-08-28,OBSERVED,392.7206726074219,-0.015254495001039592,-0.019995163410753802,0.04790111091432103,0.01060789214752278,347078545.694551
2026-08-28,EU,FINAL_VINTAGE_ADJUSTED_DISCOVERY_ONLY,data/baskets/ohlcv/EU.parquet,2026-08-28,OBSERVED,1.2799999713897705,0.06666660043928618,0.06192593202957197,0.1327433422930191,0.09545012352622084,4572122.436970756
2026-08-28,EXTR,FINAL_VINTAGE_ADJUSTED_DISCOVERY_ONLY,data/baskets/ohlcv/EXTR.parquet,2026-08-28,OBSERVED,22.579999923706055,-0.019113836894352643,-0.023854505304066853,-0.2432975935575593,-0.28059081232435756,44861854.64727311
2026-08-28,EZPW,FINAL_VINTAGE_ADJUSTED_DISCOVERY_ONLY,data/yahoo/EZPW.parquet,2026-08-28,OBSERVED,33.0,0.024208527304327987,0.019467858894613776,0.1316872487202254,0.09439402995342716,37390412.00156439
2026-08-28,FTRE,FINAL_VINTAGE_ADJUSTED_DISCOVERY_ONLY,data/baskets/ohlcv/FTRE.parquet,2026-08-28,OBSERVED,18.809999465942383,0.022838504090998413,0.018097835681284202,-0.014150967444617635,-0.05144418621141589,25384077.84350259
2026-08-28,GEN,FINAL_VINTAGE_ADJUSTED_DISCOVERY_ONLY,data/baskets/ohlcv/GEN.parquet,2026-08-28,OBSERVED,31.020000457763672,0.07224335051990916,0.06750268211019494,0.14169104126339715,0.1043978224965989,161257307.33071283
2026-08-28,GLXY,FINAL_VINTAGE_ADJUSTED_DISCOVERY_ONLY,data/baskets/ohlcv/GLXY.parquet,2026-08-28,OBSERVED,23.209999084472656,-0.018189522685185477,-0.022930191094899688,0.07853153302788574,0.04123831426108748,148142821.34571984
2026-08-28,HE,FINAL_VINTAGE_ADJUSTED_DISCOVERY_ONLY,data/baskets/ohlcv/HE.parquet,2026-08-28,OBSERVED,11.399999618530273,-0.008695685345193604,-0.013436353754907815,-0.135708871781557,-0.17300209054835525,25355233.28277951
2026-08-28,HLI,FINAL_VINTAGE_ADJUSTED_DISCOVERY_ONLY,data/yahoo/HLI.parquet,2026-08-28,OBSERVED,132.32142639160156,0.0307633241630072,0.02602265575329299,0.03646573026210942,-0.0008274885046888336,101601346.21730986
2026-08-28,HOG,FINAL_VINTAGE_ADJUSTED_DISCOVERY_ONLY,data/baskets/ohlcv/HOG.parquet,2026-08-28,OBSERVED,27.908525466918945,-0.003546129960160571,-0.008286798369874782,0.14042211682867345,0.1031288980618752,50687215.87350936
2026-08-28,HOOD,FINAL_VINTAGE_ADJUSTED_DISCOVERY_ONLY,data/baskets/ohlcv/HOOD.parquet,2026-08-28,OBSERVED,104.26000213623047,-0.03579020822610046,-0.04053087663581467,0.20392614287847555,0.1666329241116773,1842979723.5972812
2026-08-28,HUBG,FINAL_VINTAGE_ADJUSTED_DISCOVERY_ONLY,data/baskets/ohlcv/HUBG.parquet,2026-08-28,OBSERVED,39.45867919921875,-0.02749809967437089,-0.0322387680840851,-0.1277251169247463,-0.16501833569154456,52320610.48845564
2026-08-28,IBM,FINAL_VINTAGE_ADJUSTED_DISCOVERY_ONLY,data/baskets/ohlcv/IBM.parquet,2026-08-28,OBSERVED,235.58999633789062,-0.0003818582004728732,-0.005122526610187084,0.07008202058557766,0.03278880181877941,1267857243.1387038
2026-08-28,IPAR,FINAL_VINTAGE_ADJUSTED_DISCOVERY_ONLY,data/baskets/ohlcv/IPAR.parquet,2026-08-28,OBSERVED,116.9390869140625,0.018858139227717396,0.014117470818003186,-0.06203711710051174,-0.09933033586731,30340870.61607724
2026-08-28,KVYO,FINAL_VINTAGE_ADJUSTED_DISCOVERY_ONLY,data/baskets/ohlcv/KVYO.parquet,2026-08-28,OBSERVED,20.149999618530273,0.09929076390613756,0.09455009549642335,0.0980925994354871,0.06079938066868884,125401633.8792256
2026-08-28,LAUR,FINAL_VINTAGE_ADJUSTED_DISCOVERY_ONLY,data/baskets/ohlcv/LAUR.parquet,2026-08-28,OBSERVED,38.79999923706055,0.035771494536510184,0.031030826126795974,0.010153589981717115,-0.027139628785081138,33002199.19044858
2026-08-28,MC,FINAL_VINTAGE_ADJUSTED_DISCOVERY_ONLY,data/baskets/ohlcv/MC.parquet,2026-08-28,OBSERVED,68.4000015258789,0.0016107864823085016,-0.003129881927405709,0.010590241084386554,-0.0267029776824117,57914317.34655471
2026-08-28,MIDD,FINAL_VINTAGE_ADJUSTED_DISCOVERY_ONLY,data/yahoo/MIDD.parquet,2026-08-28,OBSERVED,112.75,-0.02364048560420895,-0.02838115401392316,-0.15429047550376207,-0.19158369427056032,73973549.78114536
2026-08-28,MMS,FINAL_VINTAGE_ADJUSTED_DISCOVERY_ONLY,data/baskets/ohlcv/MMS.parquet,2026-08-28,OBSERVED,59.75,0.026279607475391265,0.021538939065677054,-0.008842273067804163,-0.046135491834602416,34312388.5480245
2026-08-28,MPT,FINAL_VINTAGE_ADJUSTED_DISCOVERY_ONLY,data/yahoo/MPT.parquet,2026-08-28,OBSERVED,3.9956154823303223,-0.007281472596146754,-0.012022141005860965,-0.12793170248606833,-0.16522492125286659,32204499.45825736
2026-08-28,NTCT,FINAL_VINTAGE_ADJUSTED_DISCOVERY_ONLY,data/baskets/ohlcv/NTCT.parquet,2026-08-28,OBSERVED,39.060001373291016,0.014809032734937722,0.010068364325223511,-0.024475512483224993,-0.061768731250023245,23211767.64789763
2026-08-28,NVR,FINAL_VINTAGE_ADJUSTED_DISCOVERY_ONLY,data/baskets/ohlcv/NVR.parquet,2026-08-28,OBSERVED,6396.27001953125,0.005938538320785058,0.001197869911070848,0.017108493474409237,-0.020184725292389016,203834257.05217633
2026-08-28,OI,FINAL_VINTAGE_ADJUSTED_DISCOVERY_ONLY,data/baskets/ohlcv/OI.parquet,2026-08-28,OBSERVED,7.389999866485596,0.029247916875725588,0.024507248466011378,0.005442171751297131,-0.03185104701550112,20708834.50527191
2026-08-28,OSK,FINAL_VINTAGE_ADJUSTED_DISCOVERY_ONLY,data/yahoo/OSK.parquet,2026-08-28,OBSERVED,153.9600067138672,-0.01992481823789105,-0.02466548664760526,0.08120524121722994,0.04391202245043169,95272978.5009475
2026-08-28,PFGC,FINAL_VINTAGE_ADJUSTED_DISCOVERY_ONLY,data/yahoo/PFGC.parquet,2026-08-28,OBSERVED,100.8499984741211,-0.03934087207799397,-0.04408154048770818,-0.1211329109009055,-0.15842612966770375,184401395.4868135
2026-08-28,PIPR,FINAL_VINTAGE_ADJUSTED_DISCOVERY_ONLY,data/baskets/ohlcv/PIPR.parquet,2026-08-28,OBSERVED,75.61000061035156,0.010572494871604166,0.005831826461889955,-0.004815676555560144,-0.0421088953223584,35945088.67852347
2026-08-28,PPG,FINAL_VINTAGE_ADJUSTED_DISCOVERY_ONLY,data/baskets/ohlcv/PPG.parquet,2026-08-28,OBSERVED,114.22000122070312,0.005192325807852782,0.00045165739813857186,0.025889465343286178,-0.011403753423512075,154786017.01631093
2026-08-28,RHI,FINAL_VINTAGE_ADJUSTED_DISCOVERY_ONLY,data/yahoo/RHI.parquet,2026-08-28,OBSERVED,45.310001373291016,0.02592932682544924,0.02118865841573503,0.23282308847600164,0.19552986970920339,80336201.02206638
2026-08-28,RIVN,FINAL_VINTAGE_ADJUSTED_DISCOVERY_ONLY,data/baskets/ohlcv/RIVN.parquet,2026-08-28,OBSERVED,16.06999969482422,-0.05303474690314347,-0.05777541531285768,-0.04515747072650489,-0.08245068949330314,362928519.19362205
2026-08-28,RNR,FINAL_VINTAGE_ADJUSTED_DISCOVERY_ONLY,data/yahoo/RNR.parquet,2026-08-28,OBSERVED,330.329833984375,0.02253811687067042,0.01779744846095621,0.03888671979225822,0.0015935010254599646,78286266.69108073
2026-08-28,RRX,FINAL_VINTAGE_ADJUSTED_DISCOVERY_ONLY,data/yahoo/RRX.parquet,2026-08-28,OBSERVED,157.0765380859375,-0.05248270974845359,-0.057223378158167804,-0.22291328181374248,-0.26020650058054073,253902565.22514707
2026-08-28,SAH,FINAL_VINTAGE_ADJUSTED_DISCOVERY_ONLY,data/baskets/ohlcv/SAH.parquet,2026-08-28,OBSERVED,79.25177764892578,0.02879279910634569,0.02405213069663148,-0.2058999243411268,-0.24319314310792506,23508067.03654698
2026-08-28,SEDG,FINAL_VINTAGE_ADJUSTED_DISCOVERY_ONLY,data/yahoo/SEDG.parquet,2026-08-28,OBSERVED,31.40999984741211,0.01881284220374191,0.014072173794027698,-0.24784480100862938,-0.28513801977542763,133036213.41084072
2026-08-28,STC,FINAL_VINTAGE_ADJUSTED_DISCOVERY_ONLY,data/baskets/ohlcv/STC.parquet,2026-08-28,OBSERVED,69.33628845214844,0.010260180698703492,0.005519512288989281,0.025524461478255267,-0.011768757288542986,12452205.307624454
2026-08-28,SWKS,FINAL_VINTAGE_ADJUSTED_DISCOVERY_ONLY,data/baskets/ohlcv/SWKS.parquet,2026-08-28,OBSERVED,65.79000091552734,-0.020107216061864275,-0.024847884471578485,0.05297697499266896,0.015683756225870704,314489850.27258736
2026-08-28,TSLA,FINAL_VINTAGE_ADJUSTED_DISCOVERY_ONLY,data/baskets/ohlcv/TSLA.parquet,2026-08-28,OBSERVED,348.75,-0.03888548178684359,-0.0436261501965578,0.12918890434831765,0.09189568558151939,11292075211.672247
2026-08-28,TTD,FINAL_VINTAGE_ADJUSTED_DISCOVERY_ONLY,data/baskets/ohlcv/TTD.parquet,2026-08-28,OBSERVED,13.569999694824219,0.029590241321563848,0.024849572911849638,-0.2576586879048747,-0.2949519066716729,435850330.9114229
2026-08-28,ULS,FINAL_VINTAGE_ADJUSTED_DISCOVERY_ONLY,data/yahoo/ULS.parquet,2026-08-28,OBSERVED,74.28500366210938,-0.008393235305320323,-0.013133903715034534,-0.19238285397290522,-0.22967607273970347,71678960.1998102
2026-08-28,UTHR,FINAL_VINTAGE_ADJUSTED_DISCOVERY_ONLY,data/yahoo/UTHR.parquet,2026-08-28,OBSERVED,515.4600219726562,0.0045603891443255495,-0.0001802792653886609,-0.01970253167862923,-0.056995750445427484,270945003.5073417
2026-08-28,VIR,FINAL_VINTAGE_ADJUSTED_DISCOVERY_ONLY,data/baskets/ohlcv/VIR.parquet,2026-08-28,OBSERVED,10.829999923706055,0.1073619856240906,0.1026213172143764,0.21685397616842783,0.17956075740162958,15669606.952789852
2026-08-28,VIRT,FINAL_VINTAGE_ADJUSTED_DISCOVERY_ONLY,data/yahoo/VIRT.parquet,2026-08-28,OBSERVED,66.14725494384766,-0.022670413336871365,-0.027411081746585575,0.12221093618289469,0.08491771741609644,92538247.80051821
2026-08-28,VRSN,FINAL_VINTAGE_ADJUSTED_DISCOVERY_ONLY,data/baskets/ohlcv/VRSN.parquet,2026-08-28,OBSERVED,291.92999267578125,0.0359474993670148,0.03120683095730059,0.02165880412044352,-0.015634414646354733,210546162.65098935
2026-08-28,VYX,FINAL_VINTAGE_ADJUSTED_DISCOVERY_ONLY,data/baskets/ohlcv/VYX.parquet,2026-08-28,OBSERVED,8.779999732971191,0.1099873454288014,0.10524667701908719,0.07598037955303538,0.03868716078623713,19894565.27046249
2026-08-28,WH,FINAL_VINTAGE_ADJUSTED_DISCOVERY_ONLY,data/baskets/ohlcv/WH.parquet,2026-08-28,OBSERVED,75.54762268066406,0.0187616681711531,0.01402099976143889,-0.0011824810435367983,-0.03847569981033505,88533005.69803147
2026-08-28,WMB,FINAL_VINTAGE_ADJUSTED_DISCOVERY_ONLY,data/baskets/ohlcv/WMB.parquet,2026-08-28,OBSERVED,73.19844055175781,0.045964014340887704,0.041223345931173494,0.03976869526843574,0.0024754765016374858,461898672.61029196
2026-08-28,YUM,FINAL_VINTAGE_ADJUSTED_DISCOVERY_ONLY,data/baskets/ohlcv/YUM.parquet,2026-08-28,OBSERVED,153.0881805419922,0.005686615463404099,0.0009459470536898884,-0.02000002344313645,-0.0572932422099347,375874463.5336013
2026-08-31,ACHC,FINAL_VINTAGE_ADJUSTED_DISCOVERY_ONLY,data/baskets/ohlcv/ACHC.parquet,2026-08-31,OBSERVED,27.559999465942383,-0.04038996779755222,-0.04507913063812852,-0.0695476473640887,-0.09634700714906075,52501480.42924972
2026-08-31,ACIW,FINAL_VINTAGE_ADJUSTED_DISCOVERY_ONLY,data/baskets/ohlcv/ACIW.parquet,2026-08-31,OBSERVED,53.279998779296875,0.01659986518637102,0.011910702345794721,-0.07064369304736351,-0.09744305283233556,57688998.47720918
2026-08-31,ACM,FINAL_VINTAGE_ADJUSTED_DISCOVERY_ONLY,data/yahoo/ACM.parquet,2026-08-31,OBSERVED,67.43000030517578,0.03754427637497271,0.03285511353439641,-0.06851773900114055,-0.09531709878611261,173383117.77394614
2026-08-31,AM,FINAL_VINTAGE_ADJUSTED_DISCOVERY_ONLY,data/yahoo/AM.parquet,2026-08-31,OBSERVED,22.420000076293945,0.012646824497042353,0.007957661656466053,0.02048251147035396,-0.006316848314618095,52782540.67189353
2026-08-31,ATEN,FINAL_VINTAGE_ADJUSTED_DISCOVERY_ONLY,data/baskets/ohlcv/ATEN.parquet,2026-08-31,OBSERVED,25.389999389648438,0.006341650825013367,0.0016524879844370677,-0.13947517035087942,-0.16627453013585147,38274439.98444875
2026-08-31,AZO,FINAL_VINTAGE_ADJUSTED_DISCOVERY_ONLY,data/baskets/ohlcv/AZO.parquet,2026-08-31,OBSERVED,2991.239990234375,-0.006047620662391617,-0.010736783502967917,-0.008291756242229553,-0.03509111602720161,690671090.092541
2026-08-31,CDW,FINAL_VINTAGE_ADJUSTED_DISCOVERY_ONLY,data/baskets/ohlcv/CDW.parquet,2026-08-31,OBSERVED,151.5800018310547,0.1493783269409863,0.14468916410041,0.030404671967252606,0.003605312182280551,282262083.7972005
2026-08-31,CNS,FINAL_VINTAGE_ADJUSTED_DISCOVERY_ONLY,data/baskets/ohlcv/CNS.parquet,2026-08-31,OBSERVED,80.66999816894531,-0.029942344679075528,-0.03463150751965183,-0.011526173258874173,-0.03832553304384623,18765864.129929315
2026-08-31,CRSR,FINAL_VINTAGE_ADJUSTED_DISCOVERY_ONLY,data/baskets/ohlcv/CRSR.parquet,2026-08-31,OBSERVED,12.149999618530273,0.11365717584425972,0.10896801300368342,0.14514608969698228,0.11834672991201023,27780579.36291922
2026-08-31,CTVA,FINAL_VINTAGE_ADJUSTED_DISCOVERY_ONLY,data/baskets/ohlcv/CTVA.parquet,2026-08-31,OBSERVED,84.44999694824219,0.021978054444904638,0.017288891604328338,0.07521282240026794,0.04841346261529589,372185415.86227417
2026-08-31,CXT,FINAL_VINTAGE_ADJUSTED_DISCOVERY_ONLY,data/baskets/ohlcv/CXT.parquet,2026-08-31,OBSERVED,48.900001525878906,-0.014533787785511176,-0.019222950626087476,-0.05531825017344072,-0.08211760995841277,26578639.73152524
2026-08-31,DBD,FINAL_VINTAGE_ADJUSTED_DISCOVERY_ONLY,data/baskets/ohlcv/DBD.parquet,2026-08-31,OBSERVED,67.83999633789062,-0.013953585338433494,-0.018642748179009794,-0.07813562014052433,-0.10493497992549639,19306919.239952452
2026-08-31,DG,FINAL_VINTAGE_ADJUSTED_DISCOVERY_ONLY,data/baskets/ohlcv/DG.parquet,2026-08-31,OBSERVED,126.75,0.011330073790786876,0.006640910950210577,-0.002361299051961474,-0.02916065883693353,293294579.519181
2026-08-31,EXTR,FINAL_VINTAGE_ADJUSTED_DISCOVERY_ONLY,data/baskets/ohlcv/EXTR.parquet,2026-08-31,OBSERVED,22.489999771118164,0.0049151302268322095,0.00022596738625590973,-0.25381552002146557,-0.2806148798064376,44032047.53342583
2026-08-31,FICO,FINAL_VINTAGE_ADJUSTED_DISCOVERY_ONLY,data/baskets/ohlcv/FICO.parquet,2026-08-31,OBSERVED,1147.2099609375,-0.016452386038145472,-0.021141548878721772,0.02158560857971792,-0.005213751205254136,328991933.6617606
2026-08-31,GWW,FINAL_VINTAGE_ADJUSTED_DISCOVERY_ONLY,data/baskets/ohlcv/GWW.parquet,2026-08-31,OBSERVED,1309.489990234375,-0.009388027801261467,-0.014077190641837767,-0.050768086153920255,-0.07756744593889231,335049747.1749442
2026-08-31,IART,FINAL_VINTAGE_ADJUSTED_DISCOVERY_ONLY,data/baskets/ohlcv/IART.parquet,2026-08-31,OBSERVED,16.920000076293945,0.013780679141800478,0.009091516301224178,0.016216244081061815,-0.01058311570391024,10759704.436828976
2026-08-31,IDA,FINAL_VINTAGE_ADJUSTED_DISCOVERY_ONLY,data/yahoo/IDA.parquet,2026-08-31,OBSERVED,136.16000366210938,-0.014974984658972179,-0.01966414749954848,-0.04139754237441995,-0.068196902159392,66146776.45103818
2026-08-31,KEX,FINAL_VINTAGE_ADJUSTED_DISCOVERY_ONLY,data/yahoo/KEX.parquet,2026-08-31,OBSERVED,141.86000061035156,0.022635520199085768,0.017946357358509468,0.08174471000912109,0.05494535022414904,61031362.28143601
2026-08-31,KMI,FINAL_VINTAGE_ADJUSTED_DISCOVERY_ONLY,data/baskets/ohlcv/KMI.parquet,2026-08-31,OBSERVED,32.2400016784668,0.040000054144090136,0.035310891303513836,0.011228960207234628,-0.015570399577737426,333128233.6616607
2026-08-31,KMPR,FINAL_VINTAGE_ADJUSTED_DISCOVERY_ONLY,data/baskets/ohlcv/KMPR.parquet,2026-08-31,OBSERVED,28.18000030517578,0.018799727427052826,0.014110564586476526,0.004747417258526898,-0.022051942526445156,25595810.51086244
2026-08-31,LIVN,FINAL_VINTAGE_ADJUSTED_DISCOVERY_ONLY,data/baskets/ohlcv/LIVN.parquet,2026-08-31,OBSERVED,79.80999755859375,0.019805716586426048,0.015116553745849748,-0.004117816740304536,-0.03091717652527659,57226695.0638544
2026-08-31,LUMN,FINAL_VINTAGE_ADJUSTED_DISCOVERY_ONLY,data/baskets/ohlcv/LUMN.parquet,2026-08-31,OBSERVED,6.25,0.10229275412729044,0.09760359128671414,-0.020376193120540398,-0.04717555290551245,86037429.87982205
2026-08-31,MIR,FINAL_VINTAGE_ADJUSTED_DISCOVERY_ONLY,data/baskets/ohlcv/MIR.parquet,2026-08-31,OBSERVED,15.069999694824219,0.026566715363822935,0.021877552523246635,0.006008021050610379,-0.020791338734361675,53913914.714300066
2026-08-31,NI,FINAL_VINTAGE_ADJUSTED_DISCOVERY_ONLY,data/baskets/ohlcv/NI.parquet,2026-08-31,OBSERVED,40.91999816894531,0.002204171781892361,-0.0024849910586839385,-0.07900072275762682,-0.10580008254259887,263124555.75123742
2026-08-31,OI,FINAL_VINTAGE_ADJUSTED_DISCOVERY_ONLY,data/baskets/ohlcv/OI.parquet,2026-08-31,OBSERVED,7.269999980926514,0.0027586180588294873,-0.0019305447817468124,0.01678320055363791,-0.010016159231334143,20359590.675730933
2026-08-31,PEG,FINAL_VINTAGE_ADJUSTED_DISCOVERY_ONLY,data/baskets/ohlcv/PEG.parquet,2026-08-31,OBSERVED,72.668212890625,-0.002719892531943824,-0.007409055372520124,-0.04368800638078951,-0.07048736616576157,201048593.66836548
2026-08-31,PI,FINAL_VINTAGE_ADJUSTED_DISCOVERY_ONLY,data/baskets/ohlcv/PI.parquet,2026-08-31,OBSERVED,174.32000732421875,0.08266575536599818,0.07797659252542188,0.15169137566914714,0.12489201588417509,71656632.63375418
2026-08-31,POST,FINAL_VINTAGE_ADJUSTED_DISCOVERY_ONLY,data/yahoo/POST.parquet,2026-08-31,OBSERVED,83.36000061035156,0.011896132430290196,0.007206969589713896,-0.08806479301230619,-0.11486415279727824,86908731.14315215
2026-08-31,RNR,FINAL_VINTAGE_ADJUSTED_DISCOVERY_ONLY,data/yahoo/RNR.parquet,2026-08-31,OBSERVED,327.23370361328125,-0.005403463058186619,-0.01009262589876292,0.023938935665548833,-0.0028604241194232216,77772343.06131999
2026-08-31,RRX,FINAL_VINTAGE_ADJUSTED_DISCOVERY_ONLY,data/yahoo/RRX.parquet,2026-08-31,OBSERVED,158.09425354003906,-0.026241356381416447,-0.030930519221992747,-0.2279393327225423,-0.25473869250751435,252235713.74984014
2026-08-31,SMPL,FINAL_VINTAGE_ADJUSTED_DISCOVERY_ONLY,data/baskets/ohlcv/SMPL.parquet,2026-08-31,OBSERVED,11.449999809265137,0.0437556545626534,0.0390664917220771,0.124754367978128,0.09795500819315595,21219427.347215015
2026-08-31,STC,FINAL_VINTAGE_ADJUSTED_DISCOVERY_ONLY,data/baskets/ohlcv/STC.parquet,2026-08-31,OBSERVED,68.08662414550781,-0.018303981730669272,-0.022993144571245572,0.015682892744091292,-0.011116467040880762,12147859.660884311
2026-08-31,TRV,FINAL_VINTAGE_ADJUSTED_DISCOVERY_ONLY,data/baskets/ohlcv/TRV.parquet,2026-08-31,OBSERVED,364.6831359863281,-0.01246792673117969,-0.01715708957175599,-0.022518431146080653,-0.04931779093105271,599929766.8666295
2026-08-31,UPWK,FINAL_VINTAGE_ADJUSTED_DISCOVERY_ONLY,data/baskets/ohlcv/UPWK.parquet,2026-08-31,OBSERVED,9.029999732971191,0.05367561896469919,0.04898645612412289,-0.014192152467955133,-0.04099151225292719,34035092.11438043
2026-08-31,URBN,FINAL_VINTAGE_ADJUSTED_DISCOVERY_ONLY,data/baskets/ohlcv/URBN.parquet,2026-08-31,OBSERVED,80.69000244140625,0.06101248130773329,0.05632331846715699,0.08775953234629807,0.06096017256132602,97755290.19470215
2026-08-31,WERN,FINAL_VINTAGE_ADJUSTED_DISCOVERY_ONLY,data/baskets/ohlcv/WERN.parquet,2026-08-31,OBSERVED,39.18000030517578,0.04008500689217698,0.03539584405160068,0.047033731222656305,0.02023437143768425,33669039.32124547
2026-08-31,WHR,FINAL_VINTAGE_ADJUSTED_DISCOVERY_ONLY,data/yahoo/WHR.parquet,2026-08-31,OBSERVED,40.84000015258789,0.017692476092077136,0.013003313251500837,0.08906667073567709,0.062267310950705035,94217902.01481411
2026-08-31,WMB,FINAL_VINTAGE_ADJUSTED_DISCOVERY_ONLY,data/baskets/ohlcv/WMB.parquet,2026-08-31,OBSERVED,74.50892639160156,0.057489045075340695,0.052799882234764395,0.04906347295303348,0.022264113168061428,508924257.5883048
2026-08-31,XRAY,FINAL_VINTAGE_ADJUSTED_DISCOVERY_ONLY,data/baskets/ohlcv/XRAY.parquet,2026-08-31,OBSERVED,11.170000076293945,0.02571163674415078,0.02102247390357448,-0.16454748153299192,-0.19134684131796398,51532181.37500399
2026-09-03,ACM,FINAL_VINTAGE_ADJUSTED_DISCOVERY_ONLY,data/yahoo/ACM.parquet,2026-09-03,OBSERVED,66.83000183105469,0.00890706501075944,0.00622257804604609,-0.10774365194152813,-0.11213448007773807,181079163.49796113
2026-09-03,ADM,FINAL_VINTAGE_ADJUSTED_DISCOVERY_ONLY,data/baskets/ohlcv/ADM.parquet,2026-09-03,OBSERVED,84.37999725341797,0.06675093402213306,0.0640664470574197,0.0945545198717197,0.09016369173550975,291524092.01943535
2026-09-03,AEP,FINAL_VINTAGE_ADJUSTED_DISCOVERY_ONLY,data/baskets/ohlcv/AEP.parquet,2026-09-03,OBSERVED,124.70999908447266,0.016298590293552406,0.013614103328839056,-0.006408867706528043,-0.010799695842737989,396565494.0495082
2026-09-03,ALGM,FINAL_VINTAGE_ADJUSTED_DISCOVERY_ONLY,data/yahoo/ALGM.parquet,2026-09-03,OBSERVED,35.560001373291016,-0.05400369170142505,-0.0566881786661384,-0.14928224826944614,-0.15367307640565608,74587093.36667742
2026-09-03,ARLO,FINAL_VINTAGE_ADJUSTED_DISCOVERY_ONLY,data/baskets/ohlcv/ARLO.parquet,2026-09-03,OBSERVED,13.479999542236328,0.03136953764233619,0.028685050677622836,-0.1537979106091686,-0.15818873874537853,19254276.324712664
2026-09-03,ASTH,FINAL_VINTAGE_ADJUSTED_DISCOVERY_ONLY,data/baskets/ohlcv/ASTH.parquet,2026-09-03,OBSERVED,37.83000183105469,-0.015100182730057976,-0.017784669694771327,0.05581914311448766,0.05142831497827771,16187082.054465158
2026-09-03,ATO,FINAL_VINTAGE_ADJUSTED_DISCOVERY_ONLY,data/baskets/ohlcv/ATO.parquet,2026-09-03,OBSERVED,169.1199951171875,0.011362240656706435,0.008677753691993084,-0.011964437149598273,-0.016355265285808218,164783054.72637358
2026-09-03,BWXT,FINAL_VINTAGE_ADJUSTED_DISCOVERY_ONLY,data/baskets/ohlcv/BWXT.parquet,2026-09-03,OBSERVED,160.25,0.028232234354626184,0.025547747389912834,-0.046216887778084526,-0.05060771591429447,167899916.56683058
2026-09-03,BXMT,FINAL_VINTAGE_ADJUSTED_DISCOVERY_ONLY,data/baskets/ohlcv/BXMT.parquet,2026-09-03,OBSERVED,13.619365692138672,0.025343855291862116,0.022659368327148766,0.01578192170871162,0.011391093572501676,28341059.99414807
2026-09-03,CDW,FINAL_VINTAGE_ADJUSTED_DISCOVERY_ONLY,data/baskets/ohlcv/CDW.parquet,2026-09-03,OBSERVED,153.9199981689453,0.03322814598698054,0.03054365902226719,0.10389211311388413,0.09950128497767419,244165243.33757672
2026-09-03,CI,FINAL_VINTAGE_ADJUSTED_DISCOVERY_ONLY,data/baskets/ohlcv/CI.parquet,2026-09-03,OBSERVED,284.6793518066406,0.03093590273075475,0.0282514157660414,0.05826246105839483,0.05387163292218489,421808154.81698173
2026-09-03,CMS,FINAL_VINTAGE_ADJUSTED_DISCOVERY_ONLY,data/baskets/ohlcv/CMS.parquet,2026-09-03,OBSERVED,68.58999633789062,0.003511307521980367,0.0008268205572670162,-0.03417328404125164,-0.038564112177461585,237123378.53844053
2026-09-03,COF,FINAL_VINTAGE_ADJUSTED_DISCOVERY_ONLY,data/baskets/ohlcv/COF.parquet,2026-09-03,OBSERVED,220.5,0.017676659728719235,0.014992172764005884,-0.0015852275365298985,-0.005976055672739844,651047870.1321557
2026-09-03,CTS,FINAL_VINTAGE_ADJUSTED_DISCOVERY_ONLY,data/baskets/ohlcv/CTS.parquet,2026-09-03,OBSERVED,56.50204086303711,-0.019594188232830212,-0.022278675197543563,-0.1533392568129066,-0.15773008494911656,9317144.289271036
2026-09-03,CWST,FINAL_VINTAGE_ADJUSTED_DISCOVERY_ONLY,data/baskets/ohlcv/CWST.parquet,2026-09-03,OBSERVED,95.95999908447266,0.03182794714486725,0.0291434601801539,0.0657485351927003,0.06135770705649035,41974099.31597029
2026-09-03,DCH,FINAL_VINTAGE_ADJUSTED_DISCOVERY_ONLY,data/baskets/ohlcv/DCH.parquet,2026-09-03,OBSERVED,6.670000076293945,0.055379730241456926,0.052695243276743575,0.11166667938232422,0.10727585124611427,18402989.01710283
2026-09-03,DLX,FINAL_VINTAGE_ADJUSTED_DISCOVERY_ONLY,data/baskets/ohlcv/DLX.parquet,2026-09-03,OBSERVED,24.399999618530273,0.03477522041888714,0.03209073345417379,-0.07192409825543777,-0.07631492639164772,11266965.19835336
2026-09-03,DORM,FINAL_VINTAGE_ADJUSTED_DISCOVERY_ONLY,data/baskets/ohlcv/DORM.parquet,2026-09-03,OBSERVED,129.66000366210938,0.01130954584128685,0.0086250588765735,-0.08393380095763625,-0.0883246290938462,23383521.29091535
2026-09-03,DTE,FINAL_VINTAGE_ADJUSTED_DISCOVERY_ONLY,data/baskets/ohlcv/DTE.parquet,2026-09-03,OBSERVED,135.82749938964844,0.006092212327987623,0.003407725363274272,-0.018545080035471617,-0.022935908171681563,166409267.74044946
2026-09-03,ED,FINAL_VINTAGE_ADJUSTED_DISCOVERY_ONLY,data/baskets/ohlcv/ED.parquet,2026-09-03,OBSERVED,108.75,0.019308252989544084,0.016623766024830733,0.0122038260578603,0.007812997921650355,237998266.36704946
2026-09-03,EG,FINAL_VINTAGE_ADJUSTED_DISCOVERY_ONLY,data/baskets/ohlcv/EG.parquet,2026-09-03,OBSERVED,384.1612243652344,0.02274533158274461,0.02006084461803126,0.034746066990138935,0.03035523885392899,103116426.34204683
2026-09-03,ELV,FINAL_VINTAGE_ADJUSTED_DISCOVERY_ONLY,data/baskets/ohlcv/ELV.parquet,2026-09-03,OBSERVED,412.9825134277344,0.03926240889873189,0.03657792193401854,0.06016775778375716,0.05577692964754721,345930548.96966845
2026-09-03,ETR,FINAL_VINTAGE_ADJUSTED_DISCOVERY_ONLY,data/baskets/ohlcv/ETR.parquet,2026-09-03,OBSERVED,107.77999877929688,0.012113822343931435,0.009429335379218085,0.014630361127203395,0.01023953299099345,219659426.41390845
2026-09-03,EVRG,FINAL_VINTAGE_ADJUSTED_DISCOVERY_ONLY,data/baskets/ohlcv/EVRG.parquet,2026-09-03,OBSERVED,81.93000030517578,0.0062638436219590865,0.003579356657245736,-0.0053683124520860215,-0.009759140588295967,164338482.17043194
2026-09-03,F,FINAL_VINTAGE_ADJUSTED_DISCOVERY_ONLY,data/baskets/ohlcv/F.parquet,2026-09-03,OBSERVED,14.40999984741211,0.03297491357967308,0.03029042661495973,0.030860919417270205,0.02647009128106026,576948604.7991163
2026-09-03,FAF,FINAL_VINTAGE_ADJUSTED_DISCOVERY_ONLY,data/yahoo/FAF.parquet,2026-09-03,OBSERVED,75.80574798583984,0.026291035198665602,0.02360654823395225,0.0202694120262481,0.015878583890038156,45225462.70759219
2026-09-03,FLR,FINAL_VINTAGE_ADJUSTED_DISCOVERY_ONLY,data/baskets/ohlcv/FLR.parquet,2026-09-03,OBSERVED,57.5,0.06284661038401529,0.06016212341930194,0.1404205094837827,0.13602968134757276,156528452.995046
2026-09-03,GOLF,FINAL_VINTAGE_ADJUSTED_DISCOVERY_ONLY,data/baskets/ohlcv/GOLF.parquet,2026-09-03,OBSERVED,86.33499908447266,0.019305469683409182,0.01662098271869583,-0.16054294790412826,-0.1649337760403382,39717834.1410319
2026-09-03,GPI,FINAL_VINTAGE_ADJUSTED_DISCOVERY_ONLY,data/baskets/ohlcv/GPI.parquet,2026-09-03,OBSERVED,284.3299865722656,0.08728188543688731,0.08459739847217396,0.026337664615223355,0.02194683647901341,50282727.16093518
2026-09-03,HCI,FINAL_VINTAGE_ADJUSTED_DISCOVERY_ONLY,data/baskets/ohlcv/HCI.parquet,2026-09-03,OBSERVED,189.9199981689453,0.01626708693655643,0.013582599971843079,0.0665000186795639,0.062109190543353954,27811782.564145043
2026-09-03,HWKN,FINAL_VINTAGE_ADJUSTED_DISCOVERY_ONLY,data/baskets/ohlcv/HWKN.parquet,2026-09-03,OBSERVED,129.3300018310547,0.09909070998172753,0.09640622301701418,-0.04255806568911413,-0.04694889382532408,18089047.98816499
2026-09-03,KEX,FINAL_VINTAGE_ADJUSTED_DISCOVERY_ONLY,data/yahoo/KEX.parquet,2026-09-03,OBSERVED,143.27000427246094,0.02438155045923107,0.02169706349451772,0.09282988255039415,0.0884390544141842,57127634.0330578
2026-09-03,KMI,FINAL_VINTAGE_ADJUSTED_DISCOVERY_ONLY,data/baskets/ohlcv/KMI.parquet,2026-09-03,OBSERVED,31.600000381469727,0.0019023292390851765,-0.0007821577256281742,0.01542414939883896,0.011033321262629014,328239758.92585576
2026-09-03,KMT,FINAL_VINTAGE_ADJUSTED_DISCOVERY_ONLY,data/baskets/ohlcv/KMT.parquet,2026-09-03,OBSERVED,29.43000030517578,-0.025819225519201683,-0.028503712483915034,-0.13297681707816633,-0.13736764521437628,49102713.5947182
2026-09-03,LIF,FINAL_VINTAGE_ADJUSTED_DISCOVERY_ONLY,data/baskets/ohlcv/LIF.parquet,2026-09-03,OBSERVED,43.880001068115234,-0.008585568635981922,-0.011270055600695272,-0.2859235065367274,-0.2903143346729373,49913271.61956061
2026-09-03,LNT,FINAL_VINTAGE_ADJUSTED_DISCOVERY_ONLY,data/baskets/ohlcv/LNT.parquet,2026-09-03,OBSERVED,68.0,-0.003078714078453393,-0.0057632010431667435,-0.03133898922907685,-0.0357298173652868,159033816.91109794
2026-09-03,LTC,FINAL_VINTAGE_ADJUSTED_DISCOVERY_ONLY,data/baskets/ohlcv/LTC.parquet,2026-09-03,OBSERVED,41.7143440246582,0.02973705799662807,0.02705257103191472,0.08719716646989384,0.0828063383336839,19764654.502850488
2026-09-03,LZB,FINAL_VINTAGE_ADJUSTED_DISCOVERY_ONLY,data/baskets/ohlcv/LZB.parquet,2026-09-03,OBSERVED,31.940000534057617,-0.016684253392124093,-0.019368740356837444,-0.22354828425162998,-0.22793911238783993,26812918.46944718
2026-09-03,MATW,FINAL_VINTAGE_ADJUSTED_DISCOVERY_ONLY,data/baskets/ohlcv/MATW.parquet,2026-09-03,OBSERVED,21.100000381469727,0.0033285636014586117,0.0006440766367452611,-0.22353494514126993,-0.22792577327747987,19522957.349423
2026-09-03,MC,FINAL_VINTAGE_ADJUSTED_DISCOVERY_ONLY,data/baskets/ohlcv/MC.parquet,2026-09-03,OBSERVED,69.13999938964844,0.007431183981361222,0.004746697016647872,0.0053439332640126125,0.000953105127802667,47021212.70882743
2026-09-03,MIR,FINAL_VINTAGE_ADJUSTED_DISCOVERY_ONLY,data/baskets/ohlcv/MIR.parquet,2026-09-03,OBSERVED,16.760000228881836,0.12861951504024627,0.12593502807553292,0.0876054766279859,0.08321464849177596,53273578.811205
2026-09-03,MO,FINAL_VINTAGE_ADJUSTED_DISCOVERY_ONLY,data/baskets/ohlcv/MO.parquet,2026-09-03,OBSERVED,68.3976058959961,0.026895229324380487,0.024210742359667137,0.015341778459830868,0.010950950323620923,600443379.1742052
2026-09-03,NGVT,FINAL_VINTAGE_ADJUSTED_DISCOVERY_ONLY,data/baskets/ohlcv/NGVT.parquet,2026-09-03,OBSERVED,69.83000183105469,0.0012905645259837506,-0.0013939224387296,-0.09441056570708384,-0.09880139384329378,16126948.131452288
2026-09-03,NOVT,FINAL_VINTAGE_ADJUSTED_DISCOVERY_ONLY,data/baskets/ohlcv/NOVT.parquet,2026-09-03,OBSERVED,147.24000549316406,0.01790536955385691,0.015220882589143558,-0.038401187379370705,-0.04279201551558065,58679119.22948928
2026-09-03,OKE,FINAL_VINTAGE_ADJUSTED_DISCOVERY_ONLY,data/baskets/ohlcv/OKE.parquet,2026-09-03,OBSERVED,95.75,0.010874142377774287,0.008189655413060937,0.09754702366590307,0.09315619552969312,321645672.76269823
2026-09-03,OSK,FINAL_VINTAGE_ADJUSTED_DISCOVERY_ONLY,data/yahoo/OSK.parquet,2026-09-03,OBSERVED,156.36000061035156,-0.0022334636495465743,-0.004917950614259925,0.02699209301369976,0.022601264877489813,77438220.94014485
2026-09-03,PBH,FINAL_VINTAGE_ADJUSTED_DISCOVERY_ONLY,data/baskets/ohlcv/PBH.parquet,2026-09-03,OBSERVED,52.560001373291016,0.026362083830376193,0.023677596865662842,-0.007927485326051809,-0.012318313462261754,25870409.192112513
2026-09-03,PCRX,FINAL_VINTAGE_ADJUSTED_DISCOVERY_ONLY,data/baskets/ohlcv/PCRX.parquet,2026-09-03,OBSERVED,26.600000381469727,0.02981031591320238,0.027125828948489028,0.06956170019532881,0.06517087205911887,14092254.311261859
2026-09-03,PG,FINAL_VINTAGE_ADJUSTED_DISCOVERY_ONLY,data/baskets/ohlcv/PG.parquet,2026-09-03,OBSERVED,146.9199981689453,0.026407704313363478,0.023723217348650127,0.0008174054134399977,-0.0035734227227699478,1296830382.1327572
2026-09-03,PI,FINAL_VINTAGE_ADJUSTED_DISCOVERY_ONLY,data/baskets/ohlcv/PI.parquet,2026-09-03,OBSERVED,175.11000061035156,0.04188726708717372,0.03920278012246037,0.07173022378654625,0.06733939565033631,67026626.04108538
2026-09-03,PLMR,FINAL_VINTAGE_ADJUSTED_DISCOVERY_ONLY,data/baskets/ohlcv/PLMR.parquet,2026-09-03,OBSERVED,136.1199951171875,0.05071394759292169,0.04802946062820834,0.019357806729999316,0.01496697859378937,26783868.662261963
2026-09-03,PNW,FINAL_VINTAGE_ADJUSTED_DISCOVERY_ONLY,data/baskets/ohlcv/PNW.parquet,2026-09-03,OBSERVED,98.0,0.0011237165291391182,-0.0015607704355742325,-0.03448275862068961,-0.03887358675689956,98140280.4569426
2026-09-03,PRIM,FINAL_VINTAGE_ADJUSTED_DISCOVERY_ONLY,data/baskets/ohlcv/PRIM.parquet,2026-09-03,OBSERVED,73.5107421875,-0.044285700965930874,-0.046970187930644225,-0.11762594197313614,-0.12201677010934608,84578562.39329746
2026-09-03,RBLX,FINAL_VINTAGE_ADJUSTED_DISCOVERY_ONLY,data/baskets/ohlcv/RBLX.parquet,2026-09-03,OBSERVED,41.5099983215332,0.08807330697942573,0.08538882001471237,0.1470019313816151,0.14261110324540516,440644122.72823876
2026-09-03,SGI,FINAL_VINTAGE_ADJUSTED_DISCOVERY_ONLY,data/yahoo/SGI.parquet,2026-09-03,OBSERVED,69.5199966430664,0.11267601076198885,0.1099915237972755,0.0017170328915299127,-0.002673795244680033,254904027.77828035
2026-09-03,SMPL,FINAL_VINTAGE_ADJUSTED_DISCOVERY_ONLY,data/baskets/ohlcv/SMPL.parquet,2026-09-03,OBSERVED,11.489999771118164,0.12536726035149948,0.12268277338678613,0.027728037341722578,0.023337209205512632,20822920.422517687
2026-09-03,SONO,FINAL_VINTAGE_ADJUSTED_DISCOVERY_ONLY,data/baskets/ohlcv/SONO.parquet,2026-09-03,OBSERVED,16.15999984741211,0.07019863835521378,0.06751415139050043,0.015075362435176265,0.01068453429896632,21474232.575616382
2026-09-03,SPNT,FINAL_VINTAGE_ADJUSTED_DISCOVERY_ONLY,data/baskets/ohlcv/SPNT.parquet,2026-09-03,OBSERVED,24.84000015258789,0.03199004850545317,0.029305561540739822,0.052096548514998675,0.04770572037878873,13082812.422352746
2026-09-03,TEL,FINAL_VINTAGE_ADJUSTED_DISCOVERY_ONLY,data/baskets/ohlcv/TEL.parquet,2026-09-03,OBSERVED,209.41000366210938,0.03157637271975067,0.028891885755037316,-0.03574129365817946,-0.04013212179438941,404597823.8745553
2026-09-03,TTD,FINAL_VINTAGE_ADJUSTED_DISCOVERY_ONLY,data/baskets/ohlcv/TTD.parquet,2026-09-03,OBSERVED,15.09000015258789,0.12444113761548725,0.1217566506507739,-0.20411387757155075,-0.2085047057077607,432303021.94382805
2026-09-03,VIRT,FINAL_VINTAGE_ADJUSTED_DISCOVERY_ONLY,data/yahoo/VIRT.parquet,2026-09-03,OBSERVED,64.19000244140625,-0.03899821574998985,-0.0416827027147032,0.10185674415973223,0.09746591602352228,93962434.61845034
2026-09-03,WDC,FINAL_VINTAGE_ADJUSTED_DISCOVERY_ONLY,data/baskets/ohlcv/WDC.parquet,2026-09-03,OBSERVED,441.4283142089844,-0.04422075176896878,-0.04690523873368213,-0.14946925041668868,-0.15386007855289863,3352258191.4691744
2026-09-03,WFC,FINAL_VINTAGE_ADJUSTED_DISCOVERY_ONLY,data/baskets/ohlcv/WFC.parquet,2026-09-03,OBSERVED,89.19000244140625,0.04966460115425897,0.04698011418954562,0.0059667986464471134,0.001575970510237168,1078220175.2487183
2026-09-03,WWD,FINAL_VINTAGE_ADJUSTED_DISCOVERY_ONLY,data/yahoo/WWD.parquet,2026-09-03,OBSERVED,342.55999755859375,-0.010914127213910052,-0.013598614178623403,-0.08148090565525157,-0.08587173379146151,191951107.10100445
2026-09-04,ACM,FINAL_VINTAGE_ADJUSTED_DISCOVERY_ONLY,data/yahoo/ACM.parquet,2026-09-04,OBSERVED,66.58000183105469,-0.037443926651040904,-0.03853579962157405,-0.11143732070082912,-0.11355818851153299,181189490.21402994
2026-09-04,ADM,FINAL_VINTAGE_ADJUSTED_DISCOVERY_ONLY,data/baskets/ohlcv/ADM.parquet,2026-09-04,OBSERVED,84.61000061035156,0.0376502288490852,0.03655835587855205,0.09852934781542766,0.0964084800047238,284956076.2234279
2026-09-04,AEP,FINAL_VINTAGE_ADJUSTED_DISCOVERY_ONLY,data/baskets/ohlcv/AEP.parquet,2026-09-04,OBSERVED,124.5,0.01790534285929568,0.016813469888762533,0.0014998134899257831,-0.0006210543207780805,396949224.0158081
2026-09-04,ALGM,FINAL_VINTAGE_ADJUSTED_DISCOVERY_ONLY,data/yahoo/ALGM.parquet,2026-09-04,OBSERVED,36.61000061035156,0.023483369914399033,0.022391496943865885,-0.1376752083055539,-0.13979607611625777,75264206.1135065
2026-09-04,ARLO,FINAL_VINTAGE_ADJUSTED_DISCOVERY_ONLY,data/baskets/ohlcv/ARLO.parquet,2026-09-04,OBSERVED,13.970000267028809,0.08378587237707191,0.08269399940653877,-0.09696185999407825,-0.09908272780478211,19302781.136885144
2026-09-04,ARR,FINAL_VINTAGE_ADJUSTED_DISCOVERY_ONLY,data/baskets/ohlcv/ARR.parquet,2026-09-04,OBSERVED,16.096839904785156,0.0018383422203556155,0.0007464692498224679,0.0022852357051630356,0.000164367894459172,53816609.350231715
2026-09-04,ASTH,FINAL_VINTAGE_ADJUSTED_DISCOVERY_ONLY,data/baskets/ohlcv/ASTH.parquet,2026-09-04,OBSERVED,38.470001220703125,0.013435251541907611,0.012343378571374464,0.12716085604352312,0.12503998823281925,15549294.606127057
2026-09-04,ATO,FINAL_VINTAGE_ADJUSTED_DISCOVERY_ONLY,data/baskets/ohlcv/ATO.parquet,2026-09-04,OBSERVED,167.55999755859375,0.005460568229451068,0.004368695258917921,-0.019826069570386684,-0.021946937381090548,161144593.08856782
2026-09-04,BBT,FINAL_VINTAGE_ADJUSTED_DISCOVERY_ONLY,data/baskets/ohlcv/BBT.parquet,2026-09-04,OBSERVED,31.889999389648438,0.01592864000388894,0.014836767033355791,0.01935181235269834,0.017230944541994475,22547727.286338806
2026-09-04,BXMT,FINAL_VINTAGE_ADJUSTED_DISCOVERY_ONLY,data/baskets/ohlcv/BXMT.parquet,2026-09-04,OBSERVED,13.657838821411133,0.03423166463100635,0.033139791660473206,0.026011505201813945,0.02389063739111008,26955373.47528821
2026-09-04,CARR,FINAL_VINTAGE_ADJUSTED_DISCOVERY_ONLY,data/baskets/ohlcv/CARR.parquet,2026-09-04,OBSERVED,59.709999084472656,0.015648888494953717,0.014557015524420569,-0.06644778081355163,-0.06856864862425549,307713890.404347
2026-09-04,CDW,FINAL_VINTAGE_ADJUSTED_DISCOVERY_ONLY,data/baskets/ohlcv/CDW.parquet,2026-09-04,OBSERVED,152.3800048828125,0.03175572052188791,0.03066384755135476,0.07845269787150233,0.07633183006079847,234105024.66932026
2026-09-04,CMC,FINAL_VINTAGE_ADJUSTED_DISCOVERY_ONLY,data/baskets/ohlcv/CMC.parquet,2026-09-04,OBSERVED,70.27999877929688,0.03918381832767226,0.03809194535713911,-0.04627498370380434,-0.048395851514508204,73235426.00203015
2026-09-04,CMS,FINAL_VINTAGE_ADJUSTED_DISCOVERY_ONLY,data/baskets/ohlcv/CMS.parquet,2026-09-04,OBSERVED,68.45999908447266,0.003665151786476306,0.0025732788159431585,-0.030723463872714518,-0.03284433168341838,236414506.8287804
2026-09-04,COF,FINAL_VINTAGE_ADJUSTED_DISCOVERY_ONLY,data/baskets/ohlcv/COF.parquet,2026-09-04,OBSERVED,219.60000610351562,0.0182223209901069,0.017130448019573752,0.001706806288553242,-0.00041406152215062164,644107590.4808408
2026-09-04,CPT,FINAL_VINTAGE_ADJUSTED_DISCOVERY_ONLY,data/baskets/ohlcv/CPT.parquet,2026-09-04,OBSERVED,104.55216217041016,-0.0062059096393856095,-0.007297782609918757,-0.04560227397454131,-0.04772314178524517,87875945.7464309
2026-09-04,CTS,FINAL_VINTAGE_ADJUSTED_DISCOVERY_ONLY,data/baskets/ohlcv/CTS.parquet,2026-09-04,OBSERVED,57.14160919189453,0.010783068019026176,0.009691195048493029,-0.13703594884203252,-0.13915681665273638,9062331.751669021
2026-09-04,CWST,FINAL_VINTAGE_ADJUSTED_DISCOVERY_ONLY,data/baskets/ohlcv/CWST.parquet,2026-09-04,OBSERVED,93.52999877929688,-0.0016012118423383015,-0.002693084812871449,0.033937648970761236,0.03181678116005737,39794037.28575934
2026-09-04,DFIN,FINAL_VINTAGE_ADJUSTED_DISCOVERY_ONLY,data/baskets/ohlcv/DFIN.parquet,2026-09-04,OBSERVED,50.91999816894531,0.05380791578108379,0.052716042810550645,0.05250097240084717,0.050380104590143304,9843092.914544968
2026-09-04,DORM,FINAL_VINTAGE_ADJUSTED_DISCOVERY_ONLY,data/baskets/ohlcv/DORM.parquet,2026-09-04,OBSERVED,131.3000030517578,0.015075352580050438,0.01398347960951729,-0.04564616002119681,-0.04776702783190068,22502084.43243844
2026-09-04,DTE,FINAL_VINTAGE_ADJUSTED_DISCOVERY_ONLY,data/baskets/ohlcv/DTE.parquet,2026-09-04,OBSERVED,134.84646606445312,0.0016192884719286038,0.0005274155013954562,-0.02779176457270316,-0.029912632383407023,165351691.2795294
2026-09-04,ED,FINAL_VINTAGE_ADJUSTED_DISCOVERY_ONLY,data/baskets/ohlcv/ED.parquet,2026-09-04,OBSERVED,107.29000091552734,-0.001860609844793748,-0.0029524828153268956,-0.007159707559788675,-0.009280575370492539,233805028.37353662
2026-09-04,ELV,FINAL_VINTAGE_ADJUSTED_DISCOVERY_ONLY,data/baskets/ohlcv/ELV.parquet,2026-09-04,OBSERVED,405.7340393066406,0.0331364443150346,0.03204457134450145,0.041134346895393525,0.03901347908468966,350915066.9317336
2026-09-04,ETR,FINAL_VINTAGE_ADJUSTED_DISCOVERY_ONLY,data/baskets/ohlcv/ETR.parquet,2026-09-04,OBSERVED,107.2699966430664,0.014373490714576054,0.013281617744042906,0.013337918068495602,0.011217050257791739,223599246.09567553
2026-09-04,EVRG,FINAL_VINTAGE_ADJUSTED_DISCOVERY_ONLY,data/baskets/ohlcv/EVRG.parquet,2026-09-04,OBSERVED,81.54000091552734,0.011035330103036145,0.009943457132502997,-0.00962601086596937,-0.011746878676673234,162977659.03992426
2026-09-04,F,FINAL_VINTAGE_ADJUSTED_DISCOVERY_ONLY,data/baskets/ohlcv/F.parquet,2026-09-04,OBSERVED,14.619999885559082,0.05331410410784221,0.05222223113730906,0.07167071561872063,0.06954984780801676,565363879.9274399
2026-09-04,FLR,FINAL_VINTAGE_ADJUSTED_DISCOVERY_ONLY,data/baskets/ohlcv/FLR.parquet,2026-09-04,OBSERVED,56.15999984741211,0.054251912236040534,0.053160039265507386,0.15199999686999188,0.14987912905928802,152252052.83582777
2026-09-04,GOLF,FINAL_VINTAGE_ADJUSTED_DISCOVERY_ONLY,data/baskets/ohlcv/GOLF.parquet,2026-09-04,OBSERVED,86.87999725341797,0.002607343368561832,0.0015154703980286843,-0.07153326057274745,-0.07365412838345131,35863751.08526321
2026-09-04,GPI,FINAL_VINTAGE_ADJUSTED_DISCOVERY_ONLY,data/baskets/ohlcv/GPI.parquet,2026-09-04,OBSERVED,300.760009765625,0.14178809738555387,0.14069622441502072,0.11282387482918588,0.11070300701848201,54248352.96688988
2026-09-04,HCI,FINAL_VINTAGE_ADJUSTED_DISCOVERY_ONLY,data/baskets/ohlcv/HCI.parquet,2026-09-04,OBSERVED,187.63999938964844,0.007246798819956268,0.006154925849423121,0.03959993429571673,0.03747906648501287,27960460.52187965
2026-09-04,HOG,FINAL_VINTAGE_ADJUSTED_DISCOVERY_ONLY,data/baskets/ohlcv/HOG.parquet,2026-09-04,OBSERVED,28.107160568237305,0.007117362812800954,0.006025489842267806,0.101167220678402,0.09904635286769814,47990277.481896535
2026-09-04,HWKN,FINAL_VINTAGE_ADJUSTED_DISCOVERY_ONLY,data/baskets/ohlcv/HWKN.parquet,2026-09-04,OBSERVED,129.1300048828125,0.07295393867893885,0.0718620657084057,-0.005367912127588803,-0.007488779938292667,18227036.672247022
2026-09-04,KEX,FINAL_VINTAGE_ADJUSTED_DISCOVERY_ONLY,data/yahoo/KEX.parquet,2026-09-04,OBSERVED,140.77000427246094,0.012296898776707366,0.011205025806174218,0.05897850017792172,0.05685763236721786,55012483.72235979
2026-09-04,KMI,FINAL_VINTAGE_ADJUSTED_DISCOVERY_ONLY,data/baskets/ohlcv/KMI.parquet,2026-09-04,OBSERVED,31.399999618530273,-0.005069703742700327,-0.006161576713233474,0.0038362829044309432,0.0017154150937270796,327733540.0445121
2026-09-04,KMT,FINAL_VINTAGE_ADJUSTED_DISCOVERY_ONLY,data/baskets/ohlcv/KMT.parquet,2026-09-04,OBSERVED,31.020000457763672,0.05010154016137425,0.0490096671908411,-0.07776526715263032,-0.07988613496333419,49655138.81012145
2026-09-04,LIF,FINAL_VINTAGE_ADJUSTED_DISCOVERY_ONLY,data/baskets/ohlcv/LIF.parquet,2026-09-04,OBSERVED,44.16999816894531,0.01563569703919332,0.014543824068660172,-0.26001006558608075,-0.2621309333967846,49454794.6610587
2026-09-04,LNT,FINAL_VINTAGE_ADJUSTED_DISCOVERY_ONLY,data/baskets/ohlcv/LNT.parquet,2026-09-04,OBSERVED,67.97000122070312,-0.0008819279681070435,-0.001973800938640191,-0.02229567746272132,-0.024416545273425183,158399057.81457084
2026-09-04,LTC,FINAL_VINTAGE_ADJUSTED_DISCOVERY_ONLY,data/baskets/ohlcv/LTC.parquet,2026-09-04,OBSERVED,41.027400970458984,0.014524898201669023,0.013433025231135876,0.04950675045478259,0.047385882644078725,19405292.717561267
2026-09-04,LZB,FINAL_VINTAGE_ADJUSTED_DISCOVERY_ONLY,data/baskets/ohlcv/LZB.parquet,2026-09-04,OBSERVED,32.7599983215332,0.01351500946500317,0.012423136494470022,-0.1877414925940064,-0.18986236040471027,27515896.589179266
2026-09-04,MC,FINAL_VINTAGE_ADJUSTED_DISCOVERY_ONLY,data/baskets/ohlcv/MC.parquet,2026-09-04,OBSERVED,69.0199966430664,0.00906425589702553,0.007972382926492383,0.03581433223636821,0.03369346442566434,46082531.24571301
2026-09-04,MIR,FINAL_VINTAGE_ADJUSTED_DISCOVERY_ONLY,data/baskets/ohlcv/MIR.parquet,2026-09-04,OBSERVED,16.93000030517578,0.17569449678247495,0.1746026238119418,0.12716376758995707,0.1250428997792532,53462400.95977329
2026-09-04,MO,FINAL_VINTAGE_ADJUSTED_DISCOVERY_ONLY,data/baskets/ohlcv/MO.parquet,2026-09-04,OBSERVED,67.79719543457031,0.003350253967587369,0.0022583809970542212,0.0166789637837792,0.014558095973075336,589687268.949763
2026-09-04,NABL,FINAL_VINTAGE_ADJUSTED_DISCOVERY_ONLY,data/baskets/ohlcv/NABL.parquet,2026-09-04,OBSERVED,4.059999942779541,-0.031026279872453433,-0.03211815284298658,-0.1663244274771789,-0.16844529528788277,10095874.441896167
2026-09-04,NGVT,FINAL_VINTAGE_ADJUSTED_DISCOVERY_ONLY,data/baskets/ohlcv/NGVT.parquet,2026-09-04,OBSERVED,70.54000091552734,0.01598733408429509,0.014895461113761943,-0.08792339984934561,-0.09004426766004947,15679939.614323208
2026-09-04,NOVT,FINAL_VINTAGE_ADJUSTED_DISCOVERY_ONLY,data/baskets/ohlcv/NOVT.parquet,2026-09-04,OBSERVED,148.36000061035156,0.04331929531863121,0.042227422348098065,-0.09159935123055052,-0.09372021904125438,50258201.07480004
2026-09-04,NX,FINAL_VINTAGE_ADJUSTED_DISCOVERY_ONLY,data/baskets/ohlcv/NX.parquet,2026-09-04,OBSERVED,22.842565536499023,0.18074152538404142,0.17964965241350828,0.09870627682068744,0.09658540900998358,7315437.597474597
2026-09-04,OKE,FINAL_VINTAGE_ADJUSTED_DISCOVERY_ONLY,data/baskets/ohlcv/OKE.parquet,2026-09-04,OBSERVED,95.43000030517578,0.007070474396803972,0.005978601426270824,0.08529512082304103,0.08317425301233716,315378360.59385026
2026-09-04,PCRX,FINAL_VINTAGE_ADJUSTED_DISCOVERY_ONLY,data/baskets/ohlcv/PCRX.parquet,2026-09-04,OBSERVED,26.350000381469727,0.022903732428014134,0.021811859457480987,0.030101659892894705,0.027980792082190842,13697713.227753412
2026-09-04,PG,FINAL_VINTAGE_ADJUSTED_DISCOVERY_ONLY,data/baskets/ohlcv/PG.parquet,2026-09-04,OBSERVED,146.44000244140625,0.01850051248221596,0.01740863951168281,-0.003606169795841385,-0.005727037606545249,1274444387.4633062
2026-09-04,PLMR,FINAL_VINTAGE_ADJUSTED_DISCOVERY_ONLY,data/baskets/ohlcv/PLMR.parquet,2026-09-04,OBSERVED,136.5800018310547,0.03760538452193374,0.03651351155140059,0.0017216675509648116,-0.00039920025973905204,24640448.325711206
2026-09-04,PNW,FINAL_VINTAGE_ADJUSTED_DISCOVERY_ONLY,data/baskets/ohlcv/PNW.parquet,2026-09-04,OBSERVED,97.5199966430664,-0.0012290326437133237,-0.0023209056142464712,-0.03273163124128853,-0.03485249905199239,94200505.63514346
2026-09-04,PRIM,FINAL_VINTAGE_ADJUSTED_DISCOVERY_ONLY,data/baskets/ohlcv/PRIM.parquet,2026-09-04,OBSERVED,74.34983825683594,0.017915713139265543,0.016823840168732396,-0.07217655602939732,-0.07429742384010118,82970862.94072469
2026-09-04,RBLX,FINAL_VINTAGE_ADJUSTED_DISCOVERY_ONLY,data/baskets/ohlcv/RBLX.parquet,2026-09-04,OBSERVED,43.310001373291016,0.12405924592353101,0.12296737295299787,0.20172031834304116,0.1995994505323373,446316497.19261897
2026-09-04,SGI,FINAL_VINTAGE_ADJUSTED_DISCOVERY_ONLY,data/yahoo/SGI.parquet,2026-09-04,OBSERVED,69.87000274658203,0.08544352594877025,0.0843516529782371,0.07985782384499851,0.07773695603429465,247907497.1312205
2026-09-04,SMP,FINAL_VINTAGE_ADJUSTED_DISCOVERY_ONLY,data/baskets/ohlcv/SMP.parquet,2026-09-04,OBSERVED,41.529998779296875,0.12212917219004149,0.12103729921950834,0.06495728418695679,0.06283641637625292,6379285.688036964
2026-09-04,SMPL,FINAL_VINTAGE_ADJUSTED_DISCOVERY_ONLY,data/baskets/ohlcv/SMPL.parquet,2026-09-04,OBSERVED,11.449999809265137,0.04757543362950467,0.04648356065897152,0.025067120058972492,0.022946252248268628,20600802.356670015
2026-09-04,SPNT,FINAL_VINTAGE_ADJUSTED_DISCOVERY_ONLY,data/baskets/ohlcv/SPNT.parquet,2026-09-04,OBSERVED,24.479999542236328,0.012406916181731065,0.011315043211197917,0.0355330022959186,0.03341213448521474,13626938.129797436
2026-09-04,TAL,FINAL_VINTAGE_ADJUSTED_DISCOVERY_ONLY,data/yahoo/TAL.parquet,2026-09-04,OBSERVED,12.399999618530273,0.0385259676979155,0.03743409472738235,-0.004815442972151307,-0.006936310782855171,60558883.084801264
2026-09-04,TEL,FINAL_VINTAGE_ADJUSTED_DISCOVERY_ONLY,data/baskets/ohlcv/TEL.parquet,2026-09-04,OBSERVED,208.64999389648438,0.029556844597525833,0.028464971626992686,-0.026107962596342515,-0.02822883040704638,409917116.98891777
2026-09-04,TTD,FINAL_VINTAGE_ADJUSTED_DISCOVERY_ONLY,data/baskets/ohlcv/TTD.parquet,2026-09-04,OBSERVED,14.430000305175781,0.06337513851821086,0.06228326554767771,-0.18336161613632052,-0.18548248394702438,372400102.8376716
2026-09-04,VIRT,FINAL_VINTAGE_ADJUSTED_DISCOVERY_ONLY,data/yahoo/VIRT.parquet,2026-09-04,OBSERVED,64.43000030517578,-0.025961086973747438,-0.027052959944280586,0.1634840198775327,0.16136315206682883,92874856.81294033
2026-09-04,WDC,FINAL_VINTAGE_ADJUSTED_DISCOVERY_ONLY,data/baskets/ohlcv/WDC.parquet,2026-09-04,OBSERVED,467.3099670410156,0.017433791081143513,0.016341918110610365,0.03530295708933595,0.03318208927863209,3133445167.1322775
2026-09-04,WFC,FINAL_VINTAGE_ADJUSTED_DISCOVERY_ONLY,data/baskets/ohlcv/WFC.parquet,2026-09-04,OBSERVED,89.97000122070312,0.03783595209278978,0.036744079122256634,0.03306929617540333,0.030948428364699465,1058204336.7118472
2026-09-04,WKC,FINAL_VINTAGE_ADJUSTED_DISCOVERY_ONLY,data/baskets/ohlcv/WKC.parquet,2026-09-04,OBSERVED,35.17161560058594,-0.0014103681881935115,-0.002502241158726659,-0.049153852627132455,-0.05127472043783632,31057498.117210753
2026-09-04,WWD,FINAL_VINTAGE_ADJUSTED_DISCOVERY_ONLY,data/yahoo/WWD.parquet,2026-09-04,OBSERVED,346.2200012207031,0.012901915372891981,0.011810042402358834,-0.05263258541134597,-0.05475345322204983,183091523.13988096
2026-09-08,ACM,FINAL_VINTAGE_ADJUSTED_DISCOVERY_ONLY,data/yahoo/ACM.parquet,2026-09-08,OBSERVED,66.04000091552734,-0.02061396089808032,-0.019192958054878084,-0.12921935516322114,-0.1197787998727452,181548273.67582774
2026-09-08,ADM,FINAL_VINTAGE_ADJUSTED_DISCOVERY_ONLY,data/baskets/ohlcv/ADM.parquet,2026-09-08,OBSERVED,84.5,0.03948824023028785,0.04090924307349009,0.11027958423299666,0.1197201395234726,294462211.9228545
2026-09-08,AEP,FINAL_VINTAGE_ADJUSTED_DISCOVERY_ONLY,data/baskets/ohlcv/AEP.parquet,2026-09-08,OBSERVED,125.41999816894531,0.024422101252278727,0.025843104095480962,0.0051290222464293045,0.014569577536905243,395353403.3442906
2026-09-08,ALGM,FINAL_VINTAGE_ADJUSTED_DISCOVERY_ONLY,data/yahoo/ALGM.parquet,2026-09-08,OBSERVED,36.470001220703125,0.006068999191810365,0.0074900020350125995,-0.16678088098501986,-0.15734032569454393,76461526.08780634
2026-09-08,AN,FINAL_VINTAGE_ADJUSTED_DISCOVERY_ONLY,data/yahoo/AN.parquet,2026-09-08,OBSERVED,209.3000030517578,0.04000001516401408,0.041421018007216315,0.0003345950659479069,0.009775150356423845,72754737.92826335
2026-09-08,ARLO,FINAL_VINTAGE_ADJUSTED_DISCOVERY_ONLY,data/baskets/ohlcv/ARLO.parquet,2026-09-08,OBSERVED,14.109999656677246,0.07300380730005429,0.07442481014325653,-0.07353906232584329,-0.06409850703536735,18836394.587575823
2026-09-08,ARR,FINAL_VINTAGE_ADJUSTED_DISCOVERY_ONLY,data/baskets/ohlcv/ARR.parquet,2026-09-08,OBSERVED,15.978696823120117,0.0006165586733453132,0.002037561516547548,-0.01282540911040042,-0.0033848538199244826,53100827.40896316
2026-09-08,ASTH,FINAL_VINTAGE_ADJUSTED_DISCOVERY_ONLY,data/baskets/ohlcv/ASTH.parquet,2026-09-08,OBSERVED,38.099998474121094,-0.0002624543707762106,0.0011585484724260242,0.06543624894911804,0.07487680423959397,14553222.085262481
2026-09-08,ATO,FINAL_VINTAGE_ADJUSTED_DISCOVERY_ONLY,data/baskets/ohlcv/ATO.parquet,2026-09-08,OBSERVED,168.07000732421875,0.011677616230582277,0.013098619073784512,-0.006502191269485924,0.002938364020990014,160026212.38265264
2026-09-08,BBT,FINAL_VINTAGE_ADJUSTED_DISCOVERY_ONLY,data/baskets/ohlcv/BBT.parquet,2026-09-08,OBSERVED,31.440000534057617,0.01256042855329853,0.013981431396500765,0.007838197715277051,0.01727875300575299,23052331.72173273
2026-09-08,BXMT,FINAL_VINTAGE_ADJUSTED_DISCOVERY_ONLY,data/baskets/ohlcv/BXMT.parquet,2026-09-08,OBSERVED,13.340438842773438,-0.0021582569592658585,-0.0007372541160636237,-0.019787952438729106,-0.010347397148253168,26244140.314002264
2026-09-08,CDW,FINAL_VINTAGE_ADJUSTED_DISCOVERY_ONLY,data/baskets/ohlcv/CDW.parquet,2026-09-08,OBSERVED,144.47999572753906,-0.04683999220048185,-0.045418989357279616,0.06892122127835587,0.07836177656883181,233983853.29553515
2026-09-08,CMS,FINAL_VINTAGE_ADJUSTED_DISCOVERY_ONLY,data/baskets/ohlcv/CMS.parquet,2026-09-08,OBSERVED,68.79000091552734,0.010725879857770071,0.012146882700972306,-0.031535941183521765,-0.022095385893045827,234368351.6030811
2026-09-08,CRWV,FINAL_VINTAGE_ADJUSTED_DISCOVERY_ONLY,data/baskets/ohlcv/CRWV.parquet,2026-09-08,OBSERVED,99.83000183105469,0.17599249085667967,0.1774134936998819,0.1010257400142609,0.11046629530473684,2708268296.6673713
2026-09-08,CWST,FINAL_VINTAGE_ADJUSTED_DISCOVERY_ONLY,data/baskets/ohlcv/CWST.parquet,2026-09-08,OBSERVED,92.06999969482422,-0.0019512228203336646,-0.0005302199771314298,0.02975054159227275,0.03919109688274869,37759996.17269607
2026-09-08,DFIN,FINAL_VINTAGE_ADJUSTED_DISCOVERY_ONLY,data/baskets/ohlcv/DFIN.parquet,2026-09-08,OBSERVED,49.81999969482422,0.03146998927067024,0.032890992113872475,0.051498492437793475,0.06093904772826941,9907987.947827294
2026-09-08,DTE,FINAL_VINTAGE_ADJUSTED_DISCOVERY_ONLY,data/baskets/ohlcv/DTE.parquet,2026-09-08,OBSERVED,136.01576232910156,0.01201783590625638,0.013438838749458615,-0.0186602458895474,-0.009219690599071462,165310093.619719
2026-09-08,ETR,FINAL_VINTAGE_ADJUSTED_DISCOVERY_ONLY,data/baskets/ohlcv/ETR.parquet,2026-09-08,OBSERVED,108.52999877929688,0.020882337237187354,0.02230334008038959,0.018640405839426943,0.02808096112990288,232021095.00227427
2026-09-08,EVRG,FINAL_VINTAGE_ADJUSTED_DISCOVERY_ONLY,data/baskets/ohlcv/EVRG.parquet,2026-09-08,OBSERVED,82.23999786376953,0.015058026058404339,0.016479028901606574,-0.0054366534926881815,0.004003901797787757,164823163.26075962
2026-09-08,F,FINAL_VINTAGE_ADJUSTED_DISCOVERY_ONLY,data/baskets/ohlcv/F.parquet,2026-09-08,OBSERVED,14.0,0.0043041909198571204,0.005725193763059355,0.01227648818820537,0.021717043478681308,573693136.0030901
2026-09-08,FBP,FINAL_VINTAGE_ADJUSTED_DISCOVERY_ONLY,data/baskets/ohlcv/FBP.parquet,2026-09-08,OBSERVED,28.079999923706055,0.007173628728830872,0.008594631572033107,-0.013563065867583046,-0.004122510577107108,30779685.01774016
2026-09-08,FLR,FINAL_VINTAGE_ADJUSTED_DISCOVERY_ONLY,data/baskets/ohlcv/FLR.parquet,2026-09-08,OBSERVED,56.619998931884766,0.03870850624330413,0.040129509086506365,-0.006666685405530393,0.0027738698849455456,136121772.92304265
2026-09-08,GM,FINAL_VINTAGE_ADJUSTED_DISCOVERY_ONLY,data/baskets/ohlcv/GM.parquet,2026-09-08,OBSERVED,85.79000091552734,-0.004084569850546282,-0.0026635670073440476,-0.01841274779592439,-0.00897219250544845,450702967.78328305
2026-09-08,GPI,FINAL_VINTAGE_ADJUSTED_DISCOVERY_ONLY,data/baskets/ohlcv/GPI.parquet,2026-09-08,OBSERVED,281.6000061035156,0.046879008062498784,0.04830001090570102,0.058940158863935554,0.06838071415441149,55328453.956531346
2026-09-08,HCI,FINAL_VINTAGE_ADJUSTED_DISCOVERY_ONLY,data/baskets/ohlcv/HCI.parquet,2026-09-08,OBSERVED,186.08999633789062,0.0019383008594888729,0.0033593037026911077,-0.011607274410652457,-0.002166719120176519,26776969.599987213
2026-09-08,HOG,FINAL_VINTAGE_ADJUSTED_DISCOVERY_ONLY,data/baskets/ohlcv/HOG.parquet,2026-09-08,OBSERVED,26.994794845581055,-0.015217356665129134,-0.013796353821926899,0.044982766664828144,0.05442332195530408,48448698.30741882
2026-09-08,HWKN,FINAL_VINTAGE_ADJUSTED_DISCOVERY_ONLY,data/baskets/ohlcv/HWKN.parquet,2026-09-08,OBSERVED,127.0,0.0559574585913285,0.057378461434530736,-0.020870811591434113,-0.011430256300958175,18254889.062790643
2026-09-08,KMI,FINAL_VINTAGE_ADJUSTED_DISCOVERY_ONLY,data/baskets/ohlcv/KMI.parquet,2026-09-08,OBSERVED,31.979999542236328,-0.008064581969427276,-0.006643579126225041,0.036628821614062,0.04606937690453794,342872716.7450133
2026-09-08,KMT,FINAL_VINTAGE_ADJUSTED_DISCOVERY_ONLY,data/baskets/ohlcv/KMT.parquet,2026-09-08,OBSERVED,30.469999313354492,0.03851394529276897,0.039934948135971204,-0.0744298913329392,-0.06498933604246326,49654444.11712828
2026-09-08,LEA,FINAL_VINTAGE_ADJUSTED_DISCOVERY_ONLY,data/yahoo/LEA.parquet,2026-09-08,OBSERVED,128.91000366210938,0.03774637236948086,0.0391673752126831,0.05590945240165546,0.0653500076921314,68802270.60336158
2026-09-08,LIF,FINAL_VINTAGE_ADJUSTED_DISCOVERY_ONLY,data/baskets/ohlcv/LIF.parquet,2026-09-08,OBSERVED,43.09000015258789,0.005366298155879523,0.006787300999081758,-0.31814225238271443,-0.3087016970922385,48195794.41155933
2026-09-08,LNT,FINAL_VINTAGE_ADJUSTED_DISCOVERY_ONLY,data/baskets/ohlcv/LNT.parquet,2026-09-08,OBSERVED,68.61000061035156,0.009267390737098369,0.010688393580300604,-0.010955774919122585,-0.0015152196286466468,157972241.21159145
2026-09-08,LTC,FINAL_VINTAGE_ADJUSTED_DISCOVERY_ONLY,data/baskets/ohlcv/LTC.parquet,2026-09-08,OBSERVED,41.8238525390625,0.04191465171096853,0.043335654554170766,0.05914153470472705,0.06858208999520299,19805416.868791126
2026-09-08,LUMN,FINAL_VINTAGE_ADJUSTED_DISCOVERY_ONLY,data/baskets/ohlcv/LUMN.parquet,2026-09-08,OBSERVED,6.639999866485596,0.06239997863769542,0.06382098148089765,0.06410258173707506,0.073543137027551,77146625.07004511
2026-09-08,MC,FINAL_VINTAGE_ADJUSTED_DISCOVERY_ONLY,data/baskets/ohlcv/MC.parquet,2026-09-08,OBSERVED,68.7699966430664,0.010283486872050274,0.011704489715252508,0.04228555768703757,0.051726112977513505,45298334.60776919
2026-09-08,MIR,FINAL_VINTAGE_ADJUSTED_DISCOVERY_ONLY,data/baskets/ohlcv/MIR.parquet,2026-09-08,OBSERVED,16.920000076293945,0.12276047902675846,0.1241814818699607,0.07702100797000977,0.08646156326048571,53770109.29897853
2026-09-08,MO,FINAL_VINTAGE_ADJUSTED_DISCOVERY_ONLY,data/baskets/ohlcv/MO.parquet,2026-09-08,OBSERVED,67.09835815429688,-0.004526917125746044,-0.003105914282543809,-0.002633495495205307,0.006807059795270631,594792304.6732767
2026-09-08,NABL,FINAL_VINTAGE_ADJUSTED_DISCOVERY_ONLY,data/baskets/ohlcv/NABL.parquet,2026-09-08,OBSERVED,3.8499999046325684,-0.03266334518038039,-0.031242342337178153,-0.2284568975501463,-0.21901634225967037,10458405.249775024
2026-09-08,NGVT,FINAL_VINTAGE_ADJUSTED_DISCOVERY_ONLY,data/baskets/ohlcv/NGVT.parquet,2026-09-08,OBSERVED,69.1500015258789,-0.002020484742367268,-0.000599481899165033,-0.11141092524987439,-0.10197036995939845,15368901.774633499
2026-09-08,NOVT,FINAL_VINTAGE_ADJUSTED_DISCOVERY_ONLY,data/baskets/ohlcv/NOVT.parquet,2026-09-08,OBSERVED,149.30999755859375,0.021132514786582624,0.02255351762978486,-0.10254251403071235,-0.09310195874023641,48871978.81033761
2026-09-08,NX,FINAL_VINTAGE_ADJUSTED_DISCOVERY_ONLY,data/baskets/ohlcv/NX.parquet,2026-09-08,OBSERVED,22.135271072387695,0.1560873649970398,0.15750836784024203,0.010918989943125013,0.02035954523360095,7872708.761823745
2026-09-08,OKE,FINAL_VINTAGE_ADJUSTED_DISCOVERY_ONLY,data/baskets/ohlcv/OKE.parquet,2026-09-08,OBSERVED,97.51000213623047,0.015623372217736353,0.017044375060938588,0.12832682483520697,0.1377673801256829,317859887.7057393
2026-09-08,OSK,FINAL_VINTAGE_ADJUSTED_DISCOVERY_ONLY,data/yahoo/OSK.parquet,2026-09-08,OBSERVED,153.77999877929688,-0.0021413394961242727,-0.0007203366529220379,-0.005892170536977215,0.0035483847534987234,74981922.33879453
2026-09-08,PCRX,FINAL_VINTAGE_ADJUSTED_DISCOVERY_ONLY,data/baskets/ohlcv/PCRX.parquet,2026-09-08,OBSERVED,25.8700008392334,-0.0011582540439657452,0.00026274879923648964,0.03397283636763371,0.043413391658109646,13455051.515760876
2026-09-08,PG,FINAL_VINTAGE_ADJUSTED_DISCOVERY_ONLY,data/baskets/ohlcv/PG.parquet,2026-09-08,OBSERVED,145.5800018310547,0.0031698368890911155,0.00459083973229335,-0.0014403694680606982,0.00800018582241524,1279634572.1793766
2026-09-08,PLMR,FINAL_VINTAGE_ADJUSTED_DISCOVERY_ONLY,data/baskets/ohlcv/PLMR.parquet,2026-09-08,OBSERVED,134.02999877929688,0.011012984645218493,0.012433987488420728,0.026692180296786994,0.03613273558726293,24637843.960825603
2026-09-08,PNW,FINAL_VINTAGE_ADJUSTED_DISCOVERY_ONLY,data/baskets/ohlcv/PNW.parquet,2026-09-08,OBSERVED,98.04000091552734,0.004096697341041899,0.005517700184244134,-0.02959514896462856,-0.02015459367415262,93954926.11788794
2026-09-08,PRIM,FINAL_VINTAGE_ADJUSTED_DISCOVERY_ONLY,data/baskets/ohlcv/PRIM.parquet,2026-09-08,OBSERVED,75.36873626708984,0.0463180179513194,0.047739020794521636,-0.08689343518675563,-0.07745287989627969,82689682.20450991
2026-09-08,RBLX,FINAL_VINTAGE_ADJUSTED_DISCOVERY_ONLY,data/baskets/ohlcv/RBLX.parquet,2026-09-08,OBSERVED,44.81999969482422,0.08549282395315716,0.0869138267963594,0.18602801293948512,0.19546856822996106,442807346.8035925
2026-09-08,SGI,FINAL_VINTAGE_ADJUSTED_DISCOVERY_ONLY,data/yahoo/SGI.parquet,2026-09-08,OBSERVED,69.55999755859375,0.07428567658059837,0.0757066794238006,0.06880570794471463,0.07824626323519057,247833611.18776232
2026-09-08,SMP,FINAL_VINTAGE_ADJUSTED_DISCOVERY_ONLY,data/baskets/ohlcv/SMP.parquet,2026-09-08,OBSERVED,39.459999084472656,0.046129316210480775,0.04755031905368301,-0.023623894884933105,-0.014183339594457167,6577394.363966443
2026-09-08,SMPL,FINAL_VINTAGE_ADJUSTED_DISCOVERY_ONLY,data/baskets/ohlcv/SMPL.parquet,2026-09-08,OBSERVED,10.760000228881836,-0.06026197308972581,-0.05884097024652357,-0.03063064332461507,-0.021190088034139132,21025853.023015887
2026-09-08,SPNT,FINAL_VINTAGE_ADJUSTED_DISCOVERY_ONLY,data/baskets/ohlcv/SPNT.parquet,2026-09-08,OBSERVED,24.149999618530273,-0.001653613668632481,-0.00023261082543024614,0.04863217101570583,0.058072726306181766,13702238.772755578
2026-09-08,TEL,FINAL_VINTAGE_ADJUSTED_DISCOVERY_ONLY,data/baskets/ohlcv/TEL.parquet,2026-09-08,OBSERVED,204.99000549316406,-0.0012667211051690108,0.00015428173803322398,-0.04871989327487247,-0.039279337984396534,397661634.2880249
2026-09-08,TTD,FINAL_VINTAGE_ADJUSTED_DISCOVERY_ONLY,data/baskets/ohlcv/TTD.parquet,2026-09-08,OBSERVED,14.020000457763672,0.02186590268921562,0.023286905532417856,0.015942048115080043,0.02538260340555598,297994858.8200796
2026-09-08,VIRT,FINAL_VINTAGE_ADJUSTED_DISCOVERY_ONLY,data/yahoo/VIRT.parquet,2026-09-08,OBSERVED,63.02000045776367,-0.036391452791839196,-0.03497044994863696,0.1325204660438517,0.14196102133432764,93375874.73740351
2026-09-08,VRT,FINAL_VINTAGE_ADJUSTED_DISCOVERY_ONLY,data/baskets/ohlcv/VRT.parquet,2026-09-08,OBSERVED,290.7586975097656,0.1241109393381683,0.12553194218137054,0.06765783468169162,0.07709838997216756,1088592182.04135
2026-09-08,VST,FINAL_VINTAGE_ADJUSTED_DISCOVERY_ONLY,data/baskets/ohlcv/VST.parquet,2026-09-08,OBSERVED,151.47193908691406,0.10446252542289902,0.10588352826610126,0.07916647687413825,0.08860703216461419,581525740.9588041
2026-09-08,WDC,FINAL_VINTAGE_ADJUSTED_DISCOVERY_ONLY,data/baskets/ohlcv/WDC.parquet,2026-09-08,OBSERVED,477.29998779296875,0.05971196738181561,0.061132970225017846,0.09936270676533177,0.1088032620558077,3034698361.210705
2026-09-08,WFC,FINAL_VINTAGE_ADJUSTED_DISCOVERY_ONLY,data/baskets/ohlcv/WFC.parquet,2026-09-08,OBSERVED,87.95999908447266,0.018173396294899558,0.019594399138101792,0.008137525323468786,0.017578080613944724,1068345952.762858
2026-09-08,WKC,FINAL_VINTAGE_ADJUSTED_DISCOVERY_ONLY,data/baskets/ohlcv/WKC.parquet,2026-09-08,OBSERVED,35.1517448425293,-0.010349594562926834,-0.008928591719724599,-0.02882235731734284,-0.0193818020268669,30287114.71702939
2026-09-08,WWD,FINAL_VINTAGE_ADJUSTED_DISCOVERY_ONLY,data/yahoo/WWD.parquet,2026-09-08,OBSERVED,339.2699890136719,-0.0016185577620275726,-0.00019755491882533782,-0.06425680703741699,-0.05481625174694105,185262624.197969
2026-09-09,ACM,FINAL_VINTAGE_ADJUSTED_DISCOVERY_ONLY,data/yahoo/ACM.parquet,2026-09-09,OBSERVED,64.0199966430664,-0.033368663775491414,-0.0341825536050252,-0.1266030835242764,-0.11285204079821232,174062453.42596143
2026-09-09,ADM,FINAL_VINTAGE_ADJUSTED_DISCOVERY_ONLY,data/baskets/ohlcv/ADM.parquet,2026-09-09,OBSERVED,86.55000305175781,0.023654641369742935,0.022840751540209148,0.08211363284293483,0.09586467556899891,294893780.38148427
2026-09-09,AEP,FINAL_VINTAGE_ADJUSTED_DISCOVERY_ONLY,data/baskets/ohlcv/AEP.parquet,2026-09-09,OBSERVED,124.66999816894531,0.01390695427134725,0.013093064441813462,0.014897442898166302,0.02864848562423039,389913575.4554385
2026-09-09,ALGM,FINAL_VINTAGE_ADJUSTED_DISCOVERY_ONLY,data/yahoo/ALGM.parquet,2026-09-09,OBSERVED,35.84000015258789,0.010431319964793406,0.00961743013525962,-0.15591142427286708,-0.142160381546803,76145043.51027353
2026-09-09,ANDE,FINAL_VINTAGE_ADJUSTED_DISCOVERY_ONLY,data/baskets/ohlcv/ANDE.parquet,2026-09-09,OBSERVED,71.10289001464844,0.06036272796222031,0.05954883813268652,0.08902128053393321,0.1027723232599973,25920385.237303235
2026-09-09,ARLO,FINAL_VINTAGE_ADJUSTED_DISCOVERY_ONLY,data/baskets/ohlcv/ARLO.parquet,2026-09-09,OBSERVED,13.130000114440918,0.04455055156821386,0.04373666173868007,-0.10862182467878723,-0.09487078195272314,17895634.149465106
2026-09-09,ASTH,FINAL_VINTAGE_ADJUSTED_DISCOVERY_ONLY,data/baskets/ohlcv/ASTH.parquet,2026-09-09,OBSERVED,38.060001373291016,-0.013989562750685414,-0.0148034525802192,0.01574593363669008,0.029496976362754168,13801681.585838681
2026-09-09,ATO,FINAL_VINTAGE_ADJUSTED_DISCOVERY_ONLY,data/baskets/ohlcv/ATO.parquet,2026-09-09,OBSERVED,166.58999633789062,-0.006618966192910247,-0.007432856022444034,-0.0019386866022192972,0.011812356123844792,158174321.17760068
2026-09-09,BAC,FINAL_VINTAGE_ADJUSTED_DISCOVERY_ONLY,data/baskets/ohlcv/BAC.parquet,2026-09-09,OBSERVED,62.66999816894531,0.01612747001481596,0.015313580185282172,-0.013627539380595244,0.000123503345468845,1844283229.8350017
2026-09-09,BANC,FINAL_VINTAGE_ADJUSTED_DISCOVERY_ONLY,data/baskets/ohlcv/BANC.parquet,2026-09-09,OBSERVED,18.2803897857666,0.013215841799361527,0.01240195196982774,-0.02902375552305303,-0.015272712796988941,39534356.09425136
2026-09-09,BWXT,FINAL_VINTAGE_ADJUSTED_DISCOVERY_ONLY,data/baskets/ohlcv/BWXT.parquet,2026-09-09,OBSERVED,156.7100067138672,-0.029899633360206734,-0.03071352318974052,-0.07060016470141084,-0.05684912197534675,170472610.60943604
2026-09-09,CARR,FINAL_VINTAGE_ADJUSTED_DISCOVERY_ONLY,data/baskets/ohlcv/CARR.parquet,2026-09-09,OBSERVED,57.95000076293945,0.012227087562261207,0.01141319773272742,-0.08653842973852421,-0.07278738701246013,301624393.9087096
2026-09-09,CFR,FINAL_VINTAGE_ADJUSTED_DISCOVERY_ONLY,data/baskets/ohlcv/CFR.parquet,2026-09-09,OBSERVED,161.8800048828125,0.02248608763201565,0.021672197802481863,-0.016493643251715984,-0.002742600525651895,76530683.26379685
2026-09-09,CMS,FINAL_VINTAGE_ADJUSTED_DISCOVERY_ONLY,data/baskets/ohlcv/CMS.parquet,2026-09-09,OBSERVED,68.16999816894531,0.0030900395424025007,0.0022761497128687136,-0.012887335955859558,0.0008637067702045309,229545600.65158662
2026-09-09,CTS,FINAL_VINTAGE_ADJUSTED_DISCOVERY_ONLY,data/baskets/ohlcv/CTS.parquet,2026-09-09,OBSERVED,56.1023063659668,-0.001778175250648495,-0.002592065080182282,-0.13109426393580625,-0.11734322120974217,8996274.912861416
2026-09-09,DG,FINAL_VINTAGE_ADJUSTED_DISCOVERY_ONLY,data/baskets/ohlcv/DG.parquet,2026-09-09,OBSERVED,124.56999969482422,-0.049736797812251154,-0.05055068764178494,0.017562502516229372,0.03131354524229346,318519206.0654413
2026-09-09,DORM,FINAL_VINTAGE_ADJUSTED_DISCOVERY_ONLY,data/baskets/ohlcv/DORM.parquet,2026-09-09,OBSERVED,126.5999984741211,-0.0045604798683986925,-0.0053743696979324795,-0.050048815070970476,-0.03629777234490639,21665511.843363445
2026-09-09,DTE,FINAL_VINTAGE_ADJUSTED_DISCOVERY_ONLY,data/baskets/ohlcv/DTE.parquet,2026-09-09,OBSERVED,134.82664489746094,0.0,-0.0008138898295337871,-0.005264018224970246,0.008487024501093843,162086657.61028472
2026-09-09,ED,FINAL_VINTAGE_ADJUSTED_DISCOVERY_ONLY,data/baskets/ohlcv/ED.parquet,2026-09-09,OBSERVED,107.48999786376953,-0.0019498522787663175,-0.0027637421083001046,0.01948802904162572,0.03323907176768981,229266411.80027553
2026-09-09,ETR,FINAL_VINTAGE_ADJUSTED_DISCOVERY_ONLY,data/baskets/ohlcv/ETR.parquet,2026-09-09,OBSERVED,107.16999816894531,0.001401621478079429,0.0005877316485456419,0.02044257918045167,0.03419362190651576,235317553.250885
2026-09-09,EVRG,FINAL_VINTAGE_ADJUSTED_DISCOVERY_ONLY,data/baskets/ohlcv/EVRG.parquet,2026-09-09,OBSERVED,81.22000122070312,-0.0036800225063404746,-0.004493912335874262,-0.0023367004035947936,0.011414342322469295,161149351.8574306
2026-09-09,FBP,FINAL_VINTAGE_ADJUSTED_DISCOVERY_ONLY,data/baskets/ohlcv/FBP.parquet,2026-09-09,OBSERVED,27.780000686645508,-0.0025134539987580196,-0.0033273438282918066,-0.03287253845907645,-0.01912149573301236,30599694.55176762
2026-09-09,FHB,FINAL_VINTAGE_ADJUSTED_DISCOVERY_ONLY,data/yahoo/FHB.parquet,2026-09-09,OBSERVED,25.610000610351562,0.01425744991491329,0.013443560085379502,-0.05196131227264167,-0.03821026954657758,44440332.30838776
2026-09-09,FLG,FINAL_VINTAGE_ADJUSTED_DISCOVERY_ONLY,data/baskets/ohlcv/FLG.parquet,2026-09-09,OBSERVED,13.260000228881836,0.016067676080607773,0.015253786251073986,-0.05283054393932496,-0.03907950121326087,51757062.14830308
2026-09-09,FLR,FINAL_VINTAGE_ADJUSTED_DISCOVERY_ONLY,data/baskets/ohlcv/FLR.parquet,2026-09-09,OBSERVED,54.83000183105469,-0.02524441189236115,-0.02605830172189494,0.04937802547473091,0.063129068200795,129212306.40504019
2026-09-09,GLW,FINAL_VINTAGE_ADJUSTED_DISCOVERY_ONLY,data/baskets/ohlcv/GLW.parquet,2026-09-09,OBSERVED,168.4600067138672,0.1573235060412479,0.1565096162117141,0.06983537133048823,0.08358641405655232,1397446468.3911278
2026-09-09,GNW,FINAL_VINTAGE_ADJUSTED_DISCOVERY_ONLY,data/baskets/ohlcv/GNW.parquet,2026-09-09,OBSERVED,10.489999771118164,0.04899997711181636,0.048186087282282575,0.07040811907694056,0.08415916180300465,29703409.94606472
2026-09-09,GOLF,FINAL_VINTAGE_ADJUSTED_DISCOVERY_ONLY,data/baskets/ohlcv/GOLF.parquet,2026-09-09,OBSERVED,85.55000305175781,-0.001016604480454153,-0.00183049430998794,-0.061650491814637554,-0.047899449088573465,33903271.6728937
2026-09-09,GPCR,FINAL_VINTAGE_ADJUSTED_DISCOVERY_ONLY,data/baskets/ohlcv/GPCR.parquet,2026-09-09,OBSERVED,41.22999954223633,-0.12518568623310344,-0.12599957606263723,-0.23371435167020715,-0.21996330894414307,43122956.75375802
2026-09-09,GPI,FINAL_VINTAGE_ADJUSTED_DISCOVERY_ONLY,data/baskets/ohlcv/GPI.parquet,2026-09-09,OBSERVED,287.7200012207031,0.06760668356476107,0.06679279373522728,0.08746344318879773,0.10121448591486182,56495561.78850447
2026-09-09,HWKN,FINAL_VINTAGE_ADJUSTED_DISCOVERY_ONLY,data/baskets/ohlcv/HWKN.parquet,2026-09-09,OBSERVED,125.3499984741211,0.0061807403415405915,0.005366850512006804,-0.03913914868133561,-0.025388105955271523,18680843.062082928
2026-09-09,KGS,FINAL_VINTAGE_ADJUSTED_DISCOVERY_ONLY,data/baskets/ohlcv/KGS.parquet,2026-09-09,OBSERVED,64.05000305175781,0.07556681565659407,0.07475292582706028,0.049331437531955125,0.06308248025801921,98310526.36577061
2026-09-09,KMI,FINAL_VINTAGE_ADJUSTED_DISCOVERY_ONLY,data/baskets/ohlcv/KMI.parquet,2026-09-09,OBSERVED,31.40999984741211,-0.02149528534293421,-0.022309175172468,0.0006371601832610985,0.014388202909325187,351509025.80050516
2026-09-09,KMT,FINAL_VINTAGE_ADJUSTED_DISCOVERY_ONLY,data/baskets/ohlcv/KMT.parquet,2026-09-09,OBSERVED,29.639999389648438,0.01541619895024593,0.014602309120712142,-0.05575024001361095,-0.04199919728754686,48836567.89257413
2026-09-09,LNT,FINAL_VINTAGE_ADJUSTED_DISCOVERY_ONLY,data/baskets/ohlcv/LNT.parquet,2026-09-09,OBSERVED,67.86000061035156,-0.0008833563046410919,-0.001697246134174879,-0.005131190130755581,0.008619852595308508,154926999.38441685
2026-09-09,LTC,FINAL_VINTAGE_ADJUSTED_DISCOVERY_ONLY,data/baskets/ohlcv/LTC.parquet,2026-09-09,OBSERVED,42.3614616394043,0.027777700650662762,0.026963810821128975,0.08445776003595329,0.09820880276201738,21036371.68288458
2026-09-09,LUMN,FINAL_VINTAGE_ADJUSTED_DISCOVERY_ONLY,data/baskets/ohlcv/LUMN.parquet,2026-09-09,OBSERVED,6.809999942779541,0.06739809100713545,0.06658420117760167,0.0256024216434092,0.03935346436947329,75273192.91864803
2026-09-09,LZB,FINAL_VINTAGE_ADJUSTED_DISCOVERY_ONLY,data/baskets/ohlcv/LZB.parquet,2026-09-09,OBSERVED,31.3700008392334,0.010213236742518061,0.009399346912984274,-0.2364837851659365,-0.2227327424398724,27567572.059095472
2026-09-09,MC,FINAL_VINTAGE_ADJUSTED_DISCOVERY_ONLY,data/baskets/ohlcv/MC.parquet,2026-09-09,OBSERVED,65.38999938964844,-0.02052131070616814,-0.021335200535701926,0.02669180090430312,0.04044284363036721,46604620.95860072
2026-09-09,MIR,FINAL_VINTAGE_ADJUSTED_DISCOVERY_ONLY,data/baskets/ohlcv/MIR.parquet,2026-09-09,OBSERVED,16.6200008392334,0.07156676943721663,0.07075287960768284,0.10285342905093264,0.11660447177699673,52936414.89688329
2026-09-09,NBTB,FINAL_VINTAGE_ADJUSTED_DISCOVERY_ONLY,data/baskets/ohlcv/NBTB.parquet,2026-09-09,OBSERVED,51.150001525878906,0.016696484389957522,0.015882594560423735,-0.017514383562296287,-0.0037633408362321985,12845009.153347924
2026-09-09,NGVT,FINAL_VINTAGE_ADJUSTED_DISCOVERY_ONLY,data/baskets/ohlcv/NGVT.parquet,2026-09-09,OBSERVED,68.0999984741211,-0.0059845810731999904,-0.0067984709027337775,-0.11604364401823886,-0.10229260129217477,15147190.609559558
2026-09-09,NOVT,FINAL_VINTAGE_ADJUSTED_DISCOVERY_ONLY,data/baskets/ohlcv/NOVT.parquet,2026-09-09,OBSERVED,145.75999450683594,0.014547200978125785,0.013733311148591998,-0.1104601857445141,-0.09670914301845002,48163744.62876093
2026-09-09,NX,FINAL_VINTAGE_ADJUSTED_DISCOVERY_ONLY,data/baskets/ohlcv/NX.parquet,2026-09-09,OBSERVED,21.76668357849121,0.1817199123548221,0.1809060225252883,0.03751194837683003,0.05126299110289412,8362825.234758286
2026-09-09,OKE,FINAL_VINTAGE_ADJUSTED_DISCOVERY_ONLY,data/baskets/ohlcv/OKE.parquet,2026-09-09,OBSERVED,95.81999969482422,0.001358524925292759,0.0005446350957589718,0.060659769527078966,0.07441081225314305,323888890.75477237
2026-09-09,OLLI,FINAL_VINTAGE_ADJUSTED_DISCOVERY_ONLY,data/baskets/ohlcv/OLLI.parquet,2026-09-09,OBSERVED,72.37999725341797,0.0005529571129712085,-0.00026093271656257855,-0.08818342456793915,-0.07443238184187506,130522453.82813953
2026-09-09,OLN,FINAL_VINTAGE_ADJUSTED_DISCOVERY_ONLY,data/yahoo/OLN.parquet,2026-09-09,OBSERVED,17.459999084472656,0.019264444826235794,0.018450554996702007,-0.06155070366771642,-0.04779966094165233,46707019.017737255
2026-09-09,PNW,FINAL_VINTAGE_ADJUSTED_DISCOVERY_ONLY,data/baskets/ohlcv/PNW.parquet,2026-09-09,OBSERVED,97.18000030517578,-0.004915045452940414,-0.005728935282474201,-0.02065910493204237,-0.006908062205978283,92519452.27624802
2026-09-09,PRIM,FINAL_VINTAGE_ADJUSTED_DISCOVERY_ONLY,data/baskets/ohlcv/PRIM.parquet,2026-09-09,OBSERVED,73.77046203613281,0.022145292799928384,0.021331402970394597,-0.08544893837078915,-0.07169789564472506,82078166.9116429
2026-09-09,PRVA,FINAL_VINTAGE_ADJUSTED_DISCOVERY_ONLY,data/baskets/ohlcv/PRVA.parquet,2026-09-09,OBSERVED,20.420000076293945,-0.01065888177617036,-0.011472771605704146,-0.08717034822455005,-0.07341930549848596,22317404.16452317
2026-09-09,QCOM,FINAL_VINTAGE_ADJUSTED_DISCOVERY_ONLY,data/baskets/ohlcv/QCOM.parquet,2026-09-09,OBSERVED,176.39999389648438,0.06452226587333443,0.06370837604380064,0.09366750286624703,0.10741854559231112,1683057508.5064843
2026-09-09,SGI,FINAL_VINTAGE_ADJUSTED_DISCOVERY_ONLY,data/yahoo/SGI.parquet,2026-09-09,OBSERVED,68.2300033569336,0.07195603646910431,0.07114214663957052,0.05532468513289146,0.06907572785895555,245672887.472516
2026-09-09,SPNT,FINAL_VINTAGE_ADJUSTED_DISCOVERY_ONLY,data/baskets/ohlcv/SPNT.parquet,2026-09-09,OBSERVED,24.260000228881836,-0.006145006942561482,-0.006958896772095269,0.06966489869691417,0.08341594142297826,13824900.771840414
2026-09-09,SYNA,FINAL_VINTAGE_ADJUSTED_DISCOVERY_ONLY,data/baskets/ohlcv/SYNA.parquet,2026-09-09,OBSERVED,93.93000030517578,-0.013029293765124295,-0.013843183594658082,-0.10295099678685249,-0.0891999540607884,67486794.42258562
2026-09-09,TKO,FINAL_VINTAGE_ADJUSTED_DISCOVERY_ONLY,data/baskets/ohlcv/TKO.parquet,2026-09-09,OBSERVED,190.30076599121094,0.048334834330738596,0.04752094450120481,0.008763585170673771,0.02251462789673786,199219932.33468193
2026-09-09,TTD,FINAL_VINTAGE_ADJUSTED_DISCOVERY_ONLY,data/baskets/ohlcv/TTD.parquet,2026-09-09,OBSERVED,13.880000114440918,0.007256921872825339,0.006443032043291552,0.03659445545589657,0.05034549818196066,272235852.8282256
2026-09-09,UTI,FINAL_VINTAGE_ADJUSTED_DISCOVERY_ONLY,data/baskets/ohlcv/UTI.parquet,2026-09-09,OBSERVED,21.290000915527344,0.021103142734168134,0.020289252904634347,-0.20321850813496345,-0.18946746540889936,39755457.21698943
2026-09-09,VRT,FINAL_VINTAGE_ADJUSTED_DISCOVERY_ONLY,data/baskets/ohlcv/VRT.parquet,2026-09-09,OBSERVED,262.8255920410156,0.027034539934022384,0.026220650104488596,-0.026693773430609635,-0.012942730704545546,1174459502.1201725
2026-09-09,VST,FINAL_VINTAGE_ADJUSTED_DISCOVERY_ONLY,data/baskets/ohlcv/VST.parquet,2026-09-09,OBSERVED,150.8529510498047,0.09429321101587651,0.09347932118634272,0.057604880881839904,0.07135592360790399,578172820.2418736
2026-09-09,WDC,FINAL_VINTAGE_ADJUSTED_DISCOVERY_ONLY,data/baskets/ohlcv/WDC.parquet,2026-09-09,OBSERVED,482.2799987792969,0.07103016201453571,0.07021627218500193,0.1005949892039204,0.11434603192998449,2975721030.1538377
2026-09-09,WKC,FINAL_VINTAGE_ADJUSTED_DISCOVERY_ONLY,data/baskets/ohlcv/WKC.parquet,2026-09-09,OBSERVED,35.3504524230957,0.008503420424032626,0.007689530594498839,-0.03915739071694779,-0.025406347990883704,29477345.997601464
2026-09-09,WULF,FINAL_VINTAGE_ADJUSTED_DISCOVERY_ONLY,data/baskets/ohlcv/WULF.parquet,2026-09-09,OBSERVED,17.1299991607666,0.16928324961179264,0.16846935978225885,0.05740730580424991,0.071158348530314,481170647.1084277
2026-09-09,WWD,FINAL_VINTAGE_ADJUSTED_DISCOVERY_ONLY,data/yahoo/WWD.parquet,2026-09-09,OBSERVED,337.6600036621094,0.0032087977091053155,0.0023949078795715284,-0.05096607339553727,-0.03721503066947318,180527419.1146124
2026-09-10,AAP,FINAL_VINTAGE_ADJUSTED_DISCOVERY_ONLY,data/baskets/ohlcv/AAP.parquet,2026-09-10,OBSERVED,43.310001373291016,0.011915937974803947,0.02149561473338235,-0.18205853164775831,-0.16553805451269676,117402997.88969131
2026-09-10,ADM,FINAL_VINTAGE_ADJUSTED_DISCOVERY_ONLY,data/baskets/ohlcv/ADM.parquet,2026-09-10,OBSERVED,86.91000366210938,0.017919963198759215,0.027499639957337618,0.08701974638011345,0.103540223515175,296879651.3156709
2026-09-10,AEO,FINAL_VINTAGE_ADJUSTED_DISCOVERY_ONLY,data/baskets/ohlcv/AEO.parquet,2026-09-10,OBSERVED,14.529999732971191,-0.1278511484963658,-0.1182714717377874,-0.16301847798858227,-0.14649800085352072,112779365.35716738
2026-09-10,AN,FINAL_VINTAGE_ADJUSTED_DISCOVERY_ONLY,data/yahoo/AN.parquet,2026-09-10,OBSERVED,207.22000122070312,0.006704260140712348,0.016283936899290752,-0.005948409542488875,0.010572067592572676,76677403.47704206
2026-09-10,ANDE,FINAL_VINTAGE_ADJUSTED_DISCOVERY_ONLY,data/baskets/ohlcv/ANDE.parquet,2026-09-10,OBSERVED,71.66118621826172,0.013536370619841032,0.023116047378419435,0.12137286642449463,0.13789334355955618,26299497.362590972
2026-09-10,ASO,FINAL_VINTAGE_ADJUSTED_DISCOVERY_ONLY,data/baskets/ohlcv/ASO.parquet,2026-09-10,OBSERVED,54.05377197265625,0.2434633777860149,0.2530430545445933,0.09392652221405018,0.11044699934911173,100165457.7604748
2026-09-10,BA,FINAL_VINTAGE_ADJUSTED_DISCOVERY_ONLY,data/baskets/ohlcv/BA.parquet,2026-09-10,OBSERVED,204.8000030517578,-0.019485767034878365,-0.009906090276299961,-0.12193449567655656,-0.10541401854149501,1069231862.8508794
2026-09-10,BWXT,FINAL_VINTAGE_ADJUSTED_DISCOVERY_ONLY,data/baskets/ohlcv/BWXT.parquet,2026-09-10,OBSERVED,152.49000549316406,-0.020427781288531066,-0.010848104529952662,-0.10005070867420907,-0.08353023153914751,171814805.84702265
2026-09-10,BXMT,FINAL_VINTAGE_ADJUSTED_DISCOVERY_ONLY,data/baskets/ohlcv/BXMT.parquet,2026-09-10,OBSERVED,12.965328216552734,-0.03851646546666865,-0.028936788708090244,-0.07923506612680586,-0.06271458899174431,26149056.987848736
2026-09-10,C,FINAL_VINTAGE_ADJUSTED_DISCOVERY_ONLY,data/baskets/ohlcv/C.parquet,2026-09-10,OBSERVED,138.5,0.030966233255256048,0.04054591001383445,0.020107502700379642,0.03662797983544119,1111122398.9038377
2026-09-10,CB,FINAL_VINTAGE_ADJUSTED_DISCOVERY_ONLY,data/baskets/ohlcv/CB.parquet,2026-09-10,OBSERVED,337.6500244140625,-0.002209653177699833,0.007370023580878571,-0.02420259119826562,-0.007682114063204071,572305507.909575
2026-09-10,CLSK,FINAL_VINTAGE_ADJUSTED_DISCOVERY_ONLY,data/baskets/ohlcv/CLSK.parquet,2026-09-10,OBSERVED,12.800000190734863,0.1297440668073695,0.1393237435659479,0.11111108351636934,0.1276315606514309,226425077.4468558
2026-09-10,CSR,FINAL_VINTAGE_ADJUSTED_DISCOVERY_ONLY,data/baskets/ohlcv/CSR.parquet,2026-09-10,OBSERVED,56.892059326171875,0.09302765316182504,0.10260732992040345,0.053121591139547286,0.06964206827460884,12778093.063372657
2026-09-10,DAL,FINAL_VINTAGE_ADJUSTED_DISCOVERY_ONLY,data/baskets/ohlcv/DAL.parquet,2026-09-10,OBSERVED,78.23999786376953,0.0012797347696722472,0.010859411528250651,-0.13460906211023926,-0.11808858497517771,402913412.73869103
2026-09-10,EVTC,FINAL_VINTAGE_ADJUSTED_DISCOVERY_ONLY,data/baskets/ohlcv/EVTC.parquet,2026-09-10,OBSERVED,29.149999618530273,-0.0289807070608622,-0.019401030302283795,-0.012199275078257243,0.0043212020568043075,12108147.614869617
2026-09-10,GLW,FINAL_VINTAGE_ADJUSTED_DISCOVERY_ONLY,data/baskets/ohlcv/GLW.parquet,2026-09-10,OBSERVED,163.1199951171875,0.13175598134347632,0.14133565810205473,0.02661693940729082,0.04313741654235237,1394146657.570176
2026-09-10,GME,FINAL_VINTAGE_ADJUSTED_DISCOVERY_ONLY,data/yahoo/GME.parquet,2026-09-10,OBSERVED,20.389999389648438,0.07485504099593165,0.08443471775451006,0.08342187674189994,0.09994235387696149,132149773.40884435
2026-09-10,GPI,FINAL_VINTAGE_ADJUSTED_DISCOVERY_ONLY,data/baskets/ohlcv/GPI.parquet,2026-09-10,OBSERVED,281.8399963378906,0.019644703895807636,0.02922438065438604,0.06067849966779626,0.07719897680285781,57884045.2091762
2026-09-10,GTY,FINAL_VINTAGE_ADJUSTED_DISCOVERY_ONLY,data/baskets/ohlcv/GTY.parquet,2026-09-10,OBSERVED,31.925277709960938,-0.0006155830275818008,0.008964093730996603,0.005263235338720085,0.021783712473781636,18155063.129824683
2026-09-10,HWKN,FINAL_VINTAGE_ADJUSTED_DISCOVERY_ONLY,data/baskets/ohlcv/HWKN.parquet,2026-09-10,OBSERVED,122.62999725341797,-0.029595674700301555,-0.02001599794172315,-0.05273925681914671,-0.036218779684085156,18950310.66574823
2026-09-10,IIPR,FINAL_VINTAGE_ADJUSTED_DISCOVERY_ONLY,data/baskets/ohlcv/IIPR.parquet,2026-09-10,OBSERVED,53.66200637817383,-0.021643549074957913,-0.01206387231637951,-0.03606109544652569,-0.019540618311464142,16919814.519755047
2026-09-10,INDV,FINAL_VINTAGE_ADJUSTED_DISCOVERY_ONLY,data/baskets/ohlcv/INDV.parquet,2026-09-10,OBSERVED,34.5099983215332,-0.015406588510175068,-0.005826911751596664,-0.10200369379426288,-0.08548321665920133,70178446.1391449
2026-09-10,INTC,FINAL_VINTAGE_ADJUSTED_DISCOVERY_ONLY,data/baskets/ohlcv/INTC.parquet,2026-09-10,OBSERVED,100.31999969482422,0.11404771010572357,0.12362738686430197,0.02671170437833248,0.04323218151339403,9253186758.113861
2026-09-10,IPGP,FINAL_VINTAGE_ADJUSTED_DISCOVERY_ONLY,data/yahoo/IPGP.parquet,2026-09-10,OBSERVED,78.33000183105469,0.02418930953084719,0.033768986289425595,-0.08706294819356752,-0.07054247105850597,45242184.91556077
2026-09-10,KEYS,FINAL_VINTAGE_ADJUSTED_DISCOVERY_ONLY,data/baskets/ohlcv/KEYS.parquet,2026-09-10,OBSERVED,325.6499938964844,0.012656283021841963,0.022235959780420367,-0.05251678111571978,-0.03599630398065823,456838895.9638323
2026-09-10,L,FINAL_VINTAGE_ADJUSTED_DISCOVERY_ONLY,data/baskets/ohlcv/L.parquet,2026-09-10,OBSERVED,109.08000183105469,0.0012851054388742789,0.010864782197452683,-0.035429544621658704,-0.018909067486597153,75530598.27259609
2026-09-10,LTC,FINAL_VINTAGE_ADJUSTED_DISCOVERY_ONLY,data/baskets/ohlcv/LTC.parquet,2026-09-10,OBSERVED,42.311683654785156,0.022371933369219832,0.031951610127798236,0.12041687866874717,0.13693735580380872,20279648.508090064
2026-09-10,LUV,FINAL_VINTAGE_ADJUSTED_DISCOVERY_ONLY,data/baskets/ohlcv/LUV.parquet,2026-09-10,OBSERVED,38.689998626708984,0.0067655040194778415,0.016345180778056245,-0.1460629704142361,-0.12954249327917455,171677993.25654167
2026-09-10,MARA,FINAL_VINTAGE_ADJUSTED_DISCOVERY_ONLY,data/baskets/ohlcv/MARA.parquet,2026-09-10,OBSERVED,11.430000305175781,0.09169054571756985,0.10127022247614825,0.18078511826743382,0.19730559540249537,533329608.95608264
2026-09-10,MATW,FINAL_VINTAGE_ADJUSTED_DISCOVERY_ONLY,data/baskets/ohlcv/MATW.parquet,2026-09-10,OBSERVED,20.040000915527344,-0.03792602069477857,-0.02834634393620017,-0.14723400359458116,-0.1307135264595196,17288845.901788983
2026-09-10,MUSA,FINAL_VINTAGE_ADJUSTED_DISCOVERY_ONLY,data/yahoo/MUSA.parquet,2026-09-10,OBSERVED,525.780029296875,0.010202430289256492,0.019782107047834896,-0.032779730634188486,-0.016259253499126936,142404974.63437036
2026-09-10,NRG,FINAL_VINTAGE_ADJUSTED_DISCOVERY_ONLY,data/baskets/ohlcv/NRG.parquet,2026-09-10,OBSERVED,111.6500015258789,0.005041004648924208,0.014620681407502611,-0.06795224415590873,-0.051431767020847174,293454463.9276414
2026-09-10,NX,FINAL_VINTAGE_ADJUSTED_DISCOVERY_ONLY,data/baskets/ohlcv/NX.parquet,2026-09-10,OBSERVED,21.009580612182617,0.114104615114484,0.1236842918730624,-0.03654636416895729,-0.02002588703389574,8645686.22942425
2026-09-10,PLAB,FINAL_VINTAGE_ADJUSTED_DISCOVERY_ONLY,data/baskets/ohlcv/PLAB.parquet,2026-09-10,OBSERVED,28.3799991607666,0.018299185725723532,0.027878862484301936,-0.13973938415132703,-0.12321890701626548,47169390.26695433
2026-09-10,PRIM,FINAL_VINTAGE_ADJUSTED_DISCOVERY_ONLY,data/baskets/ohlcv/PRIM.parquet,2026-09-10,OBSERVED,72.89141082763672,-0.01710666486288237,-0.007526988104303967,-0.11185496925895189,-0.09533449212389034,80061035.57535808
2026-09-10,RBLX,FINAL_VINTAGE_ADJUSTED_DISCOVERY_ONLY,data/baskets/ohlcv/RBLX.parquet,2026-09-10,OBSERVED,44.880001068115234,0.08905610446920353,0.09863578122778194,0.23909441069985693,0.2556148878349185,407358780.6416648
2026-09-10,SEDG,FINAL_VINTAGE_ADJUSTED_DISCOVERY_ONLY,data/yahoo/SEDG.parquet,2026-09-10,OBSERVED,36.75,0.08151855488757809,0.09109823164615649,0.1032722451181669,0.11979272225322846,101257753.22334653
2026-09-10,SIG,FINAL_VINTAGE_ADJUSTED_DISCOVERY_ONLY,data/baskets/ohlcv/SIG.parquet,2026-09-10,OBSERVED,97.70999908447266,0.1955217798994915,0.2051014566580699,0.03156670001304862,0.04808717714811017,84883105.15038626
2026-09-10,SMP,FINAL_VINTAGE_ADJUSTED_DISCOVERY_ONLY,data/baskets/ohlcv/SMP.parquet,2026-09-10,OBSERVED,38.459999084472656,-0.0012983443064080724,0.008281332452170331,-0.025168435943869305,-0.008647958808807754,6821184.451384772
2026-09-10,SPNT,FINAL_VINTAGE_ADJUSTED_DISCOVERY_ONLY,data/baskets/ohlcv/SPNT.parquet,2026-09-10,OBSERVED,24.360000610351562,0.0016447745077832199,0.011224451266361624,0.08026613900351309,0.09678661613857464,13769842.574183146
2026-09-10,TEL,FINAL_VINTAGE_ADJUSTED_DISCOVERY_ONLY,data/baskets/ohlcv/TEL.parquet,2026-09-10,OBSERVED,204.6300048828125,0.011967746840390925,0.02154742359896933,-0.06063823296797077,-0.04411775583290922,406543709.87040204
2026-09-10,TKO,FINAL_VINTAGE_ADJUSTED_DISCOVERY_ONLY,data/baskets/ohlcv/TKO.parquet,2026-09-10,OBSERVED,188.86663818359375,-0.0007903221301336361,0.008789354628444768,-0.026138764614530796,-0.009618287479469245,198033869.4939023
2026-09-10,TTD,FINAL_VINTAGE_ADJUSTED_DISCOVERY_ONLY,data/baskets/ohlcv/TTD.parquet,2026-09-10,OBSERVED,13.970000267028809,-0.0398625371892013,-0.030282860430622893,0.03023597601213779,0.04675645314719934,258700165.9454391
2026-09-10,TTMI,FINAL_VINTAGE_ADJUSTED_DISCOVERY_ONLY,data/baskets/ohlcv/TTMI.parquet,2026-09-10,OBSERVED,122.33999633789062,0.05830448055999238,0.06788415731857078,-0.06424972313247035,-0.0477292459974088,279328261.4734468
2026-09-10,UTL,FINAL_VINTAGE_ADJUSTED_DISCOVERY_ONLY,data/baskets/ohlcv/UTL.parquet,2026-09-10,OBSERVED,53.130001068115234,-0.007472402770469344,0.0021072739881090596,-0.0032245581709048343,0.013295918964156717,6266626.594924927
2026-09-10,VST,FINAL_VINTAGE_ADJUSTED_DISCOVERY_ONLY,data/baskets/ohlcv/VST.parquet,2026-09-10,OBSERVED,146.8095703125,0.025024335681441245,0.03460401244001965,0.014697823696143475,0.031218300831205026,586814471.9950358
2026-09-10,WFC,FINAL_VINTAGE_ADJUSTED_DISCOVERY_ONLY,data/baskets/ohlcv/WFC.parquet,2026-09-10,OBSERVED,89.44999694824219,0.0020163583728527446,0.011596035131431148,0.02287021234756259,0.03939068948262414,1086436893.1676593
2026-09-11,AAP,FINAL_VINTAGE_ADJUSTED_DISCOVERY_ONLY,data/baskets/ohlcv/AAP.parquet,2026-09-11,OBSERVED,44.68000030517578,0.04588012707084843,0.05736534826680717,-0.165171899794062,-0.15455687618043445,116442580.54240999
2026-09-11,AFG,FINAL_VINTAGE_ADJUSTED_DISCOVERY_ONLY,data/yahoo/AFG.parquet,2026-09-11,OBSERVED,141.9600067138672,-0.016488774313476062,-0.005003553117517323,-0.019410081340505148,-0.008795057726877609,41727272.543044314
2026-09-11,ANDE,FINAL_VINTAGE_ADJUSTED_DISCOVERY_ONLY,data/baskets/ohlcv/ANDE.parquet,2026-09-11,OBSERVED,70.75395965576172,0.021298136020772462,0.0327833572167312,0.08169482645038362,0.09230985006401116,26352521.001325335
2026-09-11,ASO,FINAL_VINTAGE_ADJUSTED_DISCOVERY_ONLY,data/baskets/ohlcv/ASO.parquet,2026-09-11,OBSERVED,55.195369720458984,0.26739931456489163,0.27888453576085037,0.1242891670555033,0.13490419066913084,106424514.45105417
2026-09-11,BA,FINAL_VINTAGE_ADJUSTED_DISCOVERY_ONLY,data/baskets/ohlcv/BA.parquet,2026-09-11,OBSERVED,210.4499969482422,-0.0002850104990705926,0.011200210696888147,-0.08974913613275359,-0.07913411251912605,1073564605.8349609
2026-09-11,BWXT,FINAL_VINTAGE_ADJUSTED_DISCOVERY_ONLY,data/baskets/ohlcv/BWXT.parquet,2026-09-11,OBSERVED,150.1199951171875,-0.06321375901911075,-0.05172853782315201,-0.12867028273261794,-0.1180552591189904,169475435.53655714
2026-09-11,C,FINAL_VINTAGE_ADJUSTED_DISCOVERY_ONLY,data/baskets/ohlcv/C.parquet,2026-09-11,OBSERVED,138.82000732421875,0.00492259980870724,0.01640782100466598,0.009012977734124128,0.019628001347751667,1120299950.478254
2026-09-11,CB,FINAL_VINTAGE_ADJUSTED_DISCOVERY_ONLY,data/baskets/ohlcv/CB.parquet,2026-09-11,OBSERVED,338.25,-0.025780852339443272,-0.014295631143484533,-0.011820062027286249,-0.00120503841365871,571231213.0609422
2026-09-11,CLH,FINAL_VINTAGE_ADJUSTED_DISCOVERY_ONLY,data/yahoo/CLH.parquet,2026-09-11,OBSERVED,322.82000732421875,0.013086500886891672,0.02457172208285041,0.019485278846243625,0.030100302459871164,131172696.59758069
2026-09-11,CSR,FINAL_VINTAGE_ADJUSTED_DISCOVERY_ONLY,data/baskets/ohlcv/CSR.parquet,2026-09-11,OBSERVED,57.4837646484375,0.11261697817283611,0.12410219936879485,0.058663300081986725,0.06927832369561426,13927278.799020676
2026-09-11,CXT,FINAL_VINTAGE_ADJUSTED_DISCOVERY_ONLY,data/baskets/ohlcv/CXT.parquet,2026-09-11,OBSERVED,51.9900016784668,0.040008000257009346,0.051493221452968085,0.003796699760586053,0.014411723374213592,23181076.616632372
2026-09-11,ELV,FINAL_VINTAGE_ADJUSTED_DISCOVERY_ONLY,data/baskets/ohlcv/ELV.parquet,2026-09-11,OBSERVED,418.7200012207031,0.013892810485722329,0.025378031681681068,0.0536213880438241,0.06423641165745164,395489052.9567174
2026-09-11,GME,FINAL_VINTAGE_ADJUSTED_DISCOVERY_ONLY,data/yahoo/GME.parquet,2026-09-11,OBSERVED,21.149999618530273,0.09984400010394712,0.11132922129990586,0.1407766221207165,0.15139164573434405,137551810.4327338
2026-09-11,GPI,FINAL_VINTAGE_ADJUSTED_DISCOVERY_ONLY,data/baskets/ohlcv/GPI.parquet,2026-09-11,OBSERVED,278.2699890136719,-0.021313255178076473,-0.009828033982117734,0.0478335169480375,0.05844854056166504,57617120.52961077
2026-09-11,HWKN,FINAL_VINTAGE_ADJUSTED_DISCOVERY_ONLY,data/baskets/ohlcv/HWKN.parquet,2026-09-11,OBSERVED,124.06999969482422,-0.04067116726018194,-0.0291859460642232,-0.04020949056941858,-0.029594466955791043,19731813.038053967
2026-09-11,INDV,FINAL_VINTAGE_ADJUSTED_DISCOVERY_ONLY,data/baskets/ohlcv/INDV.parquet,2026-09-11,OBSERVED,34.4900016784668,-0.009761703551928735,0.0017235176440300037,-0.10947580464455398,-0.09886078103092644,67564702.29890005
2026-09-11,L,FINAL_VINTAGE_ADJUSTED_DISCOVERY_ONLY,data/baskets/ohlcv/L.parquet,2026-09-11,OBSERVED,108.79000091552734,-0.011359505539804249,0.00012571565615449032,-0.03782388615067289,-0.027208862537045353,78103857.28650774
2026-09-11,LUV,FINAL_VINTAGE_ADJUSTED_DISCOVERY_ONLY,data/baskets/ohlcv/LUV.parquet,2026-09-11,OBSERVED,39.2400016784668,0.013168142067089272,0.02465336326304801,-0.12352616040517828,-0.11291113679155074,175342638.0770002
2026-09-11,MARA,FINAL_VINTAGE_ADJUSTED_DISCOVERY_ONLY,data/baskets/ohlcv/MARA.parquet,2026-09-11,OBSERVED,11.979999542236328,0.03275854726467298,0.044243768460631716,0.2427384974663822,0.25335352108000975,540479583.304437
2026-09-11,MCY,FINAL_VINTAGE_ADJUSTED_DISCOVERY_ONLY,data/baskets/ohlcv/MCY.parquet,2026-09-11,OBSERVED,102.33999633789062,-0.03193740790839095,-0.020452186712432208,-0.027075046508728384,-0.016460022895100845,26298774.056171235
2026-09-11,MUSA,FINAL_VINTAGE_ADJUSTED_DISCOVERY_ONLY,data/yahoo/MUSA.parquet,2026-09-11,OBSERVED,523.5800170898438,0.0024507549814118956,0.013935976177370635,-0.04159941850215143,-0.030984394888523892,140155116.20483398
2026-09-11,NX,FINAL_VINTAGE_ADJUSTED_DISCOVERY_ONLY,data/baskets/ohlcv/NX.parquet,2026-09-11,OBSERVED,21.487751007080078,0.1497868268440392,0.16127204803999795,-0.012814656417698855,-0.0021996328040713164,9014207.252175467
2026-09-11,ONON,FINAL_VINTAGE_ADJUSTED_DISCOVERY_ONLY,data/yahoo/ONON.parquet,2026-09-11,OBSERVED,27.40999984741211,-0.03349791052517459,-0.02201268932921585,-0.11609159480485232,-0.10547657119122478,230035481.31771088
2026-09-11,PEB,FINAL_VINTAGE_ADJUSTED_DISCOVERY_ONLY,data/baskets/ohlcv/PEB.parquet,2026-09-11,OBSERVED,17.83046531677246,0.006204189197363652,0.01768941039332239,-0.013274349827386622,-0.0026593262137590834,35604007.91423434
2026-09-11,PLAB,FINAL_VINTAGE_ADJUSTED_DISCOVERY_ONLY,data/baskets/ohlcv/PLAB.parquet,2026-09-11,OBSERVED,28.989999771118164,0.028743770658995027,0.040228991854953766,-0.13436851841790198,-0.12375349480427444,46704715.43206714
2026-09-11,PNC,FINAL_VINTAGE_ADJUSTED_DISCOVERY_ONLY,data/baskets/ohlcv/PNC.parquet,2026-09-11,OBSERVED,244.24000549316406,-0.0038338657749297234,0.007651355421029016,-0.04392077399915795,-0.03330575038553041,346016989.4577753
2026-09-11,PRKS,FINAL_VINTAGE_ADJUSTED_DISCOVERY_ONLY,data/baskets/ohlcv/PRKS.parquet,2026-09-11,OBSERVED,36.5,-0.10120661286825783,-0.08972139167229909,-0.17532757830580037,-0.16471255469217283,23271773.718170892
2026-09-11,RBLX,FINAL_VINTAGE_ADJUSTED_DISCOVERY_ONLY,data/baskets/ohlcv/RBLX.parquet,2026-09-11,OBSERVED,45.5,0.09612146084807227,0.10760668204403101,0.2802475753488558,0.29086259896248334,402021931.768817
2026-09-11,SEDG,FINAL_VINTAGE_ADJUSTED_DISCOVERY_ONLY,data/yahoo/SEDG.parquet,2026-09-11,OBSERVED,34.68000030517578,0.026035535147300948,0.03752075634325969,0.08307307337240077,0.09368809698602831,105783086.38625371
2026-09-11,SIG,FINAL_VINTAGE_ADJUSTED_DISCOVERY_ONLY,data/baskets/ohlcv/SIG.parquet,2026-09-11,OBSERVED,100.26000213623047,0.22238486027426574,0.23387008147022448,0.08354051074150814,0.09415553435513568,87375345.19246419
2026-09-11,SPNT,FINAL_VINTAGE_ADJUSTED_DISCOVERY_ONLY,data/baskets/ohlcv/SPNT.parquet,2026-09-11,OBSERVED,24.200000762939453,-0.02576487060052457,-0.01427964940456583,0.05676860987182031,0.06738363348544785,14043548.329780215
2026-09-11,TEL,FINAL_VINTAGE_ADJUSTED_DISCOVERY_ONLY,data/baskets/ohlcv/TEL.parquet,2026-09-11,OBSERVED,211.9600067138672,0.012177083268057887,0.023662304464016626,-0.006593621450752596,0.004021402162874943,408784051.4014834
2026-09-11,TKO,FINAL_VINTAGE_ADJUSTED_DISCOVERY_ONLY,data/baskets/ohlcv/TKO.parquet,2026-09-11,OBSERVED,189.53390502929688,0.004698538930641316,0.016183760126600055,-0.024751459226530992,-0.014136435612903453,196271488.73828706
2026-09-11,TTD,FINAL_VINTAGE_ADJUSTED_DISCOVERY_ONLY,data/baskets/ohlcv/TTD.parquet,2026-09-11,OBSERVED,14.34000015258789,-0.049701788761836285,-0.038216567565877546,0.0630096661150108,0.07362468972863834,251279145.6162816
2026-09-11,TTMI,FINAL_VINTAGE_ADJUSTED_DISCOVERY_ONLY,data/baskets/ohlcv/TTMI.parquet,2026-09-11,OBSERVED,126.44000244140625,0.09576222471796902,0.10724744591392776,-0.08443159411136725,-0.07381657049773971,272907523.46307665
2026-09-11,UTL,FINAL_VINTAGE_ADJUSTED_DISCOVERY_ONLY,data/baskets/ohlcv/UTL.parquet,2026-09-11,OBSERVED,53.09000015258789,-0.011543454523424201,-5.823332746546228e-05,-0.007666095770759385,0.0029489278428681542,6385497.199939546
2026-09-11,VST,FINAL_VINTAGE_ADJUSTED_DISCOVERY_ONLY,data/baskets/ohlcv/VST.parquet,2026-09-11,OBSERVED,148.1374053955078,0.028844926976558716,0.040330148172517455,0.011589955843966715,0.022204979457594254,590521470.9606352
2026-09-11,WFC,FINAL_VINTAGE_ADJUSTED_DISCOVERY_ONLY,data/baskets/ohlcv/WFC.parquet,2026-09-11,OBSERVED,90.29000091552734,0.012333203767358913,0.023818424963317653,0.015292933832053546,0.025907957445681085,1080865657.2833107
2026-09-11,WULF,FINAL_VINTAGE_ADJUSTED_DISCOVERY_ONLY,data/baskets/ohlcv/WULF.parquet,2026-09-11,OBSERVED,16.739999771118164,0.031423305192007644,0.042908526387966384,-0.026178054040655208,-0.015563030427027669,474844681.75847644
2026-09-14,ACHC,FINAL_VINTAGE_ADJUSTED_DISCOVERY_ONLY,data/baskets/ohlcv/ACHC.parquet,2026-09-14,OBSERVED,28.0,-0.004621370943654779,0.0074666183181038015,-0.07407406706588537,-0.0522197244553565,42742003.400175914
2026-09-14,APP,FINAL_VINTAGE_ADJUSTED_DISCOVERY_ONLY,data/baskets/ohlcv/APP.parquet,2026-09-14,OBSERVED,334.239990234375,0.04267529566998052,0.0547632849317391,0.06898639421853603,0.0908407368290649,1432892868.0357432
2026-09-14,ASO,FINAL_VINTAGE_ADJUSTED_DISCOVERY_ONLY,data/baskets/ohlcv/ASO.parquet,2026-09-14,OBSERVED,54.08866882324219,0.2071651309153797,0.21925312017713827,0.10872677543626685,0.13058111804679573,108921318.93101647
2026-09-14,ATEN,FINAL_VINTAGE_ADJUSTED_DISCOVERY_ONLY,data/baskets/ohlcv/ATEN.parquet,2026-09-14,OBSERVED,25.610000610351562,0.04148029489362681,0.05356828415538539,-0.0493998560543748,-0.027545513443845926,30795264.065397352
2026-09-14,AZO,FINAL_VINTAGE_ADJUSTED_DISCOVERY_ONLY,data/baskets/ohlcv/AZO.parquet,2026-09-14,OBSERVED,2965.52001953125,-0.005956517569050801,0.0061314716927077795,-0.02461874534061337,-0.002764402730084492,901597555.5722191
2026-09-14,BCO,FINAL_VINTAGE_ADJUSTED_DISCOVERY_ONLY,data/baskets/ohlcv/BCO.parquet,2026-09-14,OBSERVED,109.27999877929688,0.003765922865540894,0.015853912127299474,-0.046006146940736126,-0.02415180433020725,42040288.72909546
2026-09-14,BJRI,FINAL_VINTAGE_ADJUSTED_DISCOVERY_ONLY,data/baskets/ohlcv/BJRI.parquet,2026-09-14,OBSERVED,62.13999938964844,0.03756887665603981,0.04965686591779839,-0.06794658622635052,-0.04609224361582165,27796826.869601294
2026-09-14,BRK-B,FINAL_VINTAGE_ADJUSTED_DISCOVERY_ONLY,data/baskets/ohlcv/BRK-B.parquet,2026-09-14,OBSERVED,514.9500122070312,0.017627439972436987,0.029715429234195567,0.01582076351197359,0.037675106122502466,2005210951.054455
2026-09-14,CHRW,FINAL_VINTAGE_ADJUSTED_DISCOVERY_ONLY,data/baskets/ohlcv/CHRW.parquet,2026-09-14,OBSERVED,157.30999755859375,0.06549714311109178,0.07758513237285036,0.057840707441570105,0.07969505005209898,190550842.99541655
2026-09-14,CI,FINAL_VINTAGE_ADJUSTED_DISCOVERY_ONLY,data/baskets/ohlcv/CI.parquet,2026-09-14,OBSERVED,290.04998779296875,0.032353347858582904,0.044441337120341484,0.0491760679413058,0.07103041055183468,386262760.30709404
2026-09-14,CLH,FINAL_VINTAGE_ADJUSTED_DISCOVERY_ONLY,data/yahoo/CLH.parquet,2026-09-14,OBSERVED,322.989990234375,0.018574531748626333,0.030662521010384913,0.008587309779729102,0.03044165239025798,128564949.82139951
2026-09-14,CPRI,FINAL_VINTAGE_ADJUSTED_DISCOVERY_ONLY,data/baskets/ohlcv/CPRI.parquet,2026-09-14,OBSERVED,14.15999984741211,0.04424774404338638,0.056335733305144964,-0.09230772428493683,-0.07045338167440796,62232912.62512207
2026-09-14,CRUS,FINAL_VINTAGE_ADJUSTED_DISCOVERY_ONLY,data/yahoo/CRUS.parquet,2026-09-14,OBSERVED,116.33999633789062,0.027647710261727854,0.039735699523486434,-0.04025742314527414,-0.018403080534745264,100790731.90765381
2026-09-14,CSR,FINAL_VINTAGE_ADJUSTED_DISCOVERY_ONLY,data/baskets/ohlcv/CSR.parquet,2026-09-14,OBSERVED,57.80919647216797,0.10812847776965873,0.1202164670314173,0.04809577422824285,0.06995011683877173,15080406.62396749
2026-09-14,EBAY,FINAL_VINTAGE_ADJUSTED_DISCOVERY_ONLY,data/baskets/ohlcv/EBAY.parquet,2026-09-14,OBSERVED,108.98999786376953,0.05395990720484556,0.06604789646660414,0.045337246706415035,0.06719158931694391,465624628.5399664
2026-09-14,EIX,FINAL_VINTAGE_ADJUSTED_DISCOVERY_ONLY,data/baskets/ohlcv/EIX.parquet,2026-09-14,OBSERVED,56.130001068115234,-0.01127354913665346,0.0008144401251051203,-0.20585737371587243,-0.18400303110534355,402934008.2207271
2026-09-14,ELV,FINAL_VINTAGE_ADJUSTED_DISCOVERY_ONLY,data/baskets/ohlcv/ELV.parquet,2026-09-14,OBSERVED,424.239990234375,0.04561103859897786,0.05769902786073644,0.06997762678947961,0.09183196940000848,405736692.8394136
2026-09-14,ENSG,FINAL_VINTAGE_ADJUSTED_DISCOVERY_ONLY,data/baskets/ohlcv/ENSG.parquet,2026-09-14,OBSERVED,174.86521911621094,0.024240335022291948,0.03632832428405053,-0.03821204615185514,-0.016357703541326263,52471513.90337263
2026-09-14,ENVA,FINAL_VINTAGE_ADJUSTED_DISCOVERY_ONLY,data/baskets/ohlcv/ENVA.parquet,2026-09-14,OBSERVED,226.72000122070312,-0.01674039630366464,-0.004652407041906059,-0.13439222053469846,-0.11253787792416958,62967541.520981565
2026-09-14,ISRG,FINAL_VINTAGE_ADJUSTED_DISCOVERY_ONLY,data/baskets/ohlcv/ISRG.parquet,2026-09-14,OBSERVED,377.94000244140625,0.030651731279542904,0.042739720541301485,-0.05814037234534064,-0.036286029734811764,845054508.2348051
2026-09-14,MMS,FINAL_VINTAGE_ADJUSTED_DISCOVERY_ONLY,data/baskets/ohlcv/MMS.parquet,2026-09-14,OBSERVED,59.349998474121094,0.029309723052051595,0.041397712313810175,0.06495601940820506,0.08681036201873393,27920370.932170324
2026-09-14,MRCY,FINAL_VINTAGE_ADJUSTED_DISCOVERY_ONLY,data/baskets/ohlcv/MRCY.parquet,2026-09-14,OBSERVED,81.02999877929688,-0.016864831600689967,-0.004776842338931386,-0.26195465795066775,-0.24010031534013887,79937821.9593593
2026-09-14,MWA,FINAL_VINTAGE_ADJUSTED_DISCOVERY_ONLY,data/baskets/ohlcv/MWA.parquet,2026-09-14,OBSERVED,23.079999923706055,-0.03632571238075488,-0.0242377231189963,-0.09525677316241621,-0.07340243055188733,24951022.21708752
2026-09-14,NABL,FINAL_VINTAGE_ADJUSTED_DISCOVERY_ONLY,data/baskets/ohlcv/NABL.parquet,2026-09-14,OBSERVED,4.170000076293945,0.02709362932628423,0.03918161858804281,0.13315217408909685,0.15500651669962573,9544333.037071
2026-09-14,NHC,FINAL_VINTAGE_ADJUSTED_DISCOVERY_ONLY,data/baskets/ohlcv/NHC.parquet,2026-09-14,OBSERVED,227.07923889160156,0.04171241378687607,0.05380040304863465,0.03602622070955985,0.05788056332008873,22104751.765005928
2026-09-14,NI,FINAL_VINTAGE_ADJUSTED_DISCOVERY_ONLY,data/baskets/ohlcv/NI.parquet,2026-09-14,OBSERVED,41.06999969482422,-0.007731328812347171,0.004356660449411409,-0.024001950862204913,-0.0021476082516760364,210070768.6905089
2026-09-14,PCG,FINAL_VINTAGE_ADJUSTED_DISCOVERY_ONLY,data/baskets/ohlcv/PCG.parquet,2026-09-14,OBSERVED,13.544171333312988,-0.0489510437998637,-0.03686305453810512,-0.22107669728151957,-0.1992223546709907,784264587.442171
2026-09-14,PLMR,FINAL_VINTAGE_ADJUSTED_DISCOVERY_ONLY,data/baskets/ohlcv/PLMR.parquet,2026-09-14,OBSERVED,137.55999755859375,0.0071752505081328355,0.019263239769891416,0.07683097405490513,0.09868531666543401,23579481.451089043
2026-09-14,PLUS,FINAL_VINTAGE_ADJUSTED_DISCOVERY_ONLY,data/baskets/ohlcv/PLUS.parquet,2026-09-14,OBSERVED,92.87000274658203,0.008360524269468872,0.020448513531227452,0.05006319275995841,0.07191753537048728,15947222.164226715
2026-09-14,PRSU,FINAL_VINTAGE_ADJUSTED_DISCOVERY_ONLY,data/baskets/ohlcv/PRSU.parquet,2026-09-14,OBSERVED,49.869998931884766,0.03917476948665177,0.05126275874841035,0.05701565513584539,0.07886999774637427,9538629.740814935
2026-09-14,RBA,FINAL_VINTAGE_ADJUSTED_DISCOVERY_ONLY,data/yahoo/RBA.parquet,2026-09-14,OBSERVED,84.02999877929688,0.005865428039257603,0.017953417301016183,-0.023710908698632793,-0.001856566088103917,163203427.91831607
2026-09-14,REXR,FINAL_VINTAGE_ADJUSTED_DISCOVERY_ONLY,data/yahoo/REXR.parquet,2026-09-14,OBSERVED,37.9830207824707,0.04457735201196389,0.05666534127372247,0.055189572879618565,0.07704391549014744,82529948.7219311
2026-09-14,ROG,FINAL_VINTAGE_ADJUSTED_DISCOVERY_ONLY,data/baskets/ohlcv/ROG.parquet,2026-09-14,OBSERVED,132.0,0.03270223998713595,0.04479022924889453,-0.041463992705565667,-0.01960965009503679,23310660.39116269
2026-09-14,ROL,FINAL_VINTAGE_ADJUSTED_DISCOVERY_ONLY,data/baskets/ohlcv/ROL.parquet,2026-09-14,OBSERVED,35.310001373291016,-0.015337401776334025,-0.003249412514575445,-0.0251242356914102,-0.0032698930808813254,158185633.6134411
2026-09-14,SEDG,FINAL_VINTAGE_ADJUSTED_DISCOVERY_ONLY,data/yahoo/SEDG.parquet,2026-09-14,OBSERVED,35.33000183105469,0.03304096616687069,0.04512895542862927,0.09788693275345506,0.11974127536398393,108581071.53265817
2026-09-14,SEZL,FINAL_VINTAGE_ADJUSTED_DISCOVERY_ONLY,data/baskets/ohlcv/SEZL.parquet,2026-09-14,OBSERVED,121.56999969482422,0.00821029896115455,0.02029828822291313,-0.06391003106509574,-0.042055688454566864,55320671.66297549
2026-09-14,SHOO,FINAL_VINTAGE_ADJUSTED_DISCOVERY_ONLY,data/baskets/ohlcv/SHOO.parquet,2026-09-14,OBSERVED,42.34000015258789,-0.025754894057471778,-0.013666904795713197,-0.10126651464258762,-0.07941217203205875,41312567.2950563
2026-09-14,SIG,FINAL_VINTAGE_ADJUSTED_DISCOVERY_ONLY,data/baskets/ohlcv/SIG.parquet,2026-09-14,OBSERVED,100.75,0.18112539736801114,0.19321338662976972,0.08848317477776169,0.11033751738829056,91754482.53377278
2026-09-14,SKYW,FINAL_VINTAGE_ADJUSTED_DISCOVERY_ONLY,data/baskets/ohlcv/SKYW.parquet,2026-09-14,OBSERVED,97.08000183105469,-0.01998784349220173,-0.007899854230443148,-0.10409744108306418,-0.0822430984725353,26910090.078699023
2026-09-14,SPHR,FINAL_VINTAGE_ADJUSTED_DISCOVERY_ONLY,data/baskets/ohlcv/SPHR.parquet,2026-09-14,OBSERVED,147.39999389648438,0.034966969467529196,0.04705495872928778,-0.1643044006353359,-0.14245005802480704,91986251.24359131
2026-09-14,TDC,FINAL_VINTAGE_ADJUSTED_DISCOVERY_ONLY,data/baskets/ohlcv/TDC.parquet,2026-09-14,OBSERVED,29.3700008392334,0.04705888192784058,0.05914687118959916,0.06297508980519706,0.08482943241572594,54661094.02832758
2026-09-14,TEL,FINAL_VINTAGE_ADJUSTED_DISCOVERY_ONLY,data/baskets/ohlcv/TEL.parquet,2026-09-14,OBSERVED,203.3699951171875,-0.025305530475674964,-0.013217541213916384,-0.04924983573448816,-0.02739549312395928,418313410.9228225
2026-09-14,TRIP,FINAL_VINTAGE_ADJUSTED_DISCOVERY_ONLY,data/baskets/ohlcv/TRIP.parquet,2026-09-14,OBSERVED,9.229999542236328,-0.010718154586008222,0.0013698346757503588,-0.15861446512651312,-0.13676012251598424,34995235.560267314
2026-09-14,UAL,FINAL_VINTAGE_ADJUSTED_DISCOVERY_ONLY,data/baskets/ohlcv/UAL.parquet,2026-09-14,OBSERVED,108.95999908447266,-0.021727403740540607,-0.009639414478782027,-0.1376335544096603,-0.11577921179913142,374974664.96876305
2026-09-14,UNFI,FINAL_VINTAGE_ADJUSTED_DISCOVERY_ONLY,data/baskets/ohlcv/UNFI.parquet,2026-09-14,OBSERVED,45.22999954223633,0.029592516003406066,0.04168050526516465,-0.06895846361777769,-0.04710412100724881,27145945.974313647
2026-09-14,UTHR,FINAL_VINTAGE_ADJUSTED_DISCOVERY_ONLY,data/yahoo/UTHR.parquet,2026-09-14,OBSERVED,502.70001220703125,0.03094691927727644,0.04303490853903502,0.0028528003365475563,0.024707142947076433,262848791.0468692
2026-09-14,VRSN,FINAL_VINTAGE_ADJUSTED_DISCOVERY_ONLY,data/baskets/ohlcv/VRSN.parquet,2026-09-14,OBSERVED,298.6000061035156,0.022322719224163068,0.03441070848592165,0.04292730918087062,0.0647816517913995,188059800.10957265
2026-09-14,WING,FINAL_VINTAGE_ADJUSTED_DISCOVERY_ONLY,data/yahoo/WING.parquet,2026-09-14,OBSERVED,114.70999908447266,0.05040975377606283,0.06249774303782141,0.010037856764213648,0.031892199374742525,127700218.69884673
2026-09-14,YETI,FINAL_VINTAGE_ADJUSTED_DISCOVERY_ONLY,data/yahoo/YETI.parquet,2026-09-14,OBSERVED,40.83000183105469,0.0002450302867527121,0.012333019548511293,-0.10204528843372407,-0.08019094582319519,70822575.66960652
2026-09-14,ZS,FINAL_VINTAGE_ADJUSTED_DISCOVERY_ONLY,data/baskets/ohlcv/ZS.parquet,2026-09-14,OBSERVED,191.72999572753906,0.1291518980073083,0.1412398872690669,0.018864933520718052,0.04071927613124693,570481924.8087565
2026-09-16,APP,FINAL_VINTAGE_ADJUSTED_DISCOVERY_ONLY,data/baskets/ohlcv/APP.parquet,2026-09-16,OBSERVED,326.55999755859375,0.07047793933018176,0.08143023303347963,0.04673372029884493,0.07083194530826242,1423879617.199271
2026-09-16,ASO,FINAL_VINTAGE_ADJUSTED_DISCOVERY_ONLY,data/baskets/ohlcv/ASO.parquet,2026-09-16,OBSERVED,50.41999816894531,-0.011331690352553214,-0.000379396649255348,0.0969715988157922,0.1210698238252097,109366129.38079834
2026-09-16,ATEN,FINAL_VINTAGE_ADJUSTED_DISCOVERY_ONLY,data/baskets/ohlcv/ATEN.parquet,2026-09-16,OBSERVED,26.540000915527344,0.07059297843365053,0.0815452721369484,-0.029616067811508162,-0.005517842802090667,30841391.604396276
2026-09-16,AVAV,FINAL_VINTAGE_ADJUSTED_DISCOVERY_ONLY,data/baskets/ohlcv/AVAV.parquet,2026-09-16,OBSERVED,156.4499969482422,0.11115052242386292,0.12210281612716078,-0.13625576806304285,-0.11215754305362535,322973943.9276559
2026-09-16,BRK-B,FINAL_VINTAGE_ADJUSTED_DISCOVERY_ONLY,data/baskets/ohlcv/BRK-B.parquet,2026-09-16,OBSERVED,519.7999877929688,0.025813045746675867,0.03676533944997373,0.04329321062763625,0.06739143563705374,2018918629.8073905
2026-09-16,CHRW,FINAL_VINTAGE_ADJUSTED_DISCOVERY_ONLY,data/baskets/ohlcv/CHRW.parquet,2026-09-16,OBSERVED,153.47000122070312,0.020073142796406263,0.03102543649970413,0.06459429913696169,0.08869252414637918,192841734.73060244
2026-09-16,CI,FINAL_VINTAGE_ADJUSTED_DISCOVERY_ONLY,data/baskets/ohlcv/CI.parquet,2026-09-16,OBSERVED,280.45001220703125,0.008196421861586423,0.01914871556488429,0.024251587905569583,0.04834981291498708,395493294.48707217
2026-09-16,CPRI,FINAL_VINTAGE_ADJUSTED_DISCOVERY_ONLY,data/baskets/ohlcv/CPRI.parquet,2026-09-16,OBSERVED,14.729999542236328,0.15892993690217616,0.16988223060547403,0.0040899431240861706,0.028188168133503666,64204493.87296041
2026-09-16,CRUS,FINAL_VINTAGE_ADJUSTED_DISCOVERY_ONLY,data/yahoo/CRUS.parquet,2026-09-16,OBSERVED,118.0,0.06575143333665001,0.07670372703994788,-0.015600256141942492,0.008497968867475003,106693726.65256318
2026-09-16,CSR,FINAL_VINTAGE_ADJUSTED_DISCOVERY_ONLY,data/baskets/ohlcv/CSR.parquet,2026-09-16,OBSERVED,56.0439567565918,-0.009239913513087727,0.0017123801902101388,0.04008054408530648,0.06417876909472398,16120965.22015163
2026-09-16,DT,FINAL_VINTAGE_ADJUSTED_DISCOVERY_ONLY,data/yahoo/DT.parquet,2026-09-16,OBSERVED,55.189998626708984,0.09071146820163256,0.10166376190493043,0.15921020624203375,0.18330843125145124,342939376.7922538
2026-09-16,EBAY,FINAL_VINTAGE_ADJUSTED_DISCOVERY_ONLY,data/baskets/ohlcv/EBAY.parquet,2026-09-16,OBSERVED,109.16999816894531,0.054680667722001086,0.06563296142529895,0.08482185095961392,0.10892007596903142,463974756.9325038
2026-09-16,EIX,FINAL_VINTAGE_ADJUSTED_DISCOVERY_ONLY,data/baskets/ohlcv/EIX.parquet,2026-09-16,OBSERVED,54.810001373291016,-0.04578686135613952,-0.03483456765284165,-0.23127631097710388,-0.2071780859676864,399457545.7427434
2026-09-16,ENSG,FINAL_VINTAGE_ADJUSTED_DISCOVERY_ONLY,data/baskets/ohlcv/ENSG.parquet,2026-09-16,OBSERVED,177.78414916992188,0.03545659222910458,0.046408885932402444,-0.0202720338395862,0.0038261911698312945,56087877.13172549
2026-09-16,GATX,FINAL_VINTAGE_ADJUSTED_DISCOVERY_ONLY,data/baskets/ohlcv/GATX.parquet,2026-09-16,OBSERVED,177.6300048828125,0.006879658732945826,0.017831952436243692,-0.012963651005837296,0.0111345740035802,33968566.28236316
2026-09-16,HON,FINAL_VINTAGE_ADJUSTED_DISCOVERY_ONLY,data/baskets/ohlcv/HON.parquet,2026-09-16,OBSERVED,207.66000366210938,0.013321676103542623,0.02427396980684049,-0.09496619558050401,-0.07086797057108651,604013431.2479655
2026-09-16,MATW,FINAL_VINTAGE_ADJUSTED_DISCOVERY_ONLY,data/baskets/ohlcv/MATW.parquet,2026-09-16,OBSERVED,19.950000762939453,-0.023016616630678888,-0.012064322927381022,-0.1326086624808933,-0.10851043747147582,16434823.3033044
2026-09-16,MRCY,FINAL_VINTAGE_ADJUSTED_DISCOVERY_ONLY,data/baskets/ohlcv/MRCY.parquet,2026-09-16,OBSERVED,87.25,0.08036153655397182,0.09131383025726969,-0.23032816222450958,-0.20622993721509209,79099063.13549224
2026-09-16,MWA,FINAL_VINTAGE_ADJUSTED_DISCOVERY_ONLY,data/baskets/ohlcv/MWA.parquet,2026-09-16,OBSERVED,22.739999771118164,-0.05210504426535634,-0.04115275056205847,-0.09690232345057093,-0.07280409844115343,26141098.11817351
2026-09-16,NHC,FINAL_VINTAGE_ADJUSTED_DISCOVERY_ONLY,data/baskets/ohlcv/NHC.parquet,2026-09-16,OBSERVED,224.68641662597656,-0.008273229952082795,0.0026790637512150717,-0.0124452277790017,0.011652997230415796,20596636.95111956
2026-09-16,PCG,FINAL_VINTAGE_ADJUSTED_DISCOVERY_ONLY,data/baskets/ohlcv/PCG.parquet,2026-09-16,OBSERVED,13.295197486877441,-0.05919654813954611,-0.048244254436248246,-0.23714286245854388,-0.21304463744912638,784030905.9283166
2026-09-16,PG,FINAL_VINTAGE_ADJUSTED_DISCOVERY_ONLY,data/baskets/ohlcv/PG.parquet,2026-09-16,OBSERVED,147.02000427246094,0.03070670850781254,0.04165900221111041,0.027249925156020982,0.05134815016543848,1343057180.118234
2026-09-16,PLMR,FINAL_VINTAGE_ADJUSTED_DISCOVERY_ONLY,data/baskets/ohlcv/PLMR.parquet,2026-09-16,OBSERVED,140.77999877929688,0.05762150201920169,0.06857379572249955,0.1400111354914506,0.1641093605008681,25799324.924541656
2026-09-16,PLUS,FINAL_VINTAGE_ADJUSTED_DISCOVERY_ONLY,data/baskets/ohlcv/PLUS.parquet,2026-09-16,OBSERVED,92.37000274658203,0.046211369223546406,0.05716366292684427,0.06775799079710643,0.09185621580652392,17077169.893973213
2026-09-16,PRSU,FINAL_VINTAGE_ADJUSTED_DISCOVERY_ONLY,data/baskets/ohlcv/PRSU.parquet,2026-09-16,OBSERVED,48.90999984741211,0.017686193296562625,0.02863848699986049,0.019170621728861414,0.04326884673827891,9813329.503159296
2026-09-16,RBA,FINAL_VINTAGE_ADJUSTED_DISCOVERY_ONLY,data/yahoo/RBA.parquet,2026-09-16,OBSERVED,84.29000091552734,0.03639492214227924,0.047347215845577106,0.030595212198122557,0.05469343720754005,158209363.79961285
2026-09-16,REXR,FINAL_VINTAGE_ADJUSTED_DISCOVERY_ONLY,data/yahoo/REXR.parquet,2026-09-16,OBSERVED,38.38825225830078,0.047747487363415164,0.05869978106671303,0.0831009346854592,0.1071991596948767,93083070.99654788
2026-09-16,ROG,FINAL_VINTAGE_ADJUSTED_DISCOVERY_ONLY,data/baskets/ohlcv/ROG.parquet,2026-09-16,OBSERVED,128.5,-0.009099265441288251,0.001853028262009615,-0.11950117959199202,-0.09540295458257453,24023523.423476446
2026-09-16,SEDG,FINAL_VINTAGE_ADJUSTED_DISCOVERY_ONLY,data/yahoo/SEDG.parquet,2026-09-16,OBSERVED,34.68000030517578,-0.015052507613685262,-0.004100213910387396,0.12633969710883375,0.15043792211825124,113557648.58209519
2026-09-16,SIG,FINAL_VINTAGE_ADJUSTED_DISCOVERY_ONLY,data/baskets/ohlcv/SIG.parquet,2026-09-16,OBSERVED,102.94000244140625,0.004488671637436381,0.015440965340734247,0.19544770307470527,0.21954592808412277,98256339.4670759
2026-09-16,SKYW,FINAL_VINTAGE_ADJUSTED_DISCOVERY_ONLY,data/baskets/ohlcv/SKYW.parquet,2026-09-16,OBSERVED,97.12999725341797,0.011138868644791966,0.022091162348089832,-0.08020834605200144,-0.05611012104258395,27995751.16075788
2026-09-16,SPHR,FINAL_VINTAGE_ADJUSTED_DISCOVERY_ONLY,data/baskets/ohlcv/SPHR.parquet,2026-09-16,OBSERVED,144.42999267578125,0.0247622404847474,0.035714534188045266,-0.15833340595188783,-0.13423518094247033,87804562.6390003
2026-09-16,TDC,FINAL_VINTAGE_ADJUSTED_DISCOVERY_ONLY,data/baskets/ohlcv/TDC.parquet,2026-09-16,OBSERVED,29.170000076293945,0.04702079817814653,0.057973091881444394,0.059571353023757156,0.08366957803317465,52838235.599445164
2026-09-16,TEL,FINAL_VINTAGE_ADJUSTED_DISCOVERY_ONLY,data/baskets/ohlcv/TEL.parquet,2026-09-16,OBSERVED,202.1999969482422,-0.0121164540564912,-0.001164160353193333,-0.06619962715293459,-0.0421014021435171,418223136.4073254
2026-09-16,TEM,FINAL_VINTAGE_ADJUSTED_DISCOVERY_ONLY,data/baskets/ohlcv/TEM.parquet,2026-09-16,OBSERVED,69.97000122070312,0.1418081366597892,0.15276043036308706,0.3549574370198201,0.37905566202923757,539461088.2648649
2026-09-16,TMO,FINAL_VINTAGE_ADJUSTED_DISCOVERY_ONLY,data/baskets/ohlcv/TMO.parquet,2026-09-16,OBSERVED,648.4299926757812,0.07138476066617017,0.08233705436946803,0.10831066315906202,0.1324088881684795,1143235616.4614723
2026-09-16,TRN,FINAL_VINTAGE_ADJUSTED_DISCOVERY_ONLY,data/baskets/ohlcv/TRN.parquet,2026-09-16,OBSERVED,28.329999923706055,0.006394327091119756,0.017346620794417622,-0.051556775100742414,-0.027458550091324918,14902635.61036246
2026-09-16,UAL,FINAL_VINTAGE_ADJUSTED_DISCOVERY_ONLY,data/baskets/ohlcv/UAL.parquet,2026-09-16,OBSERVED,106.30000305175781,-0.0076549633476403756,0.0032973303556574907,-0.13054145923119598,-0.10644323422177848,381551285.2831159
2026-09-16,UNFI,FINAL_VINTAGE_ADJUSTED_DISCOVERY_ONLY,data/baskets/ohlcv/UNFI.parquet,2026-09-16,OBSERVED,46.29999923706055,0.03788385123484672,0.04883614493814459,-0.03762214405172071,-0.013523919042303212,28562557.30265663
2026-09-16,USPH,FINAL_VINTAGE_ADJUSTED_DISCOVERY_ONLY,data/baskets/ohlcv/USPH.parquet,2026-09-16,OBSERVED,83.38999938964844,0.07088733078680542,0.08183962449010329,0.0688672168335458,0.09296544184296329,12406835.672977993
2026-09-16,UTHR,FINAL_VINTAGE_ADJUSTED_DISCOVERY_ONLY,data/yahoo/UTHR.parquet,2026-09-16,OBSERVED,498.4800109863281,-0.016455538884350807,-0.00550324518105294,-0.019666456466208793,0.004431768543208703,290347319.043986
2026-09-16,VRSN,FINAL_VINTAGE_ADJUSTED_DISCOVERY_ONLY,data/baskets/ohlcv/VRSN.parquet,2026-09-16,OBSERVED,298.4599914550781,0.04014772745401474,0.0511000211573126,0.09739388592820042,0.12149211093761791,187449078.94141787
2026-09-16,ZS,FINAL_VINTAGE_ADJUSTED_DISCOVERY_ONLY,data/baskets/ohlcv/ZS.parquet,2026-09-16,OBSERVED,191.5800018310547,0.15340153396297662,0.1643538276662745,0.03871177236574108,0.06280999737515858,595623276.8774123
2026-09-17,ACHC,FINAL_VINTAGE_ADJUSTED_DISCOVERY_ONLY,data/baskets/ohlcv/ACHC.parquet,2026-09-17,OBSERVED,28.809999465942383,0.009814187611566938,0.003519907616627682,0.049162433593564314,0.055482097814064546,39220709.71746899
2026-09-17,AFRM,FINAL_VINTAGE_ADJUSTED_DISCOVERY_ONLY,data/baskets/ohlcv/AFRM.parquet,2026-09-17,OBSERVED,70.27999877929688,0.03368143826266601,0.027387158267726752,-0.04458943567370588,-0.03826977145320565,424003941.44283473
2026-09-17,AVAV,FINAL_VINTAGE_ADJUSTED_DISCOVERY_ONLY,data/baskets/ohlcv/AVAV.parquet,2026-09-17,OBSERVED,163.3800048828125,0.11089954950935743,0.10460526951441818,-0.06178933355087379,-0.05546966933037356,330414565.41174024
2026-09-17,BRK-B,FINAL_VINTAGE_ADJUSTED_DISCOVERY_ONLY,data/baskets/ohlcv/BRK-B.parquet,2026-09-17,OBSERVED,509.20001220703125,0.004339274570081431,-0.0019550054248578252,0.012406594675454352,0.018726258895954584,2083274939.8097446
2026-09-17,CHRW,FINAL_VINTAGE_ADJUSTED_DISCOVERY_ONLY,data/baskets/ohlcv/CHRW.parquet,2026-09-17,OBSERVED,153.82000732421875,0.009185206482692942,0.0028909264877536867,0.06783354134062902,0.07415320556112925,191883514.9111793
2026-09-17,CI,FINAL_VINTAGE_ADJUSTED_DISCOVERY_ONLY,data/baskets/ohlcv/CI.parquet,2026-09-17,OBSERVED,276.0,-0.01747892064397727,-0.023773200638916525,-0.003474079711557443,0.002845584508942789,398784133.37402344
2026-09-17,CPRI,FINAL_VINTAGE_ADJUSTED_DISCOVERY_ONLY,data/baskets/ohlcv/CPRI.parquet,2026-09-17,OBSERVED,14.949999809265137,0.16071426059254135,0.1544199805976021,0.036754488915883954,0.043074153136384186,64026883.91438439
2026-09-17,CRUS,FINAL_VINTAGE_ADJUSTED_DISCOVERY_ONLY,data/yahoo/CRUS.parquet,2026-09-17,OBSERVED,120.37000274658203,0.03339628500634717,0.027102005011407915,0.029859732847161702,0.036179397067661934,106414497.95201619
2026-09-17,CSR,FINAL_VINTAGE_ADJUSTED_DISCOVERY_ONLY,data/baskets/ohlcv/CSR.parquet,2026-09-17,OBSERVED,56.05381774902344,-0.014733894098342581,-0.021028174093281837,0.06581655723086488,0.07213622145136511,17050514.5325252
2026-09-17,DOCN,FINAL_VINTAGE_ADJUSTED_DISCOVERY_ONLY,data/baskets/ohlcv/DOCN.parquet,2026-09-17,OBSERVED,132.97999572753906,0.014727147125811246,0.00843286713087199,0.06171653275480282,0.06803619697530305,281714006.09476
2026-09-17,DT,FINAL_VINTAGE_ADJUSTED_DISCOVERY_ONLY,data/yahoo/DT.parquet,2026-09-17,OBSERVED,55.83000183105469,0.08576436832261036,0.0794700883276711,0.13337401001594262,0.13969367423644286,318694073.9279974
2026-09-17,EBAY,FINAL_VINTAGE_ADJUSTED_DISCOVERY_ONLY,data/baskets/ohlcv/EBAY.parquet,2026-09-17,OBSERVED,112.9000015258789,0.07493099912454104,0.06863671912960179,0.10729700411572773,0.11361666833622797,466370947.5765773
2026-09-17,EIX,FINAL_VINTAGE_ADJUSTED_DISCOVERY_ONLY,data/baskets/ohlcv/EIX.parquet,2026-09-17,OBSERVED,55.5,-0.022026431718061623,-0.02832071171300088,-0.24684491571118916,-0.24052525149068893,404001463.0819593
2026-09-17,ENSG,FINAL_VINTAGE_ADJUSTED_DISCOVERY_ONLY,data/baskets/ohlcv/ENSG.parquet,2026-09-17,OBSERVED,174.855224609375,0.012327192838088363,0.0060329128431491075,-0.041481740720133,-0.035162076499632766,57430528.42538016
2026-09-17,HON,FINAL_VINTAGE_ADJUSTED_DISCOVERY_ONLY,data/baskets/ohlcv/HON.parquet,2026-09-17,OBSERVED,206.49000549316406,0.021317701916699683,0.015023421921760427,-0.09318870754488828,-0.08686904332438805,610092013.0932763
2026-09-17,IPGP,FINAL_VINTAGE_ADJUSTED_DISCOVERY_ONLY,data/yahoo/IPGP.parquet,2026-09-17,OBSERVED,76.12000274658203,-0.028213954204153735,-0.03450823419909299,-0.06382972534554188,-0.057510061125041645,40148217.583501905
2026-09-17,MRCY,FINAL_VINTAGE_ADJUSTED_DISCOVERY_ONLY,data/baskets/ohlcv/MRCY.parquet,2026-09-17,OBSERVED,86.18000030517578,0.07149073701582442,0.06519645702088517,-0.17923809233165922,-0.17291842811115898,71260357.42957705
2026-09-17,MWA,FINAL_VINTAGE_ADJUSTED_DISCOVERY_ONLY,data/baskets/ohlcv/MWA.parquet,2026-09-17,OBSERVED,21.850000381469727,-0.07766990760268822,-0.08396418759762747,-0.12284221134831863,-0.1165225471278184,26820600.724183947
2026-09-17,NHC,FINAL_VINTAGE_ADJUSTED_DISCOVERY_ONLY,data/baskets/ohlcv/NHC.parquet,2026-09-17,OBSERVED,224.16796875,-0.0003556677773091099,-0.006649947772248366,-0.0398428306688029,-0.033523166448302666,20343910.712832496
2026-09-17,NSSC,FINAL_VINTAGE_ADJUSTED_DISCOVERY_ONLY,data/baskets/ohlcv/NSSC.parquet,2026-09-17,OBSERVED,35.95000076293945,0.01726091136722574,0.010966631372286484,-0.04461957131100358,-0.03829990709050335,19998303.756768364
2026-09-17,PCG,FINAL_VINTAGE_ADJUSTED_DISCOVERY_ONLY,data/baskets/ohlcv/PCG.parquet,2026-09-17,OBSERVED,13.325074195861816,-0.04632926240701318,-0.05262354240195244,-0.24915822617951244,-0.2428385619590122,787099042.380224
2026-09-17,PG,FINAL_VINTAGE_ADJUSTED_DISCOVERY_ONLY,data/baskets/ohlcv/PG.parquet,2026-09-17,OBSERVED,147.5500030517578,0.032034705126598784,0.025740425131659528,0.028581430399018615,0.034901094619518847,1303330246.9972882
2026-09-17,PLMR,FINAL_VINTAGE_ADJUSTED_DISCOVERY_ONLY,data/baskets/ohlcv/PLMR.parquet,2026-09-17,OBSERVED,137.36000061035156,0.03340356983576598,0.027109289840826722,0.06282880510723121,0.06914846932773144,25801917.818305604
2026-09-17,PLUS,FINAL_VINTAGE_ADJUSTED_DISCOVERY_ONLY,data/baskets/ohlcv/PLUS.parquet,2026-09-17,OBSERVED,92.04000091552734,0.04579023612633093,0.039495956131391674,0.07184811076691466,0.0781677749874149,17392254.04096331
2026-09-17,PRSU,FINAL_VINTAGE_ADJUSTED_DISCOVERY_ONLY,data/baskets/ohlcv/PRSU.parquet,2026-09-17,OBSERVED,48.97999954223633,0.017871999780567638,0.011577719785628382,0.01914269959752013,0.02546236381802036,10195496.522013346
2026-09-17,RBA,FINAL_VINTAGE_ADJUSTED_DISCOVERY_ONLY,data/yahoo/RBA.parquet,2026-09-17,OBSERVED,84.08000183105469,0.04395332599064905,0.037659045995709794,-0.015725919208946393,-0.009406254988446161,152834046.29916236
2026-09-17,REXR,FINAL_VINTAGE_ADJUSTED_DISCOVERY_ONLY,data/yahoo/REXR.parquet,2026-09-17,OBSERVED,37.9830207824707,0.038648664295627855,0.0323543843006886,0.03752699184807895,0.04384665606857918,92701923.87001401
2026-09-17,RKLB,FINAL_VINTAGE_ADJUSTED_DISCOVERY_ONLY,data/baskets/ohlcv/RKLB.parquet,2026-09-17,OBSERVED,67.81999969482422,0.09457715779437592,0.08828287779943667,-0.14325421226215973,-0.1369345480416595,1115186736.6642544
2026-09-17,SEDG,FINAL_VINTAGE_ADJUSTED_DISCOVERY_ONLY,data/yahoo/SEDG.parquet,2026-09-17,OBSERVED,36.0,-0.020408163265306145,-0.0267024432602454,0.20724347311943236,0.2135631373399326,110073368.64420573
2026-09-17,SIG,FINAL_VINTAGE_ADJUSTED_DISCOVERY_ONLY,data/baskets/ohlcv/SIG.parquet,2026-09-17,OBSERVED,101.44999694824219,0.038276511092137255,0.031982231097198,0.1969088531308285,0.20322851735132874,100239996.15195139
2026-09-17,SKYW,FINAL_VINTAGE_ADJUSTED_DISCOVERY_ONLY,data/baskets/ohlcv/SKYW.parquet,2026-09-17,OBSERVED,95.6500015258789,-0.0013572484346916491,-0.007651528429630905,-0.07234990825636478,-0.06603024403586455,29049399.047197614
2026-09-17,SPHR,FINAL_VINTAGE_ADJUSTED_DISCOVERY_ONLY,data/baskets/ohlcv/SPHR.parquet,2026-09-17,OBSERVED,144.94000244140625,0.021855655552407205,0.015561375557467949,-0.11740347482634328,-0.11108381060584305,83707699.68559629
2026-09-17,TEL,FINAL_VINTAGE_ADJUSTED_DISCOVERY_ONLY,data/baskets/ohlcv/TEL.parquet,2026-09-17,OBSERVED,206.60000610351562,0.009627137632290506,0.0033328576373512497,0.011888121870157864,0.018207786090658096,413610439.8768107
2026-09-17,TMO,FINAL_VINTAGE_ADJUSTED_DISCOVERY_ONLY,data/baskets/ohlcv/TMO.parquet,2026-09-17,OBSERVED,658.3200073242188,0.09225207829279225,0.085957798297853,0.11847184391377397,0.1247915081342742,1226634007.6084683
2026-09-17,UAL,FINAL_VINTAGE_ADJUSTED_DISCOVERY_ONLY,data/baskets/ohlcv/UAL.parquet,2026-09-17,OBSERVED,107.63999938964844,0.010799150614596575,0.00450487061965732,-0.09332885543402847,-0.08700919121352824,383036053.2240368
2026-09-17,UNFI,FINAL_VINTAGE_ADJUSTED_DISCOVERY_ONLY,data/baskets/ohlcv/UNFI.parquet,2026-09-17,OBSERVED,46.29999923706055,0.04964857393801636,0.043354293943077105,-0.011950519974327722,-0.005630855753827491,28773628.69473412
2026-09-17,USPH,FINAL_VINTAGE_ADJUSTED_DISCOVERY_ONLY,data/baskets/ohlcv/USPH.parquet,2026-09-17,OBSERVED,83.08000183105469,0.06910311169537797,0.06280883170043872,0.06857016971871865,0.07488983393921889,12649831.93435669
2026-09-17,UTHR,FINAL_VINTAGE_ADJUSTED_DISCOVERY_ONLY,data/yahoo/UTHR.parquet,2026-09-17,OBSERVED,497.2699890136719,-0.013079023001385082,-0.019373302996324337,-0.04051947773589459,-0.03419981351539436,315744239.8470924
2026-09-17,VRSN,FINAL_VINTAGE_ADJUSTED_DISCOVERY_ONLY,data/baskets/ohlcv/VRSN.parquet,2026-09-17,OBSERVED,302.04998779296875,0.04569839505117623,0.03940411505623698,0.09466167437578488,0.10098133859628511,188659009.0163458
2026-09-17,WB,FINAL_VINTAGE_ADJUSTED_DISCOVERY_ONLY,data/yahoo/WB.parquet,2026-09-17,OBSERVED,6.550000190734863,-0.00907714698451001,-0.015371426979449265,-0.13702239011133988,-0.13070272589083964,9652362.865164166
2026-09-17,YETI,FINAL_VINTAGE_ADJUSTED_DISCOVERY_ONLY,data/yahoo/YETI.parquet,2026-09-17,OBSERVED,41.220001220703125,0.044337470126098566,0.03804319013115931,-0.04671601247345969,-0.04039634825295946,66943078.467251
2026-09-17,ZS,FINAL_VINTAGE_ADJUSTED_DISCOVERY_ONLY,data/baskets/ohlcv/ZS.parquet,2026-09-17,OBSERVED,197.47000122070312,0.2079153803613556,0.20162110036641634,0.06338182264882564,0.06970148686932587,603892099.1925194
2026-09-17,ZTO,FINAL_VINTAGE_ADJUSTED_DISCOVERY_ONLY,data/yahoo/ZTO.parquet,2026-09-17,OBSERVED,20.860000610351562,0.00047962727572525843,-0.005814652719213997,-0.09814088338859261,-0.09182121916809238,43750092.11284093
2026-08-21,AMAT,FINAL_VINTAGE_ADJUSTED_DISCOVERY_ONLY,data/baskets/ohlcv/AMAT.parquet,2026-08-21,OBSERVED,492.32000732421875,-0.028261264238302997,-0.014581618637971139,-0.12429550763131081,-0.1616034246627911,4060747789.914667
2026-08-21,AME,FINAL_VINTAGE_ADJUSTED_DISCOVERY_ONLY,data/baskets/ohlcv/AME.parquet,2026-08-21,OBSERVED,239.201416015625,-0.059813892821582004,-0.046134247221250146,-0.006593641688899976,-0.04390155872038026,331452578.53393555
2026-08-21,ARLO,FINAL_VINTAGE_ADJUSTED_DISCOVERY_ONLY,data/baskets/ohlcv/ARLO.parquet,2026-08-21,OBSERVED,13.100000381469727,-0.08583388337647824,-0.07215423777614638,0.04549087475226732,0.008182957720787032,20342442.146419343
2026-08-21,BEN,FINAL_VINTAGE_ADJUSTED_DISCOVERY_ONLY,data/baskets/ohlcv/BEN.parquet,2026-08-21,OBSERVED,33.963436126708984,0.013290105077802483,0.02696975067813434,0.06255811687337176,0.025250199841891474,148628433.29400563
2026-08-21,CARG,FINAL_VINTAGE_ADJUSTED_DISCOVERY_ONLY,data/baskets/ohlcv/CARG.parquet,2026-08-21,OBSERVED,36.849998474121094,-0.015758551662098497,-0.002078906061766639,0.11802182942052952,0.08071391238904924,33956410.72002593
2026-08-21,CL,FINAL_VINTAGE_ADJUSTED_DISCOVERY_ONLY,data/baskets/ohlcv/CL.parquet,2026-08-21,OBSERVED,91.08000183105469,-0.009461611158912975,0.004218034441418883,0.01110124311359928,-0.026206673917881007,414560149.2119199
2026-08-21,COCO,FINAL_VINTAGE_ADJUSTED_DISCOVERY_ONLY,data/baskets/ohlcv/COCO.parquet,2026-08-21,OBSERVED,63.349998474121094,-0.02852324239327364,-0.014843596792941782,-0.08678108741688861,-0.1240890044483689,65249642.02779134
2026-08-21,CROX,FINAL_VINTAGE_ADJUSTED_DISCOVERY_ONLY,data/yahoo/CROX.parquet,2026-08-21,OBSERVED,122.11000061035156,-0.07295779320749896,-0.0592781476071671,-0.07820639023842968,-0.11551430726990997,141586782.4710301
2026-08-21,DRH,FINAL_VINTAGE_ADJUSTED_DISCOVERY_ONLY,data/baskets/ohlcv/DRH.parquet,2026-08-21,OBSERVED,12.70691204071045,0.03721682104717927,0.05089646664751113,0.011838994114941714,-0.025468922916538572,31786785.277039666
2026-08-21,ECG,FINAL_VINTAGE_ADJUSTED_DISCOVERY_ONLY,data/yahoo/ECG.parquet,2026-08-21,OBSERVED,125.95999908447266,-0.1069199866669508,-0.09324034106661894,-0.08704792367884895,-0.12435584071032924,80192787.76706514
2026-08-21,ENS,FINAL_VINTAGE_ADJUSTED_DISCOVERY_ONLY,data/baskets/ohlcv/ENS.parquet,2026-08-21,OBSERVED,189.44891357421875,-0.06705993889918294,-0.05338029329885108,-0.051437147451627974,-0.08874506448310826,100431184.87294514
2026-08-21,ETSY,FINAL_VINTAGE_ADJUSTED_DISCOVERY_ONLY,data/yahoo/ETSY.parquet,2026-08-21,OBSERVED,81.02999877929688,0.01414264370260332,0.027822289302935177,0.0014830689872245006,-0.035824848044255786,253089352.84540087
2026-08-21,FORM,FINAL_VINTAGE_ADJUSTED_DISCOVERY_ONLY,data/baskets/ohlcv/FORM.parquet,2026-08-21,OBSERVED,114.16000366210938,-0.13252280875798794,-0.11884316315765608,0.01250557571715638,-0.024802341314323906,148769818.86171612
2026-08-21,GIII,FINAL_VINTAGE_ADJUSTED_DISCOVERY_ONLY,data/baskets/ohlcv/GIII.parquet,2026-08-21,OBSERVED,33.65861892700195,-0.003539907959005051,0.010139737641326807,-0.02030157737197047,-0.057609494403450756,13745110.35486857
2026-08-21,GWW,FINAL_VINTAGE_ADJUSTED_DISCOVERY_ONLY,data/baskets/ohlcv/GWW.parquet,2026-08-21,OBSERVED,1312.239990234375,-0.007863080126777278,0.00581656547355458,-0.03850739481725074,-0.07581531184873103,371662785.9595889
2026-08-21,HUBG,FINAL_VINTAGE_ADJUSTED_DISCOVERY_ONLY,data/baskets/ohlcv/HUBG.parquet,2026-08-21,OBSERVED,40.574398040771484,0.010669947788131573,0.02434959338846343,-0.17249091993767274,-0.20979883696915302,55332372.01545352
2026-08-21,HWM,FINAL_VINTAGE_ADJUSTED_DISCOVERY_ONLY,data/baskets/ohlcv/HWM.parquet,2026-08-21,OBSERVED,271.67999267578125,-0.06051594316077191,-0.046836297560440054,-0.05321903994961508,-0.09052695698109536,624783947.7915446
2026-08-21,IBKR,FINAL_VINTAGE_ADJUSTED_DISCOVERY_ONLY,data/baskets/ohlcv/IBKR.parquet,2026-08-21,OBSERVED,93.78509521484375,0.019661112776546252,0.03334075837687811,0.022994788407201927,-0.01431312862427836,413488433.1078302
2026-08-21,INDV,FINAL_VINTAGE_ADJUSTED_DISCOVERY_ONLY,data/baskets/ohlcv/INDV.parquet,2026-08-21,OBSERVED,36.869998931884766,-0.05485771550180185,-0.041178069901469994,-0.08985434560518324,-0.12716226263666353,94107643.82740203
2026-08-21,JBHT,FINAL_VINTAGE_ADJUSTED_DISCOVERY_ONLY,data/baskets/ohlcv/JBHT.parquet,2026-08-21,OBSERVED,275.45001220703125,-0.015229985978999383,-0.0015503403786675252,-0.046498931451250836,-0.08380684848273112,234498307.70975748
2026-08-21,KLIC,FINAL_VINTAGE_ADJUSTED_DISCOVERY_ONLY,data/baskets/ohlcv/KLIC.parquet,2026-08-21,OBSERVED,85.52902221679688,-0.1346250486512206,-0.12094540305088874,-0.1916478221138631,-0.2289557391453434,95641511.26534598
2026-08-21,KNX,FINAL_VINTAGE_ADJUSTED_DISCOVERY_ONLY,data/yahoo/KNX.parquet,2026-08-21,OBSERVED,71.3941650390625,-0.011322832692336582,0.002356812907995276,-0.010092684115743489,-0.047400601147223775,250368103.12492734
2026-08-21,LFUS,FINAL_VINTAGE_ADJUSTED_DISCOVERY_ONLY,data/yahoo/LFUS.parquet,2026-08-21,OBSERVED,412.260009765625,-0.09728233853161905,-0.08360269293128719,-0.005090639993630908,-0.042398557025111194,145317818.83893695
2026-08-21,LIVN,FINAL_VINTAGE_ADJUSTED_DISCOVERY_ONLY,data/baskets/ohlcv/LIVN.parquet,2026-08-21,OBSERVED,78.73999786376953,-0.04232550845617511,-0.02864586285584325,0.0016536986694903888,-0.0356542183619899,54772678.46214658
2026-08-21,LSCC,FINAL_VINTAGE_ADJUSTED_DISCOVERY_ONLY,data/yahoo/LSCC.parquet,2026-08-21,OBSERVED,117.69000244140625,-0.09788443672602964,-0.08420479112569779,-0.14797655627933448,-0.18528447331081477,244694123.09741065
2026-08-21,MCRI,FINAL_VINTAGE_ADJUSTED_DISCOVERY_ONLY,data/baskets/ohlcv/MCRI.parquet,2026-08-21,OBSERVED,125.77595520019531,0.016199191908133903,0.02987883750846576,0.05806829328153151,0.020760376250051227,14291561.60979498
2026-08-21,MEDP,FINAL_VINTAGE_ADJUSTED_DISCOVERY_ONLY,data/yahoo/MEDP.parquet,2026-08-21,OBSERVED,620.75,0.0730337078651686,0.08671335346550046,0.024644271392957107,-0.01266364563852318,163792882.37304688
2026-08-21,MGY,FINAL_VINTAGE_ADJUSTED_DISCOVERY_ONLY,data/baskets/ohlcv/MGY.parquet,2026-08-21,OBSERVED,28.139999389648438,0.07240852267924036,0.08608816827957222,0.10028811084839662,0.06298019381691633,102385962.32910156
2026-08-21,MPWR,FINAL_VINTAGE_ADJUSTED_DISCOVERY_ONLY,data/baskets/ohlcv/MPWR.parquet,2026-08-21,OBSERVED,1314.338623046875,-0.0611478955167476,-0.04746824991641574,-0.05788212210589394,-0.09519003913737423,1108708685.8194988
2026-08-21,MRP,FINAL_VINTAGE_ADJUSTED_DISCOVERY_ONLY,data/yahoo/MRP.parquet,2026-08-21,OBSERVED,30.389999389648438,0.0019782217637094313,0.01565786736404129,0.07461098485755424,0.037303067826073955,31325032.738985334
2026-08-21,MSM,FINAL_VINTAGE_ADJUSTED_DISCOVERY_ONLY,data/baskets/ohlcv/MSM.parquet,2026-08-21,OBSERVED,119.80999755859375,-0.03238573854073501,-0.018706092940403152,-0.047842360207096535,-0.08515027723857682,76946657.76563372
2026-08-21,MYRG,FINAL_VINTAGE_ADJUSTED_DISCOVERY_ONLY,data/baskets/ohlcv/MYRG.parquet,2026-08-21,OBSERVED,310.8699951171875,-0.07033708693717389,-0.05665744133684203,-0.23694158130945886,-0.27424949834093915,107073553.65774973
2026-08-21,ODFL,FINAL_VINTAGE_ADJUSTED_DISCOVERY_ONLY,data/baskets/ohlcv/ODFL.parquet,2026-08-21,OBSERVED,206.1498260498047,-0.02132999881417108,-0.007650353213839223,-0.10506695519530396,-0.14237487222678424,371681307.8476679
2026-08-21,PGNY,FINAL_VINTAGE_ADJUSTED_DISCOVERY_ONLY,data/baskets/ohlcv/PGNY.parquet,2026-08-21,OBSERVED,25.649999618530273,-0.0239726427570216,-0.010292997156689743,-0.1644951471957441,-0.20180306422722438,33059137.78277806
2026-08-21,PJT,FINAL_VINTAGE_ADJUSTED_DISCOVERY_ONLY,data/baskets/ohlcv/PJT.parquet,2026-08-21,OBSERVED,174.71681213378906,0.0034412490503659132,0.01712089465069777,0.06552992061364304,0.028222003582162758,73585393.57132685
2026-08-21,RL,FINAL_VINTAGE_ADJUSTED_DISCOVERY_ONLY,data/baskets/ohlcv/RL.parquet,2026-08-21,OBSERVED,371.53106689453125,-0.04198809702082429,-0.02830845142049243,0.0024213409998565805,-0.034886576031623706,230105862.764631
2026-08-21,ROST,FINAL_VINTAGE_ADJUSTED_DISCOVERY_ONLY,data/baskets/ohlcv/ROST.parquet,2026-08-21,OBSERVED,238.57888793945312,-0.025758097364335653,-0.012078451764003795,0.028615641306788397,-0.00869227572469189,662383317.9255894
2026-08-21,SEZL,FINAL_VINTAGE_ADJUSTED_DISCOVERY_ONLY,data/baskets/ohlcv/SEZL.parquet,2026-08-21,OBSERVED,119.11000061035156,-0.07638031630512043,-0.06270067070478857,-0.25092758489950795,-0.28823550193098824,111916466.69732957
2026-08-21,SNDK,FINAL_VINTAGE_ADJUSTED_DISCOVERY_ONLY,data/baskets/ohlcv/SNDK.parquet,2026-08-21,OBSERVED,1596.0799560546875,-0.027438763823759538,-0.01375911822342768,-0.008849118124159228,-0.046157035155639514,23330541242.07938
2026-08-21,SONO,FINAL_VINTAGE_ADJUSTED_DISCOVERY_ONLY,data/baskets/ohlcv/SONO.parquet,2026-08-21,OBSERVED,15.829999923706055,-0.02942977056735263,-0.015750124967020773,0.08947007671204066,0.05216215968056037,29146480.61726888
2026-08-21,TALO,FINAL_VINTAGE_ADJUSTED_DISCOVERY_ONLY,data/baskets/ohlcv/TALO.parquet,2026-08-21,OBSERVED,17.469999313354492,0.10779954383285384,0.1214791894331857,0.144823004674004,0.10751508764252371,30437230.561896734
2026-08-21,TER,FINAL_VINTAGE_ADJUSTED_DISCOVERY_ONLY,data/baskets/ohlcv/TER.parquet,2026-08-21,OBSERVED,375.595703125,-0.10279623859552534,-0.08911659299519348,0.005324391903277936,-0.03198352512820235,1311083025.3500803
2026-08-21,TJX,FINAL_VINTAGE_ADJUSTED_DISCOVERY_ONLY,data/baskets/ohlcv/TJX.parquet,2026-08-21,OBSERVED,140.52999877929688,-0.07612912881854683,-0.062449483218214974,-0.08148678724717329,-0.11879470427865357,929414750.5231584
2026-08-21,TPR,FINAL_VINTAGE_ADJUSTED_DISCOVERY_ONLY,data/baskets/ohlcv/TPR.parquet,2026-08-21,OBSERVED,129.67840576171875,0.009226198923133033,0.02290584452346489,-0.06440030868852509,-0.10170822572000537,433912770.8282471
2026-08-21,WDC,FINAL_VINTAGE_ADJUSTED_DISCOVERY_ONLY,data/baskets/ohlcv/WDC.parquet,2026-08-21,OBSERVED,459.2925720214844,-0.0970125531829108,-0.08333290758257894,-0.1770732586984698,-0.21438117572995008,4076727049.273536
2026-08-21,WRLD,FINAL_VINTAGE_ADJUSTED_DISCOVERY_ONLY,data/baskets/ohlcv/WRLD.parquet,2026-08-21,OBSERVED,188.27000427246094,-0.0332734055329349,-0.01959375993260304,0.03970622028220672,0.00239830325072643,23100284.778921943
2026-08-21,YETI,FINAL_VINTAGE_ADJUSTED_DISCOVERY_ONLY,data/yahoo/YETI.parquet,2026-08-21,OBSERVED,43.7599983215332,-0.017953389297634348,-0.00427374369730249,-0.12672125746305807,-0.16402917449453835,87392703.96921067
2026-08-21,YOU,FINAL_VINTAGE_ADJUSTED_DISCOVERY_ONLY,data/baskets/ohlcv/YOU.parquet,2026-08-21,OBSERVED,43.139583587646484,-0.04752470427554989,-0.03384505867521803,-0.16509156409575299,-0.20239948112723327,88733004.91087778
2026-08-24,AMAT,FINAL_VINTAGE_ADJUSTED_DISCOVERY_ONLY,data/baskets/ohlcv/AMAT.parquet,2026-08-24,OBSERVED,484.19000244140625,-0.09452890379357692,-0.08262209335299242,-0.09611606402754613,-0.12932621188324112,4114621954.0739512
2026-08-24,AME,FINAL_VINTAGE_ADJUSTED_DISCOVERY_ONLY,data/baskets/ohlcv/AME.parquet,2026-08-24,OBSERVED,241.9773712158203,-0.04658298906886926,-0.03467617862828476,0.0014878112395142473,-0.031722336616180735,339927794.3046206
2026-08-24,AMG,FINAL_VINTAGE_ADJUSTED_DISCOVERY_ONLY,data/yahoo/AMG.parquet,2026-08-24,OBSERVED,358.94000244140625,-0.03354871206204424,-0.021641901621459736,0.0018412915224355064,-0.031368856333259476,95243377.78218587
2026-08-24,ARLO,FINAL_VINTAGE_ADJUSTED_DISCOVERY_ONLY,data/baskets/ohlcv/ARLO.parquet,2026-08-24,OBSERVED,13.09000015258789,-0.045222456880669726,-0.03331564644008522,0.017094037994177524,-0.016116109861517458,20141867.634151094
2026-08-24,BEN,FINAL_VINTAGE_ADJUSTED_DISCOVERY_ONLY,data/baskets/ohlcv/BEN.parquet,2026-08-24,OBSERVED,34.270301818847656,0.01257674136352871,0.024483551804113213,0.06555855347651551,0.03234840562082053,149151111.28436497
2026-08-24,CARG,FINAL_VINTAGE_ADJUSTED_DISCOVERY_ONLY,data/baskets/ohlcv/CARG.parquet,2026-08-24,OBSERVED,37.209999084472656,0.04025715986247458,0.05216397030305908,0.11507342749474292,0.08186327963904794,33837890.160715014
2026-08-24,CL,FINAL_VINTAGE_ADJUSTED_DISCOVERY_ONLY,data/baskets/ohlcv/CL.parquet,2026-08-24,OBSERVED,92.55000305175781,0.025939518800947692,0.037846329241532195,0.019834744371986845,-0.013375403483708137,421255864.1733079
2026-08-24,COCO,FINAL_VINTAGE_ADJUSTED_DISCOVERY_ONLY,data/baskets/ohlcv/COCO.parquet,2026-08-24,OBSERVED,63.36000061035156,-0.032671746406846336,-0.020764935966261833,-0.03956344644620802,-0.072773594301903,62017937.378002346
2026-08-24,CROX,FINAL_VINTAGE_ADJUSTED_DISCOVERY_ONLY,data/yahoo/CROX.parquet,2026-08-24,OBSERVED,125.83999633789062,-0.0317766010927345,-0.01986979065215,-0.06591452495806438,-0.09912467281375936,142827932.33559018
2026-08-24,DRH,FINAL_VINTAGE_ADJUSTED_DISCOVERY_ONLY,data/baskets/ohlcv/DRH.parquet,2026-08-24,OBSERVED,12.627617835998535,0.030744337199391625,0.04265114763997613,-0.008560393502406227,-0.04177054135810121,33186346.297014326
2026-08-24,ECG,FINAL_VINTAGE_ADJUSTED_DISCOVERY_ONLY,data/yahoo/ECG.parquet,2026-08-24,OBSERVED,120.5,-0.1596931302034441,-0.1477863197628596,-0.07300565498986089,-0.10621580284555587,81320587.69825527
2026-08-24,FORM,FINAL_VINTAGE_ADJUSTED_DISCOVERY_ONLY,data/baskets/ohlcv/FORM.parquet,2026-08-24,OBSERVED,107.9000015258789,-0.21902143409199493,-0.20711462365141042,0.03710112049581382,0.0038909726401188394,150556458.05478778
2026-08-24,FTI,FINAL_VINTAGE_ADJUSTED_DISCOVERY_ONLY,data/yahoo/FTI.parquet,2026-08-24,OBSERVED,75.8499984741211,-0.04902201983451404,-0.03711520939392954,-0.011106906925904436,-0.04431705478159942,249081301.49608794
2026-08-24,GIII,FINAL_VINTAGE_ADJUSTED_DISCOVERY_ONLY,data/baskets/ohlcv/GIII.parquet,2026-08-24,OBSERVED,33.67854690551758,0.0008883555027308088,0.012795165943315312,-0.032904217893458765,-0.06611436574915375,13833339.762842087
2026-08-24,GWW,FINAL_VINTAGE_ADJUSTED_DISCOVERY_ONLY,data/baskets/ohlcv/GWW.parquet,2026-08-24,OBSERVED,1321.9000244140625,0.0032025761422436183,0.015109386582828122,-0.04203558983431177,-0.07524573769000675,368061917.7106585
2026-08-24,HCSG,FINAL_VINTAGE_ADJUSTED_DISCOVERY_ONLY,data/baskets/ohlcv/HCSG.parquet,2026-08-24,OBSERVED,22.799999237060547,0.05604442222885386,0.06795123266943837,0.0026384989686141225,-0.03057164888708086,16887124.80632237
2026-08-24,HUBG,FINAL_VINTAGE_ADJUSTED_DISCOVERY_ONLY,data/baskets/ohlcv/HUBG.parquet,2026-08-24,OBSERVED,40.0563850402832,0.01874837008658714,0.030655180527171644,-0.18405034258795328,-0.21726049044364826,55221741.86150687
2026-08-24,HWM,FINAL_VINTAGE_ADJUSTED_DISCOVERY_ONLY,data/baskets/ohlcv/HWM.parquet,2026-08-24,OBSERVED,263.2900085449219,-0.0893400214737694,-0.0774332110331849,-0.08934079045866261,-0.1225509383143576,626200095.3322637
2026-08-24,IBKR,FINAL_VINTAGE_ADJUSTED_DISCOVERY_ONLY,data/baskets/ohlcv/IBKR.parquet,2026-08-24,OBSERVED,92.96583557128906,-0.013569431286200695,-0.0016626208456161917,0.014279484477223381,-0.0189306633784716,415547282.01744443
2026-08-24,INDV,FINAL_VINTAGE_ADJUSTED_DISCOVERY_ONLY,data/baskets/ohlcv/INDV.parquet,2026-08-24,OBSERVED,36.18000030517578,-0.07420679094171478,-0.06229998050113028,-0.1072177928957867,-0.14042794075148168,95662710.65043494
2026-08-24,JBHT,FINAL_VINTAGE_ADJUSTED_DISCOVERY_ONLY,data/baskets/ohlcv/JBHT.parquet,2026-08-24,OBSERVED,259.8800048828125,-0.08289512171061275,-0.07098831127002825,-0.09705742920740901,-0.130267577063104,242043680.44186547
2026-08-24,KLIC,FINAL_VINTAGE_ADJUSTED_DISCOVERY_ONLY,data/baskets/ohlcv/KLIC.parquet,2026-08-24,OBSERVED,83.2947998046875,-0.17942412157036003,-0.16751731112977553,-0.1758609811705767,-0.20907112902627167,94885399.5677403
2026-08-24,KNX,FINAL_VINTAGE_ADJUSTED_DISCOVERY_ONLY,data/yahoo/KNX.parquet,2026-08-24,OBSERVED,68.92129516601562,-0.050549517999211924,-0.03864270755862742,-0.04662071329533035,-0.07983086115102533,245417400.51741827
2026-08-24,LFUS,FINAL_VINTAGE_ADJUSTED_DISCOVERY_ONLY,data/yahoo/LFUS.parquet,2026-08-24,OBSERVED,403.3699951171875,-0.1434066312224822,-0.1314998207818977,-0.0017553227242620428,-0.034965470579957025,144306195.5883208
2026-08-24,LIVN,FINAL_VINTAGE_ADJUSTED_DISCOVERY_ONLY,data/baskets/ohlcv/LIVN.parquet,2026-08-24,OBSERVED,78.26000213623047,-0.03951891369711291,-0.02761210325652841,0.0008952512167610394,-0.03231489663893394,56305340.16462053
2026-08-24,LSCC,FINAL_VINTAGE_ADJUSTED_DISCOVERY_ONLY,data/yahoo/LSCC.parquet,2026-08-24,OBSERVED,114.1500015258789,-0.13959445917442903,-0.12768764873384453,-0.11111973872085912,-0.1443298865765541,238400673.15226963
2026-08-24,MCRI,FINAL_VINTAGE_ADJUSTED_DISCOVERY_ONLY,data/baskets/ohlcv/MCRI.parquet,2026-08-24,OBSERVED,123.970458984375,0.0050949832825983865,0.01700179372318289,0.03965194141806405,0.006441793562369069,14534306.523313977
2026-08-24,MEDP,FINAL_VINTAGE_ADJUSTED_DISCOVERY_ONLY,data/yahoo/MEDP.parquet,2026-08-24,OBSERVED,620.030029296875,0.03836755487511567,0.050274365315700176,0.0310120460651111,-0.002198101790583884,155192416.42310733
2026-08-24,MGY,FINAL_VINTAGE_ADJUSTED_DISCOVERY_ONLY,data/baskets/ohlcv/MGY.parquet,2026-08-24,OBSERVED,27.219999313354492,0.016050704857494935,0.02795751529807944,0.0823833957961917,0.04917324794049671,100036671.64833432
2026-08-24,MRP,FINAL_VINTAGE_ADJUSTED_DISCOVERY_ONLY,data/yahoo/MRP.parquet,2026-08-24,OBSERVED,30.510000228881836,0.011604787242721404,0.023511597683305907,0.06977558692768016,0.03656543907198517,31364998.06296939
2026-08-24,MSM,FINAL_VINTAGE_ADJUSTED_DISCOVERY_ONLY,data/baskets/ohlcv/MSM.parquet,2026-08-24,OBSERVED,119.26000213623047,-0.04285711399105452,-0.030950303550470015,-0.05077998475335577,-0.08399013260905075,77674717.16573806
2026-08-24,MYRG,FINAL_VINTAGE_ADJUSTED_DISCOVERY_ONLY,data/baskets/ohlcv/MYRG.parquet,2026-08-24,OBSERVED,305.2699890136719,-0.10420215356777074,-0.09229534312718624,-0.1948994429860077,-0.22810959084170268,104278047.53650483
2026-08-24,ODFL,FINAL_VINTAGE_ADJUSTED_DISCOVERY_ONLY,data/baskets/ohlcv/ODFL.parquet,2026-08-24,OBSERVED,201.1675567626953,-0.04944334570823539,-0.03753653526765088,-0.13524185477287343,-0.1684520026285684,369836944.9632917
2026-08-24,PGNY,FINAL_VINTAGE_ADJUSTED_DISCOVERY_ONLY,data/baskets/ohlcv/PGNY.parquet,2026-08-24,OBSERVED,25.450000762939453,0.004737498602243928,0.01664430904282843,-0.18403333353106,-0.21724348138675498,33089819.272195727
2026-08-24,PJT,FINAL_VINTAGE_ADJUSTED_DISCOVERY_ONLY,data/baskets/ohlcv/PJT.parquet,2026-08-24,OBSERVED,176.16477966308594,0.03187873649467976,0.04378554693526426,0.043413916421217946,0.010203768565522964,75436303.35337321
2026-08-24,RL,FINAL_VINTAGE_ADJUSTED_DISCOVERY_ONLY,data/baskets/ohlcv/RL.parquet,2026-08-24,OBSERVED,369.76611328125,-0.02238269536518156,-0.010475884924597056,-0.007387923233495686,-0.04059807108919067,234554492.96773276
2026-08-24,ROST,FINAL_VINTAGE_ADJUSTED_DISCOVERY_ONLY,data/baskets/ohlcv/ROST.parquet,2026-08-24,OBSERVED,241.0541229248047,0.02652167059162025,0.03842848103220475,0.011009302306233426,-0.022200845549461556,676742587.7383277
2026-08-24,SEZL,FINAL_VINTAGE_ADJUSTED_DISCOVERY_ONLY,data/baskets/ohlcv/SEZL.parquet,2026-08-24,OBSERVED,117.93000030517578,-0.03478474373370877,-0.022877933293124264,-0.23367339805767484,-0.2668835459133698,111048460.71221487
2026-08-24,SHOO,FINAL_VINTAGE_ADJUSTED_DISCOVERY_ONLY,data/baskets/ohlcv/SHOO.parquet,2026-08-24,OBSERVED,45.67802047729492,-0.014806835242908933,-0.00290002480232443,0.0739180970813531,0.040707949225658124,50390778.70278131
2026-08-24,SNDK,FINAL_VINTAGE_ADJUSTED_DISCOVERY_ONLY,data/baskets/ohlcv/SNDK.parquet,2026-08-24,OBSERVED,1493.1199951171875,-0.1643842429314364,-0.15247743249085188,0.03937178691909615,0.00616163906340117,23365003679.146904
2026-08-24,SNDR,FINAL_VINTAGE_ADJUSTED_DISCOVERY_ONLY,data/yahoo/SNDR.parquet,2026-08-24,OBSERVED,34.73759078979492,-0.043119990139342756,-0.031213179698758253,-0.07365058180077733,-0.10686072965647231,25800756.610725038
2026-08-24,SONO,FINAL_VINTAGE_ADJUSTED_DISCOVERY_ONLY,data/baskets/ohlcv/SONO.parquet,2026-08-24,OBSERVED,15.40999984741211,-0.0025889943266562687,0.009317816113928235,0.049012953546321514,0.01580280569062653,28900465.304070428
2026-08-24,TALO,FINAL_VINTAGE_ADJUSTED_DISCOVERY_ONLY,data/baskets/ohlcv/TALO.parquet,2026-08-24,OBSERVED,16.93000030517578,0.03168802331498366,0.04359483375556816,0.13395847013523898,0.100748322279544,30820797.757062458
2026-08-24,TER,FINAL_VINTAGE_ADJUSTED_DISCOVERY_ONLY,data/baskets/ohlcv/TER.parquet,2026-08-24,OBSERVED,364.7598876953125,-0.17655820408293743,-0.16465139364235293,0.042809770492810095,0.009599622637115113,1308260605.7688396
2026-08-24,TPR,FINAL_VINTAGE_ADJUSTED_DISCOVERY_ONLY,data/baskets/ohlcv/TPR.parquet,2026-08-24,OBSERVED,131.66090393066406,0.024337322994191446,0.03624413343477595,-0.07321178057346289,-0.10642192842915787,448327264.24931115
2026-08-24,WDC,FINAL_VINTAGE_ADJUSTED_DISCOVERY_ONLY,data/baskets/ohlcv/WDC.parquet,2026-08-24,OBSERVED,435.24029541015625,-0.1877390459462569,-0.1758322355056724,-0.16240857350590288,-0.19561872136159786,4119451344.7505407
2026-08-24,YETI,FINAL_VINTAGE_ADJUSTED_DISCOVERY_ONLY,data/yahoo/YETI.parquet,2026-08-24,OBSERVED,43.08000183105469,0.00186050769894619,0.013767318139530693,-0.14489875113719697,-0.17810889899289195,86791786.01479304
2026-08-24,YOU,FINAL_VINTAGE_ADJUSTED_DISCOVERY_ONLY,data/baskets/ohlcv/YOU.parquet,2026-08-24,OBSERVED,44.54468536376953,0.019616831701064097,0.0315236421416486,-0.14433384480780143,-0.1775439926634964,90606698.25466701
2026-08-25,AMAT,FINAL_VINTAGE_ADJUSTED_DISCOVERY_ONLY,data/baskets/ohlcv/AMAT.parquet,2026-08-25,OBSERVED,480.0400085449219,-0.06567127777839821,-0.06366454161875867,-0.07029869924157883,-0.10658644742739432,4036170243.376523
2026-08-25,AME,FINAL_VINTAGE_ADJUSTED_DISCOVERY_ONLY,data/baskets/ohlcv/AME.parquet,2026-08-25,OBSERVED,241.41818237304688,-0.03288131473912659,-0.030874578579487055,-0.005552759956268805,-0.04184050814208429,339180798.9591326
2026-08-25,ARLO,FINAL_VINTAGE_ADJUSTED_DISCOVERY_ONLY,data/baskets/ohlcv/ARLO.parquet,2026-08-25,OBSERVED,13.319999694824219,-0.004484336255867527,-0.0024776000962279943,-0.040345851224746654,-0.07663359941056214,19763770.093876977
2026-08-25,BEN,FINAL_VINTAGE_ADJUSTED_DISCOVERY_ONLY,data/baskets/ohlcv/BEN.parquet,2026-08-25,OBSERVED,34.6761589050293,0.03059712897742828,0.03260386513706781,0.0544851434842224,0.018197395298406915,144121648.25468516
2026-08-25,CARG,FINAL_VINTAGE_ADJUSTED_DISCOVERY_ONLY,data/baskets/ohlcv/CARG.parquet,2026-08-25,OBSERVED,36.45000076293945,0.0063500699747316425,0.008356806134371175,0.04262018642696641,0.006332438241150928,33856917.01834542
2026-08-25,CL,FINAL_VINTAGE_ADJUSTED_DISCOVERY_ONLY,data/baskets/ohlcv/CL.parquet,2026-08-25,OBSERVED,91.33000183105469,-0.0014213563822355058,0.000585379777404027,-0.007066769973431475,-0.04335451815924696,416402560.56616646
2026-08-25,COCO,FINAL_VINTAGE_ADJUSTED_DISCOVERY_ONLY,data/baskets/ohlcv/COCO.parquet,2026-08-25,OBSERVED,63.56999969482422,0.0004721243132614905,0.0024788604729010233,-0.05612470475035458,-0.09241245293617006,58547389.343080066
2026-08-25,CROX,FINAL_VINTAGE_ADJUSTED_DISCOVERY_ONLY,data/yahoo/CROX.parquet,2026-08-25,OBSERVED,122.88999938964844,-0.04484691518907691,-0.042840179029437375,-0.08659130725321029,-0.12287905543902577,140931462.6441229
2026-08-25,DAVE,FINAL_VINTAGE_ADJUSTED_DISCOVERY_ONLY,data/baskets/ohlcv/DAVE.parquet,2026-08-25,OBSERVED,349.4700012207031,0.04901838822784055,0.05102512438748008,-0.13849375945046238,-0.17478150763627787,162034563.95161948
2026-08-25,DRH,FINAL_VINTAGE_ADJUSTED_DISCOVERY_ONLY,data/baskets/ohlcv/DRH.parquet,2026-08-25,OBSERVED,12.756471633911133,0.03042441810974883,0.03243115426938836,-0.003098369370673981,-0.039386117556489464,33082717.375019617
2026-08-25,ECG,FINAL_VINTAGE_ADJUSTED_DISCOVERY_ONLY,data/yahoo/ECG.parquet,2026-08-25,OBSERVED,118.06999969482422,-0.08607479322268363,-0.0840680570630441,-0.07439634717310473,-0.11068409535892021,82751024.20650664
2026-08-25,ETSY,FINAL_VINTAGE_ADJUSTED_DISCOVERY_ONLY,data/yahoo/ETSY.parquet,2026-08-25,OBSERVED,84.43000030517578,0.05590296738223888,0.05790970354187841,0.007037261367561776,-0.029250486818253707,264337254.80902535
2026-08-25,GIII,FINAL_VINTAGE_ADJUSTED_DISCOVERY_ONLY,data/baskets/ohlcv/GIII.parquet,2026-08-25,OBSERVED,33.170379638671875,-0.012752089555848278,-0.010745353396208746,-0.07347626369340832,-0.1097640118792238,13875473.821876163
2026-08-25,GWW,FINAL_VINTAGE_ADJUSTED_DISCOVERY_ONLY,data/baskets/ohlcv/GWW.parquet,2026-08-25,OBSERVED,1301.6800537109375,-0.009466366429604967,-0.007459630269965434,-0.0677135348995761,-0.10400128308539158,368797610.64801896
2026-08-25,HCSG,FINAL_VINTAGE_ADJUSTED_DISCOVERY_ONLY,data/baskets/ohlcv/HCSG.parquet,2026-08-25,OBSERVED,22.940000534057617,0.04557885030347619,0.047585586463115725,-0.00043573980607380935,-0.03672348799188929,16547817.600141253
2026-08-25,HR,FINAL_VINTAGE_ADJUSTED_DISCOVERY_ONLY,data/yahoo/HR.parquet,2026-08-25,OBSERVED,19.389999389648438,0.014651950306333594,0.016658686465973127,-0.08825475339289757,-0.12454250157871305,74174836.4242917
2026-08-25,HUBG,FINAL_VINTAGE_ADJUSTED_DISCOVERY_ONLY,data/baskets/ohlcv/HUBG.parquet,2026-08-25,OBSERVED,39.08012771606445,-0.011589863216149854,-0.009583127056510321,-0.18083112294816395,-0.21711887113397943,54324113.53638059
2026-08-25,HWM,FINAL_VINTAGE_ADJUSTED_DISCOVERY_ONLY,data/baskets/ohlcv/HWM.parquet,2026-08-25,OBSERVED,264.0400085449219,-0.09776178352384446,-0.09575504736420493,-0.08256008408320137,-0.11884783226901685,615185934.5504034
2026-08-25,INDV,FINAL_VINTAGE_ADJUSTED_DISCOVERY_ONLY,data/baskets/ohlcv/INDV.parquet,2026-08-25,OBSERVED,35.970001220703125,-0.08775041992628341,-0.08574368376664387,-0.10142387415443888,-0.13771162234025436,96694440.37935166
2026-08-25,JBHT,FINAL_VINTAGE_ADJUSTED_DISCOVERY_ONLY,data/baskets/ohlcv/JBHT.parquet,2026-08-25,OBSERVED,262.17999267578125,-0.04380177854293399,-0.041795042383294456,-0.06526834145813376,-0.10155608964394924,232895106.92545572
2026-08-25,KLIC,FINAL_VINTAGE_ADJUSTED_DISCOVERY_ONLY,data/baskets/ohlcv/KLIC.parquet,2026-08-25,OBSERVED,84.31216430664062,-0.08179450392687637,-0.07978776776723684,-0.13938101270988312,-0.1756687608956986,91700437.99344018
2026-08-25,LAUR,FINAL_VINTAGE_ADJUSTED_DISCOVERY_ONLY,data/baskets/ohlcv/LAUR.parquet,2026-08-25,OBSERVED,38.36000061035156,0.004188477597292017,0.00619521375693155,0.02347921768578365,-0.012808530500031834,35505505.41637965
2026-08-25,LFUS,FINAL_VINTAGE_ADJUSTED_DISCOVERY_ONLY,data/yahoo/LFUS.parquet,2026-08-25,OBSERVED,405.3900146484375,-0.0716252502064656,-0.06961851404682606,0.007899110390272579,-0.028388637795542904,139378738.90235537
2026-08-25,LIVN,FINAL_VINTAGE_ADJUSTED_DISCOVERY_ONLY,data/baskets/ohlcv/LIVN.parquet,2026-08-25,OBSERVED,79.41000366210938,-0.0056348227498492776,-0.0036280865902097448,-0.014519708890033844,-0.05080745707584933,56567136.363220215
2026-08-25,LSCC,FINAL_VINTAGE_ADJUSTED_DISCOVERY_ONLY,data/yahoo/LSCC.parquet,2026-08-25,OBSERVED,116.0999984741211,-0.0652926549402526,-0.06328591878061307,-0.055406435481928695,-0.09169418366774418,232565628.59838575
2026-08-25,MEDP,FINAL_VINTAGE_ADJUSTED_DISCOVERY_ONLY,data/yahoo/MEDP.parquet,2026-08-25,OBSERVED,614.0599975585938,0.04025073734874973,0.042257473508389265,0.04189219445502479,0.005604446269209307,150759555.91953823
2026-08-25,MGY,FINAL_VINTAGE_ADJUSTED_DISCOVERY_ONLY,data/baskets/ohlcv/MGY.parquet,2026-08-25,OBSERVED,26.440000534057617,-0.017100337955238576,-0.015093601795599043,0.10870666864805556,0.07241892046224008,96537070.72317033
2026-08-25,MRP,FINAL_VINTAGE_ADJUSTED_DISCOVERY_ONLY,data/yahoo/MRP.parquet,2026-08-25,OBSERVED,30.959999084472656,0.03406808724852106,0.036074823408160595,0.09014082747635133,0.053853079290535844,30901535.57917277
2026-08-25,MSM,FINAL_VINTAGE_ADJUSTED_DISCOVERY_ONLY,data/baskets/ohlcv/MSM.parquet,2026-08-25,OBSERVED,118.33000183105469,-0.03474993583566366,-0.032743199676024126,-0.06532382893161659,-0.10161157711743207,75178551.7217727
2026-08-25,MYRG,FINAL_VINTAGE_ADJUSTED_DISCOVERY_ONLY,data/baskets/ohlcv/MYRG.parquet,2026-08-25,OBSERVED,296.1400146484375,-0.08567723222378709,-0.08367049606414756,-0.19745253482808267,-0.23374028301389815,99401493.68780227
2026-08-25,PGNY,FINAL_VINTAGE_ADJUSTED_DISCOVERY_ONLY,data/baskets/ohlcv/PGNY.parquet,2026-08-25,OBSERVED,25.81999969482422,0.004278514751795415,0.0062852509114349475,-0.1826527518168114,-0.21894050000262688,33322093.768346876
2026-08-25,PJT,FINAL_VINTAGE_ADJUSTED_DISCOVERY_ONLY,data/baskets/ohlcv/PJT.parquet,2026-08-25,OBSERVED,174.36727905273438,0.02881210921565258,0.030818845375292114,0.034296793321101804,-0.0019909548647136788,75343509.14815266
2026-08-25,RL,FINAL_VINTAGE_ADJUSTED_DISCOVERY_ONLY,data/baskets/ohlcv/RL.parquet,2026-08-25,OBSERVED,361.5694580078125,-0.04137477375281873,-0.039368037593179195,-0.04563884254296047,-0.08192659072877595,235407683.3897182
2026-08-25,ROST,FINAL_VINTAGE_ADJUSTED_DISCOVERY_ONLY,data/baskets/ohlcv/ROST.parquet,2026-08-25,OBSERVED,240.72474670410156,0.02034858545898177,0.022355321618621304,-0.008876123281772674,-0.04516387146758816,672303467.2688802
2026-08-25,SEZL,FINAL_VINTAGE_ADJUSTED_DISCOVERY_ONLY,data/baskets/ohlcv/SEZL.parquet,2026-08-25,OBSERVED,124.08000183105469,0.05888378142950157,0.0608905175891411,-0.20857250416409812,-0.2448602523499136,109938246.2005252
2026-08-25,SHOO,FINAL_VINTAGE_ADJUSTED_DISCOVERY_ONLY,data/baskets/ohlcv/SHOO.parquet,2026-08-25,OBSERVED,45.27009201049805,-0.02673794730174517,-0.024731211142105636,0.045256215986163806,0.008968467800348323,49777521.96729751
2026-08-25,SNDK,FINAL_VINTAGE_ADJUSTED_DISCOVERY_ONLY,data/baskets/ohlcv/SNDK.parquet,2026-08-25,OBSERVED,1480.77001953125,-0.0891941143036058,-0.08718737814396627,0.15845351944274144,0.12216577125692596,22706891739.858864
2026-08-25,SNDR,FINAL_VINTAGE_ADJUSTED_DISCOVERY_ONLY,data/yahoo/SNDR.parquet,2026-08-25,OBSERVED,34.60797119140625,-0.016713846079144834,-0.014707109919505301,-0.05628058583329476,-0.09256833401911024,23898079.668807983
2026-08-25,SNEX,FINAL_VINTAGE_ADJUSTED_DISCOVERY_ONLY,data/baskets/ohlcv/SNEX.parquet,2026-08-25,OBSERVED,69.66000366210938,0.049096416586073444,0.051103152745712976,-0.06408701630402525,-0.10037476448984073,71126166.18365332
2026-08-25,SONO,FINAL_VINTAGE_ADJUSTED_DISCOVERY_ONLY,data/baskets/ohlcv/SONO.parquet,2026-08-25,OBSERVED,15.289999961853027,-0.031665611222795875,-0.029658875063156342,-0.02362706827358152,-0.059914816459397,28285931.552305676
2026-08-25,TALO,FINAL_VINTAGE_ADJUSTED_DISCOVERY_ONLY,data/baskets/ohlcv/TALO.parquet,2026-08-25,OBSERVED,16.5,0.008557419585904835,0.010564155745544368,0.16772822833433199,0.1314404801485165,30589265.746411823
2026-08-25,TER,FINAL_VINTAGE_ADJUSTED_DISCOVERY_ONLY,data/baskets/ohlcv/TER.parquet,2026-08-25,OBSERVED,366.289306640625,-0.09364564052252833,-0.0916389043628888,0.09457243794212977,0.05828468975631429,1271496656.39445
2026-08-25,TJX,FINAL_VINTAGE_ADJUSTED_DISCOVERY_ONLY,data/baskets/ohlcv/TJX.parquet,2026-08-25,OBSERVED,139.47999572753906,-0.07537295270756761,-0.07336621654792808,-0.10525596092356848,-0.14154370910938396,955610661.3891602
2026-08-25,TPR,FINAL_VINTAGE_ADJUSTED_DISCOVERY_ONLY,data/baskets/ohlcv/TPR.parquet,2026-08-25,OBSERVED,129.62860107421875,-0.016180205874726683,-0.01417346971508715,-0.11741165431265588,-0.15369940249847136,448521159.5865159
2026-08-25,WDC,FINAL_VINTAGE_ADJUSTED_DISCOVERY_ONLY,data/baskets/ohlcv/WDC.parquet,2026-08-25,OBSERVED,450.6053466796875,-0.09152293176981863,-0.0895161956101791,-0.09473411995028758,-0.13102186813610306,4073936007.068307
2026-08-25,WTS,FINAL_VINTAGE_ADJUSTED_DISCOVERY_ONLY,data/baskets/ohlcv/WTS.parquet,2026-08-25,OBSERVED,370.9000244140625,-0.011335798095876148,-0.009329061936236616,0.07474682947681477,0.038459081290999286,70650531.5339588
2026-08-25,YETI,FINAL_VINTAGE_ADJUSTED_DISCOVERY_ONLY,data/yahoo/YETI.parquet,2026-08-25,OBSERVED,42.58000183105469,-0.015263640652002697,-0.013256904492363164,-0.16378626547117503,-0.2000740136569905,87403749.58537874
2026-08-25,YOU,FINAL_VINTAGE_ADJUSTED_DISCOVERY_ONLY,data/baskets/ohlcv/YOU.parquet,2026-08-25,OBSERVED,44.1361083984375,-0.007173313061505149,-0.005166576901865616,-0.16795038488533987,-0.20423813307115535,92434316.31874812
2026-08-26,AMAT,FINAL_VINTAGE_ADJUSTED_DISCOVERY_ONLY,data/baskets/ohlcv/AMAT.parquet,2026-08-26,OBSERVED,479.760009765625,-0.032039392328071736,-0.028164562159690876,0.008002839709042586,-0.02603868411001442,3930628296.3184175
2026-08-26,AME,FINAL_VINTAGE_ADJUSTED_DISCOVERY_ONLY,data/baskets/ohlcv/AME.parquet,2026-08-26,OBSERVED,244.8431854248047,0.008140749290467708,0.012015579458848569,0.015615280443502355,-0.018426243375554652,333021202.98810685
2026-08-26,AMG,FINAL_VINTAGE_ADJUSTED_DISCOVERY_ONLY,data/yahoo/AMG.parquet,2026-08-26,OBSERVED,370.5899963378906,0.04271121386389831,0.04658604403227917,0.0012969414642303168,-0.03274458235482669,93800126.90734863
2026-08-26,ARLO,FINAL_VINTAGE_ADJUSTED_DISCOVERY_ONLY,data/baskets/ohlcv/ARLO.parquet,2026-08-26,OBSERVED,13.0600004196167,-0.03758285089733937,-0.03370802072895851,-0.08222060156410638,-0.11626212538316338,19289577.663771313
2026-08-26,CARG,FINAL_VINTAGE_ADJUSTED_DISCOVERY_ONLY,data/baskets/ohlcv/CARG.parquet,2026-08-26,OBSERVED,36.20000076293945,-0.022678189304141116,-0.018803359135760256,-0.006040566091885413,-0.04008208991094242,33471630.950237457
2026-08-26,CL,FINAL_VINTAGE_ADJUSTED_DISCOVERY_ONLY,data/baskets/ohlcv/CL.parquet,2026-08-26,OBSERVED,92.05999755859375,0.013095573633142399,0.01697040380152326,-0.007225339955622356,-0.04126686377467936,409987107.7552432
2026-08-26,COCO,FINAL_VINTAGE_ADJUSTED_DISCOVERY_ONLY,data/baskets/ohlcv/COCO.parquet,2026-08-26,OBSERVED,62.79999923706055,-0.07059346572897862,-0.06671863556059776,-0.0974418283353381,-0.1314833521543951,55139273.84839739
2026-08-26,CROX,FINAL_VINTAGE_ADJUSTED_DISCOVERY_ONLY,data/yahoo/CROX.parquet,2026-08-26,OBSERVED,123.63999938964844,-0.016622953244913807,-0.012748123076532947,-0.0904811154248687,-0.1245226392439257,139727357.9339527
2026-08-26,DRH,FINAL_VINTAGE_ADJUSTED_DISCOVERY_ONLY,data/baskets/ohlcv/DRH.parquet,2026-08-26,OBSERVED,12.508676528930664,-0.007861662931608393,-0.0039868327632275324,-0.034430003839076795,-0.0684715276581338,33834476.73927489
2026-08-26,ETSY,FINAL_VINTAGE_ADJUSTED_DISCOVERY_ONLY,data/yahoo/ETSY.parquet,2026-08-26,OBSERVED,81.73999786376953,0.01590851098510515,0.01978334115348601,-0.05470109043783744,-0.08874261425689445,263860336.24921528
2026-08-26,FORM,FINAL_VINTAGE_ADJUSTED_DISCOVERY_ONLY,data/baskets/ohlcv/FORM.parquet,2026-08-26,OBSERVED,108.0999984741211,-0.0595911148845476,-0.05571628471616674,0.22520678183365406,0.19116525801459705,146797241.45282564
2026-08-26,FTI,FINAL_VINTAGE_ADJUSTED_DISCOVERY_ONLY,data/yahoo/FTI.parquet,2026-08-26,OBSERVED,75.69999694824219,-0.017138402393621077,-0.013263572225240217,0.04638002488410575,0.012338501065048746,239997092.38179526
2026-08-26,GIII,FINAL_VINTAGE_ADJUSTED_DISCOVERY_ONLY,data/baskets/ohlcv/GIII.parquet,2026-08-26,OBSERVED,33.409515380859375,-0.016715525302658407,-0.012840695134277547,-0.08910634884711643,-0.12314787266617344,13969137.869117374
2026-08-26,GWW,FINAL_VINTAGE_ADJUSTED_DISCOVERY_ONLY,data/baskets/ohlcv/GWW.parquet,2026-08-26,OBSERVED,1335.3900146484375,0.02176063700913855,0.02563546717751941,-0.04353574174250163,-0.07757726556155864,353906241.48472375
2026-08-26,HCSG,FINAL_VINTAGE_ADJUSTED_DISCOVERY_ONLY,data/baskets/ohlcv/HCSG.parquet,2026-08-26,OBSERVED,22.90999984741211,-0.0008722397513076796,0.003002590417073181,-0.03536842747738489,-0.0694099512964419,15891909.596615747
2026-08-26,HUBG,FINAL_VINTAGE_ADJUSTED_DISCOVERY_ONLY,data/baskets/ohlcv/HUBG.parquet,2026-08-26,OBSERVED,39.84718704223633,0.0,0.0038748301683808606,-0.16177708024621318,-0.19581860406527019,54241580.23496355
2026-08-26,HWM,FINAL_VINTAGE_ADJUSTED_DISCOVERY_ONLY,data/baskets/ohlcv/HWM.parquet,2026-08-26,OBSERVED,269.3399963378906,-0.04988011182601326,-0.0460052816576324,-0.057928276135916,-0.09196979995497301,597228069.471668
2026-08-26,IBKR,FINAL_VINTAGE_ADJUSTED_DISCOVERY_ONLY,data/baskets/ohlcv/IBKR.parquet,2026-08-26,OBSERVED,96.93224334716797,0.07157054870630297,0.07544537887468383,0.0672092800171491,0.03316775619809209,412189107.59171987
2026-08-26,INDV,FINAL_VINTAGE_ADJUSTED_DISCOVERY_ONLY,data/baskets/ohlcv/INDV.parquet,2026-08-26,OBSERVED,35.82500076293945,-0.08235143640350662,-0.07847660623512576,-0.1260063601861393,-0.16004788400519632,95398773.92639887
2026-08-26,JBHT,FINAL_VINTAGE_ADJUSTED_DISCOVERY_ONLY,data/baskets/ohlcv/JBHT.parquet,2026-08-26,OBSERVED,263.6400146484375,-0.03222963933090761,-0.02835480916252675,-0.04875478625557628,-0.08279631007463328,222762865.14950708
2026-08-26,KLIC,FINAL_VINTAGE_ADJUSTED_DISCOVERY_ONLY,data/baskets/ohlcv/KLIC.parquet,2026-08-26,OBSERVED,84.66126251220703,-0.016340312791611633,-0.012465482623230772,-0.06653469231084363,-0.10057621612990064,90142090.71604411
2026-08-26,LFUS,FINAL_VINTAGE_ADJUSTED_DISCOVERY_ONLY,data/yahoo/LFUS.parquet,2026-08-26,OBSERVED,418.7200012207031,0.011230044858417498,0.015104875026798359,0.0700905893898427,0.03604906557078569,123402273.79266648
2026-08-26,LIVN,FINAL_VINTAGE_ADJUSTED_DISCOVERY_ONLY,data/baskets/ohlcv/LIVN.parquet,2026-08-26,OBSERVED,79.97000122070312,-0.010761939096968098,-0.006887108928587238,-0.025825255350985676,-0.05986677917004268,57261616.7851766
2026-08-26,LSCC,FINAL_VINTAGE_ADJUSTED_DISCOVERY_ONLY,data/yahoo/LSCC.parquet,2026-08-26,OBSERVED,119.33999633789062,0.014106016556849399,0.01798084672523026,-0.005997011788641204,-0.04003853560769821,224261676.66458857
2026-08-26,MEDP,FINAL_VINTAGE_ADJUSTED_DISCOVERY_ONLY,data/yahoo/MEDP.parquet,2026-08-26,OBSERVED,619.0499877929688,0.017722340269254344,0.021597170437635205,0.08420761083220407,0.050166087013147065,134932285.1088751
2026-08-26,MGY,FINAL_VINTAGE_ADJUSTED_DISCOVERY_ONLY,data/baskets/ohlcv/MGY.parquet,2026-08-26,OBSERVED,26.43000030517578,-0.03855945706685859,-0.03468462689847773,0.1376522459895857,0.10361072217052869,94507710.06080082
2026-08-26,MOG-A,FINAL_VINTAGE_ADJUSTED_DISCOVERY_ONLY,data/baskets/ohlcv/MOG-A.parquet,2026-08-26,OBSERVED,384.0299987792969,-0.0654840207870645,-0.06160919061868364,-0.07299325564553216,-0.10703477946458917,121004021.07820056
2026-08-26,MRP,FINAL_VINTAGE_ADJUSTED_DISCOVERY_ONLY,data/yahoo/MRP.parquet,2026-08-26,OBSERVED,30.670000076293945,0.004914797387957304,0.008789627556338164,0.07275270768117781,0.0387111838621208,30534630.050195966
2026-08-26,MSM,FINAL_VINTAGE_ADJUSTED_DISCOVERY_ONLY,data/baskets/ohlcv/MSM.parquet,2026-08-26,OBSERVED,122.5,0.018033725055468963,0.021908555223849824,-0.018272149395750503,-0.05231367321480751,74113108.80795434
2026-08-26,MYRG,FINAL_VINTAGE_ADJUSTED_DISCOVERY_ONLY,data/baskets/ohlcv/MYRG.parquet,2026-08-26,OBSERVED,312.8299865722656,-0.04036934892586064,-0.03649451875747978,-0.08185611219921196,-0.11589763601826897,97465740.79153879
2026-08-26,ODFL,FINAL_VINTAGE_ADJUSTED_DISCOVERY_ONLY,data/baskets/ohlcv/ODFL.parquet,2026-08-26,OBSERVED,199.1207275390625,-0.027550283804326003,-0.023675453635945143,-0.11865831258173354,-0.15269983640079055,353566257.78307235
2026-08-26,OPLN,FINAL_VINTAGE_ADJUSTED_DISCOVERY_ONLY,data/baskets/ohlcv/OPLN.parquet,2026-08-26,OBSERVED,34.650001525878906,0.006682259418046899,0.01055708958642776,-0.1410510313630715,-0.17509255518212852,56585688.28844343
2026-08-26,PGNY,FINAL_VINTAGE_ADJUSTED_DISCOVERY_ONLY,data/baskets/ohlcv/PGNY.parquet,2026-08-26,OBSERVED,26.3700008392334,0.03290247277695091,0.03677730294533177,-0.1427177944402772,-0.17675931825933422,32182423.175030664
2026-08-26,PJT,FINAL_VINTAGE_ADJUSTED_DISCOVERY_ONLY,data/baskets/ohlcv/PJT.parquet,2026-08-26,OBSERVED,174.52706909179688,0.010289618325222571,0.014164448493603432,0.008889990491328437,-0.02515153332772857,72144870.46930222
2026-08-26,RL,FINAL_VINTAGE_ADJUSTED_DISCOVERY_ONLY,data/baskets/ohlcv/RL.parquet,2026-08-26,OBSERVED,361.290283203125,-0.04137996147951939,-0.03750513131113853,-0.04011016538185519,-0.0741516892009122,234808373.43430293
2026-08-26,ROST,FINAL_VINTAGE_ADJUSTED_DISCOVERY_ONLY,data/baskets/ohlcv/ROST.parquet,2026-08-26,OBSERVED,235.81423950195312,0.006732275962927359,0.01060710613130822,-0.05879772837215047,-0.09283925219120748,661927491.6468302
2026-08-26,SAH,FINAL_VINTAGE_ADJUSTED_DISCOVERY_ONLY,data/baskets/ohlcv/SAH.parquet,2026-08-26,OBSERVED,77.62059783935547,-0.010398132905765634,-0.006523302737384773,-0.25456106501502795,-0.28860258883408496,26750382.087126233
2026-08-26,SNDK,FINAL_VINTAGE_ADJUSTED_DISCOVERY_ONLY,data/baskets/ohlcv/SNDK.parquet,2026-08-26,OBSERVED,1499.3699951171875,-0.04429940034311686,-0.040424570174735996,0.3679135375545244,0.3338720137354674,21957423952.63439
2026-08-26,SNDR,FINAL_VINTAGE_ADJUSTED_DISCOVERY_ONLY,data/yahoo/SNDR.parquet,2026-08-26,OBSERVED,35.11647415161133,0.006573318315312271,0.010448148483693132,-0.02653394372183082,-0.06057546754088783,23189042.892528716
2026-08-26,SONO,FINAL_VINTAGE_ADJUSTED_DISCOVERY_ONLY,data/baskets/ohlcv/SONO.parquet,2026-08-26,OBSERVED,15.329999923706055,-0.058353852756206526,-0.054479022587825665,-0.0874999631018849,-0.12154148692094191,27033386.63697924
2026-08-26,TALO,FINAL_VINTAGE_ADJUSTED_DISCOVERY_ONLY,data/baskets/ohlcv/TALO.parquet,2026-08-26,OBSERVED,16.719999313354492,-0.026208547521252124,-0.022333717352871263,0.22311625603790253,0.18907473221884552,30538126.547164008
2026-08-26,TER,FINAL_VINTAGE_ADJUSTED_DISCOVERY_ONLY,data/baskets/ohlcv/TER.parquet,2026-08-26,OBSERVED,362.9605712890625,-0.04359277088010427,-0.03971794071172341,0.13238728842404934,0.09834576460499234,1221386516.0032725
2026-08-26,TJX,FINAL_VINTAGE_ADJUSTED_DISCOVERY_ONLY,data/baskets/ohlcv/TJX.parquet,2026-08-26,OBSERVED,136.8300018310547,-0.05307957210342773,-0.04920474193504687,-0.14638226611733052,-0.18042378993638752,979163280.7368687
2026-08-26,TPR,FINAL_VINTAGE_ADJUSTED_DISCOVERY_ONLY,data/baskets/ohlcv/TPR.parquet,2026-08-26,OBSERVED,129.75811767578125,-0.011160024381956735,-0.007285194213575874,-0.1368455349580061,-0.17088705877706312,462825498.41918945
2026-08-26,UNFI,FINAL_VINTAGE_ADJUSTED_DISCOVERY_ONLY,data/baskets/ohlcv/UNFI.parquet,2026-08-26,OBSERVED,47.97999954223633,0.02543275493534103,0.02930758510372189,-0.05513980512741001,-0.08918132894646702,22218556.034578595
2026-08-26,VSEC,FINAL_VINTAGE_ADJUSTED_DISCOVERY_ONLY,data/baskets/ohlcv/VSEC.parquet,2026-08-26,OBSERVED,226.89999389648438,-0.015276470360354955,-0.011401640191974094,0.1383133086448125,0.1042717848257555,86955995.78828357
2026-08-26,YETI,FINAL_VINTAGE_ADJUSTED_DISCOVERY_ONLY,data/yahoo/YETI.parquet,2026-08-26,OBSERVED,41.779998779296875,-0.05217792550401945,-0.04830309533563859,-0.19452478041956378,-0.2285663042386208,87638172.4579584
2026-08-26,YOU,FINAL_VINTAGE_ADJUSTED_DISCOVERY_ONLY,data/baskets/ohlcv/YOU.parquet,2026-08-26,OBSERVED,44.09624481201172,-0.0011286978204085862,0.0027461323479722743,-0.17812037319855134,-0.21216189701760835,93109853.60392615
2026-08-27,ABBV,FINAL_VINTAGE_ADJUSTED_DISCOVERY_ONLY,data/baskets/ohlcv/ABBV.parquet,2026-08-27,OBSERVED,258.1499938964844,-0.014054893879641872,-0.025200970231135322,-0.01955941562949781,-0.07664266323102731,1279744794.6969895
2026-08-27,AMAT,FINAL_VINTAGE_ADJUSTED_DISCOVERY_ONLY,data/baskets/ohlcv/AMAT.parquet,2026-08-27,OBSERVED,482.3599853515625,-0.027911582479228425,-0.039057658830721875,0.10637136219222909,0.049288114590699594,3863929166.644723
2026-08-27,AMG,FINAL_VINTAGE_ADJUSTED_DISCOVERY_ONLY,data/yahoo/AMG.parquet,2026-08-27,OBSERVED,370.4800109863281,0.050679295474144626,0.039533219122651175,0.028938873776269913,-0.028144373825259583,94412846.67590913
2026-08-27,ARLO,FINAL_VINTAGE_ADJUSTED_DISCOVERY_ONLY,data/baskets/ohlcv/ARLO.parquet,2026-08-27,OBSERVED,13.069999694824219,0.0023005930259931695,-0.00884548332550028,-0.09924193737718401,-0.1563251849787135,19369136.919443946
2026-08-27,BHF,FINAL_VINTAGE_ADJUSTED_DISCOVERY_ONLY,data/yahoo/BHF.parquet,2026-08-27,OBSERVED,54.15999984741211,0.01766250667321123,0.006516430321717781,-0.13895073873521135,-0.19603398633674085,63032833.20699419
2026-08-27,BJ,FINAL_VINTAGE_ADJUSTED_DISCOVERY_ONLY,data/baskets/ohlcv/BJ.parquet,2026-08-27,OBSERVED,90.48999786376953,-0.008871907567506776,-0.020017983919000226,-0.09500950297991995,-0.15209275058144944,177613034.27029565
2026-08-27,CARG,FINAL_VINTAGE_ADJUSTED_DISCOVERY_ONLY,data/baskets/ohlcv/CARG.parquet,2026-08-27,OBSERVED,36.36000061035156,-0.01436700428478721,-0.02551308063628066,-0.019152929331471946,-0.07623617693300144,32291776.365516298
2026-08-27,CB,FINAL_VINTAGE_ADJUSTED_DISCOVERY_ONLY,data/baskets/ohlcv/CB.parquet,2026-08-27,OBSERVED,337.29107666015625,-0.013299496863139249,-0.0244455732146327,-0.06518375207423688,-0.12226699967576637,552015118.4792655
2026-08-27,CL,FINAL_VINTAGE_ADJUSTED_DISCOVERY_ONLY,data/baskets/ohlcv/CL.parquet,2026-08-27,OBSERVED,90.95999908447266,0.014046847035652732,0.0029007706841592817,-0.027061705392094515,-0.08414495299362401,398246044.44540113
2026-08-27,COCO,FINAL_VINTAGE_ADJUSTED_DISCOVERY_ONLY,data/baskets/ohlcv/COCO.parquet,2026-08-27,OBSERVED,61.630001068115234,-0.05431942918968735,-0.0654655055411808,-0.0875036980648517,-0.1445869456663812,52853942.1136402
2026-08-27,CROX,FINAL_VINTAGE_ADJUSTED_DISCOVERY_ONLY,data/yahoo/CROX.parquet,2026-08-27,OBSERVED,121.69000244140625,-0.011373742287239086,-0.022519818638732536,-0.08860096953647778,-0.14568421713800728,137375050.7532392
2026-08-27,DRH,FINAL_VINTAGE_ADJUSTED_DISCOVERY_ONLY,data/baskets/ohlcv/DRH.parquet,2026-08-27,OBSERVED,12.578058242797852,-0.006264750289646792,-0.017410826641140242,-0.03424665960007467,-0.09132990720160417,33874188.21382068
2026-08-27,ETSY,FINAL_VINTAGE_ADJUSTED_DISCOVERY_ONLY,data/yahoo/ETSY.parquet,2026-08-27,OBSERVED,82.94000244140625,0.021302836798878566,0.010156760447385116,-0.03084832125687631,-0.0879315688584058,271981905.78809464
2026-08-27,FORM,FINAL_VINTAGE_ADJUSTED_DISCOVERY_ONLY,data/baskets/ohlcv/FORM.parquet,2026-08-27,OBSERVED,110.2300033569336,-0.047359742208090916,-0.058505818559584366,0.3209108135174774,0.2638275659159479,142684839.22580537
2026-08-27,FTI,FINAL_VINTAGE_ADJUSTED_DISCOVERY_ONLY,data/yahoo/FTI.parquet,2026-08-27,OBSERVED,76.31999969482422,-0.01674829948154133,-0.02789437583303478,0.06465689042194445,0.00757364282041495,235845413.81617954
2026-08-27,GIII,FINAL_VINTAGE_ADJUSTED_DISCOVERY_ONLY,data/baskets/ohlcv/GIII.parquet,2026-08-27,OBSERVED,33.23016357421875,0.005123528214482143,-0.006022548137011308,-0.08730163469949626,-0.14438488230102575,14156341.308121454
2026-08-27,GWW,FINAL_VINTAGE_ADJUSTED_DISCOVERY_ONLY,data/baskets/ohlcv/GWW.parquet,2026-08-27,OBSERVED,1321.0799560546875,0.015949667609648,0.004803591258154549,-0.025947171951046677,-0.08303041955257617,344401897.3929269
2026-08-27,HCSG,FINAL_VINTAGE_ADJUSTED_DISCOVERY_ONLY,data/baskets/ohlcv/HCSG.parquet,2026-08-27,OBSERVED,22.940000534057617,-0.00260867243227747,-0.01375474878377092,-0.020913348900380546,-0.07799659650191004,15447223.309162686
2026-08-27,HUBG,FINAL_VINTAGE_ADJUSTED_DISCOVERY_ONLY,data/baskets/ohlcv/HUBG.parquet,2026-08-27,OBSERVED,39.82726287841797,-0.001747817475076907,-0.012893893826570357,-0.1616691238647019,-0.2187523714662314,54187292.2203064
2026-08-27,HWM,FINAL_VINTAGE_ADJUSTED_DISCOVERY_ONLY,data/baskets/ohlcv/HWM.parquet,2026-08-27,OBSERVED,267.6499938964844,-0.02189014921538024,-0.03303622556687369,-0.018368085651248922,-0.07545133325277842,599751215.5020578
2026-08-27,JBHT,FINAL_VINTAGE_ADJUSTED_DISCOVERY_ONLY,data/baskets/ohlcv/JBHT.parquet,2026-08-27,OBSERVED,263.3900146484375,-0.040368661503943915,-0.051514737855437365,-0.04456346061027394,-0.10164670821180344,210753725.59640068
2026-08-27,KEYS,FINAL_VINTAGE_ADJUSTED_DISCOVERY_ONLY,data/baskets/ohlcv/KEYS.parquet,2026-08-27,OBSERVED,325.82000732421875,0.0294145438417186,0.01826846749022515,0.09807227683943953,0.040989029237910035,461493181.07517785
2026-08-27,KLIC,FINAL_VINTAGE_ADJUSTED_DISCOVERY_ONLY,data/baskets/ohlcv/KLIC.parquet,2026-08-27,OBSERVED,84.4518051147461,-0.005403434002395846,-0.016549510353889296,0.021844078976884562,-0.035239168624644934,85344797.09403628
2026-08-27,KNX,FINAL_VINTAGE_ADJUSTED_DISCOVERY_ONLY,data/yahoo/KNX.parquet,2026-08-27,OBSERVED,68.7019271850586,-0.0073476936807078674,-0.018493770032201318,-0.030123903195694135,-0.08720715079722363,210729766.74208868
2026-08-27,LFUS,FINAL_VINTAGE_ADJUSTED_DISCOVERY_ONLY,data/yahoo/LFUS.parquet,2026-08-27,OBSERVED,421.2799987792969,0.022598726924308643,0.011452650572815193,0.02831862771097038,-0.028764619890559118,109568169.28580149
2026-08-27,LIVN,FINAL_VINTAGE_ADJUSTED_DISCOVERY_ONLY,data/baskets/ohlcv/LIVN.parquet,2026-08-27,OBSERVED,80.02999877929688,0.023270677868931777,0.012124601517438327,-0.01719269950426272,-0.07427594710579222,57644687.170918785
2026-08-27,LSCC,FINAL_VINTAGE_ADJUSTED_DISCOVERY_ONLY,data/yahoo/LSCC.parquet,2026-08-27,OBSERVED,120.47000122070312,0.024753349119958745,0.013607272768465295,0.06648373049839007,0.009400482896860574,218618824.8587472
2026-08-27,MEDP,FINAL_VINTAGE_ADJUSTED_DISCOVERY_ONLY,data/yahoo/MEDP.parquet,2026-08-27,OBSERVED,611.5700073242188,-0.001746551479881342,-0.012892627831374792,0.045543936850582556,-0.01153931075094694,124524063.33298457
2026-08-27,MGY,FINAL_VINTAGE_ADJUSTED_DISCOVERY_ONLY,data/baskets/ohlcv/MGY.parquet,2026-08-27,OBSERVED,26.649999618530273,-0.05563429245305651,-0.06678036880454996,0.0724191009955295,0.01533585339400001,90853498.03025381
2026-08-27,MSM,FINAL_VINTAGE_ADJUSTED_DISCOVERY_ONLY,data/baskets/ohlcv/MSM.parquet,2026-08-27,OBSERVED,122.01000213623047,0.03661856669277208,0.02547249034127863,0.00859718033423773,-0.048486067267291766,72345484.95726812
2026-08-27,MYRG,FINAL_VINTAGE_ADJUSTED_DISCOVERY_ONLY,data/baskets/ohlcv/MYRG.parquet,2026-08-27,OBSERVED,309.3900146484375,-0.027075425633844352,-0.0382215019853378,-0.03934044279389637,-0.09642369039542587,93280794.871303
2026-08-27,OPLN,FINAL_VINTAGE_ADJUSTED_DISCOVERY_ONLY,data/baskets/ohlcv/OPLN.parquet,2026-08-27,OBSERVED,35.5099983215332,0.038607772677505814,0.027461696326012364,-0.12190901267537912,-0.17899226027690862,57621361.16916112
2026-08-27,PGNY,FINAL_VINTAGE_ADJUSTED_DISCOVERY_ONLY,data/baskets/ohlcv/PGNY.parquet,2026-08-27,OBSERVED,25.860000610351562,-0.003852021481037138,-0.014998097832530588,-0.1756455237958,-0.2327287713973295,31984563.927132744
2026-08-27,PJT,FINAL_VINTAGE_ADJUSTED_DISCOVERY_ONLY,data/baskets/ohlcv/PJT.parquet,2026-08-27,OBSERVED,178.41165161132812,0.04608004019563161,0.03493396384413816,0.08226306954736118,0.025179821945831682,71122504.93105933
2026-08-27,RL,FINAL_VINTAGE_ADJUSTED_DISCOVERY_ONLY,data/baskets/ohlcv/RL.parquet,2026-08-27,OBSERVED,350.8998718261719,-0.05535274563193704,-0.06649882198343049,-0.06329851950604848,-0.12038176710757797,237103841.29318964
2026-08-27,ROST,FINAL_VINTAGE_ADJUSTED_DISCOVERY_ONLY,data/baskets/ohlcv/ROST.parquet,2026-08-27,OBSERVED,229.42657470703125,0.003842866748283491,-0.007303209603209959,-0.08767272354603128,-0.14475597114756078,656798168.4120542
2026-08-27,SNDK,FINAL_VINTAGE_ADJUSTED_DISCOVERY_ONLY,data/baskets/ohlcv/SNDK.parquet,2026-08-27,OBSERVED,1484.949951171875,-0.07226577469866224,-0.0834118510501557,0.46172314892352007,0.40463990132199057,21398753877.153667
2026-08-27,SNDR,FINAL_VINTAGE_ADJUSTED_DISCOVERY_ONLY,data/yahoo/SNDR.parquet,2026-08-27,OBSERVED,35.13641357421875,0.0028458314524801853,-0.008300244899013265,-0.0005671641369974223,-0.05765041173852692,22558012.36247108
2026-08-27,SONO,FINAL_VINTAGE_ADJUSTED_DISCOVERY_ONLY,data/baskets/ohlcv/SONO.parquet,2026-08-27,OBSERVED,15.100000381469727,-0.059189962663500184,-0.07033603901499363,-0.13812785462694244,-0.19521110222847193,25057297.91759309
2026-08-27,TALO,FINAL_VINTAGE_ADJUSTED_DISCOVERY_ONLY,data/baskets/ohlcv/TALO.parquet,2026-08-27,OBSERVED,16.729999542236328,-0.057464814521897,-0.06861089087339045,0.1740350555955319,0.1169518079940024,30807513.407675426
2026-08-27,TER,FINAL_VINTAGE_ADJUSTED_DISCOVERY_ONLY,data/baskets/ohlcv/TER.parquet,2026-08-27,OBSERVED,371.9171447753906,-0.02894423197392748,-0.04009030832542093,0.1648351889928208,0.1077519413912913,1124494266.7069209
2026-08-27,TJX,FINAL_VINTAGE_ADJUSTED_DISCOVERY_ONLY,data/baskets/ohlcv/TJX.parquet,2026-08-27,OBSERVED,134.22000122070312,-0.04598764026177138,-0.05713371661326483,-0.16696471450148953,-0.22404796210301903,993752606.5633864
2026-08-27,TPR,FINAL_VINTAGE_ADJUSTED_DISCOVERY_ONLY,data/baskets/ohlcv/TPR.parquet,2026-08-27,OBSERVED,122.77458190917969,-0.050685638115499865,-0.061831714466993315,-0.17900206082226577,-0.23608530842379527,466189171.82406473
2026-08-27,VSEC,FINAL_VINTAGE_ADJUSTED_DISCOVERY_ONLY,data/baskets/ohlcv/VSEC.parquet,2026-08-27,OBSERVED,221.0,0.030255026149642816,0.019108949798149366,0.19472378151373504,0.13764053391220554,85843537.77829126
2026-08-27,WDC,FINAL_VINTAGE_ADJUSTED_DISCOVERY_ONLY,data/baskets/ohlcv/WDC.parquet,2026-08-27,OBSERVED,461.85174560546875,-0.015030363364598953,-0.026176439716092403,-8.655281161851214e-05,-0.05716980041314801,3921634076.640102
2026-08-27,WTS,FINAL_VINTAGE_ADJUSTED_DISCOVERY_ONLY,data/baskets/ohlcv/WTS.parquet,2026-08-27,OBSERVED,371.72857666015625,0.0066774352572580575,-0.004468641094235393,0.10774946139456287,0.05066621379303338,69894692.67374675
2026-08-27,YETI,FINAL_VINTAGE_ADJUSTED_DISCOVERY_ONLY,data/yahoo/YETI.parquet,2026-08-27,OBSERVED,41.84000015258789,-0.049090905623002445,-0.060236981974495896,-0.18105304310772163,-0.23813629070925113,88122190.08057004
2026-08-27,YOU,FINAL_VINTAGE_ADJUSTED_DISCOVERY_ONLY,data/baskets/ohlcv/YOU.parquet,2026-08-27,OBSERVED,43.97666549682617,0.028671349138236435,0.017525272786742985,-0.2442198635937174,-0.3013031111952469,89578175.58099656
2026-08-28,ABBV,FINAL_VINTAGE_ADJUSTED_DISCOVERY_ONLY,data/baskets/ohlcv/ABBV.parquet,2026-08-28,OBSERVED,255.47999572753906,-0.03577897053618495,-0.04051963894589916,-0.0074977969275186185,-0.04479101569431687,1240481484.2576528
2026-08-28,ALKS,FINAL_VINTAGE_ADJUSTED_DISCOVERY_ONLY,data/baskets/ohlcv/ALKS.parquet,2026-08-28,OBSERVED,47.40999984741211,-0.019035835894618658,-0.02377650430433287,-0.05236855878095603,-0.08966177754775428,67338850.16139802
2026-08-28,AMAT,FINAL_VINTAGE_ADJUSTED_DISCOVERY_ONLY,data/baskets/ohlcv/AMAT.parquet,2026-08-28,OBSERVED,461.6700134277344,-0.06225624276995867,-0.06699691117967288,-0.07893318224138712,-0.11622640100818538,3716983508.667719
2026-08-28,AME,FINAL_VINTAGE_ADJUSTED_DISCOVERY_ONLY,data/baskets/ohlcv/AME.parquet,2026-08-28,OBSERVED,235.90621948242188,-0.01377582368905328,-0.01851649209876749,-0.015665964575218516,-0.05295918334201677,332791621.2209792
2026-08-28,AMG,FINAL_VINTAGE_ADJUSTED_DISCOVERY_ONLY,data/yahoo/AMG.parquet,2026-08-28,OBSERVED,370.8699951171875,0.04115550942921309,0.03641484101949888,0.014830728741521249,-0.022462490025277004,91719570.00209263
2026-08-28,ARLO,FINAL_VINTAGE_ADJUSTED_DISCOVERY_ONLY,data/baskets/ohlcv/ARLO.parquet,2026-08-28,OBSERVED,12.890000343322754,-0.01603053679632127,-0.02077120520603548,-0.10919142325838282,-0.14648464202518108,19008611.965874262
2026-08-28,CARG,FINAL_VINTAGE_ADJUSTED_DISCOVERY_ONLY,data/baskets/ohlcv/CARG.parquet,2026-08-28,OBSERVED,36.560001373291016,-0.007869663849070063,-0.012610332258784274,0.015555593702528236,-0.021737625064270016,31593764.591416858
2026-08-28,CGNX,FINAL_VINTAGE_ADJUSTED_DISCOVERY_ONLY,data/baskets/ohlcv/CGNX.parquet,2026-08-28,OBSERVED,60.459999084472656,-0.001321470595388896,-0.0060621390051031065,-0.03313849360013177,-0.07043171236693002,148181288.7675149
2026-08-28,CL,FINAL_VINTAGE_ADJUSTED_DISCOVERY_ONLY,data/baskets/ohlcv/CL.parquet,2026-08-28,OBSERVED,90.75,-0.0036232084367632256,-0.008363876846477436,-0.009279459479043961,-0.046572678245842214,390871425.4996527
2026-08-28,COCO,FINAL_VINTAGE_ADJUSTED_DISCOVERY_ONLY,data/baskets/ohlcv/COCO.parquet,2026-08-28,OBSERVED,61.709999084472656,-0.02588791521942002,-0.03062858362913423,-0.07826733536404007,-0.11556055413083832,52345129.19097174
2026-08-28,CROX,FINAL_VINTAGE_ADJUSTED_DISCOVERY_ONLY,data/yahoo/CROX.parquet,2026-08-28,OBSERVED,122.2300033569336,0.0009827429856867909,-0.0037579254240274196,-0.01156396783783975,-0.048857186604638,124587582.55444482
2026-08-28,DAR,FINAL_VINTAGE_ADJUSTED_DISCOVERY_ONLY,data/yahoo/DAR.parquet,2026-08-28,OBSERVED,64.31999969482422,-0.02160021623194941,-0.02634088464166362,0.05442622450531509,0.017133005738516838,162349829.19222513
2026-08-28,DRH,FINAL_VINTAGE_ADJUSTED_DISCOVERY_ONLY,data/baskets/ohlcv/DRH.parquet,2026-08-28,OBSERVED,12.587970733642578,-0.009360362823540913,-0.014101031233255124,-0.016266495092341793,-0.053559713859140046,33560384.9627404
2026-08-28,ECG,FINAL_VINTAGE_ADJUSTED_DISCOVERY_ONLY,data/yahoo/ECG.parquet,2026-08-28,OBSERVED,115.7300033569336,-0.08121622580100618,-0.08595689421072039,-0.05864648561324837,-0.09593970438004662,80256600.09017217
2026-08-28,ETSY,FINAL_VINTAGE_ADJUSTED_DISCOVERY_ONLY,data/yahoo/ETSY.parquet,2026-08-28,OBSERVED,83.58999633789062,0.03159320741897664,0.026852539009262433,0.005291579121315726,-0.03200163964548253,268289160.9570458
2026-08-28,FORM,FINAL_VINTAGE_ADJUSTED_DISCOVERY_ONLY,data/baskets/ohlcv/FORM.parquet,2026-08-28,OBSERVED,101.69999694824219,-0.10914511487531398,-0.11388578328502819,-0.03492124123258522,-0.07221445999938347,135582681.29483178
2026-08-28,FTI,FINAL_VINTAGE_ADJUSTED_DISCOVERY_ONLY,data/yahoo/FTI.parquet,2026-08-28,OBSERVED,75.83999633789062,-0.02078761360607262,-0.02552828201578683,0.10109614478442319,0.06380292601762494,218697412.55645752
2026-08-28,GIII,FINAL_VINTAGE_ADJUSTED_DISCOVERY_ONLY,data/baskets/ohlcv/GIII.parquet,2026-08-28,OBSERVED,33.33976745605469,-0.009473100237380017,-0.014213768647094227,-0.08803492835552928,-0.12532814712232754,14253126.011312576
2026-08-28,GWW,FINAL_VINTAGE_ADJUSTED_DISCOVERY_ONLY,data/baskets/ohlcv/GWW.parquet,2026-08-28,OBSERVED,1306.300048828125,-0.004526566367779372,-0.009267234777493583,-0.034407393040452594,-0.07170061180725085,330804615.79938614
2026-08-28,HWM,FINAL_VINTAGE_ADJUSTED_DISCOVERY_ONLY,data/baskets/ohlcv/HWM.parquet,2026-08-28,OBSERVED,264.8500061035156,-0.025139821688733743,-0.029880490098447954,-0.04436657692031987,-0.08165979568711812,594053469.6929932
2026-08-28,JBHT,FINAL_VINTAGE_ADJUSTED_DISCOVERY_ONLY,data/baskets/ohlcv/JBHT.parquet,2026-08-28,OBSERVED,261.0299987792969,-0.052350745284760136,-0.05709141369447435,-0.02874973925861901,-0.06604295802541726,203381285.29706684
2026-08-28,KEYS,FINAL_VINTAGE_ADJUSTED_DISCOVERY_ONLY,data/baskets/ohlcv/KEYS.parquet,2026-08-28,OBSERVED,319.9700012207031,0.012146889819313778,0.007406221409599567,0.023281840552804578,-0.014011378213993675,475883104.7206334
2026-08-28,KLIC,FINAL_VINTAGE_ADJUSTED_DISCOVERY_ONLY,data/baskets/ohlcv/KLIC.parquet,2026-08-28,OBSERVED,80.82118225097656,-0.05504377162043306,-0.05978444003014727,-0.08254080237842865,-0.1198340211452269,81913384.44188435
2026-08-28,LFUS,FINAL_VINTAGE_ADJUSTED_DISCOVERY_ONLY,data/yahoo/LFUS.parquet,2026-08-28,OBSERVED,405.4200134277344,-0.016591462125514544,-0.021332130535228755,-0.08098798473414359,-0.11828120350094184,98963446.38860793
2026-08-28,LIVN,FINAL_VINTAGE_ADJUSTED_DISCOVERY_ONLY,data/baskets/ohlcv/LIVN.parquet,2026-08-28,OBSERVED,80.31999969482422,0.020066063930917144,0.015325395521202934,-0.009006827013534058,-0.04630004578033231,56934545.64172654
2026-08-28,LRCX,FINAL_VINTAGE_ADJUSTED_DISCOVERY_ONLY,data/baskets/ohlcv/LRCX.parquet,2026-08-28,OBSERVED,301.5796203613281,-0.03853502834582556,-0.04327569675553977,0.014040049517020314,-0.02325316924977794,2623673831.6679454
2026-08-28,LSCC,FINAL_VINTAGE_ADJUSTED_DISCOVERY_ONLY,data/yahoo/LSCC.parquet,2026-08-28,OBSERVED,114.4000015258789,-0.027954803698515662,-0.03269547210822987,-0.08134583917704241,-0.11863905794384066,214694957.95011973
2026-08-28,MEDP,FINAL_VINTAGE_ADJUSTED_DISCOVERY_ONLY,data/yahoo/MEDP.parquet,2026-08-28,OBSERVED,600.6500244140625,-0.032380145929822746,-0.037120814339536956,0.038647824819071364,0.0013546060522731107,121104473.02100772
2026-08-28,MGY,FINAL_VINTAGE_ADJUSTED_DISCOVERY_ONLY,data/baskets/ohlcv/MGY.parquet,2026-08-28,OBSERVED,26.25,-0.06716415887143523,-0.07190482728114944,0.05632276938415792,0.01902955061735967,90834387.6935414
2026-08-28,MRP,FINAL_VINTAGE_ADJUSTED_DISCOVERY_ONLY,data/yahoo/MRP.parquet,2026-08-28,OBSERVED,30.610000610351562,0.007239263742073732,0.002498595332359521,0.0846917560294218,0.04739853726262355,29337812.95928047
2026-08-28,MSM,FINAL_VINTAGE_ADJUSTED_DISCOVERY_ONLY,data/baskets/ohlcv/MSM.parquet,2026-08-28,OBSERVED,119.19999694824219,-0.005091399906366201,-0.009832068316080411,-0.018606966517912493,-0.055900185284710746,71462732.72977556
2026-08-28,MYRG,FINAL_VINTAGE_ADJUSTED_DISCOVERY_ONLY,data/baskets/ohlcv/MYRG.parquet,2026-08-28,OBSERVED,294.4200134277344,-0.05291595183784792,-0.05765662024756213,-0.11008337357421594,-0.1473765923410142,88333438.38748023
2026-08-28,OPLN,FINAL_VINTAGE_ADJUSTED_DISCOVERY_ONLY,data/baskets/ohlcv/OPLN.parquet,2026-08-28,OBSERVED,35.09000015258789,0.05059875896710797,0.04585809055739376,-0.13379408525090697,-0.17108730401770522,57348530.66760472
2026-08-28,PGNY,FINAL_VINTAGE_ADJUSTED_DISCOVERY_ONLY,data/baskets/ohlcv/PGNY.parquet,2026-08-28,OBSERVED,26.0,0.01364523924658756,0.008904570836873349,-0.17434105465295857,-0.21163427341975682,31970683.791869026
2026-08-28,PJT,FINAL_VINTAGE_ADJUSTED_DISCOVERY_ONLY,data/baskets/ohlcv/PJT.parquet,2026-08-28,OBSERVED,182.5458984375,0.044810148537484995,0.040069480127770785,0.09101753222485409,0.05372431345805584,71325146.68390183
2026-08-28,RL,FINAL_VINTAGE_ADJUSTED_DISCOVERY_ONLY,data/baskets/ohlcv/RL.parquet,2026-08-28,OBSERVED,353.0338134765625,-0.04978655909606522,-0.05452722750577943,-0.08258400768940388,-0.11987722645620214,237877443.94269672
2026-08-28,ROST,FINAL_VINTAGE_ADJUSTED_DISCOVERY_ONLY,data/baskets/ohlcv/ROST.parquet,2026-08-28,OBSERVED,228.109130859375,-0.04388383721000144,-0.04862450561971565,-0.09510239369888285,-0.1323956124656811,653776278.0747913
2026-08-28,SNDK,FINAL_VINTAGE_ADJUSTED_DISCOVERY_ONLY,data/baskets/ohlcv/SNDK.parquet,2026-08-28,OBSERVED,1484.97998046875,-0.06960802631753038,-0.07434869472724459,0.16017690067514634,0.12288368190834809,20487347063.537598
2026-08-28,SONO,FINAL_VINTAGE_ADJUSTED_DISCOVERY_ONLY,data/baskets/ohlcv/SONO.parquet,2026-08-28,OBSERVED,15.300000190734863,-0.03348071607868397,-0.03822138448839818,0.06029105108521926,0.022997832318421008,22215120.1381865
2026-08-28,TALO,FINAL_VINTAGE_ADJUSTED_DISCOVERY_ONLY,data/baskets/ohlcv/TALO.parquet,2026-08-28,OBSERVED,16.670000076293945,-0.04579274576439207,-0.050533414174106284,0.14178079731089976,0.10448757854410151,29461053.39735576
2026-08-28,TER,FINAL_VINTAGE_ADJUSTED_DISCOVERY_ONLY,data/baskets/ohlcv/TER.parquet,2026-08-28,OBSERVED,354.8337097167969,-0.0552775051350719,-0.06001817354478611,-0.02878319567763421,-0.06607641444443246,1037902775.4731678
2026-08-28,TJX,FINAL_VINTAGE_ADJUSTED_DISCOVERY_ONLY,data/baskets/ohlcv/TJX.parquet,2026-08-28,OBSERVED,135.1199951171875,-0.03849714444675845,-0.04323781285647266,-0.14889909927833656,-0.1861923180451348,989896698.9018031
2026-08-28,TPR,FINAL_VINTAGE_ADJUSTED_DISCOVERY_ONLY,data/baskets/ohlcv/TPR.parquet,2026-08-28,OBSERVED,125.01608276367188,-0.035952963569075624,-0.040693631978789835,-0.17754624703364474,-0.214839465800443,476798090.0446574
2026-08-28,VSEC,FINAL_VINTAGE_ADJUSTED_DISCOVERY_ONLY,data/baskets/ohlcv/VSEC.parquet,2026-08-28,OBSERVED,215.82000732421875,-0.008088953451717118,-0.012829621861431328,0.12670323093601343,0.08941001216921518,85044366.7992728
2026-08-28,WDC,FINAL_VINTAGE_ADJUSTED_DISCOVERY_ONLY,data/baskets/ohlcv/WDC.parquet,2026-08-28,OBSERVED,459.3025817871094,2.1793876571862825e-05,-0.004718874533142348,-0.13805706278340224,-0.1753502815502005,3802691457.1091423
2026-08-28,WRLD,FINAL_VINTAGE_ADJUSTED_DISCOVERY_ONLY,data/baskets/ohlcv/WRLD.parquet,2026-08-28,OBSERVED,188.35000610351562,0.00042493137111154766,-0.004315737038602663,0.04003312951770943,0.0027399107509111786,15727177.782621838
2026-08-28,YETI,FINAL_VINTAGE_ADJUSTED_DISCOVERY_ONLY,data/yahoo/YETI.parquet,2026-08-28,OBSERVED,41.56999969482422,-0.05004567437634799,-0.0547863427860622,-0.16257050350623248,-0.19986372227303073,89026501.46584284
2026-08-28,YOU,FINAL_VINTAGE_ADJUSTED_DISCOVERY_ONLY,data/baskets/ohlcv/YOU.parquet,2026-08-28,OBSERVED,43.27909469604492,0.0032339465705548687,-0.0015067218391593418,-0.22584671261947742,-0.26313993138627567,88960062.94722784
2026-08-31,ALKS,FINAL_VINTAGE_ADJUSTED_DISCOVERY_ONLY,data/baskets/ohlcv/ALKS.parquet,2026-08-31,OBSERVED,46.9900016784668,-0.03846935327414924,-0.04315851611472554,-0.04082465669477786,-0.06762401647974992,66773309.003866285
2026-08-31,AMAT,FINAL_VINTAGE_ADJUSTED_DISCOVERY_ONLY,data/baskets/ohlcv/AMAT.parquet,2026-08-31,OBSERVED,458.3900146484375,-0.05328484203077055,-0.05797400487134685,-0.09610543351666145,-0.12290479330163351,3672770301.8413725
2026-08-31,AME,FINAL_VINTAGE_ADJUSTED_DISCOVERY_ONLY,data/baskets/ohlcv/AME.parquet,2026-08-31,OBSERVED,234.82777404785156,-0.029546552770804313,-0.03423571561138061,-0.027057295973562656,-0.05385665575853471,344265346.5954735
2026-08-31,AMG,FINAL_VINTAGE_ADJUSTED_DISCOVERY_ONLY,data/yahoo/AMG.parquet,2026-08-31,OBSERVED,368.19000244140625,0.02577032355570341,0.021081160715127112,0.0040082605151303685,-0.022791099269841686,93047294.72539993
2026-08-31,ARLO,FINAL_VINTAGE_ADJUSTED_DISCOVERY_ONLY,data/baskets/ohlcv/ARLO.parquet,2026-08-31,OBSERVED,13.149999618530273,0.004583610790143577,-0.00010555205043272231,-0.10665765081643142,-0.13345701060140347,18998085.07138661
2026-08-31,CARG,FINAL_VINTAGE_ADJUSTED_DISCOVERY_ONLY,data/baskets/ohlcv/CARG.parquet,2026-08-31,OBSERVED,35.65999984741211,-0.04165544948124833,-0.04634461232182463,-0.016004464795577378,-0.04280382458054943,32652913.958703905
2026-08-31,CL,FINAL_VINTAGE_ADJUSTED_DISCOVERY_ONLY,data/baskets/ohlcv/CL.parquet,2026-08-31,OBSERVED,89.81999969482422,-0.029497604180594772,-0.03418676702117107,-0.016210331954694235,-0.04300969173966629,387140198.1601533
2026-08-31,CNK,FINAL_VINTAGE_ADJUSTED_DISCOVERY_ONLY,data/baskets/ohlcv/CNK.parquet,2026-08-31,OBSERVED,35.61000061035156,-0.07041929252688628,-0.07510845536746258,-0.024435645679323104,-0.05123500546429516,83951303.58992077
2026-08-31,COCO,FINAL_VINTAGE_ADJUSTED_DISCOVERY_ONLY,data/baskets/ohlcv/COCO.parquet,2026-08-31,OBSERVED,58.71500015258789,-0.07331124389233012,-0.07800040673290642,-0.10956933608303154,-0.1363686958680036,52555418.74144418
2026-08-31,CROX,FINAL_VINTAGE_ADJUSTED_DISCOVERY_ONLY,data/yahoo/CROX.parquet,2026-08-31,OBSERVED,120.37999725341797,-0.043388423739397775,-0.048077586579974074,-0.05960469948313696,-0.08640405926810901,120538787.80426753
2026-08-31,CSCO,FINAL_VINTAGE_ADJUSTED_DISCOVERY_ONLY,data/baskets/ohlcv/CSCO.parquet,2026-08-31,OBSERVED,110.06331634521484,0.0023586267436699337,-0.002330536096906366,-0.04741787537528064,-0.07421723516025269,2364609451.755633
2026-08-31,DRH,FINAL_VINTAGE_ADJUSTED_DISCOVERY_ONLY,data/baskets/ohlcv/DRH.parquet,2026-08-31,OBSERVED,12.201411247253418,-0.03375193914485575,-0.03844110198543205,-0.07024165956914918,-0.09704101935412124,32083974.654093243
2026-08-31,ETSY,FINAL_VINTAGE_ADJUSTED_DISCOVERY_ONLY,data/yahoo/ETSY.parquet,2026-08-31,OBSERVED,81.33000183105469,-0.06549462286788099,-0.07018378570845729,-0.004284995994287666,-0.03108435577925972,269651226.98749363
2026-08-31,FORM,FINAL_VINTAGE_ADJUSTED_DISCOVERY_ONLY,data/baskets/ohlcv/FORM.parquet,2026-08-31,OBSERVED,100.61000061035156,-0.06756256545352224,-0.07225172829409854,-0.05263650186934543,-0.07943586165431749,132794171.41963413
2026-08-31,GIII,FINAL_VINTAGE_ADJUSTED_DISCOVERY_ONLY,data/baskets/ohlcv/GIII.parquet,2026-08-31,OBSERVED,32.472896575927734,-0.0357987633187441,-0.0404879261593204,-0.10491615149196154,-0.1317155112769336,14761132.110632034
2026-08-31,HCSG,FINAL_VINTAGE_ADJUSTED_DISCOVERY_ONLY,data/baskets/ohlcv/HCSG.parquet,2026-08-31,OBSERVED,21.989999771118164,-0.03552629355468395,-0.04021545639526025,-0.05622315488571872,-0.08302251467069077,15504327.245694116
2026-08-31,HUBG,FINAL_VINTAGE_ADJUSTED_DISCOVERY_ONLY,data/baskets/ohlcv/HUBG.parquet,2026-08-31,OBSERVED,39.717681884765625,-0.008455659570302143,-0.013144822410878443,-0.1431335230905998,-0.16993288287557184,52978772.87873767
2026-08-31,IESC,FINAL_VINTAGE_ADJUSTED_DISCOVERY_ONLY,data/baskets/ohlcv/IESC.parquet,2026-08-31,OBSERVED,303.0,-0.06516103737923185,-0.06985020021980815,-0.18607459923697445,-0.2128739590219465,107168235.64932688
2026-08-31,INDV,FINAL_VINTAGE_ADJUSTED_DISCOVERY_ONLY,data/baskets/ohlcv/INDV.parquet,2026-08-31,OBSERVED,34.93000030517578,-0.03454947455655988,-0.03923863739713618,-0.126968213683313,-0.15376757346828507,97749517.77192979
2026-08-31,JBHT,FINAL_VINTAGE_ADJUSTED_DISCOVERY_ONLY,data/baskets/ohlcv/JBHT.parquet,2026-08-31,OBSERVED,265.4700012207031,0.021509913163235916,0.016820750322659617,-0.021461779968075412,-0.048261139753047466,205402841.57700312
2026-08-31,KEYS,FINAL_VINTAGE_ADJUSTED_DISCOVERY_ONLY,data/baskets/ohlcv/KEYS.parquet,2026-08-31,OBSERVED,322.70001220703125,0.038756223533742196,0.034067060693165896,0.01134519802903955,-0.015454161755932505,481400836.2272717
2026-08-31,KLIC,FINAL_VINTAGE_ADJUSTED_DISCOVERY_ONLY,data/baskets/ohlcv/KLIC.parquet,2026-08-31,OBSERVED,79.85368347167969,-0.04131249899245404,-0.04600166183303034,-0.10246638230627936,-0.1292657420912514,78384041.03989375
2026-08-31,KNX,FINAL_VINTAGE_ADJUSTED_DISCOVERY_ONLY,data/yahoo/KNX.parquet,2026-08-31,OBSERVED,68.31304931640625,-0.008825223730114962,-0.013514386570691261,-0.014669915619015983,-0.04146927540398804,195980012.91776386
2026-08-31,LFUS,FINAL_VINTAGE_ADJUSTED_DISCOVERY_ONLY,data/yahoo/LFUS.parquet,2026-08-31,OBSERVED,412.17999267578125,0.02184098387395994,0.01715182103338364,-0.06593911290068821,-0.09273847268566027,97309571.7382522
2026-08-31,LSCC,FINAL_VINTAGE_ADJUSTED_DISCOVERY_ONLY,data/yahoo/LSCC.parquet,2026-08-31,OBSERVED,115.33999633789062,0.010424833956238944,0.005735671115662644,-0.0718596648137435,-0.09865902459871556,213190333.6720058
2026-08-31,MEDP,FINAL_VINTAGE_ADJUSTED_DISCOVERY_ONLY,data/yahoo/MEDP.parquet,2026-08-31,OBSERVED,593.989990234375,-0.04199802885681181,-0.04668719169738811,0.029249199132344916,0.002449839347372862,123744290.80374582
2026-08-31,MGY,FINAL_VINTAGE_ADJUSTED_DISCOVERY_ONLY,data/baskets/ohlcv/MGY.parquet,2026-08-31,OBSERVED,26.850000381469727,-0.013592907465770576,-0.018282070306346876,0.05189027237476207,0.025090912589790015,89075482.99498785
2026-08-31,MPWR,FINAL_VINTAGE_ADJUSTED_DISCOVERY_ONLY,data/baskets/ohlcv/MPWR.parquet,2026-08-31,OBSERVED,1265.900146484375,-0.013431651610055328,-0.018120814450631628,-0.11097945204070225,-0.1377788118256743,864826475.3813244
2026-08-31,MRP,FINAL_VINTAGE_ADJUSTED_DISCOVERY_ONLY,data/yahoo/MRP.parquet,2026-08-31,OBSERVED,30.420000076293945,-0.0029498574864871285,-0.007639020327063428,0.08720516704706838,0.06040580726209632,29469345.557993934
2026-08-31,MSM,FINAL_VINTAGE_ADJUSTED_DISCOVERY_ONLY,data/baskets/ohlcv/MSM.parquet,2026-08-31,OBSERVED,118.87999725341797,-0.0031863564984546677,-0.007875519339030967,-0.036628883440597226,-0.06342824322556928,72129292.80424573
2026-08-31,NHC,FINAL_VINTAGE_ADJUSTED_DISCOVERY_ONLY,data/baskets/ohlcv/NHC.parquet,2026-08-31,OBSERVED,215.88279724121094,-0.05188724637416986,-0.05657640921474616,-0.04202987820224313,-0.06882923798721519,25668447.990708124
2026-08-31,PGNY,FINAL_VINTAGE_ADJUSTED_DISCOVERY_ONLY,data/baskets/ohlcv/PGNY.parquet,2026-08-31,OBSERVED,25.59000015258789,0.0055009581709839495,0.0008117953304076497,-0.17796335231389337,-0.20476271209886543,31637170.646967206
2026-08-31,PJT,FINAL_VINTAGE_ADJUSTED_DISCOVERY_ONLY,data/baskets/ohlcv/PJT.parquet,2026-08-31,OBSERVED,180.13925170898438,0.02256110474238726,0.01787194190181096,0.07177238084940485,0.044973021064432794,71810693.44773066
2026-08-31,PWR,FINAL_VINTAGE_ADJUSTED_DISCOVERY_ONLY,data/baskets/ohlcv/PWR.parquet,2026-08-31,OBSERVED,606.986083984375,-0.01571064712220227,-0.02039980996277857,-0.09031102196328378,-0.11711038174825583,714959598.5979353
2026-08-31,RL,FINAL_VINTAGE_ADJUSTED_DISCOVERY_ONLY,data/baskets/ohlcv/RL.parquet,2026-08-31,OBSERVED,345.9140930175781,-0.06450569537595685,-0.06919485821653315,-0.08792128141002742,-0.11472064119499947,243156136.09590077
2026-08-31,ROST,FINAL_VINTAGE_ADJUSTED_DISCOVERY_ONLY,data/baskets/ohlcv/ROST.parquet,2026-08-31,OBSERVED,228.09913635253906,-0.05374306157919084,-0.05843222441976714,-0.0897359969173781,-0.11653535670235016,661472925.5124047
2026-08-31,SEZL,FINAL_VINTAGE_ADJUSTED_DISCOVERY_ONLY,data/baskets/ohlcv/SEZL.parquet,2026-08-31,OBSERVED,120.55000305175781,0.022216592383634826,0.017527429543058526,-0.2210015957883179,-0.24780095557328996,105575339.78725615
2026-08-31,SHOO,FINAL_VINTAGE_ADJUSTED_DISCOVERY_ONLY,data/baskets/ohlcv/SHOO.parquet,2026-08-31,OBSERVED,42.961814880371094,-0.0594641704815988,-0.0641533333221751,-0.06293408386146793,-0.08973344364643998,41405855.26248387
2026-08-31,SNDK,FINAL_VINTAGE_ADJUSTED_DISCOVERY_ONLY,data/baskets/ohlcv/SNDK.parquet,2026-08-31,OBSERVED,1566.699951171875,0.049279332066618275,0.044590169226041976,0.2896454712558534,0.2628461114708813,21006470719.302803
2026-08-31,SNDR,FINAL_VINTAGE_ADJUSTED_DISCOVERY_ONLY,data/yahoo/SNDR.parquet,2026-08-31,OBSERVED,34.4085578918457,-0.00947195503396514,-0.01416111787454144,-0.03441529169820612,-0.06121465148317817,21145562.33687628
2026-08-31,SONO,FINAL_VINTAGE_ADJUSTED_DISCOVERY_ONLY,data/baskets/ohlcv/SONO.parquet,2026-08-31,OBSERVED,15.600000381469727,0.012329690846137442,0.007640528005561142,0.06412009166722821,0.03732073188225615,21929319.429297674
2026-08-31,TALO,FINAL_VINTAGE_ADJUSTED_DISCOVERY_ONLY,data/baskets/ohlcv/TALO.parquet,2026-08-31,OBSERVED,17.260000228881836,0.019492021131574777,0.014802858290998477,0.13702239011133988,0.11022303032636782,29634791.67694364
2026-08-31,TER,FINAL_VINTAGE_ADJUSTED_DISCOVERY_ONLY,data/baskets/ohlcv/TER.parquet,2026-08-31,OBSERVED,349.6956481933594,-0.04129905729803396,-0.04598822013861026,-0.04857362768020834,-0.0753729874651804,1003590168.8571022
2026-08-31,TPR,FINAL_VINTAGE_ADJUSTED_DISCOVERY_ONLY,data/baskets/ohlcv/TPR.parquet,2026-08-31,OBSERVED,122.92401885986328,-0.06635899352021646,-0.07104815636079276,-0.1901948922643717,-0.21699425204934375,488045557.0865813
2026-08-31,WDC,FINAL_VINTAGE_ADJUSTED_DISCOVERY_ONLY,data/baskets/ohlcv/WDC.parquet,2026-08-31,OBSERVED,450.4053955078125,0.034843051660382596,0.030153888819806296,-0.17306002357293326,-0.19985938335790532,3681808683.251372
2026-08-31,WRLD,FINAL_VINTAGE_ADJUSTED_DISCOVERY_ONLY,data/baskets/ohlcv/WRLD.parquet,2026-08-31,OBSERVED,183.80999755859375,-0.034154800501212446,-0.038843963341788745,0.02224570410049953,-0.004553655684472524,15779010.067894345
2026-08-31,YETI,FINAL_VINTAGE_ADJUSTED_DISCOVERY_ONLY,data/yahoo/YETI.parquet,2026-08-31,OBSERVED,41.04999923706055,-0.04712169237956698,-0.05181085522014328,-0.16121780978846356,-0.18801716957343562,89004371.53738113
2026-08-31,YOU,FINAL_VINTAGE_ADJUSTED_DISCOVERY_ONLY,data/baskets/ohlcv/YOU.parquet,2026-08-31,OBSERVED,43.99659729003906,-0.012304230443083486,-0.016993393283659786,-0.2007602775756021,-0.22755963736057416,88730842.6844279
2026-09-03,ALKS,FINAL_VINTAGE_ADJUSTED_DISCOVERY_ONLY,data/baskets/ohlcv/ALKS.parquet,2026-09-03,OBSERVED,46.880001068115234,-0.04130880152825034,-0.04399328849296369,-0.05502921807396011,-0.05942004621017005,63799505.708767116
2026-09-03,AMAT,FINAL_VINTAGE_ADJUSTED_DISCOVERY_ONLY,data/baskets/ohlcv/AMAT.parquet,2026-09-03,OBSERVED,435.9100036621094,-0.09629733622203052,-0.09898182318674387,-0.1831833042493296,-0.18757413238553955,3592854891.3667226
2026-09-03,AME,FINAL_VINTAGE_ADJUSTED_DISCOVERY_ONLY,data/baskets/ohlcv/AME.parquet,2026-09-03,OBSERVED,233.85919189453125,-0.03886405041942076,-0.04154853738413411,-0.08070338547672684,-0.08509421361293679,323092224.4734991
2026-09-03,AMG,FINAL_VINTAGE_ADJUSTED_DISCOVERY_ONLY,data/yahoo/AMG.parquet,2026-09-03,OBSERVED,366.17999267578125,-0.011606613536581767,-0.014291100501295118,-0.02510541329151983,-0.029496241427729775,96547075.26811872
2026-09-03,CARG,FINAL_VINTAGE_ADJUSTED_DISCOVERY_ONLY,data/baskets/ohlcv/CARG.parquet,2026-09-03,OBSERVED,34.22999954223633,-0.05858088647855608,-0.06126537344326943,-0.05987366971468766,-0.0642644978508976,31740579.3522971
2026-09-03,CFR,FINAL_VINTAGE_ADJUSTED_DISCOVERY_ONLY,data/baskets/ohlcv/CFR.parquet,2026-09-03,OBSERVED,162.72999572753906,0.014767146379677465,0.012082659414964114,-0.014186171173032447,-0.018576999309242392,78360917.45198567
2026-09-03,CL,FINAL_VINTAGE_ADJUSTED_DISCOVERY_ONLY,data/baskets/ohlcv/CL.parquet,2026-09-03,OBSERVED,90.08999633789062,-0.009564674091235181,-0.012249161055948532,-0.03419813982795916,-0.03858896796416911,364258495.8980742
2026-09-03,COCO,FINAL_VINTAGE_ADJUSTED_DISCOVERY_ONLY,data/baskets/ohlcv/COCO.parquet,2026-09-03,OBSERVED,55.08000183105469,-0.10627939515725959,-0.10896388212197294,-0.1505242914570073,-0.15491511959321724,54690221.293077014
2026-09-03,CROX,FINAL_VINTAGE_ADJUSTED_DISCOVERY_ONLY,data/yahoo/CROX.parquet,2026-09-03,OBSERVED,116.01000213623047,-0.046675981520426846,-0.049360468485140196,-0.1551849989177061,-0.15957582705391604,113880282.47023083
2026-09-03,DAVE,FINAL_VINTAGE_ADJUSTED_DISCOVERY_ONLY,data/baskets/ohlcv/DAVE.parquet,2026-09-03,OBSERVED,390.8599853515625,0.045052204876806945,0.042367717912093594,-0.0913613957038577,-0.09575222384006765,152318495.7178025
2026-09-03,DGII,FINAL_VINTAGE_ADJUSTED_DISCOVERY_ONLY,data/baskets/ohlcv/DGII.parquet,2026-09-03,OBSERVED,70.27999877929688,-0.09257583539656988,-0.09526032236128323,-0.03395190681378868,-0.038342734949998625,31191699.59724063
2026-09-03,DLTR,FINAL_VINTAGE_ADJUSTED_DISCOVERY_ONLY,data/baskets/ohlcv/DLTR.parquet,2026-09-03,OBSERVED,131.0399932861328,0.031810970756951384,0.029126483792238034,0.017707353809927495,0.01331652567371755,295053787.4983288
2026-09-03,DRH,FINAL_VINTAGE_ADJUSTED_DISCOVERY_ONLY,data/baskets/ohlcv/DRH.parquet,2026-09-03,OBSERVED,11.953617095947266,-0.04964527392041129,-0.05232976088512464,-0.09049769520182427,-0.09488852333803421,28845458.409186773
2026-09-03,ECG,FINAL_VINTAGE_ADJUSTED_DISCOVERY_ONLY,data/yahoo/ECG.parquet,2026-09-03,OBSERVED,115.05000305175781,-0.04948775461386434,-0.052172241578577694,-0.18259322876193385,-0.1869840568981438,67468228.96619524
2026-09-03,ETSY,FINAL_VINTAGE_ADJUSTED_DISCOVERY_ONLY,data/yahoo/ETSY.parquet,2026-09-03,OBSERVED,82.02999877929688,-0.01097183066460905,-0.013656317629322401,-0.044607521591293,-0.04899834972750294,261759253.37651572
2026-09-03,FBP,FINAL_VINTAGE_ADJUSTED_DISCOVERY_ONLY,data/baskets/ohlcv/FBP.parquet,2026-09-03,OBSERVED,28.450000762939453,0.026705222046775834,0.024020735082062483,-0.013638587934062696,-0.01802941607027264,30989606.20935531
2026-09-03,FORM,FINAL_VINTAGE_ADJUSTED_DISCOVERY_ONLY,data/baskets/ohlcv/FORM.parquet,2026-09-03,OBSERVED,96.76000213623047,-0.12219904572701668,-0.12488353269173003,-0.1544914359314874,-0.15888226406769734,118552948.75840686
2026-09-03,GWW,FINAL_VINTAGE_ADJUSTED_DISCOVERY_ONLY,data/baskets/ohlcv/GWW.parquet,2026-09-03,OBSERVED,1312.8399658203125,-0.006237313795134036,-0.008921800759847387,0.023604769303616102,0.019213941167406157,286399583.4588914
2026-09-03,HCSG,FINAL_VINTAGE_ADJUSTED_DISCOVERY_ONLY,data/baskets/ohlcv/HCSG.parquet,2026-09-03,OBSERVED,21.709999084472656,-0.0536181962053075,-0.05630268317002085,-0.04947465238905435,-0.0538654805252643,14856534.524118332
2026-09-03,HIG,FINAL_VINTAGE_ADJUSTED_DISCOVERY_ONLY,data/baskets/ohlcv/HIG.parquet,2026-09-03,OBSERVED,140.0,0.02042180438927388,0.017737317424560528,-0.020793035718326025,-0.02518386385453597,177505393.37049213
2026-09-03,HUBG,FINAL_VINTAGE_ADJUSTED_DISCOVERY_ONLY,data/baskets/ohlcv/HUBG.parquet,2026-09-03,OBSERVED,36.40040588378906,-0.0860429953494466,-0.08872748231415994,-0.2320302946553131,-0.23642112279152305,55602444.612557545
2026-09-03,IESC,FINAL_VINTAGE_ADJUSTED_DISCOVERY_ONLY,data/baskets/ohlcv/IESC.parquet,2026-09-03,OBSERVED,315.0899963378906,-0.055683808379945354,-0.058368295344658705,-0.19622977548330367,-0.20062060361951362,99673177.10004534
2026-09-03,JBHT,FINAL_VINTAGE_ADJUSTED_DISCOVERY_ONLY,data/baskets/ohlcv/JBHT.parquet,2026-09-03,OBSERVED,266.2799987792969,0.010972261551816187,0.008287774587102836,-0.021751943134795226,-0.026142771271005172,208797793.01917666
2026-09-03,KEYS,FINAL_VINTAGE_ADJUSTED_DISCOVERY_ONLY,data/baskets/ohlcv/KEYS.parquet,2026-09-03,OBSERVED,322.6199951171875,-0.009821411009444114,-0.012505897974157465,-0.039878561795736345,-0.04426938993194629,463755401.3661702
2026-09-03,KNX,FINAL_VINTAGE_ADJUSTED_DISCOVERY_ONLY,data/yahoo/KNX.parquet,2026-09-03,OBSERVED,69.37000274658203,0.009724262315435217,0.007039775350721866,-0.017511539759032524,-0.02190236789524247,192390270.37088305
2026-09-03,LFUS,FINAL_VINTAGE_ADJUSTED_DISCOVERY_ONLY,data/yahoo/LFUS.parquet,2026-09-03,OBSERVED,414.239990234375,-0.01671099640457896,-0.01939548336929231,-0.10000794979442917,-0.10439877793063912,87304162.56655738
2026-09-03,LRCX,FINAL_VINTAGE_ADJUSTED_DISCOVERY_ONLY,data/baskets/ohlcv/LRCX.parquet,2026-09-03,OBSERVED,292.34942626953125,-0.08136101980111332,-0.08404550676582667,-0.04801254594995907,-0.05240337408616902,2313776990.7395134
2026-09-03,LSCC,FINAL_VINTAGE_ADJUSTED_DISCOVERY_ONLY,data/yahoo/LSCC.parquet,2026-09-03,OBSERVED,113.62999725341797,-0.05677765334088569,-0.05946214030559904,-0.11441041683811148,-0.11880124497432143,176245649.14696103
2026-09-03,MEDP,FINAL_VINTAGE_ADJUSTED_DISCOVERY_ONLY,data/yahoo/MEDP.parquet,2026-09-03,OBSERVED,593.3900146484375,-0.029726756476046834,-0.032411243440760185,0.009595941554125798,0.005205113417915852,118610337.73832776
2026-09-03,MGY,FINAL_VINTAGE_ADJUSTED_DISCOVERY_ONLY,data/baskets/ohlcv/MGY.parquet,2026-09-03,OBSERVED,27.209999084472656,0.02101311346935275,0.0183286265046394,0.15542580232570957,0.15103497418949963,88658160.8951387
2026-09-03,MRP,FINAL_VINTAGE_ADJUSTED_DISCOVERY_ONLY,data/yahoo/MRP.parquet,2026-09-03,OBSERVED,31.719999313354492,0.039999977487032545,0.037315490522319195,0.08111789871809783,0.07672707058188788,28668858.03781237
2026-09-03,MSM,FINAL_VINTAGE_ADJUSTED_DISCOVERY_ONLY,data/baskets/ohlcv/MSM.parquet,2026-09-03,OBSERVED,117.88999938964844,-0.03376774587694731,-0.03645223284166066,-0.061161107938525694,-0.06555193607473564,71130458.04465158
2026-09-03,MXL,FINAL_VINTAGE_ADJUSTED_DISCOVERY_ONLY,data/baskets/ohlcv/MXL.parquet,2026-09-03,OBSERVED,59.45000076293945,-0.06259851025902163,-0.06528299722373498,-0.11873700608123594,-0.12312783421744589,149803153.2399677
2026-09-03,NBTB,FINAL_VINTAGE_ADJUSTED_DISCOVERY_ONLY,data/baskets/ohlcv/NBTB.parquet,2026-09-03,OBSERVED,51.630001068115234,0.011759347330694503,0.009074860365981152,-0.02227017182102775,-0.026660999957237697,12795151.841045562
2026-09-03,PGNY,FINAL_VINTAGE_ADJUSTED_DISCOVERY_ONLY,data/baskets/ohlcv/PGNY.parquet,2026-09-03,OBSERVED,26.610000610351562,0.029002319501097773,0.026317832536384422,-0.15173733189476568,-0.15612816003097563,31312576.763216656
2026-09-03,PJT,FINAL_VINTAGE_ADJUSTED_DISCOVERY_ONLY,data/baskets/ohlcv/PJT.parquet,2026-09-03,OBSERVED,185.82000732421875,0.04152394558304873,0.038839458618335376,0.06935619539294957,0.06496536725673963,71466808.14891997
2026-09-03,RL,FINAL_VINTAGE_ADJUSTED_DISCOVERY_ONLY,data/baskets/ohlcv/RL.parquet,2026-09-03,OBSERVED,343.2217712402344,-0.021881172386808534,-0.024565659351521885,-0.0960659099945611,-0.10045673813077105,236036649.59774926
2026-09-03,ROST,FINAL_VINTAGE_ADJUSTED_DISCOVERY_ONLY,data/baskets/ohlcv/ROST.parquet,2026-09-03,OBSERVED,231.22311401367188,0.007830563259442425,0.005146076294729074,-0.08510383436251401,-0.08949466249872395,649752336.1058553
2026-09-03,SEZL,FINAL_VINTAGE_ADJUSTED_DISCOVERY_ONLY,data/baskets/ohlcv/SEZL.parquet,2026-09-03,OBSERVED,122.95999908447266,-0.02257554768195591,-0.02526003464666926,-0.2949541090153024,-0.29934493715151234,101247177.82709031
2026-09-03,SNDK,FINAL_VINTAGE_ADJUSTED_DISCOVERY_ONLY,data/baskets/ohlcv/SNDK.parquet,2026-09-03,OBSERVED,1554.989990234375,0.047166599121557296,0.044482112156843945,0.15141798610468338,0.14702715796847343,20213244082.513718
2026-09-03,TALO,FINAL_VINTAGE_ADJUSTED_DISCOVERY_ONLY,data/baskets/ohlcv/TALO.parquet,2026-09-03,OBSERVED,17.290000915527344,0.03347288634869616,0.030788399383982812,0.21932302844989326,0.21493220031368332,28789574.066938672
2026-09-03,TER,FINAL_VINTAGE_ADJUSTED_DISCOVERY_ONLY,data/baskets/ohlcv/TER.parquet,2026-09-03,OBSERVED,338.4599914550781,-0.08995862059684834,-0.09264310756156169,-0.1304605157984553,-0.13485134393466525,916053762.8086635
2026-09-03,TPR,FINAL_VINTAGE_ADJUSTED_DISCOVERY_ONLY,data/baskets/ohlcv/TPR.parquet,2026-09-03,OBSERVED,122.13700103759766,-0.005193101549746393,-0.007877588514459744,-0.2297060171090889,-0.23409684524529883,501224130.9481303
2026-09-03,VSTS,FINAL_VINTAGE_ADJUSTED_DISCOVERY_ONLY,data/baskets/ohlcv/VSTS.parquet,2026-09-03,OBSERVED,12.539999961853027,-0.016470591227213505,-0.019155078191926855,-0.09978465993330166,-0.1041754880695116,18361837.768200465
2026-09-03,VSXY,FINAL_VINTAGE_ADJUSTED_DISCOVERY_ONLY,data/baskets/ohlcv/VSXY.parquet,2026-09-03,OBSERVED,73.63999938964844,-0.1791327595454817,-0.18181724651019504,-0.18050301703241511,-0.18489384516862506,155065585.01953852
2026-09-03,WRLD,FINAL_VINTAGE_ADJUSTED_DISCOVERY_ONLY,data/baskets/ohlcv/WRLD.parquet,2026-09-03,OBSERVED,191.67999267578125,0.008576635610889838,0.005892148646176487,-0.004311473974018654,-0.008702302110228599,14101776.63835798
2026-09-03,YETI,FINAL_VINTAGE_ADJUSTED_DISCOVERY_ONLY,data/yahoo/YETI.parquet,2026-09-03,OBSERVED,41.43000030517578,-0.009799231498969108,-0.012483718463682458,-0.21100739612504915,-0.2153982242612591,89115589.74876404
2026-09-03,YOU,FINAL_VINTAGE_ADJUSTED_DISCOVERY_ONLY,data/baskets/ohlcv/YOU.parquet,2026-09-03,OBSERVED,44.43506622314453,0.010423726336219019,0.007739239371505668,-0.21023731216213903,-0.21462814029834898,81604937.15487888
2026-09-04,ALKS,FINAL_VINTAGE_ADJUSTED_DISCOVERY_ONLY,data/baskets/ohlcv/ALKS.parquet,2026-09-04,OBSERVED,46.099998474121094,-0.027631330468407933,-0.02872320343894108,-0.046929925736825306,-0.04905079354752917,62521078.711264476
2026-09-04,AMAT,FINAL_VINTAGE_ADJUSTED_DISCOVERY_ONLY,data/baskets/ohlcv/AMAT.parquet,2026-09-04,OBSERVED,454.7099914550781,-0.015075750579901404,-0.01616762355043455,-0.13703606660071044,-0.1391569344114143,3618264701.549421
2026-09-04,AME,FINAL_VINTAGE_ADJUSTED_DISCOVERY_ONLY,data/baskets/ohlcv/AME.parquet,2026-09-04,OBSERVED,237.3740692138672,0.006222174789057178,0.00513030181852403,-0.054340098673186565,-0.05646096648389043,327713146.77254814
2026-09-04,AMG,FINAL_VINTAGE_ADJUSTED_DISCOVERY_ONLY,data/yahoo/AMG.parquet,2026-09-04,OBSERVED,370.2200012207031,-0.0017526192602316248,-0.0028444922307647724,-0.0052393289722961756,-0.007360196783000039,98766309.0523856
2026-09-04,BAC,FINAL_VINTAGE_ADJUSTED_DISCOVERY_ONLY,data/baskets/ohlcv/BAC.parquet,2026-09-04,OBSERVED,62.68000030517578,0.010908160670008327,0.009816287699475179,-3.225563209197091e-06,-0.0021240933739130607,1797161262.4681745
2026-09-04,BJ,FINAL_VINTAGE_ADJUSTED_DISCOVERY_ONLY,data/baskets/ohlcv/BJ.parquet,2026-09-04,OBSERVED,93.19000244140625,0.02858724073847485,0.027495367767941703,-0.04105780871825149,-0.04317867652895535,181405785.6911432
2026-09-04,CARG,FINAL_VINTAGE_ADJUSTED_DISCOVERY_ONLY,data/baskets/ohlcv/CARG.parquet,2026-09-04,OBSERVED,33.7400016784668,-0.07713346796765641,-0.07822534093818956,-0.07256732578719549,-0.07468819359789935,31197366.511462983
2026-09-04,CFR,FINAL_VINTAGE_ADJUSTED_DISCOVERY_ONLY,data/baskets/ohlcv/CFR.parquet,2026-09-04,OBSERVED,162.6199951171875,0.012199622870669558,0.01110774990013641,-0.006660870498897964,-0.008781738309601828,77976419.95558965
2026-09-04,CL,FINAL_VINTAGE_ADJUSTED_DISCOVERY_ONLY,data/baskets/ohlcv/CL.parquet,2026-09-04,OBSERVED,88.7699966430664,-0.021818218809185552,-0.0229100917797187,-0.04548390706380212,-0.047604774874505984,360838260.0997198
2026-09-04,CNK,FINAL_VINTAGE_ADJUSTED_DISCOVERY_ONLY,data/baskets/ohlcv/CNK.parquet,2026-09-04,OBSERVED,35.040000915527344,-0.026396241140156707,-0.027488114110689854,-0.07445257533811778,-0.07657344314882164,78235278.49324544
2026-09-04,COCO,FINAL_VINTAGE_ADJUSTED_DISCOVERY_ONLY,data/baskets/ohlcv/COCO.parquet,2026-09-04,OBSERVED,55.130001068115234,-0.10662774451430945,-0.1077196174848426,-0.14020588417622948,-0.14232675198693334,56463806.072780065
2026-09-04,CROX,FINAL_VINTAGE_ADJUSTED_DISCOVERY_ONLY,data/yahoo/CROX.parquet,2026-09-04,OBSERVED,117.52999877929688,-0.038452134897778434,-0.03954400786831158,-0.12408700853573384,-0.1262078763464377,113750764.77701096
2026-09-04,DGII,FINAL_VINTAGE_ADJUSTED_DISCOVERY_ONLY,data/baskets/ohlcv/DGII.parquet,2026-09-04,OBSERVED,69.36000061035156,-0.08459807729582913,-0.08568995026636228,-0.16443803366583987,-0.16655890147654373,28852336.237916492
2026-09-04,DLTR,FINAL_VINTAGE_ADJUSTED_DISCOVERY_ONLY,data/baskets/ohlcv/DLTR.parquet,2026-09-04,OBSERVED,131.4199981689453,0.024637484776603102,0.023545611806069955,0.013417686547178675,0.011296818736474812,294768084.31280226
2026-09-04,ETSY,FINAL_VINTAGE_ADJUSTED_DISCOVERY_ONLY,data/yahoo/ETSY.parquet,2026-09-04,OBSERVED,76.51000213623047,-0.08469906103406366,-0.08579093400459681,-0.06990031425573573,-0.07202118206643959,245048559.63109335
2026-09-04,FORM,FINAL_VINTAGE_ADJUSTED_DISCOVERY_ONLY,data/baskets/ohlcv/FORM.parquet,2026-09-04,OBSERVED,103.9000015258789,0.021632297381054544,0.020540424410521396,-0.09816854134597464,-0.1002894091566785,118186659.0749468
2026-09-04,HIG,FINAL_VINTAGE_ADJUSTED_DISCOVERY_ONLY,data/baskets/ohlcv/HIG.parquet,2026-09-04,OBSERVED,138.3699951171875,0.0030817370466384997,0.001989864076105352,-0.03828811726581682,-0.04040898507652069,179875743.67683047
2026-09-04,HUBG,FINAL_VINTAGE_ADJUSTED_DISCOVERY_ONLY,data/baskets/ohlcv/HUBG.parquet,2026-09-04,OBSERVED,36.53987121582031,-0.07397125404684679,-0.07506312701737994,-0.20657580596223568,-0.20869667377293954,55713640.48520043
2026-09-04,IESC,FINAL_VINTAGE_ADJUSTED_DISCOVERY_ONLY,data/baskets/ohlcv/IESC.parquet,2026-09-04,OBSERVED,322.57000732421875,0.04122020669601789,0.040128333725484744,-0.16044399516217567,-0.16256486297287953,99191194.153268
2026-09-04,JBHT,FINAL_VINTAGE_ADJUSTED_DISCOVERY_ONLY,data/baskets/ohlcv/JBHT.parquet,2026-09-04,OBSERVED,273.7699890136719,0.04880661339291792,0.04771474042238477,0.026124443551742926,0.024003575741039063,213748419.52238536
2026-09-04,KEYS,FINAL_VINTAGE_ADJUSTED_DISCOVERY_ONLY,data/baskets/ohlcv/KEYS.parquet,2026-09-04,OBSERVED,327.2099914550781,0.02262709068585811,0.02153521771532496,-0.028935185918948503,-0.031056053729652366,458456642.35055107
2026-09-04,KLIC,FINAL_VINTAGE_ADJUSTED_DISCOVERY_ONLY,data/baskets/ohlcv/KLIC.parquet,2026-09-04,OBSERVED,81.40966796875,0.007281330232784766,0.006189457262251619,-0.09971317960592674,-0.1018340474166306,65160142.71876017
2026-09-04,LFUS,FINAL_VINTAGE_ADJUSTED_DISCOVERY_ONLY,data/yahoo/LFUS.parquet,2026-09-04,OBSERVED,419.07000732421875,0.03366877175370986,0.03257689878317671,-0.08570752491551237,-0.08782839272621623,86551166.17664155
2026-09-04,LSCC,FINAL_VINTAGE_ADJUSTED_DISCOVERY_ONLY,data/yahoo/LSCC.parquet,2026-09-04,OBSERVED,115.9000015258789,0.013111887937000466,0.012020014966467318,-0.09945606624614689,-0.10157693405685075,167608566.68762934
2026-09-04,MEDP,FINAL_VINTAGE_ADJUSTED_DISCOVERY_ONLY,data/yahoo/MEDP.parquet,2026-09-04,OBSERVED,591.2899780273438,-0.015583194882659912,-0.01667506785319306,0.010734804801433517,0.008613936990729654,118590045.56361607
2026-09-04,MSM,FINAL_VINTAGE_ADJUSTED_DISCOVERY_ONLY,data/baskets/ohlcv/MSM.parquet,2026-09-04,OBSERVED,121.41000366210938,0.018540325255434364,0.017448452284901217,-0.020175933549459457,-0.02229680136016332,70746516.41576858
2026-09-04,NBTB,FINAL_VINTAGE_ADJUSTED_DISCOVERY_ONLY,data/baskets/ohlcv/NBTB.parquet,2026-09-04,OBSERVED,52.27000045776367,0.021916634348617237,0.02082476137808409,-0.004350775892969616,-0.00647164370367348,12663441.865848359
2026-09-04,NVDA,FINAL_VINTAGE_ADJUSTED_DISCOVERY_ONLY,data/baskets/ohlcv/NVDA.parquet,2026-09-04,OBSERVED,230.10252380371094,0.05888302859665484,0.05779115562612169,0.05192014502547759,0.04979927721477373,28150347384.06372
2026-09-04,PGNY,FINAL_VINTAGE_ADJUSTED_DISCOVERY_ONLY,data/baskets/ohlcv/PGNY.parquet,2026-09-04,OBSERVED,25.940000534057617,-0.0023076717670147406,-0.0033995447375478882,-0.14134388215224192,-0.14346474996294578,29933417.68098559
2026-09-04,PJT,FINAL_VINTAGE_ADJUSTED_DISCOVERY_ONLY,data/baskets/ohlcv/PJT.parquet,2026-09-04,OBSERVED,182.72999572753906,0.0010084986385059391,-8.337433202720845e-05,0.05924370093529707,0.05712283312459321,69646308.85133289
2026-09-04,PWR,FINAL_VINTAGE_ADJUSTED_DISCOVERY_ONLY,data/baskets/ohlcv/PWR.parquet,2026-09-04,OBSERVED,624.3031005859375,0.036021159639568534,0.034929286669035386,-0.06503060598254962,-0.06715147379325348,678481532.7924455
2026-09-04,RL,FINAL_VINTAGE_ADJUSTED_DISCOVERY_ONLY,data/baskets/ohlcv/RL.parquet,2026-09-04,OBSERVED,350.2018737792969,-0.008021723668273029,-0.009113596638806176,-0.11275038670313364,-0.1148712545138375,223673036.71715146
2026-09-04,ROST,FINAL_VINTAGE_ADJUSTED_DISCOVERY_ONLY,data/baskets/ohlcv/ROST.parquet,2026-09-04,OBSERVED,230.24501037597656,0.009363410875114386,0.008271537904581239,-0.09287874923103212,-0.09499961704173598,646931057.0963541
2026-09-04,SEZL,FINAL_VINTAGE_ADJUSTED_DISCOVERY_ONLY,data/baskets/ohlcv/SEZL.parquet,2026-09-04,OBSERVED,120.58000183105469,-0.02852079308083022,-0.029612666051363368,-0.3245952912366362,-0.3267161590473401,92893887.01695034
2026-09-04,SNDK,FINAL_VINTAGE_ADJUSTED_DISCOVERY_ONLY,data/baskets/ohlcv/SNDK.parquet,2026-09-04,OBSERVED,1740.0,0.17173296804361637,0.17064109507308323,0.3825104965555275,0.3803896287448236,20436703532.80262
2026-09-04,SONO,FINAL_VINTAGE_ADJUSTED_DISCOVERY_ONLY,data/baskets/ohlcv/SONO.parquet,2026-09-04,OBSERVED,15.359999656677246,0.0039215336728373185,0.002829660702304171,-0.005825252666599945,-0.007946120477303809,21366017.852379028
2026-09-04,TALO,FINAL_VINTAGE_ADJUSTED_DISCOVERY_ONLY,data/baskets/ohlcv/TALO.parquet,2026-09-04,OBSERVED,16.84000015258789,0.010197964937966653,0.009106091967433505,0.19602274459070923,0.19390187678000537,28322534.656075068
2026-09-04,TER,FINAL_VINTAGE_ADJUSTED_DISCOVERY_ONLY,data/baskets/ohlcv/TER.parquet,2026-09-04,OBSERVED,357.0299987792969,0.006189629120223472,0.0050977561496903245,-0.07202801756737576,-0.07414888537807962,906067017.5590879
2026-09-04,TPR,FINAL_VINTAGE_ADJUSTED_DISCOVERY_ONLY,data/baskets/ohlcv/TPR.parquet,2026-09-04,OBSERVED,122.13999938964844,-0.02300570702939342,-0.024097579999926566,-0.24319133176977625,-0.24531219958048012,502666958.66121566
2026-09-04,VRSK,FINAL_VINTAGE_ADJUSTED_DISCOVERY_ONLY,data/baskets/ohlcv/VRSK.parquet,2026-09-04,OBSERVED,185.29330444335938,-0.03118322291578912,-0.03227509588632227,-0.02086958526991678,-0.022990453080620643,222245349.7586205
2026-09-04,VSTS,FINAL_VINTAGE_ADJUSTED_DISCOVERY_ONLY,data/baskets/ohlcv/VSTS.parquet,2026-09-04,OBSERVED,13.260000228881836,0.06250005731216057,0.061408184341627425,-0.0425992878222059,-0.044720155632909764,18447968.048041206
2026-09-04,VSXY,FINAL_VINTAGE_ADJUSTED_DISCOVERY_ONLY,data/baskets/ohlcv/VSXY.parquet,2026-09-04,OBSERVED,75.55999755859375,-0.13989756549794063,-0.14098943846847378,-0.1920444795675066,-0.19416534737821045,159380305.29410952
2026-09-04,WRLD,FINAL_VINTAGE_ADJUSTED_DISCOVERY_ONLY,data/baskets/ohlcv/WRLD.parquet,2026-09-04,OBSERVED,190.5399932861328,0.011627221192727744,0.010535348222194596,0.0026837578809240092,0.0005628900702201456,13767330.474199567
2026-09-04,YETI,FINAL_VINTAGE_ADJUSTED_DISCOVERY_ONLY,data/yahoo/YETI.parquet,2026-09-04,OBSERVED,40.81999969482422,-0.01804185724094154,-0.019133730211474687,-0.2131842934769781,-0.21530516128768196,88524029.47580247
2026-09-04,YOU,FINAL_VINTAGE_ADJUSTED_DISCOVERY_ONLY,data/baskets/ohlcv/YOU.parquet,2026-09-04,OBSERVED,44.17597198486328,0.020723106504820787,0.01963123353428764,-0.16390034468590164,-0.1660212124966055,79245463.57276553
2026-09-08,ALKS,FINAL_VINTAGE_ADJUSTED_DISCOVERY_ONLY,data/baskets/ohlcv/ALKS.parquet,2026-09-08,OBSERVED,45.4900016784668,-0.031921684324760835,-0.0305006814815586,-0.0748423149790296,-0.06540175968855366,62856672.8212629
2026-09-08,AMAT,FINAL_VINTAGE_ADJUSTED_DISCOVERY_ONLY,data/baskets/ohlcv/AMAT.parquet,2026-09-08,OBSERVED,472.7900085449219,0.0314142835496285,0.03283528639283073,-0.12212870027601375,-0.11268814498553781,3643388139.3572125
2026-09-08,AME,FINAL_VINTAGE_ADJUSTED_DISCOVERY_ONLY,data/baskets/ohlcv/AME.parquet,2026-09-08,OBSERVED,237.41400146484375,0.011013294434521148,0.012434297277723383,-0.06268238689790895,-0.05324183160743301,328124952.27755594
2026-09-08,AMG,FINAL_VINTAGE_ADJUSTED_DISCOVERY_ONLY,data/yahoo/AMG.parquet,2026-09-08,OBSERVED,360.2200012207031,-0.0216464357202949,-0.020225432877092664,-0.025616059828948323,-0.016175504538472385,100313398.2375372
2026-09-08,BAC,FINAL_VINTAGE_ADJUSTED_DISCOVERY_ONLY,data/baskets/ohlcv/BAC.parquet,2026-09-08,OBSERVED,62.38999938964844,0.012404257415887354,0.013825260259089589,-0.007308515344167654,0.002132039946308284,1813652901.8368676
2026-09-08,CARG,FINAL_VINTAGE_ADJUSTED_DISCOVERY_ONLY,data/baskets/ohlcv/CARG.parquet,2026-09-08,OBSERVED,32.77000045776367,-0.08104316887309715,-0.07962216602989491,-0.15942029127319401,-0.14997973598271808,28576568.229929607
2026-09-08,CFR,FINAL_VINTAGE_ADJUSTED_DISCOVERY_ONLY,data/baskets/ohlcv/CFR.parquet,2026-09-08,OBSERVED,163.61000061035156,0.017032421062536107,0.018453423905738342,0.0009660196880190153,0.010406574978494953,77059412.03446162
2026-09-08,CIEN,FINAL_VINTAGE_ADJUSTED_DISCOVERY_ONLY,data/baskets/ohlcv/CIEN.parquet,2026-09-08,OBSERVED,341.2900085449219,-0.10843777578827118,-0.10701677294506895,-0.1724096209364535,-0.16296906564597757,917452506.4303443
2026-09-08,CL,FINAL_VINTAGE_ADJUSTED_DISCOVERY_ONLY,data/baskets/ohlcv/CL.parquet,2026-09-08,OBSERVED,88.41000366210938,-0.015698018676302605,-0.01427701583310037,-0.05210671336845507,-0.04266615807797913,361611551.4172145
2026-09-08,COCO,FINAL_VINTAGE_ADJUSTED_DISCOVERY_ONLY,data/baskets/ohlcv/COCO.parquet,2026-09-08,OBSERVED,53.27000045776367,-0.092736092662417,-0.09131508981921477,-0.14425702075881652,-0.13481646546834058,57211589.384187974
2026-09-08,CTS,FINAL_VINTAGE_ADJUSTED_DISCOVERY_ONLY,data/baskets/ohlcv/CTS.parquet,2026-09-08,OBSERVED,56.69191360473633,0.004604236246152249,0.006025239089354484,-0.1434395753072223,-0.13399902001674635,9007186.251558576
2026-09-08,DGII,FINAL_VINTAGE_ADJUSTED_DISCOVERY_ONLY,data/baskets/ohlcv/DGII.parquet,2026-09-08,OBSERVED,69.91000366210938,-0.067120344481303,-0.06569934163810076,-0.1443083687457406,-0.13486781345526466,27451521.781667072
2026-09-08,DLTR,FINAL_VINTAGE_ADJUSTED_DISCOVERY_ONLY,data/baskets/ohlcv/DLTR.parquet,2026-09-08,OBSERVED,124.04000091552734,-0.020143735651566796,-0.01872273280836456,-0.05240636593445458,-0.04296581064397864,301427379.57756406
2026-09-08,DORM,FINAL_VINTAGE_ADJUSTED_DISCOVERY_ONLY,data/baskets/ohlcv/DORM.parquet,2026-09-08,OBSERVED,128.77999877929688,-0.0005433241824025492,0.0008776786607996856,-0.0860833480062867,-0.07664279271581076,22220261.38948713
2026-09-08,ETSY,FINAL_VINTAGE_ADJUSTED_DISCOVERY_ONLY,data/yahoo/ETSY.parquet,2026-09-08,OBSERVED,72.81999969482422,-0.1046354597889736,-0.10321445694577136,-0.14880190418265604,-0.1393613488921801,240181339.01588804
2026-09-08,FORM,FINAL_VINTAGE_ADJUSTED_DISCOVERY_ONLY,data/baskets/ohlcv/FORM.parquet,2026-09-08,OBSERVED,109.86000061035156,0.09193917049880507,0.0933601733420073,-0.06414514710322827,-0.054704591812752335,121205572.41657802
2026-09-08,GOLF,FINAL_VINTAGE_ADJUSTED_DISCOVERY_ONLY,data/baskets/ohlcv/GOLF.parquet,2026-09-08,OBSERVED,85.79000091552734,-0.004012147425802248,-0.0025911445826000135,-0.07767835128462008,-0.06823779599414415,34959843.83661179
2026-09-08,HIG,FINAL_VINTAGE_ADJUSTED_DISCOVERY_ONLY,data/baskets/ohlcv/HIG.parquet,2026-09-08,OBSERVED,135.66000366210938,-0.008188296002215045,-0.0067672931590128105,-0.0490291621969311,-0.03958860690645516,177086994.19868106
2026-09-08,HUBG,FINAL_VINTAGE_ADJUSTED_DISCOVERY_ONLY,data/baskets/ohlcv/HUBG.parquet,2026-09-08,OBSERVED,35.9222412109375,-0.09556047819809765,-0.09413947535489542,-0.24560666905238515,-0.2361661137619092,55479712.31600443
2026-09-08,IESC,FINAL_VINTAGE_ADJUSTED_DISCOVERY_ONLY,data/baskets/ohlcv/IESC.parquet,2026-09-08,OBSERVED,342.79998779296875,0.13135309502629955,0.13277409786950178,-0.10110008281690475,-0.09165952752642881,99145030.72989328
2026-09-08,JBHT,FINAL_VINTAGE_ADJUSTED_DISCOVERY_ONLY,data/baskets/ohlcv/JBHT.parquet,2026-09-08,OBSERVED,274.7799987792969,0.035069866711055386,0.03649086955425762,0.023313012147137657,0.032753567437613595,219229013.77752393
2026-09-08,KEYS,FINAL_VINTAGE_ADJUSTED_DISCOVERY_ONLY,data/baskets/ohlcv/KEYS.parquet,2026-09-08,OBSERVED,333.4200134277344,0.03321971123392964,0.03464071407713187,-0.02214267462222219,-0.012702119331746253,460817652.7151925
2026-09-08,KLIC,FINAL_VINTAGE_ADJUSTED_DISCOVERY_ONLY,data/baskets/ohlcv/KLIC.parquet,2026-09-08,OBSERVED,82.85592651367188,0.03759680094227513,0.03901780378547737,-0.0902420321039642,-0.08080147681348826,62719374.8928615
2026-09-08,LFUS,FINAL_VINTAGE_ADJUSTED_DISCOVERY_ONLY,data/yahoo/LFUS.parquet,2026-09-08,OBSERVED,422.95001220703125,0.02612940880835435,0.027550411651556583,-0.07180554351901247,-0.06236498822853653,86396884.67843191
2026-09-08,LSCC,FINAL_VINTAGE_ADJUSTED_DISCOVERY_ONLY,data/yahoo/LSCC.parquet,2026-09-08,OBSERVED,117.48999786376953,0.01864055483043736,0.020061557673639596,-0.09643929118858019,-0.08699873589810425,164313623.7642924
2026-09-08,MEDP,FINAL_VINTAGE_ADJUSTED_DISCOVERY_ONLY,data/yahoo/MEDP.parquet,2026-09-08,OBSERVED,590.8900146484375,-0.005218902063845121,-0.0037978992206428863,0.00037251213816080764,0.009813067428636746,119961777.85150437
2026-09-08,MGY,FINAL_VINTAGE_ADJUSTED_DISCOVERY_ONLY,data/baskets/ohlcv/MGY.parquet,2026-09-08,OBSERVED,27.420000076293945,0.02122903861176839,0.022650041454970626,0.1012048392116569,0.11064539450213284,86244579.34494019
2026-09-08,MSM,FINAL_VINTAGE_ADJUSTED_DISCOVERY_ONLY,data/baskets/ohlcv/MSM.parquet,2026-09-08,OBSERVED,120.37999725341797,0.012617766105785133,0.014038768948987368,-0.020663854160136608,-0.01122329886966067,69152799.6519543
2026-09-08,NBTB,FINAL_VINTAGE_ADJUSTED_DISCOVERY_ONLY,data/baskets/ohlcv/NBTB.parquet,2026-09-08,OBSERVED,51.41999816894531,0.007840017788960596,0.00926102063216283,-0.015891884401659118,-0.006451329111183179,12578993.273181006
2026-09-08,NVDA,FINAL_VINTAGE_ADJUSTED_DISCOVERY_ONLY,data/baskets/ohlcv/NVDA.parquet,2026-09-08,OBSERVED,225.47769165039062,0.022420466639627046,0.02384146948282928,0.007903123912508692,0.01734367920298463,28344953637.258186
2026-09-08,PGNY,FINAL_VINTAGE_ADJUSTED_DISCOVERY_ONLY,data/baskets/ohlcv/PGNY.parquet,2026-09-08,OBSERVED,27.149999618530273,0.060961291779618065,0.0623822946228203,-0.03380785587340851,-0.02436730058293257,27989843.302654084
2026-09-08,PJT,FINAL_VINTAGE_ADJUSTED_DISCOVERY_ONLY,data/baskets/ohlcv/PJT.parquet,2026-09-08,OBSERVED,182.1300048828125,0.011051190425972246,0.01247219326917448,0.0644539190814788,0.07389447437195473,69705209.19073196
2026-09-08,PWR,FINAL_VINTAGE_ADJUSTED_DISCOVERY_ONLY,data/baskets/ohlcv/PWR.parquet,2026-09-08,OBSERVED,638.9406127929688,0.05264458222639634,0.054065585069598576,-0.04883457645783573,-0.039394021167359794,679792532.1649461
2026-09-08,RL,FINAL_VINTAGE_ADJUSTED_DISCOVERY_ONLY,data/baskets/ohlcv/RL.parquet,2026-09-08,OBSERVED,346.2431640625,0.0009513085808421362,0.002372311424044371,-0.12211460758105996,-0.11267405229058403,225439007.83705938
2026-09-08,ROST,FINAL_VINTAGE_ADJUSTED_DISCOVERY_ONLY,data/baskets/ohlcv/ROST.parquet,2026-09-08,OBSERVED,229.30999755859375,0.005308486587968675,0.00672948943117091,-0.09981900012860534,-0.0903784448381294,660711303.0811129
2026-09-08,SEZL,FINAL_VINTAGE_ADJUSTED_DISCOVERY_ONLY,data/baskets/ohlcv/SEZL.parquet,2026-09-08,OBSERVED,118.3499984741211,-0.018249726436689984,-0.01682872359348775,0.0027961518424095555,0.012236707132885494,71042686.52652559
2026-09-08,SNDK,FINAL_VINTAGE_ADJUSTED_DISCOVERY_ONLY,data/baskets/ohlcv/SNDK.parquet,2026-09-08,OBSERVED,1737.989990234375,0.10933174468689866,0.11075274753010089,0.4337367669295893,0.44317732222006523,20558139359.54997
2026-09-08,SONO,FINAL_VINTAGE_ADJUSTED_DISCOVERY_ONLY,data/baskets/ohlcv/SONO.parquet,2026-09-08,OBSERVED,14.489999771118164,-0.07115388353900709,-0.06973288069580486,-0.07352944673658934,-0.0640888914461134,22118098.0927649
2026-09-08,TALO,FINAL_VINTAGE_ADJUSTED_DISCOVERY_ONLY,data/baskets/ohlcv/TALO.parquet,2026-09-08,OBSERVED,17.15999984741211,-0.005793764782366151,-0.004372761939163916,0.1933240410881092,0.20276459637858513,28489902.16009049
2026-09-08,TER,FINAL_VINTAGE_ADJUSTED_DISCOVERY_ONLY,data/baskets/ohlcv/TER.parquet,2026-09-08,OBSERVED,372.05999755859375,0.06395375373063916,0.0653747565738414,-0.018736913916083897,-0.009296358625607959,888013709.0472994
2026-09-08,TILE,FINAL_VINTAGE_ADJUSTED_DISCOVERY_ONLY,data/baskets/ohlcv/TILE.parquet,2026-09-08,OBSERVED,35.43000030517578,-0.06489359720628796,-0.06347259436308572,-0.07392968485382556,-0.06448912956334962,19139887.45560419
2026-09-08,TPR,FINAL_VINTAGE_ADJUSTED_DISCOVERY_ONLY,data/baskets/ohlcv/TPR.parquet,2026-09-08,OBSERVED,117.58000183105469,-0.04347414832654406,-0.042053145483341825,-0.2730615961409183,-0.26362104085044236,504891700.2244132
2026-09-08,VRSK,FINAL_VINTAGE_ADJUSTED_DISCOVERY_ONLY,data/baskets/ohlcv/VRSK.parquet,2026-09-08,OBSERVED,175.02085876464844,-0.09438531014877682,-0.09296430730557459,-0.08513190299604168,-0.07569134770556574,224783723.38205972
2026-09-08,VSTS,FINAL_VINTAGE_ADJUSTED_DISCOVERY_ONLY,data/baskets/ohlcv/VSTS.parquet,2026-09-08,OBSERVED,13.649999618530273,0.09112704786499681,0.09254805070819905,-0.039408896418956285,-0.029968341128480347,19248851.99884687
2026-09-08,VSXY,FINAL_VINTAGE_ADJUSTED_DISCOVERY_ONLY,data/baskets/ohlcv/VSXY.parquet,2026-09-08,OBSERVED,78.47000122070312,-0.08125514745159834,-0.07983414460839611,-0.20367363008276274,-0.1942330747922868,159795311.58218384
2026-09-08,WRLD,FINAL_VINTAGE_ADJUSTED_DISCOVERY_ONLY,data/baskets/ohlcv/WRLD.parquet,2026-09-08,OBSERVED,192.0,0.04455689326036527,0.045977896103567506,0.026024661946849603,0.03546521723732554,13575269.54658145
2026-09-08,YETI,FINAL_VINTAGE_ADJUSTED_DISCOVERY_ONLY,data/yahoo/YETI.parquet,2026-09-08,OBSERVED,40.7400016784668,-0.00755170680524353,-0.006130703962041295,-0.21954020913748595,-0.21009965384701002,88463620.11851355
2026-09-08,YOU,FINAL_VINTAGE_ADJUSTED_DISCOVERY_ONLY,data/baskets/ohlcv/YOU.parquet,2026-09-08,OBSERVED,43.44850540161133,-0.012457597227679806,-0.011036594384477572,-0.14993176923522433,-0.1404912139447484,76626002.52916245
2026-09-09,ABNB,FINAL_VINTAGE_ADJUSTED_DISCOVERY_ONLY,data/baskets/ohlcv/ABNB.parquet,2026-09-09,OBSERVED,169.6300048828125,-0.07074964209197332,-0.0715635319215071,-0.08159172882743848,-0.06784068610137439,914678365.7689413
2026-09-09,ALKS,FINAL_VINTAGE_ADJUSTED_DISCOVERY_ONLY,data/baskets/ohlcv/ALKS.parquet,2026-09-09,OBSERVED,45.400001525878906,-0.03813557643994514,-0.03894946626947893,-0.08097165741795664,-0.06722061469189256,62420715.67342849
2026-09-09,AMAT,FINAL_VINTAGE_ADJUSTED_DISCOVERY_ONLY,data/baskets/ohlcv/AMAT.parquet,2026-09-09,OBSERVED,468.8500061035156,0.06110670957798847,0.060292819748454685,-0.10106607440180981,-0.08731503167574572,3556941512.464251
2026-09-09,AME,FINAL_VINTAGE_ADJUSTED_DISCOVERY_ONLY,data/baskets/ohlcv/AME.parquet,2026-09-09,OBSERVED,235.9261932373047,0.021398917988221244,0.020585028158687457,-0.06568333036430574,-0.05193228763824165,328527850.642395
2026-09-09,AMG,FINAL_VINTAGE_ADJUSTED_DISCOVERY_ONLY,data/yahoo/AMG.parquet,2026-09-09,OBSERVED,355.8500061035156,-0.013582796663851315,-0.014396686493385102,-0.02074908016450716,-0.006998037438443072,99751336.92641485
2026-09-09,ASML,FINAL_VINTAGE_ADJUSTED_DISCOVERY_ONLY,data/baskets/ohlcv/ASML.parquet,2026-09-09,OBSERVED,1729.52001953125,0.038663418281017714,0.03784952845148393,-0.0022843995789494365,0.011466643147114652,2046644782.656715
2026-09-09,CARG,FINAL_VINTAGE_ADJUSTED_DISCOVERY_ONLY,data/baskets/ohlcv/CARG.parquet,2026-09-09,OBSERVED,32.47999954223633,-0.06586140021220555,-0.06667529004173933,-0.13594042536868045,-0.12218938264261636,28348122.865840368
2026-09-09,CIEN,FINAL_VINTAGE_ADJUSTED_DISCOVERY_ONLY,data/baskets/ohlcv/CIEN.parquet,2026-09-09,OBSERVED,338.0,-0.06197093609856208,-0.06278482592809587,-0.1281919284038906,-0.11444088567782651,909302300.9694418
2026-09-09,CL,FINAL_VINTAGE_ADJUSTED_DISCOVERY_ONLY,data/baskets/ohlcv/CL.parquet,2026-09-09,OBSERVED,88.02999877929688,-0.017851149427097424,-0.01866503925663121,-0.054965138622779186,-0.0412140958967151,364733904.0001642
2026-09-09,CROX,FINAL_VINTAGE_ADJUSTED_DISCOVERY_ONLY,data/yahoo/CROX.parquet,2026-09-09,OBSERVED,111.08999633789062,-0.0363463088634135,-0.03716019869294729,-0.19610685016816798,-0.1823558074421039,112663242.07691011
2026-09-09,DAR,FINAL_VINTAGE_ADJUSTED_DISCOVERY_ONLY,data/yahoo/DAR.parquet,2026-09-09,OBSERVED,67.51000213623047,-0.0028064227559267962,-0.0036203125854605833,0.07448671285670128,0.08823775558276536,171426815.85191998
2026-09-09,DGII,FINAL_VINTAGE_ADJUSTED_DISCOVERY_ONLY,data/baskets/ohlcv/DGII.parquet,2026-09-09,OBSERVED,68.91000366210938,-0.03121037082848921,-0.032024260658022996,-0.16725071103191091,-0.15349966830584683,27059418.171728224
2026-09-09,ETSY,FINAL_VINTAGE_ADJUSTED_DISCOVERY_ONLY,data/yahoo/ETSY.parquet,2026-09-09,OBSERVED,71.19000244140625,-0.12917428206230885,-0.12998817189184264,-0.11455222524477404,-0.10080118251870995,236992880.17592657
2026-09-09,FIVE,FINAL_VINTAGE_ADJUSTED_DISCOVERY_ONLY,data/baskets/ohlcv/FIVE.parquet,2026-09-09,OBSERVED,247.1199951171875,0.008323785175826215,0.007509895346292428,0.04996598604834768,0.06371702877441177,294453515.4176258
2026-09-09,FORM,FINAL_VINTAGE_ADJUSTED_DISCOVERY_ONLY,data/baskets/ohlcv/FORM.parquet,2026-09-09,OBSERVED,114.18000030517578,0.19672985979058955,0.19591596996105576,0.015204046109300595,0.028955088835364684,122590282.23390125
2026-09-09,FTI,FINAL_VINTAGE_ADJUSTED_DISCOVERY_ONLY,data/yahoo/FTI.parquet,2026-09-09,OBSERVED,77.80999755859375,-0.006384880801788895,-0.007198770631322682,0.05030050626758453,0.06405154899364862,204926648.4896342
2026-09-09,GWW,FINAL_VINTAGE_ADJUSTED_DISCOVERY_ONLY,data/baskets/ohlcv/GWW.parquet,2026-09-09,OBSERVED,1278.8299560546875,-0.02320483787112193,-0.024018727700655718,-0.014351224184308342,-0.0006001814582442533,276959949.7820173
2026-09-09,HAS,FINAL_VINTAGE_ADJUSTED_DISCOVERY_ONLY,data/baskets/ohlcv/HAS.parquet,2026-09-09,OBSERVED,88.97000122070312,-0.04538622173869977,-0.04620011156823356,-0.05135374454302555,-0.03760270181696146,134509403.570266
2026-09-09,HP,FINAL_VINTAGE_ADJUSTED_DISCOVERY_ONLY,data/baskets/ohlcv/HP.parquet,2026-09-09,OBSERVED,44.209999084472656,-0.04328067603602337,-0.044094565865557156,0.06182318928482089,0.07557423201088498,58455940.25577363
2026-09-09,HUBG,FINAL_VINTAGE_ADJUSTED_DISCOVERY_ONLY,data/baskets/ohlcv/HUBG.parquet,2026-09-09,OBSERVED,35.20499038696289,-0.06852920245137462,-0.0693430922809084,-0.2536430362298786,-0.23989199350381452,56415241.94403149
2026-09-09,IESC,FINAL_VINTAGE_ADJUSTED_DISCOVERY_ONLY,data/baskets/ohlcv/IESC.parquet,2026-09-09,OBSERVED,324.6600036621094,0.08007587616841993,0.07926198633888615,-0.13549643304055414,-0.12174539031449005,97558004.02396066
2026-09-09,JBHT,FINAL_VINTAGE_ADJUSTED_DISCOVERY_ONLY,data/baskets/ohlcv/JBHT.parquet,2026-09-09,OBSERVED,267.79998779296875,0.04413590268929002,0.04332201285975623,0.00623721745384298,0.01998826017990707,224786004.69636464
2026-09-09,KEYS,FINAL_VINTAGE_ADJUSTED_DISCOVERY_ONLY,data/baskets/ohlcv/KEYS.parquet,2026-09-09,OBSERVED,331.010009765625,0.03677145098486023,0.035957561155326445,-0.013118254817816699,0.0006327879082473897,459068362.5821068
2026-09-09,KSS,FINAL_VINTAGE_ADJUSTED_DISCOVERY_ONLY,data/baskets/ohlcv/KSS.parquet,2026-09-09,OBSERVED,17.520000457763672,-0.010186574264945292,-0.011000464094479079,-0.07312274461851676,-0.059371701892452666,84300447.65852065
2026-09-09,LFUS,FINAL_VINTAGE_ADJUSTED_DISCOVERY_ONLY,data/yahoo/LFUS.parquet,2026-09-09,OBSERVED,421.9800109863281,0.0319630412735481,0.03114915144401431,-0.07114698504209427,-0.05739594231603018,85317202.60576521
2026-09-09,LSCC,FINAL_VINTAGE_ADJUSTED_DISCOVERY_ONLY,data/yahoo/LSCC.parquet,2026-09-09,OBSERVED,115.44999694824219,0.03375713317303508,0.032943243343501294,-0.1002962097988247,-0.08654516707276061,163273100.31502134
2026-09-09,MEDP,FINAL_VINTAGE_ADJUSTED_DISCOVERY_ONLY,data/yahoo/MEDP.parquet,2026-09-09,OBSERVED,586.2999877929688,0.00529820425558003,0.004484314426046243,-0.02677490343926725,-0.013023860713203161,119036912.19366165
2026-09-09,MGY,FINAL_VINTAGE_ADJUSTED_DISCOVERY_ONLY,data/baskets/ohlcv/MGY.parquet,2026-09-09,OBSERVED,27.790000915527344,0.004336857206451938,0.0035229673769181513,0.06843524302121962,0.0821862857472837,87271723.78382002
2026-09-09,MRP,FINAL_VINTAGE_ADJUSTED_DISCOVERY_ONLY,data/yahoo/MRP.parquet,2026-09-09,OBSERVED,30.489999771118164,-0.002943105062538698,-0.003756994892072485,0.058680575653727196,0.07243161837979128,30216089.4197464
2026-09-09,MSM,FINAL_VINTAGE_ADJUSTED_DISCOVERY_ONLY,data/baskets/ohlcv/MSM.parquet,2026-09-09,OBSERVED,119.43000030517578,0.014353681604119428,0.013539791774585641,-0.028471487767926407,-0.014720445041862318,69066530.08055913
2026-09-09,MTSI,FINAL_VINTAGE_ADJUSTED_DISCOVERY_ONLY,data/yahoo/MTSI.parquet,2026-09-09,OBSERVED,286.1199951171875,0.092019329235282,0.09120543940574821,-0.036730309083076396,-0.022979266357012307,335578100.71207684
2026-09-09,NHC,FINAL_VINTAGE_ADJUSTED_DISCOVERY_ONLY,data/baskets/ohlcv/NHC.parquet,2026-09-09,OBSERVED,226.56080627441406,0.03776774545089068,0.03695385562135689,0.02804931100863617,0.04180035373470026,23631234.421575636
2026-09-09,NUE,FINAL_VINTAGE_ADJUSTED_DISCOVERY_ONLY,data/baskets/ohlcv/NUE.parquet,2026-09-09,OBSERVED,257.29864501953125,0.02377744518703606,0.022963555357502274,-0.06081336611456123,-0.04706232338849714,349228514.7266933
2026-09-09,PGNY,FINAL_VINTAGE_ADJUSTED_DISCOVERY_ONLY,data/baskets/ohlcv/PGNY.parquet,2026-09-09,OBSERVED,27.1200008392334,0.05689793454806025,0.05608404471852646,-0.02621183239631264,-0.012460789670248551,27750208.70530265
2026-09-09,RL,FINAL_VINTAGE_ADJUSTED_DISCOVERY_ONLY,data/baskets/ohlcv/RL.parquet,2026-09-09,OBSERVED,334.6561584472656,-0.015286743742283115,-0.016100633571816902,-0.17518256190880854,-0.16143151918274445,221660353.47580683
2026-09-09,ROST,FINAL_VINTAGE_ADJUSTED_DISCOVERY_ONLY,data/baskets/ohlcv/ROST.parquet,2026-09-09,OBSERVED,225.27000427246094,-0.015418860777753562,-0.01623275060728735,-0.11429037496511352,-0.10053933223904943,654619915.7057263
2026-09-09,SBH,FINAL_VINTAGE_ADJUSTED_DISCOVERY_ONLY,data/baskets/ohlcv/SBH.parquet,2026-09-09,OBSERVED,16.040000915527344,-0.020158821428717055,-0.020972711258250842,-0.04238800504314366,-0.028636962317079573,18462317.41021474
2026-09-09,SEZL,FINAL_VINTAGE_ADJUSTED_DISCOVERY_ONLY,data/baskets/ohlcv/SEZL.parquet,2026-09-09,OBSERVED,117.13999938964844,0.02287812454926974,0.022064234719735953,-0.007288140765691176,0.006462901960372913,64205531.55906314
2026-09-09,SHOO,FINAL_VINTAGE_ADJUSTED_DISCOVERY_ONLY,data/baskets/ohlcv/SHOO.parquet,2026-09-09,OBSERVED,43.24039840698242,0.048745156062587114,0.04793126623305333,-0.11088385755173424,-0.09713281482567016,39694297.10021246
2026-09-09,SNDK,FINAL_VINTAGE_ADJUSTED_DISCOVERY_ONLY,data/baskets/ohlcv/SNDK.parquet,2026-09-09,OBSERVED,1764.1700439453125,0.14789803272253566,0.14708414289300187,0.4251082309991647,0.4388592737252288,20721684442.790295
2026-09-09,SONO,FINAL_VINTAGE_ADJUSTED_DISCOVERY_ONLY,data/baskets/ohlcv/SONO.parquet,2026-09-09,OBSERVED,14.550000190734863,-0.038969626103614985,-0.03978351593314877,-0.05764244908265359,-0.0438914063565895,22406506.41791934
2026-09-09,TALO,FINAL_VINTAGE_ADJUSTED_DISCOVERY_ONLY,data/baskets/ohlcv/TALO.parquet,2026-09-09,OBSERVED,17.510000228881836,0.013896917472881354,0.013083027643347567,0.12315587283526952,0.1369069155613336,28380088.353829157
2026-09-09,TER,FINAL_VINTAGE_ADJUSTED_DISCOVERY_ONLY,data/baskets/ohlcv/TER.parquet,2026-09-09,OBSERVED,383.69000244140625,0.1442121372404337,0.1433982474108999,0.05132125144545907,0.06507229417152316,888453039.3887475
2026-09-09,TPR,FINAL_VINTAGE_ADJUSTED_DISCOVERY_ONLY,data/baskets/ohlcv/TPR.parquet,2026-09-09,OBSERVED,113.70999908447266,-0.06549001308948776,-0.06630390291902155,-0.3073124879162391,-0.293561445190175,515130617.4539112
2026-09-09,VSXY,FINAL_VINTAGE_ADJUSTED_DISCOVERY_ONLY,data/baskets/ohlcv/VSXY.parquet,2026-09-09,OBSERVED,75.72000122070312,-0.10039202960752625,-0.10120591943706003,-0.24257276886956747,-0.22882172614350338,158621338.78787813
2026-09-09,YETI,FINAL_VINTAGE_ADJUSTED_DISCOVERY_ONLY,data/yahoo/YETI.parquet,2026-09-09,OBSERVED,40.5099983215332,0.008715101480351484,0.007901211650817697,-0.23101750024946155,-0.21726645752339746,87891988.13302176
2026-09-09,YOU,FINAL_VINTAGE_ADJUSTED_DISCOVERY_ONLY,data/baskets/ohlcv/YOU.parquet,2026-09-09,OBSERVED,43.019996643066406,0.004654354118612591,0.0038404642890788043,-0.15700062843158447,-0.14324958570552038,74735988.87305486
2026-09-10,ABNB,FINAL_VINTAGE_ADJUSTED_DISCOVERY_ONLY,data/baskets/ohlcv/ABNB.parquet,2026-09-10,OBSERVED,167.64999389648438,-0.08517953223975072,-0.07559985548117232,-0.0936858159332018,-0.07716533879814025,875552707.8715006
2026-09-10,ALKS,FINAL_VINTAGE_ADJUSTED_DISCOVERY_ONLY,data/baskets/ohlcv/ALKS.parquet,2026-09-10,OBSERVED,46.11000061035156,-0.03373848636141841,-0.024158809602840003,-0.06299529631772016,-0.04647481918265861,61823376.387060255
2026-09-10,AMAT,FINAL_VINTAGE_ADJUSTED_DISCOVERY_ONLY,data/baskets/ohlcv/AMAT.parquet,2026-09-10,OBSERVED,454.010009765625,0.035465079171630665,0.04504475593020907,-0.13529894872300097,-0.11877847158793942,3487162685.4117255
2026-09-10,AME,FINAL_VINTAGE_ADJUSTED_DISCOVERY_ONLY,data/baskets/ohlcv/AME.parquet,2026-09-10,OBSERVED,233.89913940429688,0.004502788022176185,0.014082464780754589,-0.08607093556432754,-0.069550458429266,332248636.03421164
2026-09-10,ASML,FINAL_VINTAGE_ADJUSTED_DISCOVERY_ONLY,data/baskets/ohlcv/ASML.parquet,2026-09-10,OBSERVED,1687.4300537109375,0.003049399473290082,0.012629076231868486,-0.06221584705181049,-0.04569536991674894,2006486484.9272227
2026-09-10,CARG,FINAL_VINTAGE_ADJUSTED_DISCOVERY_ONLY,data/baskets/ohlcv/CARG.parquet,2026-09-10,OBSERVED,33.29999923706055,-0.038406058043101154,-0.02882638128452275,-0.07960201890057006,-0.06308154176550851,27800116.248339698
2026-09-10,CIEN,FINAL_VINTAGE_ADJUSTED_DISCOVERY_ONLY,data/baskets/ohlcv/CIEN.parquet,2026-09-10,OBSERVED,334.55999755859375,-0.05534223486798706,-0.04576255810940866,-0.13668619561725903,-0.12016571848219748,921577201.0957264
2026-09-10,CL,FINAL_VINTAGE_ADJUSTED_DISCOVERY_ONLY,data/baskets/ohlcv/CL.parquet,2026-09-10,OBSERVED,87.9000015258789,-0.024417280638179828,-0.014837603879601424,-0.04777376394052657,-0.03125328680546502,366263287.046051
2026-09-10,CROX,FINAL_VINTAGE_ADJUSTED_DISCOVERY_ONLY,data/yahoo/CROX.parquet,2026-09-10,OBSERVED,108.83000183105469,-0.060108809305133404,-0.050529132546555,-0.1737150080974338,-0.15719453096237224,111706027.08158948
2026-09-10,DGII,FINAL_VINTAGE_ADJUSTED_DISCOVERY_ONLY,data/baskets/ohlcv/DGII.parquet,2026-09-10,OBSERVED,68.7699966430664,-0.012067288606807502,-0.0024876118482290988,-0.17719555950626376,-0.1606750823712022,26594752.96699887
2026-09-10,ENVA,FINAL_VINTAGE_ADJUSTED_DISCOVERY_ONLY,data/baskets/ohlcv/ENVA.parquet,2026-09-10,OBSERVED,223.05999755859375,-0.016880434754099727,-0.007300757995521323,-0.13246732344977774,-0.11594684631471619,63679813.09611002
2026-09-10,ETSY,FINAL_VINTAGE_ADJUSTED_DISCOVERY_ONLY,data/yahoo/ETSY.parquet,2026-09-10,OBSERVED,71.58999633789062,-0.12395992084549967,-0.11438024408692127,-0.09927034078760733,-0.08274986365254577,229104386.6395496
2026-09-10,FIVE,FINAL_VINTAGE_ADJUSTED_DISCOVERY_ONLY,data/baskets/ohlcv/FIVE.parquet,2026-09-10,OBSERVED,241.27999877929688,-0.007404982056108622,0.0021746947024697816,0.030054615441589272,0.04657509257665082,298224002.00754803
2026-09-10,FORM,FINAL_VINTAGE_ADJUSTED_DISCOVERY_ONLY,data/baskets/ohlcv/FORM.parquet,2026-09-10,OBSERVED,112.12000274658203,0.1609028848716645,0.1704825616302429,-0.07392415107625383,-0.05740367394119228,121841938.16960652
2026-09-10,FTI,FINAL_VINTAGE_ADJUSTED_DISCOVERY_ONLY,data/yahoo/FTI.parquet,2026-09-10,OBSERVED,75.58000183105469,-0.05133671936602191,-0.041757042607443506,0.004081021203998558,0.02060149833906011,202759084.71174693
2026-09-10,GWW,FINAL_VINTAGE_ADJUSTED_DISCOVERY_ONLY,data/baskets/ohlcv/GWW.parquet,2026-09-10,OBSERVED,1271.489990234375,-0.010398089742321814,-0.0008184129837434106,-0.023388138118710322,-0.006867660983648771,278908090.0710333
2026-09-10,HAS,FINAL_VINTAGE_ADJUSTED_DISCOVERY_ONLY,data/baskets/ohlcv/HAS.parquet,2026-09-10,OBSERVED,90.16000366210938,-0.03572188596674464,-0.026142209208166234,-0.06392705167943691,-0.04740657454437536,131170822.50696819
2026-09-10,IESC,FINAL_VINTAGE_ADJUSTED_DISCOVERY_ONLY,data/baskets/ohlcv/IESC.parquet,2026-09-10,OBSERVED,319.5199890136719,0.05577575187750061,0.06535542863607902,-0.18071797688802083,-0.16419749975295928,98347707.42914109
2026-09-10,JBHT,FINAL_VINTAGE_ADJUSTED_DISCOVERY_ONLY,data/baskets/ohlcv/JBHT.parquet,2026-09-10,OBSERVED,267.8299865722656,0.0292444290057019,0.0388241057642803,0.009231975447943075,0.025752452583004626,220690732.30678013
2026-09-10,KLIC,FINAL_VINTAGE_ADJUSTED_DISCOVERY_ONLY,data/baskets/ohlcv/KLIC.parquet,2026-09-10,OBSERVED,82.75618743896484,0.0509183432936422,0.0604980200522206,-0.08844205885845446,-0.07192158172339291,59818911.74494425
2026-09-10,LFUS,FINAL_VINTAGE_ADJUSTED_DISCOVERY_ONLY,data/yahoo/LFUS.parquet,2026-09-10,OBSERVED,413.4200134277344,0.007064270904396652,0.016643947662975056,-0.08736252531623956,-0.07084204818117801,84166139.98892649
2026-09-10,LSCC,FINAL_VINTAGE_ADJUSTED_DISCOVERY_ONLY,data/yahoo/LSCC.parquet,2026-09-10,OBSERVED,114.13999938964844,0.0022831238365055295,0.011862800595083933,-0.09498892400918746,-0.07846844687412591,152301071.65683565
2026-09-10,MEDP,FINAL_VINTAGE_ADJUSTED_DISCOVERY_ONLY,data/yahoo/MEDP.parquet,2026-09-10,OBSERVED,583.1599731445312,-0.016626835624390157,-0.0070471588658117534,-0.03689517234594342,-0.020374695210881866,119855403.84841192
2026-09-10,MGY,FINAL_VINTAGE_ADJUSTED_DISCOVERY_ONLY,data/baskets/ohlcv/MGY.parquet,2026-09-10,OBSERVED,27.700000762939453,0.011687421913123774,0.021267098671702178,0.0649750295727034,0.08149550670776495,89357615.2942385
2026-09-10,MRP,FINAL_VINTAGE_ADJUSTED_DISCOVERY_ONLY,data/yahoo/MRP.parquet,2026-09-10,OBSERVED,29.59000015258789,-0.04115361090879788,-0.031573934150219474,-0.0047090276422488975,0.011811449492812653,30494325.64447494
2026-09-10,MSM,FINAL_VINTAGE_ADJUSTED_DISCOVERY_ONLY,data/baskets/ohlcv/MSM.parquet,2026-09-10,OBSERVED,119.68000030517578,0.027560737106801625,0.03714041386538003,-0.003165061312220274,0.013355415822841277,69505329.50174241
2026-09-10,MTSI,FINAL_VINTAGE_ADJUSTED_DISCOVERY_ONLY,data/yahoo/MTSI.parquet,2026-09-10,OBSERVED,272.42999267578125,0.05773410179430005,0.06731377855287846,-0.09168806278646158,-0.07516758565140003,344674914.20288086
2026-09-10,NUE,FINAL_VINTAGE_ADJUSTED_DISCOVERY_ONLY,data/baskets/ohlcv/NUE.parquet,2026-09-10,OBSERVED,254.8544464111328,-0.03223849308139226,-0.022658816322813857,-0.060636150141268996,-0.044115673006207445,346744130.6150164
2026-09-10,NVDA,FINAL_VINTAGE_ADJUSTED_DISCOVERY_ONLY,data/baskets/ohlcv/NVDA.parquet,2026-09-10,OBSERVED,218.36000061035156,-0.025870807901925197,-0.016291131143346793,0.005077415967301269,0.02159789310236282,28080805079.934616
2026-09-10,P,FINAL_VINTAGE_ADJUSTED_DISCOVERY_ONLY,data/yahoo/P.parquet,2026-09-10,OBSERVED,94.0999984741211,0.018067707058655014,0.027647383817233417,-0.13969646336610597,-0.12317598623104442,352959442.5258818
2026-09-10,PGNY,FINAL_VINTAGE_ADJUSTED_DISCOVERY_ONLY,data/baskets/ohlcv/PGNY.parquet,2026-09-10,OBSERVED,27.079999923706055,0.03004940968686398,0.039629086445442385,0.01919458918854189,0.03571506632360344,27260652.006639753
2026-09-10,PWR,FINAL_VINTAGE_ADJUSTED_DISCOVERY_ONLY,data/baskets/ohlcv/PWR.parquet,2026-09-10,OBSERVED,618.6240844726562,0.013016092359784626,0.02259576911836303,-0.07732112676107628,-0.060800649626014724,659546248.3846029
2026-09-10,RL,FINAL_VINTAGE_ADJUSTED_DISCOVERY_ONLY,data/baskets/ohlcv/RL.parquet,2026-09-10,OBSERVED,335.7131652832031,0.0005052253304973497,0.010084902089075753,-0.15349995575374453,-0.13697947861868298,226172409.62146577
2026-09-10,ROST,FINAL_VINTAGE_ADJUSTED_DISCOVERY_ONLY,data/baskets/ohlcv/ROST.parquet,2026-09-10,OBSERVED,225.47999572753906,-0.021374121329537976,-0.011794444570959572,-0.10283236617655245,-0.0863118890414909,641084157.2410947
2026-09-10,SBH,FINAL_VINTAGE_ADJUSTED_DISCOVERY_ONLY,data/baskets/ohlcv/SBH.parquet,2026-09-10,OBSERVED,15.800000190734863,-0.032455586983916485,-0.02287591022533808,-0.061757716890115666,-0.045237239755054115,18136843.886143822
2026-09-10,SEZL,FINAL_VINTAGE_ADJUSTED_DISCOVERY_ONLY,data/baskets/ohlcv/SEZL.parquet,2026-09-10,OBSERVED,118.41000366210938,-0.025432068624614224,-0.01585239186603582,-0.07686910643121003,-0.06034862929614848,58990890.47564552
2026-09-10,SHOO,FINAL_VINTAGE_ADJUSTED_DISCOVERY_ONLY,data/baskets/ohlcv/SHOO.parquet,2026-09-10,OBSERVED,41.35000228881836,-0.010240501864212881,-0.0006608251056344772,-0.13936628188604516,-0.12284580475098361,39867511.34963263
2026-09-10,SNDK,FINAL_VINTAGE_ADJUSTED_DISCOVERY_ONLY,data/baskets/ohlcv/SNDK.parquet,2026-09-10,OBSERVED,1692.5899658203125,0.0896034113677524,0.09918308812633081,0.3316469854045765,0.34816746253963804,20856169580.4455
2026-09-10,SONO,FINAL_VINTAGE_ADJUSTED_DISCOVERY_ONLY,data/baskets/ohlcv/SONO.parquet,2026-09-10,OBSERVED,14.630000114440918,-0.0844805673634258,-0.07490089060484739,-0.029197053038721554,-0.012676575903660003,23071478.96675382
2026-09-10,TALO,FINAL_VINTAGE_ADJUSTED_DISCOVERY_ONLY,data/baskets/ohlcv/TALO.parquet,2026-09-10,OBSERVED,17.540000915527344,0.017991954818751044,0.027571631577329447,0.12652545018083683,0.14304592731589838,28460181.980777923
2026-09-10,TER,FINAL_VINTAGE_ADJUSTED_DISCOVERY_ONLY,data/baskets/ohlcv/TER.parquet,2026-09-10,OBSERVED,370.19000244140625,0.08404717608887857,0.09362685284745698,-0.024311799756865926,-0.007791322621804375,896459398.0135963
2026-09-10,TILE,FINAL_VINTAGE_ADJUSTED_DISCOVERY_ONLY,data/baskets/ohlcv/TILE.parquet,2026-09-10,OBSERVED,33.849998474121094,-0.0806531923503856,-0.07107351559180719,-0.12096712918985908,-0.10444665205479753,18866662.07836696
2026-09-10,TPR,FINAL_VINTAGE_ADJUSTED_DISCOVERY_ONLY,data/baskets/ohlcv/TPR.parquet,2026-09-10,OBSERVED,115.87000274658203,-0.055471482412771334,-0.04589180565419293,-0.2755123448969109,-0.25899186776184935,502734062.87100655
2026-09-10,VSXY,FINAL_VINTAGE_ADJUSTED_DISCOVERY_ONLY,data/baskets/ohlcv/VSXY.parquet,2026-09-10,OBSERVED,73.38999938964844,-0.1346539146054737,-0.1250742378468953,-0.22058202490086487,-0.20406154776580332,157956629.87071446
2026-09-10,WDC,FINAL_VINTAGE_ADJUSTED_DISCOVERY_ONLY,data/baskets/ohlcv/WDC.parquet,2026-09-10,OBSERVED,460.92999267578125,0.0271284240863634,0.036708100844941804,0.0528576761259727,0.06937815326103425,2947828146.9616117
2026-09-10,WRLD,FINAL_VINTAGE_ADJUSTED_DISCOVERY_ONLY,data/baskets/ohlcv/WRLD.parquet,2026-09-10,OBSERVED,190.0,-0.00299106523750603,0.006588611521072374,0.015282679382704778,0.03180315651776633,12957253.881835938
2026-09-10,YETI,FINAL_VINTAGE_ADJUSTED_DISCOVERY_ONLY,data/yahoo/YETI.parquet,2026-09-10,OBSERVED,39.470001220703125,-0.04776838373442571,-0.03818870697584731,-0.22287850936745124,-0.2063580322323897,86807380.6317284
2026-09-10,YOU,FINAL_VINTAGE_ADJUSTED_DISCOVERY_ONLY,data/baskets/ohlcv/YOU.parquet,2026-09-10,OBSERVED,42.7400016784668,-0.025913540098564614,-0.01633386333998621,-0.11166059959074992,-0.09514012245568837,72520819.80608985
2026-09-11,ALKS,FINAL_VINTAGE_ADJUSTED_DISCOVERY_ONLY,data/baskets/ohlcv/ALKS.parquet,2026-09-11,OBSERVED,45.970001220703125,-0.019411259101506984,-0.007926037905548244,-0.08571992170310916,-0.07510489808948162,61482221.25240508
2026-09-11,AMAT,FINAL_VINTAGE_ADJUSTED_DISCOVERY_ONLY,data/baskets/ohlcv/AMAT.parquet,2026-09-11,OBSERVED,456.489990234375,0.047211549171553235,0.058696770367511975,-0.1663265634835186,-0.15571153986989106,3385490825.5664644
2026-09-11,AME,FINAL_VINTAGE_ADJUSTED_DISCOVERY_ONLY,data/baskets/ohlcv/AME.parquet,2026-09-11,OBSERVED,241.51803588867188,0.03274980954178064,0.04423503073773938,-0.0644050448429433,-0.053790021229315754,331093817.4285162
2026-09-11,AMG,FINAL_VINTAGE_ADJUSTED_DISCOVERY_ONLY,data/yahoo/AMG.parquet,2026-09-11,OBSERVED,355.6099853515625,-0.028865605810357686,-0.017380384614398947,-0.018736226984764737,-0.008121203371137198,97940708.50524902
2026-09-11,ASML,FINAL_VINTAGE_ADJUSTED_DISCOVERY_ONLY,data/baskets/ohlcv/ASML.parquet,2026-09-11,OBSERVED,1698.300048828125,0.03165497863348632,0.04314019982944506,-0.06174893831593853,-0.05113391470231099,1958044430.7187035
2026-09-11,ATI,FINAL_VINTAGE_ADJUSTED_DISCOVERY_ONLY,data/yahoo/ATI.parquet,2026-09-11,OBSERVED,198.77000427246094,-0.02820958835957421,-0.016724367163615472,-0.13739525847169742,-0.12678023485806988,379687831.20255244
2026-09-11,CARG,FINAL_VINTAGE_ADJUSTED_DISCOVERY_ONLY,data/baskets/ohlcv/CARG.parquet,2026-09-11,OBSERVED,34.42499923706055,0.005696748391235351,0.01718196958719409,-0.06656729284037821,-0.05595226922675067,28397542.12005252
2026-09-11,CIEN,FINAL_VINTAGE_ADJUSTED_DISCOVERY_ONLY,data/baskets/ohlcv/CIEN.parquet,2026-09-11,OBSERVED,349.5400085449219,0.1010521576051362,0.11253737880109493,-0.19097322434732789,-0.18035820073370035,872457069.9821836
2026-09-11,CL,FINAL_VINTAGE_ADJUSTED_DISCOVERY_ONLY,data/baskets/ohlcv/CL.parquet,2026-09-11,OBSERVED,86.80000305175781,-0.03651896347951211,-0.025033742283553373,-0.059791991565353975,-0.049176967951726436,375080118.0290586
2026-09-11,CROX,FINAL_VINTAGE_ADJUSTED_DISCOVERY_ONLY,data/yahoo/CROX.parquet,2026-09-11,OBSERVED,112.4800033569336,-0.030428400261139577,-0.018943179065180837,-0.13881017662273154,-0.128195153009104,111409310.09608677
2026-09-11,DGII,FINAL_VINTAGE_ADJUSTED_DISCOVERY_ONLY,data/baskets/ohlcv/DGII.parquet,2026-09-11,OBSERVED,69.02999877929688,-0.017785999170623623,-0.006300777974664884,-0.19016892879771607,-0.17955390518408854,26117060.36780221
2026-09-11,DLTR,FINAL_VINTAGE_ADJUSTED_DISCOVERY_ONLY,data/baskets/ohlcv/DLTR.parquet,2026-09-11,OBSERVED,118.16999816894531,-0.09821425348431745,-0.08672903228835871,-0.08117566590358882,-0.07056064228996128,322420697.9819888
2026-09-11,ECG,FINAL_VINTAGE_ADJUSTED_DISCOVERY_ONLY,data/yahoo/ECG.parquet,2026-09-11,OBSERVED,119.41999816894531,0.03798344199279646,0.0494686631887552,-0.14700001307896204,-0.1363849894653345,58697082.42888678
2026-09-11,ETSY,FINAL_VINTAGE_ADJUSTED_DISCOVERY_ONLY,data/yahoo/ETSY.parquet,2026-09-11,OBSERVED,72.76000213623047,-0.11300739706223195,-0.10152217586627321,-0.08627395898714063,-0.07565893537351309,228577878.48143804
2026-09-11,FIVE,FINAL_VINTAGE_ADJUSTED_DISCOVERY_ONLY,data/baskets/ohlcv/FIVE.parquet,2026-09-11,OBSERVED,244.60000610351562,0.019336553008107105,0.030821774204065844,0.0270838226846013,0.03769884629822884,300546363.8961792
2026-09-11,FTI,FINAL_VINTAGE_ADJUSTED_DISCOVERY_ONLY,data/yahoo/FTI.parquet,2026-09-11,OBSERVED,76.33999633789062,-0.04670336423136423,-0.03521814303540549,0.01485130037624205,0.025466323989869588,203226303.39446294
2026-09-11,GWW,FINAL_VINTAGE_ADJUSTED_DISCOVERY_ONLY,data/baskets/ohlcv/GWW.parquet,2026-09-11,OBSERVED,1280.0,-0.025014447057751465,-0.013529225861792726,-0.01906689104723225,-0.00845186743360471,283281295.363072
2026-09-11,HAS,FINAL_VINTAGE_ADJUSTED_DISCOVERY_ONLY,data/baskets/ohlcv/HAS.parquet,2026-09-11,OBSERVED,91.54000091552734,-0.01569891488680275,-0.0042136936908440115,-0.02806543617215773,-0.017450412558530193,125970248.23869978
2026-09-11,IAG,FINAL_VINTAGE_ADJUSTED_DISCOVERY_ONLY,data/baskets/ohlcv/IAG.parquet,2026-09-11,OBSERVED,20.260000228881836,-0.03247374822506821,-0.02098852702910947,0.12119538301292265,0.1318104066265502,98159129.77573758
2026-09-11,IESC,FINAL_VINTAGE_ADJUSTED_DISCOVERY_ONLY,data/baskets/ohlcv/IESC.parquet,2026-09-11,OBSERVED,345.7099914550781,0.0971785695295504,0.10866379072550914,-0.09775166378600186,-0.08713664017237432,92337241.07317244
2026-09-11,JBHT,FINAL_VINTAGE_ADJUSTED_DISCOVERY_ONLY,data/baskets/ohlcv/JBHT.parquet,2026-09-11,OBSERVED,270.45001220703125,0.0156602577995002,0.027145478995458938,-0.019966587254166557,-0.009351563640539018,217174374.67317128
2026-09-11,KLIC,FINAL_VINTAGE_ADJUSTED_DISCOVERY_ONLY,data/baskets/ohlcv/KLIC.parquet,2026-09-11,OBSERVED,85.90804290771484,0.09274293724122895,0.10422815843718769,-0.09479770747084937,-0.08418268385722183,57876997.01105753
2026-09-11,LFUS,FINAL_VINTAGE_ADJUSTED_DISCOVERY_ONLY,data/yahoo/LFUS.parquet,2026-09-11,OBSERVED,432.29998779296875,0.04359790938671915,0.055083130582677886,-0.05637085297228139,-0.045755829358653854,84274155.20702544
2026-09-11,LSCC,FINAL_VINTAGE_ADJUSTED_DISCOVERY_ONLY,data/yahoo/LSCC.parquet,2026-09-11,OBSERVED,119.76000213623047,0.05394706530830362,0.06543228650426236,-0.07356696698320164,-0.0629519433695741,151972887.94446674
2026-09-11,MEDP,FINAL_VINTAGE_ADJUSTED_DISCOVERY_ONLY,data/yahoo/MEDP.parquet,2026-09-11,OBSERVED,587.52001953125,-0.009892305182562344,0.0015929160133963949,-0.01584636210090662,-0.00523133848727908,115482634.76126535
2026-09-11,MGY,FINAL_VINTAGE_ADJUSTED_DISCOVERY_ONLY,data/baskets/ohlcv/MGY.parquet,2026-09-11,OBSERVED,27.75,0.019845679297927354,0.031330900493886094,0.052731386853708484,0.06334641046733602,89460966.422081
2026-09-11,MOG-A,FINAL_VINTAGE_ADJUSTED_DISCOVERY_ONLY,data/baskets/ohlcv/MOG-A.parquet,2026-09-11,OBSERVED,367.0199890136719,-0.008375678548612542,0.0031095426473461973,-0.14351490791182409,-0.13289988429819655,87509322.95561291
2026-09-11,MRP,FINAL_VINTAGE_ADJUSTED_DISCOVERY_ONLY,data/yahoo/MRP.parquet,2026-09-11,OBSERVED,29.690000534057617,-0.06399744083355707,-0.052512219637598334,-0.0023521402649817613,0.008262883348645778,30479359.894589014
2026-09-11,MSM,FINAL_VINTAGE_ADJUSTED_DISCOVERY_ONLY,data/baskets/ohlcv/MSM.parquet,2026-09-11,OBSERVED,120.51000213623047,0.022224130631491867,0.03370935182745061,0.008958470135238983,0.01957349374886652,68832897.81181699
2026-09-11,MTSI,FINAL_VINTAGE_ADJUSTED_DISCOVERY_ONLY,data/yahoo/MTSI.parquet,2026-09-11,OBSERVED,274.8999938964844,0.0575109866798027,0.06899620787576144,-0.11536606952056516,-0.10475104590693762,335053348.22983515
2026-09-11,MYRG,FINAL_VINTAGE_ADJUSTED_DISCOVERY_ONLY,data/baskets/ohlcv/MYRG.parquet,2026-09-11,OBSERVED,291.260009765625,0.025202405872179146,0.036687627068137885,-0.12450397926551227,-0.11388895565188473,85012105.55725098
2026-09-11,PJT,FINAL_VINTAGE_ADJUSTED_DISCOVERY_ONLY,data/baskets/ohlcv/PJT.parquet,2026-09-11,OBSERVED,163.2100067138672,-0.12167689010420513,-0.11019166890824639,-0.041929835655717396,-0.03131481204208986,72174399.49573335
2026-09-11,RELY,FINAL_VINTAGE_ADJUSTED_DISCOVERY_ONLY,data/baskets/ohlcv/RELY.parquet,2026-09-11,OBSERVED,21.989999771118164,-0.18313522627056733,-0.1716500050746086,-0.09244737158222094,-0.0818323479685934,90472222.57205418
2026-09-11,RL,FINAL_VINTAGE_ADJUSTED_DISCOVERY_ONLY,data/baskets/ohlcv/RL.parquet,2026-09-11,OBSERVED,338.12628173828125,-0.014846055608711883,-0.003360834412753144,-0.14446826557823,-0.13385324196460247,225330526.04152134
2026-09-11,ROST,FINAL_VINTAGE_ADJUSTED_DISCOVERY_ONLY,data/baskets/ohlcv/ROST.parquet,2026-09-11,OBSERVED,230.74000549316406,-0.0020893608433940614,0.009395860352564678,-0.06873733713209362,-0.058122313518466084,628080424.7504098
2026-09-11,SBH,FINAL_VINTAGE_ADJUSTED_DISCOVERY_ONLY,data/baskets/ohlcv/SBH.parquet,2026-09-11,OBSERVED,15.960000038146973,-0.030965348905266366,-0.019480127709307626,-0.0368134983652284,-0.026198474751600864,17542748.769360498
2026-09-11,SEZL,FINAL_VINTAGE_ADJUSTED_DISCOVERY_ONLY,data/baskets/ohlcv/SEZL.parquet,2026-09-11,OBSERVED,118.87000274658203,-0.033262820171955476,-0.021777598975996737,-0.05237563430288594,-0.041760610689258404,56936879.393114366
2026-09-11,SONO,FINAL_VINTAGE_ADJUSTED_DISCOVERY_ONLY,data/baskets/ohlcv/SONO.parquet,2026-09-11,OBSERVED,15.119999885559082,-0.06435643389065837,-0.05287121269469963,-0.04000000726608999,-0.02938498365246245,22869908.956609454
2026-09-11,SVM,FINAL_VINTAGE_ADJUSTED_DISCOVERY_ONLY,data/baskets/ohlcv/SVM.parquet,2026-09-11,OBSERVED,11.90999984741211,-0.09153316862628191,-0.08004794743032317,-0.015702522980791778,-0.005087499367164239,28550137.126368567
2026-09-11,TALO,FINAL_VINTAGE_ADJUSTED_DISCOVERY_ONLY,data/baskets/ohlcv/TALO.parquet,2026-09-11,OBSERVED,17.68000030517578,0.022556354482213825,0.034041575678172564,0.14064518097908274,0.15126020459271028,28314086.57036736
2026-09-11,TILE,FINAL_VINTAGE_ADJUSTED_DISCOVERY_ONLY,data/baskets/ohlcv/TILE.parquet,2026-09-11,OBSERVED,34.130001068115234,-0.06133111949402592,-0.04984589829806718,-0.11346579560746684,-0.1028507719938393,18432766.619873047
2026-09-11,TNDM,FINAL_VINTAGE_ADJUSTED_DISCOVERY_ONLY,data/baskets/ohlcv/TNDM.parquet,2026-09-11,OBSERVED,17.110000610351562,-0.16250610108816899,-0.15102087989221025,-0.27005118513153425,-0.2594361615179067,31292767.567334857
2026-09-11,UNFI,FINAL_VINTAGE_ADJUSTED_DISCOVERY_ONLY,data/baskets/ohlcv/UNFI.parquet,2026-09-11,OBSERVED,44.45000076293945,0.019028011264988542,0.03051323246094728,-0.07202506582542645,-0.06141004221179891,27207327.89161319
2026-09-11,VSXY,FINAL_VINTAGE_ADJUSTED_DISCOVERY_ONLY,data/baskets/ohlcv/VSXY.parquet,2026-09-11,OBSERVED,75.6500015258789,0.027294977632944084,0.03878019882890282,-0.18673398993808965,-0.1761189663244621,157736005.82972935
2026-09-11,WDC,FINAL_VINTAGE_ADJUSTED_DISCOVERY_ONLY,data/baskets/ohlcv/WDC.parquet,2026-09-11,OBSERVED,447.17999267578125,0.013029699911985881,0.02451492110794462,-0.014922850650352038,-0.004307827036724499,2932591791.080729
2026-09-11,WRLD,FINAL_VINTAGE_ADJUSTED_DISCOVERY_ONLY,data/baskets/ohlcv/WRLD.parquet,2026-09-11,OBSERVED,190.75,-0.004851798368723292,0.006633422827235447,0.005800190555851126,0.016415214169478665,12714246.761503674
2026-09-11,YETI,FINAL_VINTAGE_ADJUSTED_DISCOVERY_ONLY,data/yahoo/YETI.parquet,2026-09-11,OBSERVED,40.2599983215332,-0.028240453174614433,-0.016755231978655694,-0.20810389062353563,-0.1974888670099081,83766442.95868647
2026-09-11,YOU,FINAL_VINTAGE_ADJUSTED_DISCOVERY_ONLY,data/baskets/ohlcv/YOU.parquet,2026-09-11,OBSERVED,42.22999954223633,-0.04962447157915273,-0.03813925038319399,-0.08194876619207558,-0.07133374257844805,69970762.34761193
2026-09-14,ALKS,FINAL_VINTAGE_ADJUSTED_DISCOVERY_ONLY,data/baskets/ohlcv/ALKS.parquet,2026-09-14,OBSERVED,45.83000183105469,-0.005856760347139112,0.006231228914619469,-0.0732052351068474,-0.05135089249631852,62269488.75412714
2026-09-14,AMAT,FINAL_VINTAGE_ADJUSTED_DISCOVERY_ONLY,data/baskets/ohlcv/AMAT.parquet,2026-09-14,OBSERVED,424.2099914550781,-0.0670757198503591,-0.054987730588600514,-0.20555313864655023,-0.18369879603602135,3218618918.681408
2026-09-14,AME,FINAL_VINTAGE_ADJUSTED_DISCOVERY_ONLY,data/baskets/ohlcv/AME.parquet,2026-09-14,OBSERVED,233.3099822998047,-0.0171210230650799,-0.0050330338033213184,-0.08808841596023287,-0.06623407334970399,341094497.9804629
2026-09-14,AMG,FINAL_VINTAGE_ADJUSTED_DISCOVERY_ONLY,data/yahoo/AMG.parquet,2026-09-14,OBSERVED,349.9800109863281,-0.05467016954145898,-0.0425821802797004,-0.046635779985141124,-0.024781437374612247,97554275.02833775
2026-09-14,ASML,FINAL_VINTAGE_ADJUSTED_DISCOVERY_ONLY,data/baskets/ohlcv/ASML.parquet,2026-09-14,OBSERVED,1575.1500244140625,-0.08148090832646837,-0.06939291906470979,-0.14759997640374745,-0.12574563379321857,1996939203.475516
2026-09-14,ATI,FINAL_VINTAGE_ADJUSTED_DISCOVERY_ONLY,data/yahoo/ATI.parquet,2026-09-14,OBSERVED,188.14999389648438,-0.10681225089926538,-0.0947242616375068,-0.17194792322120145,-0.15009358061067257,381656634.02165
2026-09-14,CARG,FINAL_VINTAGE_ADJUSTED_DISCOVERY_ONLY,data/baskets/ohlcv/CARG.parquet,2026-09-14,OBSERVED,34.93000030517578,0.035269667086841094,0.047357656348599675,-0.07933575198956977,-0.05748140937904089,28180373.531904675
2026-09-14,CIEN,FINAL_VINTAGE_ADJUSTED_DISCOVERY_ONLY,data/baskets/ohlcv/CIEN.parquet,2026-09-14,OBSERVED,319.6400146484375,-0.004236714490848947,0.007851274770909633,-0.2781227930168857,-0.2562684504063568,844685317.624628
2026-09-14,CL,FINAL_VINTAGE_ADJUSTED_DISCOVERY_ONLY,data/baskets/ohlcv/CL.parquet,2026-09-14,OBSERVED,87.88999938964844,-0.009913228418339748,0.0021747608434188326,-0.054234379629574114,-0.03238003701904524,381896712.96157837
2026-09-14,COCO,FINAL_VINTAGE_ADJUSTED_DISCOVERY_ONLY,data/baskets/ohlcv/COCO.parquet,2026-09-14,OBSERVED,55.029998779296875,-0.0018139359129487609,0.01027405334880982,-0.15611103278791139,-0.1342566901773825,63571420.445978075
2026-09-14,DGII,FINAL_VINTAGE_ADJUSTED_DISCOVERY_ONLY,data/baskets/ohlcv/DGII.parquet,2026-09-14,OBSERVED,66.6500015258789,-0.039071497413859624,-0.026983508152101043,-0.21717169363778033,-0.19531735102725145,26430436.216336206
2026-09-14,ECG,FINAL_VINTAGE_ADJUSTED_DISCOVERY_ONLY,data/yahoo/ECG.parquet,2026-09-14,OBSERVED,111.23999786376953,-0.05117707360394086,-0.03908908434218228,-0.19098183371803978,-0.1691274911075109,57888377.63214111
2026-09-14,ETSY,FINAL_VINTAGE_ADJUSTED_DISCOVERY_ONLY,data/yahoo/ETSY.parquet,2026-09-14,OBSERVED,74.45999908447266,-0.026793922291462824,-0.014705933029704243,-0.0769802804689198,-0.05512593785839093,227118675.18390474
2026-09-14,FORM,FINAL_VINTAGE_ADJUSTED_DISCOVERY_ONLY,data/baskets/ohlcv/FORM.parquet,2026-09-14,OBSERVED,102.94000244140625,-0.009239644565679273,0.002848344696079308,-0.21819697825677575,-0.19634263564624688,119059729.13545881
2026-09-14,FTI,FINAL_VINTAGE_ADJUSTED_DISCOVERY_ONLY,data/yahoo/FTI.parquet,2026-09-14,OBSERVED,72.87000274658203,-0.08729952293347942,-0.07521153367172084,-0.048967170546950434,-0.027112827936421557,204784159.36682564
2026-09-14,GOOG,FINAL_VINTAGE_ADJUSTED_DISCOVERY_ONLY,data/baskets/ohlcv/GOOG.parquet,2026-09-14,OBSERVED,345.7099914550781,0.031016056700388317,0.0431040459621469,0.005798765754581714,0.02765310836511059,5304385067.541795
2026-09-14,GWW,FINAL_VINTAGE_ADJUSTED_DISCOVERY_ONLY,data/baskets/ohlcv/GWW.parquet,2026-09-14,OBSERVED,1277.510009765625,-0.03547024199136206,-0.02338225272960348,-0.03320013543044198,-0.011345792819913103,284816326.617141
2026-09-14,HAS,FINAL_VINTAGE_ADJUSTED_DISCOVERY_ONLY,data/baskets/ohlcv/HAS.parquet,2026-09-14,OBSERVED,90.76000213623047,-0.019128895130412937,-0.007040905868654357,-0.05438446214094361,-0.032530119530414736,125270911.54883249
2026-09-14,HCSG,FINAL_VINTAGE_ADJUSTED_DISCOVERY_ONLY,data/baskets/ohlcv/HCSG.parquet,2026-09-14,OBSERVED,22.040000915527344,0.010082549210819192,0.022170538472577772,0.045045080894552836,0.06689942350508171,13124364.124679565
2026-09-14,HSBC,FINAL_VINTAGE_ADJUSTED_DISCOVERY_ONLY,data/yahoo/HSBC.parquet,2026-09-14,OBSERVED,103.94000244140625,-0.029595725430692887,-0.017507736168934307,0.003766290469866096,0.025620633080394972,115175976.0315668
2026-09-14,IESC,FINAL_VINTAGE_ADJUSTED_DISCOVERY_ONLY,data/baskets/ohlcv/IESC.parquet,2026-09-14,OBSERVED,319.54998779296875,-0.009362369292488348,0.002725619969270232,-0.14609057038480344,-0.12423622777427457,92171470.91326033
2026-09-14,JBHT,FINAL_VINTAGE_ADJUSTED_DISCOVERY_ONLY,data/baskets/ohlcv/JBHT.parquet,2026-09-14,OBSERVED,274.989990234375,0.004456300068164776,0.016544289329923356,-0.02596350559535754,-0.004109162984828663,213720001.4312744
2026-09-14,KEYS,FINAL_VINTAGE_ADJUSTED_DISCOVERY_ONLY,data/baskets/ohlcv/KEYS.parquet,2026-09-14,OBSERVED,314.9599914550781,-0.037437732098354215,-0.025349742836595635,-0.10990536661757344,-0.08805102400704456,452996457.7614921
2026-09-14,KLIC,FINAL_VINTAGE_ADJUSTED_DISCOVERY_ONLY,data/baskets/ohlcv/KLIC.parquet,2026-09-14,OBSERVED,79.24525451660156,-0.02658668811890097,-0.01449869885714239,-0.17066808875103112,-0.14881374614050225,58571299.00087629
2026-09-14,LSCC,FINAL_VINTAGE_ADJUSTED_DISCOVERY_ONLY,data/yahoo/LSCC.parquet,2026-09-14,OBSERVED,106.5,-0.08110441244282485,-0.06901642318106627,-0.1707544493219979,-0.14890010671146903,150524343.82128033
2026-09-14,MEDP,FINAL_VINTAGE_ADJUSTED_DISCOVERY_ONLY,data/yahoo/MEDP.parquet,2026-09-14,OBSERVED,595.4099731445312,0.006967808131862041,0.01905579739362062,0.023129067196774322,0.0449834098073032,116994289.89257812
2026-09-14,MGY,FINAL_VINTAGE_ADJUSTED_DISCOVERY_ONLY,data/baskets/ohlcv/MGY.parquet,2026-09-14,OBSERVED,27.6200008392334,0.030597075578976396,0.042685064840734976,0.06805878528004827,0.08991312789057715,92472631.8706785
2026-09-14,MOG-A,FINAL_VINTAGE_ADJUSTED_DISCOVERY_ONLY,data/baskets/ohlcv/MOG-A.parquet,2026-09-14,OBSERVED,362.4100036621094,-0.024940780231230142,-0.012852790969471561,-0.15098623413101608,-0.1291318915204872,87883539.27597773
2026-09-14,MRP,FINAL_VINTAGE_ADJUSTED_DISCOVERY_ONLY,data/yahoo/MRP.parquet,2026-09-14,OBSERVED,29.459999084472656,-0.07995007297603929,-0.06786208371428071,-0.025793673695410413,-0.003939331084881537,30796158.713150024
2026-09-14,MSM,FINAL_VINTAGE_ADJUSTED_DISCOVERY_ONLY,data/baskets/ohlcv/MSM.parquet,2026-09-14,OBSERVED,119.27999877929688,-0.017543899337491342,-0.005455910075732762,-0.016571870072210948,0.005282472538317928,67417735.74189685
2026-09-14,MTSI,FINAL_VINTAGE_ADJUSTED_DISCOVERY_ONLY,data/yahoo/MTSI.parquet,2026-09-14,OBSERVED,239.6199951171875,-0.10905378605175975,-0.09696579679000117,-0.21963135210582818,-0.1977770094952993,343296842.14114237
2026-09-14,ODFL,FINAL_VINTAGE_ADJUSTED_DISCOVERY_ONLY,data/baskets/ohlcv/ODFL.parquet,2026-09-14,OBSERVED,181.91000366210938,-0.02130516790825454,-0.00921717864649596,-0.15546037069437524,-0.13360602808384636,311080722.2801572
2026-09-14,P,FINAL_VINTAGE_ADJUSTED_DISCOVERY_ONLY,data/yahoo/P.parquet,2026-09-14,OBSERVED,93.77999877929688,-0.05758218504597301,-0.04549419578421443,-0.20085215169407988,-0.178997809083551,328196565.9408206
2026-09-14,PJT,FINAL_VINTAGE_ADJUSTED_DISCOVERY_ONLY,data/baskets/ohlcv/PJT.parquet,2026-09-14,OBSERVED,160.7899932861328,-0.12006787585175704,-0.10797988658999846,-0.09977741185214606,-0.07792306924161718,68119863.69076684
2026-09-14,RELY,FINAL_VINTAGE_ADJUSTED_DISCOVERY_ONLY,data/baskets/ohlcv/RELY.parquet,2026-09-14,OBSERVED,22.25,-0.14978983816835645,-0.13770184890659787,-0.13153788949423917,-0.10968354688371029,90212017.20435733
2026-09-14,RL,FINAL_VINTAGE_ADJUSTED_DISCOVERY_ONLY,data/baskets/ohlcv/RL.parquet,2026-09-14,OBSERVED,340.4596252441406,-0.027818950338615256,-0.015730961076856675,-0.1186401967021593,-0.09678585409163043,223064427.19421387
2026-09-14,ROST,FINAL_VINTAGE_ADJUSTED_DISCOVERY_ONLY,data/baskets/ohlcv/ROST.parquet,2026-09-14,OBSERVED,230.0399932861328,-0.0008904301096860356,0.011197559152072545,-0.05909298114703532,-0.03723863853650644,624660323.7487066
2026-09-14,SNDR,FINAL_VINTAGE_ADJUSTED_DISCOVERY_ONLY,data/yahoo/SNDR.parquet,2026-09-14,OBSERVED,34.130001068115234,-0.023098697661468437,-0.011010708399709856,-0.05752693829812716,-0.035672595687598285,19685196.681122553
2026-09-14,SONO,FINAL_VINTAGE_ADJUSTED_DISCOVERY_ONLY,data/baskets/ohlcv/SONO.parquet,2026-09-14,OBSERVED,15.579999923706055,0.014322934371497231,0.02641092363325581,-0.06088006145824443,-0.03902571884771555,22744757.034083776
2026-09-14,SVM,FINAL_VINTAGE_ADJUSTED_DISCOVERY_ONLY,data/baskets/ohlcv/SVM.parquet,2026-09-14,OBSERVED,11.4399995803833,-0.08333333333333337,-0.07124534407157479,-0.02886249238497518,-0.007008149774446304,27761677.606977735
2026-09-14,TALO,FINAL_VINTAGE_ADJUSTED_DISCOVERY_ONLY,data/baskets/ohlcv/TALO.parquet,2026-09-14,OBSERVED,17.65999984741211,0.04869356813504577,0.06078155739680435,0.1430420754323678,0.16489641804289668,29149323.99517241
2026-09-14,TER,FINAL_VINTAGE_ADJUSTED_DISCOVERY_ONLY,data/baskets/ohlcv/TER.parquet,2026-09-14,OBSERVED,329.20001220703125,-0.07794859442460778,-0.0658606051628492,-0.19778215619918382,-0.17592781358865495,922905502.4492537
2026-09-14,TILE,FINAL_VINTAGE_ADJUSTED_DISCOVERY_ONLY,data/baskets/ohlcv/TILE.parquet,2026-09-14,OBSERVED,34.43000030517578,-0.07545653186465451,-0.06336854260289593,-0.11029155104945387,-0.088437208438925,18074189.79357765
2026-09-14,TPR,FINAL_VINTAGE_ADJUSTED_DISCOVERY_ONLY,data/baskets/ohlcv/TPR.parquet,2026-09-14,OBSERVED,117.91000366210938,-0.03463235425476485,-0.02254436499300627,-0.07814488730005553,-0.056290544689526656,449536537.26367044
2026-09-14,VSXY,FINAL_VINTAGE_ADJUSTED_DISCOVERY_ONLY,data/baskets/ohlcv/VSXY.parquet,2026-09-14,OBSERVED,74.54000091552734,-0.013499161937842064,-0.001411172676083483,-0.181418812716708,-0.15956447010617913,158240706.7488171
2026-09-14,WDC,FINAL_VINTAGE_ADJUSTED_DISCOVERY_ONLY,data/baskets/ohlcv/WDC.parquet,2026-09-14,OBSERVED,426.94000244140625,-0.08638798109792112,-0.07429999183616254,-0.1235669835259684,-0.10171264091543952,2879133349.8786564
2026-09-14,WTS,FINAL_VINTAGE_ADJUSTED_DISCOVERY_ONLY,data/baskets/ohlcv/WTS.parquet,2026-09-14,OBSERVED,351.92999267578125,-0.030842982007630138,-0.018754992745871557,-0.07965731645427376,-0.05780297384374489,65327864.12164597
2026-09-14,YOU,FINAL_VINTAGE_ADJUSTED_DISCOVERY_ONLY,data/baskets/ohlcv/YOU.parquet,2026-09-14,OBSERVED,42.2400016784668,-0.04382405682120216,-0.03173606755944358,-0.07187903089195546,-0.05002468828142659,69893968.79519507
2026-09-16,AMAT,FINAL_VINTAGE_ADJUSTED_DISCOVERY_ONLY,data/baskets/ohlcv/AMAT.parquet,2026-09-16,OBSERVED,415.3800048828125,-0.11404500485150404,-0.10309271114820617,-0.2232086857080765,-0.199110460698659,2878661754.8435755
2026-09-16,AME,FINAL_VINTAGE_ADJUSTED_DISCOVERY_ONLY,data/baskets/ohlcv/AME.parquet,2026-09-16,OBSERVED,232.19000244140625,-0.0158362695749531,-0.004883975871655233,-0.08514628048284123,-0.061048055473423735,329622230.8340163
2026-09-16,ASML,FINAL_VINTAGE_ADJUSTED_DISCOVERY_ONLY,data/baskets/ohlcv/ASML.parquet,2026-09-16,OBSERVED,1602.219970703125,-0.07360426441471724,-0.06265197071141937,-0.1491673526607007,-0.1250691276512832,2021440525.3423781
2026-09-16,ATI,FINAL_VINTAGE_ADJUSTED_DISCOVERY_ONLY,data/yahoo/ATI.parquet,2026-09-16,OBSERVED,189.64999389648438,-0.08177592688428947,-0.07082363318099161,-0.1817672150517573,-0.1576689900423398,382410659.39193
2026-09-16,CARG,FINAL_VINTAGE_ADJUSTED_DISCOVERY_ONLY,data/baskets/ohlcv/CARG.parquet,2026-09-16,OBSERVED,34.70000076293945,0.0683497922411076,0.07930208594440546,-0.02991332628266663,-0.005815101273249135,29635421.47300357
2026-09-16,CIEN,FINAL_VINTAGE_ADJUSTED_DISCOVERY_ONLY,data/baskets/ohlcv/CIEN.parquet,2026-09-16,OBSERVED,340.5,0.007396449704142105,0.01834874340743997,-0.23514082932297975,-0.21104260431356225,848898760.1671492
2026-09-16,CL,FINAL_VINTAGE_ADJUSTED_DISCOVERY_ONLY,data/baskets/ohlcv/CL.parquet,2026-09-16,OBSERVED,87.0199966430664,-0.011473385780257472,-0.0005210920769596061,-0.03536196068929265,-0.011263735679875153,397226799.8974028
2026-09-16,CNK,FINAL_VINTAGE_ADJUSTED_DISCOVERY_ONLY,data/baskets/ohlcv/CNK.parquet,2026-09-16,OBSERVED,34.029998779296875,-0.03734086992367369,-0.026388576220375826,-0.09082922559721418,-0.06673100058779668,72861746.64708093
2026-09-16,COCO,FINAL_VINTAGE_ADJUSTED_DISCOVERY_ONLY,data/baskets/ohlcv/COCO.parquet,2026-09-16,OBSERVED,56.369998931884766,0.09477562816741547,0.10572792187071334,-0.139389329284202,-0.1152911042747845,71544563.61654373
2026-09-16,DGII,FINAL_VINTAGE_ADJUSTED_DISCOVERY_ONLY,data/baskets/ohlcv/DGII.parquet,2026-09-16,OBSERVED,70.12999725341797,0.017704157981048185,0.02865645168434605,-0.1585073153940939,-0.1344090903846764,26301930.020868212
2026-09-16,EAT,FINAL_VINTAGE_ADJUSTED_DISCOVERY_ONLY,data/baskets/ohlcv/EAT.parquet,2026-09-16,OBSERVED,210.61000061035156,-0.021828976831246072,-0.010876683127948206,-0.1286666056003687,-0.1045683805909512,215475549.6920631
2026-09-16,ECG,FINAL_VINTAGE_ADJUSTED_DISCOVERY_ONLY,data/yahoo/ECG.parquet,2026-09-16,OBSERVED,111.27999877929688,-0.05124053277618179,-0.040288239072883925,-0.22398881788219493,-0.19989059287277744,58905446.16960798
2026-09-16,ETSY,FINAL_VINTAGE_ADJUSTED_DISCOVERY_ONLY,data/yahoo/ETSY.parquet,2026-09-16,OBSERVED,73.45999908447266,0.031886452664961595,0.04283874636825946,-0.06312975827635048,-0.03903153326693298,228018043.4475127
2026-09-16,FIVE,FINAL_VINTAGE_ADJUSTED_DISCOVERY_ONLY,data/baskets/ohlcv/FIVE.parquet,2026-09-16,OBSERVED,237.67999267578125,-0.03820007538009895,-0.027247781676801086,-0.0036888199690576773,0.020409405040359818,306513003.64299953
2026-09-16,FORM,FINAL_VINTAGE_ADJUSTED_DISCOVERY_ONLY,data/baskets/ohlcv/FORM.parquet,2026-09-16,OBSERVED,104.81999969482422,-0.0819758327669865,-0.07102353906368863,-0.24131444038480954,-0.21721621537539204,115246646.73738025
2026-09-16,GOOG,FINAL_VINTAGE_ADJUSTED_DISCOVERY_ONLY,data/baskets/ohlcv/GOOG.parquet,2026-09-16,OBSERVED,339.3599853515625,0.03343681194190973,0.044389105645207594,-0.005475802394607099,0.018622422614810397,5345790934.682937
2026-09-16,GWW,FINAL_VINTAGE_ADJUSTED_DISCOVERY_ONLY,data/baskets/ohlcv/GWW.parquet,2026-09-16,OBSERVED,1258.260009765625,-0.016084973761893107,-0.00513268005859524,-0.04509443986646822,-0.02099621485705072,296487094.27257717
2026-09-16,HAS,FINAL_VINTAGE_ADJUSTED_DISCOVERY_ONLY,data/baskets/ohlcv/HAS.parquet,2026-09-16,OBSERVED,89.30000305175781,0.0037091359618628417,0.014661429665160708,-0.053444921313620664,-0.029346696304203168,126413396.86802456
2026-09-16,HCSG,FINAL_VINTAGE_ADJUSTED_DISCOVERY_ONLY,data/baskets/ohlcv/HCSG.parquet,2026-09-16,OBSERVED,21.889999389648438,-0.006355029170831528,0.004597264532466339,0.013895286472454638,0.03799351148187213,12614769.138590494
2026-09-16,HSBC,FINAL_VINTAGE_ADJUSTED_DISCOVERY_ONLY,data/yahoo/HSBC.parquet,2026-09-16,OBSERVED,100.83999633789062,-0.04062414848887763,-0.029671854785579765,-0.02851644149173327,-0.004418216482315773,126918023.86983235
2026-09-16,IAG,FINAL_VINTAGE_ADJUSTED_DISCOVERY_ONLY,data/baskets/ohlcv/IAG.parquet,2026-09-16,OBSERVED,19.479999542236328,-0.05160668578596317,-0.0406543920826653,0.022572195401417305,0.0466704204108348,99208174.93519557
2026-09-16,IESC,FINAL_VINTAGE_ADJUSTED_DISCOVERY_ONLY,data/baskets/ohlcv/IESC.parquet,2026-09-16,OBSERVED,325.0199890136719,0.001108807206006146,0.012061100909304012,-0.18126862809506683,-0.15717040308564934,87188527.59806316
2026-09-16,JBHT,FINAL_VINTAGE_ADJUSTED_DISCOVERY_ONLY,data/baskets/ohlcv/JBHT.parquet,2026-09-16,OBSERVED,236.72999572753906,-0.11601939313548182,-0.10506709943218395,-0.16459046544557587,-0.14049224043615838,250023917.9457165
2026-09-16,KEYS,FINAL_VINTAGE_ADJUSTED_DISCOVERY_ONLY,data/baskets/ohlcv/KEYS.parquet,2026-09-16,OBSERVED,322.0400085449219,-0.027098882076268427,-0.01614658837297056,-0.10829291433623145,-0.08419468932681395,454290177.87083215
2026-09-16,KLIC,FINAL_VINTAGE_ADJUSTED_DISCOVERY_ONLY,data/baskets/ohlcv/KLIC.parquet,2026-09-16,OBSERVED,79.34500122070312,-0.05048930818678099,-0.039537014483483124,-0.21833542756152624,-0.19423720255210875,55320360.068076
2026-09-16,LSCC,FINAL_VINTAGE_ADJUSTED_DISCOVERY_ONLY,data/yahoo/LSCC.parquet,2026-09-16,OBSERVED,106.31999969482422,-0.07908183191647089,-0.06812953821317302,-0.1986130914132247,-0.1745148664038072,152038658.90052432
2026-09-16,MEDP,FINAL_VINTAGE_ADJUSTED_DISCOVERY_ONLY,data/yahoo/MEDP.parquet,2026-09-16,OBSERVED,616.4400024414062,0.05140715551077313,0.062359449214070994,0.032355317996723754,0.05645354300614125,121344764.33890207
2026-09-16,MGY,FINAL_VINTAGE_ADJUSTED_DISCOVERY_ONLY,data/baskets/ohlcv/MGY.parquet,2026-09-16,OBSERVED,26.100000381469727,-0.060813259387600405,-0.04986096568430254,-0.025755898114124265,-0.0016576731047067694,99353388.03246816
2026-09-16,MOG-A,FINAL_VINTAGE_ADJUSTED_DISCOVERY_ONLY,data/baskets/ohlcv/MOG-A.parquet,2026-09-16,OBSERVED,359.70001220703125,-0.021251115210642824,-0.010298821507344957,-0.19237503196472683,-0.16827680695530933,85124639.27190872
2026-09-16,MRP,FINAL_VINTAGE_ADJUSTED_DISCOVERY_ONLY,data/yahoo/MRP.parquet,2026-09-16,OBSERVED,28.950000762939453,-0.05050833124759435,-0.039556037544296485,-0.04011933324251926,-0.016021108233101766,31962226.392900378
2026-09-16,MSM,FINAL_VINTAGE_ADJUSTED_DISCOVERY_ONLY,data/baskets/ohlcv/MSM.parquet,2026-09-16,OBSERVED,120.4800033569336,0.008791786394329426,0.019744080097627292,-0.033065771810929845,-0.00896754680151235,68601055.26642573
2026-09-16,MTSI,FINAL_VINTAGE_ADJUSTED_DISCOVERY_ONLY,data/yahoo/MTSI.parquet,2026-09-16,OBSERVED,251.75,-0.12012440830327298,-0.10917211459997511,-0.23136811608624752,-0.20726989107683003,343840721.15958077
2026-09-16,PJT,FINAL_VINTAGE_ADJUSTED_DISCOVERY_ONLY,data/baskets/ohlcv/PJT.parquet,2026-09-16,OBSERVED,152.60000610351562,-0.14260023729226534,-0.13164794358896748,-0.10615106045415901,-0.08205283544474151,68050632.25700742
2026-09-16,RELY,FINAL_VINTAGE_ADJUSTED_DISCOVERY_ONLY,data/baskets/ohlcv/RELY.parquet,2026-09-16,OBSERVED,22.149999618530273,-0.07976734942405517,-0.0688150557207573,-0.15779466687901333,-0.13369644186959584,90246831.71519324
2026-09-16,RL,FINAL_VINTAGE_ADJUSTED_DISCOVERY_ONLY,data/baskets/ohlcv/RL.parquet,2026-09-16,OBSERVED,337.3983459472656,0.008194044635912778,0.019146338339210645,-0.10795919445888924,-0.08386096944947175,226929190.56905112
2026-09-16,ROST,FINAL_VINTAGE_ADJUSTED_DISCOVERY_ONLY,data/baskets/ohlcv/ROST.parquet,2026-09-16,OBSERVED,224.8000030517578,-0.0020863906058912196,0.008865903097406647,-0.04269600585227684,-0.018597780842859346,610664567.5757998
2026-09-16,SEZL,FINAL_VINTAGE_ADJUSTED_DISCOVERY_ONLY,data/baskets/ohlcv/SEZL.parquet,2026-09-16,OBSERVED,117.31999969482422,0.001536625457688734,0.0124889191609866,-0.039777382535705286,-0.01567915752628779,47599286.63867769
2026-09-16,SHOO,FINAL_VINTAGE_ADJUSTED_DISCOVERY_ONLY,data/baskets/ohlcv/SHOO.parquet,2026-09-16,OBSERVED,41.5099983215332,-0.0400181346425752,-0.029065840939277332,-0.10470361482103607,-0.08060538981161858,42248717.32880729
2026-09-16,SNDR,FINAL_VINTAGE_ADJUSTED_DISCOVERY_ONLY,data/yahoo/SNDR.parquet,2026-09-16,OBSERVED,32.75,-0.02676890645132257,-0.015816612748024705,-0.09787007070902476,-0.07377184569960726,20059238.46791585
2026-09-16,SONO,FINAL_VINTAGE_ADJUSTED_DISCOVERY_ONLY,data/baskets/ohlcv/SONO.parquet,2026-09-16,OBSERVED,15.600000381469727,0.07216496061652844,0.0831172543198263,0.00970877501983125,0.033807000029248746,23044990.6791687
2026-09-16,SVM,FINAL_VINTAGE_ADJUSTED_DISCOVERY_ONLY,data/baskets/ohlcv/SVM.parquet,2026-09-16,OBSERVED,11.180000305175781,-0.1091633358356835,-0.09821104213238563,-0.06208051731390907,-0.03798229230449157,27313872.031715937
2026-09-16,TER,FINAL_VINTAGE_ADJUSTED_DISCOVERY_ONLY,data/baskets/ohlcv/TER.parquet,2026-09-16,OBSERVED,341.1499938964844,-0.11087077660153055,-0.09991848289823269,-0.2298573030435055,-0.205759078034088,904571196.6541109
2026-09-16,TPR,FINAL_VINTAGE_ADJUSTED_DISCOVERY_ONLY,data/baskets/ohlcv/TPR.parquet,2026-09-16,OBSERVED,117.94000244140625,0.03719992428978225,0.048152217993080115,-0.08241290490926423,-0.05831467989984673,417264919.00006247
2026-09-16,VSXY,FINAL_VINTAGE_ADJUSTED_DISCOVERY_ONLY,data/baskets/ohlcv/VSXY.parquet,2026-09-16,OBSERVED,73.95999908447266,-0.023243556627799644,-0.012291262924501778,-0.12057074403834478,-0.09647251902892728,155936481.72948927
2026-09-16,WDC,FINAL_VINTAGE_ADJUSTED_DISCOVERY_ONLY,data/baskets/ohlcv/WDC.parquet,2026-09-16,OBSERVED,416.9700012207031,-0.1354192538025638,-0.12446696009926594,-0.22183572023323395,-0.19773749522381645,2706393599.7481575
2026-09-16,WRLD,FINAL_VINTAGE_ADJUSTED_DISCOVERY_ONLY,data/baskets/ohlcv/WRLD.parquet,2026-09-16,OBSERVED,185.58999633789062,-0.020271321788324026,-0.00931902808502616,-0.023210545590049314,0.0008876794193681814,12362337.781633649
2026-09-16,WTS,FINAL_VINTAGE_ADJUSTED_DISCOVERY_ONLY,data/baskets/ohlcv/WTS.parquet,2026-09-16,OBSERVED,348.7799987792969,-0.021078361967812875,-0.010126068264515009,-0.09293882135141907,-0.06884059634200157,66288099.400983535
2026-09-16,YETI,FINAL_VINTAGE_ADJUSTED_DISCOVERY_ONLY,data/yahoo/YETI.parquet,2026-09-16,OBSERVED,40.54999923706055,0.0009874331568677785,0.011939726860165645,-0.056976761928824504,-0.03287853691940701,65612209.69825018
2026-09-17,ABNB,FINAL_VINTAGE_ADJUSTED_DISCOVERY_ONLY,data/baskets/ohlcv/ABNB.parquet,2026-09-17,OBSERVED,165.92999267578125,-0.010259476786889321,-0.016553756781828577,-0.0945157289179741,-0.08819606469747387,790041505.6683495
2026-09-17,ACMR,FINAL_VINTAGE_ADJUSTED_DISCOVERY_ONLY,data/baskets/ohlcv/ACMR.parquet,2026-09-17,OBSERVED,67.7699966430664,-0.06382100822676173,-0.07011528822170099,-0.19675246607939834,-0.1904328018588981,59776663.485172816
2026-09-17,AME,FINAL_VINTAGE_ADJUSTED_DISCOVERY_ONLY,data/baskets/ohlcv/AME.parquet,2026-09-17,OBSERVED,234.32000732421875,0.0017993564277054563,-0.0044949235672337995,-0.061316528911879,-0.054996864691378766,332114409.70161074
2026-09-17,ASML,FINAL_VINTAGE_ADJUSTED_DISCOVERY_ONLY,data/baskets/ohlcv/ASML.parquet,2026-09-17,OBSERVED,1629.6700439453125,-0.03422957273909,-0.04052385273402925,-0.09612416022410819,-0.08980449600360796,2000036828.0442011
2026-09-17,ATI,FINAL_VINTAGE_ADJUSTED_DISCOVERY_ONLY,data/yahoo/ATI.parquet,2026-09-17,OBSERVED,183.63999938964844,-0.07718593271533447,-0.08348021271027373,-0.1890841917103797,-0.18276452748987948,388668934.54517186
2026-09-17,CARG,FINAL_VINTAGE_ADJUSTED_DISCOVERY_ONLY,data/baskets/ohlcv/CARG.parquet,2026-09-17,OBSERVED,33.75,0.013513536734218068,0.007219256739278812,-0.0681943991567645,-0.061874734936264275,30086771.666572206
2026-09-17,CIEN,FINAL_VINTAGE_ADJUSTED_DISCOVERY_ONLY,data/baskets/ohlcv/CIEN.parquet,2026-09-17,OBSERVED,344.25,0.0289634221428674,0.022669142147928145,-0.15113184212041253,-0.1448121778999123,851658839.0680223
2026-09-17,CL,FINAL_VINTAGE_ADJUSTED_DISCOVERY_ONLY,data/baskets/ohlcv/CL.parquet,2026-09-17,OBSERVED,87.7300033569336,-0.001933995062505911,-0.008228275057445167,-0.040782809587544766,-0.034463145367044534,400462086.4065261
2026-09-17,CNK,FINAL_VINTAGE_ADJUSTED_DISCOVERY_ONLY,data/baskets/ohlcv/CNK.parquet,2026-09-17,OBSERVED,34.52000045776367,-0.01792321595352997,-0.024217495948469225,-0.057131654860508974,-0.05081199064000874,73800850.15304202
2026-09-17,COCO,FINAL_VINTAGE_ADJUSTED_DISCOVERY_ONLY,data/baskets/ohlcv/COCO.parquet,2026-09-17,OBSERVED,56.2400016784668,0.10058714985967732,0.09429286986473806,-0.11488824570156153,-0.1085685814810613,75188748.42164175
2026-09-17,DAVE,FINAL_VINTAGE_ADJUSTED_DISCOVERY_ONLY,data/baskets/ohlcv/DAVE.parquet,2026-09-17,OBSERVED,356.489990234375,-0.005218202906646985,-0.01151248290158624,0.0700905762118631,0.07641024043236333,119268872.6029169
2026-09-17,DGII,FINAL_VINTAGE_ADJUSTED_DISCOVERY_ONLY,data/baskets/ohlcv/DGII.parquet,2026-09-17,OBSERVED,72.66000366210938,0.0565654676302092,0.05027118763526994,-0.10340569050773973,-0.0970860262872395,26085478.836313885
2026-09-17,DRH,FINAL_VINTAGE_ADJUSTED_DISCOVERY_ONLY,data/baskets/ohlcv/DRH.parquet,2026-09-17,OBSERVED,12.141940116882324,0.005747059699446888,-0.0005472202954923677,-0.01921534898393329,-0.012895684763433057,32806422.017270043
2026-09-17,EAT,FINAL_VINTAGE_ADJUSTED_DISCOVERY_ONLY,data/baskets/ohlcv/EAT.parquet,2026-09-17,OBSERVED,199.55999755859375,-0.07047372821630027,-0.07676800821123952,-0.15315084775153498,-0.14683118353103475,218115526.63036528
2026-09-17,ENVA,FINAL_VINTAGE_ADJUSTED_DISCOVERY_ONLY,data/baskets/ohlcv/ENVA.parquet,2026-09-17,OBSERVED,179.05999755859375,-0.19725634574366935,-0.2035506257386086,-0.31656489481452765,-0.3102452305940274,79387062.54425049
2026-09-17,ETSY,FINAL_VINTAGE_ADJUSTED_DISCOVERY_ONLY,data/yahoo/ETSY.parquet,2026-09-17,OBSERVED,72.33999633789062,0.010476324044774943,0.004182044049835687,-0.09529768426500329,-0.08897802004450306,228857362.66461328
2026-09-17,FIVE,FINAL_VINTAGE_ADJUSTED_DISCOVERY_ONLY,data/baskets/ohlcv/FIVE.parquet,2026-09-17,OBSERVED,236.8000030517578,-0.018567621643752585,-0.02486190163869184,-0.0071694750511979155,-0.0008498108306976837,313560734.2506045
2026-09-17,FTI,FINAL_VINTAGE_ADJUSTED_DISCOVERY_ONLY,data/yahoo/FTI.parquet,2026-09-17,OBSERVED,72.73999786376953,-0.03757612990845738,-0.043870409903396634,-0.07089031788039069,-0.06457065365989045,199178766.8659392
2026-09-17,IESC,FINAL_VINTAGE_ADJUSTED_DISCOVERY_ONLY,data/baskets/ohlcv/IESC.parquet,2026-09-17,OBSERVED,317.1600036621094,-0.007386033527503444,-0.0136803135224427,-0.1414068596085617,-0.13508719538806147,85559482.66950335
2026-09-17,INDV,FINAL_VINTAGE_ADJUSTED_DISCOVERY_ONLY,data/baskets/ohlcv/INDV.parquet,2026-09-17,OBSERVED,35.689998626708984,0.03419299804600384,0.027898718051064586,-0.09485167764444236,-0.08853201342394212,70982080.50544375
2026-09-17,JBHT,FINAL_VINTAGE_ADJUSTED_DISCOVERY_ONLY,data/baskets/ohlcv/JBHT.parquet,2026-09-17,OBSERVED,236.8000030517578,-0.11585701779563551,-0.12215129779057476,-0.13636529069887804,-0.1300456264783778,264290542.96271914
2026-09-17,KEYS,FINAL_VINTAGE_ADJUSTED_DISCOVERY_ONLY,data/baskets/ohlcv/KEYS.parquet,2026-09-17,OBSERVED,331.44000244140625,0.017779851538281877,0.011485571543342621,-0.02803518345628664,-0.021715519235786407,414310751.71232677
2026-09-17,KLIC,FINAL_VINTAGE_ADJUSTED_DISCOVERY_ONLY,data/baskets/ohlcv/KLIC.parquet,2026-09-17,OBSERVED,81.91999816894531,-0.01010425076235233,-0.016398530757291585,-0.1078464990715301,-0.10152683485102987,53973495.13073876
2026-09-17,LQDT,FINAL_VINTAGE_ADJUSTED_DISCOVERY_ONLY,data/baskets/ohlcv/LQDT.parquet,2026-09-17,OBSERVED,43.18000030517578,0.04073267192915275,0.0344383919342135,-0.0018492376204647387,0.004470426600035493,8354490.915770758
2026-09-17,LSCC,FINAL_VINTAGE_ADJUSTED_DISCOVERY_ONLY,data/yahoo/LSCC.parquet,2026-09-17,OBSERVED,108.52999877929688,-0.04915017207245875,-0.05544445206739801,-0.12623782642903114,-0.11991816220853091,150490418.74465942
2026-09-17,MEDP,FINAL_VINTAGE_ADJUSTED_DISCOVERY_ONLY,data/yahoo/MEDP.parquet,2026-09-17,OBSERVED,615.1799926757812,0.054907780036052234,0.04861350004111298,0.04214806945166072,0.04846773367216095,124251175.47956194
2026-09-17,MOG-A,FINAL_VINTAGE_ADJUSTED_DISCOVERY_ONLY,data/baskets/ohlcv/MOG-A.parquet,2026-09-17,OBSERVED,355.6300048828125,-0.03024104575964026,-0.03653532575457952,-0.18752139127417988,-0.18120172705367965,84720178.02589053
2026-09-17,MRP,FINAL_VINTAGE_ADJUSTED_DISCOVERY_ONLY,data/yahoo/MRP.parquet,2026-09-17,OBSERVED,28.790000915527344,-0.027036134942046597,-0.03333041493698585,-0.0384101402143302,-0.03209047599382997,32176263.13356672
2026-09-17,MSM,FINAL_VINTAGE_ADJUSTED_DISCOVERY_ONLY,data/baskets/ohlcv/MSM.parquet,2026-09-17,OBSERVED,121.76000213623047,0.01737969439965603,0.011085414404716776,-0.0067704888364011895,-0.0004508246159009577,69087336.4020938
2026-09-17,MTSI,FINAL_VINTAGE_ADJUSTED_DISCOVERY_ONLY,data/yahoo/MTSI.parquet,2026-09-17,OBSERVED,263.1400146484375,-0.0341004231439368,-0.040394703138876054,-0.10154325914558282,-0.09522359492508259,327978976.6852969
2026-09-17,PGNY,FINAL_VINTAGE_ADJUSTED_DISCOVERY_ONLY,data/baskets/ohlcv/PGNY.parquet,2026-09-17,OBSERVED,27.010000228881836,-0.002584922268147438,-0.008879202263086694,0.05056402919883052,0.05688369341933075,27033604.076467242
2026-09-17,PJT,FINAL_VINTAGE_ADJUSTED_DISCOVERY_ONLY,data/baskets/ohlcv/PJT.parquet,2026-09-17,OBSERVED,151.22999572753906,-0.11942476481661335,-0.1257190448115526,-0.10770385518220482,-0.10138419096170459,66095159.31977771
2026-09-17,RELY,FINAL_VINTAGE_ADJUSTED_DISCOVERY_ONLY,data/baskets/ohlcv/RELY.parquet,2026-09-17,OBSERVED,21.729999542236328,-0.009119961703431878,-0.015414241698371134,-0.14583336925856394,-0.1395137050380637,91730268.7547502
2026-09-17,RL,FINAL_VINTAGE_ADJUSTED_DISCOVERY_ONLY,data/baskets/ohlcv/RL.parquet,2026-09-17,OBSERVED,332.13336181640625,-0.01066327995739158,-0.016957559952330836,-0.11941837988813253,-0.1130987156676323,226249470.7863944
2026-09-17,SEZL,FINAL_VINTAGE_ADJUSTED_DISCOVERY_ONLY,data/baskets/ohlcv/SEZL.parquet,2026-09-17,OBSERVED,113.08000183105469,-0.04501310418217863,-0.05130738417711789,-0.03498889284385842,-0.02866922862335819,47063682.87164597
2026-09-17,SHOO,FINAL_VINTAGE_ADJUSTED_DISCOVERY_ONLY,data/baskets/ohlcv/SHOO.parquet,2026-09-17,OBSERVED,41.79999923706055,0.010882634179777861,0.004588354184838606,-0.10134149824981853,-0.0950218340293183,41373547.92117164
2026-09-17,SNDK,FINAL_VINTAGE_ADJUSTED_DISCOVERY_ONLY,data/baskets/ohlcv/SNDK.parquet,2026-09-17,OBSERVED,1614.3900146484375,-0.046201355763074825,-0.05249563575801408,-0.007005876836464475,-0.0006862126159642434,16984376450.42434
2026-09-17,TALO,FINAL_VINTAGE_ADJUSTED_DISCOVERY_ONLY,data/baskets/ohlcv/TALO.parquet,2026-09-17,OBSERVED,17.149999618530273,-0.022234964460681406,-0.02852924445562066,0.048288446131160345,0.05460811035166058,32773505.42505355
2026-09-17,TDY,FINAL_VINTAGE_ADJUSTED_DISCOVERY_ONLY,data/baskets/ohlcv/TDY.parquet,2026-09-17,OBSERVED,601.97998046875,0.00918689097862524,0.0028926109836859837,-0.0947669466635338,-0.08844728244303357,152048225.6359282
2026-09-17,TER,FINAL_VINTAGE_ADJUSTED_DISCOVERY_ONLY,data/baskets/ohlcv/TER.parquet,2026-09-17,OBSERVED,353.1300048828125,-0.046084436224865355,-0.05237871621980461,-0.1262073077610829,-0.11988764354058268,865621289.8466564
2026-09-17,TPR,FINAL_VINTAGE_ADJUSTED_DISCOVERY_ONLY,data/baskets/ohlcv/TPR.parquet,2026-09-17,OBSERVED,116.04000091552734,0.0014671456366244229,-0.004827134358314833,-0.11931125642830154,-0.1129915922078013,404621456.83982486
2026-09-17,VSXY,FINAL_VINTAGE_ADJUSTED_DISCOVERY_ONLY,data/baskets/ohlcv/VSXY.parquet,2026-09-17,OBSERVED,77.4800033569336,0.05572971796293613,0.049435437967996876,-0.07684971910865623,-0.070530054888156,157316091.07081094
2026-09-17,WDC,FINAL_VINTAGE_ADJUSTED_DISCOVERY_ONLY,data/baskets/ohlcv/WDC.parquet,2026-09-17,OBSERVED,423.8699951171875,-0.08040266015985165,-0.0866969401547909,-0.1454247640152061,-0.13910509979470587,2627603422.834269
2026-09-17,WRLD,FINAL_VINTAGE_ADJUSTED_DISCOVERY_ONLY,data/baskets/ohlcv/WRLD.parquet,2026-09-17,OBSERVED,184.77000427246094,-0.02752629330283718,-0.033820573297776435,-0.022897946543081527,-0.016578282322581295,12196321.249171665
2026-09-18,ABNB,FINAL_VINTAGE_ADJUSTED_DISCOVERY_ONLY,data/baskets/ohlcv/ABNB.parquet,2026-09-18,OBSERVED,166.22000122070312,-0.023326876806820218,-0.022399817408011002,-0.10821395050696858,-0.10109027139856697,822015043.6952864
2026-09-18,AME,FINAL_VINTAGE_ADJUSTED_DISCOVERY_ONLY,data/baskets/ohlcv/AME.parquet,2026-09-18,OBSERVED,237.63999938964844,-0.016056922973698873,-0.015129863574889657,-0.02151833782752466,-0.014394658719123044,333010664.44687617
2026-09-18,AMG,FINAL_VINTAGE_ADJUSTED_DISCOVERY_ONLY,data/yahoo/AMG.parquet,2026-09-18,OBSERVED,355.79998779296875,0.0005343000737687564,0.0014613594725779722,0.0010972795555583836,0.008220958663959999,98805090.2789888
2026-09-18,ASML,FINAL_VINTAGE_ADJUSTED_DISCOVERY_ONLY,data/baskets/ohlcv/ASML.parquet,2026-09-18,OBSERVED,1679.9200439453125,-0.010822589857131137,-0.009895530458321922,-0.04099372467451956,-0.033870045566117946,2079843980.7820637
2026-09-18,AU,FINAL_VINTAGE_ADJUSTED_DISCOVERY_ONLY,data/baskets/ohlcv/AU.parquet,2026-09-18,OBSERVED,103.29000091552734,-0.010821655556722987,-0.009894596157913771,-0.042381047466849564,-0.03525736835844795,339880896.11075264
2026-09-18,CARG,FINAL_VINTAGE_ADJUSTED_DISCOVERY_ONLY,data/baskets/ohlcv/CARG.parquet,2026-09-18,OBSERVED,33.209999084472656,-0.03529412286173328,-0.03436706346292406,-0.10340177474048418,-0.09627809563208256,31628418.125007264
2026-09-18,CIEN,FINAL_VINTAGE_ADJUSTED_DISCOVERY_ONLY,data/baskets/ohlcv/CIEN.parquet,2026-09-18,OBSERVED,348.79998779296875,-0.002117127464274282,-0.0011900680654650664,-0.1268431002901259,-0.1197194211817243,898740142.1853201
2026-09-18,CL,FINAL_VINTAGE_ADJUSTED_DISCOVERY_ONLY,data/baskets/ohlcv/CL.parquet,2026-09-18,OBSERVED,87.47000122070312,0.007718872642732411,0.008645932041541626,-0.03741610457920663,-0.030292425470805018,427868746.69087726
2026-09-18,CNK,FINAL_VINTAGE_ADJUSTED_DISCOVERY_ONLY,data/baskets/ohlcv/CNK.parquet,2026-09-18,OBSERVED,34.9900016784668,-0.0025655686399713717,-0.001638509241162156,-0.06017129061010351,-0.0530476115017019,75952731.7001706
2026-09-18,COCO,FINAL_VINTAGE_ADJUSTED_DISCOVERY_ONLY,data/baskets/ohlcv/COCO.parquet,2026-09-18,OBSERVED,55.81999969482422,0.0732551720101402,0.07418223140894942,-0.1738937406107468,-0.1667700615023452,80634417.10326785
2026-09-18,DAR,FINAL_VINTAGE_ADJUSTED_DISCOVERY_ONLY,data/yahoo/DAR.parquet,2026-09-18,OBSERVED,65.36000061035156,0.003839655930831798,0.004766715329641014,-0.023603253263064783,-0.016479574154663168,178550984.22728038
2026-09-18,DAVE,FINAL_VINTAGE_ADJUSTED_DISCOVERY_ONLY,data/baskets/ohlcv/DAVE.parquet,2026-09-18,OBSERVED,337.82000732421875,-0.036753968934216785,-0.03582690953540757,-0.02095342913933973,-0.013829750030938115,118638200.81569126
2026-09-18,DGII,FINAL_VINTAGE_ADJUSTED_DISCOVERY_ONLY,data/baskets/ohlcv/DGII.parquet,2026-09-18,OBSERVED,72.12999725341797,0.04490798969926724,0.04583504909807645,-0.05204362301303844,-0.04491994390463683,26732802.73535592
2026-09-18,EAT,FINAL_VINTAGE_ADJUSTED_DISCOVERY_ONLY,data/baskets/ohlcv/EAT.parquet,2026-09-18,OBSERVED,196.7100067138672,-0.07426231056219967,-0.07333525116339046,-0.15741454186215909,-0.15029086275375747,289665751.402864
2026-09-18,ETSY,FINAL_VINTAGE_ADJUSTED_DISCOVERY_ONLY,data/yahoo/ETSY.parquet,2026-09-18,OBSERVED,72.5999984741211,-0.002199060712090084,-0.0012720013132808683,-0.0976883010165035,-0.09056462190810188,243586730.27943203
2026-09-18,FIVE,FINAL_VINTAGE_ADJUSTED_DISCOVERY_ONLY,data/baskets/ohlcv/FIVE.parquet,2026-09-18,OBSERVED,234.13999938964844,-0.0427637222111944,-0.041836662812385184,-0.03279908452308877,-0.025675405414687158,327073399.1636004
2026-09-18,HCSG,FINAL_VINTAGE_ADJUSTED_DISCOVERY_ONLY,data/baskets/ohlcv/HCSG.parquet,2026-09-18,OBSERVED,21.469999313354492,-0.023202922634362633,-0.022275863235553417,-0.06367208776232491,-0.0565484086539233,13140641.907110669
2026-09-18,IEX,FINAL_VINTAGE_ADJUSTED_DISCOVERY_ONLY,data/baskets/ohlcv/IEX.parquet,2026-09-18,OBSERVED,223.0094757080078,-0.002185474863386494,-0.0012584154645772783,-0.04576662908533735,-0.038642949976935737,125953309.6342541
2026-09-18,INDV,FINAL_VINTAGE_ADJUSTED_DISCOVERY_ONLY,data/baskets/ohlcv/INDV.parquet,2026-09-18,OBSERVED,34.880001068115234,0.011307607151898935,0.012234666550708151,-0.10655737064180126,-0.09943369153339965,74157824.63571458
2026-09-18,JBHT,FINAL_VINTAGE_ADJUSTED_DISCOVERY_ONLY,data/baskets/ohlcv/JBHT.parquet,2026-09-18,OBSERVED,234.25,-0.13385102818675376,-0.13292396878794455,-0.1401145714202816,-0.13299089231188,279595538.03994316
2026-09-18,KEYS,FINAL_VINTAGE_ADJUSTED_DISCOVERY_ONLY,data/baskets/ohlcv/KEYS.parquet,2026-09-18,OBSERVED,335.0,-0.010748920656102667,-0.009821861257293452,0.04867737423309593,0.05580105334149754,382597150.1739502
2026-09-18,LFUS,FINAL_VINTAGE_ADJUSTED_DISCOVERY_ONLY,data/yahoo/LFUS.parquet,2026-09-18,OBSERVED,407.8800048828125,-0.0564885116810393,-0.055561452282230084,-0.01494909621693885,-0.007825417108537236,82624391.28970191
2026-09-18,LQDT,FINAL_VINTAGE_ADJUSTED_DISCOVERY_ONLY,data/baskets/ohlcv/LQDT.parquet,2026-09-18,OBSERVED,42.880001068115234,0.009178615538772306,0.010105674937581521,-0.01606243078311753,-0.008938751674715917,9211700.645991733
2026-09-18,LSCC,FINAL_VINTAGE_ADJUSTED_DISCOVERY_ONLY,data/yahoo/LSCC.parquet,2026-09-18,OBSERVED,110.95999908447266,-0.07348031809274314,-0.07255325869393392,-0.05710402110194057,-0.04998034199353896,168551877.54498437
2026-09-18,MEDP,FINAL_VINTAGE_ADJUSTED_DISCOVERY_ONLY,data/yahoo/MEDP.parquet,2026-09-18,OBSERVED,612.3300170898438,0.04222834411393883,0.04315540351274805,0.006674663271621473,0.013798342380023088,134582656.5092541
2026-09-18,MOG-A,FINAL_VINTAGE_ADJUSTED_DISCOVERY_ONLY,data/baskets/ohlcv/MOG-A.parquet,2026-09-18,OBSERVED,364.6400146484375,-0.006484590584916905,-0.005557531186107689,-0.11266848571056409,-0.10554480660216248,90390501.98422387
2026-09-18,MRP,FINAL_VINTAGE_ADJUSTED_DISCOVERY_ONLY,data/yahoo/MRP.parquet,2026-09-18,OBSERVED,28.8700008392334,-0.027618716068515736,-0.02669165666970652,-0.054062896257609516,-0.0469392171492079,38614469.48166802
2026-09-18,MSM,FINAL_VINTAGE_ADJUSTED_DISCOVERY_ONLY,data/baskets/ohlcv/MSM.parquet,2026-09-18,OBSERVED,122.20999908447266,0.01410668756208655,0.015033746960895766,0.015623678424417475,0.02274735753281909,77088739.13396199
2026-09-18,MYRG,FINAL_VINTAGE_ADJUSTED_DISCOVERY_ONLY,data/baskets/ohlcv/MYRG.parquet,2026-09-18,OBSERVED,279.2799987792969,-0.04113167130622686,-0.04020461190741764,-0.14328658196374477,-0.13616290285534316,83776490.89239211
2026-09-18,NHC,FINAL_VINTAGE_ADJUSTED_DISCOVERY_ONLY,data/baskets/ohlcv/NHC.parquet,2026-09-18,OBSERVED,221.4461212158203,-0.010513676513421832,-0.009586617114612617,-0.05097421881912223,-0.043850539710720615,24145740.985398065
2026-09-18,NVDA,FINAL_VINTAGE_ADJUSTED_DISCOVERY_ONLY,data/baskets/ohlcv/NVDA.parquet,2026-09-18,OBSERVED,222.27000427246094,0.018232677212606685,0.0191597366114159,0.022792393468480387,0.029916072576882002,29094597957.143223
2026-09-18,PJT,FINAL_VINTAGE_ADJUSTED_DISCOVERY_ONLY,data/baskets/ohlcv/PJT.parquet,2026-09-18,OBSERVED,151.47000122070312,-0.07193189761793306,-0.07100483821912384,-0.12318146109188388,-0.11605778198348227,68897191.31179082
2026-09-18,RELY,FINAL_VINTAGE_ADJUSTED_DISCOVERY_ONLY,data/baskets/ohlcv/RELY.parquet,2026-09-18,OBSERVED,21.93000030517578,-0.002728488702450349,-0.0018014293036411333,-0.12490020859818474,-0.11777652948978312,98302255.56151073
2026-09-18,RIO,FINAL_VINTAGE_ADJUSTED_DISCOVERY_ONLY,data/yahoo/RIO.parquet,2026-09-18,OBSERVED,97.37000274658203,-0.02591032774722124,-0.024983268348412024,-0.030565507966959338,-0.023441828858557723,195121863.99946666
2026-09-18,RL,FINAL_VINTAGE_ADJUSTED_DISCOVERY_ONLY,data/baskets/ohlcv/RL.parquet,2026-09-18,OBSERVED,334.14764404296875,-0.011766721222788767,-0.010839661823979552,-0.11339816680343007,-0.10627448769502845,237080172.8456043
2026-09-18,ROST,FINAL_VINTAGE_ADJUSTED_DISCOVERY_ONLY,data/baskets/ohlcv/ROST.parquet,2026-09-18,OBSERVED,226.61000061035156,-0.017898954600375383,-0.016971895201566167,-0.03256223138921144,-0.025438552280809823,601196589.6978469
2026-09-18,SEZL,FINAL_VINTAGE_ADJUSTED_DISCOVERY_ONLY,data/baskets/ohlcv/SEZL.parquet,2026-09-18,OBSERVED,116.55000305175781,-0.01951711652409238,-0.018590057125283166,-0.020341246903544552,-0.013217567795142937,47464756.34692964
2026-09-18,SNDK,FINAL_VINTAGE_ADJUSTED_DISCOVERY_ONLY,data/baskets/ohlcv/SNDK.parquet,2026-09-18,OBSERVED,1791.8199462890625,0.0970214424782272,0.09794850187703641,0.1421086207689386,0.1492322998773402,17285904671.284412
2026-09-18,SONO,FINAL_VINTAGE_ADJUSTED_DISCOVERY_ONLY,data/baskets/ohlcv/SONO.parquet,2026-09-18,OBSERVED,15.529999732971191,0.027116392229850073,0.02804345162865929,-0.046068852705242413,-0.0389451735968408,27169665.57160786
2026-09-18,SVM,FINAL_VINTAGE_ADJUSTED_DISCOVERY_ONLY,data/baskets/ohlcv/SVM.parquet,2026-09-18,OBSERVED,11.9399995803833,0.002518869299373616,0.003445928698182832,-0.053132442072602815,-0.0460087629642012,26174352.5488036
2026-09-18,TALO,FINAL_VINTAGE_ADJUSTED_DISCOVERY_ONLY,data/baskets/ohlcv/TALO.parquet,2026-09-18,OBSERVED,17.010000228881836,-0.037895931262953875,-0.03696887186414466,-0.00931856998841929,-0.0021948908800176747,35356266.33105505
2026-09-18,TDY,FINAL_VINTAGE_ADJUSTED_DISCOVERY_ONLY,data/baskets/ohlcv/TDY.parquet,2026-09-18,OBSERVED,603.4600219726562,-0.0005464748781778273,0.0003805845206313885,-0.06963905858520536,-0.06251537947680375,155287206.30871
2026-09-18,TPR,FINAL_VINTAGE_ADJUSTED_DISCOVERY_ONLY,data/baskets/ohlcv/TPR.parquet,2026-09-18,OBSERVED,115.0,-0.02945394486192887,-0.028526885463119656,-0.12362633465282102,-0.11650265554441941,429433997.693852
2026-09-18,UNFI,FINAL_VINTAGE_ADJUSTED_DISCOVERY_ONLY,data/baskets/ohlcv/UNFI.parquet,2026-09-18,OBSERVED,46.81999969482422,0.05331831026335476,0.05424536966216398,0.0006411365400704749,0.00776481564847209,30605206.892685663
2026-09-18,VSXY,FINAL_VINTAGE_ADJUSTED_DISCOVERY_ONLY,data/baskets/ohlcv/VSXY.parquet,2026-09-18,OBSERVED,77.93000030517578,0.03013878034776929,0.031065839746578505,-0.12052815970670616,-0.11340448059830455,168220021.71638125
2026-09-18,WDC,FINAL_VINTAGE_ADJUSTED_DISCOVERY_ONLY,data/baskets/ohlcv/WDC.parquet,2026-09-18,OBSERVED,441.3599853515625,-0.013014909923392826,-0.01208785052458361,-0.044554811927880134,-0.03743113281947852,2758158444.150943
2026-09-18,WRLD,FINAL_VINTAGE_ADJUSTED_DISCOVERY_ONLY,data/baskets/ohlcv/WRLD.parquet,2026-09-18,OBSERVED,182.13999938964844,-0.04513761787864512,-0.044210558479835904,-0.013058811282888327,-0.0059351321744867125,12262934.19182187
2026-09-18,YETI,FINAL_VINTAGE_ADJUSTED_DISCOVERY_ONLY,data/yahoo/YETI.parquet,2026-09-18,OBSERVED,42.209999084472656,0.04843519235559657,0.049362251754405784,-0.04242292806042036,-0.03529924895201875,70779853.60392615
2026-09-21,ABNB,FINAL_VINTAGE_ADJUSTED_DISCOVERY_ONLY,data/baskets/ohlcv/ABNB.parquet,2026-09-21,OBSERVED,166.83999633789062,-0.02232638555442834,-0.04143686213181896,-0.09816218195734794,-0.11497408751605631,798937942.7386329
2026-09-21,AKAM,FINAL_VINTAGE_ADJUSTED_DISCOVERY_ONLY,data/baskets/ohlcv/AKAM.parquet,2026-09-21,OBSERVED,117.41000366210938,0.11215311169377262,0.093042635116382,0.0664911215161823,0.04967921595747393,345477723.72363865
2026-09-21,ALM,FINAL_VINTAGE_ADJUSTED_DISCOVERY_ONLY,data/baskets/ohlcv/ALM.parquet,2026-09-21,OBSERVED,14.65999984741211,-0.0027210858756485656,-0.02183156245303919,-0.17128324449804333,-0.1880951500567517,105334136.67991729
2026-09-21,AME,FINAL_VINTAGE_ADJUSTED_DISCOVERY_ONLY,data/baskets/ohlcv/AME.parquet,2026-09-21,OBSERVED,241.22999572753906,0.033946311896578374,0.014835835319187751,0.010463168849257798,-0.006348736709450575,330254330.97592306
2026-09-21,ASML,FINAL_VINTAGE_ADJUSTED_DISCOVERY_ONLY,data/baskets/ohlcv/ASML.parquet,2026-09-21,OBSERVED,1711.3199462890625,0.0864488586892882,0.06733838211189758,-0.022276117373177473,-0.039088022931885846,2118160791.0220191
2026-09-21,AU,FINAL_VINTAGE_ADJUSTED_DISCOVERY_ONLY,data/baskets/ohlcv/AU.parquet,2026-09-21,OBSERVED,101.93000030517578,0.014430701630167908,-0.004679774947222715,-0.10915922097226038,-0.12597112653096876,321074107.54924953
2026-09-21,B,FINAL_VINTAGE_ADJUSTED_DISCOVERY_ONLY,data/baskets/ohlcv/B.parquet,2026-09-21,OBSERVED,42.689998626708984,0.006127700204175746,-0.012982776373214877,-0.07382148580991077,-0.09063339136861914,425543994.5824214
2026-09-21,CARG,FINAL_VINTAGE_ADJUSTED_DISCOVERY_ONLY,data/baskets/ohlcv/CARG.parquet,2026-09-21,OBSERVED,33.16999816894531,-0.05038654797748965,-0.06949702455488027,-0.10084037089322861,-0.11765227645193699,32008724.591173444
2026-09-21,CL,FINAL_VINTAGE_ADJUSTED_DISCOVERY_ONLY,data/baskets/ohlcv/CL.parquet,2026-09-21,OBSERVED,86.26000213623047,-0.01854587853837153,-0.03765635511576215,-0.03834999920899251,-0.05516190476770089,436068019.0273103
2026-09-21,COCO,FINAL_VINTAGE_ADJUSTED_DISCOVERY_ONLY,data/baskets/ohlcv/COCO.parquet,2026-09-21,OBSERVED,57.25,0.04034165491456121,0.021231178337170586,-0.12152828589029074,-0.13834019144899912,80918947.98611233
2026-09-21,DAR,FINAL_VINTAGE_ADJUSTED_DISCOVERY_ONLY,data/yahoo/DAR.parquet,2026-09-21,OBSERVED,63.2599983215332,-0.02556993059507162,-0.044680407172462244,-0.06751176685720661,-0.08432367241591499,177430411.77980334
2026-09-21,DAVE,FINAL_VINTAGE_ADJUSTED_DISCOVERY_ONLY,data/baskets/ohlcv/DAVE.parquet,2026-09-21,OBSERVED,350.6499938964844,-0.04136367470420821,-0.06047415128159883,0.04668512484687004,0.029873219288161668,118634651.72569638
2026-09-21,DGII,FINAL_VINTAGE_ADJUSTED_DISCOVERY_ONLY,data/baskets/ohlcv/DGII.parquet,2026-09-21,OBSERVED,72.73999786376953,0.0913727861735456,0.07226230959615498,-0.011819083539848285,-0.02863098909855666,25918687.7923148
2026-09-21,EAT,FINAL_VINTAGE_ADJUSTED_DISCOVERY_ONLY,data/baskets/ohlcv/EAT.parquet,2026-09-21,OBSERVED,200.3000030517578,-0.06471796961779641,-0.08382844619518703,-0.14071215011977267,-0.15752405567848105,292905420.41684103
2026-09-21,ETSY,FINAL_VINTAGE_ADJUSTED_DISCOVERY_ONLY,data/yahoo/ETSY.parquet,2026-09-21,OBSERVED,73.4800033569336,-0.013161371737693495,-0.03227184831508412,-0.09518527046772296,-0.11199717602643133,243175154.4470651
2026-09-21,FIVE,FINAL_VINTAGE_ADJUSTED_DISCOVERY_ONLY,data/baskets/ohlcv/FIVE.parquet,2026-09-21,OBSERVED,236.13999938964844,-0.053888365501772006,-0.07299884207916263,-0.0007193862752385982,-0.01753129183394697,326534865.40374756
2026-09-21,FTDR,FINAL_VINTAGE_ADJUSTED_DISCOVERY_ONLY,data/baskets/ohlcv/FTDR.parquet,2026-09-21,OBSERVED,79.7300033569336,-0.004619165096576561,-0.023729641673967183,-0.02697094238010289,-0.043782847938811265,39494590.28705415
2026-09-21,GWW,FINAL_VINTAGE_ADJUSTED_DISCOVERY_ONLY,data/baskets/ohlcv/GWW.parquet,2026-09-21,OBSERVED,1277.7900390625,0.000219199297645023,-0.0188912772797456,-0.01734156247638441,-0.03415346803509278,305653666.3423084
2026-09-21,HCSG,FINAL_VINTAGE_ADJUSTED_DISCOVERY_ONLY,data/baskets/ohlcv/HCSG.parquet,2026-09-21,OBSERVED,21.299999237060547,-0.0335753923651364,-0.052685868942527025,-0.07391307664954139,-0.09072498220824976,13068895.689891633
2026-09-21,IAG,FINAL_VINTAGE_ADJUSTED_DISCOVERY_ONLY,data/baskets/ohlcv/IAG.parquet,2026-09-21,OBSERVED,20.1299991607666,0.017180304674594193,-0.0019301719027964293,-0.01804882142601949,-0.03486072698472786,110086391.84505826
2026-09-21,JBHT,FINAL_VINTAGE_ADJUSTED_DISCOVERY_ONLY,data/baskets/ohlcv/JBHT.parquet,2026-09-21,OBSERVED,236.1699981689453,-0.14116874593269113,-0.16027922251008175,-0.1395416726105544,-0.15635357816926276,283290761.6776966
2026-09-21,KEYS,FINAL_VINTAGE_ADJUSTED_DISCOVERY_ONLY,data/baskets/ohlcv/KEYS.parquet,2026-09-21,OBSERVED,342.0299987792969,0.08594744748105465,0.06683697090366403,0.08062932680255308,0.06381742124384471,366234080.90718585
2026-09-21,KLIC,FINAL_VINTAGE_ADJUSTED_DISCOVERY_ONLY,data/baskets/ohlcv/KLIC.parquet,2026-09-21,OBSERVED,84.08000183105469,0.06100992853067644,0.041899451953285816,-0.009782194985463732,-0.026594100544172106,53967517.36857096
2026-09-21,LFUS,FINAL_VINTAGE_ADJUSTED_DISCOVERY_ONLY,data/yahoo/LFUS.parquet,2026-09-21,OBSERVED,409.5400085449219,0.03359159374490939,0.014481117167518764,-0.005898469957960506,-0.02271037551666888,82781719.0266927
2026-09-21,LMT,FINAL_VINTAGE_ADJUSTED_DISCOVERY_ONLY,data/baskets/ohlcv/LMT.parquet,2026-09-21,OBSERVED,535.4000244140625,0.011371830208401379,-0.007738646368989244,-0.05733952274395626,-0.07415142830266463,618089841.5960402
2026-09-21,LSCC,FINAL_VINTAGE_ADJUSTED_DISCOVERY_ONLY,data/yahoo/LSCC.parquet,2026-09-21,OBSERVED,117.23999786376953,0.10084505036403324,0.08173457378664262,-0.002722011751188802,-0.019533917309897175,175057615.91931298
2026-09-21,MRP,FINAL_VINTAGE_ADJUSTED_DISCOVERY_ONLY,data/yahoo/MRP.parquet,2026-09-21,OBSERVED,28.68000030517578,-0.02647653779826442,-0.045587014375655044,-0.06213210017235371,-0.07894400573106208,39074311.027317956
2026-09-21,MSM,FINAL_VINTAGE_ADJUSTED_DISCOVERY_ONLY,data/baskets/ohlcv/MSM.parquet,2026-09-21,OBSERVED,121.62999725341797,0.019701529998078504,0.0005910534206878815,0.03338997797004173,0.016578072411333356,77777065.93969436
2026-09-21,MXL,FINAL_VINTAGE_ADJUSTED_DISCOVERY_ONLY,data/baskets/ohlcv/MXL.parquet,2026-09-21,OBSERVED,85.9800033569336,0.3270566776042123,0.3079462010268217,0.3170956642879348,0.3002837587292264,170042703.70267233
2026-09-21,MYRG,FINAL_VINTAGE_ADJUSTED_DISCOVERY_ONLY,data/baskets/ohlcv/MYRG.parquet,2026-09-21,OBSERVED,288.45001220703125,0.061453586778403846,0.04234311020101322,-0.09292448991499602,-0.1097363954737044,83465508.203125
2026-09-21,NHC,FINAL_VINTAGE_ADJUSTED_DISCOVERY_ONLY,data/baskets/ohlcv/NHC.parquet,2026-09-21,OBSERVED,222.6425323486328,-0.019538142564792804,-0.03864861914218343,-0.056768795792795146,-0.07358070135150352,23957117.86956787
2026-09-21,NVDA,FINAL_VINTAGE_ADJUSTED_DISCOVERY_ONLY,data/baskets/ohlcv/NVDA.parquet,2026-09-21,OBSERVED,227.3800048828125,0.07783464944242424,0.05872417286503362,0.04973217753841719,0.032920271979708815,29329875071.377487
2026-09-21,PJT,FINAL_VINTAGE_ADJUSTED_DISCOVERY_ONLY,data/baskets/ohlcv/PJT.parquet,2026-09-21,OBSERVED,151.38999938964844,-0.058461311580234154,-0.07757178815762478,-0.11235586231922567,-0.12916776787793405,69471282.18725295
2026-09-21,RELY,FINAL_VINTAGE_ADJUSTED_DISCOVERY_ONLY,data/baskets/ohlcv/RELY.parquet,2026-09-21,OBSERVED,21.59000015258789,-0.029662914490431902,-0.048773391067822525,-0.1262646316262035,-0.14307653718491187,97483485.2380026
2026-09-21,RIO,FINAL_VINTAGE_ADJUSTED_DISCOVERY_ONLY,data/yahoo/RIO.parquet,2026-09-21,OBSERVED,97.04000091552734,-0.006145006942561482,-0.025255483519952104,-0.05021040760845619,-0.06702231316716456,186594284.14880663
2026-09-21,RL,FINAL_VINTAGE_ADJUSTED_DISCOVERY_ONLY,data/baskets/ohlcv/RL.parquet,2026-09-21,OBSERVED,338.8542175292969,-0.004715412917735917,-0.02382588949512654,-0.08778049831076018,-0.10459240386946855,237667800.38219634
2026-09-21,RMBS,FINAL_VINTAGE_ADJUSTED_DISCOVERY_ONLY,data/baskets/ohlcv/RMBS.parquet,2026-09-21,OBSERVED,96.95999908447266,0.20612016196827931,0.1870096853908887,0.0521974767113047,0.03538557115259633,211991358.44999042
2026-09-21,SEZL,FINAL_VINTAGE_ADJUSTED_DISCOVERY_ONLY,data/baskets/ohlcv/SEZL.parquet,2026-09-21,OBSERVED,116.55000305175781,-0.04129305466536193,-0.06040353124275255,-0.00740925848027818,-0.024221164038986553,48166547.50773112
2026-09-21,SHOO,FINAL_VINTAGE_ADJUSTED_DISCOVERY_ONLY,data/baskets/ohlcv/SHOO.parquet,2026-09-21,OBSERVED,42.83000183105469,0.011573020233842657,-0.007537456343547966,-0.05824725686972587,-0.07505916242843425,44523426.83964684
2026-09-21,SNDK,FINAL_VINTAGE_ADJUSTED_DISCOVERY_ONLY,data/baskets/ohlcv/SNDK.parquet,2026-09-21,OBSERVED,1766.6400146484375,0.13830632012107702,0.1191958435436864,0.10372232012451832,0.08691041456580995,17290953565.80462
2026-09-21,SVM,FINAL_VINTAGE_ADJUSTED_DISCOVERY_ONLY,data/baskets/ohlcv/SVM.parquet,2026-09-21,OBSERVED,11.829999923706055,0.034090940352087484,0.014980463774696862,-0.0640823099379576,-0.08089421549666598,25427002.312546685
2026-09-21,TALO,FINAL_VINTAGE_ADJUSTED_DISCOVERY_ONLY,data/baskets/ohlcv/TALO.parquet,2026-09-21,OBSERVED,16.420000076293945,-0.07021516318415333,-0.08932563976154395,-0.07492957316653825,-0.09174147872524663,34457864.14659591
2026-09-21,TDY,FINAL_VINTAGE_ADJUSTED_DISCOVERY_ONLY,data/baskets/ohlcv/TDY.parquet,2026-09-21,OBSERVED,609.0800170898438,0.020046611230648992,0.0009361346532583692,-0.03923021474612043,-0.0560421203048288,154797432.80610585
2026-09-21,TPR,FINAL_VINTAGE_ADJUSTED_DISCOVERY_ONLY,data/baskets/ohlcv/TPR.parquet,2026-09-21,OBSERVED,113.06999969482422,-0.04104828951710482,-0.06015876609449544,-0.12572315100225895,-0.14253505656096732,424392056.83125085
2026-09-21,VSXY,FINAL_VINTAGE_ADJUSTED_DISCOVERY_ONLY,data/baskets/ohlcv/VSXY.parquet,2026-09-21,OBSERVED,81.62999725341797,0.09511666555954812,0.0760061889821575,-0.059562276688596816,-0.07637418224730519,170337851.74513316
2026-09-21,WDC,FINAL_VINTAGE_ADJUSTED_DISCOVERY_ONLY,data/baskets/ohlcv/WDC.parquet,2026-09-21,OBSERVED,448.1700134277344,0.04972598225728864,0.030615505679898014,-0.044208754265729566,-0.06102065982443794,2801317781.7175
2026-09-21,WRLD,FINAL_VINTAGE_ADJUSTED_DISCOVERY_ONLY,data/baskets/ohlcv/WRLD.parquet,2026-09-21,OBSERVED,171.08999633789062,-0.10807011883431827,-0.1271805954117089,-0.069859769125582,-0.08667167468429038,12235423.254176548
2026-09-21,YETI,FINAL_VINTAGE_ADJUSTED_DISCOVERY_ONLY,data/yahoo/YETI.parquet,2026-09-21,OBSERVED,42.790000915527344,0.0480038941115577,0.028893417534167076,-0.02749997919256042,-0.04431188475126879,71927177.80603682
2026-09-22,ABNB,FINAL_VINTAGE_ADJUSTED_DISCOVERY_ONLY,data/baskets/ohlcv/ABNB.parquet,2026-09-22,OBSERVED,161.80999755859375,-0.038676387133737444,-0.06232398446908283,-0.13609185839746218,-0.14860360479044066,799297283.3068848
2026-09-22,AME,FINAL_VINTAGE_ADJUSTED_DISCOVERY_ONLY,data/baskets/ohlcv/AME.parquet,2026-09-22,OBSERVED,245.41000366210938,0.04674773664546783,0.023100139310122447,0.02595548032240247,0.013443733929423995,330935489.01599705
2026-09-22,ASML,FINAL_VINTAGE_ADJUSTED_DISCOVERY_ONLY,data/baskets/ohlcv/ASML.parquet,2026-09-22,OBSERVED,1747.9000244140625,0.09828590108889768,0.0746383037535523,-0.008992144772388855,-0.021503891165367328,2134247855.078125
2026-09-22,AU,FINAL_VINTAGE_ADJUSTED_DISCOVERY_ONLY,data/baskets/ohlcv/AU.parquet,2026-09-22,OBSERVED,104.5999984741211,0.038625751415066745,0.014978154079721362,-0.13710610938142365,-0.14961785577440212,295803713.5179792
2026-09-22,CARG,FINAL_VINTAGE_ADJUSTED_DISCOVERY_ONLY,data/baskets/ohlcv/CARG.parquet,2026-09-22,OBSERVED,31.940000534057617,-0.0874285561697824,-0.11107615350512778,-0.13324282614317218,-0.14575457253615065,34228723.124604
2026-09-22,CL,FINAL_VINTAGE_ADJUSTED_DISCOVERY_ONLY,data/baskets/ohlcv/CL.parquet,2026-09-22,OBSERVED,87.05000305175781,0.0005747477213542407,-0.023072849613991142,-0.044246801693879734,-0.05675854808685821,451620627.7151562
2026-09-22,COCO,FINAL_VINTAGE_ADJUSTED_DISCOVERY_ONLY,data/baskets/ohlcv/COCO.parquet,2026-09-22,OBSERVED,59.599998474121094,0.06848332338512053,0.04483572604977515,-0.059194950123509504,-0.07170669651648798,83575711.24865215
2026-09-22,DAR,FINAL_VINTAGE_ADJUSTED_DISCOVERY_ONLY,data/yahoo/DAR.parquet,2026-09-22,OBSERVED,61.630001068115234,-0.07379019807416842,-0.0974377954095138,-0.062518967587606,-0.07503071398058447,163346551.8726894
2026-09-22,DAVE,FINAL_VINTAGE_ADJUSTED_DISCOVERY_ONLY,data/baskets/ohlcv/DAVE.parquet,2026-09-22,OBSERVED,353.57000732421875,-0.056303633217922644,-0.07995123055326803,-0.0032419764674302964,-0.01575372286040877,118638782.686506
2026-09-22,DGII,FINAL_VINTAGE_ADJUSTED_DISCOVERY_ONLY,data/baskets/ohlcv/DGII.parquet,2026-09-22,OBSERVED,74.83999633789062,0.09096207000826007,0.06731447267291468,-0.0009345524068391509,-0.013446298799817624,25977750.71505592
2026-09-22,DRH,FINAL_VINTAGE_ADJUSTED_DISCOVERY_ONLY,data/baskets/ohlcv/DRH.parquet,2026-09-22,OBSERVED,12.201411247253418,-0.006456811868183365,-0.030104409203528748,-0.039781560762953694,-0.05229330715593217,35504714.142386116
2026-09-22,EAT,FINAL_VINTAGE_ADJUSTED_DISCOVERY_ONLY,data/baskets/ohlcv/EAT.parquet,2026-09-22,OBSERVED,206.80999755859375,0.016415178246682816,-0.007232419088662567,-0.1595139412722033,-0.17202568766518178,299563910.37103564
2026-09-22,ETSY,FINAL_VINTAGE_ADJUSTED_DISCOVERY_ONLY,data/yahoo/ETSY.parquet,2026-09-22,OBSERVED,75.13999938964844,0.015405397157411294,-0.00824220017793409,-0.07268912104628256,-0.08520086743926103,249987888.49712554
2026-09-22,FIVE,FINAL_VINTAGE_ADJUSTED_DISCOVERY_ONLY,data/baskets/ohlcv/FIVE.parquet,2026-09-22,OBSERVED,232.27999877929688,-0.01605459578656543,-0.03970219312191081,-0.07177112499846794,-0.08428287139144641,331084846.7815581
2026-09-22,FTDR,FINAL_VINTAGE_ADJUSTED_DISCOVERY_ONLY,data/baskets/ohlcv/FTDR.parquet,2026-09-22,OBSERVED,77.19000244140625,-0.03657014733815367,-0.06021774467349905,-0.06538314730505645,-0.07789489369803493,40032160.93699137
2026-09-22,GWW,FINAL_VINTAGE_ADJUSTED_DISCOVERY_ONLY,data/baskets/ohlcv/GWW.parquet,2026-09-22,OBSERVED,1268.6199951171875,-0.0007168276123342698,-0.024364424947679653,-0.033240867098857985,-0.04575261349183646,309058257.3341006
2026-09-22,HCSG,FINAL_VINTAGE_ADJUSTED_DISCOVERY_ONLY,data/baskets/ohlcv/HCSG.parquet,2026-09-22,OBSERVED,21.56999969482422,-0.015518035369956884,-0.03916563270530227,-0.05270095471299385,-0.06521270110597233,14029808.230581738
2026-09-22,IAG,FINAL_VINTAGE_ADJUSTED_DISCOVERY_ONLY,data/baskets/ohlcv/IAG.parquet,2026-09-22,OBSERVED,20.889999389648438,0.06364562315917532,0.03999802582382994,-0.011825922763385566,-0.02433766915636404,110817313.53586288
2026-09-22,JBHT,FINAL_VINTAGE_ADJUSTED_DISCOVERY_ONLY,data/baskets/ohlcv/JBHT.parquet,2026-09-22,OBSERVED,237.41000366210938,-0.13052549248924428,-0.15417308982458966,-0.13810131370163303,-0.1506130600946115,283968054.84829855
2026-09-22,KEYS,FINAL_VINTAGE_ADJUSTED_DISCOVERY_ONLY,data/baskets/ohlcv/KEYS.parquet,2026-09-22,OBSERVED,347.32000732421875,0.10837383061068273,0.08472623327533735,0.09866194907050407,0.0861502026775256,362834217.31843495
2026-09-22,KLIC,FINAL_VINTAGE_ADJUSTED_DISCOVERY_ONLY,data/baskets/ohlcv/KLIC.parquet,2026-09-22,OBSERVED,89.54000091552734,0.1393747906665177,0.11572719333117232,0.04689611309437791,0.03438436670139944,58571087.9099528
2026-09-22,LFUS,FINAL_VINTAGE_ADJUSTED_DISCOVERY_ONLY,data/yahoo/LFUS.parquet,2026-09-22,OBSERVED,418.8800048828125,0.058659970853002896,0.035012373517657513,0.016057815360143834,0.003546068967165361,83011703.09128535
2026-09-22,LMT,FINAL_VINTAGE_ADJUSTED_DISCOVERY_ONLY,data/baskets/ohlcv/LMT.parquet,2026-09-22,OBSERVED,522.3400268554688,-0.020845039289106193,-0.044492636624451576,-0.06742589523046827,-0.07993764162344674,624218221.614002
2026-09-22,LSCC,FINAL_VINTAGE_ADJUSTED_DISCOVERY_ONLY,data/yahoo/LSCC.parquet,2026-09-22,OBSERVED,122.52999877929688,0.15062448340028123,0.12697688606493585,0.04112495740919275,0.02861321101621428,184262147.17134747
2026-09-22,MRP,FINAL_VINTAGE_ADJUSTED_DISCOVERY_ONLY,data/yahoo/MRP.parquet,2026-09-22,OBSERVED,28.729999542236328,-0.024116881078175445,-0.04776447841352083,-0.05462322740215475,-0.06713497379513322,39875967.06829071
2026-09-22,MSM,FINAL_VINTAGE_ADJUSTED_DISCOVERY_ONLY,data/baskets/ohlcv/MSM.parquet,2026-09-22,OBSERVED,121.37000274658203,0.01242914186938382,-0.011218455465961563,0.013020659542417157,0.0005089131494386834,78977295.64470564
2026-09-22,MXL,FINAL_VINTAGE_ADJUSTED_DISCOVERY_ONLY,data/baskets/ohlcv/MXL.parquet,2026-09-22,OBSERVED,87.43000030517578,0.3025923231153027,0.2789447257799573,0.3125656733831148,0.30005392699013633,178284076.027189
2026-09-22,MYRG,FINAL_VINTAGE_ADJUSTED_DISCOVERY_ONLY,data/baskets/ohlcv/MYRG.parquet,2026-09-22,OBSERVED,289.04998779296875,0.06546492199732468,0.041817324661979294,-0.07019013628508386,-0.08270188267806233,82519134.41772461
2026-09-22,NHC,FINAL_VINTAGE_ADJUSTED_DISCOVERY_ONLY,data/baskets/ohlcv/NHC.parquet,2026-09-22,OBSERVED,222.1938934326172,-0.016548224982109505,-0.04019582231745489,-0.04515847241344695,-0.05767021880642542,23711706.682768323
2026-09-22,NVDA,FINAL_VINTAGE_ADJUSTED_DISCOVERY_ONLY,data/baskets/ohlcv/NVDA.parquet,2026-09-22,OBSERVED,228.8699951171875,0.07871045431665813,0.05506285698131275,0.0670924253718761,0.05458067897889762,29363592129.057316
2026-09-22,PJT,FINAL_VINTAGE_ADJUSTED_DISCOVERY_ONLY,data/baskets/ohlcv/PJT.parquet,2026-09-22,OBSERVED,150.22999572753906,-0.03283336151030669,-0.056480958845652074,-0.14015146056751115,-0.15266320696048963,72217175.91494605
2026-09-22,RELY,FINAL_VINTAGE_ADJUSTED_DISCOVERY_ONLY,data/baskets/ohlcv/RELY.parquet,2026-09-22,OBSERVED,21.280000686645508,-0.02519465135056098,-0.048842248685906364,-0.2020997140693458,-0.21461146046232427,98637198.37789081
2026-09-22,RIO,FINAL_VINTAGE_ADJUSTED_DISCOVERY_ONLY,data/yahoo/RIO.parquet,2026-09-22,OBSERVED,97.48999786376953,0.0023647514136069248,-0.021282845921738458,-0.07416908795481658,-0.08668083434779505,176085688.20277622
2026-09-22,RL,FINAL_VINTAGE_ADJUSTED_DISCOVERY_ONLY,data/baskets/ohlcv/RL.parquet,2026-09-22,OBSERVED,345.07647705078125,0.03230619129040435,0.008658593955058969,-0.07120424696882699,-0.08371599336180546,239701609.44184804
2026-09-22,RMBS,FINAL_VINTAGE_ADJUSTED_DISCOVERY_ONLY,data/baskets/ohlcv/RMBS.parquet,2026-09-22,OBSERVED,105.23999786376953,0.26627357828056164,0.24262598094521626,0.15344147663071417,0.1409297302377357,231694439.9689084
2026-09-22,SEZL,FINAL_VINTAGE_ADJUSTED_DISCOVERY_ONLY,data/baskets/ohlcv/SEZL.parquet,2026-09-22,OBSERVED,110.0,-0.07617367698052058,-0.09982127431586596,-0.07648392715699337,-0.08899567354997184,51821989.688401
2026-09-22,SHOO,FINAL_VINTAGE_ADJUSTED_DISCOVERY_ONLY,data/baskets/ohlcv/SHOO.parquet,2026-09-22,OBSERVED,44.45000076293945,0.09861596067109257,0.07496836333574719,-0.030474368849044198,-0.04298611524202267,45529735.35581316
2026-09-22,SKY,FINAL_VINTAGE_ADJUSTED_DISCOVERY_ONLY,data/baskets/ohlcv/SKY.parquet,2026-09-22,OBSERVED,88.83999633789062,0.04962189246844262,0.025974295133097236,-0.015623309275450192,-0.028135055668428666,49097469.78004092
2026-09-22,SNDK,FINAL_VINTAGE_ADJUSTED_DISCOVERY_ONLY,data/baskets/ohlcv/SNDK.parquet,2026-09-22,OBSERVED,1887.0400390625,0.232638433718531,0.2089908363831856,0.18229668376202768,0.1697849373690492,17876727637.32445
2026-09-22,SVM,FINAL_VINTAGE_ADJUSTED_DISCOVERY_ONLY,data/baskets/ohlcv/SVM.parquet,2026-09-22,OBSERVED,12.34000015258789,0.08245618995720672,0.05880859262186133,-0.015163574176569217,-0.02767532056954769,24652275.217814673
2026-09-22,TALO,FINAL_VINTAGE_ADJUSTED_DISCOVERY_ONLY,data/baskets/ohlcv/TALO.parquet,2026-09-22,OBSERVED,16.09000015258789,-0.12220402511956308,-0.14585162245490846,-0.07899251373820582,-0.09150426013118429,34460210.69054376
2026-09-22,TDY,FINAL_VINTAGE_ADJUSTED_DISCOVERY_ONLY,data/baskets/ohlcv/TDY.parquet,2026-09-22,OBSERVED,612.739990234375,0.02377567665797664,0.0001280793226312582,-0.03679954929067197,-0.04931129568365045,154096160.36435083
2026-09-22,TPR,FINAL_VINTAGE_ADJUSTED_DISCOVERY_ONLY,data/baskets/ohlcv/TPR.parquet,2026-09-22,OBSERVED,112.58999633789062,-0.03859622789602657,-0.06224382523137195,-0.13177528921220472,-0.1442870356051832,423118724.6029445
2026-09-22,UNFI,FINAL_VINTAGE_ADJUSTED_DISCOVERY_ONLY,data/baskets/ohlcv/UNFI.parquet,2026-09-22,OBSERVED,45.86000061035156,0.023432251838456652,-0.00021534549688873028,-0.045378856445258076,-0.05789060283823655,31454225.844083514
2026-09-22,VSXY,FINAL_VINTAGE_ADJUSTED_DISCOVERY_ONLY,data/baskets/ohlcv/VSXY.parquet,2026-09-22,OBSERVED,83.81999969482422,0.15486356544786273,0.13121596811251734,-0.018386224453053934,-0.030897970846032408,172329934.1816857
2026-09-22,WDC,FINAL_VINTAGE_ADJUSTED_DISCOVERY_ONLY,data/baskets/ohlcv/WDC.parquet,2026-09-22,OBSERVED,464.6000061035156,0.12777943426619776,0.10413183693085237,0.01155567149425396,-0.0009560748987245127,2892638215.1550293
2026-09-22,WRLD,FINAL_VINTAGE_ADJUSTED_DISCOVERY_ONLY,data/baskets/ohlcv/WRLD.parquet,2026-09-22,OBSERVED,172.99000549316406,-0.06304500396366519,-0.08669260129901057,-0.08116002779276477,-0.09367177418574324,12452134.740920294
2026-09-22,YETI,FINAL_VINTAGE_ADJUSTED_DISCOVERY_ONLY,data/yahoo/YETI.parquet,2026-09-22,OBSERVED,43.58000183105469,0.10637223930771045,0.08272464197236507,-0.004113265479490313,-0.016625011872468787,72724350.63462031
2026-09-23,ABNB,FINAL_VINTAGE_ADJUSTED_DISCOVERY_ONLY,data/baskets/ohlcv/ABNB.parquet,2026-09-23,OBSERVED,149.5800018310547,-0.10703834555405911,-0.12781497098626304,-0.21360603253609156,-0.2217879845566031,846069479.8533849
2026-09-23,AKAM,FINAL_VINTAGE_ADJUSTED_DISCOVERY_ONLY,data/baskets/ohlcv/AKAM.parquet,2026-09-23,OBSERVED,118.44000244140625,0.13361407576511364,0.1128374503329097,0.12095398766184129,0.11277203564132976,364185671.05095273
2026-09-23,AME,FINAL_VINTAGE_ADJUSTED_DISCOVERY_ONLY,data/baskets/ohlcv/AME.parquet,2026-09-23,OBSERVED,246.4499969482422,0.06141519598990697,0.040638570557703035,0.018483652871956968,0.010301700851445439,327114644.7228568
2026-09-23,ASML,FINAL_VINTAGE_ADJUSTED_DISCOVERY_ONLY,data/baskets/ohlcv/ASML.parquet,2026-09-23,OBSERVED,1744.6099853515625,0.08887045302896235,0.06809382759675842,0.002574509063218988,-0.005607442957292541,2138857497.9236422
2026-09-23,AU,FINAL_VINTAGE_ADJUSTED_DISCOVERY_ONLY,data/baskets/ohlcv/AU.parquet,2026-09-23,OBSERVED,98.73999786376953,-0.0100260679909564,-0.030802693423160332,-0.1803768833464512,-0.18855883536696272,285063516.03444415
2026-09-23,BJRI,FINAL_VINTAGE_ADJUSTED_DISCOVERY_ONLY,data/baskets/ohlcv/BJRI.parquet,2026-09-23,OBSERVED,61.540000915527344,0.0325503773670166,0.01177375193481267,-0.08531507086673462,-0.09349702288724615,27760761.65731521
2026-09-23,CARG,FINAL_VINTAGE_ADJUSTED_DISCOVERY_ONLY,data/baskets/ohlcv/CARG.parquet,2026-09-23,OBSERVED,30.56999969482422,-0.11902020107521694,-0.13979682650742087,-0.17844664211290562,-0.18662859413341715,36311824.83453296
2026-09-23,CL,FINAL_VINTAGE_ADJUSTED_DISCOVERY_ONLY,data/baskets/ohlcv/CL.parquet,2026-09-23,OBSERVED,85.93000030517578,-0.012525814524694923,-0.033302439956898855,-0.07152893061364729,-0.07971088263415882,456586583.51084393
2026-09-23,CNK,FINAL_VINTAGE_ADJUSTED_DISCOVERY_ONLY,data/baskets/ohlcv/CNK.parquet,2026-09-23,OBSERVED,35.790000915527344,0.0517191360377367,0.03094251060553277,-0.06572047735803621,-0.07390242937854774,77643251.34353638
2026-09-23,COCO,FINAL_VINTAGE_ADJUSTED_DISCOVERY_ONLY,data/baskets/ohlcv/COCO.parquet,2026-09-23,OBSERVED,57.97999954223633,0.02856130283587599,0.007784677403672058,-0.08491163220153541,-0.09309358422204694,83895842.82849629
2026-09-23,DAVE,FINAL_VINTAGE_ADJUSTED_DISCOVERY_ONLY,data/baskets/ohlcv/DAVE.parquet,2026-09-23,OBSERVED,326.19000244140625,-0.10835630097542304,-0.12913292640762697,-0.08061108096254188,-0.08879303298305341,123240142.48831613
2026-09-23,DGII,FINAL_VINTAGE_ADJUSTED_DISCOVERY_ONLY,data/baskets/ohlcv/DGII.parquet,2026-09-23,OBSERVED,75.30000305175781,0.07372031941849055,0.05294369398628662,0.01866889768663782,0.01048694566612629,25282595.10970343
2026-09-23,EAT,FINAL_VINTAGE_ADJUSTED_DISCOVERY_ONLY,data/baskets/ohlcv/EAT.parquet,2026-09-23,OBSERVED,210.8000030517578,0.000902152988251359,-0.019874472443952573,-0.16988264540795417,-0.1780645974284657,299276179.3762207
2026-09-23,ETSY,FINAL_VINTAGE_ADJUSTED_DISCOVERY_ONLY,data/yahoo/ETSY.parquet,2026-09-23,OBSERVED,73.69999694824219,0.0032670550879472238,-0.01750957034425671,-0.15316559827673693,-0.16134755029724845,245145072.80593145
2026-09-23,FIVE,FINAL_VINTAGE_ADJUSTED_DISCOVERY_ONLY,data/baskets/ohlcv/FIVE.parquet,2026-09-23,OBSERVED,227.41000366210938,-0.04320931222713875,-0.06398593765934268,-0.1344016344188842,-0.14258358643939573,320648338.8106573
2026-09-23,FTDR,FINAL_VINTAGE_ADJUSTED_DISCOVERY_ONLY,data/baskets/ohlcv/FTDR.parquet,2026-09-23,OBSERVED,73.94999694824219,-0.08182274512508314,-0.10259937055728707,-0.10634444775538143,-0.11452639977589296,41469825.56777228
2026-09-23,GWW,FINAL_VINTAGE_ADJUSTED_DISCOVERY_ONLY,data/baskets/ohlcv/GWW.parquet,2026-09-23,OBSERVED,1270.6700439453125,0.009862853530566484,-0.010913771901637448,-0.03875480711293422,-0.04693675913344575,318338395.3857422
2026-09-23,HCSG,FINAL_VINTAGE_ADJUSTED_DISCOVERY_ONLY,data/baskets/ohlcv/HCSG.parquet,2026-09-23,OBSERVED,21.25,-0.029237067496268976,-0.05001369292847291,-0.06798242495293949,-0.07616437697345102,13996636.584227426
2026-09-23,IAG,FINAL_VINTAGE_ADJUSTED_DISCOVERY_ONLY,data/baskets/ohlcv/IAG.parquet,2026-09-23,OBSERVED,19.889999389648438,0.02104722058761621,0.00027059515541227874,-0.08761467496590836,-0.09579662698641989,109283350.94799769
2026-09-23,JBHT,FINAL_VINTAGE_ADJUSTED_DISCOVERY_ONLY,data/baskets/ohlcv/JBHT.parquet,2026-09-23,OBSERVED,234.6300048828125,-0.008870827029218153,-0.029647452461422086,-0.09716022597192875,-0.10534217799244028,278332029.6198527
2026-09-23,KEYS,FINAL_VINTAGE_ADJUSTED_DISCOVERY_ONLY,data/baskets/ohlcv/KEYS.parquet,2026-09-23,OBSERVED,353.3599853515625,0.09725492477830366,0.07647829934609973,0.13744924092608946,0.12926728890557793,371404573.4789167
2026-09-23,LMT,FINAL_VINTAGE_ADJUSTED_DISCOVERY_ONLY,data/baskets/ohlcv/LMT.parquet,2026-09-23,OBSERVED,524.6799926757812,-0.02339694243688928,-0.04417356786909321,-0.06419460721537396,-0.07237655923588548,623702854.3640137
2026-09-23,LSCC,FINAL_VINTAGE_ADJUSTED_DISCOVERY_ONLY,data/yahoo/LSCC.parquet,2026-09-23,OBSERVED,121.66000366210938,0.14428145232615086,0.12350482689394693,0.06579064420360847,0.05760869218309694,184738150.80373853
2026-09-23,MRP,FINAL_VINTAGE_ADJUSTED_DISCOVERY_ONLY,data/yahoo/MRP.parquet,2026-09-23,OBSERVED,26.809999465942383,-0.07392059553022912,-0.09469722096243305,-0.12127173828851379,-0.12945369030902532,42481498.36529323
2026-09-23,MSM,FINAL_VINTAGE_ADJUSTED_DISCOVERY_ONLY,data/baskets/ohlcv/MSM.parquet,2026-09-23,OBSERVED,124.0999984741211,0.030046439378516032,0.0092698139463121,0.040583567425748646,0.032401615405237116,80549256.86543782
2026-09-23,MU,FINAL_VINTAGE_ADJUSTED_DISCOVERY_ONLY,data/baskets/ohlcv/MU.parquet,2026-09-23,OBSERVED,1071.8800048828125,0.1568507031509634,0.13607407771875946,0.1773338021658588,0.16915185014534728,24476721410.536995
2026-09-23,MXL,FINAL_VINTAGE_ADJUSTED_DISCOVERY_ONLY,data/baskets/ohlcv/MXL.parquet,2026-09-23,OBSERVED,84.31999969482422,0.21306282698090118,0.19228620154869724,0.3431029202668707,0.3349209682463592,181239612.2930799
2026-09-23,NHC,FINAL_VINTAGE_ADJUSTED_DISCOVERY_ONLY,data/baskets/ohlcv/NHC.parquet,2026-09-23,OBSERVED,224.1978759765625,-0.002174322136381357,-0.02295094756858529,-0.01536913424510944,-0.02355108626562097,23901589.704531714
2026-09-23,PJT,FINAL_VINTAGE_ADJUSTED_DISCOVERY_ONLY,data/baskets/ohlcv/PJT.parquet,2026-09-23,OBSERVED,149.3300018310547,-0.021428598569273594,-0.042205224001477526,-0.15232771206226692,-0.16050966408277845,71803031.1949957
2026-09-23,PLTR,FINAL_VINTAGE_ADJUSTED_DISCOVERY_ONLY,data/baskets/ohlcv/PLTR.parquet,2026-09-23,OBSERVED,191.7899932861328,0.10009175929097824,0.07931513385877431,0.09039737308350992,0.0822154210629984,4911553813.1251745
2026-09-23,RELY,FINAL_VINTAGE_ADJUSTED_DISCOVERY_ONLY,data/baskets/ohlcv/RELY.parquet,2026-09-23,OBSERVED,20.190000534057617,-0.08848754484099208,-0.10926417027319602,-0.24069197374214335,-0.24887392576265488,99322015.3736387
2026-09-23,RIO,FINAL_VINTAGE_ADJUSTED_DISCOVERY_ONLY,data/yahoo/RIO.parquet,2026-09-23,OBSERVED,95.25,-0.005637341166783605,-0.026413966598987537,-0.09112598066472699,-0.09930793268523852,176188137.37073627
2026-09-23,RL,FINAL_VINTAGE_ADJUSTED_DISCOVERY_ONLY,data/baskets/ohlcv/RL.parquet,2026-09-23,OBSERVED,336.5108947753906,-0.0026302771858096596,-0.023406902618013592,-0.0899358197287401,-0.09811777174925163,240826380.89686802
2026-09-23,RMBS,FINAL_VINTAGE_ADJUSTED_DISCOVERY_ONLY,data/baskets/ohlcv/RMBS.parquet,2026-09-23,OBSERVED,103.47000122070312,0.27097403962974065,0.2501974141975367,0.188354215956817,0.18017226393630548,239365624.36378115
2026-09-23,ROST,FINAL_VINTAGE_ADJUSTED_DISCOVERY_ONLY,data/baskets/ohlcv/ROST.parquet,2026-09-23,OBSERVED,233.97999572753906,0.040836265796970084,0.02005964036476615,-0.029346634321920972,-0.0375285863424325,487484758.12966484
2026-09-23,SEZL,FINAL_VINTAGE_ADJUSTED_DISCOVERY_ONLY,data/baskets/ohlcv/SEZL.parquet,2026-09-23,OBSERVED,106.88999938964844,-0.08890215080384045,-0.10967877623604438,-0.0936148637917269,-0.10179681581223843,54146028.089214504
2026-09-23,SHOO,FINAL_VINTAGE_ADJUSTED_DISCOVERY_ONLY,data/baskets/ohlcv/SHOO.parquet,2026-09-23,OBSERVED,43.400001525878906,0.04553127633747134,0.024754650905267406,-0.0498712275097023,-0.05805317953021383,46827805.37083944
2026-09-23,SKY,FINAL_VINTAGE_ADJUSTED_DISCOVERY_ONLY,data/baskets/ohlcv/SKY.parquet,2026-09-23,OBSERVED,85.45999908447266,0.006714568252119912,-0.01406205718008402,-0.06631705206793015,-0.07449900408844168,45651604.83042399
2026-09-23,SNDK,FINAL_VINTAGE_ADJUSTED_DISCOVERY_ONLY,data/baskets/ohlcv/SNDK.parquet,2026-09-23,OBSERVED,1816.5699462890625,0.1951354180035103,0.17435879257130638,0.21662689685331626,0.20844494483280473,17547854389.954193
2026-09-23,SVM,FINAL_VINTAGE_ADJUSTED_DISCOVERY_ONLY,data/baskets/ohlcv/SVM.parquet,2026-09-23,OBSERVED,11.510000228881836,0.02951698700341554,0.008740361571211608,-0.09011853154355176,-0.09830048356406329,24288389.946669623
2026-09-23,TALO,FINAL_VINTAGE_ADJUSTED_DISCOVERY_ONLY,data/baskets/ohlcv/TALO.parquet,2026-09-23,OBSERVED,16.559999465942383,-0.04936857672704009,-0.07014520215924402,-0.021854744983098584,-0.030036697003610113,34688847.33185541
2026-09-23,TDY,FINAL_VINTAGE_ADJUSTED_DISCOVERY_ONLY,data/baskets/ohlcv/TDY.parquet,2026-09-23,OBSERVED,621.0499877929688,0.033189174874919125,0.012412549442715193,-0.006653818770469777,-0.014835770790981306,161143051.18931362
2026-09-23,TPR,FINAL_VINTAGE_ADJUSTED_DISCOVERY_ONLY,data/baskets/ohlcv/TPR.parquet,2026-09-23,OBSERVED,110.51000213623047,-0.06299813592819858,-0.08377476136040252,-0.16064679159101158,-0.1688287436115231,411207355.6314014
2026-09-23,UNFI,FINAL_VINTAGE_ADJUSTED_DISCOVERY_ONLY,data/baskets/ohlcv/UNFI.parquet,2026-09-23,OBSERVED,43.7400016784668,-0.05529152485481281,-0.07606815028701674,-0.09888749786828055,-0.10706944988879208,31356307.57286435
2026-09-23,VSXY,FINAL_VINTAGE_ADJUSTED_DISCOVERY_ONLY,data/baskets/ohlcv/VSXY.parquet,2026-09-23,OBSERVED,83.33999633789062,0.12682527541279032,0.10604864998058638,-0.0433885019458371,-0.05157045396634863,172179289.31343442
2026-09-23,WDC,FINAL_VINTAGE_ADJUSTED_DISCOVERY_ONLY,data/baskets/ohlcv/WDC.parquet,2026-09-23,OBSERVED,473.69000244140625,0.13602897343850184,0.11525234800629791,0.08834133106866005,0.08015937904814852,2845378106.204078
2026-09-23,WRLD,FINAL_VINTAGE_ADJUSTED_DISCOVERY_ONLY,data/baskets/ohlcv/WRLD.parquet,2026-09-23,OBSERVED,170.07000732421875,-0.08362513777636871,-0.10440176320857264,-0.10635274286177943,-0.11453469488229095,12305145.575823102
2026-09-23,YETI,FINAL_VINTAGE_ADJUSTED_DISCOVERY_ONLY,data/yahoo/YETI.parquet,2026-09-23,OBSERVED,41.86000061035156,0.03230582978886343,0.011529204356659495,-0.02831943288878125,-0.03650138490929278,74215370.67515056
2026-09-24,ABNB,FINAL_VINTAGE_ADJUSTED_DISCOVERY_ONLY,data/baskets/ohlcv/ABNB.parquet,2026-09-24,OBSERVED,151.38999938964844,-0.08762727612809107,-0.09613115493762836,-0.20530184047428646,-0.20944736854539603,867161784.8417009
2026-09-24,AIT,FINAL_VINTAGE_ADJUSTED_DISCOVERY_ONLY,data/baskets/ohlcv/AIT.parquet,2026-09-24,OBSERVED,332.0199890136719,0.047447717540751944,0.03894383873121465,-0.010785441177379784,-0.014930969248489356,99970362.77887253
2026-09-24,AMKR,FINAL_VINTAGE_ADJUSTED_DISCOVERY_ONLY,data/yahoo/AMKR.parquet,2026-09-24,OBSERVED,52.689998626708984,0.0988529257216002,0.09034904691206291,0.08392122647779998,0.07977569840669041,206543686.37094045
2026-09-24,ASML,FINAL_VINTAGE_ADJUSTED_DISCOVERY_ONLY,data/baskets/ohlcv/ASML.parquet,2026-09-24,OBSERVED,1722.5,0.056962424019253,0.04845854520971571,-0.012418604804159905,-0.016564132875269477,2175294793.0832634
2026-09-24,AZZ,FINAL_VINTAGE_ADJUSTED_DISCOVERY_ONLY,data/baskets/ohlcv/AZZ.parquet,2026-09-24,OBSERVED,137.97999572753906,0.03232075375630372,0.02381687494676643,-0.0038264298629419047,-0.007971957934051477,33228806.983221143
2026-09-24,BHE,FINAL_VINTAGE_ADJUSTED_DISCOVERY_ONLY,data/baskets/ohlcv/BHE.parquet,2026-09-24,OBSERVED,81.9828109741211,0.10194501765927821,0.09344113884974092,0.14319510322974272,0.13904957515863314,27990690.421186175
2026-09-24,CARG,FINAL_VINTAGE_ADJUSTED_DISCOVERY_ONLY,data/baskets/ohlcv/CARG.parquet,2026-09-24,OBSERVED,30.989999771118164,-0.08177778455946183,-0.09028166336899912,-0.14979426275822594,-0.1539397908293355,37047162.514177956
2026-09-24,CL,FINAL_VINTAGE_ADJUSTED_DISCOVERY_ONLY,data/baskets/ohlcv/CL.parquet,2026-09-24,OBSERVED,85.31999969482422,-0.027470689272678595,-0.035974568082215885,-0.06580534343301525,-0.06995087150412482,464332451.30270094
2026-09-24,CR,FINAL_VINTAGE_ADJUSTED_DISCOVERY_ONLY,data/yahoo/CR.parquet,2026-09-24,OBSERVED,204.55999755859375,0.03433277615132413,0.02582889734178684,-0.006296130341854167,-0.010441658412963739,82000165.60552688
2026-09-24,CSW,FINAL_VINTAGE_ADJUSTED_DISCOVERY_ONLY,data/baskets/ohlcv/CSW.parquet,2026-09-24,OBSERVED,294.45001220703125,0.020058229305987885,0.011554350496450594,-0.08754260592303897,-0.09168813399414855,40917061.65437244
2026-09-24,DAVE,FINAL_VINTAGE_ADJUSTED_DISCOVERY_ONLY,data/baskets/ohlcv/DAVE.parquet,2026-09-24,OBSERVED,331.4549865722656,-0.0702263860077812,-0.07873026481731848,-0.051549530962631485,-0.05569505903374106,123652746.90348308
2026-09-24,EAT,FINAL_VINTAGE_ADJUSTED_DISCOVERY_ONLY,data/baskets/ohlcv/EAT.parquet,2026-09-24,OBSERVED,206.7100067138672,0.03582886972713095,0.02732499091759366,-0.16883792018346377,-0.17298344825457335,300302269.6078346
2026-09-24,ESE,FINAL_VINTAGE_ADJUSTED_DISCOVERY_ONLY,data/baskets/ohlcv/ESE.parquet,2026-09-24,OBSERVED,268.3390197753906,0.03182899272633044,0.02332511391679315,-0.030344611291823975,-0.03449013936293355,65129821.11889067
2026-09-24,ETSY,FINAL_VINTAGE_ADJUSTED_DISCOVERY_ONLY,data/yahoo/ETSY.parquet,2026-09-24,OBSERVED,68.9800033569336,-0.046447237365937144,-0.054951116175474435,-0.18299179074259775,-0.18713731881370732,249189123.25127012
2026-09-24,FELE,FINAL_VINTAGE_ADJUSTED_DISCOVERY_ONLY,data/baskets/ohlcv/FELE.parquet,2026-09-24,OBSERVED,96.83999633789062,0.006652800519242996,-0.0018510782902942946,-0.048909874011586196,-0.05305540208269577,27962711.162385486
2026-09-24,FIVE,FINAL_VINTAGE_ADJUSTED_DISCOVERY_ONLY,data/baskets/ohlcv/FIVE.parquet,2026-09-24,OBSERVED,222.3800048828125,-0.06089526175298865,-0.06939914056252594,-0.14274699609321828,-0.14689252416432785,316327083.35658485
2026-09-24,GE,FINAL_VINTAGE_ADJUSTED_DISCOVERY_ONLY,data/baskets/ohlcv/GE.parquet,2026-09-24,OBSERVED,319.7799987792969,0.020129510109489157,0.011625631299951866,-0.08514049618958086,-0.08928602426069043,1358433169.9515207
2026-09-24,GMED,FINAL_VINTAGE_ADJUSTED_DISCOVERY_ONLY,data/yahoo/GMED.parquet,2026-09-24,OBSERVED,74.2699966430664,0.0014831846753700084,-0.007020694134167282,-0.10474930734458898,-0.10889483541569855,110801145.00111172
2026-09-24,HWM,FINAL_VINTAGE_ADJUSTED_DISCOVERY_ONLY,data/baskets/ohlcv/HWM.parquet,2026-09-24,OBSERVED,229.3800048828125,0.016034773494233656,0.007530894684696365,-0.13126799931993094,-0.1354135273910405,952238499.6898832
2026-09-24,IAG,FINAL_VINTAGE_ADJUSTED_DISCOVERY_ONLY,data/baskets/ohlcv/IAG.parquet,2026-09-24,OBSERVED,19.360000610351562,-0.039682502138671416,-0.04818638094820871,-0.1267478329396613,-0.13089336101077087,109223126.20351882
2026-09-24,IEX,FINAL_VINTAGE_ADJUSTED_DISCOVERY_ONLY,data/baskets/ohlcv/IEX.parquet,2026-09-24,OBSERVED,227.7742919921875,0.029789524392886513,0.021285645583349222,-0.00768660815103539,-0.011832136222144962,126739743.96645682
2026-09-24,JBHT,FINAL_VINTAGE_ADJUSTED_DISCOVERY_ONLY,data/baskets/ohlcv/JBHT.parquet,2026-09-24,OBSERVED,229.14999389648438,-0.03230578148937502,-0.04080966029891231,-0.12598214853161072,-0.1301276766027203,282881633.270191
2026-09-24,KEYS,FINAL_VINTAGE_ADJUSTED_DISCOVERY_ONLY,data/baskets/ohlcv/KEYS.parquet,2026-09-24,OBSERVED,357.5400085449219,0.07874730241148153,0.07024342360194424,0.11689370860459958,0.11274818053349,361297549.6249244
2026-09-24,LECO,FINAL_VINTAGE_ADJUSTED_DISCOVERY_ONLY,data/yahoo/LECO.parquet,2026-09-24,OBSERVED,265.62286376953125,0.03657591830420337,0.02807203949466608,-0.04908088733353322,-0.05322641540464279,119113234.52548072
2026-09-24,MATX,FINAL_VINTAGE_ADJUSTED_DISCOVERY_ONLY,data/baskets/ohlcv/MATX.parquet,2026-09-24,OBSERVED,224.82000732421875,-0.042300288288738,-0.05080416709827529,0.008975854655142612,0.00483032658403304,68087206.11492339
2026-09-24,MEDP,FINAL_VINTAGE_ADJUSTED_DISCOVERY_ONLY,data/yahoo/MEDP.parquet,2026-09-24,OBSERVED,620.5900268554688,0.008794229728044334,0.000290350918507043,0.010634187738718381,0.006488659667608809,139672196.96073985
2026-09-24,MU,FINAL_VINTAGE_ADJUSTED_DISCOVERY_ONLY,data/baskets/ohlcv/MU.parquet,2026-09-24,OBSERVED,1080.530029296875,0.10540156449808191,0.09689768568854462,0.15816163780978143,0.15401610973867186,24760935674.870373
2026-09-24,NDSN,FINAL_VINTAGE_ADJUSTED_DISCOVERY_ONLY,data/baskets/ohlcv/NDSN.parquet,2026-09-24,OBSERVED,323.260009765625,0.0369539356262536,0.028450056816716307,-0.02802674247248582,-0.032172270543595394,114279098.45130557
2026-09-24,NHC,FINAL_VINTAGE_ADJUSTED_DISCOVERY_ONLY,data/baskets/ohlcv/NHC.parquet,2026-09-24,OBSERVED,220.93765258789062,-0.014410248619025179,-0.02291412742856247,-0.013927786408555076,-0.01807331447966465,23785554.129464287
2026-09-24,NPO,FINAL_VINTAGE_ADJUSTED_DISCOVERY_ONLY,data/baskets/ohlcv/NPO.parquet,2026-09-24,OBSERVED,311.19000244140625,0.08466367745440206,0.07615979864486477,0.027087537500711356,0.022942009429601784,46215550.11872791
2026-09-24,NVDA,FINAL_VINTAGE_ADJUSTED_DISCOVERY_ONLY,data/baskets/ohlcv/NVDA.parquet,2026-09-24,OBSERVED,224.5800018310547,0.023889876815224698,0.015385998005687407,0.055298265076409114,0.05115273700529954,28573632466.13065
2026-09-24,PEN,FINAL_VINTAGE_ADJUSTED_DISCOVERY_ONLY,data/yahoo/PEN.parquet,2026-09-24,OBSERVED,319.7200012207031,0.002665682304800132,-0.005838196504737159,-0.01433546248568529,-0.018480990556794863,128380606.72825405
2026-09-24,PJT,FINAL_VINTAGE_ADJUSTED_DISCOVERY_ONLY,data/baskets/ohlcv/PJT.parquet,2026-09-24,OBSERVED,149.16000366210938,-0.013687708284797262,-0.022191587094334553,-0.1445642526944605,-0.14870978076557007,69876354.71779959
2026-09-24,PLXS,FINAL_VINTAGE_ADJUSTED_DISCOVERY_ONLY,data/baskets/ohlcv/PLXS.parquet,2026-09-24,OBSERVED,261.6099853515625,0.06458036747638918,0.05607648866685189,0.0857889213111589,0.08164339324004932,55268940.47858828
2026-09-24,PRLB,FINAL_VINTAGE_ADJUSTED_DISCOVERY_ONLY,data/baskets/ohlcv/PRLB.parquet,2026-09-24,OBSERVED,92.97000122070312,0.07579267751143659,0.0672887987018993,0.19806704959804589,0.1939215215269363,17914170.14621553
2026-09-24,RAL,FINAL_VINTAGE_ADJUSTED_DISCOVERY_ONLY,data/yahoo/RAL.parquet,2026-09-24,OBSERVED,69.97000122070312,0.038901303725920044,0.030397424916382754,0.13492989313333426,0.13078436506222468,96514054.43313235
2026-09-24,RELY,FINAL_VINTAGE_ADJUSTED_DISCOVERY_ONLY,data/baskets/ohlcv/RELY.parquet,2026-09-24,OBSERVED,21.15999984741211,-0.026231003535748698,-0.03473488234528599,-0.1929824408258165,-0.19712796889692608,101676036.93054745
2026-09-24,RMBS,FINAL_VINTAGE_ADJUSTED_DISCOVERY_ONLY,data/baskets/ohlcv/RMBS.parquet,2026-09-24,OBSERVED,104.55000305175781,0.2175381356432915,0.2090342568337542,0.16347654508822718,0.1593310170171176,243573972.2743443
2026-09-24,ROG,FINAL_VINTAGE_ADJUSTED_DISCOVERY_ONLY,data/baskets/ohlcv/ROG.parquet,2026-09-24,OBSERVED,136.1999969482422,0.0405683977641893,0.03206451895465201,0.0918710861049421,0.08772555803383253,28704387.379310243
2026-09-24,ROST,FINAL_VINTAGE_ADJUSTED_DISCOVERY_ONLY,data/baskets/ohlcv/ROST.parquet,2026-09-24,OBSERVED,235.39999389648438,0.02579744761706415,0.01729356880752686,-0.022119673529711337,-0.02626520160082091,476125278.238133
2026-09-24,SEZL,FINAL_VINTAGE_ADJUSTED_DISCOVERY_ONLY,data/baskets/ohlcv/SEZL.parquet,2026-09-24,OBSERVED,109.77999877929688,-0.029182905892485955,-0.037686784702023246,-0.11524824984471282,-0.1193937779158224,55735391.82241531
2026-09-24,SWK,FINAL_VINTAGE_ADJUSTED_DISCOVERY_ONLY,data/baskets/ohlcv/SWK.parquet,2026-09-24,OBSERVED,90.16999816894531,0.01178181541745471,0.00327793660791742,-0.0762265607993744,-0.08037208887048397,155061433.80185083
2026-09-24,TALO,FINAL_VINTAGE_ADJUSTED_DISCOVERY_ONLY,data/baskets/ohlcv/TALO.parquet,2026-09-24,OBSERVED,17.020000457763672,-0.007580126160827372,-0.016084004970364663,0.0315151792584043,0.02736965118729473,35372428.61747742
2026-09-24,TDC,FINAL_VINTAGE_ADJUSTED_DISCOVERY_ONLY,data/baskets/ohlcv/TDC.parquet,2026-09-24,OBSERVED,29.459999084472656,0.006491240988641289,-0.0020126378208960016,0.07636091272030066,0.07221538464919108,48101108.24969155
2026-09-24,TILE,FINAL_VINTAGE_ADJUSTED_DISCOVERY_ONLY,data/baskets/ohlcv/TILE.parquet,2026-09-24,OBSERVED,35.189998626708984,0.023560137679720983,0.015056258870183692,-0.095788687261397,-0.09993421533250657,19406460.530235656
2026-09-24,TXN,FINAL_VINTAGE_ADJUSTED_DISCOVERY_ONLY,data/baskets/ohlcv/TXN.parquet,2026-09-24,OBSERVED,270.6499938964844,0.04846199170277532,0.03995811289323803,0.04076141742392436,0.03661588935281479,1592697164.75118
2026-09-24,WDC,FINAL_VINTAGE_ADJUSTED_DISCOVERY_ONLY,data/baskets/ohlcv/WDC.parquet,2026-09-24,OBSERVED,450.30999755859375,0.062377622256787335,0.053873743447250044,-0.0006554496595969628,-0.004800977730706535,2898192755.7236443
2026-09-24,YETI,FINAL_VINTAGE_ADJUSTED_DISCOVERY_ONLY,data/yahoo/YETI.parquet,2026-09-24,OBSERVED,41.9900016784668,0.018680262856880514,0.010176384047343223,-0.013856273537254493,-0.018001801608364065,74140682.99555098
2026-09-25,ABNB,FINAL_VINTAGE_ADJUSTED_DISCOVERY_ONLY,data/baskets/ohlcv/ABNB.parquet,2026-09-25,OBSERVED,157.47000122070312,-0.052641077702688444,-0.06532336723460919,-0.16270540177500759,-0.17208484154209414,878051431.1277117
2026-09-25,AEIS,FINAL_VINTAGE_ADJUSTED_DISCOVERY_ONLY,data/baskets/ohlcv/AEIS.parquet,2026-09-25,OBSERVED,279.67999267578125,0.06666658907303158,0.053984299541110836,-0.011940948604413193,-0.021320388371499743,146234658.82931665
2026-09-25,AIR,FINAL_VINTAGE_ADJUSTED_DISCOVERY_ONLY,data/baskets/ohlcv/AIR.parquet,2026-09-25,OBSERVED,116.11000061035156,0.029617842216106194,0.01693555268418545,-0.16214461627801602,-0.17152405604510257,47256667.84449986
2026-09-25,AMAT,FINAL_VINTAGE_ADJUSTED_DISCOVERY_ONLY,data/baskets/ohlcv/AMAT.parquet,2026-09-25,OBSERVED,485.0,0.0909417909658854,0.07825950143396465,0.010922107152980143,0.0015426673858935924,2875127810.367984
2026-09-25,AME,FINAL_VINTAGE_ADJUSTED_DISCOVERY_ONLY,data/baskets/ohlcv/AME.parquet,2026-09-25,OBSERVED,250.74000549316406,0.055125425589806154,0.04244313605788541,0.024084068576907036,0.014704628809820486,346954912.42305213
2026-09-25,APH,FINAL_VINTAGE_ADJUSTED_DISCOVERY_ONLY,data/baskets/ohlcv/APH.parquet,2026-09-25,OBSERVED,84.08999633789062,0.08601440570907593,0.07333211617715518,0.0440116530854191,0.03463221331833255,963909430.1375616
2026-09-25,APOG,FINAL_VINTAGE_ADJUSTED_DISCOVERY_ONLY,data/baskets/ohlcv/APOG.parquet,2026-09-25,OBSERVED,37.150001525878906,0.009510931958549573,-0.0031713575733711696,-0.09079782254170488,-0.10017726230879143,9702599.39876738
2026-09-25,ARW,FINAL_VINTAGE_ADJUSTED_DISCOVERY_ONLY,data/yahoo/ARW.parquet,2026-09-25,OBSERVED,232.8000030517578,0.061511128737119725,0.04882883920519898,0.12409462187749254,0.11471518211040599,114866720.37491572
2026-09-25,AVT,FINAL_VINTAGE_ADJUSTED_DISCOVERY_ONLY,data/yahoo/AVT.parquet,2026-09-25,OBSERVED,103.08000183105469,0.07240947654592267,0.059727187014001926,0.14624362608924057,0.13686418632215402,124165722.3584493
2026-09-25,CALY,FINAL_VINTAGE_ADJUSTED_DISCOVERY_ONLY,data/baskets/ohlcv/CALY.parquet,2026-09-25,OBSERVED,14.4399995803833,-0.017018380336364602,-0.029700669868285345,-0.08259213530106113,-0.09197157506814768,30679992.64014562
2026-09-25,CARG,FINAL_VINTAGE_ADJUSTED_DISCOVERY_ONLY,data/baskets/ohlcv/CARG.parquet,2026-09-25,OBSERVED,31.299999237060547,-0.05751279434106127,-0.07019508387298201,-0.13535915532066478,-0.14473859508775133,37361959.107562475
2026-09-25,CIEN,FINAL_VINTAGE_ADJUSTED_DISCOVERY_ONLY,data/baskets/ohlcv/CIEN.parquet,2026-09-25,OBSERVED,356.9100036621094,0.023251193099107503,0.01056890356718676,-0.11662499136091875,-0.1260044311280053,947542409.1211228
2026-09-25,CMI,FINAL_VINTAGE_ADJUSTED_DISCOVERY_ONLY,data/baskets/ohlcv/CMI.parquet,2026-09-25,OBSERVED,525.0599975585938,-0.013471587797142637,-0.02615387732906338,-0.09181169914717169,-0.10119113891425824,629418287.8871373
2026-09-25,DAVE,FINAL_VINTAGE_ADJUSTED_DISCOVERY_ONLY,data/baskets/ohlcv/DAVE.parquet,2026-09-25,OBSERVED,324.8800048828125,-0.03830442886997876,-0.0509867184018995,-0.12737035848769862,-0.13674979825478517,121851080.5393764
2026-09-25,DCI,FINAL_VINTAGE_ADJUSTED_DISCOVERY_ONLY,data/yahoo/DCI.parquet,2026-09-25,OBSERVED,87.41000366210938,0.0112216704454704,-0.0014606190864503432,-0.08221329669557653,-0.09159273646266308,61383615.60621716
2026-09-25,EAT,FINAL_VINTAGE_ADJUSTED_DISCOVERY_ONLY,data/baskets/ohlcv/EAT.parquet,2026-09-25,OBSERVED,207.1999969482422,0.05332718151768279,0.040644891985762044,-0.1399991564061076,-0.14937859617319416,302049640.4583159
2026-09-25,ETSY,FINAL_VINTAGE_ADJUSTED_DISCOVERY_ONLY,data/yahoo/ETSY.parquet,2026-09-25,OBSERVED,68.44000244140625,-0.057300222040606696,-0.06998251157252744,-0.16271098323894595,-0.1720904230060325,247761281.83023363
2026-09-25,FIVE,FINAL_VINTAGE_ADJUSTED_DISCOVERY_ONLY,data/baskets/ohlcv/FIVE.parquet,2026-09-25,OBSERVED,222.60000610351562,-0.049286722970082186,-0.06196901250200293,-0.13503011142740085,-0.1444095511944874,312570199.5012556
2026-09-25,GFF,FINAL_VINTAGE_ADJUSTED_DISCOVERY_ONLY,data/baskets/ohlcv/GFF.parquet,2026-09-25,OBSERVED,98.38999938964844,0.055460181304922695,0.04277789177300195,-0.021928423812960895,-0.031307863580047446,32088605.806986492
2026-09-25,GTES,FINAL_VINTAGE_ADJUSTED_DISCOVERY_ONLY,data/yahoo/GTES.parquet,2026-09-25,OBSERVED,26.860000610351562,0.048809057798099076,0.03612676826617833,0.007124129490591935,-0.0022553102764946154,47669578.18649837
2026-09-25,ITT,FINAL_VINTAGE_ADJUSTED_DISCOVERY_ONLY,data/yahoo/ITT.parquet,2026-09-25,OBSERVED,206.25999450683594,0.00875430760232021,-0.0039279819296005325,-0.017821325355262152,-0.027200765122348702,164691575.37027994
2026-09-25,IVZ,FINAL_VINTAGE_ADJUSTED_DISCOVERY_ONLY,data/baskets/ohlcv/IVZ.parquet,2026-09-25,OBSERVED,30.920000076293945,0.01277430006148128,9.201052956053779e-05,-0.06246208291495614,-0.07184152268204269,130895769.85232036
2026-09-25,JBHT,FINAL_VINTAGE_ADJUSTED_DISCOVERY_ONLY,data/baskets/ohlcv/JBHT.parquet,2026-09-25,OBSERVED,225.4600067138672,-0.03752398414571101,-0.05020627367763175,-0.14481871420574433,-0.15419815397283088,293787650.31316847
2026-09-25,JCI,FINAL_VINTAGE_ADJUSTED_DISCOVERY_ONLY,data/baskets/ohlcv/JCI.parquet,2026-09-25,OBSERVED,150.1999969482422,0.05123185789333218,0.038549568361411435,0.04358411705011789,0.03420467728303134,465359966.074117
2026-09-25,KLIC,FINAL_VINTAGE_ADJUSTED_DISCOVERY_ONLY,data/baskets/ohlcv/KLIC.parquet,2026-09-25,OBSERVED,91.18000030517578,0.0967043658233222,0.08402207629140146,0.07699788072530622,0.06761844095821967,60635080.371457055
2026-09-25,KN,FINAL_VINTAGE_ADJUSTED_DISCOVERY_ONLY,data/baskets/ohlcv/KN.parquet,2026-09-25,OBSERVED,37.529998779296875,0.05569619085032773,0.04301390131840699,0.08656623579953027,0.07718679603244372,24375620.786503382
2026-09-25,MATX,FINAL_VINTAGE_ADJUSTED_DISCOVERY_ONLY,data/baskets/ohlcv/MATX.parquet,2026-09-25,OBSERVED,224.66000366210938,-0.03546279654718465,-0.04814508607910539,0.013580012851390988,0.0042005730843044375,69461393.72507732
2026-09-25,MEDP,FINAL_VINTAGE_ADJUSTED_DISCOVERY_ONLY,data/yahoo/MEDP.parquet,2026-09-25,OBSERVED,618.8800048828125,0.010696826237750257,-0.0019854632941704864,-0.00027458672725655386,-0.009654026494343104,142019784.62466285
2026-09-25,NTAP,FINAL_VINTAGE_ADJUSTED_DISCOVERY_ONLY,data/baskets/ohlcv/NTAP.parquet,2026-09-25,OBSERVED,201.14999389648438,0.016987717904872968,0.004305428372952225,0.03765791881930913,0.028278479052222583,481235190.57522726
2026-09-25,NTCT,FINAL_VINTAGE_ADJUSTED_DISCOVERY_ONLY,data/baskets/ohlcv/NTCT.parquet,2026-09-25,OBSERVED,39.439998626708984,0.03219051483139568,0.019508225299474935,0.024415548745687854,0.015036108978601304,25350785.254033405
2026-09-25,PJT,FINAL_VINTAGE_ADJUSTED_DISCOVERY_ONLY,data/baskets/ohlcv/PJT.parquet,2026-09-25,OBSERVED,151.77000427246094,0.0019806103475281667,-0.010701679184392576,-0.13039275189664867,-0.13977219166373522,69355697.90562221
2026-09-25,PLXS,FINAL_VINTAGE_ADJUSTED_DISCOVERY_ONLY,data/baskets/ohlcv/PLXS.parquet,2026-09-25,OBSERVED,263.0899963378906,0.06630730309912414,0.053625013567203395,0.07594467422279982,0.06656523445571327,54677674.196370445
2026-09-25,RAL,FINAL_VINTAGE_ADJUSTED_DISCOVERY_ONLY,data/yahoo/RAL.parquet,2026-09-25,OBSERVED,70.02999877929688,0.03045908950427223,0.017776799972351487,0.09645212620263388,0.08707268643554733,97156989.5094917
2026-09-25,RBC,FINAL_VINTAGE_ADJUSTED_DISCOVERY_ONLY,data/yahoo/RBC.parquet,2026-09-25,OBSERVED,506.1000061035156,0.01015947034725273,-0.0025228191846680126,-0.01527387083776055,-0.0246533106048471,155735286.4933559
2026-09-25,RELY,FINAL_VINTAGE_ADJUSTED_DISCOVERY_ONLY,data/baskets/ohlcv/RELY.parquet,2026-09-25,OBSERVED,21.360000610351562,-0.025991777788060055,-0.0386740673199808,-0.17048541319023058,-0.17986485295731713,101041080.8859598
2026-09-25,ROG,FINAL_VINTAGE_ADJUSTED_DISCOVERY_ONLY,data/baskets/ohlcv/ROG.parquet,2026-09-25,OBSERVED,137.75999450683594,0.061570393552576874,0.04888810402065613,0.09211982855091949,0.08274038878383294,29352683.3274478
2026-09-25,ROST,FINAL_VINTAGE_ADJUSTED_DISCOVERY_ONLY,data/baskets/ohlcv/ROST.parquet,2026-09-25,OBSERVED,236.1199951171875,0.041966349592788,0.029284060060867256,0.0012965952178296547,-0.008082844549256896,467676626.0317121
2026-09-25,RTX,FINAL_VINTAGE_ADJUSTED_DISCOVERY_ONLY,data/baskets/ohlcv/RTX.parquet,2026-09-25,OBSERVED,189.39999389648438,-0.023711371667606285,-0.03639366119952703,-0.10656168220821216,-0.11594112197529871,769566778.2568796
2026-09-25,SEIC,FINAL_VINTAGE_ADJUSTED_DISCOVERY_ONLY,data/yahoo/SEIC.parquet,2026-09-25,OBSERVED,105.6500015258789,0.004277610177670699,-0.008404679354250044,-0.04630797355069738,-0.05568741331778393,95363488.7155442
2026-09-25,SEZL,FINAL_VINTAGE_ADJUSTED_DISCOVERY_ONLY,data/baskets/ohlcv/SEZL.parquet,2026-09-25,OBSERVED,111.37999725341797,-0.04435869294695716,-0.0570409824788779,-0.09842968732389756,-0.10780912709098411,56872771.94137573
2026-09-25,SNA,FINAL_VINTAGE_ADJUSTED_DISCOVERY_ONLY,data/baskets/ohlcv/SNA.parquet,2026-09-25,OBSERVED,369.20001220703125,-0.007926862119669087,-0.02060915165158983,-0.071148228835763,-0.08052766860284954,108476579.24121675
2026-09-25,SONO,FINAL_VINTAGE_ADJUSTED_DISCOVERY_ONLY,data/baskets/ohlcv/SONO.parquet,2026-09-25,OBSERVED,18.18000030517578,0.17063751563230656,0.15795522610038581,0.1859100062396304,0.17653056647254384,31442509.925261
2026-09-25,TALO,FINAL_VINTAGE_ADJUSTED_DISCOVERY_ONLY,data/baskets/ohlcv/TALO.parquet,2026-09-25,OBSERVED,16.469999313354492,-0.031746085141754365,-0.04442837467367511,-0.014952153724092643,-0.024331593491179193,35956776.687603906
2026-09-25,UCTT,FINAL_VINTAGE_ADJUSTED_DISCOVERY_ONLY,data/baskets/ohlcv/UCTT.parquet,2026-09-25,OBSERVED,77.69000244140625,0.09980185606840353,0.08711956653648278,0.06308156123215336,0.05370212146506681,57654522.986057825
2026-09-25,UNF,FINAL_VINTAGE_ADJUSTED_DISCOVERY_ONLY,data/baskets/ohlcv/UNF.parquet,2026-09-25,OBSERVED,259.0899963378906,-0.009670510001208443,-0.022352799533129186,-0.09912426866315593,-0.10850370843024248,95906929.42577544
2026-09-25,WCC,FINAL_VINTAGE_ADJUSTED_DISCOVERY_ONLY,data/baskets/ohlcv/WCC.parquet,2026-09-25,OBSERVED,367.44000244140625,0.06767400539872503,0.05499171586680429,0.05861573141033061,0.04923629164324406,166295178.4056164
2026-09-25,WTS,FINAL_VINTAGE_ADJUSTED_DISCOVERY_ONLY,data/baskets/ohlcv/WTS.parquet,2026-09-25,OBSERVED,357.7900085449219,0.020333099892632323,0.00765081036071158,-0.05218347087674735,-0.0615629106438339,73323239.86918132
2026-09-25,YETI,FINAL_VINTAGE_ADJUSTED_DISCOVERY_ONLY,data/yahoo/YETI.parquet,2026-09-25,OBSERVED,42.279998779296875,0.001658367598732502,-0.011023921933188241,0.011967448889629084,0.002588009122542534,73127073.78781636
2026-09-30,ABNB,FINAL_VINTAGE_ADJUSTED_DISCOVERY_ONLY,data/baskets/ohlcv/ABNB.parquet,2026-09-30,OBSERVED,160.64999389648438,0.07400716626499881,0.0807536174602842,-0.12318528094010528,-0.11989186315705314,823272077.4090722
2026-09-30,AME,FINAL_VINTAGE_ADJUSTED_DISCOVERY_ONLY,data/baskets/ohlcv/AME.parquet,2026-09-30,OBSERVED,247.72999572753906,0.005193746379172026,0.011940197574457412,0.05494333765246351,0.05823675543551565,345867233.72301376
2026-09-30,AMG,FINAL_VINTAGE_ADJUSTED_DISCOVERY_ONLY,data/yahoo/AMG.parquet,2026-09-30,OBSERVED,365.6099853515625,-0.0015294209127869607,0.005217030282498425,-0.007007298060067058,-0.0037138802770149137,109822846.0571289
2026-09-30,APA,FINAL_VINTAGE_ADJUSTED_DISCOVERY_ONLY,data/baskets/ohlcv/APA.parquet,2026-09-30,OBSERVED,41.540000915527344,-0.0494279132654829,-0.04268146207019752,-0.03731171618582618,-0.03401829840277404,264346832.71311805
2026-09-30,APH,FINAL_VINTAGE_ADJUSTED_DISCOVERY_ONLY,data/baskets/ohlcv/APH.parquet,2026-09-30,OBSERVED,84.30000305175781,0.02567222956168913,0.032418680756974516,0.06503626823942454,0.06832968602247669,1013573404.7641209
2026-09-30,CARG,FINAL_VINTAGE_ADJUSTED_DISCOVERY_ONLY,data/baskets/ohlcv/CARG.parquet,2026-09-30,OBSERVED,31.15999984741211,0.019299972472285765,0.02604642366757115,-0.1261918120935318,-0.12289839431047966,38983290.8760979
2026-09-30,CIEN,FINAL_VINTAGE_ADJUSTED_DISCOVERY_ONLY,data/baskets/ohlcv/CIEN.parquet,2026-09-30,OBSERVED,351.82000732421875,-0.011491658834556273,-0.0047452076392708875,-0.08092994110936347,-0.07763652332631132,979633183.3365304
2026-09-30,CL,FINAL_VINTAGE_ADJUSTED_DISCOVERY_ONLY,data/baskets/ohlcv/CL.parquet,2026-09-30,OBSERVED,85.31999969482422,-0.0070988084276175645,-0.00035235723233217886,-0.050100200571023934,-0.04680678278797179,466110098.61450195
2026-09-30,CTAS,FINAL_VINTAGE_ADJUSTED_DISCOVERY_ONLY,data/baskets/ohlcv/CTAS.parquet,2026-09-30,OBSERVED,195.05999755859375,0.016096245862592617,0.022842697057878003,-0.03335148397569998,-0.030058066192647837,413098848.05457705
2026-09-30,DAR,FINAL_VINTAGE_ADJUSTED_DISCOVERY_ONLY,data/yahoo/DAR.parquet,2026-09-30,OBSERVED,60.709999084472656,-0.010593245101259807,-0.0038467939059744216,-0.08389916765108929,-0.08060574986803715,145104747.32929412
2026-09-30,DAVE,FINAL_VINTAGE_ADJUSTED_DISCOVERY_ONLY,data/baskets/ohlcv/DAVE.parquet,2026-09-30,OBSERVED,321.510009765625,-0.014347443639453394,-0.007600992444168009,-0.10572424457490015,-0.102430826791848,112946728.41302781
2026-09-30,DDOG,FINAL_VINTAGE_ADJUSTED_DISCOVERY_ONLY,data/baskets/ohlcv/DDOG.parquet,2026-09-30,OBSERVED,273.8500061035156,0.08891009631378521,0.0956565475090706,0.15529030484298545,0.1585837226260376,852616746.5826125
2026-09-30,DRH,FINAL_VINTAGE_ADJUSTED_DISCOVERY_ONLY,data/baskets/ohlcv/DRH.parquet,2026-09-30,OBSERVED,12.359999656677246,0.01879084569142564,0.025537296886711025,0.012997546448533015,0.01629096423158516,37086540.14488856
2026-09-30,EAT,FINAL_VINTAGE_ADJUSTED_DISCOVERY_ONLY,data/baskets/ohlcv/EAT.parquet,2026-09-30,OBSERVED,193.52999877929688,-0.08192601528672949,-0.0751795640914441,-0.15304158083458697,-0.14974816305153482,310400183.4681193
2026-09-30,ETSY,FINAL_VINTAGE_ADJUSTED_DISCOVERY_ONLY,data/yahoo/ETSY.parquet,2026-09-30,OBSERVED,71.48999786376953,-0.029986420298289684,-0.0232399691030043,-0.12098861116129833,-0.11769519337824619,247127621.95285615
2026-09-30,FIVE,FINAL_VINTAGE_ADJUSTED_DISCOVERY_ONLY,data/baskets/ohlcv/FIVE.parquet,2026-09-30,OBSERVED,219.57000732421875,-0.034475160334368815,-0.02772870913908343,-0.11047637910487951,-0.10718296132182736,302695662.676784
2026-09-30,FOXF,FINAL_VINTAGE_ADJUSTED_DISCOVERY_ONLY,data/baskets/ohlcv/FOXF.parquet,2026-09-30,OBSERVED,18.3700008392334,-0.015541211712224667,-0.008794760516939282,-0.10083208199563742,-0.09753866421258528,9785155.630947296
2026-09-30,FTDR,FINAL_VINTAGE_ADJUSTED_DISCOVERY_ONLY,data/baskets/ohlcv/FTDR.parquet,2026-09-30,OBSERVED,73.12000274658203,-0.011223721919029539,-0.004477270723744153,-0.09583281484836548,-0.09253939706531333,46620157.850864954
2026-09-30,FTI,FINAL_VINTAGE_ADJUSTED_DISCOVERY_ONLY,data/yahoo/FTI.parquet,2026-09-30,OBSERVED,67.91999816894531,-0.046603029118178374,-0.03985657792289299,-0.13090215172351582,-0.12760873394046368,221174388.40143114
2026-09-30,GWW,FINAL_VINTAGE_ADJUSTED_DISCOVERY_ONLY,data/baskets/ohlcv/GWW.parquet,2026-09-30,OBSERVED,1245.760009765625,-0.019603857270723224,-0.012857406075437838,-0.04866778741649147,-0.045374369633439326,341750311.98439825
2026-09-30,HAS,FINAL_VINTAGE_ADJUSTED_DISCOVERY_ONLY,data/baskets/ohlcv/HAS.parquet,2026-09-30,OBSERVED,87.68000030517578,0.013407347516377177,0.020153798711662563,-0.0682252738899981,-0.06493185610694596,144768670.17393565
2026-09-30,HSBC,FINAL_VINTAGE_ADJUSTED_DISCOVERY_ONLY,data/yahoo/HSBC.parquet,2026-09-30,OBSERVED,99.30999755859375,-0.009376582956670876,-0.00263013176138549,-0.03713401060422228,-0.033840592821170135,144640471.6145107
2026-09-30,IAG,FINAL_VINTAGE_ADJUSTED_DISCOVERY_ONLY,data/baskets/ohlcv/IAG.parquet,2026-09-30,OBSERVED,18.40999984741211,-0.07440923014842227,-0.06766277895313688,-0.099755542269922,-0.09646212448686986,106705478.58708699
2026-09-30,JBHT,FINAL_VINTAGE_ADJUSTED_DISCOVERY_ONLY,data/baskets/ohlcv/JBHT.parquet,2026-09-30,OBSERVED,224.0500030517578,-0.04509227980598196,-0.038345828610696575,-0.15602515530374395,-0.1527317375206918,300149696.4486985
2026-09-30,KEYS,FINAL_VINTAGE_ADJUSTED_DISCOVERY_ONLY,data/baskets/ohlcv/KEYS.parquet,2026-09-30,OBSERVED,364.0400085449219,0.030224200917185584,0.03697065211247097,0.128106584363463,0.13140000214651515,334616429.1915167
2026-09-30,MATX,FINAL_VINTAGE_ADJUSTED_DISCOVERY_ONLY,data/baskets/ohlcv/MATX.parquet,2026-09-30,OBSERVED,219.63999938964844,-0.010229391352349126,-0.003482940157063741,-0.02299718973840481,-0.019703771955352667,71619098.2938494
2026-09-30,MEDP,FINAL_VINTAGE_ADJUSTED_DISCOVERY_ONLY,data/yahoo/MEDP.parquet,2026-09-30,OBSERVED,624.1799926757812,0.011391019984797301,0.018137471180082687,0.05082577642342745,0.05411919420647959,144619501.24569848
2026-09-30,MHK,FINAL_VINTAGE_ADJUSTED_DISCOVERY_ONLY,data/baskets/ohlcv/MHK.parquet,2026-09-30,OBSERVED,124.72000122070312,0.04237358654548484,0.04912003774077023,-0.027524356953581908,-0.024230939170529764,142127738.32531884
2026-09-30,MSM,FINAL_VINTAGE_ADJUSTED_DISCOVERY_ONLY,data/baskets/ohlcv/MSM.parquet,2026-09-30,OBSERVED,123.72000122070312,-0.0030620246421454445,0.003684426553139941,0.04071335867351733,0.044006776456569474,86063741.8490092
2026-09-30,NHC,FINAL_VINTAGE_ADJUSTED_DISCOVERY_ONLY,data/baskets/ohlcv/NHC.parquet,2026-09-30,OBSERVED,219.50999450683594,-0.020909571285218753,-0.014163120089933368,0.01680169662417441,0.020095114407226555,24056238.909330823
2026-09-30,ONTO,FINAL_VINTAGE_ADJUSTED_DISCOVERY_ONLY,data/baskets/ohlcv/ONTO.parquet,2026-09-30,OBSERVED,307.82000732421875,0.09036169454229248,0.09710814573757787,0.15197790938879518,0.15527132717184733,223940742.3804147
2026-09-30,PJT,FINAL_VINTAGE_ADJUSTED_DISCOVERY_ONLY,data/baskets/ohlcv/PJT.parquet,2026-09-30,OBSERVED,142.7100067138672,-0.04433131344012886,-0.037584862244843475,-0.20777950746450458,-0.20448608968145243,68153403.06171235
2026-09-30,PTON,FINAL_VINTAGE_ADJUSTED_DISCOVERY_ONLY,data/baskets/ohlcv/PTON.parquet,2026-09-30,OBSERVED,4.989999771118164,0.03958324434029081,0.0463296955355762,-0.06902991663801339,-0.06573649885496125,48162183.37076278
2026-09-30,QTWO,FINAL_VINTAGE_ADJUSTED_DISCOVERY_ONLY,data/baskets/ohlcv/QTWO.parquet,2026-09-30,OBSERVED,55.439998626708984,-0.003952591112221349,0.002793860083064037,-0.1476015091280003,-0.14430809134494815,35767808.53558495
2026-09-30,RELY,FINAL_VINTAGE_ADJUSTED_DISCOVERY_ONLY,data/baskets/ohlcv/RELY.parquet,2026-09-30,OBSERVED,21.34000015258789,0.05695887013922518,0.06370532133451057,-0.20194463966909992,-0.19865122188604778,98491234.65296428
2026-09-30,RIO,FINAL_VINTAGE_ADJUSTED_DISCOVERY_ONLY,data/yahoo/RIO.parquet,2026-09-30,OBSERVED,94.16999816894531,-0.011338601900836576,-0.00459215070555119,-0.081268310546875,-0.07797489276382286,173913547.17588878
2026-09-30,SAH,FINAL_VINTAGE_ADJUSTED_DISCOVERY_ONLY,data/baskets/ohlcv/SAH.parquet,2026-09-30,OBSERVED,60.349998474121094,-0.03238737361483279,-0.025640922419547407,-0.22853038857020358,-0.22523697078715144,23484613.867750622
2026-09-30,SNDK,FINAL_VINTAGE_ADJUSTED_DISCOVERY_ONLY,data/baskets/ohlcv/SNDK.parquet,2026-09-30,OBSERVED,1739.8900146484375,-0.042211384041263456,-0.03546493284597807,0.11054450046227315,0.1138379182453253,16169598640.480259
2026-09-30,SONO,FINAL_VINTAGE_ADJUSTED_DISCOVERY_ONLY,data/baskets/ohlcv/SONO.parquet,2026-09-30,OBSERVED,17.889999389648438,0.04619877137750161,0.052945222572787,0.14679480462698313,0.15008822241003528,34197209.31214832
2026-09-30,SVM,FINAL_VINTAGE_ADJUSTED_DISCOVERY_ONLY,data/baskets/ohlcv/SVM.parquet,2026-09-30,OBSERVED,10.670000076293945,-0.07298002918193636,-0.06623357798665097,-0.1422829231345375,-0.13898950535148535,22012251.10276086
2026-09-30,TALO,FINAL_VINTAGE_ADJUSTED_DISCOVERY_ONLY,data/baskets/ohlcv/TALO.parquet,2026-09-30,OBSERVED,16.329999923706055,-0.013888861694068888,-0.007142410498783502,-0.05388182461432278,-0.05058840683127064,36162774.25084795
2026-09-30,TER,FINAL_VINTAGE_ADJUSTED_DISCOVERY_ONLY,data/baskets/ohlcv/TER.parquet,2026-09-30,OBSERVED,400.9100036621094,0.03024615452179935,0.03699260571708474,0.14645408295281892,0.14974750073587106,906573489.260283
2026-09-30,TGT,FINAL_VINTAGE_ADJUSTED_DISCOVERY_ONLY,data/baskets/ohlcv/TGT.parquet,2026-09-30,OBSERVED,156.69000244140625,0.002751874758011086,0.009498325953296471,-0.02604427097362605,-0.022750853190573905,524072801.87683105
2026-09-30,TILE,FINAL_VINTAGE_ADJUSTED_DISCOVERY_ONLY,data/baskets/ohlcv/TILE.parquet,2026-09-30,OBSERVED,34.400001525878906,-0.015454983458908611,-0.008708532263623225,-0.09207842489734253,-0.08878500711429038,18882417.75928679
2026-09-30,TPR,FINAL_VINTAGE_ADJUSTED_DISCOVERY_ONLY,data/baskets/ohlcv/TPR.parquet,2026-09-30,OBSERVED,115.04000091552734,0.04099175361260565,0.04773820480789104,-0.06413732659785498,-0.06084390881480284,368108812.1832711
2026-09-30,URBN,FINAL_VINTAGE_ADJUSTED_DISCOVERY_ONLY,data/baskets/ohlcv/URBN.parquet,2026-09-30,OBSERVED,76.37999725341797,0.020850007550877736,0.02759645874616312,-0.05341436432745217,-0.050120946544400025,79102862.89770944
2026-09-30,YETI,FINAL_VINTAGE_ADJUSTED_DISCOVERY_ONLY,data/yahoo/YETI.parquet,2026-09-30,OBSERVED,41.02000045776367,-0.02006689298471165,-0.013320441789426263,-0.000730786354553481,0.002562631428498663,74435835.414505
2026-09-30,YOU,FINAL_VINTAGE_ADJUSTED_DISCOVERY_ONLY,data/baskets/ohlcv/YOU.parquet,2026-09-30,OBSERVED,41.95000076293945,0.07840614697743598,0.08515259817272136,-0.046517154806491434,-0.04322373702343929,88615476.33848645
2026-10-01,ABNB,FINAL_VINTAGE_ADJUSTED_DISCOVERY_ONLY,data/baskets/ohlcv/ABNB.parquet,2026-10-01,OBSERVED,160.47000122070312,0.059977553785997006,0.06413564246383141,-0.12092907047396495,-0.1263205183095144,822843090.9945533
2026-10-01,ACLS,FINAL_VINTAGE_ADJUSTED_DISCOVERY_ONLY,data/baskets/ohlcv/ACLS.parquet,2026-10-01,OBSERVED,136.7100067138672,0.17711389213294715,0.18127198081078155,0.2418022641609856,0.23641081632543615,41776726.274653845
2026-10-01,ALGM,FINAL_VINTAGE_ADJUSTED_DISCOVERY_ONLY,data/yahoo/ALGM.parquet,2026-10-01,OBSERVED,36.380001068115234,0.03558212245927117,0.039740211137105574,0.02565547832236792,0.020264030486818463,85112343.11012995
2026-10-01,APH,FINAL_VINTAGE_ADJUSTED_DISCOVERY_ONLY,data/baskets/ohlcv/APH.parquet,2026-10-01,OBSERVED,85.66999816894531,0.03117472653837261,0.035332815216207014,0.05163471614368875,0.046243268308139296,1002228204.0735518
2026-10-01,AUB,FINAL_VINTAGE_ADJUSTED_DISCOVERY_ONLY,data/baskets/ohlcv/AUB.parquet,2026-10-01,OBSERVED,38.470001220703125,-0.001298007177216176,0.002860081500618228,-0.026322377752754145,-0.0317138255883036,55246260.47855559
2026-10-01,CARG,FINAL_VINTAGE_ADJUSTED_DISCOVERY_ONLY,data/baskets/ohlcv/CARG.parquet,2026-10-01,OBSERVED,29.729999542236328,-0.04065828454946041,-0.03650019587162601,-0.1449525697202566,-0.15034401755580606,40777974.38412621
2026-10-01,CIEN,FINAL_VINTAGE_ADJUSTED_DISCOVERY_ONLY,data/baskets/ohlcv/CIEN.parquet,2026-10-01,OBSERVED,379.1400146484375,0.05777982422187966,0.061937912899714065,0.052202227894234454,0.046810780058685,987163430.998448
2026-10-01,CL,FINAL_VINTAGE_ADJUSTED_DISCOVERY_ONLY,data/baskets/ohlcv/CL.parquet,2026-10-01,OBSERVED,84.52999877929688,-0.009259270022890842,-0.005101181345056438,-0.056900576039308204,-0.06229202387485766,466738048.68425643
2026-10-01,CMI,FINAL_VINTAGE_ADJUSTED_DISCOVERY_ONLY,data/baskets/ohlcv/CMI.parquet,2026-10-01,OBSERVED,517.0,-0.0078108646957419925,-0.0036527760179075885,-0.061961395085427085,-0.06735284292097654,629789112.8647578
2026-10-01,CRDO,FINAL_VINTAGE_ADJUSTED_DISCOVERY_ONLY,data/baskets/ohlcv/CRDO.parquet,2026-10-01,OBSERVED,210.1699981689453,0.07246005439500935,0.07661814307284376,0.017132038922132775,0.011740591086583319,1761869432.9557147
2026-10-01,CTAS,FINAL_VINTAGE_ADJUSTED_DISCOVERY_ONLY,data/baskets/ohlcv/CTAS.parquet,2026-10-01,OBSERVED,195.60000610351562,-0.010521988311063213,-0.006363899633228809,-0.024876565758391256,-0.030268013593940712,415545307.2312128
2026-10-01,CTS,FINAL_VINTAGE_ADJUSTED_DISCOVERY_ONLY,data/baskets/ohlcv/CTS.parquet,2026-10-01,OBSERVED,59.810001373291016,0.004534774162108901,0.008692862839943305,0.0641924116211674,0.05880096378561794,13620215.292649042
2026-10-01,DAVE,FINAL_VINTAGE_ADJUSTED_DISCOVERY_ONLY,data/baskets/ohlcv/DAVE.parquet,2026-10-01,OBSERVED,339.5899963378906,0.024543331961160098,0.0287014206389945,-0.00308248668797928,-0.008473934523528737,110105416.04730515
2026-10-01,DDOG,FINAL_VINTAGE_ADJUSTED_DISCOVERY_ONLY,data/baskets/ohlcv/DDOG.parquet,2026-10-01,OBSERVED,276.4599914550781,0.076054713553251,0.0802128022310854,0.23507860962326244,0.22968716178771298,854788890.9364246
2026-10-01,EAT,FINAL_VINTAGE_ADJUSTED_DISCOVERY_ONLY,data/baskets/ohlcv/EAT.parquet,2026-10-01,OBSERVED,194.3300018310547,-0.059890689762054916,-0.05573260108422051,-0.16945890512219386,-0.17485035295774332,309403319.4300334
2026-10-01,ETSY,FINAL_VINTAGE_ADJUSTED_DISCOVERY_ONLY,data/yahoo/ETSY.parquet,2026-10-01,OBSERVED,72.83999633789062,0.05595814428978341,0.06011623296761781,-0.10899087048451839,-0.11438231832006784,248218608.0446879
2026-10-01,FIVE,FINAL_VINTAGE_ADJUSTED_DISCOVERY_ONLY,data/baskets/ohlcv/FIVE.parquet,2026-10-01,OBSERVED,221.1699981689453,-0.005441166864371794,-0.0012830781865373897,-0.09755999462816911,-0.10295144246371857,296469158.795384
2026-10-01,FN,FINAL_VINTAGE_ADJUSTED_DISCOVERY_ONLY,data/baskets/ohlcv/FN.parquet,2026-10-01,OBSERVED,451.44000244140625,0.1332463576706866,0.137404446348521,0.12278954962531397,0.11739810178976451,311368067.943464
2026-10-01,FOXF,FINAL_VINTAGE_ADJUSTED_DISCOVERY_ONLY,data/baskets/ohlcv/FOXF.parquet,2026-10-01,OBSERVED,18.3700008392334,-0.008099331253925146,-0.003941242576090742,-0.08333333333333337,-0.08872478116888283,10000752.640796844
2026-10-01,GIII,FINAL_VINTAGE_ADJUSTED_DISCOVERY_ONLY,data/baskets/ohlcv/GIII.parquet,2026-10-01,OBSERVED,27.56999969482422,0.019223677354165414,0.023381766031999818,-0.13989971758455355,-0.145291165420103,25889399.02517228
2026-10-01,GTES,FINAL_VINTAGE_ADJUSTED_DISCOVERY_ONLY,data/yahoo/GTES.parquet,2026-10-01,OBSERVED,26.5,0.00913936668036297,0.013297455358197374,0.06854841996926408,0.06315697213371463,46474752.4701073
2026-10-01,HAS,FINAL_VINTAGE_ADJUSTED_DISCOVERY_ONLY,data/baskets/ohlcv/HAS.parquet,2026-10-01,OBSERVED,89.9800033569336,0.03651659817407782,0.04067468685191222,-0.03454928859168083,-0.03994073642723028,153503756.14068168
2026-10-01,HON,FINAL_VINTAGE_ADJUSTED_DISCOVERY_ONLY,data/baskets/ohlcv/HON.parquet,2026-10-01,OBSERVED,213.8000030517578,0.009490579486016726,0.01364866816385113,0.018192244032500193,0.012800796196950737,622811739.5695277
2026-10-01,IESC,FINAL_VINTAGE_ADJUSTED_DISCOVERY_ONLY,data/baskets/ohlcv/IESC.parquet,2026-10-01,OBSERVED,330.1600036621094,0.03014041704246284,0.034298505720297245,0.09837322493919376,0.0929817771036443,82689940.73515393
2026-10-01,JBHT,FINAL_VINTAGE_ADJUSTED_DISCOVERY_ONLY,data/baskets/ohlcv/JBHT.parquet,2026-10-01,OBSERVED,227.1999969482422,-0.008509696706005876,-0.004351608028171472,-0.11416099806564162,-0.11955244590119107,299553132.1654547
2026-10-01,JCI,FINAL_VINTAGE_ADJUSTED_DISCOVERY_ONLY,data/baskets/ohlcv/JCI.parquet,2026-10-01,OBSERVED,151.77000427246094,0.04409743832687418,0.04825552700470859,0.09296151569418121,0.08757006785863175,473978164.68164355
2026-10-01,KEYS,FINAL_VINTAGE_ADJUSTED_DISCOVERY_ONLY,data/baskets/ohlcv/KEYS.parquet,2026-10-01,OBSERVED,373.8800048828125,0.04570116895278198,0.04985925763061638,0.17104650530370424,0.1656550574681548,344657691.73249745
2026-10-01,MEDP,FINAL_VINTAGE_ADJUSTED_DISCOVERY_ONLY,data/yahoo/MEDP.parquet,2026-10-01,OBSERVED,598.0800170898438,-0.036271948938147225,-0.03211386026031282,0.025496809994607128,0.02010536215905767,146270567.58074078
2026-10-01,MHK,FINAL_VINTAGE_ADJUSTED_DISCOVERY_ONLY,data/baskets/ohlcv/MHK.parquet,2026-10-01,OBSERVED,125.12000274658203,0.0472922195375336,0.051450308215368,0.0006398099045819006,-0.004751637930967556,142445186.41132173
2026-10-01,ONTO,FINAL_VINTAGE_ADJUSTED_DISCOVERY_ONLY,data/baskets/ohlcv/ONTO.parquet,2026-10-01,OBSERVED,314.8800048828125,0.1256568566688483,0.1298149453466827,0.22822487373719347,0.222833425901644,224748201.85190836
2026-10-01,PJT,FINAL_VINTAGE_ADJUSTED_DISCOVERY_ONLY,data/baskets/ohlcv/PJT.parquet,2026-10-01,OBSERVED,140.3000030517578,-0.0593993053957147,-0.05524121671788029,-0.21881960866474892,-0.22421105650029838,67821176.34429932
2026-10-01,PRSU,FINAL_VINTAGE_ADJUSTED_DISCOVERY_ONLY,data/baskets/ohlcv/PRSU.parquet,2026-10-01,OBSERVED,50.95000076293945,0.05181672599896592,0.05597481467680032,0.07922054121998245,0.073829093384433,11540236.975678943
2026-10-01,QTWO,FINAL_VINTAGE_ADJUSTED_DISCOVERY_ONLY,data/baskets/ohlcv/QTWO.parquet,2026-10-01,OBSERVED,56.47999954223633,0.0005314221238517103,0.004689510801686114,-0.11625724179182018,-0.12164868962736963,36382919.66623579
2026-10-01,RBC,FINAL_VINTAGE_ADJUSTED_DISCOVERY_ONLY,data/yahoo/RBC.parquet,2026-10-01,OBSERVED,508.489990234375,0.009209058399626269,0.013367147077460673,0.040516457660381144,0.03512500982483169,157025155.66042945
2026-10-01,RELY,FINAL_VINTAGE_ADJUSTED_DISCOVERY_ONLY,data/baskets/ohlcv/RELY.parquet,2026-10-01,OBSERVED,21.479999542236328,0.015122859032693059,0.019280947710527463,-0.16452740929076892,-0.16991885712631838,95144968.37461562
2026-10-01,ROST,FINAL_VINTAGE_ADJUSTED_DISCOVERY_ONLY,data/baskets/ohlcv/ROST.parquet,2026-10-01,OBSERVED,234.10000610351562,-0.005522463154949864,-0.0013643744771154598,0.023174174678663784,0.017782726843114327,443202354.9091884
2026-10-01,RXO,FINAL_VINTAGE_ADJUSTED_DISCOVERY_ONLY,data/baskets/ohlcv/RXO.parquet,2026-10-01,OBSERVED,21.360000610351562,0.07175114316503106,0.07590923184286547,0.06215812839690149,0.056766680561352034,35903311.37355623
2026-10-01,SAH,FINAL_VINTAGE_ADJUSTED_DISCOVERY_ONLY,data/baskets/ohlcv/SAH.parquet,2026-10-01,OBSERVED,63.7599983215332,0.02048653631041719,0.024644624988251596,-0.1769865981323634,-0.18237804596791285,23682882.79378982
2026-10-01,SNA,FINAL_VINTAGE_ADJUSTED_DISCOVERY_ONLY,data/baskets/ohlcv/SNA.parquet,2026-10-01,OBSERVED,367.7200012207031,2.7221902742846638e-05,0.004185310580577251,-0.035362042378443204,-0.04075349021399266,107610740.14369419
2026-10-01,SONO,FINAL_VINTAGE_ADJUSTED_DISCOVERY_ONLY,data/baskets/ohlcv/SONO.parquet,2026-10-01,OBSERVED,17.75,-0.005044851559311003,-0.0008867628814765993,0.17239099058728513,0.16699954275173567,35140272.24245526
2026-10-01,TALO,FINAL_VINTAGE_ADJUSTED_DISCOVERY_ONLY,data/baskets/ohlcv/TALO.parquet,2026-10-01,OBSERVED,16.639999389648438,-0.022326736656572588,-0.018168647978738184,-0.03647950500383568,-0.041870952839385134,35305423.65582784
2026-10-01,TPR,FINAL_VINTAGE_ADJUSTED_DISCOVERY_ONLY,data/baskets/ohlcv/TPR.parquet,2026-10-01,OBSERVED,119.23999786376953,0.06350334412032077,0.06766143279815517,-0.02004247876124643,-0.025433926596795886,369388849.0131923
2026-10-01,TT,FINAL_VINTAGE_ADJUSTED_DISCOVERY_ONLY,data/baskets/ohlcv/TT.parquet,2026-10-01,OBSERVED,458.94000244140625,0.04651797669309965,0.050676065370934054,0.04515506416162873,0.039763616326079276,498561677.13608515
2026-10-01,TTC,FINAL_VINTAGE_ADJUSTED_DISCOVERY_ONLY,data/yahoo/TTC.parquet,2026-10-01,OBSERVED,97.79000091552734,0.009810043510555255,0.01396813218838966,-0.0017353835293395514,-0.007126831364889008,94138989.53817458
2026-10-01,URBN,FINAL_VINTAGE_ADJUSTED_DISCOVERY_ONLY,data/baskets/ohlcv/URBN.parquet,2026-10-01,OBSERVED,78.7699966430664,0.05335648474059851,0.05751457341843291,-0.006558257869298423,-0.01194970570484788,77939980.51674253
2026-10-01,WDC,FINAL_VINTAGE_ADJUSTED_DISCOVERY_ONLY,data/baskets/ohlcv/WDC.parquet,2026-10-01,OBSERVED,462.55999755859375,0.027203482193188577,0.03136157087102298,0.0272366890200193,0.021845241184469844,2985483463.3470807
2026-10-01,YETI,FINAL_VINTAGE_ADJUSTED_DISCOVERY_ONLY,data/yahoo/YETI.parquet,2026-10-01,OBSERVED,41.369998931884766,-0.014765485158338976,-0.010607396480504572,0.030129459389194313,0.024738011553644856,74090455.02662659
2026-10-01,YOU,FINAL_VINTAGE_ADJUSTED_DISCOVERY_ONLY,data/baskets/ohlcv/YOU.parquet,2026-10-01,OBSERVED,41.7400016784668,0.08274974071437846,0.08690782939221287,-0.025237617401151713,-0.03062906523670117,88153538.85252817
2026-10-02,ABNB,FINAL_VINTAGE_ADJUSTED_DISCOVERY_ONLY,data/baskets/ohlcv/ABNB.parquet,2026-10-02,OBSERVED,162.42999267578125,0.031498008615154616,0.03371485050485723,-0.11366366067569478,-0.12201642039539184,819699163.5433378
2026-10-02,AME,FINAL_VINTAGE_ADJUSTED_DISCOVERY_ONLY,data/baskets/ohlcv/AME.parquet,2026-10-02,OBSERVED,251.92999267578125,0.004745900759939303,0.006962742649641918,0.0819380553247977,0.07358529560510063,357174893.07330906
2026-10-02,APA,FINAL_VINTAGE_ADJUSTED_DISCOVERY_ONLY,data/baskets/ohlcv/APA.parquet,2026-10-02,OBSERVED,43.68000030517578,0.02199341576494529,0.024210257654647904,-0.022818801797635513,-0.03117156151733258,267684966.7458489
2026-10-02,APH,FINAL_VINTAGE_ADJUSTED_DISCOVERY_ONLY,data/baskets/ohlcv/APH.parquet,2026-10-02,OBSERVED,86.95999908447266,0.03413013285254274,0.03634697474224535,0.08814180605812627,0.0797890463384292,989213951.6462417
2026-10-02,ASB,FINAL_VINTAGE_ADJUSTED_DISCOVERY_ONLY,data/baskets/ohlcv/ASB.parquet,2026-10-02,OBSERVED,29.0,-0.012597917216915389,-0.010381075327212774,-0.05166775433773685,-0.060020514057433916,65425927.162570044
2026-10-02,AUB,FINAL_VINTAGE_ADJUSTED_DISCOVERY_ONLY,data/baskets/ohlcv/AUB.parquet,2026-10-02,OBSERVED,38.81999969482422,0.0010314831559175008,0.003248325045620115,-0.04384233611317667,-0.05219509583287374,54596649.98944601
2026-10-02,BEN,FINAL_VINTAGE_ADJUSTED_DISCOVERY_ONLY,data/baskets/ohlcv/BEN.parquet,2026-10-02,OBSERVED,32.810001373291016,0.003779397730844236,0.0059962396205468504,0.004083602956584498,-0.004269156763112569,132187389.56420535
2026-10-02,CIEN,FINAL_VINTAGE_ADJUSTED_DISCOVERY_ONLY,data/baskets/ohlcv/CIEN.parquet,2026-10-02,OBSERVED,391.3399963378906,0.09646687490546357,0.09868371679516619,0.10498077787251581,0.09662801815281874,985706122.8204637
2026-10-02,CMI,FINAL_VINTAGE_ADJUSTED_DISCOVERY_ONLY,data/baskets/ohlcv/CMI.parquet,2026-10-02,OBSERVED,528.3200073242188,0.006208832858689117,0.008425674748391732,-0.04098750424609232,-0.04934026396578939,620015712.6781645
2026-10-02,CRDO,FINAL_VINTAGE_ADJUSTED_DISCOVERY_ONLY,data/baskets/ohlcv/CRDO.parquet,2026-10-02,OBSERVED,218.63999938964844,0.03635587109335736,0.038572712983059976,0.32332646032114565,0.3149737006014486,1635855467.6576886
2026-10-02,CTAS,FINAL_VINTAGE_ADJUSTED_DISCOVERY_ONLY,data/baskets/ohlcv/CTAS.parquet,2026-10-02,OBSERVED,193.02000427246094,-0.03446550579476759,-0.03224866390506498,-0.025594387193493495,-0.03394714691319056,412175888.2750738
2026-10-02,CTS,FINAL_VINTAGE_ADJUSTED_DISCOVERY_ONLY,data/baskets/ohlcv/CTS.parquet,2026-10-02,OBSERVED,61.599998474121094,0.03355704783899305,0.03577388972869566,0.08123814220416148,0.07288538248446441,13711676.122792562
2026-10-02,DAVE,FINAL_VINTAGE_ADJUSTED_DISCOVERY_ONLY,data/baskets/ohlcv/DAVE.parquet,2026-10-02,OBSERVED,346.57000732421875,0.06676311904523047,0.06897996093493308,-0.07048410446317832,-0.07883686418287539,109741297.68705823
2026-10-02,ETSY,FINAL_VINTAGE_ADJUSTED_DISCOVERY_ONLY,data/yahoo/ETSY.parquet,2026-10-02,OBSERVED,72.7699966430664,0.06326700828754661,0.06548385017724923,-0.10952036764494444,-0.1178731273646415,244143450.7563273
2026-10-02,FN,FINAL_VINTAGE_ADJUSTED_DISCOVERY_ONLY,data/baskets/ohlcv/FN.parquet,2026-10-02,OBSERVED,463.69000244140625,0.11092739684241537,0.11314423873211799,0.17285947965812598,0.1645067199384289,311272720.7938058
2026-10-02,GIII,FINAL_VINTAGE_ADJUSTED_DISCOVERY_ONLY,data/baskets/ohlcv/GIII.parquet,2026-10-02,OBSERVED,27.3700008392334,0.00921828880028408,0.011435130689986694,-0.03517020685485572,-0.04352296657455279,23685372.638466246
2026-10-02,GTES,FINAL_VINTAGE_ADJUSTED_DISCOVERY_ONLY,data/yahoo/GTES.parquet,2026-10-02,OBSERVED,27.649999618530273,0.02941172711195894,0.031628569001661555,0.10999597703340891,0.10164321731371184,46470473.02468618
2026-10-02,HAS,FINAL_VINTAGE_ADJUSTED_DISCOVERY_ONLY,data/baskets/ohlcv/HAS.parquet,2026-10-02,OBSERVED,89.54000091552734,0.01646049083797063,0.018677332727673246,-0.04235293138473428,-0.05070569110443135,155825845.7438151
2026-10-02,HON,FINAL_VINTAGE_ADJUSTED_DISCOVERY_ONLY,data/baskets/ohlcv/HON.parquet,2026-10-02,OBSERVED,213.99000549316406,0.006774887888642445,0.008991729778345059,0.038433531748676364,0.030080772028979297,612578397.3105295
2026-10-02,IESC,FINAL_VINTAGE_ADJUSTED_DISCOVERY_ONLY,data/baskets/ohlcv/IESC.parquet,2026-10-02,OBSERVED,339.3399963378906,0.04692558919553669,0.0491424310852393,0.12126612448154206,0.11291336476184499,82635374.4486491
2026-10-02,ITT,FINAL_VINTAGE_ADJUSTED_DISCOVERY_ONLY,data/yahoo/ITT.parquet,2026-10-02,OBSERVED,206.1699981689453,-0.00043632473716392894,0.0017805171525386854,0.02766277165751263,0.019310011937815563,179732506.6004435
2026-10-02,JBHT,FINAL_VINTAGE_ADJUSTED_DISCOVERY_ONLY,data/baskets/ohlcv/JBHT.parquet,2026-10-02,OBSERVED,234.1999969482422,0.03876514669613651,0.040981988585839124,-0.09999233014526165,-0.10834508986495872,300475769.6851458
2026-10-02,JCI,FINAL_VINTAGE_ADJUSTED_DISCOVERY_ONLY,data/baskets/ohlcv/JCI.parquet,2026-10-02,OBSERVED,156.24000549316406,0.04021310697498359,0.04242994886468621,0.12515192995129554,0.11679917023159847,481543241.9956752
2026-10-02,KN,FINAL_VINTAGE_ADJUSTED_DISCOVERY_ONLY,data/baskets/ohlcv/KN.parquet,2026-10-02,OBSERVED,40.04999923706055,0.0671462973548993,0.06936313924460191,0.1618798322817001,0.15352707256200304,23799194.782238916
2026-10-02,MHK,FINAL_VINTAGE_ADJUSTED_DISCOVERY_ONLY,data/baskets/ohlcv/MHK.parquet,2026-10-02,OBSERVED,126.41000366210938,0.009987216070835192,0.012204057960537806,-0.021745840675193695,-0.030098600394890762,141708551.80526006
2026-10-02,NPO,FINAL_VINTAGE_ADJUSTED_DISCOVERY_ONLY,data/baskets/ohlcv/NPO.parquet,2026-10-02,OBSERVED,332.55999755859375,0.06784832989676182,0.07006517178646443,0.14443030300293436,0.1360775432832373,49547360.86687361
2026-10-02,NXT,FINAL_VINTAGE_ADJUSTED_DISCOVERY_ONLY,data/baskets/ohlcv/NXT.parquet,2026-10-02,OBSERVED,84.30000305175781,0.04267167152440976,0.044888513414112374,0.02119927238406971,0.012846512664372645,168932445.43035597
2026-10-02,ONTO,FINAL_VINTAGE_ADJUSTED_DISCOVERY_ONLY,data/baskets/ohlcv/ONTO.parquet,2026-10-02,OBSERVED,327.7699890136719,0.13951457489071006,0.14173141678041268,0.28764480488741606,0.279292045167719,231183494.30868965
2026-10-02,PRK,FINAL_VINTAGE_ADJUSTED_DISCOVERY_ONLY,data/baskets/ohlcv/PRK.parquet,2026-10-02,OBSERVED,183.14999389648438,0.008091156318607018,0.010307998208309632,-0.050790376816572946,-0.05914313653627001,20067271.054513115
2026-10-02,PRSU,FINAL_VINTAGE_ADJUSTED_DISCOVERY_ONLY,data/baskets/ohlcv/PRSU.parquet,2026-10-02,OBSERVED,52.380001068115234,0.06290589215924869,0.0651227340489513,0.08920775425068239,0.08085499453098532,11803301.416724069
2026-10-02,QTWO,FINAL_VINTAGE_ADJUSTED_DISCOVERY_ONLY,data/baskets/ohlcv/QTWO.parquet,2026-10-02,OBSERVED,56.380001068115234,0.004453946111574458,0.006670788001277073,-0.1192001376890528,-0.12755289740874987,36287569.45600964
2026-10-02,RBC,FINAL_VINTAGE_ADJUSTED_DISCOVERY_ONLY,data/yahoo/RBC.parquet,2026-10-02,OBSERVED,515.5599975585938,0.018691941001761636,0.02090878289146425,0.050255621776752246,0.04190286205705518,155631949.5333717
2026-10-02,RELY,FINAL_VINTAGE_ADJUSTED_DISCOVERY_ONLY,data/baskets/ohlcv/RELY.parquet,2026-10-02,OBSERVED,21.770000457763672,0.01919474886219863,0.021411590751901244,-0.18829229286065607,-0.19664505258035314,92632548.11299641
2026-10-02,ROST,FINAL_VINTAGE_ADJUSTED_DISCOVERY_ONLY,data/baskets/ohlcv/ROST.parquet,2026-10-02,OBSERVED,228.5399932861328,-0.03210232927242229,-0.029885487382719678,-0.008093152479747734,-0.0164459121994448,443768618.22676885
2026-10-02,RXO,FINAL_VINTAGE_ADJUSTED_DISCOVERY_ONLY,data/baskets/ohlcv/RXO.parquet,2026-10-02,OBSERVED,23.3799991607666,0.18140465281244755,0.18362149470215017,0.18140465281244755,0.1730518930927505,38546577.635973975
2026-10-02,SAH,FINAL_VINTAGE_ADJUSTED_DISCOVERY_ONLY,data/baskets/ohlcv/SAH.parquet,2026-10-02,OBSERVED,62.83000183105469,-0.03264041904231185,-0.030423577152609238,-0.1888868216345726,-0.19723958135426967,23639780.65203712
2026-10-02,SEZL,FINAL_VINTAGE_ADJUSTED_DISCOVERY_ONLY,data/baskets/ohlcv/SEZL.parquet,2026-10-02,OBSERVED,107.41000366210938,-0.03564368548399088,-0.03342684359428827,-0.11596704804848246,-0.12431980776817952,54491294.350033715
2026-10-02,SNA,FINAL_VINTAGE_ADJUSTED_DISCOVERY_ONLY,data/baskets/ohlcv/SNA.parquet,2026-10-02,OBSERVED,368.8999938964844,-0.0008126172823056388,0.0014042246073969755,-0.030715474799363318,-0.039068234519060385,107803564.44484165
2026-10-02,SONO,FINAL_VINTAGE_ADJUSTED_DISCOVERY_ONLY,data/baskets/ohlcv/SONO.parquet,2026-10-02,OBSERVED,17.700000762939453,-0.026402614641303,-0.024185772751600387,0.10763462265171131,0.09928186293201424,35624666.76227933
2026-10-02,ST,FINAL_VINTAGE_ADJUSTED_DISCOVERY_ONLY,data/yahoo/ST.parquet,2026-10-02,OBSERVED,43.5099983215332,0.03128702862740962,0.03350387051711223,0.03496663591800542,0.02661387619830835,56354075.18199739
2026-10-02,TALO,FINAL_VINTAGE_ADJUSTED_DISCOVERY_ONLY,data/baskets/ohlcv/TALO.parquet,2026-10-02,OBSERVED,16.780000686645508,0.01882218495538468,0.021039026845087294,-0.026117171650975823,-0.03446993137067289,34703845.93435923
2026-10-02,TT,FINAL_VINTAGE_ADJUSTED_DISCOVERY_ONLY,data/baskets/ohlcv/TT.parquet,2026-10-02,OBSERVED,463.9100036621094,0.02083883718384616,0.023055679073548774,0.05919267563399555,0.050839915914298484,510878069.1266741
2026-10-02,TTC,FINAL_VINTAGE_ADJUSTED_DISCOVERY_ONLY,data/yahoo/TTC.parquet,2026-10-02,OBSERVED,98.63999938964844,0.01533708533573841,0.017553927225441024,-0.005143743100168852,-0.013496502819865919,92423298.45297678
2026-10-02,URBN,FINAL_VINTAGE_ADJUSTED_DISCOVERY_ONLY,data/baskets/ohlcv/URBN.parquet,2026-10-02,OBSERVED,80.80000305175781,0.07232919293964568,0.0745460348293483,0.026031784784226186,0.01767902506452912,78509934.95814006
2026-10-02,VMI,FINAL_VINTAGE_ADJUSTED_DISCOVERY_ONLY,data/yahoo/VMI.parquet,2026-10-02,OBSERVED,478.739990234375,0.02551250777517411,0.027729349664876723,0.033655481074553295,0.025302721354856228,85954815.63357398
2026-10-02,VSH,FINAL_VINTAGE_ADJUSTED_DISCOVERY_ONLY,data/baskets/ohlcv/VSH.parquet,2026-10-02,OBSERVED,38.18000030517578,0.17296470660758323,0.17518154849728584,0.25125320246878724,0.24290044274909017,116354058.20486887
2026-10-02,WDC,FINAL_VINTAGE_ADJUSTED_DISCOVERY_ONLY,data/baskets/ohlcv/WDC.parquet,2026-10-02,OBSERVED,415.2900085449219,-0.0908911565762004,-0.08867431468649778,-0.07457492722631709,-0.08292768694601416,3387895941.6990733
2026-10-02,YETI,FINAL_VINTAGE_ADJUSTED_DISCOVERY_ONLY,data/yahoo/YETI.parquet,2026-10-02,OBSERVED,40.869998931884766,-0.033349098583762005,-0.03113225669405939,-0.013992806281761694,-0.02234556600145876,72907411.90901257
2026-10-05,ABNB,FINAL_VINTAGE_ADJUSTED_DISCOVERY_ONLY,data/baskets/ohlcv/ABNB.parquet,2026-10-02,MISSING_DECISION_SESSION,,,,,,
2026-10-05,AIT,FINAL_VINTAGE_ADJUSTED_DISCOVERY_ONLY,data/baskets/ohlcv/AIT.parquet,2026-10-02,MISSING_DECISION_SESSION,,,,,,
2026-10-05,APA,FINAL_VINTAGE_ADJUSTED_DISCOVERY_ONLY,data/baskets/ohlcv/APA.parquet,2026-10-02,MISSING_DECISION_SESSION,,,,,,
2026-10-05,CARG,FINAL_VINTAGE_ADJUSTED_DISCOVERY_ONLY,data/baskets/ohlcv/CARG.parquet,2026-10-02,MISSING_DECISION_SESSION,,,,,,
2026-10-05,CART,FINAL_VINTAGE_ADJUSTED_DISCOVERY_ONLY,data/yahoo/CART.parquet,2026-10-02,MISSING_DECISION_SESSION,,,,,,
2026-10-05,CIEN,FINAL_VINTAGE_ADJUSTED_DISCOVERY_ONLY,data/baskets/ohlcv/CIEN.parquet,2026-10-02,MISSING_DECISION_SESSION,,,,,,
2026-10-05,CL,FINAL_VINTAGE_ADJUSTED_DISCOVERY_ONLY,data/baskets/ohlcv/CL.parquet,2026-10-02,MISSING_DECISION_SESSION,,,,,,
2026-10-05,CNK,FINAL_VINTAGE_ADJUSTED_DISCOVERY_ONLY,data/baskets/ohlcv/CNK.parquet,2026-10-02,MISSING_DECISION_SESSION,,,,,,
2026-10-05,CR,FINAL_VINTAGE_ADJUSTED_DISCOVERY_ONLY,data/yahoo/CR.parquet,2026-10-02,MISSING_DECISION_SESSION,,,,,,
2026-10-05,CRS,FINAL_VINTAGE_ADJUSTED_DISCOVERY_ONLY,data/yahoo/CRS.parquet,2026-10-02,MISSING_DECISION_SESSION,,,,,,
2026-10-05,CW,FINAL_VINTAGE_ADJUSTED_DISCOVERY_ONLY,data/baskets/ohlcv/CW.parquet,2026-10-02,MISSING_DECISION_SESSION,,,,,,
2026-10-05,DAR,FINAL_VINTAGE_ADJUSTED_DISCOVERY_ONLY,data/yahoo/DAR.parquet,2026-10-02,MISSING_DECISION_SESSION,,,,,,
2026-10-05,DAVE,FINAL_VINTAGE_ADJUSTED_DISCOVERY_ONLY,data/baskets/ohlcv/DAVE.parquet,2026-10-02,MISSING_DECISION_SESSION,,,,,,
2026-10-05,EAT,FINAL_VINTAGE_ADJUSTED_DISCOVERY_ONLY,data/baskets/ohlcv/EAT.parquet,2026-10-02,MISSING_DECISION_SESSION,,,,,,
2026-10-05,ETSY,FINAL_VINTAGE_ADJUSTED_DISCOVERY_ONLY,data/yahoo/ETSY.parquet,2026-10-02,MISSING_DECISION_SESSION,,,,,,
2026-10-05,EWBC,FINAL_VINTAGE_ADJUSTED_DISCOVERY_ONLY,data/baskets/ohlcv/EWBC.parquet,2026-10-02,MISSING_DECISION_SESSION,,,,,,
2026-10-05,FIVE,FINAL_VINTAGE_ADJUSTED_DISCOVERY_ONLY,data/baskets/ohlcv/FIVE.parquet,2026-10-02,MISSING_DECISION_SESSION,,,,,,
2026-10-05,FTDR,FINAL_VINTAGE_ADJUSTED_DISCOVERY_ONLY,data/baskets/ohlcv/FTDR.parquet,2026-10-02,MISSING_DECISION_SESSION,,,,,,
2026-10-05,FTI,FINAL_VINTAGE_ADJUSTED_DISCOVERY_ONLY,data/yahoo/FTI.parquet,2026-10-02,MISSING_DECISION_SESSION,,,,,,
2026-10-05,GWW,FINAL_VINTAGE_ADJUSTED_DISCOVERY_ONLY,data/baskets/ohlcv/GWW.parquet,2026-10-02,MISSING_DECISION_SESSION,,,,,,
2026-10-05,HON,FINAL_VINTAGE_ADJUSTED_DISCOVERY_ONLY,data/baskets/ohlcv/HON.parquet,2026-10-02,MISSING_DECISION_SESSION,,,,,,
2026-10-05,HSBC,FINAL_VINTAGE_ADJUSTED_DISCOVERY_ONLY,data/yahoo/HSBC.parquet,2026-10-02,MISSING_DECISION_SESSION,,,,,,
2026-10-05,IEX,FINAL_VINTAGE_ADJUSTED_DISCOVERY_ONLY,data/baskets/ohlcv/IEX.parquet,2026-10-02,MISSING_DECISION_SESSION,,,,,,
2026-10-05,JBHT,FINAL_VINTAGE_ADJUSTED_DISCOVERY_ONLY,data/baskets/ohlcv/JBHT.parquet,2026-10-02,MISSING_DECISION_SESSION,,,,,,
2026-10-05,MEDP,FINAL_VINTAGE_ADJUSTED_DISCOVERY_ONLY,data/yahoo/MEDP.parquet,2026-10-02,MISSING_DECISION_SESSION,,,,,,
2026-10-05,MRCY,FINAL_VINTAGE_ADJUSTED_DISCOVERY_ONLY,data/baskets/ohlcv/MRCY.parquet,2026-10-02,MISSING_DECISION_SESSION,,,,,,
2026-10-05,MSM,FINAL_VINTAGE_ADJUSTED_DISCOVERY_ONLY,data/baskets/ohlcv/MSM.parquet,2026-10-02,MISSING_DECISION_SESSION,,,,,,
2026-10-05,MTZ,FINAL_VINTAGE_ADJUSTED_DISCOVERY_ONLY,data/yahoo/MTZ.parquet,2026-10-02,MISSING_DECISION_SESSION,,,,,,
2026-10-05,NHC,FINAL_VINTAGE_ADJUSTED_DISCOVERY_ONLY,data/baskets/ohlcv/NHC.parquet,2026-10-02,MISSING_DECISION_SESSION,,,,,,
2026-10-05,NPO,FINAL_VINTAGE_ADJUSTED_DISCOVERY_ONLY,data/baskets/ohlcv/NPO.parquet,2026-10-02,MISSING_DECISION_SESSION,,,,,,
2026-10-05,PJT,FINAL_VINTAGE_ADJUSTED_DISCOVERY_ONLY,data/baskets/ohlcv/PJT.parquet,2026-10-02,MISSING_DECISION_SESSION,,,,,,
2026-10-05,RELY,FINAL_VINTAGE_ADJUSTED_DISCOVERY_ONLY,data/baskets/ohlcv/RELY.parquet,2026-10-02,MISSING_DECISION_SESSION,,,,,,
2026-10-05,RIO,FINAL_VINTAGE_ADJUSTED_DISCOVERY_ONLY,data/yahoo/RIO.parquet,2026-10-02,MISSING_DECISION_SESSION,,,,,,
2026-10-05,ROST,FINAL_VINTAGE_ADJUSTED_DISCOVERY_ONLY,data/baskets/ohlcv/ROST.parquet,2026-10-02,MISSING_DECISION_SESSION,,,,,,
2026-10-05,SNDK,FINAL_VINTAGE_ADJUSTED_DISCOVERY_ONLY,data/baskets/ohlcv/SNDK.parquet,2026-10-02,MISSING_DECISION_SESSION,,,,,,
2026-10-05,SONO,FINAL_VINTAGE_ADJUSTED_DISCOVERY_ONLY,data/baskets/ohlcv/SONO.parquet,2026-10-02,MISSING_DECISION_SESSION,,,,,,
2026-10-05,SXI,FINAL_VINTAGE_ADJUSTED_DISCOVERY_ONLY,data/baskets/ohlcv/SXI.parquet,2026-10-02,MISSING_DECISION_SESSION,,,,,,
2026-10-05,TALO,FINAL_VINTAGE_ADJUSTED_DISCOVERY_ONLY,data/baskets/ohlcv/TALO.parquet,2026-10-02,MISSING_DECISION_SESSION,,,,,,
2026-10-05,TPR,FINAL_VINTAGE_ADJUSTED_DISCOVERY_ONLY,data/baskets/ohlcv/TPR.parquet,2026-10-02,MISSING_DECISION_SESSION,,,,,,
2026-10-05,TRGP,FINAL_VINTAGE_ADJUSTED_DISCOVERY_ONLY,data/baskets/ohlcv/TRGP.parquet,2026-10-02,MISSING_DECISION_SESSION,,,,,,
2026-10-05,TTC,FINAL_VINTAGE_ADJUSTED_DISCOVERY_ONLY,data/yahoo/TTC.parquet,2026-10-02,MISSING_DECISION_SESSION,,,,,,
2026-10-05,TXRH,FINAL_VINTAGE_ADJUSTED_DISCOVERY_ONLY,data/yahoo/TXRH.parquet,2026-10-02,MISSING_DECISION_SESSION,,,,,,
2026-10-05,UNF,FINAL_VINTAGE_ADJUSTED_DISCOVERY_ONLY,data/baskets/ohlcv/UNF.parquet,2026-10-02,MISSING_DECISION_SESSION,,,,,,
2026-10-05,WDC,FINAL_VINTAGE_ADJUSTED_DISCOVERY_ONLY,data/baskets/ohlcv/WDC.parquet,2026-10-02,MISSING_DECISION_SESSION,,,,,,
2026-10-05,WRLD,FINAL_VINTAGE_ADJUSTED_DISCOVERY_ONLY,data/baskets/ohlcv/WRLD.parquet,2026-10-02,MISSING_DECISION_SESSION,,,,,,
2026-10-05,XPO,FINAL_VINTAGE_ADJUSTED_DISCOVERY_ONLY,data/yahoo/XPO.parquet,2026-10-02,MISSING_DECISION_SESSION,,,,,,
2026-10-05,YETI,FINAL_VINTAGE_ADJUSTED_DISCOVERY_ONLY,data/yahoo/YETI.parquet,2026-10-02,MISSING_DECISION_SESSION,,,,,,
2026-10-05,ZWS,FINAL_VINTAGE_ADJUSTED_DISCOVERY_ONLY,data/baskets/ohlcv/ZWS.parquet,2026-10-02,MISSING_DECISION_SESSION,,,,,,
